date,latitude,longitude,time,xco2,xco2_quality_flag
2020-01-16,11.358753,108.852135,2020-01-16 06:13:52.254991104,414.46655,0.0
2020-01-16,11.350422,108.857445,2020-01-16 06:13:52.282027776,414.74823,0.0
2020-01-16,11.357272,108.868965,2020-01-16 06:13:53.055992320,413.9112,0.0
2020-01-16,11.427599,108.833374,2020-01-16 06:13:53.227989248,412.11145,0.0
2020-01-16,11.369042,108.86953,2020-01-16 06:13:53.415998464,411.57947,0.0
2020-01-16,11.439636,108.834435,2020-01-16 06:13:53.587995136,411.38782,0.0
2020-01-16,11.431318,108.83977,2020-01-16 06:13:53.614991616,411.26978,0.0
2020-01-16,11.414626,108.85019,2020-01-16 06:13:53.669024768,412.58292,0.0
2020-01-16,11.389328,108.865234,2020-01-16 06:13:53.749008128,412.25403,0.0
2020-01-16,11.443232,108.84073,2020-01-16 06:13:53.974997760,411.56644,0.0
2020-01-16,11.434907,108.84589,2020-01-16 06:13:54.001994240,411.54797,0.0
2020-01-16,11.426518,108.850975,2020-01-16 06:13:54.028990464,411.3686,0.0
2020-01-16,11.488407,108.82039,2020-01-16 06:13:54.228024064,410.3876,0.0
2020-01-16,11.480158,108.82576,2020-01-16 06:13:54.255020288,410.80826,0.0
2020-01-16,11.455109,108.84148,2020-01-16 06:13:54.336009472,411.75436,0.0
2020-01-16,11.446706,108.84656,2020-01-16 06:13:54.363006208,411.5543,0.0
2020-01-16,11.483526,108.83178,2020-01-16 06:13:54.642022912,410.83652,0.0
2020-01-16,11.458345,108.84701,2020-01-16 06:13:54.723012096,410.77664,0.0
2020-01-16,11.449858,108.85194,2020-01-16 06:13:54.749002752,411.42792,0.0
2020-01-16,11.495269,108.832375,2020-01-16 06:13:55.001988608,411.0386,0.0
2020-01-16,11.486869,108.837456,2020-01-16 06:13:55.029025280,411.4687,0.0
2020-01-16,11.478429,108.84247,2020-01-16 06:13:55.056021760,411.3731,0.0
2020-01-16,11.469942,108.8474,2020-01-16 06:13:55.083018240,410.24347,0.0
2020-01-16,11.506939,108.8329,2020-01-16 06:13:55.363000576,412.28876,0.0
2020-01-16,11.498498,108.83791,2020-01-16 06:13:55.388991232,410.45453,0.0
2020-01-16,11.490012,108.84284,2020-01-16 06:13:55.415987712,410.76712,0.0
2020-01-16,11.530131,108.83374,2020-01-16 06:13:56.083012864,411.98346,0.0
2020-01-16,12.478208,108.62713,2020-01-16 06:14:11.748990976,413.5761,0.0
2020-01-16,12.788873,108.53792,2020-01-16 06:14:15.921006080,411.85043,0.0
2020-01-16,12.8161335,108.54652,2020-01-16 06:14:17.028986368,410.82788,0.0
2020-01-16,12.8362665,108.54212,2020-01-16 06:14:17.363002112,411.77408,0.0
2020-01-16,12.819569,108.55253,2020-01-16 06:14:17.415988992,410.3583,0.0
2020-01-16,13.05813,108.47483,2020-01-16 06:14:20.228003584,413.29416,0.0
2020-01-16,13.062,108.48177,2020-01-16 06:14:20.615005952,412.75897,0.0
2020-01-16,13.073879,108.48303,2020-01-16 06:14:20.975012352,413.1381,0.0
2020-01-16,13.219051,108.43968,2020-01-16 06:14:22.895017984,410.53787,0.0
2020-01-16,13.239186,108.435295,2020-01-16 06:14:23.228027648,413.0371,0.0
2020-01-16,13.231089,108.440956,2020-01-16 06:14:23.255023872,414.7054,0.0
2020-01-16,13.259387,108.43082,2020-01-16 06:14:23.562002688,412.6605,0.0
2020-01-16,13.298702,108.440704,2020-01-16 06:14:25.029023744,412.2099,0.0
2020-01-16,13.723257,108.328224,2020-01-16 06:14:31.228024576,413.01346,0.0
2020-01-16,13.74357,108.32368,2020-01-16 06:14:31.561999616,413.74997,0.0
2020-01-16,13.727442,108.3351,2020-01-16 06:14:31.614986752,411.71344,0.0
2020-01-16,13.719269,108.34074,2020-01-16 06:14:31.642023424,410.59717,0.0
2020-01-16,13.7638855,108.31912,2020-01-16 06:14:31.895009280,411.75256,0.0
2020-01-16,13.755891,108.32485,2020-01-16 06:14:31.920999936,413.10083,0.0
2020-01-16,13.747769,108.33055,2020-01-16 06:14:31.947996416,413.4158,0.0
2020-01-16,13.739597,108.33619,2020-01-16 06:14:31.974992640,412.02164,0.0
2020-01-16,13.731462,108.341705,2020-01-16 06:14:32.001989120,411.08273,0.0
2020-01-16,13.78421,108.31456,2020-01-16 06:14:32.228018944,411.4499,0.0
2020-01-16,13.77621,108.32028,2020-01-16 06:14:32.255015424,411.28357,0.0
2020-01-16,13.768087,108.32599,2020-01-16 06:14:32.282011648,411.8506,0.0
2020-01-16,13.759913,108.33162,2020-01-16 06:14:32.309008128,412.80865,0.0
2020-01-16,13.751777,108.337135,2020-01-16 06:14:32.336004608,413.51926,0.0
2020-01-16,13.743573,108.34259,2020-01-16 06:14:32.363001088,412.9938,0.0
2020-01-16,13.735326,108.34797,2020-01-16 06:14:32.388991744,412.76627,0.0
2020-01-16,13.804497,108.30994,2020-01-16 06:14:32.561993984,410.9281,0.0
2020-01-16,13.796485,108.315674,2020-01-16 06:14:32.588025088,410.56738,0.0
2020-01-16,13.788375,108.32137,2020-01-16 06:14:32.615021568,410.89862,0.0
2020-01-16,13.780203,108.32701,2020-01-16 06:14:32.642017792,411.04153,0.0
2020-01-16,13.772067,108.33253,2020-01-16 06:14:32.669014528,412.0714,0.0
2020-01-16,13.763865,108.33799,2020-01-16 06:14:32.696010752,412.84677,0.0
2020-01-16,13.75562,108.34337,2020-01-16 06:14:32.723007232,412.9741,0.0
2020-01-16,13.747326,108.34867,2020-01-16 06:14:32.748997632,414.0875,0.0
2020-01-16,13.824772,108.30533,2020-01-16 06:14:32.895003904,411.1952,0.0
2020-01-16,13.816768,108.311066,2020-01-16 06:14:32.920994560,412.15884,0.0
2020-01-16,13.808662,108.316765,2020-01-16 06:14:32.947990784,412.8943,0.0
2020-01-16,13.800492,108.3224,2020-01-16 06:14:32.974987264,411.2934,0.0
2020-01-16,13.792358,108.32793,2020-01-16 06:14:33.002023936,410.995,0.0
2020-01-16,13.784158,108.33339,2020-01-16 06:14:33.029020416,411.5193,0.0
2020-01-16,13.775914,108.33877,2020-01-16 06:14:33.056016896,411.65808,0.0
2020-01-16,13.767621,108.34408,2020-01-16 06:14:33.083013376,412.95197,0.0
2020-01-16,13.845042,108.300705,2020-01-16 06:14:33.228013568,412.94827,0.0
2020-01-16,13.83701,108.30644,2020-01-16 06:14:33.255009792,412.04684,0.0
2020-01-16,13.828913,108.312126,2020-01-16 06:14:33.282006272,411.98984,0.0
2020-01-16,13.820731,108.317764,2020-01-16 06:14:33.309002752,411.16168,0.0
2020-01-16,13.812585,108.32328,2020-01-16 06:14:33.335999232,411.45438,0.0
2020-01-16,13.804373,108.328735,2020-01-16 06:14:33.362995712,410.88138,0.0
2020-01-16,13.796118,108.334114,2020-01-16 06:14:33.389026560,411.45776,0.0
2020-01-16,13.787813,108.33942,2020-01-16 06:14:33.416023040,411.4871,0.0
2020-01-16,13.865161,108.29598,2020-01-16 06:14:33.561988864,411.71445,0.0
2020-01-16,13.857128,108.30172,2020-01-16 06:14:33.588019712,413.08096,0.0
2020-01-16,13.849036,108.30741,2020-01-16 06:14:33.615015936,413.1577,0.0
2020-01-16,13.832712,108.318565,2020-01-16 06:14:33.669008896,413.42447,0.0
2020-01-16,13.824502,108.32403,2020-01-16 06:14:33.696005376,412.3285,0.0
2020-01-16,13.816248,108.32941,2020-01-16 06:14:33.723001600,411.72162,0.0
2020-01-16,13.807945,108.33472,2020-01-16 06:14:33.748992512,410.68005,0.0
2020-01-16,13.885282,108.29126,2020-01-16 06:14:33.894998528,411.45673,0.0
2020-01-16,13.877257,108.297,2020-01-16 06:14:33.920988928,412.24124,0.0
2020-01-16,13.869161,108.3027,2020-01-16 06:14:33.948025600,412.22565,0.0
2020-01-16,13.828077,108.33001,2020-01-16 06:14:34.083007744,411.9341,0.0
2020-01-16,13.905396,108.28654,2020-01-16 06:14:34.228007936,409.6681,0.0
2020-01-16,13.897352,108.2923,2020-01-16 06:14:34.255004416,411.58627,0.0
2020-01-16,13.889267,108.298,2020-01-16 06:14:34.282000896,412.24854,0.0
2020-01-16,13.881084,108.30365,2020-01-16 06:14:34.308997376,413.85318,0.0
2020-01-16,13.872937,108.30918,2020-01-16 06:14:34.335993856,412.4592,0.0
2020-01-16,13.864723,108.31466,2020-01-16 06:14:34.362990336,412.76172,0.0
2020-01-16,13.917403,108.28767,2020-01-16 06:14:34.588014080,409.62112,0.0
2020-01-16,13.909316,108.29337,2020-01-16 06:14:34.615010816,411.2474,0.0
2020-01-16,13.9011345,108.29903,2020-01-16 06:14:34.642007040,411.01337,0.0
2020-01-16,13.892988,108.304565,2020-01-16 06:14:34.669003520,412.09167,0.0
2020-01-16,13.884777,108.31004,2020-01-16 06:14:34.695999744,413.99545,0.0
2020-01-16,13.876522,108.31544,2020-01-16 06:14:34.722996224,415.14526,0.0
2020-01-16,13.868217,108.32076,2020-01-16 06:14:34.749027328,413.8867,0.0
2020-01-16,13.945489,108.277275,2020-01-16 06:14:34.894993152,411.24265,0.0
2020-01-16,13.937444,108.28304,2020-01-16 06:14:34.921023744,411.9678,0.0
2020-01-16,13.929364,108.28875,2020-01-16 06:14:34.948020224,410.7379,0.0
2020-01-16,13.921185,108.29441,2020-01-16 06:14:34.975016704,411.4822,0.0
2020-01-16,13.91304,108.29995,2020-01-16 06:14:35.002013184,412.3677,0.0
2020-01-16,13.965544,108.27265,2020-01-16 06:14:35.228002560,409.3808,0.0
2020-01-16,13.957522,108.27843,2020-01-16 06:14:35.254999040,409.5642,0.0
2020-01-16,13.94943,108.28415,2020-01-16 06:14:35.281995520,410.77927,0.0
2020-01-16,13.941257,108.289825,2020-01-16 06:14:35.308992000,411.49646,0.0
2020-01-16,13.933122,108.29538,2020-01-16 06:14:35.335988480,411.33286,0.0
2020-01-16,13.924919,108.30087,2020-01-16 06:14:35.363025152,413.11633,0.0
2020-01-16,13.916673,108.30628,2020-01-16 06:14:35.389015552,413.73737,0.0
2020-01-16,13.985664,108.26814,2020-01-16 06:14:35.562018048,410.37225,0.0
2020-01-16,13.977647,108.27392,2020-01-16 06:14:35.588008960,408.8294,0.0
2020-01-16,13.969553,108.27965,2020-01-16 06:14:35.615005184,408.27728,0.0
2020-01-16,13.961383,108.285324,2020-01-16 06:14:35.642001664,409.7403,0.0
2020-01-16,13.953247,108.29088,2020-01-16 06:14:35.668997888,410.06754,0.0
2020-01-16,13.945046,108.29638,2020-01-16 06:14:35.695994368,410.09045,0.0
2020-01-16,14.00578,108.26364,2020-01-16 06:14:35.894987520,410.18655,0.0
2020-01-16,13.9977665,108.26942,2020-01-16 06:14:35.921018368,409.99063,0.0
2020-01-16,13.989676,108.27515,2020-01-16 06:14:35.948014848,410.33612,0.0
2020-01-16,13.981507,108.28082,2020-01-16 06:14:35.975011328,409.5693,0.0
2020-01-16,13.973373,108.286385,2020-01-16 06:14:36.002007808,410.45673,0.0
2020-01-16,13.965174,108.291885,2020-01-16 06:14:36.029004032,410.39514,0.0
2020-01-16,13.956931,108.2973,2020-01-16 06:14:36.056000768,411.59787,0.0
2020-01-16,13.948639,108.30265,2020-01-16 06:14:36.082996992,412.94403,0.0
2020-01-16,14.025895,108.25913,2020-01-16 06:14:36.227997184,409.4378,0.0
2020-01-16,14.0178795,108.26491,2020-01-16 06:14:36.254993664,410.521,0.0
2020-01-16,14.009787,108.270645,2020-01-16 06:14:36.281990144,409.89816,0.0
2020-01-16,14.001615,108.27632,2020-01-16 06:14:36.308986624,410.30054,0.0
2020-01-16,13.993478,108.28188,2020-01-16 06:14:36.336023296,410.7424,0.0
2020-01-16,13.985275,108.287384,2020-01-16 06:14:36.363019776,410.17096,0.0
2020-01-16,13.977029,108.29281,2020-01-16 06:14:36.389010176,409.99295,0.0
2020-01-16,13.968734,108.29816,2020-01-16 06:14:36.416006656,410.8536,0.0
2020-01-16,14.045957,108.25461,2020-01-16 06:14:36.562012672,410.63293,0.0
2020-01-16,14.037927,108.2604,2020-01-16 06:14:36.588003328,411.10684,0.0
2020-01-16,14.029853,108.26613,2020-01-16 06:14:36.614999808,410.8064,0.0
2020-01-16,14.021682,108.27181,2020-01-16 06:14:36.641996032,410.10794,0.0
2020-01-16,14.013547,108.27738,2020-01-16 06:14:36.668992512,410.25842,0.0
2020-01-16,14.005346,108.28288,2020-01-16 06:14:36.695989248,410.90982,0.0
2020-01-16,13.997102,108.28831,2020-01-16 06:14:36.723025920,410.12045,0.0
2020-01-16,13.988827,108.29364,2020-01-16 06:14:36.749016320,410.10178,0.0
2020-01-16,14.0660095,108.2501,2020-01-16 06:14:36.895022336,411.94003,0.0
2020-01-16,14.057986,108.25588,2020-01-16 06:14:36.921012992,413.24323,0.0
2020-01-16,14.049919,108.26162,2020-01-16 06:14:36.948009472,411.10648,0.0
2020-01-16,14.04175,108.2673,2020-01-16 06:14:36.975005952,410.28424,0.0
2020-01-16,14.033617,108.27287,2020-01-16 06:14:37.002002176,410.39206,0.0
2020-01-16,14.025417,108.27838,2020-01-16 06:14:37.028998912,410.14908,0.0
2020-01-16,14.017175,108.283806,2020-01-16 06:14:37.055995136,410.72083,0.0
2020-01-16,14.008903,108.28914,2020-01-16 06:14:37.082991616,410.50085,0.0
2020-01-16,14.086081,108.245575,2020-01-16 06:14:37.227991808,410.10776,0.0
2020-01-16,14.078041,108.251366,2020-01-16 06:14:37.254988288,410.56625,0.0
2020-01-16,14.069982,108.257095,2020-01-16 06:14:37.282024960,412.33035,0.0
2020-01-16,14.045481,108.273865,2020-01-16 06:14:37.363014144,410.45847,0.0
2020-01-16,14.037237,108.2793,2020-01-16 06:14:37.389004800,410.02744,0.0
2020-01-16,14.106117,108.241035,2020-01-16 06:14:37.562007552,410.79987,0.0
2020-01-16,14.09809,108.246826,2020-01-16 06:14:37.587997952,411.01978,0.0
2020-01-16,14.057292,108.27477,2020-01-16 06:14:37.723020288,410.8843,0.0
2020-01-16,14.049023,108.280106,2020-01-16 06:14:37.749010944,410.20554,0.0
2020-01-16,14.11814,108.24229,2020-01-16 06:14:37.921007616,410.99466,0.0
2020-01-16,14.11008,108.248024,2020-01-16 06:14:37.948004096,411.13687,0.0
2020-01-16,14.101913,108.253716,2020-01-16 06:14:37.975000320,412.40875,0.0
2020-01-16,14.0855875,108.26481,2020-01-16 06:14:38.028993280,411.66083,0.0
2020-01-16,14.077348,108.27025,2020-01-16 06:14:38.055989760,411.38977,0.0
2020-01-16,14.121961,108.24919,2020-01-16 06:14:38.309016064,410.79907,0.0
2020-01-16,14.1138315,108.254776,2020-01-16 06:14:38.336012288,411.91608,0.0
2020-01-16,14.105636,108.26029,2020-01-16 06:14:38.363008768,411.9962,0.0
2020-01-16,14.117441,108.26124,2020-01-16 06:14:38.723014912,411.1628,0.0
2020-01-16,14.24642,108.2095,2020-01-16 06:14:39.895006208,410.42816,0.0
2020-01-16,14.238405,108.215324,2020-01-16 06:14:39.920996608,410.09192,0.0
2020-01-16,14.258475,108.21086,2020-01-16 06:14:40.255012352,411.68152,0.0
2020-01-16,14.250433,108.21662,2020-01-16 06:14:40.282008576,412.21454,0.0
2020-01-16,14.242284,108.22234,2020-01-16 06:14:40.309005056,412.78424,0.0
2020-01-16,14.286584,108.20052,2020-01-16 06:14:40.561990912,412.81882,0.0
2020-01-16,14.278591,108.206345,2020-01-16 06:14:40.588021760,412.99258,0.0
2020-01-16,14.270556,108.212105,2020-01-16 06:14:40.615018240,411.80978,0.0
2020-01-16,14.262409,108.21783,2020-01-16 06:14:40.642014720,411.89972,0.0
2020-01-16,14.254298,108.22343,2020-01-16 06:14:40.669011200,412.6758,0.0
2020-01-16,14.2461195,108.22897,2020-01-16 06:14:40.696007680,412.08224,0.0
2020-01-16,14.237898,108.234436,2020-01-16 06:14:40.723004160,412.5768,0.0
2020-01-16,14.306733,108.195984,2020-01-16 06:14:40.895000576,410.551,0.0
2020-01-16,14.298717,108.20181,2020-01-16 06:14:40.920991488,410.91705,0.0
2020-01-16,14.282535,108.21331,2020-01-16 06:14:40.975024384,411.45154,0.0
2020-01-16,14.274425,108.21891,2020-01-16 06:14:41.002020864,411.86578,0.0
2020-01-16,14.266249,108.22446,2020-01-16 06:14:41.029017088,411.3021,0.0
2020-01-16,14.258028,108.22993,2020-01-16 06:14:41.056013568,412.38297,0.0
2020-01-16,14.249786,108.23529,2020-01-16 06:14:41.083010304,412.15582,0.0
2020-01-16,14.318861,108.197296,2020-01-16 06:14:41.255006720,412.73828,0.0
2020-01-16,14.294566,108.214424,2020-01-16 06:14:41.335996160,410.89993,0.0
2020-01-16,14.286394,108.21998,2020-01-16 06:14:41.362992640,410.8257,0.0
2020-01-16,14.278179,108.22545,2020-01-16 06:14:41.389023232,411.13483,0.0
2020-01-16,14.269938,108.23083,2020-01-16 06:14:41.416019968,411.52344,0.0
2020-01-16,14.322834,108.20435,2020-01-16 06:14:41.642009344,412.2983,0.0
2020-01-16,14.314731,108.20997,2020-01-16 06:14:41.669005824,412.3204,0.0
2020-01-16,14.3065605,108.21552,2020-01-16 06:14:41.696002304,411.60275,0.0
2020-01-16,14.2983465,108.221,2020-01-16 06:14:41.722998528,411.46674,0.0
2020-01-16,14.290106,108.22638,2020-01-16 06:14:41.748989184,410.2846,0.0
2020-01-16,14.326726,108.211075,2020-01-16 06:14:42.029011712,411.27063,0.0
2020-01-16,14.318514,108.21655,2020-01-16 06:14:42.056008448,411.39764,0.0
2020-01-16,14.310271,108.22194,2020-01-16 06:14:42.083004672,411.30484,0.0
2020-01-16,14.338711,108.21205,2020-01-16 06:14:42.389018112,411.239,0.0
2020-01-16,14.330479,108.21743,2020-01-16 06:14:42.416014336,411.30045,0.0
2020-01-16,14.383391,108.19084,2020-01-16 06:14:42.642003968,409.73312,0.0
2020-01-16,14.350705,108.212875,2020-01-16 06:14:42.749024000,411.53622,0.0
2020-01-16,14.419813,108.174736,2020-01-16 06:14:42.921020672,412.27127,0.0
2020-01-16,14.403608,108.18628,2020-01-16 06:14:42.975013376,413.61496,0.0
2020-01-16,14.44802,108.164314,2020-01-16 06:14:43.227999488,410.8383,0.0
2020-01-16,14.440021,108.17017,2020-01-16 06:14:43.254995712,410.4922,0.0
2020-01-16,14.423814,108.18173,2020-01-16 06:14:43.308988928,410.79984,0.0
2020-01-16,14.468196,108.159775,2020-01-16 06:14:43.562014976,411.06223,0.0
2020-01-16,14.460197,108.165634,2020-01-16 06:14:43.588005632,410.12827,0.0
2020-01-16,14.4439945,108.17721,2020-01-16 06:14:43.641998592,410.2413,0.0
2020-01-16,14.435903,108.18284,2020-01-16 06:14:43.668994816,410.96677,0.0
2020-01-16,14.427744,108.18841,2020-01-16 06:14:43.695991296,409.97974,0.0
2020-01-16,14.464175,108.17268,2020-01-16 06:14:43.975008000,410.3149,0.0
2020-01-16,14.456085,108.178314,2020-01-16 06:14:44.002004736,410.64258,0.0
2020-01-16,14.447928,108.18389,2020-01-16 06:14:44.029000960,410.326,0.0
2020-01-16,14.431477,108.19481,2020-01-16 06:14:44.082993920,411.5104,0.0
2020-01-16,14.508493,108.15076,2020-01-16 06:14:44.227993856,411.0232,0.0
2020-01-16,14.476323,108.173904,2020-01-16 06:14:44.336019968,410.65912,0.0
2020-01-16,14.468179,108.17951,2020-01-16 06:14:44.363016704,410.18094,0.0
2020-01-16,14.451753,108.19048,2020-01-16 06:14:44.416003584,410.31702,0.0
2020-01-16,14.528805,108.146515,2020-01-16 06:14:44.562009600,412.4296,0.0
2020-01-16,14.52084,108.1524,2020-01-16 06:14:44.588000256,411.84396,0.0
2020-01-16,14.512834,108.158226,2020-01-16 06:14:44.614996736,411.83804,0.0
2020-01-16,14.488504,108.175285,2020-01-16 06:14:44.696026112,410.9265,0.0
2020-01-16,14.47208,108.18626,2020-01-16 06:14:44.749013248,410.397,0.0
2020-01-16,14.525044,108.15978,2020-01-16 06:14:44.975002880,413.76508,0.0
2020-01-16,14.508829,108.17106,2020-01-16 06:14:45.028995584,411.3656,0.0
2020-01-16,14.492409,108.18204,2020-01-16 06:14:45.082988544,410.36185,0.0
2020-01-16,14.569445,108.13802,2020-01-16 06:14:45.227988736,412.40933,0.0
2020-01-16,14.545342,108.155525,2020-01-16 06:14:45.309018112,410.50366,0.0
2020-01-16,14.537263,108.16119,2020-01-16 06:14:45.336014848,411.96814,0.0
2020-01-16,14.529118,108.166794,2020-01-16 06:14:45.363011072,412.4636,0.0
2020-01-16,14.512687,108.17777,2020-01-16 06:14:45.415997952,411.27747,0.0
2020-01-16,14.589666,108.133705,2020-01-16 06:14:45.562003968,411.5367,0.0
2020-01-16,14.58176,108.13957,2020-01-16 06:14:45.587994880,413.1775,0.0
2020-01-16,14.565586,108.151215,2020-01-16 06:14:45.641987584,410.60312,0.0
2020-01-16,14.5575075,108.15688,2020-01-16 06:14:45.669024256,410.34387,0.0
2020-01-16,14.549363,108.16249,2020-01-16 06:14:45.696020480,410.15494,0.0
2020-01-16,14.532936,108.17348,2020-01-16 06:14:45.749007616,409.9631,0.0
2020-01-16,14.609913,108.12939,2020-01-16 06:14:45.895013888,411.25836,0.0
2020-01-16,14.601942,108.13528,2020-01-16 06:14:45.921004288,411.89374,0.0
2020-01-16,14.577753,108.15257,2020-01-16 06:14:46.001993728,410.50983,0.0
2020-01-16,14.56961,108.15819,2020-01-16 06:14:46.028990208,411.50635,0.0
2020-01-16,14.553185,108.169174,2020-01-16 06:14:46.083023360,411.01987,0.0
2020-01-16,14.614161,108.13678,2020-01-16 06:14:46.282016256,411.58737,0.0
2020-01-16,14.606044,108.14256,2020-01-16 06:14:46.309012992,410.62088,0.0
2020-01-16,14.597961,108.14823,2020-01-16 06:14:46.336009216,410.7514,0.0
2020-01-16,14.589813,108.15383,2020-01-16 06:14:46.363005696,410.13074,0.0
2020-01-16,14.573378,108.16482,2020-01-16 06:14:46.415992832,410.8525,0.0
2020-01-16,14.626196,108.138145,2020-01-16 06:14:46.642022400,411.91025,0.0
2020-01-16,14.618115,108.143814,2020-01-16 06:14:46.669018624,411.90158,0.0
2020-01-16,14.609968,108.14942,2020-01-16 06:14:46.696015360,410.7556,0.0
2020-01-16,14.601777,108.15495,2020-01-16 06:14:46.723011840,410.853,0.0
2020-01-16,14.670508,108.11618,2020-01-16 06:14:46.895008256,411.33447,0.0
2020-01-16,14.646348,108.13373,2020-01-16 06:14:46.974991872,410.10004,0.0
2020-01-16,14.638268,108.139404,2020-01-16 06:14:47.001988352,409.97153,0.0
2020-01-16,14.630123,108.14502,2020-01-16 06:14:47.029025024,410.39877,0.0
2020-01-16,14.674618,108.12352,2020-01-16 06:14:47.282011136,412.697,0.0
2020-01-16,14.658433,108.13499,2020-01-16 06:14:47.336003840,412.41318,0.0
2020-01-16,14.650291,108.1406,2020-01-16 06:14:47.363000064,411.4338,0.0
2020-01-16,14.654075,108.14717,2020-01-16 06:14:47.748996864,412.08173,0.0
2020-01-16,14.852035,108.0759,2020-01-16 06:14:49.894992128,412.12683,0.0
2020-01-16,14.844083,108.08182,2020-01-16 06:14:49.921022976,411.54095,0.0
2020-01-16,14.836054,108.087685,2020-01-16 06:14:49.948019456,411.1367,0.0
2020-01-16,14.872253,108.07142,2020-01-16 06:14:50.228001792,412.81293,0.0
2020-01-16,14.8562565,108.08319,2020-01-16 06:14:50.281994496,412.22488,0.0
2020-01-16,14.848218,108.08898,2020-01-16 06:14:50.308990976,412.99384,0.0
2020-01-16,14.81561,108.11129,2020-01-16 06:14:50.416011264,411.74533,0.0
2020-01-16,14.892236,108.06683,2020-01-16 06:14:50.562017280,411.51694,0.0
2020-01-16,14.884275,108.07275,2020-01-16 06:14:50.588007936,411.65445,0.0
2020-01-16,14.876239,108.07861,2020-01-16 06:14:50.615004416,411.70853,0.0
2020-01-16,14.868202,108.084404,2020-01-16 06:14:50.642000640,411.7911,0.0
2020-01-16,14.8601265,108.0901,2020-01-16 06:14:50.668997376,412.04486,0.0
2020-01-16,14.843817,108.10126,2020-01-16 06:14:50.722990080,411.15598,0.0
2020-01-16,14.835606,108.10672,2020-01-16 06:14:50.749020928,411.9119,0.0
2020-01-16,14.912202,108.062256,2020-01-16 06:14:50.895026944,411.2364,0.0
2020-01-16,14.904253,108.06817,2020-01-16 06:14:50.921017600,412.11926,0.0
2020-01-16,14.896219,108.074036,2020-01-16 06:14:50.948014080,411.6083,0.0
2020-01-16,14.888186,108.079834,2020-01-16 06:14:50.975010304,411.6065,0.0
2020-01-16,14.871973,108.09117,2020-01-16 06:14:51.029003264,412.53616,0.0
2020-01-16,14.863806,108.096695,2020-01-16 06:14:51.055999744,411.27887,0.0
2020-01-16,14.932176,108.05767,2020-01-16 06:14:51.227996416,412.25146,0.0
2020-01-16,14.924245,108.063576,2020-01-16 06:14:51.254992640,412.69147,0.0
2020-01-16,14.916231,108.069435,2020-01-16 06:14:51.281989120,412.3952,0.0
2020-01-16,14.908216,108.07523,2020-01-16 06:14:51.308985600,411.28836,0.0
2020-01-16,14.900156,108.080925,2020-01-16 06:14:51.336022272,411.62863,0.0
2020-01-16,14.89203,108.086555,2020-01-16 06:14:51.363018752,412.67392,0.0
2020-01-16,14.883875,108.09208,2020-01-16 06:14:51.389009408,412.21472,0.0
2020-01-16,14.875676,108.09755,2020-01-16 06:14:51.416005888,411.75125,0.0
2020-01-16,14.9523,108.053,2020-01-16 06:14:51.562011648,411.166,0.0
2020-01-16,14.944365,108.05891,2020-01-16 06:14:51.588002560,411.48688,0.0
2020-01-16,14.936355,108.06477,2020-01-16 06:14:51.614998784,411.6611,0.0
2020-01-16,14.928348,108.070564,2020-01-16 06:14:51.641995520,411.59314,0.0
2020-01-16,14.920289,108.07626,2020-01-16 06:14:51.668991744,411.72083,0.0
2020-01-16,14.912164,108.0819,2020-01-16 06:14:51.695988224,411.14658,0.0
2020-01-16,14.904012,108.08742,2020-01-16 06:14:51.723024896,411.91605,0.0
2020-01-16,14.895812,108.092896,2020-01-16 06:14:51.749015296,412.093,0.0
2020-01-16,14.9724455,108.04832,2020-01-16 06:14:51.895021312,410.74103,0.0
2020-01-16,14.964494,108.05424,2020-01-16 06:14:51.921012224,411.49454,0.0
2020-01-16,14.956479,108.060104,2020-01-16 06:14:51.948008448,411.88013,0.0
2020-01-16,14.948479,108.0659,2020-01-16 06:14:51.975004928,411.20935,0.0
2020-01-16,14.940421,108.0716,2020-01-16 06:14:52.002001408,411.39484,0.0
2020-01-16,14.932298,108.07724,2020-01-16 06:14:52.028997888,411.86758,0.0
2020-01-16,14.924147,108.08276,2020-01-16 06:14:52.055994368,411.84015,0.0
2020-01-16,14.915952,108.08824,2020-01-16 06:14:52.082990592,411.4369,0.0
2020-01-16,14.992575,108.04365,2020-01-16 06:14:52.227990784,409.3454,0.0
2020-01-16,14.984616,108.04958,2020-01-16 06:14:52.255027456,410.81967,0.0
2020-01-16,14.976582,108.05547,2020-01-16 06:14:52.282023936,412.21472,0.0
2020-01-16,14.968565,108.06129,2020-01-16 06:14:52.309020416,411.47607,0.0
2020-01-16,14.960499,108.06701,2020-01-16 06:14:52.336016896,412.22342,0.0
2020-01-16,14.952365,108.07266,2020-01-16 06:14:52.363013376,411.39294,0.0
2020-01-16,14.944207,108.0782,2020-01-16 06:14:52.389004032,411.22687,0.0
2020-01-16,15.0046215,108.04508,2020-01-16 06:14:52.587996928,411.88596,0.0
2020-01-16,14.972357,108.068184,2020-01-16 06:14:52.696023040,413.50528,0.0
2020-01-16,14.9642,108.07372,2020-01-16 06:14:52.723019264,411.45792,0.0
2020-01-16,14.956002,108.079216,2020-01-16 06:14:52.749010176,412.04712,0.0
2020-01-16,15.008544,108.05231,2020-01-16 06:14:52.974999552,412.15027,0.0
2020-01-16,14.984194,108.069244,2020-01-16 06:14:53.055988736,411.82697,0.0
2020-01-16,14.975997,108.07474,2020-01-16 06:14:53.083025408,411.54092,0.0
2020-01-16,15.024243,108.06047,2020-01-16 06:14:53.723013888,410.61417,0.0
2020-01-16,15.245741,107.99273,2020-01-16 06:14:56.588015616,412.994,0.0
2020-01-16,15.237728,107.99869,2020-01-16 06:14:56.615011840,413.01105,0.0
2020-01-16,15.516014,107.92745,2020-01-16 06:15:00.895012864,414.3086,0.0
2020-01-16,15.508098,107.933464,2020-01-16 06:15:00.921003520,413.30795,0.0
2020-01-16,15.475961,107.95687,2020-01-16 06:15:01.028989440,412.26837,0.0
2020-01-16,15.704333,107.90164,2020-01-16 06:15:04.669001472,413.93588,0.0
2020-01-16,15.873706,107.86017,2020-01-16 06:15:07.309019648,412.80173,0.0
2020-01-16,15.877919,107.86732,2020-01-16 06:15:07.696022016,413.2153,0.0
2020-01-16,16.11865,107.79137,2020-01-16 06:15:10.894999040,410.36377,0.0
2020-01-16,16.130789,107.7929,2020-01-16 06:15:11.255004928,412.99152,0.0
2020-01-16,16.114832,107.80499,2020-01-16 06:15:11.308997888,411.9263,0.0
2020-01-16,16.13492,107.80048,2020-01-16 06:15:11.642007552,412.54572,0.0
2020-01-16,16.12695,107.80638,2020-01-16 06:15:11.669004032,413.62985,0.0
2020-01-16,16.14704,107.80187,2020-01-16 06:15:12.002013696,412.64288,0.0
2020-01-16,16.122787,107.81916,2020-01-16 06:15:12.083003136,412.04877,0.0
2020-01-16,16.142975,107.8147,2020-01-16 06:15:12.416012544,412.13092,0.0
2020-01-16,16.235788,107.77805,2020-01-16 06:15:13.308987136,414.71432,0.0
2020-01-16,16.219788,107.7898,2020-01-16 06:15:13.363020288,414.59607,0.0
2020-01-16,16.279634,107.75519,2020-01-16 06:15:13.562013184,412.3643,0.0
2020-01-16,16.271772,107.76132,2020-01-16 06:15:13.588003840,412.2175,0.0
2020-01-16,16.263828,107.76742,2020-01-16 06:15:13.615000320,412.8059,0.0
2020-01-16,16.25583,107.773445,2020-01-16 06:15:13.641996544,412.3714,0.0
2020-01-16,16.239834,107.78521,2020-01-16 06:15:13.695989504,411.16147,0.0
2020-01-16,16.231756,107.79098,2020-01-16 06:15:13.723026176,409.11667,0.0
2020-01-16,16.291813,107.756714,2020-01-16 06:15:13.921013248,413.15524,0.0
2020-01-16,16.283869,107.76281,2020-01-16 06:15:13.948009984,412.00815,0.0
2020-01-16,16.275875,107.768845,2020-01-16 06:15:13.975006464,412.6326,0.0
2020-01-16,16.267912,107.77476,2020-01-16 06:15:14.002002688,411.98834,0.0
2020-01-16,16.25988,107.78061,2020-01-16 06:15:14.028999424,410.7621,0.0
2020-01-16,16.251804,107.786385,2020-01-16 06:15:14.055995648,408.34973,0.0
2020-01-16,16.319729,107.74597,2020-01-16 06:15:14.227992320,412.2249,0.0
2020-01-16,16.311884,107.75214,2020-01-16 06:15:14.254988544,412.7367,0.0
2020-01-16,16.303957,107.758255,2020-01-16 06:15:14.282025216,412.26334,0.0
2020-01-16,16.29598,107.76431,2020-01-16 06:15:14.309021952,412.77365,0.0
2020-01-16,16.288036,107.77025,2020-01-16 06:15:14.336018432,413.1013,0.0
2020-01-16,16.280024,107.77613,2020-01-16 06:15:14.363014656,412.0513,0.0
2020-01-16,16.271965,107.78192,2020-01-16 06:15:14.389005312,413.03366,0.0
2020-01-16,16.263853,107.78764,2020-01-16 06:15:14.416001792,413.45203,0.0
2020-01-16,16.339972,107.74161,2020-01-16 06:15:14.562007808,413.47815,0.0
2020-01-16,16.332127,107.74777,2020-01-16 06:15:14.587998464,411.74036,0.0
2020-01-16,16.324202,107.7539,2020-01-16 06:15:14.614994688,412.4444,0.0
2020-01-16,16.316227,107.75996,2020-01-16 06:15:14.641991168,411.68076,0.0
2020-01-16,16.308283,107.7659,2020-01-16 06:15:14.668987648,412.34293,0.0
2020-01-16,16.300272,107.771774,2020-01-16 06:15:14.696024320,412.10596,0.0
2020-01-16,16.292215,107.77757,2020-01-16 06:15:14.723020800,411.62775,0.0
2020-01-16,16.284105,107.7833,2020-01-16 06:15:14.749011456,411.85074,0.0
2020-01-16,16.360212,107.73724,2020-01-16 06:15:14.895017472,412.66583,0.0
2020-01-16,16.35237,107.74341,2020-01-16 06:15:14.921008128,412.67178,0.0
2020-01-16,16.344446,107.749535,2020-01-16 06:15:14.948004608,410.7932,0.0
2020-01-16,16.336473,107.7556,2020-01-16 06:15:14.975000832,411.38013,0.0
2020-01-16,16.328531,107.76154,2020-01-16 06:15:15.001997568,411.2675,0.0
2020-01-16,16.32052,107.767426,2020-01-16 06:15:15.028993792,412.06058,0.0
2020-01-16,16.312464,107.773224,2020-01-16 06:15:15.055990272,411.86475,0.0
2020-01-16,16.304356,107.77895,2020-01-16 06:15:15.083026944,411.5937,0.0
2020-01-16,16.380447,107.732864,2020-01-16 06:15:15.227986688,411.1382,0.0
2020-01-16,16.372599,107.73902,2020-01-16 06:15:15.255023360,411.8386,0.0
2020-01-16,16.364668,107.74514,2020-01-16 06:15:15.282020096,411.2356,0.0
2020-01-16,16.356688,107.7512,2020-01-16 06:15:15.309016576,411.94226,0.0
2020-01-16,16.348738,107.757126,2020-01-16 06:15:15.336012800,411.21338,0.0
2020-01-16,16.340721,107.763,2020-01-16 06:15:15.363009280,410.5313,0.0
2020-01-16,16.332659,107.76879,2020-01-16 06:15:15.388999936,411.06482,0.0
2020-01-16,16.324545,107.77451,2020-01-16 06:15:15.415996416,411.6491,0.0
2020-01-16,16.39274,107.734505,2020-01-16 06:15:15.587992832,411.2063,0.0
2020-01-16,16.384811,107.74062,2020-01-16 06:15:15.614989312,410.42435,0.0
2020-01-16,16.376833,107.74668,2020-01-16 06:15:15.642025984,409.8029,0.0
2020-01-16,16.368885,107.75262,2020-01-16 06:15:15.669022464,411.48853,0.0
2020-01-16,16.36087,107.75849,2020-01-16 06:15:15.696018944,412.37735,0.0
2020-01-16,16.344696,107.77001,2020-01-16 06:15:15.749006080,410.4834,0.0
2020-01-16,16.404955,107.73611,2020-01-16 06:15:15.947998976,412.70505,0.0
2020-01-16,16.396978,107.74217,2020-01-16 06:15:15.974995712,412.3666,0.0
2020-01-16,16.389032,107.74811,2020-01-16 06:15:16.001991936,411.46872,0.0
2020-01-16,16.381018,107.75399,2020-01-16 06:15:16.028988416,412.09378,0.0
2020-01-16,16.364847,107.76551,2020-01-16 06:15:16.083021312,409.3533,0.0
2020-01-16,16.440874,107.71931,2020-01-16 06:15:16.228021504,412.3791,0.0
2020-01-16,16.433037,107.725494,2020-01-16 06:15:16.255018240,413.6822,0.0
2020-01-16,16.42512,107.73164,2020-01-16 06:15:16.282014720,413.25247,0.0
2020-01-16,16.41715,107.737724,2020-01-16 06:15:16.309010944,412.47275,0.0
2020-01-16,16.409214,107.743675,2020-01-16 06:15:16.336007424,411.67273,0.0
2020-01-16,16.385056,107.76114,2020-01-16 06:15:16.415990784,413.464,0.0
2020-01-16,16.461107,107.715,2020-01-16 06:15:16.561997056,413.30072,0.0
2020-01-16,16.45327,107.72118,2020-01-16 06:15:16.587987456,413.2513,0.0
2020-01-16,16.445354,107.72733,2020-01-16 06:15:16.615024128,413.52164,0.0
2020-01-16,16.437387,107.73341,2020-01-16 06:15:16.642020608,413.34213,0.0
2020-01-16,16.429451,107.73937,2020-01-16 06:15:16.669017088,413.19983,0.0
2020-01-16,16.421448,107.74528,2020-01-16 06:15:16.696013568,412.95715,0.0
2020-01-16,16.413399,107.7511,2020-01-16 06:15:16.723010048,411.63663,0.0
2020-01-16,16.405296,107.75684,2020-01-16 06:15:16.749000448,412.48322,0.0
2020-01-16,16.481339,107.71068,2020-01-16 06:15:16.895006720,411.3519,0.0
2020-01-16,16.473503,107.716866,2020-01-16 06:15:16.920997120,412.4219,0.0
2020-01-16,16.46559,107.723015,2020-01-16 06:15:16.947993856,413.29977,0.0
2020-01-16,16.457623,107.7291,2020-01-16 06:15:16.974990080,412.90686,0.0
2020-01-16,16.44969,107.73507,2020-01-16 06:15:17.002026752,413.489,0.0
2020-01-16,16.441687,107.740974,2020-01-16 06:15:17.029023232,413.15332,0.0
2020-01-16,16.43364,107.746796,2020-01-16 06:15:17.056019456,413.0938,0.0
2020-01-16,16.425539,107.75255,2020-01-16 06:15:17.083015936,412.98856,0.0
2020-01-16,16.445723,107.74811,2020-01-16 06:15:17.416025600,413.06927,0.0
2020-01-18,13.466467,109.28698,2020-01-18 06:02:54.282015744,410.89984,0.0
2020-01-18,13.464583,109.295166,2020-01-18 06:02:54.669018368,415.11057,0.0
2020-01-18,13.531559,109.26637,2020-01-18 06:02:55.255013888,409.3278,0.0
2020-01-18,13.586934,109.25246,2020-01-18 06:02:56.255008768,413.5347,0.0
2020-01-18,13.576757,109.258965,2020-01-18 06:02:56.282004992,413.12878,0.0
2020-01-18,13.56702,109.26568,2020-01-18 06:02:56.309001472,414.3218,0.0
2020-01-18,13.556253,109.271706,2020-01-18 06:02:56.335997696,413.23148,0.0
2020-01-18,13.564538,109.2734,2020-01-18 06:02:56.696003840,414.495,0.0
2020-01-18,13.562211,109.281044,2020-01-18 06:02:57.083006464,414.31122,0.0
2020-01-18,13.78056,109.198975,2020-01-18 06:02:59.562011136,412.32184,0.0
2020-01-18,13.798914,109.19425,2020-01-18 06:02:59.895021056,413.1919,0.0
2020-01-18,13.788864,109.20085,2020-01-18 06:02:59.921011712,413.15726,0.0
2020-01-18,13.768491,109.21391,2020-01-18 06:02:59.975004416,414.92285,0.0
2020-01-18,13.758182,109.22023,2020-01-18 06:03:00.002000896,413.65363,0.0
2020-01-18,13.817406,109.1896,2020-01-18 06:03:00.227990272,413.0764,0.0
2020-01-18,13.797182,109.20275,2020-01-18 06:03:00.282023424,412.70743,0.0
2020-01-18,13.786939,109.20924,2020-01-18 06:03:00.309020160,413.47086,0.0
2020-01-18,13.777367,109.21594,2020-01-18 06:03:00.336016384,413.9259,0.0
2020-01-18,13.766296,109.221855,2020-01-18 06:03:00.363012864,412.63727,0.0
2020-01-18,13.835924,109.18495,2020-01-18 06:03:00.562006016,413.2476,0.0
2020-01-18,13.825839,109.19154,2020-01-18 06:03:00.587996416,413.96692,0.0
2020-01-18,13.815666,109.1981,2020-01-18 06:03:00.614993152,412.82993,0.0
2020-01-18,13.805364,109.20457,2020-01-18 06:03:00.641989376,412.85367,0.0
2020-01-18,13.784756,109.2172,2020-01-18 06:03:00.696022528,414.13528,0.0
2020-01-18,13.7743025,109.22339,2020-01-18 06:03:00.723019008,412.90985,0.0
2020-01-18,13.792536,109.218636,2020-01-18 06:03:01.055988224,413.52182,0.0
2020-01-18,13.782041,109.22476,2020-01-18 06:03:01.083024896,412.20486,0.0
2020-01-18,13.862683,109.18218,2020-01-18 06:03:01.255021568,413.95258,0.0
2020-01-18,13.852264,109.188614,2020-01-18 06:03:01.282018304,413.44815,0.0
2020-01-18,13.880685,109.17728,2020-01-18 06:03:01.587991296,414.52597,0.0
2020-01-18,13.870517,109.183846,2020-01-18 06:03:01.614987520,413.68564,0.0
2020-01-18,13.860222,109.19033,2020-01-18 06:03:01.642024192,412.92212,0.0
2020-01-18,13.8786335,109.185616,2020-01-18 06:03:01.974993664,414.0018,0.0
2020-01-18,13.8683405,109.191956,2020-01-18 06:03:02.001990144,414.11066,0.0
2020-01-18,13.886752,109.18725,2020-01-18 06:03:02.336005632,414.0965,0.0
2020-01-18,13.876351,109.19353,2020-01-18 06:03:02.363002112,414.2579,0.0
2020-01-18,13.865889,109.19973,2020-01-18 06:03:02.388992512,414.6109,0.0
2020-01-18,13.884359,109.1951,2020-01-18 06:03:02.723008256,414.35712,0.0
2020-01-18,13.962877,109.160645,2020-01-18 06:03:03.282007296,413.94952,0.0
2020-01-18,13.952582,109.16715,2020-01-18 06:03:03.309003776,414.65137,0.0
2020-01-18,13.960938,109.16903,2020-01-18 06:03:03.669009664,413.57703,0.0
2020-01-18,13.969081,109.1707,2020-01-18 06:03:04.029016064,412.87524,0.0
2020-01-18,13.958612,109.17692,2020-01-18 06:03:04.056012288,413.45255,0.0
2020-01-18,13.977234,109.17233,2020-01-18 06:03:04.389021952,414.84763,0.0
2020-01-18,13.966609,109.17844,2020-01-18 06:03:04.416018432,413.4501,0.0
2020-01-18,14.116684,109.134224,2020-01-18 06:03:06.695990016,414.69293,0.0
2020-01-18,14.135121,109.12971,2020-01-18 06:03:07.028999680,414.03067,0.0
2020-01-18,14.124658,109.13598,2020-01-18 06:03:07.055995904,414.02383,0.0
2020-01-18,14.293097,109.08662,2020-01-18 06:03:09.669017600,415.03052,0.0
2020-01-18,14.301094,109.08835,2020-01-18 06:03:10.029023744,413.77646,0.0
2020-01-18,14.471034,109.0291,2020-01-18 06:03:12.255002368,412.60657,0.0
2020-01-18,14.460825,109.035774,2020-01-18 06:03:12.281998592,413.78693,0.0
2020-01-18,14.450538,109.04239,2020-01-18 06:03:12.308995328,413.09604,0.0
2020-01-18,14.479201,109.03098,2020-01-18 06:03:12.615008256,413.0839,0.0
2020-01-18,14.518083,109.01311,2020-01-18 06:03:12.894990592,411.06503,0.0
2020-01-18,14.497756,109.02654,2020-01-18 06:03:12.948018176,412.01923,0.0
2020-01-18,14.487466,109.03318,2020-01-18 06:03:12.975014400,412.48685,0.0
2020-01-18,14.526536,109.0154,2020-01-18 06:03:13.254996736,413.11694,0.0
2020-01-18,14.516381,109.02214,2020-01-18 06:03:13.281993472,413.75085,0.0
2020-01-18,14.506034,109.02875,2020-01-18 06:03:13.308989696,412.0066,0.0
2020-01-18,14.495772,109.03526,2020-01-18 06:03:13.336026368,412.41516,0.0
2020-01-18,14.534885,109.01767,2020-01-18 06:03:13.615002880,413.44397,0.0
2020-01-18,14.503899,109.037254,2020-01-18 06:03:13.695992320,413.1487,0.0
2020-01-18,14.52224,109.03269,2020-01-18 06:03:14.029001984,412.5744,0.0
2020-01-18,14.51179,109.039055,2020-01-18 06:03:14.055998208,413.07468,0.0
2020-01-18,14.501255,109.04534,2020-01-18 06:03:14.082994688,412.61935,0.0
2020-01-18,14.55099,109.02169,2020-01-18 06:03:14.336020992,414.0528,0.0
2020-01-18,14.540609,109.028145,2020-01-18 06:03:14.363017216,413.33398,0.0
2020-01-18,14.53013,109.0345,2020-01-18 06:03:14.389008128,412.58353,0.0
2020-01-18,14.519581,109.04078,2020-01-18 06:03:14.416004352,413.17126,0.0
2020-01-18,14.558953,109.02358,2020-01-18 06:03:14.696027136,413.10904,0.0
2020-01-18,14.548464,109.02994,2020-01-18 06:03:14.723023360,413.78128,0.0
2020-01-18,14.537977,109.036255,2020-01-18 06:03:14.749014016,412.5786,0.0
2020-01-18,14.566884,109.025406,2020-01-18 06:03:15.055992832,411.9108,0.0
2020-01-18,14.7491665,108.97792,2020-01-18 06:03:18.389026560,413.69397,0.0
2020-01-18,14.829157,108.93346,2020-01-18 06:03:18.561988864,412.7313,0.0
2020-01-18,14.767381,108.97318,2020-01-18 06:03:18.723001600,412.4346,0.0
2020-01-18,14.756802,108.9795,2020-01-18 06:03:18.748992512,413.2877,0.0
2020-01-18,14.847429,108.92878,2020-01-18 06:03:18.894998528,412.54782,0.0
2020-01-18,14.837329,108.93559,2020-01-18 06:03:18.920988928,413.51334,0.0
2020-01-18,14.806547,108.95564,2020-01-18 06:03:19.002018560,412.40094,0.0
2020-01-18,14.845434,108.93774,2020-01-18 06:03:19.282000896,412.61307,0.0
2020-01-18,14.835071,108.94441,2020-01-18 06:03:19.308997376,413.98355,0.0
2020-01-18,14.824821,108.951004,2020-01-18 06:03:19.335993856,412.7225,0.0
2020-01-18,14.803926,108.96391,2020-01-18 06:03:19.389021184,412.48904,0.0
2020-01-18,14.884009,108.91948,2020-01-18 06:03:19.562023680,412.28098,0.0
2020-01-18,14.873922,108.9263,2020-01-18 06:03:19.588014080,413.28577,0.0
2020-01-18,14.8636675,108.93306,2020-01-18 06:03:19.615010816,413.23193,0.0
2020-01-18,14.853406,108.93979,2020-01-18 06:03:19.642007040,412.43268,0.0
2020-01-18,14.8431015,108.94635,2020-01-18 06:03:19.669003520,412.88544,0.0
2020-01-18,14.832687,108.95285,2020-01-18 06:03:19.695999744,413.76752,0.0
2020-01-18,14.822224,108.959274,2020-01-18 06:03:19.722996224,412.30035,0.0
2020-01-18,14.811997,108.965775,2020-01-18 06:03:19.749027328,413.07874,0.0
2020-01-18,14.902312,108.91479,2020-01-18 06:03:19.894993152,413.45392,0.0
2020-01-18,14.892241,108.92162,2020-01-18 06:03:19.921023744,412.93347,0.0
2020-01-18,14.882015,108.9284,2020-01-18 06:03:19.948020224,413.02673,0.0
2020-01-18,14.871682,108.9351,2020-01-18 06:03:19.975016704,413.42468,0.0
2020-01-18,14.851034,108.9482,2020-01-18 06:03:20.029009664,413.62787,0.0
2020-01-18,14.840527,108.954605,2020-01-18 06:03:20.056005888,413.3314,0.0
2020-01-18,14.829978,108.96095,2020-01-18 06:03:20.083002624,412.28854,0.0
2020-01-18,14.920604,108.91009,2020-01-18 06:03:20.228002560,413.22968,0.0
2020-01-18,14.910518,108.91692,2020-01-18 06:03:20.254999040,413.89896,0.0
2020-01-18,14.900313,108.923706,2020-01-18 06:03:20.281995520,412.93463,0.0
2020-01-18,14.89003,108.930435,2020-01-18 06:03:20.308992000,412.63815,0.0
2020-01-18,14.869323,108.94352,2020-01-18 06:03:20.363025152,412.7698,0.0
2020-01-18,14.8588295,108.949936,2020-01-18 06:03:20.389015552,413.657,0.0
2020-01-18,14.9389305,108.9054,2020-01-18 06:03:20.562018048,413.02927,0.0
2020-01-18,14.928837,108.91224,2020-01-18 06:03:20.588008960,411.32718,0.0
2020-01-18,14.887638,108.93887,2020-01-18 06:03:20.695994368,413.35934,0.0
2020-01-18,14.877176,108.94532,2020-01-18 06:03:20.722991104,412.36057,0.0
2020-01-18,14.8666,108.95166,2020-01-18 06:03:20.749021696,412.07355,0.0
2020-01-18,14.957279,108.900795,2020-01-18 06:03:20.894987520,412.62283,0.0
2020-01-18,14.936987,108.914444,2020-01-18 06:03:20.948014848,412.7135,0.0
2020-01-18,14.926728,108.9212,2020-01-18 06:03:20.975011328,412.68726,0.0
2020-01-18,14.905997,108.9343,2020-01-18 06:03:21.029004032,412.4084,0.0
2020-01-18,14.895535,108.94075,2020-01-18 06:03:21.056000768,412.20212,0.0
2020-01-18,14.884988,108.94711,2020-01-18 06:03:21.082996992,412.72507,0.0
2020-01-18,14.975669,108.896225,2020-01-18 06:03:21.227997184,412.0819,0.0
2020-01-18,14.965571,108.90307,2020-01-18 06:03:21.254993664,412.82755,0.0
2020-01-18,14.9244,108.929756,2020-01-18 06:03:21.363019776,412.9595,0.0
2020-01-18,14.913895,108.93618,2020-01-18 06:03:21.389010176,412.98184,0.0
2020-01-18,14.90336,108.94256,2020-01-18 06:03:21.416006656,412.48532,0.0
2020-01-18,14.994001,108.89162,2020-01-18 06:03:21.562012672,412.24515,0.0
2020-01-18,14.983968,108.8985,2020-01-18 06:03:21.588003328,411.3198,0.0
2020-01-18,14.973791,108.90533,2020-01-18 06:03:21.614999808,412.70944,0.0
2020-01-18,14.953149,108.91864,2020-01-18 06:03:21.668992512,412.97906,0.0
2020-01-18,14.942725,108.92516,2020-01-18 06:03:21.695989248,412.40024,0.0
2020-01-18,14.932252,108.93162,2020-01-18 06:03:21.723025920,412.5197,0.0
2020-01-18,14.921679,108.93798,2020-01-18 06:03:21.749016320,412.614,0.0
2020-01-18,15.012396,108.88705,2020-01-18 06:03:21.895022336,412.81702,0.0
2020-01-18,14.991989,108.900665,2020-01-18 06:03:21.948009472,411.49008,0.0
2020-01-18,14.9816675,108.907394,2020-01-18 06:03:21.975005952,412.4733,0.0
2020-01-18,14.971367,108.913994,2020-01-18 06:03:22.002002176,412.875,0.0
2020-01-18,14.960958,108.92053,2020-01-18 06:03:22.028998912,412.72675,0.0
2020-01-18,14.950483,108.92699,2020-01-18 06:03:22.055995136,412.66278,0.0
2020-01-18,14.939909,108.93335,2020-01-18 06:03:22.082991616,412.59454,0.0
2020-01-18,15.030521,108.88234,2020-01-18 06:03:22.227991808,412.9956,0.0
2020-01-18,15.010364,108.89609,2020-01-18 06:03:22.282024960,410.44046,0.0
2020-01-18,14.989612,108.90937,2020-01-18 06:03:22.336017920,412.02896,0.0
2020-01-18,14.979215,108.91592,2020-01-18 06:03:22.363014144,412.8545,0.0
2020-01-18,14.968712,108.922356,2020-01-18 06:03:22.389004800,412.54416,0.0
2020-01-18,14.958123,108.92872,2020-01-18 06:03:22.416001280,412.4529,0.0
2020-01-18,15.048762,108.877686,2020-01-18 06:03:22.562007552,412.4945,0.0
2020-01-18,15.02845,108.89137,2020-01-18 06:03:22.614994176,413.31268,0.0
2020-01-18,15.0181875,108.89814,2020-01-18 06:03:22.641990656,411.4521,0.0
2020-01-18,14.997498,108.9113,2020-01-18 06:03:22.696024064,412.05823,0.0
2020-01-18,14.986991,108.91775,2020-01-18 06:03:22.723020288,412.37787,0.0
2020-01-18,14.97644,108.924126,2020-01-18 06:03:22.749010944,412.65686,0.0
2020-01-18,15.067088,108.873055,2020-01-18 06:03:22.895016960,412.86176,0.0
2020-01-18,15.05699,108.87992,2020-01-18 06:03:22.921007616,412.36734,0.0
2020-01-18,15.015873,108.90671,2020-01-18 06:03:23.028993280,412.81177,0.0
2020-01-18,15.005345,108.91315,2020-01-18 06:03:23.055989760,411.4922,0.0
2020-01-18,14.99478,108.919525,2020-01-18 06:03:23.083026432,411.48532,0.0
2020-01-18,15.085472,108.86845,2020-01-18 06:03:23.228026624,411.91537,0.0
2020-01-18,15.0754,108.87533,2020-01-18 06:03:23.255023104,412.21286,0.0
2020-01-18,15.065184,108.88216,2020-01-18 06:03:23.282019584,413.0223,0.0
2020-01-18,15.054885,108.888916,2020-01-18 06:03:23.309016064,413.01788,0.0
2020-01-18,15.0446005,108.89554,2020-01-18 06:03:23.336012288,413.50613,0.0
2020-01-18,15.034165,108.90208,2020-01-18 06:03:23.363008768,412.6029,0.0
2020-01-18,15.023726,108.90856,2020-01-18 06:03:23.388999424,412.31293,0.0
2020-01-18,15.013175,108.914955,2020-01-18 06:03:23.415995904,412.35202,0.0
2020-01-18,15.103842,108.86383,2020-01-18 06:03:23.562001920,412.56125,0.0
2020-01-18,15.093784,108.87073,2020-01-18 06:03:23.587992320,412.57553,0.0
2020-01-18,15.083564,108.87755,2020-01-18 06:03:23.614988800,412.17603,0.0
2020-01-18,15.073257,108.8843,2020-01-18 06:03:23.642025472,412.88016,0.0
2020-01-18,15.062964,108.890915,2020-01-18 06:03:23.669022208,412.88895,0.0
2020-01-18,15.052568,108.89746,2020-01-18 06:03:23.696018432,412.87396,0.0
2020-01-18,15.042344,108.90405,2020-01-18 06:03:23.723014912,411.91724,0.0
2020-01-18,15.031594,108.91034,2020-01-18 06:03:23.749005568,412.8713,0.0
2020-01-18,15.11229,108.866066,2020-01-18 06:03:23.921002240,412.81308,0.0
2020-01-18,15.102119,108.87291,2020-01-18 06:03:23.947998464,412.81204,0.0
2020-01-18,15.091799,108.879654,2020-01-18 06:03:23.974995200,412.9752,0.0
2020-01-18,15.081464,108.88625,2020-01-18 06:03:24.001991424,412.3736,0.0
2020-01-18,15.060605,108.89928,2020-01-18 06:03:24.056024576,412.76056,0.0
2020-01-18,15.050092,108.905685,2020-01-18 06:03:24.083020800,412.77908,0.0
2020-01-18,15.130787,108.86139,2020-01-18 06:03:24.255017728,412.72083,0.0
2020-01-18,15.120574,108.86822,2020-01-18 06:03:24.282014208,412.98227,0.0
2020-01-18,15.110321,108.875,2020-01-18 06:03:24.309010432,412.81747,0.0
2020-01-18,15.100041,108.88163,2020-01-18 06:03:24.336006912,412.44885,0.0
2020-01-18,15.089609,108.88817,2020-01-18 06:03:24.363003136,412.5174,0.0
2020-01-18,15.079154,108.89465,2020-01-18 06:03:24.388994048,412.5701,0.0
2020-01-18,15.068626,108.901054,2020-01-18 06:03:24.415990272,413.50336,0.0
2020-01-18,15.149297,108.85672,2020-01-18 06:03:24.587986944,412.43423,0.0
2020-01-18,15.128819,108.87033,2020-01-18 06:03:24.642020352,412.3505,0.0
2020-01-18,15.108105,108.88351,2020-01-18 06:03:24.696013056,412.53867,0.0
2020-01-18,15.097654,108.88999,2020-01-18 06:03:24.723009536,412.09982,0.0
2020-01-18,15.087063,108.89636,2020-01-18 06:03:24.749000192,411.9018,0.0
2020-01-18,15.157546,108.85883,2020-01-18 06:03:24.947993344,412.77356,0.0
2020-01-18,15.1472025,108.86558,2020-01-18 06:03:24.974989568,412.46762,0.0
2020-01-18,15.116063,108.88526,2020-01-18 06:03:25.056018944,412.2664,0.0
2020-01-18,15.105471,108.89164,2020-01-18 06:03:25.083015424,411.29434,0.0
2020-01-18,15.155406,108.867516,2020-01-18 06:03:25.336001280,412.56836,0.0
2020-01-18,15.123893,108.88692,2020-01-18 06:03:25.416025088,413.45856,0.0
2020-01-18,15.189923,108.86609,2020-01-18 06:03:26.389023232,414.35364,0.0
2020-01-18,15.288718,108.8163,2020-01-18 06:03:26.894995200,412.29825,0.0
2020-01-18,15.296964,108.81837,2020-01-18 06:03:27.255001344,413.0187,0.0
2020-01-18,15.286737,108.82522,2020-01-18 06:03:27.281997568,412.8485,0.0
2020-01-18,15.305167,108.820435,2020-01-18 06:03:27.615007488,412.1603,0.0
2020-01-18,15.294814,108.8272,2020-01-18 06:03:27.642003968,413.80975,0.0
2020-01-18,15.284529,108.83386,2020-01-18 06:03:27.669000448,413.27347,0.0
2020-01-18,15.274232,108.84051,2020-01-18 06:03:27.695996672,412.25302,0.0
2020-01-18,15.300732,108.83757,2020-01-18 06:03:28.389012480,412.69818,0.0
2020-01-18,15.38092,108.79243,2020-01-18 06:03:28.562014976,411.1345,0.0
2020-01-18,15.370829,108.79935,2020-01-18 06:03:28.588005632,413.0008,0.0
2020-01-18,15.378935,108.80141,2020-01-18 06:03:28.948011520,412.8419,0.0
2020-01-18,15.368648,108.80823,2020-01-18 06:03:28.975008000,411.48145,0.0
2020-01-18,15.376628,108.81008,2020-01-18 06:03:29.336019968,413.61282,0.0
2020-01-18,15.374133,108.81851,2020-01-18 06:03:29.723022336,413.61456,0.0
2020-01-18,15.381897,108.820335,2020-01-18 06:03:30.082988544,413.33206,0.0
2020-01-18,15.400282,108.81573,2020-01-18 06:03:30.415997952,412.22894,0.0
2020-01-30,9.386838,106.16315,2020-01-30 06:25:50.894987520,414.57635,0.0
2020-01-30,9.398284,106.16352,2020-01-30 06:25:51.254993664,415.88016,0.0
2020-01-30,9.426965,106.15459,2020-01-30 06:25:51.562012672,413.65485,0.0
2020-01-30,9.481174,106.15128,2020-01-30 06:25:52.975000320,412.2238,0.0
2020-01-30,9.454971,106.16439,2020-01-30 06:25:53.055989760,413.8899,0.0
2020-01-30,9.446152,106.16861,2020-01-30 06:25:53.083026432,414.00775,0.0
2020-01-30,9.486373,106.15999,2020-01-30 06:25:53.749005568,414.45505,0.0
2020-01-30,9.5675,106.12442,2020-01-30 06:25:53.895011328,414.27417,0.0
2020-01-30,9.55021,106.133736,2020-01-30 06:25:53.947998464,413.8852,0.0
2020-01-30,9.541484,106.13829,2020-01-30 06:25:53.974995200,413.96,0.0
2020-01-30,9.50648,106.15565,2020-01-30 06:25:54.083020800,413.31314,0.0
2020-01-30,9.587595,106.120056,2020-01-30 06:25:54.228021248,413.51282,0.0
2020-01-30,9.578988,106.12474,2020-01-30 06:25:54.255017728,413.44867,0.0
2020-01-30,9.561584,106.13394,2020-01-30 06:25:54.309010432,413.80008,0.0
2020-01-30,9.5354,106.14708,2020-01-30 06:25:54.388994048,413.80646,0.0
2020-01-30,9.526591,106.151306,2020-01-30 06:25:54.415990272,413.46497,0.0
2020-01-30,9.607737,106.11562,2020-01-30 06:25:54.561996544,413.54523,0.0
2020-01-30,9.599139,106.1203,2020-01-30 06:25:54.588027136,412.53677,0.0
2020-01-30,9.590469,106.12493,2020-01-30 06:25:54.615023616,413.3988,0.0
2020-01-30,9.555601,106.14261,2020-01-30 06:25:54.723009536,414.83203,0.0
2020-01-30,9.546798,106.146835,2020-01-30 06:25:54.749000192,413.6003,0.0
2020-01-30,9.610667,106.12044,2020-01-30 06:25:54.947993344,413.53864,0.0
2020-01-30,9.601954,106.125,2020-01-30 06:25:54.974989568,413.10516,0.0
2020-01-30,9.59329,106.12945,2020-01-30 06:25:55.001986048,412.84714,0.0
2020-01-30,9.575806,106.13813,2020-01-30 06:25:55.056018944,412.88522,0.0
2020-01-30,9.567005,106.14236,2020-01-30 06:25:55.083015424,413.38828,0.0
2020-01-30,9.648124,106.10661,2020-01-30 06:25:55.228015872,413.51437,0.0
2020-01-30,9.613492,106.12496,2020-01-30 06:25:55.336001280,412.5625,0.0
2020-01-30,9.604769,106.12935,2020-01-30 06:25:55.362998016,412.98605,0.0
2020-01-30,9.596011,106.13366,2020-01-30 06:25:55.388988416,413.00793,0.0
2020-01-30,9.5872135,106.137886,2020-01-30 06:25:55.416025088,413.07452,0.0
2020-01-30,9.668337,106.10214,2020-01-30 06:25:55.561990912,413.1745,0.0
2020-01-30,9.651088,106.11149,2020-01-30 06:25:55.615018240,412.96033,0.0
2020-01-30,9.607459,106.13348,2020-01-30 06:25:55.748994560,413.1774,0.0
2020-01-30,9.671326,106.107056,2020-01-30 06:25:55.948028160,412.11118,0.0
2020-01-30,9.627706,106.12907,2020-01-30 06:25:56.083010304,412.04742,0.0
2020-01-30,20.756092,103.62664,2020-01-30 06:28:59.642022656,412.1757,0.0
2020-01-30,20.760706,103.63496,2020-01-30 06:29:00.029025024,410.9965,0.0
2020-01-30,20.75286,103.64127,2020-01-30 06:29:00.056021504,411.0187,0.0
2020-01-30,20.773024,103.636765,2020-01-30 06:29:00.388990976,411.9188,0.0
2020-01-30,20.76516,103.64296,2020-01-30 06:29:00.415987456,415.68475,0.0
2020-01-30,20.872267,103.59077,2020-01-30 06:29:01.255009280,412.5004,0.0
2020-01-30,20.864626,103.59738,2020-01-30 06:29:01.282005504,413.15494,0.0
2020-01-30,20.85687,103.60396,2020-01-30 06:29:01.309001984,414.3573,0.0
2020-01-30,20.869186,103.60561,2020-01-30 06:29:01.669008128,413.0078,0.0
2020-01-30,20.904707,103.58778,2020-01-30 06:29:01.948025088,414.39755,0.0
2020-01-30,21.1205,103.52651,2020-01-30 06:29:05.227991040,415.6696,0.0
2020-02-01,10.349305,107.0743,2020-02-01 06:14:25.309006080,414.50223,0.0
2020-02-01,10.339231,107.079445,2020-02-01 06:14:25.336002304,414.76013,0.0
2020-02-01,10.367998,107.06999,2020-02-01 06:14:25.642015744,415.142,0.0
2020-02-01,10.357696,107.07499,2020-02-01 06:14:25.669011968,413.6811,0.0
2020-02-01,10.3475,107.08004,2020-02-01 06:14:25.696008448,413.82886,0.0
2020-02-01,10.365974,107.07562,2020-02-01 06:14:26.029018112,412.67752,0.0
2020-02-01,10.355742,107.08061,2020-02-01 06:14:26.056014592,413.69305,0.0
2020-02-01,10.345445,107.08551,2020-02-01 06:14:26.083011072,415.97733,0.0
2020-02-01,10.490362,107.03147,2020-02-01 06:14:27.228005888,412.1849,0.0
2020-02-01,10.499044,107.03231,2020-02-01 06:14:27.588012032,413.8309,0.0
2020-02-01,10.478915,107.042946,2020-02-01 06:14:27.642004736,412.6484,0.0
2020-02-01,10.468844,107.0481,2020-02-01 06:14:27.669001216,413.48975,0.0
2020-02-01,10.497547,107.038506,2020-02-01 06:14:27.975014400,413.1823,0.0
2020-02-01,10.487469,107.04367,2020-02-01 06:14:28.002010880,411.89142,0.0
2020-02-01,10.477311,107.04878,2020-02-01 06:14:28.029007360,412.5202,0.0
2020-02-01,10.467116,107.05382,2020-02-01 06:14:28.056003840,414.8238,0.0
2020-02-01,10.456821,107.05875,2020-02-01 06:14:28.083000064,415.71973,0.0
2020-02-01,10.536296,107.02347,2020-02-01 06:14:28.254996736,412.6591,0.0
2020-02-01,10.495965,107.04446,2020-02-01 06:14:28.363022848,412.44144,0.0
2020-02-01,10.485732,107.04948,2020-02-01 06:14:28.389013248,411.75357,0.0
2020-02-01,10.544908,107.0245,2020-02-01 06:14:28.615002880,413.269,0.0
2020-02-01,10.50438,107.04515,2020-02-01 06:14:28.722988544,413.0071,0.0
2020-02-01,10.494086,107.050095,2020-02-01 06:14:28.749019648,412.44006,0.0
2020-02-01,10.563569,107.0201,2020-02-01 06:14:28.948012544,412.94745,0.0
2020-02-01,10.553437,107.02538,2020-02-01 06:14:28.975009024,413.51517,0.0
2020-02-01,10.512711,107.04562,2020-02-01 06:14:29.082994688,412.67328,0.0
2020-02-01,10.57206,107.02086,2020-02-01 06:14:29.309024512,412.55545,0.0
2020-02-01,10.5518465,107.03116,2020-02-01 06:14:29.363017216,412.47614,0.0
2020-02-01,10.600812,107.01105,2020-02-01 06:14:29.614997504,412.3449,0.0
2020-02-01,10.560264,107.031685,2020-02-01 06:14:29.723023360,412.77588,0.0
2020-02-01,10.54998,107.03663,2020-02-01 06:14:29.749014016,412.09372,0.0
2020-02-01,10.599224,107.01702,2020-02-01 06:14:30.002000128,412.9943,0.0
2020-02-01,10.589054,107.02213,2020-02-01 06:14:30.028996352,412.5327,0.0
2020-02-01,10.578846,107.027176,2020-02-01 06:14:30.055992832,412.08722,0.0
2020-02-01,10.568549,107.03212,2020-02-01 06:14:30.082989312,411.82706,0.0
2020-02-01,10.657909,106.99114,2020-02-01 06:14:30.227989760,412.87964,0.0
2020-02-01,10.637972,107.00199,2020-02-01 06:14:30.282022656,412.9935,0.0
2020-02-01,10.713741,106.97776,2020-02-01 06:14:31.228024576,414.3796,0.0
2020-02-01,10.643029,107.01443,2020-02-01 06:14:31.415993600,413.30676,0.0
2020-02-01,10.712464,106.98429,2020-02-01 06:14:31.614986752,413.05722,0.0
2020-02-01,10.702411,106.98966,2020-02-01 06:14:31.642023424,412.39587,0.0
2020-02-01,10.661671,107.01007,2020-02-01 06:14:31.749003264,411.64825,0.0
2020-02-01,10.731081,106.97988,2020-02-01 06:14:31.947996416,411.11658,0.0
2020-02-01,10.720978,106.98522,2020-02-01 06:14:31.974992640,413.61905,0.0
2020-02-01,10.739494,106.98073,2020-02-01 06:14:32.309008128,411.85428,0.0
2020-02-01,10.719248,106.9911,2020-02-01 06:14:32.363001088,414.2552,0.0
2020-02-01,10.717247,106.996666,2020-02-01 06:14:32.748997632,412.69534,0.0
2020-02-01,10.74604,106.98729,2020-02-01 06:14:33.056016896,412.98044,0.0
2020-02-01,10.735747,106.99229,2020-02-01 06:14:33.083013376,413.34665,0.0
2020-02-01,11.158031,106.87001,2020-02-01 06:14:39.228021248,414.7737,0.0
2020-02-01,11.14808,106.87555,2020-02-01 06:14:39.255017728,414.5723,0.0
2020-02-01,11.1617565,106.889595,2020-02-01 06:14:40.748994560,413.35645,0.0
2020-02-01,11.76562,106.73517,2020-02-01 06:14:51.002006784,413.11588,0.0
2020-02-01,11.763618,106.74135,2020-02-01 06:14:51.389009408,413.68784,0.0
2020-02-01,11.771678,106.74205,2020-02-01 06:14:51.749015296,412.7463,0.0
2020-02-17,11.371212,108.797195,2020-02-17 06:14:14.227995904,417.40082,0.0
2020-02-17,11.364332,108.80439,2020-02-17 06:14:14.641995008,416.39505,0.0
2020-02-17,11.357313,108.81088,2020-02-17 06:14:15.055993856,416.4411,0.0
2020-02-17,13.685779,108.28617,2020-02-17 06:14:52.562006528,412.96936,0.0
2020-02-17,13.706012,108.28166,2020-02-17 06:14:52.895016192,415.43112,0.0
2020-02-17,13.697341,108.28617,2020-02-17 06:14:52.921006592,415.09317,0.0
2020-02-17,13.688568,108.29063,2020-02-17 06:14:52.948003072,412.81387,0.0
2020-02-17,13.726247,108.277145,2020-02-17 06:14:53.228025600,412.59433,0.0
2020-02-17,13.717579,108.28166,2020-02-17 06:14:53.255022080,413.3645,0.0
2020-02-17,13.708808,108.286125,2020-02-17 06:14:53.282018560,415.25,0.0
2020-02-17,13.746458,108.27265,2020-02-17 06:14:53.562000896,414.94897,0.0
2020-02-17,13.737801,108.27717,2020-02-17 06:14:53.587991808,414.63327,0.0
2020-02-17,13.729029,108.28165,2020-02-17 06:14:53.615028480,414.94086,0.0
2020-02-17,13.720215,108.28604,2020-02-17 06:14:53.642024704,415.09406,0.0
2020-02-17,13.74924,108.27717,2020-02-17 06:14:53.947997696,415.25018,0.0
2020-02-17,13.740428,108.28158,2020-02-17 06:14:53.974994176,415.17764,0.0
2020-02-17,13.731667,108.28587,2020-02-17 06:14:54.001990656,414.7292,0.0
2020-02-17,13.722846,108.29009,2020-02-17 06:14:54.028986880,415.0304,0.0
2020-02-17,13.751882,108.28141,2020-02-17 06:14:54.336006144,415.69983,0.0
2020-02-17,13.743063,108.28564,2020-02-17 06:14:54.363002624,415.61844,0.0
2020-02-17,13.734211,108.28979,2020-02-17 06:14:54.388993024,413.81113,0.0
2020-02-17,13.807046,108.25922,2020-02-17 06:14:54.561995520,415.0473,0.0
2020-02-17,13.82719,108.25473,2020-02-17 06:14:54.895005184,415.23068,0.0
2020-02-17,13.818504,108.25927,2020-02-17 06:14:54.920995840,414.9611,0.0
2020-02-17,13.8097725,108.263756,2020-02-17 06:14:54.947992320,413.7126,0.0
2020-02-17,13.847329,108.25025,2020-02-17 06:14:55.228014848,414.90363,0.0
2020-02-17,13.838648,108.2548,2020-02-17 06:14:55.255011328,415.07214,0.0
2020-02-17,13.829923,108.259285,2020-02-17 06:14:55.282007808,414.58456,0.0
2020-02-17,13.821113,108.26371,2020-02-17 06:14:55.309004288,414.73737,0.0
2020-02-17,13.867538,108.24575,2020-02-17 06:14:55.561990144,414.65982,0.0
2020-02-17,13.85887,108.2503,2020-02-17 06:14:55.588020992,415.21704,0.0
2020-02-17,13.85016,108.25478,2020-02-17 06:14:55.615017472,414.28107,0.0
2020-02-17,13.841364,108.25921,2020-02-17 06:14:55.642013696,414.64005,0.0
2020-02-17,13.832618,108.26353,2020-02-17 06:14:55.669010176,414.69296,0.0
2020-02-17,13.8238125,108.26777,2020-02-17 06:14:55.696006656,414.81088,0.0
2020-02-17,13.814975,108.271935,2020-02-17 06:14:55.723003136,413.97104,0.0
2020-02-17,13.8878355,108.24123,2020-02-17 06:14:55.894999808,413.96994,0.0
2020-02-17,13.879159,108.24578,2020-02-17 06:14:55.920990464,414.17953,0.0
2020-02-17,13.87045,108.250275,2020-02-17 06:14:55.948027136,413.97073,0.0
2020-02-17,13.861656,108.25471,2020-02-17 06:14:55.975023616,414.43686,0.0
2020-02-17,13.852911,108.259026,2020-02-17 06:14:56.002019840,414.18152,0.0
2020-02-17,13.844109,108.263275,2020-02-17 06:14:56.029016576,415.1669,0.0
2020-02-17,13.835272,108.26744,2020-02-17 06:14:56.056012800,414.7022,0.0
2020-02-17,13.826415,108.271515,2020-02-17 06:14:56.083009280,415.04044,0.0
2020-02-17,13.908119,108.23671,2020-02-17 06:14:56.228009472,413.15198,0.0
2020-02-17,13.899455,108.24127,2020-02-17 06:14:56.255005952,412.95554,0.0
2020-02-17,13.890739,108.245766,2020-02-17 06:14:56.282002432,411.7471,0.0
2020-02-17,13.8819475,108.250206,2020-02-17 06:14:56.308998912,413.00433,0.0
2020-02-17,13.873205,108.254524,2020-02-17 06:14:56.335995136,413.95886,0.0
2020-02-17,13.864404,108.25878,2020-02-17 06:14:56.362991616,414.4992,0.0
2020-02-17,13.855569,108.262955,2020-02-17 06:14:56.389022464,414.6598,0.0
2020-02-17,13.846714,108.26704,2020-02-17 06:14:56.416018944,414.28464,0.0
2020-02-17,13.928385,108.23224,2020-02-17 06:14:56.562024960,413.344,0.0
2020-02-17,13.91971,108.23682,2020-02-17 06:14:56.588015616,413.5247,0.0
2020-02-17,13.911002,108.241325,2020-02-17 06:14:56.615011840,414.33105,0.0
2020-02-17,13.902208,108.24577,2020-02-17 06:14:56.642008320,413.83032,0.0
2020-02-17,13.893463,108.250114,2020-02-17 06:14:56.669004800,413.52744,0.0
2020-02-17,13.884661,108.25438,2020-02-17 06:14:56.696001280,413.84235,0.0
2020-02-17,13.875824,108.25857,2020-02-17 06:14:56.722997760,414.69052,0.0
2020-02-17,13.86697,108.26266,2020-02-17 06:14:56.748988416,414.16425,0.0
2020-02-17,13.948625,108.22783,2020-02-17 06:14:56.894994176,413.39722,0.0
2020-02-17,13.939959,108.23241,2020-02-17 06:14:56.921025280,413.60455,0.0
2020-02-17,13.931248,108.23692,2020-02-17 06:14:56.948021760,414.05627,0.0
2020-02-17,13.922456,108.24138,2020-02-17 06:14:56.975017984,414.2883,0.0
2020-02-17,13.9137125,108.24572,2020-02-17 06:14:57.002014720,415.1219,0.0
2020-02-17,13.904912,108.24999,2020-02-17 06:14:57.029010944,414.5054,0.0
2020-02-17,13.896077,108.25418,2020-02-17 06:14:57.056007424,413.24615,0.0
2020-02-17,13.887223,108.25828,2020-02-17 06:14:57.083003648,413.00934,0.0
2020-02-17,13.968862,108.22343,2020-02-17 06:14:57.228004096,414.2618,0.0
2020-02-17,13.960199,108.228004,2020-02-17 06:14:57.255000576,413.60736,0.0
2020-02-17,13.951493,108.23252,2020-02-17 06:14:57.281997056,414.31772,0.0
2020-02-17,13.942703,108.236984,2020-02-17 06:14:57.308993280,414.22574,0.0
2020-02-17,13.933962,108.241325,2020-02-17 06:14:57.335989760,413.64624,0.0
2020-02-17,13.925163,108.245605,2020-02-17 06:14:57.362985984,414.06015,0.0
2020-02-17,13.916329,108.2498,2020-02-17 06:14:57.389017088,414.70456,0.0
2020-02-17,13.907473,108.25389,2020-02-17 06:14:57.416013568,413.4513,0.0
2020-02-17,13.989035,108.21894,2020-02-17 06:14:57.562019584,414.99628,0.0
2020-02-17,13.980365,108.22351,2020-02-17 06:14:57.588009984,413.75766,0.0
2020-02-17,13.971654,108.22802,2020-02-17 06:14:57.615006464,413.94348,0.0
2020-02-17,13.962854,108.232475,2020-02-17 06:14:57.642002944,413.4146,0.0
2020-02-17,13.954104,108.23681,2020-02-17 06:14:57.668999424,413.8145,0.0
2020-02-17,13.945296,108.24108,2020-02-17 06:14:57.695995904,414.33615,0.0
2020-02-17,13.936454,108.24526,2020-02-17 06:14:57.722992384,414.65512,0.0
2020-02-17,13.927591,108.24936,2020-02-17 06:14:57.749023232,414.33078,0.0
2020-02-17,14.009141,108.21437,2020-02-17 06:14:57.894989056,414.56943,0.0
2020-02-17,14.000471,108.21895,2020-02-17 06:14:57.921019904,413.43686,0.0
2020-02-17,13.991764,108.22346,2020-02-17 06:14:57.948016128,413.52612,0.0
2020-02-17,13.982966,108.22791,2020-02-17 06:14:57.975012864,414.05725,0.0
2020-02-17,13.974218,108.232254,2020-02-17 06:14:58.002009088,413.62558,0.0
2020-02-17,13.965412,108.236534,2020-02-17 06:14:58.029005568,414.47653,0.0
2020-02-17,13.956573,108.24072,2020-02-17 06:14:58.056001792,414.64056,0.0
2020-02-17,13.947712,108.24482,2020-02-17 06:14:58.082998272,414.46585,0.0
2020-02-17,14.029243,108.2098,2020-02-17 06:14:58.227998720,414.9507,0.0
2020-02-17,14.020578,108.21438,2020-02-17 06:14:58.254995200,414.2023,0.0
2020-02-17,14.011874,108.2189,2020-02-17 06:14:58.281991424,413.57117,0.0
2020-02-17,14.003078,108.22336,2020-02-17 06:14:58.308987904,413.15363,0.0
2020-02-17,13.994333,108.22771,2020-02-17 06:14:58.336024576,414.3525,0.0
2020-02-17,13.985529,108.23199,2020-02-17 06:14:58.363020800,414.3626,0.0
2020-02-17,13.97669,108.23618,2020-02-17 06:14:58.389011712,414.09088,0.0
2020-02-17,13.967832,108.24029,2020-02-17 06:14:58.416007936,414.03226,0.0
2020-02-17,14.049338,108.20526,2020-02-17 06:14:58.562014208,414.004,0.0
2020-02-17,14.040672,108.209854,2020-02-17 06:14:58.588004608,414.46866,0.0
2020-02-17,14.031968,108.214386,2020-02-17 06:14:58.615001088,414.51465,0.0
2020-02-17,14.023172,108.21886,2020-02-17 06:14:58.641997568,414.68546,0.0
2020-02-17,14.014427,108.22321,2020-02-17 06:14:58.668994048,414.4613,0.0
2020-02-17,14.005622,108.2275,2020-02-17 06:14:58.695990528,414.66873,0.0
2020-02-17,13.996784,108.23171,2020-02-17 06:14:58.722987008,414.75797,0.0
2020-02-17,13.9879265,108.235825,2020-02-17 06:14:58.749017600,413.41266,0.0
2020-02-17,14.069413,108.20077,2020-02-17 06:14:58.895023872,414.63617,0.0
2020-02-17,14.060753,108.20536,2020-02-17 06:14:58.921014272,414.3541,0.0
2020-02-17,14.0520525,108.2099,2020-02-17 06:14:58.948011008,413.76285,0.0
2020-02-17,14.04326,108.21438,2020-02-17 06:14:58.975007232,414.328,0.0
2020-02-17,14.034515,108.218735,2020-02-17 06:14:59.002003712,413.18213,0.0
2020-02-17,14.025713,108.22303,2020-02-17 06:14:59.028999936,413.97397,0.0
2020-02-17,14.016876,108.22724,2020-02-17 06:14:59.055996416,413.98117,0.0
2020-02-17,14.008023,108.23136,2020-02-17 06:14:59.082993152,414.328,0.0
2020-02-17,14.072138,108.205414,2020-02-17 06:14:59.282026240,413.56537,0.0
2020-02-17,14.063347,108.20989,2020-02-17 06:14:59.309022720,414.12527,0.0
2020-02-17,14.054605,108.214264,2020-02-17 06:14:59.336018944,414.92728,0.0
2020-02-17,14.045804,108.21856,2020-02-17 06:14:59.363015680,415.10175,0.0
2020-02-17,14.036969,108.22278,2020-02-17 06:14:59.389006080,413.60437,0.0
2020-02-17,14.028116,108.2269,2020-02-17 06:14:59.416002816,413.33926,0.0
2020-02-17,14.109562,108.19178,2020-02-17 06:14:59.562008576,414.59662,0.0
2020-02-17,14.074674,108.209785,2020-02-17 06:14:59.668988672,412.4912,0.0
2020-02-17,14.065872,108.21409,2020-02-17 06:14:59.696025344,413.7892,0.0
2020-02-17,14.057037,108.218315,2020-02-17 06:14:59.723021824,414.23068,0.0
2020-02-17,14.048185,108.222435,2020-02-17 06:14:59.749012224,413.86615,0.0
2020-02-17,14.129615,108.18729,2020-02-17 06:14:59.895018240,414.35153,0.0
2020-02-17,14.120954,108.191895,2020-02-17 06:14:59.921009152,413.172,0.0
2020-02-17,14.112267,108.19644,2020-02-17 06:14:59.948005376,412.73593,0.0
2020-02-17,14.0771055,108.21385,2020-02-17 06:15:00.055991296,413.63712,0.0
2020-02-17,14.068256,108.21798,2020-02-17 06:15:00.082987520,414.5162,0.0
2020-02-17,14.149682,108.18279,2020-02-17 06:15:00.227987712,413.8145,0.0
2020-02-17,14.141017,108.18741,2020-02-17 06:15:00.255024384,413.48877,0.0
2020-02-17,14.132327,108.19196,2020-02-17 06:15:00.282020864,413.34473,0.0
2020-02-17,14.123539,108.19646,2020-02-17 06:15:00.309017088,412.72928,0.0
2020-02-17,14.114801,108.200836,2020-02-17 06:15:00.336013824,411.73917,0.0
2020-02-17,14.088328,108.21352,2020-02-17 06:15:00.415997184,410.3736,0.0
2020-02-17,14.169727,108.17833,2020-02-17 06:15:00.562003200,413.4373,0.0
2020-02-17,14.161065,108.18296,2020-02-17 06:15:00.587993856,413.47275,0.0
2020-02-17,14.152367,108.18752,2020-02-17 06:15:00.614990336,413.86295,0.0
2020-02-17,14.1435795,108.19203,2020-02-17 06:15:00.642027008,413.64102,0.0
2020-02-17,14.13484,108.19643,2020-02-17 06:15:00.669023488,413.28036,0.0
2020-02-17,14.126042,108.20075,2020-02-17 06:15:00.696019968,412.9406,0.0
2020-02-17,14.11721,108.204994,2020-02-17 06:15:00.723016192,412.86597,0.0
2020-02-17,14.189752,108.17391,2020-02-17 06:15:00.895012864,413.08722,0.0
2020-02-17,14.181092,108.17855,2020-02-17 06:15:00.921003520,413.85052,0.0
2020-02-17,14.172396,108.18312,2020-02-17 06:15:00.948000000,414.1581,0.0
2020-02-17,14.16361,108.18763,2020-02-17 06:15:00.974996224,414.07993,0.0
2020-02-17,14.154873,108.19203,2020-02-17 06:15:01.001992704,413.47504,0.0
2020-02-17,14.146077,108.19636,2020-02-17 06:15:01.028989440,413.1074,0.0
2020-02-17,14.137247,108.20061,2020-02-17 06:15:01.056025856,413.34683,0.0
2020-02-17,14.128404,108.20476,2020-02-17 06:15:01.083022336,413.52493,0.0
2020-02-17,14.209781,108.1695,2020-02-17 06:15:01.228022528,413.6313,0.0
2020-02-17,14.201119,108.17414,2020-02-17 06:15:01.255019008,413.83893,0.0
2020-02-17,14.192425,108.17871,2020-02-17 06:15:01.282015232,413.97183,0.0
2020-02-17,14.1836405,108.18323,2020-02-17 06:15:01.309011968,414.1474,0.0
2020-02-17,14.174906,108.18763,2020-02-17 06:15:01.336008192,413.575,0.0
2020-02-17,14.166112,108.19197,2020-02-17 06:15:01.363004672,414.83594,0.0
2020-02-17,14.157284,108.19622,2020-02-17 06:15:01.388995328,414.33493,0.0
2020-02-17,14.148442,108.20037,2020-02-17 06:15:01.415991808,413.60834,0.0
2020-02-17,14.229827,108.16507,2020-02-17 06:15:01.561997824,414.55453,0.0
2020-02-17,14.221173,108.169716,2020-02-17 06:15:01.587988480,414.90118,0.0
2020-02-17,14.212482,108.17429,2020-02-17 06:15:01.615025152,414.4036,0.0
2020-02-17,14.203704,108.17881,2020-02-17 06:15:01.642021632,414.25336,0.0
2020-02-17,14.194974,108.18321,2020-02-17 06:15:01.669018112,414.28934,0.0
2020-02-17,14.186186,108.18755,2020-02-17 06:15:01.696014336,414.19873,0.0
2020-02-17,14.177362,108.19181,2020-02-17 06:15:01.723010816,414.30783,0.0
2020-02-17,14.168526,108.19596,2020-02-17 06:15:01.749001472,414.5142,0.0
2020-02-17,14.249894,108.16063,2020-02-17 06:15:01.895007488,414.85916,0.0
2020-02-17,14.241248,108.165276,2020-02-17 06:15:01.920998144,414.82645,0.0
2020-02-17,14.232556,108.16986,2020-02-17 06:15:01.947994368,414.67215,0.0
2020-02-17,14.22378,108.174385,2020-02-17 06:15:01.974990848,415.3934,0.0
2020-02-17,14.215052,108.178795,2020-02-17 06:15:02.001987584,416.03143,0.0
2020-02-17,14.206265,108.183136,2020-02-17 06:15:02.029024000,415.71463,0.0
2020-02-17,14.197444,108.18739,2020-02-17 06:15:02.056020480,413.9068,0.0
2020-02-17,14.188607,108.19156,2020-02-17 06:15:02.083016960,413.56464,0.0
2020-02-17,14.269963,108.15619,2020-02-17 06:15:02.228017152,414.54016,0.0
2020-02-17,14.261317,108.160835,2020-02-17 06:15:02.255013376,414.8273,0.0
2020-02-17,14.25263,108.16543,2020-02-17 06:15:02.282010112,415.07242,0.0
2020-02-17,14.243855,108.16995,2020-02-17 06:15:02.309006336,414.93555,0.0
2020-02-17,14.235129,108.17437,2020-02-17 06:15:02.336002816,414.43854,0.0
2020-02-17,14.226345,108.17872,2020-02-17 06:15:02.362999552,415.01147,0.0
2020-02-17,14.208689,108.18715,2020-02-17 06:15:02.416026624,415.2926,0.0
2020-02-17,14.290019,108.15175,2020-02-17 06:15:02.561992448,413.85355,0.0
2020-02-17,14.281379,108.1564,2020-02-17 06:15:02.588023296,414.88635,0.0
2020-02-17,14.2726965,108.160995,2020-02-17 06:15:02.615019776,414.30966,0.0
2020-02-17,14.263924,108.16553,2020-02-17 06:15:02.642016256,413.82404,0.0
2020-02-17,14.2551985,108.169945,2020-02-17 06:15:02.669012480,415.2346,0.0
2020-02-17,14.246415,108.1743,2020-02-17 06:15:02.696008960,414.50858,0.0
2020-02-17,14.2375965,108.178566,2020-02-17 06:15:02.723005184,415.0455,0.0
2020-02-17,14.228761,108.18274,2020-02-17 06:15:02.748996096,414.68958,0.0
2020-02-17,14.310077,108.14731,2020-02-17 06:15:02.895002112,415.98123,0.0
2020-02-17,14.301441,108.15197,2020-02-17 06:15:02.920992512,414.96408,0.0
2020-02-17,14.29276,108.15656,2020-02-17 06:15:02.947988992,414.31027,0.0
2020-02-17,14.283989,108.1611,2020-02-17 06:15:02.975025664,413.66248,0.0
2020-02-17,14.275266,108.16553,2020-02-17 06:15:03.002022144,414.87064,0.0
2020-02-17,14.266483,108.16988,2020-02-17 06:15:03.029018624,414.97906,0.0
2020-02-17,14.257668,108.17416,2020-02-17 06:15:03.056015104,415.51547,0.0
2020-02-17,14.248835,108.17834,2020-02-17 06:15:03.083011584,415.04303,0.0
2020-02-17,14.330136,108.14287,2020-02-17 06:15:03.228011520,414.29883,0.0
2020-02-17,14.321503,108.14753,2020-02-17 06:15:03.255008256,414.58368,0.0
2020-02-17,14.312823,108.15214,2020-02-17 06:15:03.282004480,415.054,0.0
2020-02-17,14.304053,108.15668,2020-02-17 06:15:03.309000960,414.4687,0.0
2020-02-17,14.295333,108.1611,2020-02-17 06:15:03.335997696,414.59982,0.0
2020-02-17,14.286552,108.16547,2020-02-17 06:15:03.362993920,414.74564,0.0
2020-02-17,14.277739,108.16975,2020-02-17 06:15:03.389024768,414.30463,0.0
2020-02-17,14.268913,108.17393,2020-02-17 06:15:03.416020992,415.0877,0.0
2020-02-17,14.350254,108.13843,2020-02-17 06:15:03.561986816,416.3202,0.0
2020-02-17,14.341613,108.1431,2020-02-17 06:15:03.588017920,416.60754,0.0
2020-02-17,14.324193,108.15225,2020-02-17 06:15:03.642010624,415.76666,0.0
2020-02-17,14.315482,108.156685,2020-02-17 06:15:03.669007104,414.88675,0.0
2020-02-17,14.306712,108.16105,2020-02-17 06:15:03.696003328,415.47113,0.0
2020-02-17,14.297909,108.16534,2020-02-17 06:15:03.723000064,415.86063,0.0
2020-02-17,14.289091,108.16952,2020-02-17 06:15:03.748990464,414.9843,0.0
2020-02-17,14.370429,108.13399,2020-02-17 06:15:03.894996736,414.53564,0.0
2020-02-17,14.361793,108.138664,2020-02-17 06:15:03.920987136,416.21747,0.0
2020-02-17,14.35312,108.14327,2020-02-17 06:15:03.948023808,415.58063,0.0
2020-02-17,14.344362,108.14783,2020-02-17 06:15:03.975020288,414.09924,0.0
2020-02-17,14.326885,108.15663,2020-02-17 06:15:04.029013248,415.4508,0.0
2020-02-17,14.318083,108.16093,2020-02-17 06:15:04.056009728,415.67456,0.0
2020-02-17,14.309263,108.165115,2020-02-17 06:15:04.083006208,416.74725,0.0
2020-02-17,14.390592,108.12955,2020-02-17 06:15:04.228006400,414.82693,0.0
2020-02-17,14.38196,108.134224,2020-02-17 06:15:04.255002624,415.40857,0.0
2020-02-17,14.373287,108.13885,2020-02-17 06:15:04.281999104,415.38208,0.0
2020-02-17,14.3645315,108.1434,2020-02-17 06:15:04.308995840,416.05753,0.0
2020-02-17,14.355824,108.14784,2020-02-17 06:15:04.335992064,414.5264,0.0
2020-02-17,14.347058,108.15222,2020-02-17 06:15:04.362988544,415.7004,0.0
2020-02-17,14.338258,108.15651,2020-02-17 06:15:04.389019136,414.61926,0.0
2020-02-17,14.329438,108.160706,2020-02-17 06:15:04.416015616,414.6233,0.0
2020-02-17,14.410734,108.12506,2020-02-17 06:15:04.562021632,413.66458,0.0
2020-02-17,14.402103,108.12974,2020-02-17 06:15:04.588012544,413.73325,0.0
2020-02-17,14.393428,108.13435,2020-02-17 06:15:04.615008768,414.44614,0.0
2020-02-17,14.384671,108.13891,2020-02-17 06:15:04.642005248,414.86472,0.0
2020-02-17,14.375963,108.14335,2020-02-17 06:15:04.669001472,415.43112,0.0
2020-02-17,14.367195,108.14772,2020-02-17 06:15:04.695998208,415.44702,0.0
2020-02-17,14.358394,108.15201,2020-02-17 06:15:04.722994688,415.75006,0.0
2020-02-17,14.34957,108.156204,2020-02-17 06:15:04.749025280,415.38892,0.0
2020-02-17,14.430856,108.12052,2020-02-17 06:15:04.894991104,414.45435,0.0
2020-02-17,14.422228,108.125206,2020-02-17 06:15:04.921021952,413.98776,0.0
2020-02-17,14.413553,108.12982,2020-02-17 06:15:04.948018432,414.21204,0.0
2020-02-17,14.4047985,108.134384,2020-02-17 06:15:04.975014912,414.82114,0.0
2020-02-17,14.396092,108.138824,2020-02-17 06:15:05.002011392,414.95273,0.0
2020-02-17,14.387326,108.1432,2020-02-17 06:15:05.029007872,414.75427,0.0
2020-02-17,14.378527,108.1475,2020-02-17 06:15:05.056004352,415.0611,0.0
2020-02-17,14.369714,108.15169,2020-02-17 06:15:05.083000576,416.85754,0.0
2020-02-17,14.450975,108.11598,2020-02-17 06:15:05.228000768,413.59714,0.0
2020-02-17,14.442349,108.12067,2020-02-17 06:15:05.254997248,413.54053,0.0
2020-02-17,14.433679,108.1253,2020-02-17 06:15:05.281993984,414.18576,0.0
2020-02-17,14.424926,108.12986,2020-02-17 06:15:05.308990208,413.95956,0.0
2020-02-17,14.416222,108.13431,2020-02-17 06:15:05.336026880,414.56412,0.0
2020-02-17,14.407458,108.13869,2020-02-17 06:15:05.363023360,414.78305,0.0
2020-02-17,14.39866,108.14299,2020-02-17 06:15:05.389013760,415.23917,0.0
2020-02-17,14.389842,108.147194,2020-02-17 06:15:05.416010496,414.50494,0.0
2020-02-17,14.471104,108.1115,2020-02-17 06:15:05.562016512,414.36783,0.0
2020-02-17,14.462495,108.1162,2020-02-17 06:15:05.588006912,412.65024,0.0
2020-02-17,14.453832,108.12084,2020-02-17 06:15:05.615003392,411.71783,0.0
2020-02-17,14.445085,108.12542,2020-02-17 06:15:05.641999616,412.14575,0.0
2020-02-17,14.436386,108.12988,2020-02-17 06:15:05.668996352,413.8664,0.0
2020-02-17,14.427628,108.13428,2020-02-17 06:15:05.695992832,413.48306,0.0
2020-02-17,14.418835,108.13859,2020-02-17 06:15:05.722989056,413.71494,0.0
2020-02-17,14.410021,108.14281,2020-02-17 06:15:05.749020160,414.23904,0.0
2020-02-17,14.482703,108.11177,2020-02-17 06:15:05.921016576,414.9863,0.0
2020-02-17,14.465256,108.12101,2020-02-17 06:15:05.975009536,413.9783,0.0
2020-02-17,14.456559,108.12547,2020-02-17 06:15:06.002006016,413.03357,0.0
2020-02-17,14.447803,108.129875,2020-02-17 06:15:06.029002496,413.88846,0.0
2020-02-17,14.439012,108.13419,2020-02-17 06:15:06.055998720,413.58292,0.0
2020-02-17,14.43018,108.138435,2020-02-17 06:15:06.082995200,413.6891,0.0
2020-02-17,14.494138,108.11202,2020-02-17 06:15:06.281988352,415.50366,0.0
2020-02-17,14.485428,108.1166,2020-02-17 06:15:06.309025024,413.34155,0.0
2020-02-17,14.476732,108.12107,2020-02-17 06:15:06.336021504,413.3755,0.0
2020-02-17,14.467978,108.12548,2020-02-17 06:15:06.363017728,413.74725,0.0
2020-02-17,14.459188,108.1298,2020-02-17 06:15:06.389008640,413.81088,0.0
2020-02-17,14.450355,108.13404,2020-02-17 06:15:06.416004864,413.3724,0.0
2020-02-17,14.522976,108.102875,2020-02-17 06:15:06.588001536,415.05737,0.0
2020-02-17,14.505518,108.11211,2020-02-17 06:15:06.641994496,413.94318,0.0
2020-02-17,14.496816,108.11658,2020-02-17 06:15:06.668990976,414.2329,0.0
2020-02-17,14.488053,108.12097,2020-02-17 06:15:06.695987200,413.3574,0.0
2020-02-17,14.479258,108.12529,2020-02-17 06:15:06.723023872,412.08203,0.0
2020-02-17,14.47042,108.12953,2020-02-17 06:15:06.749014528,413.19598,0.0
2020-02-17,14.551579,108.09365,2020-02-17 06:15:06.895020544,413.5791,0.0
2020-02-17,14.525576,108.10758,2020-02-17 06:15:06.975004160,414.7702,0.0
2020-02-17,14.516875,108.11205,2020-02-17 06:15:07.002000640,414.5201,0.0
2020-02-17,14.508115,108.116455,2020-02-17 06:15:07.028996864,414.15686,0.0
2020-02-17,14.49932,108.12078,2020-02-17 06:15:07.055993344,413.59216,0.0
2020-02-17,14.490485,108.12502,2020-02-17 06:15:07.082989568,412.33856,0.0
2020-02-17,14.571632,108.0891,2020-02-17 06:15:07.227990272,413.9478,0.0
2020-02-17,14.563018,108.09382,2020-02-17 06:15:07.255026944,414.04364,0.0
2020-02-17,14.554364,108.098465,2020-02-17 06:15:07.282023168,413.33524,0.0
2020-02-17,14.545633,108.10306,2020-02-17 06:15:07.309019648,414.47314,0.0
2020-02-17,14.536935,108.10753,2020-02-17 06:15:07.336015872,414.39856,0.0
2020-02-17,14.528176,108.11194,2020-02-17 06:15:07.363012352,413.83188,0.0
2020-02-17,14.591679,108.08458,2020-02-17 06:15:07.562005504,412.8943,0.0
2020-02-17,14.58307,108.089294,2020-02-17 06:15:07.587995904,413.763,0.0
2020-02-17,14.574431,108.09395,2020-02-17 06:15:07.614992640,413.55878,0.0
2020-02-17,14.565685,108.09855,2020-02-17 06:15:07.641989120,413.43353,0.0
2020-02-17,14.556988,108.10303,2020-02-17 06:15:07.669025536,413.2899,0.0
2020-02-17,14.548231,108.107445,2020-02-17 06:15:07.696022016,414.7819,0.0
2020-02-17,14.539457,108.111755,2020-02-17 06:15:07.723018752,414.08163,0.0
2020-02-17,14.5306425,108.116005,2020-02-17 06:15:07.749009152,413.10507,0.0
2020-02-17,14.611718,108.08007,2020-02-17 06:15:07.895015168,414.0702,0.0
2020-02-17,14.603112,108.084785,2020-02-17 06:15:07.921005824,414.33508,0.0
2020-02-17,14.59448,108.08945,2020-02-17 06:15:07.948002304,413.07034,0.0
2020-02-17,14.585735,108.09405,2020-02-17 06:15:07.974998784,414.02045,0.0
2020-02-17,14.57704,108.09853,2020-02-17 06:15:08.001995008,413.68576,0.0
2020-02-17,14.568285,108.10296,2020-02-17 06:15:08.028991488,415.0539,0.0
2020-02-17,14.550697,108.111534,2020-02-17 06:15:08.083024384,414.6137,0.0
2020-02-17,14.631743,108.07556,2020-02-17 06:15:08.228024832,415.45993,0.0
2020-02-17,14.623147,108.080284,2020-02-17 06:15:08.255021312,416.1931,0.0
2020-02-17,14.614527,108.084946,2020-02-17 06:15:08.282017792,414.09012,0.0
2020-02-17,14.597092,108.09405,2020-02-17 06:15:08.336010496,414.88904,0.0
2020-02-17,14.588339,108.09847,2020-02-17 06:15:08.363006976,416.37137,0.0
2020-02-17,14.579568,108.10279,2020-02-17 06:15:08.388997632,414.68277,0.0
2020-02-17,14.570759,108.107056,2020-02-17 06:15:08.415994112,413.98227,0.0
2020-02-17,14.651803,108.07108,2020-02-17 06:15:08.562000128,414.62524,0.0
2020-02-17,14.643204,108.07582,2020-02-17 06:15:08.587990784,415.546,0.0
2020-02-17,14.634596,108.08049,2020-02-17 06:15:08.614987008,414.4252,0.0
2020-02-17,14.61717,108.08961,2020-02-17 06:15:08.669020160,414.63727,0.0
2020-02-17,14.608421,108.09405,2020-02-17 06:15:08.696016896,415.32748,0.0
2020-02-17,14.599654,108.09838,2020-02-17 06:15:08.723013120,414.23843,0.0
2020-02-17,14.590843,108.10265,2020-02-17 06:15:08.749003776,413.4793,0.0
2020-02-17,14.671894,108.06664,2020-02-17 06:15:08.895009792,414.6958,0.0
2020-02-17,14.663283,108.07139,2020-02-17 06:15:08.921000448,415.1524,0.0
2020-02-17,14.654677,108.07606,2020-02-17 06:15:08.947996928,415.0066,0.0
2020-02-17,14.645943,108.08068,2020-02-17 06:15:08.974993152,414.09802,0.0
2020-02-17,14.637256,108.08519,2020-02-17 06:15:09.001989632,414.06857,0.0
2020-02-17,14.628509,108.08963,2020-02-17 06:15:09.029026304,416.17105,0.0
2020-02-17,14.619748,108.09396,2020-02-17 06:15:09.056022528,415.25116,0.0
2020-02-17,14.610941,108.09824,2020-02-17 06:15:09.083019264,414.4542,0.0
2020-02-17,14.683372,108.066956,2020-02-17 06:15:09.255015936,414.71735,0.0
2020-02-17,14.67476,108.07163,2020-02-17 06:15:09.282012160,415.59973,0.0
2020-02-17,14.666026,108.07626,2020-02-17 06:15:09.309008640,414.73282,0.0
2020-02-17,14.657341,108.08077,2020-02-17 06:15:09.336005120,415.2984,0.0
2020-02-17,14.648596,108.08522,2020-02-17 06:15:09.363001600,414.25156,0.0
2020-02-17,14.631046,108.09383,2020-02-17 06:15:09.415988736,416.15936,0.0
2020-02-17,14.6949,108.0672,2020-02-17 06:15:09.615021824,414.2211,0.0
2020-02-17,14.686175,108.07183,2020-02-17 06:15:09.642018304,415.6498,0.0
2020-02-17,14.6775,108.07635,2020-02-17 06:15:09.669015040,414.35907,0.0
2020-02-17,14.668764,108.080795,2020-02-17 06:15:09.696011264,413.9961,0.0
2020-02-17,14.660013,108.08514,2020-02-17 06:15:09.723007744,414.76474,0.0
2020-02-17,14.651216,108.089424,2020-02-17 06:15:09.748998144,414.69342,0.0
2020-02-17,14.732257,108.05332,2020-02-17 06:15:09.895004160,413.65414,0.0
2020-02-17,14.680193,108.08072,2020-02-17 06:15:10.056017408,415.0261,0.0
2020-02-17,14.671403,108.08501,2020-02-17 06:15:10.083013888,415.30322,0.0
2020-02-17,14.691586,108.08059,2020-02-17 06:15:10.416023552,414.4666,0.0
2020-02-17,14.752031,108.06727,2020-02-17 06:15:11.416017920,413.97385,0.0
2020-02-17,14.815862,108.040405,2020-02-17 06:15:11.615011328,414.02817,0.0
2020-02-17,14.836067,108.03583,2020-02-17 06:15:11.948020736,413.77115,0.0
2020-02-17,14.827359,108.04048,2020-02-17 06:15:11.975016960,414.6243,0.0
2020-02-17,14.847567,108.03592,2020-02-17 06:15:12.308992512,413.5606,0.0
2020-02-17,14.838909,108.04046,2020-02-17 06:15:12.335988992,413.14362,0.0
2020-02-17,14.850465,108.04042,2020-02-17 06:15:12.695994880,413.11853,0.0
2020-02-17,14.832932,108.04915,2020-02-17 06:15:12.749022208,413.50623,0.0
2020-02-17,14.905363,108.01747,2020-02-17 06:15:12.921018880,413.35568,0.0
2020-02-17,14.853256,108.04461,2020-02-17 06:15:13.082997504,412.86728,0.0
2020-02-17,14.873545,108.0401,2020-02-17 06:15:13.416007168,413.87454,0.0
2020-02-17,22.69413,106.23188,2020-02-17 06:17:22.309011456,413.12833,0.0
2020-02-24,10.507678,107.43599,2020-02-24 06:20:14.894999552,412.72275,0.0
2020-02-24,10.498405,107.43896,2020-02-24 06:20:14.920990208,414.1879,0.0
2020-02-24,10.527783,107.43131,2020-02-24 06:20:15.228009216,414.34592,0.0
2020-02-24,10.518513,107.43428,2020-02-24 06:20:15.255005696,414.4898,0.0
2020-02-24,10.509178,107.43719,2020-02-24 06:20:15.282001920,412.4569,0.0
2020-02-24,10.49981,107.44002,2020-02-24 06:20:15.308998656,413.24213,0.0
2020-02-24,10.547888,107.426704,2020-02-24 06:20:15.562024704,414.63812,0.0
2020-02-24,10.538618,107.429695,2020-02-24 06:20:15.588015360,414.44324,0.0
2020-02-24,10.5292845,107.432625,2020-02-24 06:20:15.615011584,414.4557,0.0
2020-02-24,10.519918,107.43547,2020-02-24 06:20:15.642008320,413.46045,0.0
2020-02-24,10.510617,107.43822,2020-02-24 06:20:15.669004800,413.65366,0.0
2020-02-24,10.501267,107.44088,2020-02-24 06:20:15.696001024,413.68378,0.0
2020-02-24,10.567989,107.42218,2020-02-24 06:20:15.894994176,413.44138,0.0
2020-02-24,10.558722,107.42518,2020-02-24 06:20:15.921025024,414.45514,0.0
2020-02-24,10.549391,107.42811,2020-02-24 06:20:15.948021504,414.08896,0.0
2020-02-24,10.540026,107.43097,2020-02-24 06:20:15.975017728,414.5438,0.0
2020-02-24,10.530726,107.433716,2020-02-24 06:20:16.002014208,413.8451,0.0
2020-02-24,10.5213785,107.43639,2020-02-24 06:20:16.029010688,413.8759,0.0
2020-02-24,10.512008,107.43899,2020-02-24 06:20:16.056007168,413.84888,0.0
2020-02-24,10.58809,107.417656,2020-02-24 06:20:16.228003840,412.5899,0.0
2020-02-24,10.578826,107.42066,2020-02-24 06:20:16.255000064,412.24646,0.0
2020-02-24,10.569496,107.4236,2020-02-24 06:20:16.281996800,413.1668,0.0
2020-02-24,10.560133,107.42646,2020-02-24 06:20:16.308993024,414.16418,0.0
2020-02-24,10.550836,107.42922,2020-02-24 06:20:16.335989504,413.98538,0.0
2020-02-24,10.541489,107.4319,2020-02-24 06:20:16.363026176,414.61365,0.0
2020-02-24,10.532121,107.4345,2020-02-24 06:20:16.389016832,414.72562,0.0
2020-02-24,10.522726,107.43703,2020-02-24 06:20:16.416013312,413.69522,0.0
2020-02-24,10.608218,107.41319,2020-02-24 06:20:16.562019328,413.63736,0.0
2020-02-24,10.598965,107.416214,2020-02-24 06:20:16.588009728,413.82336,0.0
2020-02-24,10.589642,107.41917,2020-02-24 06:20:16.615006464,412.5469,0.0
2020-02-24,10.580286,107.42204,2020-02-24 06:20:16.642002944,412.7022,0.0
2020-02-24,10.570994,107.42482,2020-02-24 06:20:16.668999168,412.81677,0.0
2020-02-24,10.561655,107.42751,2020-02-24 06:20:16.695995648,414.1087,0.0
2020-02-24,10.552293,107.43013,2020-02-24 06:20:16.722991872,414.21033,0.0
2020-02-24,10.542903,107.43267,2020-02-24 06:20:16.749022976,414.0874,0.0
2020-02-24,10.628383,107.4088,2020-02-24 06:20:16.894988800,413.77106,0.0
2020-02-24,10.619131,107.41182,2020-02-24 06:20:16.921019648,412.64395,0.0
2020-02-24,10.609811,107.41478,2020-02-24 06:20:16.948015872,412.95587,0.0
2020-02-24,10.600456,107.41766,2020-02-24 06:20:16.975012352,413.6888,0.0
2020-02-24,10.591167,107.42044,2020-02-24 06:20:17.002008832,413.13937,0.0
2020-02-24,10.581829,107.42315,2020-02-24 06:20:17.029005312,412.83054,0.0
2020-02-24,10.572469,107.425766,2020-02-24 06:20:17.056001536,412.96,0.0
2020-02-24,10.56308,107.428314,2020-02-24 06:20:17.082998272,413.43845,0.0
2020-02-24,10.648546,107.404396,2020-02-24 06:20:17.227998208,413.0159,0.0
2020-02-24,10.639298,107.40743,2020-02-24 06:20:17.254994944,412.90555,0.0
2020-02-24,10.62998,107.41039,2020-02-24 06:20:17.281991168,413.3481,0.0
2020-02-24,10.620627,107.413284,2020-02-24 06:20:17.308987648,412.75342,0.0
2020-02-24,10.61134,107.41607,2020-02-24 06:20:17.336024320,412.91885,0.0
2020-02-24,10.602003,107.41878,2020-02-24 06:20:17.363020800,413.40695,0.0
2020-02-24,10.592645,107.42141,2020-02-24 06:20:17.389011456,412.8861,0.0
2020-02-24,10.58326,107.42396,2020-02-24 06:20:17.416007680,412.9546,0.0
2020-02-24,10.66874,107.40002,2020-02-24 06:20:17.562013952,413.99786,0.0
2020-02-24,10.6595,107.40306,2020-02-24 06:20:17.588004608,412.88068,0.0
2020-02-24,10.6501875,107.40604,2020-02-24 06:20:17.615001088,413.21075,0.0
2020-02-24,10.640842,107.408936,2020-02-24 06:20:17.641997312,413.12354,0.0
2020-02-24,10.631561,107.41173,2020-02-24 06:20:17.668993792,413.16113,0.0
2020-02-24,10.6222315,107.41445,2020-02-24 06:20:17.695990016,412.9257,0.0
2020-02-24,10.61288,107.41709,2020-02-24 06:20:17.722986752,412.98434,0.0
2020-02-24,10.603498,107.41965,2020-02-24 06:20:17.749017600,413.22226,0.0
2020-02-24,10.688967,107.39567,2020-02-24 06:20:17.895023616,413.33127,0.0
2020-02-24,10.679729,107.39871,2020-02-24 06:20:17.921014016,413.50052,0.0
2020-02-24,10.670419,107.401695,2020-02-24 06:20:17.948010496,413.78857,0.0
2020-02-24,10.661075,107.4046,2020-02-24 06:20:17.975006976,413.26572,0.0
2020-02-24,10.651795,107.4074,2020-02-24 06:20:18.002003456,413.6291,0.0
2020-02-24,10.6424675,107.410126,2020-02-24 06:20:18.028999680,413.11987,0.0
2020-02-24,10.633118,107.41277,2020-02-24 06:20:18.055996416,413.43335,0.0
2020-02-24,10.623738,107.41534,2020-02-24 06:20:18.082992896,413.08478,0.0
2020-02-24,10.709194,107.39131,2020-02-24 06:20:18.227993088,413.58826,0.0
2020-02-24,10.699959,107.39436,2020-02-24 06:20:18.254989312,413.33392,0.0
2020-02-24,10.69065,107.397354,2020-02-24 06:20:18.282025984,412.52274,0.0
2020-02-24,10.681308,107.40027,2020-02-24 06:20:18.309022464,413.18848,0.0
2020-02-24,10.67203,107.403076,2020-02-24 06:20:18.336018944,413.3271,0.0
2020-02-24,10.6627035,107.40581,2020-02-24 06:20:18.363015424,413.35416,0.0
2020-02-24,10.653356,107.408455,2020-02-24 06:20:18.389005824,412.97763,0.0
2020-02-24,10.643978,107.41103,2020-02-24 06:20:18.416002304,413.108,0.0
2020-02-24,10.729421,107.38699,2020-02-24 06:20:18.562008320,412.5301,0.0
2020-02-24,10.720186,107.39006,2020-02-24 06:20:18.587999232,412.7023,0.0
2020-02-24,10.710879,107.39306,2020-02-24 06:20:18.614995456,412.80206,0.0
2020-02-24,10.701539,107.39599,2020-02-24 06:20:18.641991936,413.531,0.0
2020-02-24,10.692263,107.3988,2020-02-24 06:20:18.668988160,412.87158,0.0
2020-02-24,10.682939,107.40155,2020-02-24 06:20:18.696024832,413.72882,0.0
2020-02-24,10.673591,107.40421,2020-02-24 06:20:18.723021568,413.33072,0.0
2020-02-24,10.664215,107.40679,2020-02-24 06:20:18.749011968,412.9126,0.0
2020-02-24,10.749649,107.38271,2020-02-24 06:20:18.895017984,413.37204,0.0
2020-02-24,10.740414,107.38579,2020-02-24 06:20:18.921008640,413.1712,0.0
2020-02-24,10.731109,107.388794,2020-02-24 06:20:18.948005120,413.19208,0.0
2020-02-24,10.72177,107.39172,2020-02-24 06:20:18.975001600,412.62888,0.0
2020-02-24,10.712496,107.39455,2020-02-24 06:20:19.001997824,413.27466,0.0
2020-02-24,10.703173,107.3973,2020-02-24 06:20:19.028994560,413.23065,0.0
2020-02-24,10.693827,107.39997,2020-02-24 06:20:19.055991040,412.70963,0.0
2020-02-24,10.684452,107.40256,2020-02-24 06:20:19.082987264,412.5017,0.0
2020-02-24,10.769874,107.37844,2020-02-24 06:20:19.227987456,413.72357,0.0
2020-02-24,10.760641,107.381516,2020-02-24 06:20:19.255024128,412.68448,0.0
2020-02-24,10.751338,107.38453,2020-02-24 06:20:19.282020608,413.3864,0.0
2020-02-24,10.742001,107.38747,2020-02-24 06:20:19.309017088,413.16068,0.0
2020-02-24,10.732728,107.3903,2020-02-24 06:20:19.336013568,413.2018,0.0
2020-02-24,10.723407,107.39305,2020-02-24 06:20:19.363010048,413.6217,0.0
2020-02-24,10.714063,107.39573,2020-02-24 06:20:19.389000448,413.01447,0.0
2020-02-24,10.704687,107.39832,2020-02-24 06:20:19.415996928,412.8331,0.0
2020-02-24,10.790057,107.37415,2020-02-24 06:20:19.562003200,413.32526,0.0
2020-02-24,10.78082,107.377235,2020-02-24 06:20:19.587993600,412.96204,0.0
2020-02-24,10.771511,107.38026,2020-02-24 06:20:19.614990080,413.02774,0.0
2020-02-24,10.762169,107.383194,2020-02-24 06:20:19.642026752,412.93127,0.0
2020-02-24,10.752891,107.38603,2020-02-24 06:20:19.669022976,413.46674,0.0
2020-02-24,10.743564,107.388794,2020-02-24 06:20:19.696019712,412.39597,0.0
2020-02-24,10.734215,107.39147,2020-02-24 06:20:19.723015936,413.62698,0.0
2020-02-24,10.724836,107.39407,2020-02-24 06:20:19.749006848,413.07968,0.0
2020-02-24,10.810194,107.369865,2020-02-24 06:20:19.895012608,413.13855,0.0
2020-02-24,10.80096,107.372955,2020-02-24 06:20:19.921003264,412.6994,0.0
2020-02-24,10.791652,107.37598,2020-02-24 06:20:19.947999744,412.86826,0.0
2020-02-24,10.782311,107.37892,2020-02-24 06:20:19.974995968,413.05814,0.0
2020-02-24,10.773035,107.38177,2020-02-24 06:20:20.001992704,412.7675,0.0
2020-02-24,10.76371,107.38454,2020-02-24 06:20:20.028989184,412.7586,0.0
2020-02-24,10.754362,107.38722,2020-02-24 06:20:20.056025856,412.9532,0.0
2020-02-24,10.744986,107.389824,2020-02-24 06:20:20.083022080,412.29715,0.0
2020-02-24,10.830331,107.36557,2020-02-24 06:20:20.228022272,413.2071,0.0
2020-02-24,10.821098,107.36867,2020-02-24 06:20:20.255018752,413.14645,0.0
2020-02-24,10.811793,107.3717,2020-02-24 06:20:20.282015232,412.6159,0.0
2020-02-24,10.802455,107.37465,2020-02-24 06:20:20.309011712,412.85648,0.0
2020-02-24,10.7931795,107.3775,2020-02-24 06:20:20.336008192,412.62155,0.0
2020-02-24,10.783856,107.38027,2020-02-24 06:20:20.363004416,413.00415,0.0
2020-02-24,10.774509,107.382965,2020-02-24 06:20:20.388995072,412.92307,0.0
2020-02-24,10.765135,107.385574,2020-02-24 06:20:20.415991552,412.67783,0.0
2020-02-24,10.850476,107.361244,2020-02-24 06:20:20.561997568,413.4166,0.0
2020-02-24,10.8412485,107.36434,2020-02-24 06:20:20.587988224,413.25372,0.0
2020-02-24,10.831946,107.36737,2020-02-24 06:20:20.615024896,413.06833,0.0
2020-02-24,10.822611,107.37032,2020-02-24 06:20:20.642021120,413.1028,0.0
2020-02-24,10.81334,107.37317,2020-02-24 06:20:20.669017856,412.70087,0.0
2020-02-24,10.804019,107.375946,2020-02-24 06:20:20.696014080,412.48453,0.0
2020-02-24,10.794676,107.37864,2020-02-24 06:20:20.723010560,412.6606,0.0
2020-02-24,10.785304,107.38125,2020-02-24 06:20:20.749001216,412.8967,0.0
2020-02-24,10.870634,107.35687,2020-02-24 06:20:20.895007232,413.82056,0.0
2020-02-24,10.861407,107.35997,2020-02-24 06:20:20.920997888,412.85754,0.0
2020-02-24,10.852107,107.36301,2020-02-24 06:20:20.947994112,412.84024,0.0
2020-02-24,10.842773,107.36597,2020-02-24 06:20:20.974990848,413.4359,0.0
2020-02-24,10.833504,107.36882,2020-02-24 06:20:21.002027520,412.4113,0.0
2020-02-24,10.824185,107.371605,2020-02-24 06:20:21.029024000,412.86874,0.0
2020-02-24,10.814843,107.3743,2020-02-24 06:20:21.056020224,412.51056,0.0
2020-02-24,10.805473,107.37692,2020-02-24 06:20:21.083016704,412.8462,0.0
2020-02-24,10.890791,107.3525,2020-02-24 06:20:21.228016896,413.93478,0.0
2020-02-24,10.881566,107.355606,2020-02-24 06:20:21.255013376,412.94727,0.0
2020-02-24,10.872268,107.35865,2020-02-24 06:20:21.282009856,413.1772,0.0
2020-02-24,10.862936,107.36162,2020-02-24 06:20:21.309006336,412.97168,0.0
2020-02-24,10.853668,107.36448,2020-02-24 06:20:21.336002560,412.93933,0.0
2020-02-24,10.844351,107.36726,2020-02-24 06:20:21.362999040,413.12234,0.0
2020-02-24,10.8350115,107.369965,2020-02-24 06:20:21.388989696,413.2011,0.0
2020-02-24,10.825641,107.37259,2020-02-24 06:20:21.416026368,413.0284,0.0
2020-02-24,10.910916,107.348114,2020-02-24 06:20:21.561992192,413.29626,0.0
2020-02-24,10.901689,107.35123,2020-02-24 06:20:21.588023040,413.60907,0.0
2020-02-24,10.892387,107.35427,2020-02-24 06:20:21.615019264,413.2133,0.0
2020-02-24,10.883052,107.35725,2020-02-24 06:20:21.642016000,413.5229,0.0
2020-02-24,10.87378,107.36011,2020-02-24 06:20:21.669012224,413.32834,0.0
2020-02-24,10.86446,107.3629,2020-02-24 06:20:21.696008704,412.73685,0.0
2020-02-24,10.855117,107.36561,2020-02-24 06:20:21.723005184,413.5339,0.0
2020-02-24,10.845744,107.36823,2020-02-24 06:20:21.748995840,412.8524,0.0
2020-02-24,10.931008,107.34372,2020-02-24 06:20:21.895001856,413.17456,0.0
2020-02-24,10.9217825,107.34683,2020-02-24 06:20:21.920992256,413.85562,0.0
2020-02-24,10.912482,107.34989,2020-02-24 06:20:21.947988992,412.8,0.0
2020-02-24,10.903149,107.35287,2020-02-24 06:20:21.975025664,413.0193,0.0
2020-02-24,10.893879,107.355736,2020-02-24 06:20:22.002022144,413.16406,0.0
2020-02-24,10.884561,107.35853,2020-02-24 06:20:22.029018368,413.38052,0.0
2020-02-24,10.875218,107.361244,2020-02-24 06:20:22.056014848,412.83163,0.0
2020-02-24,10.865848,107.363884,2020-02-24 06:20:22.083011072,412.91827,0.0
2020-02-24,10.941869,107.342445,2020-02-24 06:20:22.255008000,413.3273,0.0
2020-02-24,10.932578,107.345505,2020-02-24 06:20:22.282004480,413.46478,0.0
2020-02-24,10.923246,107.34849,2020-02-24 06:20:22.309000704,413.2037,0.0
2020-02-24,10.913979,107.351364,2020-02-24 06:20:22.335997184,412.5902,0.0
2020-02-24,10.904661,107.354164,2020-02-24 06:20:22.362993664,412.86554,0.0
2020-02-24,10.895321,107.35689,2020-02-24 06:20:22.389024512,413.6288,0.0
2020-02-24,10.885958,107.35953,2020-02-24 06:20:22.416020992,413.19168,0.0
2020-02-24,10.971215,107.334915,2020-02-24 06:20:22.562027008,413.23557,0.0
2020-02-24,10.961989,107.33804,2020-02-24 06:20:22.588017408,413.27075,0.0
2020-02-24,10.952704,107.34111,2020-02-24 06:20:22.615014144,412.9774,0.0
2020-02-24,10.943378,107.34409,2020-02-24 06:20:22.642010368,413.101,0.0
2020-02-24,10.934115,107.34698,2020-02-24 06:20:22.669006848,413.05045,0.0
2020-02-24,10.924804,107.349785,2020-02-24 06:20:22.696003328,413.27975,0.0
2020-02-24,10.915469,107.35251,2020-02-24 06:20:22.722999808,412.81808,0.0
2020-02-24,10.90611,107.35515,2020-02-24 06:20:22.748990208,412.85165,0.0
2020-02-24,10.991357,107.330505,2020-02-24 06:20:22.894996480,412.7649,0.0
2020-02-24,10.982132,107.33364,2020-02-24 06:20:22.920987136,412.99304,0.0
2020-02-24,10.972848,107.33671,2020-02-24 06:20:22.948023808,412.93927,0.0
2020-02-24,10.963524,107.3397,2020-02-24 06:20:22.975020288,413.2714,0.0
2020-02-24,10.954264,107.34258,2020-02-24 06:20:23.002016512,412.20554,0.0
2020-02-24,10.944953,107.3454,2020-02-24 06:20:23.029012992,412.75803,0.0
2020-02-24,10.93562,107.34813,2020-02-24 06:20:23.056009216,412.94016,0.0
2020-02-24,10.926263,107.350784,2020-02-24 06:20:23.083005952,413.17343,0.0
2020-02-24,11.011498,107.32609,2020-02-24 06:20:23.228006144,412.99957,0.0
2020-02-24,11.002275,107.32923,2020-02-24 06:20:23.255002624,412.53745,0.0
2020-02-24,10.992992,107.332306,2020-02-24 06:20:23.281998848,412.51962,0.0
2020-02-24,10.98367,107.335304,2020-02-24 06:20:23.308995328,412.93777,0.0
2020-02-24,10.974411,107.338196,2020-02-24 06:20:23.335991808,412.93878,0.0
2020-02-24,10.965103,107.34102,2020-02-24 06:20:23.362988288,412.73123,0.0
2020-02-24,10.955771,107.34376,2020-02-24 06:20:23.389019136,412.37466,0.0
2020-02-24,10.946417,107.34641,2020-02-24 06:20:23.416015616,412.75018,0.0
2020-02-24,11.02244,107.32481,2020-02-24 06:20:23.588012288,413.07523,0.0
2020-02-24,11.013162,107.32789,2020-02-24 06:20:23.615008512,412.48688,0.0
2020-02-24,11.003843,107.33089,2020-02-24 06:20:23.642004992,412.48376,0.0
2020-02-24,10.99459,107.333786,2020-02-24 06:20:23.669001472,412.7399,0.0
2020-02-24,10.985286,107.33661,2020-02-24 06:20:23.695997952,412.60553,0.0
2020-02-24,10.97596,107.33935,2020-02-24 06:20:23.722994432,412.95782,0.0
2020-02-24,10.966608,107.34201,2020-02-24 06:20:23.749025024,412.64105,0.0
2020-02-24,11.033344,107.323456,2020-02-24 06:20:23.948018432,413.0917,0.0
2020-02-24,11.024029,107.32646,2020-02-24 06:20:23.975014656,412.7573,0.0
2020-02-24,11.014776,107.32937,2020-02-24 06:20:24.002011136,412.491,0.0
2020-02-24,11.005474,107.3322,2020-02-24 06:20:24.029007360,412.48325,0.0
2020-02-24,10.99615,107.334946,2020-02-24 06:20:24.056004096,413.0957,0.0
2020-02-24,10.986799,107.33761,2020-02-24 06:20:24.083000320,412.62677,0.0
2020-02-24,11.053528,107.31902,2020-02-24 06:20:24.281993472,412.76685,0.0
2020-02-24,11.044213,107.32204,2020-02-24 06:20:24.308989952,412.92444,0.0
2020-02-24,11.034963,107.32495,2020-02-24 06:20:24.336026624,413.22687,0.0
2020-02-24,11.025662,107.32778,2020-02-24 06:20:24.363023104,413.1384,0.0
2020-02-24,11.016339,107.330536,2020-02-24 06:20:24.389013760,412.3579,0.0
2020-02-24,11.0069895,107.333206,2020-02-24 06:20:24.416010240,412.45828,0.0
2020-02-24,11.055136,107.32041,2020-02-24 06:20:24.668996096,412.95996,0.0
2020-02-24,11.0458355,107.323235,2020-02-24 06:20:24.695992576,413.1528,0.0
2020-02-24,11.036512,107.32598,2020-02-24 06:20:24.722988800,413.45804,0.0
2020-02-24,11.075304,107.315834,2020-02-24 06:20:25.002005504,412.60092,0.0
2020-02-24,11.066006,107.31867,2020-02-24 06:20:25.029002240,413.04825,0.0
2020-02-24,11.0566845,107.32143,2020-02-24 06:20:25.055998464,412.90427,0.0
2020-02-24,11.13251,107.29907,2020-02-24 06:20:25.227995136,413.69577,0.0
2020-02-24,11.123301,107.30223,2020-02-24 06:20:25.254991616,413.13113,0.0
2020-02-24,11.114029,107.30533,2020-02-24 06:20:25.281988096,412.75052,0.0
2020-02-24,11.104719,107.30835,2020-02-24 06:20:25.309024768,412.46262,0.0
2020-02-24,11.095472,107.311264,2020-02-24 06:20:25.336021248,412.61343,0.0
2020-02-24,11.086176,107.31411,2020-02-24 06:20:25.363017472,412.70547,0.0
2020-02-24,11.076857,107.316864,2020-02-24 06:20:25.389008384,412.04068,0.0
2020-02-24,11.067511,107.31956,2020-02-24 06:20:25.416004608,413.06088,0.0
2020-02-24,11.152691,107.2946,2020-02-24 06:20:25.562010880,412.35394,0.0
2020-02-24,11.143486,107.29779,2020-02-24 06:20:25.588001280,412.4668,0.0
2020-02-24,11.134219,107.30092,2020-02-24 06:20:25.614997760,412.47726,0.0
2020-02-24,11.124914,107.30396,2020-02-24 06:20:25.641994240,413.2045,0.0
2020-02-24,11.115672,107.30691,2020-02-24 06:20:25.668990720,413.12347,0.0
2020-02-24,11.10638,107.30978,2020-02-24 06:20:25.695986944,412.78925,0.0
2020-02-24,11.097066,107.31257,2020-02-24 06:20:25.723023616,412.91113,0.0
2020-02-24,11.163689,107.29347,2020-02-24 06:20:25.921010944,412.53064,0.0
2020-02-24,11.154424,107.29661,2020-02-24 06:20:25.948007424,411.99225,0.0
2020-02-24,11.145121,107.29966,2020-02-24 06:20:25.975003648,412.284,0.0
2020-02-24,11.13588,107.30261,2020-02-24 06:20:26.002000384,412.48676,0.0
2020-02-24,11.126591,107.30549,2020-02-24 06:20:26.028996608,413.22342,0.0
2020-02-24,11.117277,107.30828,2020-02-24 06:20:26.055993088,412.92697,0.0
2020-02-24,11.193095,107.28596,2020-02-24 06:20:26.227989760,412.6705,0.0
2020-02-24,11.183894,107.289154,2020-02-24 06:20:26.254986240,412.31784,0.0
2020-02-24,11.174629,107.2923,2020-02-24 06:20:26.282022912,412.19153,0.0
2020-02-24,11.165328,107.29536,2020-02-24 06:20:26.309019392,412.34567,0.0
2020-02-24,11.156089,107.29831,2020-02-24 06:20:26.336015616,412.42017,0.0
2020-02-24,11.146801,107.30119,2020-02-24 06:20:26.363012352,412.50546,0.0
2020-02-24,11.137489,107.30399,2020-02-24 06:20:26.389002752,412.26425,0.0
2020-02-24,11.128148,107.30671,2020-02-24 06:20:26.415999232,412.5498,0.0
2020-02-24,11.21326,107.281586,2020-02-24 06:20:26.562005248,413.3178,0.0
2020-02-24,11.204054,107.28478,2020-02-24 06:20:26.587995904,413.4665,0.0
2020-02-24,11.194785,107.28792,2020-02-24 06:20:26.614992384,412.49405,0.0
2020-02-24,11.185479,107.29098,2020-02-24 06:20:26.641988864,412.1968,0.0
2020-02-24,11.176236,107.29393,2020-02-24 06:20:26.669025536,412.44778,0.0
2020-02-24,11.166944,107.29681,2020-02-24 06:20:26.696021760,412.36658,0.0
2020-02-24,11.157627,107.29961,2020-02-24 06:20:26.723018240,412.67303,0.0
2020-02-24,11.148284,107.30232,2020-02-24 06:20:26.749008896,412.6623,0.0
2020-02-24,11.233382,107.27715,2020-02-24 06:20:26.895014912,413.24008,0.0
2020-02-24,11.224179,107.28036,2020-02-24 06:20:26.921005568,412.85306,0.0
2020-02-24,11.214912,107.2835,2020-02-24 06:20:26.948001792,413.48654,0.0
2020-02-24,11.205608,107.28657,2020-02-24 06:20:26.974998528,413.5858,0.0
2020-02-24,11.196367,107.28952,2020-02-24 06:20:27.001994752,413.22363,0.0
2020-02-24,11.187076,107.29241,2020-02-24 06:20:27.028991232,412.88297,0.0
2020-02-24,11.177761,107.29521,2020-02-24 06:20:27.055987712,412.95593,0.0
2020-02-24,11.16842,107.297935,2020-02-24 06:20:27.083024384,412.18573,0.0
2020-02-24,11.253507,107.27273,2020-02-24 06:20:27.228024576,412.85913,0.0
2020-02-24,11.244304,107.27594,2020-02-24 06:20:27.255021056,412.75385,0.0
2020-02-24,11.23504,107.27908,2020-02-24 06:20:27.282017536,412.54868,0.0
2020-02-24,11.225738,107.28216,2020-02-24 06:20:27.309013760,412.52054,0.0
2020-02-24,11.216498,107.28512,2020-02-24 06:20:27.336010496,413.5968,0.0
2020-02-24,11.207209,107.28801,2020-02-24 06:20:27.363006720,413.39023,0.0
2020-02-24,11.197896,107.29082,2020-02-24 06:20:27.388997376,413.63898,0.0
2020-02-24,11.188555,107.29355,2020-02-24 06:20:27.415993600,412.46683,0.0
2020-02-24,11.26442,107.2715,2020-02-24 06:20:27.587990528,412.80692,0.0
2020-02-24,11.255156,107.27465,2020-02-24 06:20:27.614987008,412.7405,0.0
2020-02-24,11.245853,107.277725,2020-02-24 06:20:27.642023680,413.32883,0.0
2020-02-24,11.236614,107.28069,2020-02-24 06:20:27.669019904,412.6527,0.0
2020-02-24,11.2273245,107.283585,2020-02-24 06:20:27.696016384,413.0086,0.0
2020-02-24,11.218012,107.2864,2020-02-24 06:20:27.723012864,412.87286,0.0
2020-02-24,11.208672,107.28913,2020-02-24 06:20:27.749003520,413.0207,0.0
2020-02-24,11.275265,107.2702,2020-02-24 06:20:27.947996672,412.8509,0.0
2020-02-24,11.2659645,107.273285,2020-02-24 06:20:27.974992896,413.07755,0.0
2020-02-24,11.256726,107.27626,2020-02-24 06:20:28.001989376,412.61462,0.0
2020-02-24,11.247439,107.27916,2020-02-24 06:20:28.029026048,413.2603,0.0
2020-02-24,11.238128,107.281975,2020-02-24 06:20:28.056022528,412.66968,0.0
2020-02-24,11.228789,107.28471,2020-02-24 06:20:28.083019008,412.78516,0.0
2020-02-24,11.313825,107.25937,2020-02-24 06:20:28.228019200,412.78174,0.0
2020-02-24,11.304638,107.262596,2020-02-24 06:20:28.255015680,413.22745,0.0
2020-02-24,11.295374,107.26576,2020-02-24 06:20:28.282011904,412.81033,0.0
2020-02-24,11.286075,107.268845,2020-02-24 06:20:28.309008640,413.03067,0.0
2020-02-24,11.276839,107.27183,2020-02-24 06:20:28.336004864,412.54453,0.0
2020-02-24,11.267553,107.274734,2020-02-24 06:20:28.363001344,412.8036,0.0
2020-02-24,11.258244,107.27756,2020-02-24 06:20:28.388991744,413.16107,0.0
2020-02-24,11.248906,107.280304,2020-02-24 06:20:28.415988480,412.6936,0.0
2020-02-24,11.333942,107.25493,2020-02-24 06:20:28.561994496,413.21362,0.0
2020-02-24,11.324767,107.25816,2020-02-24 06:20:28.588025344,414.16895,0.0
2020-02-24,11.315509,107.26133,2020-02-24 06:20:28.615021824,413.1582,0.0
2020-02-24,11.306215,107.26443,2020-02-24 06:20:28.642018048,412.6774,0.0
2020-02-24,11.296985,107.26741,2020-02-24 06:20:28.669014528,412.8245,0.0
2020-02-24,11.2877035,107.270325,2020-02-24 06:20:28.696011008,412.11154,0.0
2020-02-24,11.278399,107.27316,2020-02-24 06:20:28.723007488,412.13828,0.0
2020-02-24,11.269065,107.27591,2020-02-24 06:20:28.748998144,412.82944,0.0
2020-02-24,11.354088,107.250496,2020-02-24 06:20:28.895004160,412.76306,0.0
2020-02-24,11.344916,107.25374,2020-02-24 06:20:28.920994816,412.2996,0.0
2020-02-24,11.335659,107.25691,2020-02-24 06:20:28.947991040,412.9771,0.0
2020-02-24,11.326367,107.26001,2020-02-24 06:20:28.974987520,412.7661,0.0
2020-02-24,11.317139,107.26301,2020-02-24 06:20:29.002024192,413.4727,0.0
2020-02-24,11.307859,107.26593,2020-02-24 06:20:29.029020672,412.98007,0.0
2020-02-24,11.298556,107.26877,2020-02-24 06:20:29.056017152,412.76282,0.0
2020-02-24,11.289224,107.27152,2020-02-24 06:20:29.083013632,412.59006,0.0
2020-02-24,11.374238,107.24606,2020-02-24 06:20:29.228013824,412.9247,0.0
2020-02-24,11.365065,107.24931,2020-02-24 06:20:29.255010048,413.0689,0.0
2020-02-24,11.355809,107.252495,2020-02-24 06:20:29.282006784,413.06958,0.0
2020-02-24,11.346519,107.2556,2020-02-24 06:20:29.309003008,413.1371,0.0
2020-02-24,11.337293,107.2586,2020-02-24 06:20:29.335999488,411.92368,0.0
2020-02-24,11.328015,107.26153,2020-02-24 06:20:29.362995968,412.42654,0.0
2020-02-24,11.318714,107.26437,2020-02-24 06:20:29.389026560,413.0054,0.0
2020-02-24,11.30938,107.267136,2020-02-24 06:20:29.416023296,412.3923,0.0
2020-02-24,11.394346,107.24163,2020-02-24 06:20:29.561989120,412.78226,0.0
2020-02-24,11.385169,107.24488,2020-02-24 06:20:29.588019968,412.4732,0.0
2020-02-24,11.375909,107.24807,2020-02-24 06:20:29.615016192,411.95615,0.0
2020-02-24,11.366614,107.25118,2020-02-24 06:20:29.642012672,412.88165,0.0
2020-02-24,11.357383,107.25418,2020-02-24 06:20:29.669009152,412.88748,0.0
2020-02-24,11.348101,107.25712,2020-02-24 06:20:29.696005632,412.82928,0.0
2020-02-24,11.338795,107.259964,2020-02-24 06:20:29.723001856,412.8212,0.0
2020-02-24,11.329459,107.26273,2020-02-24 06:20:29.748992768,412.77356,0.0
2020-02-24,11.414412,107.23719,2020-02-24 06:20:29.894998528,413.70615,0.0
2020-02-24,11.405237,107.24045,2020-02-24 06:20:29.920989184,413.3141,0.0
2020-02-24,11.39598,107.24364,2020-02-24 06:20:29.948025856,412.83585,0.0
2020-02-24,11.386686,107.24676,2020-02-24 06:20:29.975022336,413.45532,0.0
2020-02-24,11.377457,107.24977,2020-02-24 06:20:30.002018816,412.90833,0.0
2020-02-24,11.368176,107.25271,2020-02-24 06:20:30.029015296,412.67297,0.0
2020-02-24,11.358872,107.25556,2020-02-24 06:20:30.056011776,412.70352,0.0
2020-02-24,11.349538,107.25834,2020-02-24 06:20:30.083008000,412.62006,0.0
2020-02-24,11.434472,107.23275,2020-02-24 06:20:30.228008192,413.5296,0.0
2020-02-24,11.425306,107.23601,2020-02-24 06:20:30.255004928,413.22656,0.0
2020-02-24,11.41605,107.23921,2020-02-24 06:20:30.282001152,413.21545,0.0
2020-02-24,11.406759,107.24233,2020-02-24 06:20:30.308997632,412.9183,0.0
2020-02-24,11.397531,107.24535,2020-02-24 06:20:30.335994112,412.8391,0.0
2020-02-24,11.388252,107.2483,2020-02-24 06:20:30.362990336,413.31555,0.0
2020-02-24,11.378949,107.25116,2020-02-24 06:20:30.389021440,412.18124,0.0
2020-02-24,11.369616,107.253944,2020-02-24 06:20:30.416017664,413.2292,0.0
2020-02-24,11.454526,107.22832,2020-02-24 06:20:30.562023936,412.79883,0.0
2020-02-24,11.445361,107.23158,2020-02-24 06:20:30.588014336,412.27298,0.0
2020-02-24,11.436105,107.23479,2020-02-24 06:20:30.615010816,413.33847,0.0
2020-02-24,11.426814,107.237915,2020-02-24 06:20:30.642007296,412.24304,0.0
2020-02-24,11.417585,107.240944,2020-02-24 06:20:30.669003776,413.27182,0.0
2020-02-24,11.408306,107.2439,2020-02-24 06:20:30.696000000,412.72452,0.0
2020-02-24,11.399003,107.24676,2020-02-24 06:20:30.722996736,412.89386,0.0
2020-02-24,11.38967,107.24955,2020-02-24 06:20:30.749027584,412.8583,0.0
2020-02-24,11.474569,107.223885,2020-02-24 06:20:30.894993408,412.6663,0.0
2020-02-24,11.4654045,107.22716,2020-02-24 06:20:30.921024000,412.226,0.0
2020-02-24,11.456151,107.23037,2020-02-24 06:20:30.948020480,412.4419,0.0
2020-02-24,11.446861,107.233505,2020-02-24 06:20:30.975016960,412.952,0.0
2020-02-24,11.437634,107.236534,2020-02-24 06:20:31.002013440,412.3494,0.0
2020-02-24,11.428357,107.239494,2020-02-24 06:20:31.029009920,412.44653,0.0
2020-02-24,11.419057,107.24236,2020-02-24 06:20:31.056006144,412.6032,0.0
2020-02-24,11.409725,107.24516,2020-02-24 06:20:31.083002624,412.46652,0.0
2020-02-24,11.494616,107.21945,2020-02-24 06:20:31.228003072,413.15442,0.0
2020-02-24,11.485449,107.22273,2020-02-24 06:20:31.254999296,411.84464,0.0
2020-02-24,11.476196,107.225945,2020-02-24 06:20:31.281995776,412.4758,0.0
2020-02-24,11.466909,107.22909,2020-02-24 06:20:31.308992256,412.04358,0.0
2020-02-24,11.4576845,107.232124,2020-02-24 06:20:31.335988480,411.6638,0.0
2020-02-24,11.448409,107.23509,2020-02-24 06:20:31.363025152,412.53558,0.0
2020-02-24,11.43911,107.23797,2020-02-24 06:20:31.389015808,412.60202,0.0
2020-02-24,11.429782,107.240776,2020-02-24 06:20:31.416012288,411.4762,0.0
2020-02-24,11.514682,107.21504,2020-02-24 06:20:31.562018304,412.96536,0.0
2020-02-24,11.5055275,107.21833,2020-02-24 06:20:31.588008960,412.536,0.0
2020-02-24,11.496282,107.22156,2020-02-24 06:20:31.615005440,412.10693,0.0
2020-02-24,11.487001,107.22472,2020-02-24 06:20:31.642001920,412.66238,0.0
2020-02-24,11.477783,107.22776,2020-02-24 06:20:31.668998144,412.04956,0.0
2020-02-24,11.468514,107.230736,2020-02-24 06:20:31.695994880,412.49963,0.0
2020-02-24,11.459222,107.23363,2020-02-24 06:20:31.722991104,411.65753,0.0
2020-02-24,11.449899,107.236435,2020-02-24 06:20:31.749021952,412.58154,0.0
2020-02-24,11.534792,107.21066,2020-02-24 06:20:31.894987776,413.17007,0.0
2020-02-24,11.525634,107.21396,2020-02-24 06:20:31.921018624,412.97818,0.0
2020-02-24,11.51639,107.21719,2020-02-24 06:20:31.948015104,412.3885,0.0
2020-02-24,11.507112,107.22035,2020-02-24 06:20:31.975011584,412.30283,0.0
2020-02-24,11.497895,107.223404,2020-02-24 06:20:32.002008064,411.87604,0.0
2020-02-24,11.488628,107.22639,2020-02-24 06:20:32.029004288,413.03366,0.0
2020-02-24,11.479337,107.22928,2020-02-24 06:20:32.056000768,413.1868,0.0
2020-02-24,11.470016,107.23209,2020-02-24 06:20:32.082997248,412.52686,0.0
2020-02-24,11.554897,107.20628,2020-02-24 06:20:32.227997440,412.83694,0.0
2020-02-24,11.54574,107.20959,2020-02-24 06:20:32.254993920,412.6817,0.0
2020-02-24,11.536498,107.21283,2020-02-24 06:20:32.281990400,412.35577,0.0
2020-02-24,11.527222,107.21599,2020-02-24 06:20:32.308986624,412.68323,0.0
2020-02-24,11.518007,107.21905,2020-02-24 06:20:32.336023296,413.3603,0.0
2020-02-24,11.508741,107.22204,2020-02-24 06:20:32.363020032,411.77728,0.0
2020-02-24,11.499453,107.22494,2020-02-24 06:20:32.389010432,412.38806,0.0
2020-02-24,11.490134,107.22775,2020-02-24 06:20:32.416007168,412.19424,0.0
2020-02-24,11.575024,107.20183,2020-02-24 06:20:32.562012928,411.8916,0.0
2020-02-24,11.565876,107.205124,2020-02-24 06:20:32.588003584,412.87558,0.0
2020-02-24,11.55664,107.20836,2020-02-24 06:20:32.615000064,412.14246,0.0
2020-02-24,11.547369,107.21152,2020-02-24 06:20:32.641996288,412.84824,0.0
2020-02-24,11.53816,107.21457,2020-02-24 06:20:32.668993024,411.85742,0.0
2020-02-24,11.528901,107.217545,2020-02-24 06:20:32.695989248,412.57144,0.0
2020-02-24,11.519618,107.22044,2020-02-24 06:20:32.723025920,412.5697,0.0
2020-02-24,11.510304,107.22326,2020-02-24 06:20:32.749016576,413.13223,0.0
2020-02-24,11.595181,107.19729,2020-02-24 06:20:32.895022592,412.49118,0.0
2020-02-24,11.586035,107.20059,2020-02-24 06:20:32.921013248,412.45816,0.0
2020-02-24,11.576801,107.20383,2020-02-24 06:20:32.948009728,412.7085,0.0
2020-02-24,11.567533,107.20699,2020-02-24 06:20:32.975006208,412.8555,0.0
2020-02-24,11.558326,107.21005,2020-02-24 06:20:33.002002432,412.01025,0.0
2020-02-24,11.549068,107.213036,2020-02-24 06:20:33.028998912,413.26456,0.0
2020-02-24,11.539786,107.21594,2020-02-24 06:20:33.055995392,413.2061,0.0
2020-02-24,11.530475,107.218765,2020-02-24 06:20:33.082991872,413.1302,0.0
2020-02-24,11.615335,107.19275,2020-02-24 06:20:33.227992064,412.6006,0.0
2020-02-24,11.606194,107.19606,2020-02-24 06:20:33.254988544,413.3056,0.0
2020-02-24,11.596962,107.1993,2020-02-24 06:20:33.282025216,412.03204,0.0
2020-02-24,11.587695,107.20248,2020-02-24 06:20:33.309021440,411.79156,0.0
2020-02-24,11.57849,107.205536,2020-02-24 06:20:33.336018176,412.91415,0.0
2020-02-24,11.569235,107.20853,2020-02-24 06:20:33.363014400,412.33026,0.0
2020-02-24,11.559956,107.21144,2020-02-24 06:20:33.389005312,412.3095,0.0
2020-02-24,11.550645,107.21427,2020-02-24 06:20:33.416001536,412.50098,0.0
2020-02-24,11.635496,107.18828,2020-02-24 06:20:33.562007552,412.31268,0.0
2020-02-24,11.626354,107.191605,2020-02-24 06:20:33.587998208,412.8348,0.0
2020-02-24,11.617125,107.19486,2020-02-24 06:20:33.614994432,413.251,0.0
2020-02-24,11.60786,107.19805,2020-02-24 06:20:33.641991168,413.02762,0.0
2020-02-24,11.598657,107.20113,2020-02-24 06:20:33.668987392,412.16037,0.0
2020-02-24,11.589403,107.20414,2020-02-24 06:20:33.696024064,411.81552,0.0
2020-02-24,11.580126,107.20707,2020-02-24 06:20:33.723020544,412.41135,0.0
2020-02-24,11.570817,107.209915,2020-02-24 06:20:33.749010944,411.9862,0.0
2020-02-24,11.655658,107.18388,2020-02-24 06:20:33.895017216,413.02722,0.0
2020-02-24,11.646516,107.18721,2020-02-24 06:20:33.921007872,411.9715,0.0
2020-02-24,11.637288,107.19048,2020-02-24 06:20:33.948004352,411.80817,0.0
2020-02-24,11.628025,107.19367,2020-02-24 06:20:33.975000576,412.88632,0.0
2020-02-24,11.618824,107.19676,2020-02-24 06:20:34.001997056,412.4832,0.0
2020-02-24,11.609572,107.199776,2020-02-24 06:20:34.028993536,412.61884,0.0
2020-02-24,11.600296,107.202705,2020-02-24 06:20:34.055990016,412.51477,0.0
2020-02-24,11.590989,107.20556,2020-02-24 06:20:34.083026688,411.94946,0.0
2020-02-24,11.675832,107.17948,2020-02-24 06:20:34.228026880,413.06973,0.0
2020-02-24,11.666678,107.18282,2020-02-24 06:20:34.255023360,412.68307,0.0
2020-02-24,11.657452,107.1861,2020-02-24 06:20:34.282019584,412.6723,0.0
2020-02-24,11.6481905,107.18929,2020-02-24 06:20:34.309016320,412.4609,0.0
2020-02-24,11.638991,107.19239,2020-02-24 06:20:34.336012544,412.67154,0.0
2020-02-24,11.629742,107.19541,2020-02-24 06:20:34.363009024,412.2044,0.0
2020-02-24,11.620467,107.19835,2020-02-24 06:20:34.388999680,413.01797,0.0
2020-02-24,11.611165,107.2012,2020-02-24 06:20:34.415996160,412.321,0.0
2020-02-24,11.696053,107.17509,2020-02-24 06:20:34.562002176,413.38824,0.0
2020-02-24,11.686903,107.17843,2020-02-24 06:20:34.587992576,412.70218,0.0
2020-02-24,11.677688,107.18171,2020-02-24 06:20:34.614989312,412.5074,0.0
2020-02-24,11.668438,107.18492,2020-02-24 06:20:34.641985536,412.8116,0.0
2020-02-24,11.659249,107.18802,2020-02-24 06:20:34.669022208,412.3278,0.0
2020-02-24,11.65001,107.19104,2020-02-24 06:20:34.696018688,412.25748,0.0
2020-02-24,11.640746,107.193985,2020-02-24 06:20:34.723015168,413.48477,0.0
2020-02-24,11.631452,107.19685,2020-02-24 06:20:34.749005824,412.85938,0.0
2020-02-24,11.716327,107.17069,2020-02-24 06:20:34.895011840,412.8689,0.0
2020-02-24,11.707179,107.17404,2020-02-24 06:20:34.921002496,412.06253,0.0
2020-02-24,11.697966,107.17733,2020-02-24 06:20:34.947998720,412.3947,0.0
2020-02-24,11.688718,107.18054,2020-02-24 06:20:34.974995200,412.96667,0.0
2020-02-24,11.679531,107.18365,2020-02-24 06:20:35.001991680,412.51004,0.0
2020-02-24,11.670294,107.186676,2020-02-24 06:20:35.028988160,412.22998,0.0
2020-02-24,11.661032,107.18963,2020-02-24 06:20:35.056024832,412.62494,0.0
2020-02-24,11.651738,107.1925,2020-02-24 06:20:35.083021056,412.89328,0.0
2020-02-24,11.736601,107.1663,2020-02-24 06:20:35.228021504,413.33347,0.0
2020-02-24,11.727455,107.169655,2020-02-24 06:20:35.255017728,412.6893,0.0
2020-02-24,11.718244,107.17295,2020-02-24 06:20:35.282014464,412.78067,0.0
2020-02-24,11.708998,107.17617,2020-02-24 06:20:35.309010688,412.213,0.0
2020-02-24,11.699813,107.179276,2020-02-24 06:20:35.336007168,412.1651,0.0
2020-02-24,11.690577,107.18231,2020-02-24 06:20:35.363003648,412.75394,0.0
2020-02-24,11.681316,107.18527,2020-02-24 06:20:35.388994304,412.74185,0.0
2020-02-24,11.672022,107.18815,2020-02-24 06:20:35.415990528,412.73813,0.0
2020-02-24,11.756831,107.16193,2020-02-24 06:20:35.561996800,411.98187,0.0
2020-02-24,11.74768,107.1653,2020-02-24 06:20:35.588027392,412.68884,0.0
2020-02-24,11.738462,107.1686,2020-02-24 06:20:35.615024128,412.49353,0.0
2020-02-24,11.72921,107.17183,2020-02-24 06:20:35.642020352,412.67697,0.0
2020-02-24,11.720019,107.17495,2020-02-24 06:20:35.669016832,412.72488,0.0
2020-02-24,11.710777,107.17799,2020-02-24 06:20:35.696013312,412.09814,0.0
2020-02-24,11.701511,107.18096,2020-02-24 06:20:35.723009536,412.27954,0.0
2020-02-24,11.692214,107.183846,2020-02-24 06:20:35.749000192,412.64294,0.0
2020-02-24,11.77701,107.157585,2020-02-24 06:20:35.895006464,411.36224,0.0
2020-02-24,11.76786,107.16096,2020-02-24 06:20:35.920996864,410.9023,0.0
2020-02-24,11.758645,107.16427,2020-02-24 06:20:35.947993344,411.12024,0.0
2020-02-24,11.749395,107.1675,2020-02-24 06:20:35.974989824,411.6621,0.0
2020-02-24,11.740206,107.17063,2020-02-24 06:20:36.001986304,412.41357,0.0
2020-02-24,11.730966,107.17368,2020-02-24 06:20:36.029022976,412.40543,0.0
2020-02-24,11.721702,107.17665,2020-02-24 06:20:36.056019200,412.36255,0.0
2020-02-24,11.712406,107.17954,2020-02-24 06:20:36.083015936,413.11462,0.0
2020-02-24,11.79719,107.153244,2020-02-24 06:20:36.228015872,412.96906,0.0
2020-02-24,11.788042,107.156624,2020-02-24 06:20:36.255012608,413.4372,0.0
2020-02-24,11.778829,107.159935,2020-02-24 06:20:36.282008832,412.6439,0.0
2020-02-24,11.76958,107.16318,2020-02-24 06:20:36.309005312,411.61752,0.0
2020-02-24,11.760393,107.166306,2020-02-24 06:20:36.336001792,411.26767,0.0
2020-02-24,11.751155,107.169365,2020-02-24 06:20:36.362998272,411.76935,0.0
2020-02-24,11.741892,107.17235,2020-02-24 06:20:36.388988672,411.82864,0.0
2020-02-24,11.732594,107.17524,2020-02-24 06:20:36.416025344,412.13702,0.0
2020-02-24,11.817305,107.14889,2020-02-24 06:20:36.561991168,412.81693,0.0
2020-02-24,11.808148,107.15227,2020-02-24 06:20:36.588022272,412.21057,0.0
2020-02-24,11.798926,107.155594,2020-02-24 06:20:36.615018496,412.57693,0.0
2020-02-24,11.789668,107.15884,2020-02-24 06:20:36.642014976,412.22577,0.0
2020-02-24,11.780472,107.16197,2020-02-24 06:20:36.669011456,412.10895,0.0
2020-02-24,11.771224,107.16503,2020-02-24 06:20:36.696007680,412.4972,0.0
2020-02-24,11.761952,107.168015,2020-02-24 06:20:36.723004416,411.24713,0.0
2020-02-24,11.752649,107.17091,2020-02-24 06:20:36.748994816,412.19183,0.0
2020-02-24,11.837348,107.14452,2020-02-24 06:20:36.895000832,413.29776,0.0
2020-02-24,11.828194,107.14791,2020-02-24 06:20:36.920991488,412.27017,0.0
2020-02-24,11.818973,107.15124,2020-02-24 06:20:36.948028160,412.74115,0.0
2020-02-24,11.809717,107.15449,2020-02-24 06:20:36.975024640,411.79532,0.0
2020-02-24,11.800522,107.15763,2020-02-24 06:20:37.002021120,412.38354,0.0
2020-02-24,11.791276,107.1607,2020-02-24 06:20:37.029017344,412.07098,0.0
2020-02-24,11.782006,107.16368,2020-02-24 06:20:37.056014080,413.4145,0.0
2020-02-24,11.772704,107.166595,2020-02-24 06:20:37.083010560,412.94775,0.0
2020-02-24,11.857391,107.14015,2020-02-24 06:20:37.228010752,412.09952,0.0
2020-02-24,11.848238,107.14355,2020-02-24 06:20:37.255006976,412.38858,0.0
2020-02-24,11.83902,107.14688,2020-02-24 06:20:37.282003456,412.27478,0.0
2020-02-24,11.829765,107.15014,2020-02-24 06:20:37.308999936,413.15134,0.0
2020-02-24,11.820573,107.15328,2020-02-24 06:20:37.335996416,412.49377,0.0
2020-02-24,11.811329,107.156364,2020-02-24 06:20:37.362992640,411.84888,0.0
2020-02-24,11.80206,107.159355,2020-02-24 06:20:37.389023488,411.9738,0.0
2020-02-24,11.792761,107.16226,2020-02-24 06:20:37.416019968,411.87576,0.0
2020-02-24,11.8774395,107.135765,2020-02-24 06:20:37.562025984,412.81708,0.0
2020-02-24,11.868289,107.13916,2020-02-24 06:20:37.588016640,412.4226,0.0
2020-02-24,11.859074,107.142494,2020-02-24 06:20:37.615013120,410.9956,0.0
2020-02-24,11.849822,107.14575,2020-02-24 06:20:37.642009600,411.27786,0.0
2020-02-24,11.8406315,107.148895,2020-02-24 06:20:37.669005824,412.99527,0.0
2020-02-24,11.83139,107.15198,2020-02-24 06:20:37.696002560,412.93478,0.0
2020-02-24,11.8221245,107.15497,2020-02-24 06:20:37.722998784,412.68436,0.0
2020-02-24,11.812827,107.15788,2020-02-24 06:20:37.748989696,411.76956,0.0
2020-02-24,11.897493,107.13134,2020-02-24 06:20:37.894995456,411.88068,0.0
2020-02-24,11.888346,107.13474,2020-02-24 06:20:37.921026304,413.05408,0.0
2020-02-24,11.879131,107.138084,2020-02-24 06:20:37.948022784,412.71625,0.0
2020-02-24,11.869882,107.14134,2020-02-24 06:20:37.975019264,412.05847,0.0
2020-02-24,11.860693,107.1445,2020-02-24 06:20:38.002015488,411.55252,0.0
2020-02-24,11.851454,107.14758,2020-02-24 06:20:38.029012224,411.09323,0.0
2020-02-24,11.842189,107.15058,2020-02-24 06:20:38.056008704,412.06787,0.0
2020-02-24,11.832893,107.1535,2020-02-24 06:20:38.083004928,412.4381,0.0
2020-02-24,11.917548,107.126915,2020-02-24 06:20:38.228005120,412.38486,0.0
2020-02-24,11.9084015,107.130325,2020-02-24 06:20:38.255001600,412.5583,0.0
2020-02-24,11.899189,107.133675,2020-02-24 06:20:38.281998080,412.27606,0.0
2020-02-24,11.889941,107.13694,2020-02-24 06:20:38.308994560,412.21964,0.0
2020-02-24,11.880754,107.1401,2020-02-24 06:20:38.335990784,412.2671,0.0
2020-02-24,11.871516,107.14319,2020-02-24 06:20:38.362987264,412.58093,0.0
2020-02-24,11.862254,107.146194,2020-02-24 06:20:38.389018112,411.9665,0.0
2020-02-24,11.852958,107.14912,2020-02-24 06:20:38.416014592,411.83255,0.0
2020-02-24,11.937576,107.12244,2020-02-24 06:20:38.562020864,412.37836,0.0
2020-02-24,11.928428,107.12585,2020-02-24 06:20:38.588011264,412.15482,0.0
2020-02-24,11.919213,107.12919,2020-02-24 06:20:38.615007744,412.25632,0.0
2020-02-24,11.909963,107.13245,2020-02-24 06:20:38.642003968,412.35474,0.0
2020-02-24,11.900773,107.135605,2020-02-24 06:20:38.669000704,412.51978,0.0
2020-02-24,11.891533,107.13869,2020-02-24 06:20:38.695996928,412.35852,0.0
2020-02-24,11.882267,107.14169,2020-02-24 06:20:38.722993408,413.2919,0.0
2020-02-24,11.872971,107.144615,2020-02-24 06:20:38.749024512,411.68866,0.0
2020-02-24,11.957576,107.1179,2020-02-24 06:20:38.894990080,410.25375,0.0
2020-02-24,11.948429,107.12131,2020-02-24 06:20:38.921020928,411.7589,0.0
2020-02-24,11.939217,107.12466,2020-02-24 06:20:38.948017408,412.34427,0.0
2020-02-24,11.929968,107.12792,2020-02-24 06:20:38.975013632,411.75122,0.0
2020-02-24,11.920781,107.13109,2020-02-24 06:20:39.002010368,412.0622,0.0
2020-02-24,11.911542,107.13418,2020-02-24 06:20:39.029006592,412.32648,0.0
2020-02-24,11.902279,107.137184,2020-02-24 06:20:39.056003072,412.10138,0.0
2020-02-24,11.892983,107.140114,2020-02-24 06:20:39.082999552,412.32367,0.0
2020-02-24,11.977576,107.11336,2020-02-24 06:20:39.227999744,412.72134,0.0
2020-02-24,11.968431,107.11677,2020-02-24 06:20:39.254996224,410.15582,0.0
2020-02-24,11.959221,107.120125,2020-02-24 06:20:39.281992704,410.02795,0.0
2020-02-24,11.949974,107.1234,2020-02-24 06:20:39.308988928,410.75366,0.0
2020-02-24,11.940788,107.12657,2020-02-24 06:20:39.335985408,411.8003,0.0
2020-02-24,11.931551,107.12967,2020-02-24 06:20:39.363022080,411.67532,0.0
2020-02-24,11.92229,107.13268,2020-02-24 06:20:39.389012736,412.02188,0.0
2020-02-24,11.913002,107.13562,2020-02-24 06:20:39.416009216,412.3487,0.0
2020-02-24,11.9976635,107.10889,2020-02-24 06:20:39.562015232,412.87854,0.0
2020-02-24,11.988536,107.11233,2020-02-24 06:20:39.588005888,413.08224,0.0
2020-02-24,11.979342,107.1157,2020-02-24 06:20:39.615002112,411.2535,0.0
2020-02-24,11.970113,107.118996,2020-02-24 06:20:39.641998848,411.58206,0.0
2020-02-24,11.960944,107.12218,2020-02-24 06:20:39.668995072,410.90207,0.0
2020-02-24,11.951724,107.1253,2020-02-24 06:20:39.695991552,411.6868,0.0
2020-02-24,11.942479,107.12833,2020-02-24 06:20:39.722988032,411.92868,0.0
2020-02-24,12.017851,107.10451,2020-02-24 06:20:39.895024896,412.2288,0.0
2020-02-24,12.008725,107.107956,2020-02-24 06:20:39.921015552,411.61053,0.0
2020-02-24,11.999533,107.11133,2020-02-24 06:20:39.948011776,412.20547,0.0
2020-02-24,11.990305,107.11463,2020-02-24 06:20:39.975008512,412.2844,0.0
2020-02-24,11.981138,107.11783,2020-02-24 06:20:40.002004736,411.8385,0.0
2020-02-24,11.97192,107.12095,2020-02-24 06:20:40.029001216,411.77942,0.0
2020-02-24,11.962677,107.123985,2020-02-24 06:20:40.055997696,411.29596,0.0
2020-02-24,11.9534025,107.126945,2020-02-24 06:20:40.082993920,412.02966,0.0
2020-02-24,12.038038,107.100136,2020-02-24 06:20:40.227994368,412.52545,0.0
2020-02-24,12.028914,107.103584,2020-02-24 06:20:40.254990848,412.08133,0.0
2020-02-24,12.019724,107.106964,2020-02-24 06:20:40.282027520,411.74014,0.0
2020-02-24,12.010498,107.110275,2020-02-24 06:20:40.309023744,412.18304,0.0
2020-02-24,12.001333,107.11347,2020-02-24 06:20:40.336020224,411.46,0.0
2020-02-24,11.992117,107.1166,2020-02-24 06:20:40.363016704,412.17767,0.0
2020-02-24,11.982875,107.119644,2020-02-24 06:20:40.389007360,412.54727,0.0
2020-02-24,11.973603,107.12261,2020-02-24 06:20:40.416003584,411.51654,0.0
2020-02-24,12.058237,107.09575,2020-02-24 06:20:40.562009856,412.20047,0.0
2020-02-24,12.049117,107.099205,2020-02-24 06:20:40.588000256,412.24103,0.0
2020-02-24,12.039931,107.10259,2020-02-24 06:20:40.614996992,412.4815,0.0
2020-02-24,12.030709,107.1059,2020-02-24 06:20:40.641993216,411.9313,0.0
2020-02-24,12.021548,107.10911,2020-02-24 06:20:40.668989696,411.83298,0.0
2020-02-24,12.012336,107.11224,2020-02-24 06:20:40.695986176,411.8423,0.0
2020-02-24,12.003098,107.115295,2020-02-24 06:20:40.723022848,412.4959,0.0
2020-02-24,11.993828,107.11826,2020-02-24 06:20:40.749013504,412.21503,0.0
2020-02-24,12.078449,107.09136,2020-02-24 06:20:40.895019520,412.25568,0.0
2020-02-24,12.069332,107.09482,2020-02-24 06:20:40.921009920,412.28046,0.0
2020-02-24,12.060147,107.09821,2020-02-24 06:20:40.948006656,411.8696,0.0
2020-02-24,12.050927,107.10153,2020-02-24 06:20:40.975002880,412.3143,0.0
2020-02-24,12.041768,107.104744,2020-02-24 06:20:41.001999360,411.99835,0.0
2020-02-24,12.0325575,107.10788,2020-02-24 06:20:41.028995840,411.41977,0.0
2020-02-24,12.023321,107.11094,2020-02-24 06:20:41.055992064,411.77426,0.0
2020-02-24,12.014053,107.113914,2020-02-24 06:20:41.082988800,412.36777,0.0
2020-02-24,12.098662,107.086975,2020-02-24 06:20:41.227988992,410.7605,0.0
2020-02-24,12.089546,107.09044,2020-02-24 06:20:41.255025664,411.6514,0.0
2020-02-24,12.080364,107.09384,2020-02-24 06:20:41.282021888,411.65308,0.0
2020-02-24,12.071146,107.09716,2020-02-24 06:20:41.309018368,411.81436,0.0
2020-02-24,12.061989,107.10038,2020-02-24 06:20:41.336014848,411.79047,0.0
2020-02-24,12.052779,107.10352,2020-02-24 06:20:41.363011328,411.7784,0.0
2020-02-24,12.043545,107.10659,2020-02-24 06:20:41.389001728,412.2276,0.0
2020-02-24,12.034283,107.109566,2020-02-24 06:20:41.415998464,411.56866,0.0
2020-02-24,12.118921,107.08256,2020-02-24 06:20:41.562004224,412.39462,0.0
2020-02-24,12.109815,107.08603,2020-02-24 06:20:41.587995136,410.74976,0.0
2020-02-24,12.100642,107.08943,2020-02-24 06:20:41.614991360,409.4547,0.0
2020-02-24,12.091434,107.09276,2020-02-24 06:20:41.641987840,410.39062,0.0
2020-02-24,12.082286,107.09598,2020-02-24 06:20:41.669024512,411.64508,0.0
2020-02-24,12.073087,107.09912,2020-02-24 06:20:41.696020992,411.98746,0.0
2020-02-24,12.063863,107.10219,2020-02-24 06:20:41.723017472,411.32428,0.0
2020-02-24,12.0546055,107.10517,2020-02-24 06:20:41.749007872,411.66348,0.0
2020-02-24,12.139232,107.078125,2020-02-24 06:20:41.895014144,411.09445,0.0
2020-02-24,12.130127,107.0816,2020-02-24 06:20:41.921004800,411.01886,0.0
2020-02-24,12.120956,107.08501,2020-02-24 06:20:41.948001024,411.78574,0.0
2020-02-24,12.111751,107.08833,2020-02-24 06:20:41.974997504,407.8165,0.0
2020-02-24,12.093407,107.09471,2020-02-24 06:20:42.028990208,409.98468,0.0
2020-02-24,12.084185,107.097786,2020-02-24 06:20:42.055986944,411.55817,0.0
2020-02-24,12.074929,107.10078,2020-02-24 06:20:42.083023616,411.2433,0.0
2020-02-24,12.159542,107.073685,2020-02-24 06:20:42.228023808,412.68243,0.0
2020-02-24,12.15044,107.07716,2020-02-24 06:20:42.255020032,411.9095,0.0
2020-02-24,12.141272,107.080574,2020-02-24 06:20:42.282016512,410.9777,0.0
2020-02-24,12.132067,107.083916,2020-02-24 06:20:42.309012992,411.84085,0.0
2020-02-24,12.122923,107.08715,2020-02-24 06:20:42.336009472,411.805,0.0
2020-02-24,12.113728,107.09031,2020-02-24 06:20:42.363005952,410.03857,0.0
2020-02-24,12.1045065,107.09338,2020-02-24 06:20:42.388996608,409.8385,0.0
2020-02-24,12.095254,107.096375,2020-02-24 06:20:42.415993088,410.57202,0.0
2020-02-24,12.161595,107.07614,2020-02-24 06:20:42.615026176,411.7697,0.0
2020-02-24,12.152394,107.07948,2020-02-24 06:20:42.642022656,412.4103,0.0
2020-02-24,12.143253,107.08272,2020-02-24 06:20:42.669019136,411.48352,0.0
2020-02-24,12.134061,107.085884,2020-02-24 06:20:42.696015616,411.10727,0.0
2020-02-24,12.124843,107.08897,2020-02-24 06:20:42.723012096,411.47913,0.0
2020-02-24,12.115592,107.091965,2020-02-24 06:20:42.749002496,411.151,0.0
2020-02-24,12.154396,107.08146,2020-02-24 06:20:43.029025024,412.19073,0.0
2020-02-24,12.14518,107.08455,2020-02-24 06:20:43.056021760,411.71942,0.0
2020-02-24,12.135931,107.087555,2020-02-24 06:20:43.083017984,411.83286,0.0
2020-02-24,12.174731,107.07704,2020-02-24 06:20:43.363000320,411.6997,0.0
2020-02-24,12.165517,107.08013,2020-02-24 06:20:43.388991232,411.71625,0.0
2020-02-24,12.156264,107.083145,2020-02-24 06:20:43.415987456,412.14563,0.0
2020-02-24,12.185703,107.07566,2020-02-24 06:20:43.723006464,412.66623,0.0
2020-02-24,12.176445,107.078674,2020-02-24 06:20:43.748997120,412.0165,0.0
2020-02-24,19.913616,105.33501,2020-02-24 06:22:51.335993856,411.7681,0.0
2020-02-24,19.916628,105.34046,2020-02-24 06:22:51.722996224,412.44485,0.0
2020-02-24,19.970602,105.31511,2020-02-24 06:22:51.948020224,412.2146,0.0
2020-02-24,19.962132,105.32042,2020-02-24 06:22:51.975016704,412.77844,0.0
2020-02-24,19.956726,105.33107,2020-02-24 06:22:52.389015552,411.24084,0.0
2020-02-26,11.212023,108.538734,2020-02-26 06:08:32.895025152,411.52774,0.0
2020-02-26,11.201861,108.5422,2020-02-26 06:08:32.921016064,411.0058,0.0
2020-02-26,11.1916275,108.54561,2020-02-26 06:08:32.948012288,412.29135,0.0
2020-02-26,11.230633,108.53432,2020-02-26 06:08:33.227994624,412.73773,0.0
2020-02-26,11.199855,108.544426,2020-02-26 06:08:33.309024256,411.22534,0.0
2020-02-26,11.189615,108.54763,2020-02-26 06:08:33.336020736,412.71085,0.0
2020-02-26,11.249194,108.52984,2020-02-26 06:08:33.562010368,412.41327,0.0
2020-02-26,11.228755,108.53668,2020-02-26 06:08:33.614997504,412.40576,0.0
2020-02-26,11.218418,108.53996,2020-02-26 06:08:33.641993728,412.95178,0.0
2020-02-26,11.208152,108.54315,2020-02-26 06:08:33.668990208,412.13074,0.0
2020-02-26,11.187477,108.54932,2020-02-26 06:08:33.723023104,413.65253,0.0
2020-02-26,11.177047,108.55224,2020-02-26 06:08:33.749014016,412.64047,0.0
2020-02-26,11.2677765,108.525375,2020-02-26 06:08:33.895020032,411.54083,0.0
2020-02-26,11.247317,108.53221,2020-02-26 06:08:33.948006912,411.6025,0.0
2020-02-26,11.236994,108.535515,2020-02-26 06:08:33.975003136,412.19656,0.0
2020-02-26,11.226717,108.538704,2020-02-26 06:08:34.001999872,412.8356,0.0
2020-02-26,11.206001,108.54484,2020-02-26 06:08:34.055992576,411.67206,0.0
2020-02-26,11.286333,108.5209,2020-02-26 06:08:34.227989248,412.2229,0.0
2020-02-26,11.27612,108.52433,2020-02-26 06:08:34.255025920,411.88773,0.0
2020-02-26,11.245228,108.534195,2020-02-26 06:08:34.336015104,411.6404,0.0
2020-02-26,11.234895,108.53732,2020-02-26 06:08:34.363011840,412.02588,0.0
2020-02-26,11.224529,108.54036,2020-02-26 06:08:34.389002240,412.17532,0.0
2020-02-26,11.21409,108.54329,2020-02-26 06:08:34.415998720,411.8475,0.0
2020-02-26,11.284377,108.52322,2020-02-26 06:08:34.614991872,411.92328,0.0
2020-02-26,11.274039,108.52652,2020-02-26 06:08:34.641988352,412.30646,0.0
2020-02-26,11.263771,108.529724,2020-02-26 06:08:34.669025024,411.99805,0.0
2020-02-26,11.253434,108.532845,2020-02-26 06:08:34.696021248,411.685,0.0
2020-02-26,11.232603,108.5388,2020-02-26 06:08:34.749008384,412.4359,0.0
2020-02-26,11.32415,108.51258,2020-02-26 06:08:34.895014400,413.50702,0.0
2020-02-26,11.282303,108.52524,2020-02-26 06:08:35.001994496,411.90262,0.0
2020-02-26,11.271952,108.52835,2020-02-26 06:08:35.028990720,411.76172,0.0
2020-02-26,11.261561,108.53137,2020-02-26 06:08:35.055987456,412.2027,0.0
2020-02-26,11.251131,108.53432,2020-02-26 06:08:35.083024128,411.2782,0.0
2020-02-26,11.34309,108.508415,2020-02-26 06:08:35.228024064,416.17465,0.0
2020-02-26,11.290461,108.52378,2020-02-26 06:08:35.363006464,410.19092,0.0
2020-02-26,11.269596,108.52972,2020-02-26 06:08:35.415993088,411.9878,0.0
2020-02-26,11.351058,108.50695,2020-02-26 06:08:35.587990016,414.30188,0.0
2020-02-26,11.341355,108.51087,2020-02-26 06:08:35.615026688,411.95886,0.0
2020-02-26,11.288089,108.52515,2020-02-26 06:08:35.749003008,411.08026,0.0
2020-02-26,11.359612,108.50606,2020-02-26 06:08:35.947996160,414.5762,0.0
2020-02-26,11.348993,108.50911,2020-02-26 06:08:35.974992640,413.19302,0.0
2020-02-26,11.398826,108.49493,2020-02-26 06:08:36.228018688,414.9937,0.0
2020-02-26,11.347259,108.511375,2020-02-26 06:08:36.363000832,413.9069,0.0
2020-02-26,11.41639,108.48962,2020-02-26 06:08:36.561993984,414.12204,0.0
2020-02-26,11.39721,108.4977,2020-02-26 06:08:36.615021312,416.31216,0.0
2020-02-26,11.386832,108.50099,2020-02-26 06:08:36.642017536,414.7569,0.0
2020-02-26,11.355506,108.51013,2020-02-26 06:08:36.723006976,413.5067,0.0
2020-02-26,11.424833,108.48879,2020-02-26 06:08:36.920994304,413.27866,0.0
2020-02-26,11.43281,108.48756,2020-02-26 06:08:37.282006272,412.38937,0.0
2020-02-26,11.422836,108.491234,2020-02-26 06:08:37.309002752,414.07736,0.0
2020-02-26,11.529603,108.46493,2020-02-26 06:08:38.562023424,413.14548,0.0
2020-02-26,11.519485,108.4685,2020-02-26 06:08:38.588013824,415.47543,0.0
2020-02-26,11.548029,108.46039,2020-02-26 06:08:38.894992896,413.74594,0.0
2020-02-26,11.537854,108.46392,2020-02-26 06:08:38.921023488,413.28494,0.0
2020-02-26,11.527701,108.467476,2020-02-26 06:08:38.948019968,414.28815,0.0
2020-02-26,11.5174265,108.470894,2020-02-26 06:08:38.975016704,414.29523,0.0
2020-02-26,11.566562,108.45599,2020-02-26 06:08:39.228002560,411.67163,0.0
2020-02-26,11.556423,108.459564,2020-02-26 06:08:39.254999040,412.7784,0.0
2020-02-26,11.546196,108.463066,2020-02-26 06:08:39.281995264,413.42572,0.0
2020-02-26,11.5359335,108.4665,2020-02-26 06:08:39.308991744,413.46677,0.0
2020-02-26,11.525891,108.46997,2020-02-26 06:08:39.335987968,413.42258,0.0
2020-02-26,11.585204,108.451706,2020-02-26 06:08:39.562017792,412.42023,0.0
2020-02-26,11.575237,108.455444,2020-02-26 06:08:39.588008448,411.4228,0.0
2020-02-26,11.564817,108.45877,2020-02-26 06:08:39.615004928,411.71353,0.0
2020-02-26,11.554555,108.46222,2020-02-26 06:08:39.642001408,412.3233,0.0
2020-02-26,11.544345,108.465546,2020-02-26 06:08:39.668997888,412.9021,0.0
2020-02-26,11.53409,108.46882,2020-02-26 06:08:39.695994368,413.5778,0.0
2020-02-26,11.523998,108.47217,2020-02-26 06:08:39.722990848,413.48453,0.0
2020-02-26,11.603882,108.447464,2020-02-26 06:08:39.894987264,413.04245,0.0
2020-02-26,11.593763,108.45106,2020-02-26 06:08:39.921018112,411.97787,0.0
2020-02-26,11.583492,108.45453,2020-02-26 06:08:39.948014848,411.86224,0.0
2020-02-26,11.573411,108.45814,2020-02-26 06:08:39.975011072,411.96265,0.0
2020-02-26,11.563016,108.46131,2020-02-26 06:08:40.002007552,411.61523,0.0
2020-02-26,11.552673,108.4645,2020-02-26 06:08:40.029003776,412.17297,0.0
2020-02-26,11.542406,108.467705,2020-02-26 06:08:40.056000256,413.36865,0.0
2020-02-26,11.532058,108.47079,2020-02-26 06:08:40.082996736,413.00775,0.0
2020-02-26,11.622646,108.44322,2020-02-26 06:08:40.227997184,411.95984,0.0
2020-02-26,11.612545,108.44683,2020-02-26 06:08:40.254993408,412.22412,0.0
2020-02-26,11.602127,108.450165,2020-02-26 06:08:40.281989888,412.18216,0.0
2020-02-26,11.591857,108.4536,2020-02-26 06:08:40.308986112,411.91937,0.0
2020-02-26,11.581693,108.45697,2020-02-26 06:08:40.336022784,411.6637,0.0
2020-02-26,11.571344,108.46016,2020-02-26 06:08:40.363019520,411.6386,0.0
2020-02-26,11.5610485,108.46334,2020-02-26 06:08:40.389009920,411.5809,0.0
2020-02-26,11.550545,108.4663,2020-02-26 06:08:40.416006656,412.34088,0.0
2020-02-26,11.641161,108.43871,2020-02-26 06:08:40.562012416,411.39716,0.0
2020-02-26,11.630979,108.44225,2020-02-26 06:08:40.588003072,411.6225,0.0
2020-02-26,11.620944,108.44594,2020-02-26 06:08:40.614999552,411.29532,0.0
2020-02-26,11.610621,108.44933,2020-02-26 06:08:40.641996032,412.08606,0.0
2020-02-26,11.600254,108.45253,2020-02-26 06:08:40.668992512,411.29214,0.0
2020-02-26,11.58984,108.455666,2020-02-26 06:08:40.695988992,411.8235,0.0
2020-02-26,11.579674,108.45897,2020-02-26 06:08:40.723025664,412.29034,0.0
2020-02-26,11.569133,108.4619,2020-02-26 06:08:40.749016064,411.99973,0.0
2020-02-26,11.639432,108.44142,2020-02-26 06:08:40.948009216,410.97278,0.0
2020-02-26,11.629192,108.4449,2020-02-26 06:08:40.975005696,411.387,0.0
2020-02-26,11.618979,108.448235,2020-02-26 06:08:41.002001920,411.82285,0.0
2020-02-26,11.608597,108.4514,2020-02-26 06:08:41.028998400,412.29025,0.0
2020-02-26,11.598242,108.454544,2020-02-26 06:08:41.055994880,411.7371,0.0
2020-02-26,11.587715,108.4575,2020-02-26 06:08:41.082991360,412.2001,0.0
2020-02-26,11.678577,108.43005,2020-02-26 06:08:41.227991552,413.2951,0.0
2020-02-26,11.668449,108.433655,2020-02-26 06:08:41.254988032,411.97684,0.0
2020-02-26,11.6375265,108.44378,2020-02-26 06:08:41.336017664,411.0402,0.0
2020-02-26,11.627504,108.44727,2020-02-26 06:08:41.363013888,411.42142,0.0
2020-02-26,11.617072,108.45035,2020-02-26 06:08:41.389004800,411.6723,0.0
2020-02-26,11.606492,108.453255,2020-02-26 06:08:41.416001024,412.0196,0.0
2020-02-26,11.697284,108.42572,2020-02-26 06:08:41.562007040,411.45105,0.0
2020-02-26,11.687187,108.42935,2020-02-26 06:08:41.587997696,412.91785,0.0
2020-02-26,11.67702,108.43294,2020-02-26 06:08:41.614994176,413.70126,0.0
2020-02-26,11.635718,108.44599,2020-02-26 06:08:41.723020032,411.7544,0.0
2020-02-26,11.625479,108.449196,2020-02-26 06:08:41.749010688,412.3375,0.0
2020-02-26,11.715802,108.42122,2020-02-26 06:08:41.895016704,411.93347,0.0
2020-02-26,11.705806,108.42495,2020-02-26 06:08:41.921007360,411.00595,0.0
2020-02-26,11.695604,108.428505,2020-02-26 06:08:41.948003840,412.50745,0.0
2020-02-26,11.685342,108.43197,2020-02-26 06:08:41.975000064,413.17184,0.0
2020-02-26,11.675083,108.43528,2020-02-26 06:08:42.001996544,413.221,0.0
2020-02-26,11.734405,108.41675,2020-02-26 06:08:42.228026368,412.30026,0.0
2020-02-26,11.724256,108.42034,2020-02-26 06:08:42.255022848,411.62634,0.0
2020-02-26,11.71406,108.423904,2020-02-26 06:08:42.282019072,411.2916,0.0
2020-02-26,11.703816,108.42739,2020-02-26 06:08:42.309015808,411.2988,0.0
2020-02-26,11.69374,108.43086,2020-02-26 06:08:42.336012032,412.26825,0.0
2020-02-26,11.683479,108.43415,2020-02-26 06:08:42.363008512,413.565,0.0
2020-02-26,11.673086,108.43728,2020-02-26 06:08:42.388999168,413.3931,0.0
2020-02-26,11.752943,108.4122,2020-02-26 06:08:42.562001664,412.21426,0.0
2020-02-26,11.742771,108.41578,2020-02-26 06:08:42.587992064,412.10275,0.0
2020-02-26,11.732665,108.419426,2020-02-26 06:08:42.614988800,412.42404,0.0
2020-02-26,11.722375,108.42288,2020-02-26 06:08:42.641985280,411.02975,0.0
2020-02-26,11.712177,108.426254,2020-02-26 06:08:42.669021952,411.14584,0.0
2020-02-26,11.70191,108.42954,2020-02-26 06:08:42.696018176,411.4115,0.0
2020-02-26,11.691696,108.43283,2020-02-26 06:08:42.723014656,412.7896,0.0
2020-02-26,11.771523,108.4077,2020-02-26 06:08:42.895011328,412.33075,0.0
2020-02-26,11.761441,108.41136,2020-02-26 06:08:42.921001984,411.9442,0.0
2020-02-26,11.751183,108.41488,2020-02-26 06:08:42.947998208,411.04407,0.0
2020-02-26,11.740928,108.418365,2020-02-26 06:08:42.974994688,412.01605,0.0
2020-02-26,11.730731,108.421745,2020-02-26 06:08:43.001991168,411.34216,0.0
2020-02-26,11.7204895,108.42507,2020-02-26 06:08:43.028987648,411.13864,0.0
2020-02-26,11.710166,108.42827,2020-02-26 06:08:43.056024320,410.4514,0.0
2020-02-26,11.699827,108.43141,2020-02-26 06:08:43.083020800,411.08273,0.0
2020-02-26,11.769766,108.41045,2020-02-26 06:08:43.282013952,412.3636,0.0
2020-02-26,11.759525,108.41396,2020-02-26 06:08:43.309010176,412.16806,0.0
2020-02-26,11.749325,108.41735,2020-02-26 06:08:43.336006656,411.71713,0.0
2020-02-26,11.739054,108.42066,2020-02-26 06:08:43.363003136,411.6409,0.0
2020-02-26,11.728749,108.42388,2020-02-26 06:08:43.388993792,411.26016,0.0
2020-02-26,11.718391,108.42702,2020-02-26 06:08:43.415990016,411.4908,0.0
2020-02-26,11.768009,108.41304,2020-02-26 06:08:43.669016320,412.4908,0.0
2020-02-26,11.7576475,108.416275,2020-02-26 06:08:43.696012800,411.9338,0.0
2020-02-26,11.747282,108.41946,2020-02-26 06:08:43.723009024,412.10645,0.0
2020-02-26,11.736975,108.42264,2020-02-26 06:08:43.748999936,412.12582,0.0
2020-02-26,12.172209,108.31306,2020-02-26 06:08:50.255019776,413.64792,0.0
2020-02-26,12.200251,108.304276,2020-02-26 06:08:50.561998336,412.28583,0.0
2020-02-26,12.17041,108.316,2020-02-26 06:08:50.642022144,414.72238,0.0
2020-02-26,12.20863,108.30353,2020-02-26 06:08:50.920998912,412.4284,0.0
2020-02-26,12.19867,108.30745,2020-02-26 06:08:50.947995136,412.67722,0.0
2020-02-26,12.179252,108.315475,2020-02-26 06:08:51.001987840,413.3736,0.0
2020-02-26,12.217252,108.30302,2020-02-26 06:08:51.282010624,412.87698,0.0
2020-02-26,12.20684,108.30651,2020-02-26 06:08:51.309007104,412.62332,0.0
2020-02-26,12.196732,108.31011,2020-02-26 06:08:51.336003584,412.63095,0.0
2020-02-26,12.215232,108.305626,2020-02-26 06:08:51.669013248,413.29068,0.0
2020-02-26,12.204978,108.30908,2020-02-26 06:08:51.696009728,412.07468,0.0
2020-02-26,12.223963,108.30501,2020-02-26 06:08:52.029019392,413.71796,0.0
2020-02-26,12.212914,108.30775,2020-02-26 06:08:52.056015616,412.33136,0.0
2020-02-26,12.202802,108.31123,2020-02-26 06:08:52.083012096,412.54526,0.0
2020-02-26,12.221565,108.306915,2020-02-26 06:08:52.416021760,413.14432,0.0
2020-02-26,12.440492,108.24485,2020-02-26 06:08:54.895026688,412.41785,0.0
2020-02-26,12.43874,108.247955,2020-02-26 06:08:55.281989120,412.1197,0.0
2020-02-26,12.447111,108.2472,2020-02-26 06:08:55.641995008,413.1637,0.0
2020-02-26,12.436881,108.25076,2020-02-26 06:08:55.668991488,413.0487,0.0
2020-02-26,12.495923,108.23109,2020-02-26 06:08:55.895021312,412.86993,0.0
2020-02-26,12.485821,108.23495,2020-02-26 06:08:55.921011968,412.24036,0.0
2020-02-26,12.44512,108.24975,2020-02-26 06:08:56.028997632,413.79803,0.0
2020-02-26,12.434904,108.25326,2020-02-26 06:08:56.055994112,413.7203,0.0
2020-02-26,12.514449,108.22655,2020-02-26 06:08:56.227990528,412.81052,0.0
2020-02-26,12.504363,108.23043,2020-02-26 06:08:56.255027200,412.5188,0.0
2020-02-26,12.4942,108.23425,2020-02-26 06:08:56.282023936,412.14755,0.0
2020-02-26,12.484022,108.23804,2020-02-26 06:08:56.309020160,412.2675,0.0
2020-02-26,12.443135,108.25217,2020-02-26 06:08:56.416000000,412.5462,0.0
2020-02-26,12.5330515,108.222084,2020-02-26 06:08:56.562006272,412.7761,0.0
2020-02-26,12.522954,108.22596,2020-02-26 06:08:56.587996672,412.30096,0.0
2020-02-26,12.512762,108.22977,2020-02-26 06:08:56.614993152,412.54715,0.0
2020-02-26,12.502523,108.2335,2020-02-26 06:08:56.641989632,412.2188,0.0
2020-02-26,12.492366,108.237144,2020-02-26 06:08:56.668986112,411.47928,0.0
2020-02-26,12.551689,108.21765,2020-02-26 06:08:56.895015680,412.3546,0.0
2020-02-26,12.541576,108.22152,2020-02-26 06:08:56.921006336,412.0939,0.0
2020-02-26,12.531372,108.22532,2020-02-26 06:08:56.948002816,412.53836,0.0
2020-02-26,12.521129,108.22906,2020-02-26 06:08:56.974999552,412.3016,0.0
2020-02-26,12.510935,108.23267,2020-02-26 06:08:57.001995776,412.49463,0.0
2020-02-26,12.500755,108.2363,2020-02-26 06:08:57.028992256,411.6063,0.0
2020-02-26,12.570315,108.21327,2020-02-26 06:08:57.228025344,411.97626,0.0
2020-02-26,12.56022,108.21716,2020-02-26 06:08:57.255022080,411.72894,0.0
2020-02-26,12.55,108.22096,2020-02-26 06:08:57.282018304,412.21155,0.0
2020-02-26,12.53977,108.224724,2020-02-26 06:08:57.309014784,411.60648,0.0
2020-02-26,12.529566,108.22835,2020-02-26 06:08:57.336011264,412.12488,0.0
2020-02-26,12.519277,108.23188,2020-02-26 06:08:57.363007488,412.4928,0.0
2020-02-26,12.508968,108.235344,2020-02-26 06:08:57.388998144,412.41254,0.0
2020-02-26,12.588957,108.20893,2020-02-26 06:08:57.562000640,411.659,0.0
2020-02-26,12.578817,108.21279,2020-02-26 06:08:57.587991296,411.86743,0.0
2020-02-26,12.568652,108.216644,2020-02-26 06:08:57.615027968,411.75272,0.0
2020-02-26,12.558376,108.22037,2020-02-26 06:08:57.642024448,412.17105,0.0
2020-02-26,12.548155,108.22398,2020-02-26 06:08:57.669020928,411.28806,0.0
2020-02-26,12.537914,108.22756,2020-02-26 06:08:57.696017152,411.94217,0.0
2020-02-26,12.527626,108.23105,2020-02-26 06:08:57.723013888,412.74405,0.0
2020-02-26,12.517226,108.2344,2020-02-26 06:08:57.749004288,412.18497,0.0
2020-02-26,12.607572,108.204575,2020-02-26 06:08:57.895010560,412.3244,0.0
2020-02-26,12.59751,108.20851,2020-02-26 06:08:57.921000960,412.6271,0.0
2020-02-26,12.587305,108.212326,2020-02-26 06:08:57.947997696,412.0957,0.0
2020-02-26,12.577012,108.21604,2020-02-26 06:08:57.974993920,411.72025,0.0
2020-02-26,12.566815,108.21968,2020-02-26 06:08:58.001990400,411.5574,0.0
2020-02-26,12.5564995,108.223206,2020-02-26 06:08:58.028986624,412.07138,0.0
2020-02-26,12.54619,108.22667,2020-02-26 06:08:58.056023296,411.89334,0.0
2020-02-26,12.5358305,108.23006,2020-02-26 06:08:58.083019776,411.17496,0.0
2020-02-26,12.626252,108.20023,2020-02-26 06:08:58.228020224,412.3753,0.0
2020-02-26,12.616088,108.20408,2020-02-26 06:08:58.255016448,412.66107,0.0
2020-02-26,12.605874,108.20789,2020-02-26 06:08:58.282012928,412.74936,0.0
2020-02-26,12.595632,108.211655,2020-02-26 06:08:58.309009408,412.73087,0.0
2020-02-26,12.585395,108.21526,2020-02-26 06:08:58.336005632,412.21594,0.0
2020-02-26,12.57511,108.21881,2020-02-26 06:08:58.363002368,411.95837,0.0
2020-02-26,12.564789,108.22228,2020-02-26 06:08:58.388992768,412.21695,0.0
2020-02-26,12.554393,108.22564,2020-02-26 06:08:58.415989504,412.04187,0.0
2020-02-26,12.644848,108.19582,2020-02-26 06:08:58.561995264,412.62885,0.0
2020-02-26,12.634737,108.19972,2020-02-26 06:08:58.588026112,411.91107,0.0
2020-02-26,12.614211,108.207245,2020-02-26 06:08:58.642019072,412.6615,0.0
2020-02-26,12.603994,108.21088,2020-02-26 06:08:58.669015296,412.07855,0.0
2020-02-26,12.593729,108.21445,2020-02-26 06:08:58.696012032,412.2498,0.0
2020-02-26,12.583372,108.217896,2020-02-26 06:08:58.723008512,411.94794,0.0
2020-02-26,12.572995,108.221275,2020-02-26 06:08:58.748998912,411.76752,0.0
2020-02-26,12.663472,108.19143,2020-02-26 06:08:58.895004928,411.70422,0.0
2020-02-26,12.653346,108.19532,2020-02-26 06:08:58.920995840,412.66074,0.0
2020-02-26,12.6431055,108.19912,2020-02-26 06:08:58.947992064,412.72598,0.0
2020-02-26,12.622598,108.20648,2020-02-26 06:08:59.002025216,412.98752,0.0
2020-02-26,12.612304,108.210045,2020-02-26 06:08:59.029021440,412.9352,0.0
2020-02-26,12.601986,108.21354,2020-02-26 06:08:59.056017920,412.44348,0.0
2020-02-26,12.59163,108.21695,2020-02-26 06:08:59.083014400,412.70627,0.0
2020-02-26,12.682099,108.18713,2020-02-26 06:08:59.228014592,412.75793,0.0
2020-02-26,12.671982,108.19104,2020-02-26 06:08:59.255011072,412.03525,0.0
2020-02-26,12.66175,108.19487,2020-02-26 06:08:59.282007552,412.45322,0.0
2020-02-26,12.651452,108.19861,2020-02-26 06:08:59.309003776,412.23587,0.0
2020-02-26,12.641276,108.20229,2020-02-26 06:08:59.336000512,412.34683,0.0
2020-02-26,12.620606,108.209305,2020-02-26 06:08:59.388987648,412.94876,0.0
2020-02-26,12.610221,108.21271,2020-02-26 06:08:59.416024320,412.52545,0.0
2020-02-26,12.700725,108.18288,2020-02-26 06:08:59.561989888,412.70523,0.0
2020-02-26,12.690597,108.18678,2020-02-26 06:08:59.588020736,413.00674,0.0
2020-02-26,12.680384,108.190636,2020-02-26 06:08:59.615017216,412.51117,0.0
2020-02-26,12.670112,108.1944,2020-02-26 06:08:59.642013440,412.5551,0.0
2020-02-26,12.659906,108.19806,2020-02-26 06:08:59.669010176,412.55066,0.0
2020-02-26,12.649604,108.20163,2020-02-26 06:08:59.696006656,412.58698,0.0
2020-02-26,12.628855,108.208496,2020-02-26 06:08:59.748993280,412.502,0.0
2020-02-26,12.719357,108.178635,2020-02-26 06:08:59.894999552,413.28558,0.0
2020-02-26,12.709242,108.182556,2020-02-26 06:08:59.920990208,412.8661,0.0
2020-02-26,12.699036,108.18642,2020-02-26 06:08:59.948026880,412.95206,0.0
2020-02-26,12.688753,108.19018,2020-02-26 06:08:59.975023360,413.47897,0.0
2020-02-26,12.678537,108.19383,2020-02-26 06:09:00.002019584,412.87137,0.0
2020-02-26,12.668262,108.19742,2020-02-26 06:09:00.029016064,412.82715,0.0
2020-02-26,12.657931,108.200905,2020-02-26 06:09:00.056012544,412.2209,0.0
2020-02-26,12.647551,108.20431,2020-02-26 06:09:00.083009024,412.2706,0.0
2020-02-26,12.738095,108.17439,2020-02-26 06:09:00.228009216,412.5156,0.0
2020-02-26,12.728062,108.17838,2020-02-26 06:09:00.255005696,412.8742,0.0
2020-02-26,12.717807,108.18219,2020-02-26 06:09:00.282001920,412.574,0.0
2020-02-26,12.707578,108.18599,2020-02-26 06:09:00.308998656,412.9221,0.0
2020-02-26,12.697372,108.18965,2020-02-26 06:09:00.335994880,412.37912,0.0
2020-02-26,12.687093,108.19324,2020-02-26 06:09:00.362991360,412.32346,0.0
2020-02-26,12.67677,108.19673,2020-02-26 06:09:00.389022464,412.96295,0.0
2020-02-26,12.666385,108.200134,2020-02-26 06:09:00.416018688,412.98492,0.0
2020-02-26,12.746786,108.17409,2020-02-26 06:09:00.588015360,412.85492,0.0
2020-02-26,12.736652,108.17801,2020-02-26 06:09:00.615011584,413.51123,0.0
2020-02-26,12.726449,108.18183,2020-02-26 06:09:00.642008320,412.4329,0.0
2020-02-26,12.71619,108.185455,2020-02-26 06:09:00.669004800,413.3304,0.0
2020-02-26,12.705925,108.18906,2020-02-26 06:09:00.696001024,411.88602,0.0
2020-02-26,12.695598,108.19256,2020-02-26 06:09:00.722997504,412.5347,0.0
2020-02-26,12.685238,108.195984,2020-02-26 06:09:00.748988160,412.11554,0.0
2020-02-26,12.775596,108.16585,2020-02-26 06:09:00.894994176,413.1685,0.0
2020-02-26,12.735014,108.18127,2020-02-26 06:09:01.002014208,412.80444,0.0
2020-02-26,12.724749,108.184875,2020-02-26 06:09:01.029010688,413.16443,0.0
2020-02-26,12.714408,108.18836,2020-02-26 06:09:01.056007168,412.58246,0.0
2020-02-26,12.704003,108.19176,2020-02-26 06:09:01.083003648,412.71808,0.0
2020-02-26,12.773932,108.16931,2020-02-26 06:09:01.281996800,412.5612,0.0
2020-02-26,12.732938,108.18395,2020-02-26 06:09:01.389016832,413.03964,0.0
2020-02-26,12.722566,108.18738,2020-02-26 06:09:01.416013312,413.43002,0.0
2020-02-26,12.812637,108.156944,2020-02-26 06:09:01.562019328,413.10138,0.0
2020-02-26,12.782139,108.168625,2020-02-26 06:09:01.642002944,412.36743,0.0
2020-02-26,12.771995,108.17236,2020-02-26 06:09:01.668999168,412.51544,0.0
2020-02-26,12.741084,108.18297,2020-02-26 06:09:01.749022976,411.94946,0.0
2020-02-26,12.830996,108.15236,2020-02-26 06:09:01.894988800,412.94794,0.0
2020-02-26,12.820927,108.15634,2020-02-26 06:09:01.921019648,413.02417,0.0
2020-02-26,12.810925,108.1604,2020-02-26 06:09:01.948015872,412.82956,0.0
2020-02-26,12.780242,108.17155,2020-02-26 06:09:02.029005312,413.0193,0.0
2020-02-26,12.809048,108.16343,2020-02-26 06:09:02.336024320,412.30563,0.0
2020-02-26,12.778167,108.17407,2020-02-26 06:09:02.416007680,413.49948,0.0
2020-02-26,12.868035,108.14332,2020-02-26 06:09:02.562013952,413.54584,0.0
2020-02-26,12.827476,108.15884,2020-02-26 06:09:02.668993792,412.76895,0.0
2020-02-26,12.817276,108.16252,2020-02-26 06:09:02.695990016,412.74646,0.0
2020-02-26,12.807047,108.16613,2020-02-26 06:09:02.723026688,412.31854,0.0
2020-02-26,12.7966,108.16951,2020-02-26 06:09:02.749017600,412.5117,0.0
2020-02-26,12.825507,108.161575,2020-02-26 06:09:03.055996416,412.34628,0.0
2020-02-26,12.815252,108.16512,2020-02-26 06:09:03.082992896,413.6139,0.0
2020-02-26,12.872935,108.14911,2020-02-26 06:09:03.696024832,413.02158,0.0
2020-02-26,12.870907,108.15174,2020-02-26 06:09:04.082987264,412.79218,0.0
2020-02-26,12.949283,108.1284,2020-02-26 06:09:04.642026752,413.82104,0.0
2020-02-26,12.95581,108.13022,2020-02-26 06:09:05.388995072,414.47925,0.0
2020-02-26,12.963971,108.12894,2020-02-26 06:09:05.749001216,413.84827,0.0
2020-02-26,13.155325,108.07404,2020-02-26 06:09:07.920987136,412.91986,0.0
2020-02-26,13.202654,108.06098,2020-02-26 06:09:08.562021376,413.73648,0.0
2020-02-26,13.192537,108.06502,2020-02-26 06:09:08.588012288,413.98743,0.0
2020-02-26,13.201095,108.06462,2020-02-26 06:09:08.948018432,414.61087,0.0
2020-02-26,13.199252,108.06791,2020-02-26 06:09:09.336026624,414.5746,0.0
2020-02-26,13.217747,108.06339,2020-02-26 06:09:09.668996096,413.9542,0.0
2020-02-26,13.20752,108.06717,2020-02-26 06:09:09.695992576,414.02203,0.0
2020-02-26,13.205452,108.06997,2020-02-26 06:09:10.082994944,413.20972,0.0
2020-02-26,13.480488,107.99271,2020-02-26 06:09:13.561994496,413.1187,0.0
2020-02-26,13.478896,107.996445,2020-02-26 06:09:13.947991040,411.59634,0.0
2020-02-26,13.518074,107.98401,2020-02-26 06:09:14.228013824,412.34927,0.0
2020-02-26,13.544934,107.97912,2020-02-26 06:09:14.920989184,412.8016,0.0
2020-02-26,13.563652,107.97464,2020-02-26 06:09:15.255004928,412.39743,0.0
2020-02-26,13.553448,107.978714,2020-02-26 06:09:15.282001152,412.67252,0.0
2020-02-26,13.543095,107.982635,2020-02-26 06:09:15.308997632,412.94305,0.0
2020-02-26,13.592167,107.96571,2020-02-26 06:09:15.562023936,411.11517,0.0
2020-02-26,13.561829,107.97813,2020-02-26 06:09:15.642007296,412.5889,0.0
2020-02-26,13.551549,107.98196,2020-02-26 06:09:15.669003776,412.15024,0.0
2020-02-26,13.541275,107.98578,2020-02-26 06:09:15.696000000,412.0636,0.0
2020-02-26,13.611173,107.96142,2020-02-26 06:09:15.894993408,413.71838,0.0
2020-02-26,13.559976,107.98126,2020-02-26 06:09:16.029009920,412.74188,0.0
2020-02-26,13.549532,107.98492,2020-02-26 06:09:16.056006144,412.94205,0.0
2020-02-26,13.629473,107.95665,2020-02-26 06:09:16.228003072,412.1206,0.0
2020-02-26,13.619512,107.96094,2020-02-26 06:09:16.254999296,411.78983,0.0
2020-02-26,13.609976,107.96558,2020-02-26 06:09:16.281995776,411.68774,0.0
2020-02-26,13.568454,107.980736,2020-02-26 06:09:16.389015808,412.43152,0.0
2020-02-26,13.558043,107.984375,2020-02-26 06:09:16.416012288,412.8168,0.0
2020-02-26,13.648131,107.95223,2020-02-26 06:09:16.562018304,412.07816,0.0
2020-02-26,13.638152,107.95651,2020-02-26 06:09:16.588008960,411.65085,0.0
2020-02-26,13.628032,107.960686,2020-02-26 06:09:16.615005440,411.62018,0.0
2020-02-26,13.666838,107.94786,2020-02-26 06:09:16.894987776,412.41522,0.0
2020-02-26,13.6567745,107.95207,2020-02-26 06:09:16.921018624,412.9604,0.0
2020-02-26,13.646664,107.95626,2020-02-26 06:09:16.948015104,411.82184,0.0
2020-02-26,13.636621,107.960464,2020-02-26 06:09:16.975011584,412.49466,0.0
2020-02-26,13.626425,107.96439,2020-02-26 06:09:17.002008064,411.1668,0.0
2020-02-26,13.685482,107.94341,2020-02-26 06:09:17.227997440,413.0068,0.0
2020-02-26,13.675474,107.94768,2020-02-26 06:09:17.254993920,412.80624,0.0
2020-02-26,13.6653185,107.95183,2020-02-26 06:09:17.281990400,412.12985,0.0
2020-02-26,13.655157,107.95594,2020-02-26 06:09:17.309027072,412.68933,0.0
2020-02-26,13.645029,107.95993,2020-02-26 06:09:17.336023296,412.6141,0.0
2020-02-26,13.634845,107.96385,2020-02-26 06:09:17.363020032,411.6669,0.0
2020-02-26,13.624577,107.96766,2020-02-26 06:09:17.389010432,410.66205,0.0
2020-02-26,13.684006,107.94742,2020-02-26 06:09:17.615000064,412.449,0.0
2020-02-26,13.67371,107.95143,2020-02-26 06:09:17.641996288,412.66348,0.0
2020-02-26,13.653361,107.95933,2020-02-26 06:09:17.695989248,411.78604,0.0
2020-02-26,13.64322,107.963234,2020-02-26 06:09:17.723025920,412.85828,0.0
2020-02-26,13.632869,107.96694,2020-02-26 06:09:17.749016576,411.0003,0.0
2020-02-26,13.682285,107.95104,2020-02-26 06:09:18.002002432,412.9254,0.0
2020-02-26,13.672034,107.95492,2020-02-26 06:09:18.028998912,412.60242,0.0
2020-02-26,13.680331,107.95422,2020-02-26 06:09:18.389005312,412.74878,0.0
2020-02-26,13.67012,107.958046,2020-02-26 06:09:18.416001536,411.2973,0.0
2020-02-26,14.205074,107.816216,2020-02-26 06:09:26.562004224,412.15265,0.0
2020-02-26,14.203611,107.82069,2020-02-26 06:09:26.948001024,412.80197,0.0
2020-02-26,14.19345,107.82496,2020-02-26 06:09:26.974997504,411.46606,0.0
2020-02-26,14.232698,107.8123,2020-02-26 06:09:27.255020032,414.55957,0.0
2020-02-26,14.2224045,107.816505,2020-02-26 06:09:27.282016512,414.12146,0.0
2020-02-26,14.211855,107.82047,2020-02-26 06:09:27.309012992,412.07327,0.0
2020-02-26,14.201922,107.824776,2020-02-26 06:09:27.336009472,412.96512,0.0
2020-02-26,14.261207,107.80346,2020-02-26 06:09:27.561998848,412.11853,0.0
2020-02-26,14.251686,107.808266,2020-02-26 06:09:27.587989504,413.58618,0.0
2020-02-26,14.230933,107.81651,2020-02-26 06:09:27.642022656,415.37714,0.0
2020-02-26,14.22032,107.82028,2020-02-26 06:09:27.669019136,412.6822,0.0
2020-02-26,14.210287,107.82449,2020-02-26 06:09:27.696015616,411.9543,0.0
2020-02-26,14.200195,107.828606,2020-02-26 06:09:27.723012096,412.84607,0.0
2020-02-26,14.269834,107.80356,2020-02-26 06:09:27.920999168,411.98376,0.0
2020-02-26,14.260157,107.80826,2020-02-26 06:09:27.947995648,413.43515,0.0
2020-02-26,14.250195,107.81269,2020-02-26 06:09:27.974992128,415.23822,0.0
2020-02-26,14.239531,107.81643,2020-02-26 06:09:28.001988352,413.84155,0.0
2020-02-26,14.229091,107.82033,2020-02-26 06:09:28.029025024,413.20297,0.0
2020-02-26,14.218635,107.824165,2020-02-26 06:09:28.056021760,411.80765,0.0
2020-02-26,14.208468,107.82818,2020-02-26 06:09:28.083017984,412.68735,0.0
2020-02-26,14.298525,107.79485,2020-02-26 06:09:28.228018176,410.01678,0.0
2020-02-26,14.288579,107.79933,2020-02-26 06:09:28.255014656,411.577,0.0
2020-02-26,14.278092,107.8034,2020-02-26 06:09:28.282011136,412.78336,0.0
2020-02-26,14.258814,107.81264,2020-02-26 06:09:28.336004096,414.4774,0.0
2020-02-26,14.248344,107.81652,2020-02-26 06:09:28.363000320,413.62918,0.0
2020-02-26,14.237517,107.820076,2020-02-26 06:09:28.388991232,412.56857,0.0
2020-02-26,14.226934,107.823784,2020-02-26 06:09:28.415987456,412.2662,0.0
2020-02-26,14.316974,107.790405,2020-02-26 06:09:28.561993472,412.64136,0.0
2020-02-26,14.306971,107.794846,2020-02-26 06:09:28.588024320,411.60767,0.0
2020-02-26,14.297089,107.79939,2020-02-26 06:09:28.615020800,411.21204,0.0
2020-02-26,14.286891,107.803665,2020-02-26 06:09:28.642017280,412.3654,0.0
2020-02-26,14.266738,107.81206,2020-02-26 06:09:28.696010240,413.63712,0.0
2020-02-26,14.246351,107.820114,2020-02-26 06:09:28.748997120,413.40634,0.0
2020-02-26,14.335529,107.78604,2020-02-26 06:09:28.895003392,412.96304,0.0
2020-02-26,14.325575,107.79052,2020-02-26 06:09:28.920993792,412.77753,0.0
2020-02-26,14.315437,107.794876,2020-02-26 06:09:28.947990272,411.78622,0.0
2020-02-26,14.305364,107.79924,2020-02-26 06:09:28.975026944,411.12296,0.0
2020-02-26,14.295501,107.80362,2020-02-26 06:09:29.002023168,411.1378,0.0
2020-02-26,14.285327,107.80773,2020-02-26 06:09:29.029019904,412.36185,0.0
2020-02-26,14.274718,107.81146,2020-02-26 06:09:29.056016128,412.78845,0.0
2020-02-26,14.264932,107.815765,2020-02-26 06:09:29.083012608,413.95667,0.0
2020-02-26,14.354192,107.78167,2020-02-26 06:09:29.228012800,412.92157,0.0
2020-02-26,14.344228,107.78614,2020-02-26 06:09:29.255009280,412.88092,0.0
2020-02-26,14.334126,107.79051,2020-02-26 06:09:29.282005760,413.21304,0.0
2020-02-26,14.323855,107.79472,2020-02-26 06:09:29.309002240,412.0722,0.0
2020-02-26,14.313781,107.798935,2020-02-26 06:09:29.335998464,412.16238,0.0
2020-02-26,14.303617,107.80306,2020-02-26 06:09:29.362995200,411.56857,0.0
2020-02-26,14.293454,107.80714,2020-02-26 06:09:29.389026048,411.34558,0.0
2020-02-26,14.283372,107.81122,2020-02-26 06:09:29.416022272,413.24927,0.0
2020-02-26,14.372668,107.77711,2020-02-26 06:09:29.561988096,411.5296,0.0
2020-02-26,14.362744,107.78162,2020-02-26 06:09:29.588018944,411.7897,0.0
2020-02-26,14.35276,107.786095,2020-02-26 06:09:29.615015424,412.28156,0.0
2020-02-26,14.342508,107.79032,2020-02-26 06:09:29.642011904,412.63052,0.0
2020-02-26,14.332286,107.794426,2020-02-26 06:09:29.669008128,412.06885,0.0
2020-02-26,14.322044,107.79849,2020-02-26 06:09:29.696004608,412.16684,0.0
2020-02-26,14.311888,107.80258,2020-02-26 06:09:29.723001088,412.09088,0.0
2020-02-26,14.301635,107.80654,2020-02-26 06:09:29.748991744,411.45227,0.0
2020-02-26,14.381271,107.77711,2020-02-26 06:09:29.920988416,412.38098,0.0
2020-02-26,14.371117,107.78145,2020-02-26 06:09:29.948025088,412.35388,0.0
2020-02-26,14.361024,107.78581,2020-02-26 06:09:29.975021312,411.34207,0.0
2020-02-26,14.350982,107.79006,2020-02-26 06:09:30.002018048,412.31848,0.0
2020-02-26,14.3407755,107.79416,2020-02-26 06:09:30.029014272,411.98407,0.0
2020-02-26,14.330424,107.798096,2020-02-26 06:09:30.056010752,412.42432,0.0
2020-02-26,14.320084,107.801994,2020-02-26 06:09:30.083007232,412.26648,0.0
2020-02-26,14.409973,107.76825,2020-02-26 06:09:30.228007424,412.22574,0.0
2020-02-26,14.400051,107.772766,2020-02-26 06:09:30.255003904,411.81976,0.0
2020-02-26,14.389979,107.77717,2020-02-26 06:09:30.282000384,412.52026,0.0
2020-02-26,14.379667,107.781364,2020-02-26 06:09:30.308996608,412.4761,0.0
2020-02-26,14.369455,107.78548,2020-02-26 06:09:30.335993344,412.40833,0.0
2020-02-26,14.359442,107.78973,2020-02-26 06:09:30.362989568,411.88373,0.0
2020-02-26,14.349104,107.79368,2020-02-26 06:09:30.389020416,411.28656,0.0
2020-02-26,14.338771,107.79759,2020-02-26 06:09:30.416016896,411.31625,0.0
2020-02-26,14.418571,107.7682,2020-02-26 06:09:30.588013568,412.95126,0.0
2020-02-26,14.408465,107.77259,2020-02-26 06:09:30.615010048,412.46393,0.0
2020-02-26,14.398355,107.77694,2020-02-26 06:09:30.642006272,411.47137,0.0
2020-02-26,14.377915,107.78516,2020-02-26 06:09:30.695999232,411.59488,0.0
2020-02-26,14.367638,107.789154,2020-02-26 06:09:30.722995712,411.79935,0.0
2020-02-26,14.35778,107.793434,2020-02-26 06:09:30.749026560,411.798,0.0
2020-02-26,14.4169235,107.77243,2020-02-26 06:09:30.975016192,412.26468,0.0
2020-02-26,14.406852,107.776665,2020-02-26 06:09:31.002012416,411.5715,0.0
2020-02-26,14.396736,107.780846,2020-02-26 06:09:31.029008896,411.32327,0.0
2020-02-26,14.386289,107.78473,2020-02-26 06:09:31.056005376,412.55704,0.0
2020-02-26,14.375991,107.78867,2020-02-26 06:09:31.083001856,411.03076,0.0
2020-02-26,14.425805,107.77247,2020-02-26 06:09:31.335987712,414.0723,0.0
2020-02-26,14.415222,107.776306,2020-02-26 06:09:31.363024384,412.43503,0.0
2020-02-26,14.404984,107.78035,2020-02-26 06:09:31.389015040,412.26233,0.0
2020-02-26,14.394712,107.784325,2020-02-26 06:09:31.416011264,411.88672,0.0
2020-02-26,14.423965,107.776184,2020-02-26 06:09:31.722990336,414.2385,0.0
2020-02-26,14.413226,107.779816,2020-02-26 06:09:31.749020928,411.76453,0.0
2020-02-26,14.432296,107.7757,2020-02-26 06:09:32.082996480,414.05756,0.0
2020-02-26,14.521516,107.74122,2020-02-26 06:09:32.227996672,412.21228,0.0
2020-02-26,14.54005,107.73662,2020-02-26 06:09:32.562012160,410.4317,0.0
2020-02-26,14.530051,107.741104,2020-02-26 06:09:32.588002560,411.20822,0.0
2020-02-26,14.519988,107.74555,2020-02-26 06:09:32.614999040,411.47253,0.0
2020-02-26,14.4794655,107.76245,2020-02-26 06:09:32.723025152,412.04135,0.0
2020-02-26,14.5385895,107.741005,2020-02-26 06:09:32.948008704,411.19833,0.0
2020-02-26,14.528417,107.745346,2020-02-26 06:09:32.975005184,411.40048,0.0
2020-02-26,14.51825,107.74953,2020-02-26 06:09:33.002001664,411.81973,0.0
2020-02-26,14.487604,107.76176,2020-02-26 06:09:33.082990848,410.57217,0.0
2020-02-26,14.577198,107.72742,2020-02-26 06:09:33.227991040,410.50656,0.0
2020-02-26,14.567196,107.731895,2020-02-26 06:09:33.255027712,410.65555,0.0
2020-02-26,14.557104,107.73632,2020-02-26 06:09:33.282024448,409.02402,0.0
2020-02-26,14.546896,107.74062,2020-02-26 06:09:33.309020672,410.41736,0.0
2020-02-26,14.536861,107.74491,2020-02-26 06:09:33.336017152,411.12857,0.0
2020-02-26,14.526567,107.748985,2020-02-26 06:09:33.363013632,410.79547,0.0
2020-02-26,14.516293,107.75301,2020-02-26 06:09:33.389004288,410.55017,0.0
2020-02-26,14.565516,107.736015,2020-02-26 06:09:33.641990144,409.21826,0.0
2020-02-26,14.555336,107.74019,2020-02-26 06:09:33.668986624,410.28012,0.0
2020-02-26,14.545071,107.744286,2020-02-26 06:09:33.696023296,410.92255,0.0
2020-02-26,14.5348625,107.748375,2020-02-26 06:09:33.723019520,411.20612,0.0
2020-02-26,14.524551,107.75234,2020-02-26 06:09:33.749010432,410.28452,0.0
2020-02-26,14.614341,107.71809,2020-02-26 06:09:33.895016192,410.28076,0.0
2020-02-26,14.604271,107.72252,2020-02-26 06:09:33.921006848,409.989,0.0
2020-02-26,14.553415,107.74372,2020-02-26 06:09:34.055988992,409.97507,0.0
2020-02-26,14.543152,107.74773,2020-02-26 06:09:34.083025664,410.10834,0.0
2020-02-26,14.633144,107.71358,2020-02-26 06:09:34.228025856,412.17422,0.0
2020-02-26,14.623122,107.718056,2020-02-26 06:09:34.255022592,411.57782,0.0
2020-02-26,14.6128845,107.72238,2020-02-26 06:09:34.282018816,410.2301,0.0
2020-02-26,14.6513405,107.70859,2020-02-26 06:09:34.562001152,411.14105,0.0
2020-02-26,14.641637,107.71332,2020-02-26 06:09:34.587991808,412.28754,0.0
2020-02-26,14.631817,107.71797,2020-02-26 06:09:34.615028480,412.21585,0.0
2020-02-26,14.621535,107.72224,2020-02-26 06:09:34.642024960,411.69843,0.0
2020-02-26,14.611306,107.72639,2020-02-26 06:09:34.669021440,411.5236,0.0
2020-02-26,14.669854,107.70384,2020-02-26 06:09:34.895011072,411.92355,0.0
2020-02-26,14.660044,107.7085,2020-02-26 06:09:34.921001472,412.76288,0.0
2020-02-26,14.650105,107.713066,2020-02-26 06:09:34.947997952,412.26337,0.0
2020-02-26,14.640069,107.71752,2020-02-26 06:09:34.974994432,414.06876,0.0
2020-02-26,14.63033,107.72205,2020-02-26 06:09:35.001990912,413.54468,0.0
2020-02-26,14.619955,107.72608,2020-02-26 06:09:35.028987136,411.4892,0.0
2020-02-26,14.609725,107.73017,2020-02-26 06:09:35.056023808,411.44592,0.0
2020-02-26,14.688376,107.69913,2020-02-26 06:09:35.228020736,411.80377,0.0
2020-02-26,14.678339,107.70361,2020-02-26 06:09:35.255016960,411.26105,0.0
2020-02-26,14.668535,107.70829,2020-02-26 06:09:35.282013440,412.89932,0.0
2020-02-26,14.6586895,107.712906,2020-02-26 06:09:35.309009664,413.92984,0.0
2020-02-26,14.638195,107.72118,2020-02-26 06:09:35.363002880,414.9699,0.0
2020-02-26,14.62822,107.72547,2020-02-26 06:09:35.388993280,413.40512,0.0
2020-02-26,14.618278,107.72974,2020-02-26 06:09:35.415989760,412.3271,0.0
2020-02-26,14.706954,107.69446,2020-02-26 06:09:35.561995776,412.1643,0.0
2020-02-26,14.696964,107.69899,2020-02-26 06:09:35.588026624,410.95502,0.0
2020-02-26,14.6868925,107.70346,2020-02-26 06:09:35.615023104,411.9227,0.0
2020-02-26,14.676666,107.707794,2020-02-26 06:09:35.642019584,412.42816,0.0
2020-02-26,14.666976,107.71237,2020-02-26 06:09:35.669015808,413.18323,0.0
2020-02-26,14.656858,107.71661,2020-02-26 06:09:35.696012544,413.36752,0.0
2020-02-26,14.715527,107.69432,2020-02-26 06:09:35.920996096,412.17514,0.0
2020-02-26,14.70552,107.69885,2020-02-26 06:09:35.947992576,411.4653,0.0
2020-02-26,14.695366,107.70323,2020-02-26 06:09:35.974989056,411.60876,0.0
2020-02-26,14.685227,107.70748,2020-02-26 06:09:36.002025728,412.005,0.0
2020-02-26,14.675004,107.711655,2020-02-26 06:09:36.029021952,411.57755,0.0
2020-02-26,14.654739,107.71998,2020-02-26 06:09:36.083014912,411.4551,0.0
2020-02-26,14.713863,107.6986,2020-02-26 06:09:36.309004288,411.68567,0.0
2020-02-26,14.703725,107.70286,2020-02-26 06:09:36.336001024,412.11502,0.0
2020-02-26,14.6936455,107.707146,2020-02-26 06:09:36.362997248,411.7775,0.0
2020-02-26,14.683347,107.71121,2020-02-26 06:09:36.388987904,412.27243,0.0
2020-02-26,14.673144,107.71531,2020-02-26 06:09:36.416024576,411.83377,0.0
2020-02-26,14.712169,107.70255,2020-02-26 06:09:36.696006912,411.2063,0.0
2020-02-26,14.701911,107.70666,2020-02-26 06:09:36.723003392,411.3057,0.0
2020-02-26,14.691649,107.71072,2020-02-26 06:09:36.748993792,411.3978,0.0
2020-02-26,14.710152,107.70613,2020-02-26 06:09:37.083009536,410.62604,0.0
2020-02-26,14.835362,107.666985,2020-02-26 06:09:38.281997312,413.09293,0.0
2020-02-26,14.825288,107.671486,2020-02-26 06:09:38.308993536,412.39355,0.0
2020-02-26,16.966305,107.12866,2020-02-26 06:10:16.227999232,413.16586,0.0
2020-02-26,16.975048,107.12934,2020-02-26 06:10:16.588005632,413.50955,0.0
2020-02-26,16.94501,107.14455,2020-02-26 06:10:16.668994560,412.416,0.0
2020-02-26,16.934921,107.14944,2020-02-26 06:10:16.695991040,413.0673,0.0
2020-02-26,16.973623,107.13504,2020-02-26 06:10:16.975008000,413.41406,0.0
2020-02-26,16.963633,107.14002,2020-02-26 06:10:17.002004480,413.09827,0.0
2020-02-26,16.943388,107.14971,2020-02-26 06:10:17.055997440,412.95636,0.0
2020-02-26,16.9517,107.14985,2020-02-26 06:10:17.416003328,412.55606,0.0
2020-02-26,17.049278,107.11101,2020-02-26 06:10:17.921009664,412.88705,0.0
2020-02-26,17.057878,107.11156,2020-02-26 06:10:18.282021632,412.83154,0.0
2020-02-26,20.13507,106.31575,2020-02-26 06:11:13.588018176,413.15164,0.0
2020-03-04,10.455252,107.19879,2020-03-04 06:14:30.254985984,413.30252,0.0
2020-03-04,10.484292,107.1923,2020-03-04 06:14:30.562004992,412.77478,0.0
2020-03-04,10.503004,107.188,2020-03-04 06:14:30.895014656,412.506,0.0
2020-03-04,10.492645,107.190186,2020-03-04 06:14:30.921005312,412.41605,0.0
2020-03-04,10.482191,107.19227,2020-03-04 06:14:30.948001792,412.59058,0.0
2020-03-04,10.471717,107.1943,2020-03-04 06:14:30.974998272,412.7648,0.0
2020-03-04,10.461313,107.19622,2020-03-04 06:14:31.001994496,412.91183,0.0
2020-03-04,10.521655,107.18373,2020-03-04 06:14:31.228024576,411.90726,0.0
2020-03-04,10.511298,107.18593,2020-03-04 06:14:31.255020800,412.04288,0.0
2020-03-04,10.50086,107.18805,2020-03-04 06:14:31.282017280,412.5517,0.0
2020-03-04,10.490383,107.19009,2020-03-04 06:14:31.309013504,412.0519,0.0
2020-03-04,10.479959,107.192,2020-03-04 06:14:31.336009984,412.4523,0.0
2020-03-04,10.469494,107.193855,2020-03-04 06:14:31.363006464,413.23486,0.0
2020-03-04,10.540301,107.17949,2020-03-04 06:14:31.561999616,412.64935,0.0
2020-03-04,10.529945,107.1817,2020-03-04 06:14:31.587990272,411.7727,0.0
2020-03-04,10.519508,107.18383,2020-03-04 06:14:31.614986752,411.4371,0.0
2020-03-04,10.5090275,107.18587,2020-03-04 06:14:31.642023424,412.22794,0.0
2020-03-04,10.498603,107.18779,2020-03-04 06:14:31.669019648,412.27325,0.0
2020-03-04,10.488139,107.18965,2020-03-04 06:14:31.696016384,412.0423,0.0
2020-03-04,10.477639,107.191414,2020-03-04 06:14:31.723012608,412.5862,0.0
2020-03-04,10.467105,107.193085,2020-03-04 06:14:31.749003264,412.9558,0.0
2020-03-04,10.558943,107.175255,2020-03-04 06:14:31.895009280,411.40518,0.0
2020-03-04,10.5381565,107.17961,2020-03-04 06:14:31.947996416,412.4389,0.0
2020-03-04,10.527672,107.18165,2020-03-04 06:14:31.974992640,411.7334,0.0
2020-03-04,10.517258,107.18359,2020-03-04 06:14:32.001989120,411.8529,0.0
2020-03-04,10.506793,107.18545,2020-03-04 06:14:32.029025792,412.0193,0.0
2020-03-04,10.496296,107.1872,2020-03-04 06:14:32.056022272,412.32278,0.0
2020-03-04,10.48575,107.18886,2020-03-04 06:14:32.083018752,412.14944,0.0
2020-03-04,10.577578,107.17089,2020-03-04 06:14:32.228018944,411.4638,0.0
2020-03-04,10.567217,107.173096,2020-03-04 06:14:32.255015424,411.9475,0.0
2020-03-04,10.556779,107.175224,2020-03-04 06:14:32.282011648,411.90683,0.0
2020-03-04,10.546303,107.17727,2020-03-04 06:14:32.309008128,412.6867,0.0
2020-03-04,10.525423,107.18106,2020-03-04 06:14:32.363001088,412.13718,0.0
2020-03-04,10.514917,107.182816,2020-03-04 06:14:32.388991744,411.7756,0.0
2020-03-04,10.504382,107.18449,2020-03-04 06:14:32.415988224,412.04868,0.0
2020-03-04,10.596209,107.16647,2020-03-04 06:14:32.561993984,412.41565,0.0
2020-03-04,10.585839,107.16868,2020-03-04 06:14:32.588025088,412.41968,0.0
2020-03-04,10.5753975,107.17081,2020-03-04 06:14:32.615021568,411.86453,0.0
2020-03-04,10.564922,107.17285,2020-03-04 06:14:32.642017792,412.1064,0.0
2020-03-04,10.554512,107.1748,2020-03-04 06:14:32.669014528,412.20132,0.0
2020-03-04,10.533548,107.17844,2020-03-04 06:14:32.723007232,411.46542,0.0
2020-03-04,10.523008,107.18011,2020-03-04 06:14:32.748997632,411.64383,0.0
2020-03-04,10.614843,107.16206,2020-03-04 06:14:32.895003904,411.9561,0.0
2020-03-04,10.604475,107.16427,2020-03-04 06:14:32.920994560,412.43323,0.0
2020-03-04,10.59404,107.16641,2020-03-04 06:14:32.947990784,412.20978,0.0
2020-03-04,10.58356,107.168465,2020-03-04 06:14:32.974987264,412.72665,0.0
2020-03-04,10.573137,107.1704,2020-03-04 06:14:33.002023936,411.84528,0.0
2020-03-04,10.562672,107.17229,2020-03-04 06:14:33.029020416,412.39645,0.0
2020-03-04,10.552185,107.17409,2020-03-04 06:14:33.056016896,412.68878,0.0
2020-03-04,10.541663,107.1758,2020-03-04 06:14:33.083013376,412.1636,0.0
2020-03-04,10.63355,107.15782,2020-03-04 06:14:33.228013568,412.78015,0.0
2020-03-04,10.623196,107.16006,2020-03-04 06:14:33.255009792,412.29742,0.0
2020-03-04,10.61275,107.16221,2020-03-04 06:14:33.282006272,411.63593,0.0
2020-03-04,10.60228,107.16429,2020-03-04 06:14:33.309002752,412.10687,0.0
2020-03-04,10.591875,107.16626,2020-03-04 06:14:33.335999232,412.0266,0.0
2020-03-04,10.581392,107.16814,2020-03-04 06:14:33.362995712,412.2456,0.0
2020-03-04,10.570906,107.16994,2020-03-04 06:14:33.389026560,412.1732,0.0
2020-03-04,10.560385,107.17166,2020-03-04 06:14:33.416023040,411.98413,0.0
2020-03-04,10.652285,107.153656,2020-03-04 06:14:33.561988864,412.2938,0.0
2020-03-04,10.641932,107.1559,2020-03-04 06:14:33.588019712,412.3335,0.0
2020-03-04,10.631506,107.15807,2020-03-04 06:14:33.615015936,412.75134,0.0
2020-03-04,10.621028,107.16016,2020-03-04 06:14:33.642012672,412.08167,0.0
2020-03-04,10.610604,107.16212,2020-03-04 06:14:33.669008896,411.93842,0.0
2020-03-04,10.600142,107.16402,2020-03-04 06:14:33.696005376,412.30466,0.0
2020-03-04,10.589637,107.16581,2020-03-04 06:14:33.723001600,411.77475,0.0
2020-03-04,10.579122,107.16754,2020-03-04 06:14:33.748992512,412.57153,0.0
2020-03-04,10.671029,107.1495,2020-03-04 06:14:33.894998528,412.20172,0.0
2020-03-04,10.660667,107.15174,2020-03-04 06:14:33.920988928,412.5414,0.0
2020-03-04,10.650239,107.15392,2020-03-04 06:14:33.948025600,412.10092,0.0
2020-03-04,10.639756,107.156,2020-03-04 06:14:33.975022080,412.93088,0.0
2020-03-04,10.629358,107.158,2020-03-04 06:14:34.002018560,412.65567,0.0
2020-03-04,10.618882,107.15988,2020-03-04 06:14:34.029015040,412.33905,0.0
2020-03-04,10.608363,107.16167,2020-03-04 06:14:34.056011520,411.8154,0.0
2020-03-04,10.597828,107.16338,2020-03-04 06:14:34.083007744,411.8793,0.0
2020-03-04,10.689717,107.14527,2020-03-04 06:14:34.228007936,412.11743,0.0
2020-03-04,10.679338,107.1475,2020-03-04 06:14:34.255004416,412.62473,0.0
2020-03-04,10.668853,107.14961,2020-03-04 06:14:34.282000896,412.0697,0.0
2020-03-04,10.658384,107.15171,2020-03-04 06:14:34.308997376,412.34485,0.0
2020-03-04,10.647972,107.153694,2020-03-04 06:14:34.335993856,412.525,0.0
2020-03-04,10.637481,107.15558,2020-03-04 06:14:34.362990336,412.6272,0.0
2020-03-04,10.626982,107.15739,2020-03-04 06:14:34.389021184,412.01648,0.0
2020-03-04,10.616443,107.1591,2020-03-04 06:14:34.416017408,412.15237,0.0
2020-03-04,10.708326,107.14094,2020-03-04 06:14:34.562023680,412.9246,0.0
2020-03-04,10.68753,107.14538,2020-03-04 06:14:34.615010816,412.36777,0.0
2020-03-04,10.67702,107.14744,2020-03-04 06:14:34.642007040,412.26282,0.0
2020-03-04,10.666571,107.14938,2020-03-04 06:14:34.669003520,411.93204,0.0
2020-03-04,10.656095,107.15128,2020-03-04 06:14:34.695999744,412.70004,0.0
2020-03-04,10.6455965,107.1531,2020-03-04 06:14:34.722996224,412.42252,0.0
2020-03-04,10.635058,107.15482,2020-03-04 06:14:34.749027328,412.42215,0.0
2020-03-04,10.716568,107.13887,2020-03-04 06:14:34.921023744,413.10303,0.0
2020-03-04,10.706136,107.14106,2020-03-04 06:14:34.948020224,412.74518,0.0
2020-03-04,10.695646,107.14315,2020-03-04 06:14:34.975016704,412.23557,0.0
2020-03-04,10.685231,107.14514,2020-03-04 06:14:35.002013184,412.15643,0.0
2020-03-04,10.674706,107.14699,2020-03-04 06:14:35.029009664,412.23108,0.0
2020-03-04,10.664182,107.14877,2020-03-04 06:14:35.056005888,411.98972,0.0
2020-03-04,10.653651,107.150505,2020-03-04 06:14:35.083002624,412.02646,0.0
2020-03-04,10.714226,107.1387,2020-03-04 06:14:35.308992000,412.70392,0.0
2020-03-04,10.703818,107.14069,2020-03-04 06:14:35.335988480,412.74637,0.0
2020-03-04,10.693313,107.14257,2020-03-04 06:14:35.363025152,412.4913,0.0
2020-03-04,10.682809,107.14439,2020-03-04 06:14:35.389015552,411.9412,0.0
2020-03-04,10.672231,107.14607,2020-03-04 06:14:35.416012032,411.87234,0.0
2020-03-04,10.71191,107.138145,2020-03-04 06:14:35.695994368,412.8488,0.0
2020-03-04,10.7014065,107.13997,2020-03-04 06:14:35.722991104,411.9045,0.0
2020-03-04,10.690814,107.14164,2020-03-04 06:14:35.749021696,411.42426,0.0
2020-03-04,10.709443,107.137276,2020-03-04 06:14:36.082996992,412.0675,0.0
2020-03-09,8.605243,104.75707,2020-03-09 06:32:12.615025408,414.04373,0.0
2020-03-09,8.596154,104.75257,2020-03-09 06:32:13.029024256,413.29388,0.0
2020-03-11,9.347247,105.936646,2020-03-11 06:20:20.561997568,412.26532,0.0
2020-03-11,9.29468,105.93798,2020-03-11 06:20:20.696014080,412.69043,0.0
2020-03-11,9.334407,105.93346,2020-03-11 06:20:20.974990848,411.86197,0.0
2020-03-11,9.353103,105.929214,2020-03-11 06:20:21.309006336,411.6054,0.0
2020-03-11,9.392845,105.92431,2020-03-11 06:20:21.588023040,411.72607,0.0
2020-03-11,9.400942,105.92047,2020-03-11 06:20:21.947988992,411.45648,0.0
2020-03-11,9.390374,105.92078,2020-03-11 06:20:21.975025664,411.3687,0.0
2020-03-11,9.369355,105.92111,2020-03-11 06:20:22.029018368,411.5546,0.0
2020-03-11,9.358811,105.92115,2020-03-11 06:20:22.056014848,411.6516,0.0
2020-03-11,9.39853,105.91672,2020-03-11 06:20:22.335997184,411.6758,0.0
2020-03-11,9.438235,105.91181,2020-03-11 06:20:22.615014144,411.30325,0.0
2020-03-11,9.417183,105.91233,2020-03-11 06:20:22.669006848,411.48907,0.0
2020-03-11,9.406652,105.91246,2020-03-11 06:20:22.696003328,411.55667,0.0
2020-03-11,9.396113,105.912506,2020-03-11 06:20:22.722999808,411.52127,0.0
2020-03-11,9.385547,105.912445,2020-03-11 06:20:22.748990208,411.20667,0.0
2020-03-11,9.446323,105.90773,2020-03-11 06:20:22.975020288,411.9478,0.0
2020-03-11,9.441449,105.899414,2020-03-11 06:20:23.749025024,411.49847,0.0
2020-03-20,12.680646,108.50013,2020-03-20 06:14:52.227990784,414.41504,0.0
2020-03-20,12.67147,108.49534,2020-03-20 06:14:52.641989888,414.15533,0.0
2020-03-20,12.661743,108.495026,2020-03-20 06:14:52.668986368,414.3151,0.0
2020-03-20,12.681813,108.4907,2020-03-20 06:14:53.001996032,414.24075,0.0
2020-03-20,12.662306,108.48985,2020-03-20 06:14:53.055988736,414.68964,0.0
2020-03-20,13.315938,108.34407,2020-03-20 06:15:04.083006208,412.99704,0.0
2020-03-20,13.405036,108.33582,2020-03-20 06:15:04.615008768,410.8662,0.0
2020-03-20,13.445519,108.3274,2020-03-20 06:15:05.281993984,413.121,0.0
2020-03-20,13.3968,108.32714,2020-03-20 06:15:05.416010496,412.57532,0.0
2020-03-20,13.48526,108.32268,2020-03-20 06:15:05.562016512,413.29388,0.0
2020-03-20,13.46576,108.32317,2020-03-20 06:15:05.615003392,412.55725,0.0
2020-03-20,13.455959,108.32326,2020-03-20 06:15:05.641999616,412.91708,0.0
2020-03-20,13.495705,108.31826,2020-03-20 06:15:05.921016576,412.06168,0.0
2020-03-20,13.485919,108.31844,2020-03-20 06:15:05.948013056,412.90613,0.0
2020-03-20,13.466406,108.31854,2020-03-20 06:15:06.002006016,413.3516,0.0
2020-03-20,13.525587,108.31325,2020-03-20 06:15:06.227995392,413.18036,0.0
2020-03-20,13.496277,108.31381,2020-03-20 06:15:06.309025024,412.2842,0.0
2020-03-20,13.467079,108.313614,2020-03-20 06:15:06.389008640,413.64624,0.0
2020-03-20,13.536021,108.308784,2020-03-20 06:15:06.588001536,413.3381,0.0
2020-03-20,13.546289,108.304436,2020-03-20 06:15:06.948007680,413.07684,0.0
2020-03-20,13.536482,108.30457,2020-03-20 06:15:06.975004160,413.09985,0.0
2020-03-20,13.526762,108.30462,2020-03-20 06:15:07.002000640,412.0624,0.0
2020-03-20,13.507261,108.30447,2020-03-20 06:15:07.055993344,412.7252,0.0
2020-03-20,13.566347,108.29989,2020-03-20 06:15:07.282023168,414.23007,0.0
2020-03-20,13.53707,108.30006,2020-03-20 06:15:07.363012352,413.47998,0.0
2020-03-20,13.52732,108.29995,2020-03-20 06:15:07.389003008,412.60962,0.0
2020-03-20,13.51756,108.29976,2020-03-20 06:15:07.415999488,412.3341,0.0
2020-03-20,13.60643,108.29078,2020-03-20 06:15:07.948002304,413.17764,0.0
2020-03-20,13.5966215,108.29094,2020-03-20 06:15:07.974998784,412.90005,0.0
2020-03-20,13.567396,108.29091,2020-03-20 06:15:08.055987712,414.59866,0.0
2020-03-20,13.557634,108.29073,2020-03-20 06:15:08.083024384,414.68518,0.0
2020-03-20,13.61665,108.28639,2020-03-20 06:15:08.309014016,412.93408,0.0
2020-03-20,13.5971775,108.28647,2020-03-20 06:15:08.363006976,413.7663,0.0
2020-03-20,13.597704,108.281746,2020-03-20 06:15:08.749003776,413.18277,0.0
2020-03-20,14.149746,108.1739,2020-03-20 06:15:16.561997056,412.51642,0.0
2020-03-20,14.1400385,108.17446,2020-03-20 06:15:16.587987456,412.94284,0.0
2020-03-20,14.09138,108.175964,2020-03-20 06:15:16.723010048,413.05487,0.0
2020-03-20,14.1699295,108.16938,2020-03-20 06:15:16.895006720,412.72205,0.0
2020-03-20,14.160222,108.16994,2020-03-20 06:15:16.920997120,412.5996,0.0
2020-03-20,14.150501,108.17042,2020-03-20 06:15:16.947993856,412.10754,0.0
2020-03-20,14.1407175,108.170815,2020-03-20 06:15:16.974990080,411.57178,0.0
2020-03-20,14.111555,108.17147,2020-03-20 06:15:17.056019456,414.72925,0.0
2020-03-20,14.101838,108.171524,2020-03-20 06:15:17.083015936,413.20502,0.0
2020-03-20,14.190102,108.16484,2020-03-20 06:15:17.228016384,413.2806,0.0
2020-03-20,14.180399,108.165405,2020-03-20 06:15:17.255012864,412.1179,0.0
2020-03-20,14.170674,108.16589,2020-03-20 06:15:17.282009088,412.02905,0.0
2020-03-20,14.160891,108.1663,2020-03-20 06:15:17.309005568,411.8288,0.0
2020-03-20,14.151193,108.16661,2020-03-20 06:15:17.336001792,411.9766,0.0
2020-03-20,14.141463,108.16684,2020-03-20 06:15:17.362998528,412.89188,0.0
2020-03-20,14.210277,108.16029,2020-03-20 06:15:17.561991424,412.6133,0.0
2020-03-20,14.200566,108.16087,2020-03-20 06:15:17.588022272,412.2406,0.0
2020-03-20,14.190845,108.16137,2020-03-20 06:15:17.615018752,412.50513,0.0
2020-03-20,14.181052,108.16178,2020-03-20 06:15:17.642015232,412.68494,0.0
2020-03-20,14.171346,108.1621,2020-03-20 06:15:17.669011712,412.03983,0.0
2020-03-20,14.161608,108.16234,2020-03-20 06:15:17.696008192,412.68365,0.0
2020-03-20,14.151866,108.16249,2020-03-20 06:15:17.723004672,412.29504,0.0
2020-03-20,14.142142,108.16255,2020-03-20 06:15:17.748995072,411.91696,0.0
2020-03-20,14.230356,108.15575,2020-03-20 06:15:17.895001088,412.68634,0.0
2020-03-20,14.22064,108.15633,2020-03-20 06:15:17.920992000,412.74155,0.0
2020-03-20,14.210907,108.15683,2020-03-20 06:15:17.947988224,412.5429,0.0
2020-03-20,14.201117,108.15725,2020-03-20 06:15:17.975024896,411.49692,0.0
2020-03-20,14.19141,108.15758,2020-03-20 06:15:18.002021376,412.31244,0.0
2020-03-20,14.181672,108.15782,2020-03-20 06:15:18.029017600,412.36295,0.0
2020-03-20,14.171931,108.15798,2020-03-20 06:15:18.056014080,411.9101,0.0
2020-03-20,14.162208,108.15806,2020-03-20 06:15:18.083010560,411.84384,0.0
2020-03-20,14.23097,108.1523,2020-03-20 06:15:18.282003712,412.8975,0.0
2020-03-20,14.22118,108.15272,2020-03-20 06:15:18.308999936,412.36005,0.0
2020-03-20,14.211474,108.15306,2020-03-20 06:15:18.335996672,412.58688,0.0
2020-03-20,14.201737,108.15331,2020-03-20 06:15:18.362992896,412.0326,0.0
2020-03-20,14.191997,108.15348,2020-03-20 06:15:18.389023744,412.454,0.0
2020-03-20,14.182272,108.153564,2020-03-20 06:15:18.416020480,412.80603,0.0
2020-03-20,14.241253,108.1482,2020-03-20 06:15:18.642009856,411.17322,0.0
2020-03-20,14.231555,108.14855,2020-03-20 06:15:18.669006336,412.19617,0.0
2020-03-20,14.221825,108.14882,2020-03-20 06:15:18.696002816,411.20865,0.0
2020-03-20,14.2120905,108.149,2020-03-20 06:15:18.722999040,411.04852,0.0
2020-03-20,14.202373,108.1491,2020-03-20 06:15:18.748989696,412.3183,0.0
2020-03-20,14.232237,108.14456,2020-03-20 06:15:19.056008704,411.63333,0.0
2020-03-20,14.222517,108.14466,2020-03-20 06:15:19.083005184,409.52264,0.0
2020-03-20,14.282892,108.13119,2020-03-20 06:15:20.082999808,413.11465,0.0
2020-03-20,14.3710985,108.12393,2020-03-20 06:15:20.228000000,412.11807,0.0
2020-03-20,14.361389,108.12457,2020-03-20 06:15:20.254996224,412.17236,0.0
2020-03-20,14.302989,108.12663,2020-03-20 06:15:20.416009472,414.50467,0.0
2020-03-20,14.391192,108.119316,2020-03-20 06:15:20.562015488,413.11023,0.0
2020-03-20,14.381485,108.119965,2020-03-20 06:15:20.588006144,411.9882,0.0
2020-03-20,14.371758,108.12054,2020-03-20 06:15:20.615002624,411.80466,0.0
2020-03-20,14.361979,108.12104,2020-03-20 06:15:20.641999104,412.4825,0.0
2020-03-20,14.411325,108.114876,2020-03-20 06:15:20.895025152,412.3129,0.0
2020-03-20,14.401623,108.11555,2020-03-20 06:15:20.921015808,412.7646,0.0
2020-03-20,14.391899,108.11614,2020-03-20 06:15:20.948012032,412.5366,0.0
2020-03-20,14.382119,108.116646,2020-03-20 06:15:20.975008512,412.45624,0.0
2020-03-20,14.372424,108.117065,2020-03-20 06:15:21.002004992,412.0714,0.0
2020-03-20,14.362698,108.11739,2020-03-20 06:15:21.029001472,412.41458,0.0
2020-03-20,14.352966,108.117645,2020-03-20 06:15:21.055997952,412.64453,0.0
2020-03-20,14.421802,108.111145,2020-03-20 06:15:21.254991104,412.54648,0.0
2020-03-20,14.40226,108.11226,2020-03-20 06:15:21.309024000,412.25848,0.0
2020-03-20,14.392566,108.11268,2020-03-20 06:15:21.336020480,411.92072,0.0
2020-03-20,14.382839,108.11302,2020-03-20 06:15:21.363016960,412.43478,0.0
2020-03-20,14.373108,108.11328,2020-03-20 06:15:21.389007616,412.5335,0.0
2020-03-20,14.363366,108.11346,2020-03-20 06:15:21.416003840,412.6114,0.0
2020-03-20,14.441941,108.10674,2020-03-20 06:15:21.588000768,411.17197,0.0
2020-03-20,14.422408,108.10786,2020-03-20 06:15:21.641993472,411.97153,0.0
2020-03-20,14.412719,108.10828,2020-03-20 06:15:21.668989952,412.05258,0.0
2020-03-20,14.393271,108.108864,2020-03-20 06:15:21.723022848,411.51807,0.0
2020-03-20,14.383534,108.10903,2020-03-20 06:15:21.749013760,411.51913,0.0
2020-03-20,14.442608,108.10331,2020-03-20 06:15:21.975003136,411.72083,0.0
2020-03-20,14.4329195,108.103745,2020-03-20 06:15:22.001999616,411.78214,0.0
2020-03-20,14.423199,108.10409,2020-03-20 06:15:22.028996096,412.13934,0.0
2020-03-20,14.413473,108.10435,2020-03-20 06:15:22.055992576,412.0601,0.0
2020-03-20,14.403737,108.10453,2020-03-20 06:15:22.082989056,411.4346,0.0
2020-03-20,14.433676,108.09983,2020-03-20 06:15:22.389001984,411.18817,0.0
2020-03-20,14.423939,108.10002,2020-03-20 06:15:22.415998464,411.49582,0.0
2020-03-20,14.51224,108.09238,2020-03-20 06:15:22.562004480,413.60526,0.0
2020-03-20,14.444141,108.09555,2020-03-20 06:15:22.749008128,411.84192,0.0
2020-03-20,14.50321,108.08979,2020-03-20 06:15:22.974997760,412.2452,0.0
2020-03-20,14.493524,108.09025,2020-03-20 06:15:23.001994240,412.73444,0.0
2020-03-20,14.523412,108.085335,2020-03-20 06:15:23.309013248,416.3196,0.0
2020-03-20,14.513725,108.0858,2020-03-20 06:15:23.336009728,413.94125,0.0
2020-03-20,14.504007,108.08619,2020-03-20 06:15:23.363006208,413.2353,0.0
2020-03-20,14.572747,108.07892,2020-03-20 06:15:23.561999360,413.99762,0.0
2020-03-20,14.553382,108.08031,2020-03-20 06:15:23.615026432,415.38943,0.0
2020-03-20,14.54361,108.08087,2020-03-20 06:15:23.642022912,414.77994,0.0
2020-03-20,14.533922,108.081345,2020-03-20 06:15:23.669019136,414.71143,0.0
2020-03-20,14.524202,108.08173,2020-03-20 06:15:23.696015872,414.2569,0.0
2020-03-20,14.50474,108.08226,2020-03-20 06:15:23.749003008,413.08527,0.0
2020-03-20,14.592914,108.07439,2020-03-20 06:15:23.895008768,414.58984,0.0
2020-03-20,14.573554,108.07578,2020-03-20 06:15:23.947995904,413.39865,0.0
2020-03-20,14.563784,108.076355,2020-03-20 06:15:23.974992384,414.0868,0.0
2020-03-20,14.544376,108.07723,2020-03-20 06:15:24.029025536,414.58792,0.0
2020-03-20,14.613076,108.06984,2020-03-20 06:15:24.228018432,415.9227,0.0
2020-03-20,14.603393,108.07059,2020-03-20 06:15:24.255014912,416.3909,0.0
2020-03-20,14.593727,108.07126,2020-03-20 06:15:24.282011392,415.43866,0.0
2020-03-20,14.554834,108.07305,2020-03-20 06:15:24.388991232,414.8202,0.0
2020-03-20,14.545125,108.07329,2020-03-20 06:15:24.415987712,414.73862,0.0
2020-03-20,14.653465,108.06082,2020-03-20 06:15:24.895003392,414.9551,0.0
2020-03-20,14.6341305,108.06228,2020-03-20 06:15:24.947990528,415.428,0.0
2020-03-20,14.624366,108.06288,2020-03-20 06:15:24.975027200,416.61954,0.0
2020-03-20,14.604972,108.06382,2020-03-20 06:15:25.029020160,416.14655,0.0
2020-03-20,14.65436,108.05783,2020-03-20 06:15:25.282006016,414.39984,0.0
2020-03-20,14.605802,108.06001,2020-03-20 06:15:25.416022528,414.72046,0.0
2020-03-20,14.635709,108.05526,2020-03-20 06:15:25.723001600,416.32333,0.0
2020-03-20,14.626007,108.05552,2020-03-20 06:15:25.748992000,414.72064,0.0
2020-03-27,18.069159,105.735405,2020-03-27 06:22:35.642013184,412.48273,0.0
2020-03-27,18.13864,105.72338,2020-03-27 06:22:36.228008704,413.41788,0.0
2020-03-27,18.128962,105.724365,2020-03-27 06:22:36.255005440,413.32602,0.0
2020-03-27,18.149153,105.71969,2020-03-27 06:22:36.588015104,412.30792,0.0
2020-03-27,18.139425,105.7206,2020-03-27 06:22:36.615011328,413.0285,0.0
2020-03-27,18.129679,105.72141,2020-03-27 06:22:36.642007808,412.68466,0.0
2020-03-27,18.120014,105.72214,2020-03-27 06:22:36.669004288,413.10413,0.0
2020-03-27,18.110315,105.722786,2020-03-27 06:22:36.696000512,414.18646,0.0
2020-03-27,18.159597,105.71598,2020-03-27 06:22:36.948020992,413.47916,0.0
2020-03-27,18.149847,105.71681,2020-03-27 06:22:36.975017472,412.57196,0.0
2020-03-27,18.14018,105.71755,2020-03-27 06:22:37.002013952,412.65872,0.0
2020-03-27,18.130478,105.71821,2020-03-27 06:22:37.029010176,413.1667,0.0
2020-03-27,18.169994,105.71226,2020-03-27 06:22:37.308992768,412.77933,0.0
2020-03-27,18.150627,105.71367,2020-03-27 06:22:37.363025920,413.42105,0.0
2020-03-27,18.14092,105.71425,2020-03-27 06:22:37.389016320,412.9555,0.0
2020-03-27,18.180475,105.70846,2020-03-27 06:22:37.668998656,412.4619,0.0
2020-03-27,18.170776,105.70913,2020-03-27 06:22:37.695995392,412.6791,0.0
2020-03-27,18.181139,105.704956,2020-03-27 06:22:38.056001536,411.97247,0.0
2020-03-27,18.17141,105.705444,2020-03-27 06:22:38.082997760,412.28082,0.0
2020-03-29,11.193508,108.62771,2020-03-29 06:08:29.920992000,414.96817,0.0
2020-03-29,11.222376,108.62589,2020-03-29 06:08:30.228011008,414.45554,0.0
2020-03-29,11.191615,108.61814,2020-03-29 06:08:30.309000192,415.01855,0.0
2020-03-29,11.241029,108.62159,2020-03-29 06:08:30.562026496,412.94995,0.0
2020-03-29,11.230799,108.61911,2020-03-29 06:08:30.588016896,413.42734,0.0
2020-03-29,11.210274,108.61391,2020-03-29 06:08:30.642009856,414.73102,0.0
2020-03-29,11.200099,108.61115,2020-03-29 06:08:30.669006336,414.50955,0.0
2020-03-29,11.189899,108.60829,2020-03-29 06:08:30.696003072,414.36017,0.0
2020-03-29,11.259766,108.617546,2020-03-29 06:08:30.894995968,413.8295,0.0
2020-03-29,11.2494755,108.6149,2020-03-29 06:08:30.920986624,413.2371,0.0
2020-03-29,11.228928,108.60966,2020-03-29 06:08:30.975019776,414.14746,0.0
2020-03-29,11.208567,108.60412,2020-03-29 06:08:31.029012480,414.553,0.0
2020-03-29,11.198378,108.60119,2020-03-29 06:08:31.056008704,414.43967,0.0
2020-03-29,11.188193,108.59818,2020-03-29 06:08:31.083005440,414.82877,0.0
2020-03-29,11.247651,108.60554,2020-03-29 06:08:31.308994816,414.36084,0.0
2020-03-29,11.237427,108.60265,2020-03-29 06:08:31.335991296,413.14526,0.0
2020-03-29,11.22724,108.599846,2020-03-29 06:08:31.362987776,414.13974,0.0
2020-03-29,11.217071,108.59697,2020-03-29 06:08:31.389018624,414.42664,0.0
2020-03-29,11.206889,108.59397,2020-03-29 06:08:31.416015104,414.05072,0.0
2020-03-29,11.256184,108.598495,2020-03-29 06:08:31.669001216,413.86658,0.0
2020-03-29,11.24595,108.595566,2020-03-29 06:08:31.695997440,412.91495,0.0
2020-03-29,11.235761,108.59265,2020-03-29 06:08:31.722993920,413.07996,0.0
2020-03-29,11.2255945,108.589714,2020-03-29 06:08:31.749024512,413.15887,0.0
2020-03-29,11.264781,108.59161,2020-03-29 06:08:32.029006848,414.33786,0.0
2020-03-29,11.254482,108.588425,2020-03-29 06:08:32.056003584,413.76657,0.0
2020-03-29,11.244283,108.5854,2020-03-29 06:08:32.083000064,413.28644,0.0
2020-03-29,11.334779,108.600845,2020-03-29 06:08:32.228000256,413.79343,0.0
2020-03-29,11.324702,108.59886,2020-03-29 06:08:32.254996480,414.4031,0.0
2020-03-29,11.314451,108.59637,2020-03-29 06:08:32.281992960,414.81393,0.0
2020-03-29,11.304084,108.59345,2020-03-29 06:08:32.308989440,414.98862,0.0
2020-03-29,11.283749,108.588036,2020-03-29 06:08:32.363022592,414.5968,0.0
2020-03-29,11.273307,108.58445,2020-03-29 06:08:32.389013248,414.0487,0.0
2020-03-29,11.2630415,108.581276,2020-03-29 06:08:32.416009728,413.34882,0.0
2020-03-29,11.3536625,108.59697,2020-03-29 06:08:32.562015488,416.03613,0.0
2020-03-29,11.343436,108.59455,2020-03-29 06:08:32.588006144,414.6673,0.0
2020-03-29,11.333185,108.59207,2020-03-29 06:08:32.615002624,414.70233,0.0
2020-03-29,11.322975,108.58963,2020-03-29 06:08:32.641999360,413.45752,0.0
2020-03-29,11.312707,108.58666,2020-03-29 06:08:32.668995584,414.5579,0.0
2020-03-29,11.29204,108.58023,2020-03-29 06:08:32.722988288,414.3695,0.0
2020-03-29,11.28187,108.577324,2020-03-29 06:08:32.749019136,412.3127,0.0
2020-03-29,11.331544,108.5827,2020-03-29 06:08:33.002004992,414.64108,0.0
2020-03-29,11.321417,108.58011,2020-03-29 06:08:33.029001728,413.77206,0.0
2020-03-29,11.39098,108.587875,2020-03-29 06:08:33.227994624,416.39966,0.0
2020-03-29,11.329908,108.57285,2020-03-29 06:08:33.389007872,414.3194,0.0
2020-03-29,11.399613,108.58154,2020-03-29 06:08:33.588000768,416.35272,0.0
2020-03-29,11.623459,108.521324,2020-03-29 06:08:37.975021824,412.23895,0.0
2020-03-29,11.613242,108.51872,2020-03-29 06:08:38.002018560,410.70822,0.0
2020-03-29,11.673215,108.52456,2020-03-29 06:08:38.228007680,414.0892,0.0
2020-03-29,11.662797,108.521805,2020-03-29 06:08:38.255004416,413.672,0.0
2020-03-29,11.621752,108.51171,2020-03-29 06:08:38.362989824,413.2201,0.0
2020-03-29,11.691829,108.51983,2020-03-29 06:08:38.562023424,414.53253,0.0
2020-03-29,11.681563,108.51753,2020-03-29 06:08:38.588013824,414.11197,0.0
2020-03-29,11.671355,108.5154,2020-03-29 06:08:38.615010304,414.2982,0.0
2020-03-29,11.660892,108.51249,2020-03-29 06:08:38.642006784,413.31647,0.0
2020-03-29,11.630211,108.50453,2020-03-29 06:08:38.722996224,412.5121,0.0
2020-03-29,11.710333,108.514786,2020-03-29 06:08:38.894992896,415.9118,0.0
2020-03-29,11.689982,108.51075,2020-03-29 06:08:38.948019968,414.99518,0.0
2020-03-29,11.67976,108.508514,2020-03-29 06:08:38.975016704,413.84454,0.0
2020-03-29,11.729009,108.510254,2020-03-29 06:08:39.228002560,413.4646,0.0
2020-03-29,11.718746,108.50801,2020-03-29 06:08:39.254999040,414.2067,0.0
2020-03-29,11.688222,108.50153,2020-03-29 06:08:39.335987968,415.2624,0.0
2020-03-29,11.677973,108.49887,2020-03-29 06:08:39.363024640,414.9813,0.0
2020-03-29,11.667758,108.4962,2020-03-29 06:08:39.389015552,415.5401,0.0
2020-03-29,11.747672,108.505806,2020-03-29 06:08:39.562017792,413.4466,0.0
2020-03-29,11.737425,108.503624,2020-03-29 06:08:39.588008448,412.7573,0.0
2020-03-29,11.727131,108.50133,2020-03-29 06:08:39.615004928,413.33734,0.0
2020-03-29,11.706673,108.496574,2020-03-29 06:08:39.668997888,416.14206,0.0
2020-03-29,11.696488,108.49412,2020-03-29 06:08:39.695994368,416.78262,0.0
2020-03-29,11.766343,108.50138,2020-03-29 06:08:39.894987264,414.77408,0.0
2020-03-29,11.756094,108.49921,2020-03-29 06:08:39.921018112,413.7627,0.0
2020-03-29,11.745793,108.4969,2020-03-29 06:08:39.948014848,413.06796,0.0
2020-03-29,11.735497,108.49454,2020-03-29 06:08:39.975011072,413.19418,0.0
2020-03-29,11.725304,108.4921,2020-03-29 06:08:40.002007552,413.27713,0.0
2020-03-29,11.715117,108.489655,2020-03-29 06:08:40.029003776,414.08636,0.0
2020-03-29,11.704884,108.48698,2020-03-29 06:08:40.056000256,414.52463,0.0
2020-03-29,11.694692,108.484314,2020-03-29 06:08:40.082996736,414.8058,0.0
2020-03-29,11.764474,108.49256,2020-03-29 06:08:40.281989888,413.8387,0.0
2020-03-29,11.754161,108.49017,2020-03-29 06:08:40.308986112,412.9118,0.0
2020-03-29,11.743947,108.48772,2020-03-29 06:08:40.336022784,412.9371,0.0
2020-03-29,11.733764,108.4853,2020-03-29 06:08:40.363019520,412.68268,0.0
2020-03-29,11.723539,108.48266,2020-03-29 06:08:40.389009920,413.2765,0.0
2020-03-29,11.713317,108.47995,2020-03-29 06:08:40.416006656,413.72513,0.0
2020-03-29,11.762607,108.48343,2020-03-29 06:08:40.668992512,413.72168,0.0
2020-03-29,11.752367,108.48088,2020-03-29 06:08:40.695988992,413.3416,0.0
2020-03-29,11.742142,108.478264,2020-03-29 06:08:40.723025664,412.09323,0.0
2020-03-29,11.731929,108.475586,2020-03-29 06:08:40.749016064,412.3419,0.0
2020-03-29,11.8227,108.48933,2020-03-29 06:08:40.895022080,414.89178,0.0
2020-03-29,11.812434,108.48714,2020-03-29 06:08:40.921012992,413.8497,0.0
2020-03-29,11.80218,108.48499,2020-03-29 06:08:40.948009216,413.83447,0.0
2020-03-29,11.791861,108.4826,2020-03-29 06:08:40.975005696,412.42776,0.0
2020-03-29,11.760799,108.47401,2020-03-29 06:08:41.055994880,413.53476,0.0
2020-03-29,11.750561,108.47128,2020-03-29 06:08:41.082991360,413.25385,0.0
2020-03-29,11.84108,108.48422,2020-03-29 06:08:41.227991552,414.96664,0.0
2020-03-29,11.830886,108.482285,2020-03-29 06:08:41.254988032,414.91788,0.0
2020-03-29,11.82072,108.48044,2020-03-29 06:08:41.282024704,413.74936,0.0
2020-03-29,11.81045,108.47822,2020-03-29 06:08:41.309020928,415.17645,0.0
2020-03-29,11.800236,108.47581,2020-03-29 06:08:41.336017664,414.5962,0.0
2020-03-29,11.789962,108.47321,2020-03-29 06:08:41.363013888,414.0832,0.0
2020-03-29,11.769315,108.467476,2020-03-29 06:08:41.416001024,414.26294,0.0
2020-03-29,11.859708,108.48013,2020-03-29 06:08:41.562007040,413.6755,0.0
2020-03-29,11.849366,108.477806,2020-03-29 06:08:41.587997696,412.25604,0.0
2020-03-29,11.839032,108.475525,2020-03-29 06:08:41.614994176,414.092,0.0
2020-03-29,11.828793,108.47341,2020-03-29 06:08:41.641990656,414.64523,0.0
2020-03-29,11.818718,108.47139,2020-03-29 06:08:41.668987136,414.24847,0.0
2020-03-29,11.808625,108.46928,2020-03-29 06:08:41.696023808,413.81015,0.0
2020-03-29,11.787776,108.463066,2020-03-29 06:08:41.749010688,415.18488,0.0
2020-03-29,11.878223,108.47574,2020-03-29 06:08:41.895016704,414.73468,0.0
2020-03-29,11.868076,108.47397,2020-03-29 06:08:41.921007360,413.4448,0.0
2020-03-29,11.857833,108.47193,2020-03-29 06:08:41.948003840,413.29614,0.0
2020-03-29,11.847351,108.46918,2020-03-29 06:08:41.975000064,414.17432,0.0
2020-03-29,11.837057,108.466606,2020-03-29 06:08:42.001996544,414.22113,0.0
2020-03-29,11.826926,108.46442,2020-03-29 06:08:42.028993024,415.11942,0.0
2020-03-29,11.876208,108.46713,2020-03-29 06:08:42.282019072,412.98993,0.0
2020-03-29,11.865881,108.4648,2020-03-29 06:08:42.309015808,413.52032,0.0
2020-03-29,11.855709,108.46253,2020-03-29 06:08:42.336012032,413.8815,0.0
2020-03-29,11.845418,108.45993,2020-03-29 06:08:42.363008512,413.3468,0.0
2020-03-29,11.835181,108.45736,2020-03-29 06:08:42.388999168,414.49155,0.0
2020-03-29,11.8249655,108.45476,2020-03-29 06:08:42.415995648,414.36325,0.0
2020-03-29,11.894888,108.46295,2020-03-29 06:08:42.614988800,413.9296,0.0
2020-03-29,11.884564,108.46064,2020-03-29 06:08:42.641985280,413.21567,0.0
2020-03-29,11.874441,108.45852,2020-03-29 06:08:42.669021952,412.8745,0.0
2020-03-29,11.864088,108.455765,2020-03-29 06:08:42.696018176,412.95477,0.0
2020-03-29,11.853906,108.45335,2020-03-29 06:08:42.723014656,412.90393,0.0
2020-03-29,11.843716,108.45082,2020-03-29 06:08:42.749005312,413.65616,0.0
2020-03-29,11.91377,108.45931,2020-03-29 06:08:42.947998208,413.60437,0.0
2020-03-29,11.90341,108.45691,2020-03-29 06:08:42.974994688,414.20654,0.0
2020-03-29,11.882827,108.451775,2020-03-29 06:08:43.028987648,413.50482,0.0
2020-03-29,11.872707,108.449524,2020-03-29 06:08:43.056024320,413.7296,0.0
2020-03-29,11.862374,108.446655,2020-03-29 06:08:43.083020800,413.31378,0.0
2020-03-29,11.922114,108.45281,2020-03-29 06:08:43.309010176,413.3691,0.0
2020-03-29,11.911884,108.45044,2020-03-29 06:08:43.336006656,413.96194,0.0
2020-03-29,11.901615,108.44792,2020-03-29 06:08:43.363003136,413.5257,0.0
2020-03-29,11.881095,108.44265,2020-03-29 06:08:43.415990016,413.58316,0.0
2020-03-29,11.899753,108.4385,2020-03-29 06:08:43.748999936,414.34464,0.0
2020-03-29,12.189926,108.37523,2020-03-29 06:08:48.723022336,413.83078,0.0
2020-03-29,12.585543,108.30124,2020-03-29 06:08:54.948013824,413.3852,0.0
2020-03-29,12.533907,108.29077,2020-03-29 06:08:55.082995968,413.3843,0.0
2020-03-29,12.602188,108.288864,2020-03-29 06:08:55.668991488,411.20975,0.0
2020-03-29,12.591837,108.28671,2020-03-29 06:08:55.695987968,411.69772,0.0
2020-03-29,12.670592,108.285995,2020-03-29 06:08:56.255027200,410.4514,0.0
2020-03-29,12.649924,108.28257,2020-03-29 06:08:56.309020160,412.24316,0.0
2020-03-29,12.678847,108.27983,2020-03-29 06:08:56.614993152,410.96393,0.0
2020-03-29,12.668451,108.27795,2020-03-29 06:08:56.641989632,410.92407,0.0
2020-03-29,12.627119,108.269424,2020-03-29 06:08:56.749009920,410.77356,0.0
2020-03-29,12.6870985,108.27361,2020-03-29 06:08:56.974999552,410.83762,0.0
2020-03-29,12.664511,108.26085,2020-03-29 06:08:57.415994624,410.78598,0.0
2020-03-29,12.745344,108.26852,2020-03-29 06:08:57.587991296,411.67725,0.0
2020-03-29,12.753712,108.26226,2020-03-29 06:08:57.947997696,412.11115,0.0
2020-03-29,12.720815,108.24763,2020-03-29 06:08:58.415989504,410.87094,0.0
2020-03-29,12.839234,108.24589,2020-03-29 06:08:59.255011072,411.55676,0.0
2020-03-29,12.787482,108.236336,2020-03-29 06:08:59.388987648,411.42224,0.0
2020-03-29,12.806257,108.2319,2020-03-29 06:08:59.723002880,411.2531,0.0
2020-03-29,12.795893,108.229675,2020-03-29 06:08:59.748993280,411.78903,0.0
2020-03-29,12.855897,108.23317,2020-03-29 06:08:59.975023360,411.3319,0.0
2020-03-29,12.895495,108.2323,2020-03-29 06:09:00.255005696,410.909,0.0
2020-03-29,12.883126,108.22253,2020-03-29 06:09:00.669004800,411.57077,0.0
2020-03-29,12.951697,108.218956,2020-03-29 06:09:01.255000064,411.70242,0.0
2020-03-29,12.939244,108.209465,2020-03-29 06:09:01.668999168,411.3665,0.0
2020-03-29,12.918543,108.20553,2020-03-29 06:09:01.722991872,411.30048,0.0
2020-03-29,12.937193,108.201225,2020-03-29 06:09:02.056001536,411.60275,0.0
2020-03-29,13.03856,108.17306,2020-03-29 06:09:04.082987264,411.77573,0.0
2020-03-29,13.0779085,108.17253,2020-03-29 06:09:04.363010048,411.09402,0.0
2020-03-29,13.067502,108.17048,2020-03-29 06:09:04.389000448,410.89624,0.0
2020-03-29,13.134096,108.15926,2020-03-29 06:09:05.363004416,412.0455,0.0
2020-03-29,13.123747,108.15737,2020-03-29 06:09:05.388995072,412.2833,0.0
2020-03-29,13.132135,108.15093,2020-03-29 06:09:05.749001216,411.59122,0.0
2020-03-29,13.231893,108.1525,2020-03-29 06:09:06.255013376,411.99103,0.0
2020-03-29,13.221456,108.15095,2020-03-29 06:09:06.282009856,412.53613,0.0
2020-03-29,13.250567,108.14797,2020-03-29 06:09:06.588023040,412.46362,0.0
2020-03-29,13.24016,108.1465,2020-03-29 06:09:06.615019264,411.49054,0.0
2020-03-29,13.248382,108.14036,2020-03-29 06:09:06.975025664,412.3143,0.0
2020-03-29,13.238045,108.1387,2020-03-29 06:09:07.002022144,413.0335,0.0
2020-03-29,13.217311,108.13509,2020-03-29 06:09:07.056014848,411.76004,0.0
2020-03-29,13.246322,108.13246,2020-03-29 06:09:07.362993664,412.02066,0.0
2020-03-29,13.235952,108.13063,2020-03-29 06:09:07.389024512,412.27972,0.0
2020-03-29,13.225559,108.12867,2020-03-29 06:09:07.416020992,412.0654,0.0
2020-03-29,13.24417,108.1242,2020-03-29 06:09:07.748990208,412.404,0.0
2020-03-29,13.273263,108.12185,2020-03-29 06:09:08.056009216,412.61118,0.0
2020-03-29,13.322862,108.12233,2020-03-29 06:09:08.308995328,412.9385,0.0
2020-03-29,13.281393,108.11537,2020-03-29 06:09:08.416015616,412.2335,0.0
2020-03-29,13.399232,108.11147,2020-03-29 06:09:09.254996992,412.61667,0.0
2020-03-29,13.378326,108.10853,2020-03-29 06:09:09.308989952,412.19992,0.0
2020-03-29,13.347213,108.103546,2020-03-29 06:09:09.389013760,413.55426,0.0
2020-03-29,13.41309,108.09181,2020-03-29 06:09:10.363017472,413.25638,0.0
2020-03-29,13.402693,108.090065,2020-03-29 06:09:10.389008384,412.39532,0.0
2020-03-29,13.481517,108.08795,2020-03-29 06:09:10.948007424,413.7551,0.0
2020-03-29,13.471022,108.08642,2020-03-29 06:09:10.975003648,412.80994,0.0
2020-03-29,13.510523,108.08492,2020-03-29 06:09:11.255026432,412.32886,0.0
2020-03-29,13.489617,108.08212,2020-03-29 06:09:11.309019392,414.07767,0.0
2020-03-29,13.576654,108.07293,2020-03-29 06:09:12.228024576,413.08948,0.0
2020-03-29,13.564009,108.06446,2020-03-29 06:09:12.642023680,412.12546,0.0
2020-03-29,13.61411,108.064255,2020-03-29 06:09:12.895009536,412.5842,0.0
2020-03-29,13.603691,108.06299,2020-03-29 06:09:12.920999936,411.59827,0.0
2020-03-29,13.61198,108.05739,2020-03-29 06:09:13.282011904,413.20682,0.0
2020-03-29,13.601485,108.055916,2020-03-29 06:09:13.309008640,413.1367,0.0
2020-03-29,13.630658,108.053024,2020-03-29 06:09:13.615021824,411.96808,0.0
2020-03-29,13.578433,108.04483,2020-03-29 06:09:13.748998144,412.47308,0.0
2020-03-29,13.670171,108.0511,2020-03-29 06:09:13.895004160,412.5993,0.0
2020-03-29,13.644977,108.033714,2020-03-29 06:09:14.723001856,412.44916,0.0
2020-03-29,13.674131,108.03109,2020-03-29 06:09:15.029015296,414.39893,0.0
2020-03-29,13.763706,108.0292,2020-03-29 06:09:15.562023936,412.64795,0.0
2020-03-29,13.738606,108.01213,2020-03-29 06:09:16.389015808,413.04227,0.0
2020-03-29,13.728183,108.01042,2020-03-29 06:09:16.416012288,412.79227,0.0
2020-03-29,13.788637,108.012314,2020-03-29 06:09:16.642001920,412.8103,0.0
2020-03-29,13.746978,108.00602,2020-03-29 06:09:16.749021952,411.58176,0.0
2020-03-29,13.86208,107.987686,2020-03-29 06:09:18.363014400,411.06064,0.0
2020-03-29,13.870522,107.98181,2020-03-29 06:09:18.723020544,411.2856,0.0
2020-03-29,14.101526,107.949104,2020-03-29 06:09:21.561991168,412.1408,0.0
2020-03-29,14.171224,107.91762,2020-03-29 06:09:23.669000704,412.11212,0.0
2020-03-29,14.488156,107.84227,2020-03-29 06:09:29.335998464,413.75906,0.0
2020-03-29,14.496363,107.83678,2020-03-29 06:09:29.696004608,414.0684,0.0
2020-03-29,14.585924,107.83245,2020-03-29 06:09:30.228007424,412.93005,0.0
2020-03-29,14.554557,107.83011,2020-03-29 06:09:30.308996608,412.06375,0.0
2020-03-29,14.642066,107.81915,2020-03-29 06:09:31.228002048,412.537,0.0
2020-03-29,14.650329,107.81398,2020-03-29 06:09:31.588008192,412.34015,0.0
2020-03-29,14.639834,107.813194,2020-03-29 06:09:31.615004416,411.49716,0.0
2020-03-29,14.656444,107.80264,2020-03-29 06:09:32.336022528,412.90005,0.0
2020-03-29,14.645981,107.80157,2020-03-29 06:09:32.363019008,413.01465,0.0
2020-03-29,14.643964,107.79488,2020-03-29 06:09:32.749015808,413.684,0.0
2020-03-29,14.700432,107.78175,2020-03-29 06:09:33.749010432,413.23883,0.0
2020-03-29,16.816519,107.27331,2020-03-29 06:10:11.388999168,413.56924,0.0
2020-04-05,10.411123,107.27999,2020-04-05 06:14:25.228016640,416.14697,0.0
2020-04-05,10.429847,107.27558,2020-04-05 06:14:25.561991936,415.30438,0.0
2020-04-05,10.420187,107.27115,2020-04-05 06:14:25.588022784,415.42075,0.0
2020-04-05,10.410555,107.26692,2020-04-05 06:14:25.615019264,417.63705,0.0
2020-04-05,10.400909,107.26241,2020-04-05 06:14:25.642015744,417.52386,0.0
2020-04-05,10.391287,107.257324,2020-04-05 06:14:25.669011968,415.41678,0.0
2020-04-05,10.3817215,107.25251,2020-04-05 06:14:25.696008448,415.5818,0.0
2020-04-05,10.448601,107.27116,2020-04-05 06:14:25.895001600,414.58362,0.0
2020-04-05,10.438934,107.266716,2020-04-05 06:14:25.920992256,413.2879,0.0
2020-04-05,10.42925,107.262184,2020-04-05 06:14:25.947988480,415.55518,0.0
2020-04-05,10.41958,107.257576,2020-04-05 06:14:25.975025152,416.55457,0.0
2020-04-05,10.400512,107.24844,2020-04-05 06:14:26.029018112,416.2441,0.0
2020-04-05,10.467352,107.26671,2020-04-05 06:14:26.228011008,413.92145,0.0
2020-04-05,10.447993,107.25776,2020-04-05 06:14:26.282004224,412.8919,0.0
2020-04-05,10.438321,107.25317,2020-04-05 06:14:26.309000448,415.1388,0.0
2020-04-05,10.419257,107.244125,2020-04-05 06:14:26.362993408,414.93585,0.0
2020-04-05,10.409627,107.23879,2020-04-05 06:14:26.389024256,414.30103,0.0
2020-04-05,10.400091,107.23382,2020-04-05 06:14:26.416020736,414.13715,0.0
2020-04-05,10.476426,107.25793,2020-04-05 06:14:26.588017408,414.57404,0.0
2020-04-05,10.457047,107.248795,2020-04-05 06:14:26.642010112,413.35614,0.0
2020-04-05,10.447485,107.244194,2020-04-05 06:14:26.669006592,415.0897,0.0
2020-04-05,10.437909,107.239426,2020-04-05 06:14:26.696003072,413.96017,0.0
2020-04-05,10.428347,107.23453,2020-04-05 06:14:26.722999552,413.85995,0.0
2020-04-05,10.418808,107.229576,2020-04-05 06:14:26.748989952,413.53488,0.0
2020-04-05,10.504843,107.25802,2020-04-05 06:14:26.894996224,414.36523,0.0
2020-04-05,10.495164,107.25361,2020-04-05 06:14:26.920986624,414.24246,0.0
2020-04-05,10.485466,107.24911,2020-04-05 06:14:26.948023296,413.62854,0.0
2020-04-05,10.456683,107.235435,2020-04-05 06:14:27.029012736,415.25983,0.0
2020-04-05,10.447135,107.23063,2020-04-05 06:14:27.056009216,415.3942,0.0
2020-04-05,10.523588,107.253716,2020-04-05 06:14:27.228005888,414.71497,0.0
2020-04-05,10.513905,107.24931,2020-04-05 06:14:27.255002368,414.34088,0.0
2020-04-05,10.504202,107.24481,2020-04-05 06:14:27.281998592,414.24646,0.0
2020-04-05,10.494511,107.24022,2020-04-05 06:14:27.308995328,414.17798,0.0
2020-04-05,10.475344,107.23081,2020-04-05 06:14:27.362988032,413.15594,0.0
2020-04-05,10.465799,107.22607,2020-04-05 06:14:27.389018880,413.666,0.0
2020-04-05,10.542308,107.249374,2020-04-05 06:14:27.562021376,414.94608,0.0
2020-04-05,10.5326185,107.244995,2020-04-05 06:14:27.588012032,414.50668,0.0
2020-04-05,10.5229025,107.24046,2020-04-05 06:14:27.615008256,414.04868,0.0
2020-04-05,10.513203,107.23586,2020-04-05 06:14:27.642004736,413.55756,0.0
2020-04-05,10.4749,107.216736,2020-04-05 06:14:27.749024768,412.28433,0.0
2020-04-05,10.561002,107.24502,2020-04-05 06:14:27.894990592,414.0929,0.0
2020-04-05,10.551304,107.24061,2020-04-05 06:14:27.921021440,414.26016,0.0
2020-04-05,10.541596,107.23616,2020-04-05 06:14:27.948018176,415.67987,0.0
2020-04-05,10.531891,107.23155,2020-04-05 06:14:27.975014400,414.3355,0.0
2020-04-05,10.52229,107.22687,2020-04-05 06:14:28.002010880,414.4203,0.0
2020-04-05,10.512687,107.2221,2020-04-05 06:14:28.029007360,414.016,0.0
2020-04-05,10.503111,107.21727,2020-04-05 06:14:28.056003840,414.3496,0.0
2020-04-05,10.493559,107.21239,2020-04-05 06:14:28.083000064,413.59265,0.0
2020-04-05,10.579693,107.24064,2020-04-05 06:14:28.228000512,413.8253,0.0
2020-04-05,10.569999,107.23628,2020-04-05 06:14:28.254996736,414.30682,0.0
2020-04-05,10.5602865,107.231834,2020-04-05 06:14:28.281993472,416.00302,0.0
2020-04-05,10.550565,107.227165,2020-04-05 06:14:28.308989696,413.72403,0.0
2020-04-05,10.540967,107.22253,2020-04-05 06:14:28.336026368,414.33383,0.0
2020-04-05,10.531364,107.21779,2020-04-05 06:14:28.363022848,414.34714,0.0
2020-04-05,10.521785,107.21297,2020-04-05 06:14:28.389013248,413.52087,0.0
2020-04-05,10.512219,107.20803,2020-04-05 06:14:28.416009984,412.9503,0.0
2020-04-05,10.598435,107.23629,2020-04-05 06:14:28.562016000,414.96786,0.0
2020-04-05,10.588736,107.23187,2020-04-05 06:14:28.588006400,414.3518,0.0
2020-04-05,10.57901,107.22733,2020-04-05 06:14:28.615002880,414.34915,0.0
2020-04-05,10.569303,107.222725,2020-04-05 06:14:28.641999360,414.5787,0.0
2020-04-05,10.559707,107.218094,2020-04-05 06:14:28.668995840,413.64972,0.0
2020-04-05,10.550111,107.21337,2020-04-05 06:14:28.695992320,413.9869,0.0
2020-04-05,10.540536,107.20856,2020-04-05 06:14:28.722988544,414.15393,0.0
2020-04-05,10.530973,107.20365,2020-04-05 06:14:28.749019648,413.37732,0.0
2020-04-05,10.6172085,107.2318,2020-04-05 06:14:28.895025408,413.86636,0.0
2020-04-05,10.607505,107.22739,2020-04-05 06:14:28.921016320,413.87805,0.0
2020-04-05,10.597781,107.22289,2020-04-05 06:14:28.948012544,414.31213,0.0
2020-04-05,10.588069,107.2183,2020-04-05 06:14:28.975009024,413.96863,0.0
2020-04-05,10.578474,107.21369,2020-04-05 06:14:29.002005504,413.83984,0.0
2020-04-05,10.568868,107.208954,2020-04-05 06:14:29.029001984,413.44492,0.0
2020-04-05,10.559279,107.204094,2020-04-05 06:14:29.055998208,413.82193,0.0
2020-04-05,10.549714,107.1992,2020-04-05 06:14:29.082994688,414.0389,0.0
2020-04-05,10.635987,107.22735,2020-04-05 06:14:29.227994880,414.15842,0.0
2020-04-05,10.616555,107.21847,2020-04-05 06:14:29.281987840,414.87646,0.0
2020-04-05,10.606831,107.21384,2020-04-05 06:14:29.309024512,413.87042,0.0
2020-04-05,10.597225,107.209206,2020-04-05 06:14:29.336020992,414.08423,0.0
2020-04-05,10.587617,107.20448,2020-04-05 06:14:29.363017216,413.30383,0.0
2020-04-05,10.578036,107.19971,2020-04-05 06:14:29.389008128,414.24106,0.0
2020-04-05,10.568463,107.19482,2020-04-05 06:14:29.416004352,413.53824,0.0
2020-04-05,10.654729,107.222946,2020-04-05 06:14:29.562010624,415.54318,0.0
2020-04-05,10.645012,107.21857,2020-04-05 06:14:29.588001024,413.57016,0.0
2020-04-05,10.6352825,107.21414,2020-04-05 06:14:29.614997504,415.643,0.0
2020-04-05,10.625552,107.20955,2020-04-05 06:14:29.641993984,413.89624,0.0
2020-04-05,10.615945,107.20498,2020-04-05 06:14:29.668990464,413.4204,0.0
2020-04-05,10.60632,107.20025,2020-04-05 06:14:29.695986688,413.1291,0.0
2020-04-05,10.596723,107.19545,2020-04-05 06:14:29.723023360,413.74698,0.0
2020-04-05,10.587144,107.19058,2020-04-05 06:14:29.749014016,414.05756,0.0
2020-04-05,10.653992,107.209915,2020-04-05 06:14:29.948007168,413.67468,0.0
2020-04-05,10.644259,107.205345,2020-04-05 06:14:29.975003648,414.27036,0.0
2020-04-05,10.634636,107.20071,2020-04-05 06:14:30.002000128,413.51654,0.0
2020-04-05,10.625014,107.19602,2020-04-05 06:14:30.028996352,413.57748,0.0
2020-04-05,10.615425,107.19129,2020-04-05 06:14:30.055992832,413.3314,0.0
2020-04-05,10.605833,107.18639,2020-04-05 06:14:30.082989312,413.79294,0.0
2020-04-05,10.692156,107.214424,2020-04-05 06:14:30.227989760,413.78464,0.0
2020-04-05,10.68244,107.21011,2020-04-05 06:14:30.254985984,414.1801,0.0
2020-04-05,10.67269,107.20563,2020-04-05 06:14:30.282022656,414.3201,0.0
2020-04-05,10.662967,107.20113,2020-04-05 06:14:30.309019136,413.41,0.0
2020-04-05,10.653341,107.19652,2020-04-05 06:14:30.336015360,414.1569,0.0
2020-04-05,10.643703,107.19178,2020-04-05 06:14:30.363011840,413.98416,0.0
2020-04-05,10.634099,107.187004,2020-04-05 06:14:30.389002496,413.53415,0.0
2020-04-05,10.710879,107.21013,2020-04-05 06:14:30.562004992,415.64743,0.0
2020-04-05,10.701158,107.205795,2020-04-05 06:14:30.587995648,413.59637,0.0
2020-04-05,10.691423,107.20142,2020-04-05 06:14:30.614992128,414.5111,0.0
2020-04-05,10.681698,107.19693,2020-04-05 06:14:30.641988608,413.8975,0.0
2020-04-05,10.672067,107.1923,2020-04-05 06:14:30.669025280,413.94537,0.0
2020-04-05,10.662439,107.18762,2020-04-05 06:14:30.696021504,413.56354,0.0
2020-04-05,10.652833,107.18285,2020-04-05 06:14:30.723018240,413.83875,0.0
2020-04-05,10.6432495,107.17804,2020-04-05 06:14:30.749008640,413.81094,0.0
2020-04-05,10.710171,107.19722,2020-04-05 06:14:30.948001792,413.42966,0.0
2020-04-05,10.700431,107.19268,2020-04-05 06:14:30.974998272,414.09506,0.0
2020-04-05,10.6908,107.18808,2020-04-05 06:14:31.001994496,413.93066,0.0
2020-04-05,10.681173,107.18344,2020-04-05 06:14:31.028990976,413.53937,0.0
2020-04-05,10.671572,107.17873,2020-04-05 06:14:31.055987456,413.7126,0.0
2020-04-05,10.661975,107.17387,2020-04-05 06:14:31.083024128,413.01672,0.0
2020-04-05,10.680709,107.16976,2020-04-05 06:14:31.415993600,413.41983,0.0
2020-04-05,10.699336,107.16574,2020-04-05 06:14:31.749003264,413.59402,0.0
2020-04-05,10.7751465,107.17638,2020-04-05 06:14:32.309008128,414.0478,0.0
2020-04-05,10.7836485,107.15409,2020-04-05 06:14:33.056016896,414.65173,0.0
2020-04-05,10.954431,107.15561,2020-04-05 06:14:34.894993152,415.50183,0.0
2020-04-05,10.925095,107.14269,2020-04-05 06:14:34.975016704,414.97586,0.0
2020-04-05,10.963388,107.147156,2020-04-05 06:14:35.254999040,415.5423,0.0
2020-04-05,10.953603,107.14291,2020-04-05 06:14:35.281995520,414.0362,0.0
2020-04-05,10.943821,107.13852,2020-04-05 06:14:35.308992000,414.25256,0.0
2020-04-05,10.962555,107.13425,2020-04-05 06:14:35.642001664,415.69604,0.0
2020-04-05,10.933558,107.12075,2020-04-05 06:14:35.722991104,413.3879,0.0
2020-04-05,11.721052,106.976776,2020-04-05 06:14:48.561987840,413.9428,0.0
2020-04-05,11.65215,106.94867,2020-04-05 06:14:48.748991488,414.28427,0.0
2020-04-05,11.833304,106.95126,2020-04-05 06:14:50.562017280,413.74832,0.0
2020-04-05,11.823391,106.94755,2020-04-05 06:14:50.588007936,413.3392,0.0
2020-04-05,11.813451,106.94374,2020-04-05 06:14:50.615004416,413.4384,0.0
2020-04-05,11.926733,106.92908,2020-04-05 06:14:52.227990784,413.91357,0.0
2020-04-05,11.925546,106.91725,2020-04-05 06:14:52.614993664,413.9273,0.0
2020-04-05,11.94423,106.912834,2020-04-05 06:14:52.948003072,414.8733,0.0
2020-04-05,11.982816,106.91577,2020-04-05 06:14:53.228025600,415.3288,0.0
2020-04-05,11.972882,106.912155,2020-04-05 06:14:53.255022080,414.82462,0.0
2020-04-05,11.962902,106.908356,2020-04-05 06:14:53.282018560,415.03043,0.0
2020-04-05,11.923393,106.89264,2020-04-05 06:14:53.388998400,414.0657,0.0
2020-04-05,11.991579,106.90777,2020-04-05 06:14:53.587991808,413.71616,0.0
2020-04-05,11.990353,106.895905,2020-04-05 06:14:53.974994176,414.12857,0.0
2020-04-05,11.999187,106.8877,2020-04-05 06:14:54.336006144,413.9573,0.0
2020-04-05,11.969618,106.8756,2020-04-05 06:14:54.415989504,414.9605,0.0
2020-04-05,12.057661,106.89838,2020-04-05 06:14:54.561995520,416.11386,0.0
2020-04-05,12.037747,106.89116,2020-04-05 06:14:54.615022848,415.1067,0.0
2020-04-05,12.007005,106.86716,2020-04-05 06:14:55.083014656,413.9199,0.0
2020-04-12,9.321149,105.9973,2020-04-12 06:20:15.228009216,415.15375,0.0
2020-04-12,9.312408,105.990875,2020-04-12 06:20:15.255005696,414.42438,0.0
2020-04-12,9.339913,105.99302,2020-04-12 06:20:15.562024704,413.91412,0.0
2020-04-12,9.331172,105.9866,2020-04-12 06:20:15.588015360,413.9975,0.0
2020-04-12,9.322431,105.98008,2020-04-12 06:20:15.615011584,414.3712,0.0
2020-04-12,9.313718,105.97346,2020-04-12 06:20:15.642008320,414.19092,0.0
2020-04-12,9.305122,105.966805,2020-04-12 06:20:15.669004800,414.58698,0.0
2020-04-12,9.3499565,105.98235,2020-04-12 06:20:15.921025024,414.39188,0.0
2020-04-12,9.341209,105.97584,2020-04-12 06:20:15.948021504,413.9795,0.0
2020-04-12,9.332491,105.96922,2020-04-12 06:20:15.975017728,414.32812,0.0
2020-04-12,9.315306,105.95584,2020-04-12 06:20:16.029010688,413.7224,0.0
2020-04-12,9.306759,105.94903,2020-04-12 06:20:16.056007168,414.248,0.0
2020-04-12,9.377493,105.984505,2020-04-12 06:20:16.228003840,414.6685,0.0
2020-04-12,9.368741,105.97812,2020-04-12 06:20:16.255000064,414.20587,0.0
2020-04-12,9.359989,105.9716,2020-04-12 06:20:16.281996800,414.10242,0.0
2020-04-12,9.351266,105.965,2020-04-12 06:20:16.308993024,414.49454,0.0
2020-04-12,9.34266,105.95837,2020-04-12 06:20:16.335989504,414.38507,0.0
2020-04-12,9.334069,105.95163,2020-04-12 06:20:16.363026176,414.38974,0.0
2020-04-12,9.325517,105.94484,2020-04-12 06:20:16.389016832,413.651,0.0
2020-04-12,9.396245,105.980255,2020-04-12 06:20:16.562019328,414.89078,0.0
2020-04-12,9.369984,105.96077,2020-04-12 06:20:16.642002944,413.79288,0.0
2020-04-12,9.361366,105.95414,2020-04-12 06:20:16.668999168,414.64087,0.0
2020-04-12,9.352763,105.94742,2020-04-12 06:20:16.695995648,413.84375,0.0
2020-04-12,9.344199,105.94062,2020-04-12 06:20:16.722991872,414.57755,0.0
2020-04-12,9.335668,105.933754,2020-04-12 06:20:16.749022976,414.5686,0.0
2020-04-12,9.414955,105.976006,2020-04-12 06:20:16.894988800,414.1512,0.0
2020-04-12,9.388679,105.956535,2020-04-12 06:20:16.975012352,414.38885,0.0
2020-04-12,9.380055,105.94991,2020-04-12 06:20:17.002008832,414.14532,0.0
2020-04-12,9.371448,105.943214,2020-04-12 06:20:17.029005312,414.3592,0.0
2020-04-12,9.362878,105.93642,2020-04-12 06:20:17.056001536,413.90955,0.0
2020-04-12,9.354341,105.92956,2020-04-12 06:20:17.082998272,413.67816,0.0
2020-04-12,9.424893,105.96537,2020-04-12 06:20:17.254994944,414.4682,0.0
2020-04-12,9.407373,105.95231,2020-04-12 06:20:17.308987648,413.91937,0.0
2020-04-12,9.398746,105.945694,2020-04-12 06:20:17.336024320,414.84674,0.0
2020-04-12,9.381557,105.93221,2020-04-12 06:20:17.389011456,414.1606,0.0
2020-04-12,9.373014,105.92537,2020-04-12 06:20:17.416007680,413.86258,0.0
2020-04-12,9.434817,105.95465,2020-04-12 06:20:17.615001088,414.53146,0.0
2020-04-12,9.426066,105.94808,2020-04-12 06:20:17.641997312,414.44315,0.0
2020-04-12,9.417433,105.94148,2020-04-12 06:20:17.668993792,414.25864,0.0
2020-04-12,9.408813,105.934784,2020-04-12 06:20:17.695990016,413.97675,0.0
2020-04-12,9.400233,105.92803,2020-04-12 06:20:17.722986752,413.89072,0.0
2020-04-12,9.391685,105.921196,2020-04-12 06:20:17.749017600,414.39047,0.0
2020-04-12,9.444757,105.94386,2020-04-12 06:20:17.975006976,414.42722,0.0
2020-04-12,9.436119,105.93727,2020-04-12 06:20:18.002003456,414.9038,0.0
2020-04-12,9.427494,105.93059,2020-04-12 06:20:18.028999680,414.24503,0.0
2020-04-12,9.418908,105.92383,2020-04-12 06:20:18.055996416,414.4242,0.0
2020-04-12,9.481002,105.95266,2020-04-12 06:20:18.254989312,414.05804,0.0
2020-04-12,9.454805,105.93307,2020-04-12 06:20:18.336018944,414.1913,0.0
2020-04-12,9.446176,105.92639,2020-04-12 06:20:18.363015424,414.23203,0.0
2020-04-12,9.437585,105.91964,2020-04-12 06:20:18.389005824,414.06512,0.0
2020-04-12,9.508511,105.95473,2020-04-12 06:20:18.562008320,413.76852,0.0
2020-04-12,9.4821615,105.935394,2020-04-12 06:20:18.641991936,414.08704,0.0
2020-04-12,9.473515,105.92882,2020-04-12 06:20:18.668988160,414.1729,0.0
2020-04-12,9.464881,105.92214,2020-04-12 06:20:18.696024832,414.16095,0.0
2020-04-12,9.456286,105.915405,2020-04-12 06:20:18.723021568,414.2952,0.0
2020-04-12,9.447724,105.90858,2020-04-12 06:20:18.749011968,413.7807,0.0
2020-04-12,9.483591,105.9179,2020-04-12 06:20:19.028994560,414.1744,0.0
2020-04-12,9.466422,105.90434,2020-04-12 06:20:19.082987264,413.8226,0.0
2020-04-12,9.529574,105.9161,2020-04-12 06:20:19.669022976,414.33026,0.0
2020-04-12,9.520917,105.909454,2020-04-12 06:20:19.696019712,413.84277,0.0
2020-04-12,9.548183,105.91192,2020-04-12 06:20:20.001992704,413.8642,0.0
2020-04-12,9.559613,105.88348,2020-04-12 06:20:20.749001216,413.65427,0.0
2020-04-12,9.734045,105.8866,2020-04-12 06:20:22.948023808,412.1964,0.0
2020-04-12,9.771374,105.87817,2020-04-12 06:20:23.615008512,411.716,0.0
2020-04-12,9.753808,105.865295,2020-04-12 06:20:23.669001472,412.42087,0.0
2020-04-12,9.763825,105.85441,2020-04-12 06:20:24.029007360,414.04248,0.0
2020-04-12,9.883483,105.8526,2020-04-12 06:20:25.614997760,412.50333,0.0
2020-04-12,10.045454,105.77414,2020-04-12 06:20:29.416023296,413.15134,0.0
2020-04-21,13.562326,108.25624,2020-04-21 06:15:17.947988224,412.80026,0.0
2020-04-21,13.565753,108.23976,2020-04-21 06:15:18.335996672,412.8919,0.0
2020-04-21,13.561133,108.216866,2020-04-21 06:15:18.748989696,412.8172,0.0
2020-04-21,13.680169,108.24515,2020-04-21 06:15:19.562020864,413.17255,0.0
2020-04-21,13.621667,108.20361,2020-04-21 06:15:19.749024512,413.8405,0.0
2020-04-21,13.691931,108.23503,2020-04-21 06:15:19.921021184,414.11063,0.0
2020-04-21,13.683454,108.22923,2020-04-21 06:15:19.948017664,413.94443,0.0
2020-04-21,13.720607,108.23622,2020-04-21 06:15:20.228000000,414.09915,0.0
2020-04-21,13.695211,108.218864,2020-04-21 06:15:20.308989184,412.5938,0.0
2020-04-21,13.662039,108.194756,2020-04-21 06:15:20.416009472,413.0546,0.0
2020-04-21,13.723869,108.220245,2020-04-21 06:15:20.615002624,413.73993,0.0
2020-04-21,13.715414,108.21437,2020-04-21 06:15:20.641999104,414.36426,0.0
2020-04-21,13.761025,108.22718,2020-04-21 06:15:20.895025152,413.99493,0.0
2020-04-21,13.781232,108.22278,2020-04-21 06:15:21.227994368,413.5625,0.0
2020-04-21,13.764274,108.21139,2020-04-21 06:15:21.281987328,413.32983,0.0
2020-04-21,13.801435,108.21843,2020-04-21 06:15:21.562010112,413.05707,0.0
2020-04-21,13.79297,108.21281,2020-04-21 06:15:21.588000768,413.2384,0.0
2020-04-21,13.784469,108.20706,2020-04-21 06:15:21.614997248,413.2878,0.0
2020-04-21,13.804664,108.20274,2020-04-21 06:15:21.948006656,413.814,0.0
2020-04-21,13.796188,108.196915,2020-04-21 06:15:21.975003136,413.75662,0.0
2020-04-21,13.787831,108.191055,2020-04-21 06:15:22.001999616,413.47665,0.0
2020-04-21,13.84186,108.2097,2020-04-21 06:15:22.227989248,413.6853,0.0
2020-04-21,13.833387,108.20409,2020-04-21 06:15:22.255025920,413.30743,0.0
2020-04-21,13.8164015,108.19253,2020-04-21 06:15:22.309018624,413.7531,0.0
2020-04-21,13.791389,108.174736,2020-04-21 06:15:22.389001984,415.72018,0.0
2020-04-21,13.783115,108.16866,2020-04-21 06:15:22.415998464,412.6304,0.0
2020-04-21,13.862086,108.20528,2020-04-21 06:15:22.562004480,415.11197,0.0
2020-04-21,13.8450985,108.193954,2020-04-21 06:15:22.614991616,413.31235,0.0
2020-04-21,13.803311,108.16431,2020-04-21 06:15:22.749008128,412.56833,0.0
2020-04-21,13.865319,108.18955,2020-04-21 06:15:22.948001280,413.81638,0.0
2020-04-21,13.848462,108.17791,2020-04-21 06:15:23.001994240,413.40027,0.0
2020-04-21,13.831782,108.166016,2020-04-21 06:15:23.055987200,412.15842,0.0
2020-04-21,13.87699,108.17942,2020-04-21 06:15:23.309013248,413.3928,0.0
2020-04-21,13.86861,108.1736,2020-04-21 06:15:23.336009728,413.3598,0.0
2020-04-21,13.860247,108.167694,2020-04-21 06:15:23.363006208,413.861,0.0
2020-04-21,13.843627,108.155685,2020-04-21 06:15:23.415993088,412.6911,0.0
2020-04-21,13.888759,108.1693,2020-04-21 06:15:23.669019136,413.43835,0.0
2020-04-21,13.863761,108.151405,2020-04-21 06:15:23.749003008,412.93127,0.0
2020-04-21,13.942826,108.187805,2020-04-21 06:15:23.895008768,413.46484,0.0
2020-04-21,13.945976,108.17213,2020-04-21 06:15:24.282011392,413.10443,0.0
2020-04-21,13.937467,108.16635,2020-04-21 06:15:24.309007872,412.36908,0.0
2020-04-21,13.904051,108.14268,2020-04-21 06:15:24.415987712,413.1959,0.0
2020-04-21,13.949242,108.156105,2020-04-21 06:15:24.669014016,412.2972,0.0
2020-04-21,13.994879,108.168884,2020-04-21 06:15:24.920994048,413.21173,0.0
2020-04-21,14.104007,108.15215,2020-04-21 06:15:26.562023168,413.4554,0.0
2020-04-21,14.095436,108.14664,2020-04-21 06:15:26.588013568,414.21448,0.0
2020-04-21,14.086896,108.14104,2020-04-21 06:15:26.615010304,413.81247,0.0
2020-04-21,14.069912,108.12957,2020-04-21 06:15:26.669003008,412.991,0.0
2020-04-21,14.124088,108.14767,2020-04-21 06:15:26.894992640,413.9296,0.0
2020-04-21,14.106968,108.136566,2020-04-21 06:15:26.948019968,413.4158,0.0
2020-04-21,14.0984125,108.13086,2020-04-21 06:15:26.975016448,412.75537,0.0
2020-04-21,14.089974,108.12512,2020-04-21 06:15:27.002012672,414.66916,0.0
2020-04-21,14.064844,108.107445,2020-04-21 06:15:27.083002112,413.55228,0.0
2020-04-21,14.144198,108.14312,2020-04-21 06:15:27.228002304,414.65347,0.0
2020-04-21,14.127078,108.13202,2020-04-21 06:15:27.281995008,413.58502,0.0
2020-04-21,14.118522,108.12631,2020-04-21 06:15:27.308991488,414.48322,0.0
2020-04-21,14.110084,108.120575,2020-04-21 06:15:27.335987968,413.01065,0.0
2020-04-21,14.101658,108.11475,2020-04-21 06:15:27.363024640,413.31766,0.0
2020-04-21,14.093271,108.108864,2020-04-21 06:15:27.389015296,413.85483,0.0
2020-04-21,14.08494,108.10293,2020-04-21 06:15:27.416011776,414.24963,0.0
2020-04-21,14.155751,108.13304,2020-04-21 06:15:27.588008448,414.80026,0.0
2020-04-21,14.147197,108.12746,2020-04-21 06:15:27.615004672,413.56448,0.0
2020-04-21,14.113371,108.10434,2020-04-21 06:15:27.722990592,413.87067,0.0
2020-04-21,14.105035,108.098404,2020-04-21 06:15:27.749021184,412.9462,0.0
2020-04-21,14.17888,108.11265,2020-04-21 06:15:28.309026304,417.1392,0.0
2020-04-21,14.161991,108.101135,2020-04-21 06:15:28.363019264,414.91922,0.0
2020-04-21,14.182114,108.096596,2020-04-21 06:15:28.695988736,414.48077,0.0
2020-04-21,14.185486,108.08031,2020-04-21 06:15:29.082991104,415.4922,0.0
2020-04-21,14.3371315,108.09205,2020-04-21 06:15:30.587992064,414.84677,0.0
2020-04-21,14.328532,108.086555,2020-04-21 06:15:30.614988544,414.41913,0.0
2020-04-21,14.340019,108.07656,2020-04-21 06:15:30.974994688,414.48642,0.0
2020-04-21,14.323058,108.06521,2020-04-21 06:15:31.028987392,414.20044,0.0
2020-04-21,14.360215,108.07202,2020-04-21 06:15:31.309009920,414.4114,0.0
2020-04-21,14.3517275,108.06639,2020-04-21 06:15:31.336006656,415.1815,0.0
2020-04-21,14.32643,108.04906,2020-04-21 06:15:31.415989760,415.17114,0.0
2020-04-21,14.371929,108.06185,2020-04-21 06:15:31.669016064,413.50708,0.0
2020-04-21,14.36345,108.056145,2020-04-21 06:15:31.696012544,415.58548,0.0
2020-04-21,14.429387,108.06406,2020-04-21 06:15:32.282008064,413.61316,0.0
2020-04-21,14.930599,107.966644,2020-04-21 06:15:40.228012032,414.97702,0.0
2020-04-21,15.065286,107.915565,2020-04-21 06:15:42.975009792,412.07184,0.0
2020-04-21,16.092466,107.685524,2020-04-21 06:15:59.974998272,414.4659,0.0
2020-04-21,22.73302,106.15202,2020-04-21 06:17:49.975005184,413.69806,0.0
2020-04-21,22.90292,106.12264,2020-04-21 06:17:52.228020480,415.7182,0.0
2020-04-21,22.883505,106.12001,2020-04-21 06:17:52.282013440,414.63834,0.0
2020-04-21,22.905096,106.099304,2020-04-21 06:17:53.388987904,415.01862,0.0
2020-04-21,22.91566,106.09279,2020-04-21 06:17:53.748993792,415.9112,0.0
2020-04-28,10.481445,107.36064,2020-04-28 06:20:39.668995072,417.15176,0.0
2020-04-28,10.461401,107.33603,2020-04-28 06:20:39.749018880,418.00198,0.0
2020-04-28,10.494848,107.34808,2020-04-28 06:20:40.029001216,416.3431,0.0
2020-04-28,10.488169,107.33988,2020-04-28 06:20:40.055997696,416.9173,0.0
2020-04-28,10.481537,107.331635,2020-04-28 06:20:40.082993920,416.37582,0.0
2020-04-28,10.521792,107.351776,2020-04-28 06:20:40.336020224,416.2732,0.0
2020-04-28,10.515054,107.34363,2020-04-28 06:20:40.363016704,415.77106,0.0
2020-04-28,10.5083685,107.335434,2020-04-28 06:20:40.389007360,415.69608,0.0
2020-04-28,10.501729,107.32719,2020-04-28 06:20:40.416003584,416.10184,0.0
2020-04-28,10.548785,107.35537,2020-04-28 06:20:40.641993216,415.612,0.0
2020-04-28,10.542005,107.34731,2020-04-28 06:20:40.668989696,415.34985,0.0
2020-04-28,10.535259,107.33917,2020-04-28 06:20:40.695986176,415.69327,0.0
2020-04-28,10.528567,107.330986,2020-04-28 06:20:40.723022848,416.29346,0.0
2020-04-28,10.521922,107.32275,2020-04-28 06:20:40.749013504,416.425,0.0
2020-04-28,10.582869,107.36693,2020-04-28 06:20:40.921009920,415.95822,0.0
2020-04-28,10.575911,107.358955,2020-04-28 06:20:40.948006656,415.57547,0.0
2020-04-28,10.569003,107.35091,2020-04-28 06:20:40.975002880,416.61725,0.0
2020-04-28,10.562216,107.34285,2020-04-28 06:20:41.001999360,415.3938,0.0
2020-04-28,10.548767,107.32654,2020-04-28 06:20:41.055992064,415.7958,0.0
2020-04-28,10.542116,107.318306,2020-04-28 06:20:41.082988800,415.8631,0.0
2020-04-28,10.61009,107.37031,2020-04-28 06:20:41.227988992,416.3437,0.0
2020-04-28,10.603104,107.36245,2020-04-28 06:20:41.255025664,416.25333,0.0
2020-04-28,10.59614,107.354485,2020-04-28 06:20:41.282021888,415.98062,0.0
2020-04-28,10.589226,107.346436,2020-04-28 06:20:41.309018368,415.74054,0.0
2020-04-28,10.582434,107.33839,2020-04-28 06:20:41.336014848,416.13504,0.0
2020-04-28,10.568973,107.32209,2020-04-28 06:20:41.389001728,415.83325,0.0
2020-04-28,10.562316,107.31386,2020-04-28 06:20:41.415998464,415.86392,0.0
2020-04-28,10.63033,107.365814,2020-04-28 06:20:41.562004224,416.4222,0.0
2020-04-28,10.623341,107.35796,2020-04-28 06:20:41.587995136,416.06567,0.0
2020-04-28,10.61637,107.350006,2020-04-28 06:20:41.614991360,416.0188,0.0
2020-04-28,10.60945,107.341965,2020-04-28 06:20:41.641987840,416.39038,0.0
2020-04-28,10.602653,107.33392,2020-04-28 06:20:41.669024512,415.30972,0.0
2020-04-28,10.595889,107.325806,2020-04-28 06:20:41.696020992,416.9029,0.0
2020-04-28,10.589179,107.317635,2020-04-28 06:20:41.723017472,415.3191,0.0
2020-04-28,10.582515,107.30942,2020-04-28 06:20:41.749007872,416.1952,0.0
2020-04-28,10.650574,107.36133,2020-04-28 06:20:41.895014144,416.65454,0.0
2020-04-28,10.643577,107.353485,2020-04-28 06:20:41.921004800,416.2677,0.0
2020-04-28,10.6366005,107.345535,2020-04-28 06:20:41.948001024,416.28333,0.0
2020-04-28,10.629675,107.3375,2020-04-28 06:20:41.974997504,416.54706,0.0
2020-04-28,10.622826,107.300705,2020-04-28 06:20:42.415993088,414.61304,0.0
2020-04-28,10.649641,107.304596,2020-04-28 06:20:42.723012096,417.0635,0.0
2020-04-28,10.642953,107.2964,2020-04-28 06:20:42.749002496,416.88947,0.0
2020-04-28,10.871549,107.284874,2020-04-28 06:20:45.975016192,416.53406,0.0
2020-04-28,10.8847,107.27255,2020-04-28 06:20:46.335987712,415.60257,0.0
2020-04-28,10.925736,107.29192,2020-04-28 06:20:46.588008192,416.3592,0.0
2020-04-28,10.897863,107.260185,2020-04-28 06:20:46.695993856,415.5917,0.0
2020-04-28,10.891046,107.25212,2020-04-28 06:20:46.722990336,417.70926,0.0
2020-04-28,10.944372,107.23085,2020-04-28 06:20:47.749015808,418.05057,0.0
2020-04-28,11.0589,107.25343,2020-04-28 06:20:48.948003328,416.12527,0.0
2020-04-28,11.2813225,107.204704,2020-04-28 06:20:52.615012096,417.15155,0.0
2020-04-28,11.294453,107.192505,2020-04-28 06:20:52.975018240,416.90802,0.0
2020-04-28,11.280475,107.1768,2020-04-28 06:20:53.029011200,418.4463,0.0
2020-04-28,11.300543,107.17252,2020-04-28 06:20:53.362986496,416.70056,0.0
2020-04-28,11.293608,107.1646,2020-04-28 06:20:53.389017344,417.16306,0.0
2020-04-28,11.286718,107.15661,2020-04-28 06:20:53.416013824,416.54413,0.0
2020-04-28,11.320611,107.16825,2020-04-28 06:20:53.695996160,416.31213,0.0
2020-04-28,11.31367,107.160324,2020-04-28 06:20:53.722992384,416.54764,0.0
2020-04-28,11.306775,107.15234,2020-04-28 06:20:53.749023488,416.63263,0.0
2020-04-28,11.326909,107.148,2020-04-28 06:20:54.082998784,416.78665,0.0
2020-04-28,11.347297,107.1434,2020-04-28 06:20:54.416008192,417.3554,0.0
2020-04-28,11.44824,107.12108,2020-04-28 06:20:56.082987776,416.968,0.0
2020-04-28,11.53818,107.16655,2020-04-28 06:20:56.562003712,417.3572,0.0
2020-04-28,11.523688,107.15135,2020-04-28 06:20:56.614990592,417.68436,0.0
2020-04-28,11.549623,107.12701,2020-04-28 06:20:57.336008448,418.58322,0.0
2020-04-28,17.667217,105.79756,2020-04-28 06:22:37.894988288,414.04306,0.0
2020-04-28,17.678553,105.787964,2020-04-28 06:22:38.254994432,413.7472,0.0
2020-04-28,17.6987,105.7834,2020-04-28 06:22:38.588004096,415.27686,0.0
2020-04-28,17.689915,105.77827,2020-04-28 06:22:38.615000576,416.68808,0.0
2020-04-28,18.886683,105.5111,2020-04-28 06:22:58.255006720,414.73788,0.0
2020-04-28,18.915968,105.51091,2020-04-28 06:22:58.562025728,414.33792,0.0
2020-04-28,18.90692,105.506424,2020-04-28 06:22:58.588016384,413.46744,0.0
2020-04-28,18.897861,105.50184,2020-04-28 06:22:58.615012608,413.5795,0.0
2020-04-28,18.93621,105.50623,2020-04-28 06:22:58.894995200,414.57388,0.0
2020-04-28,18.927158,105.501755,2020-04-28 06:22:58.921026048,413.69812,0.0
2020-04-28,18.956385,105.50152,2020-04-28 06:22:59.228004864,414.06885,0.0
2020-04-28,18.94732,105.497055,2020-04-28 06:22:59.255001344,413.47897,0.0
2020-04-28,18.938246,105.49248,2020-04-28 06:22:59.281997568,413.07272,0.0
2020-04-28,18.929192,105.48781,2020-04-28 06:22:59.308994048,414.3003,0.0
2020-04-28,18.920252,105.4831,2020-04-28 06:22:59.335990528,413.56134,0.0
2020-04-28,18.967459,105.49234,2020-04-28 06:22:59.588010752,413.6448,0.0
2020-04-28,18.94932,105.483116,2020-04-28 06:22:59.642003712,413.0274,0.0
2020-04-28,18.931437,105.473625,2020-04-28 06:22:59.695996672,412.70508,0.0
2020-04-28,18.913641,105.46383,2020-04-28 06:22:59.749024000,413.80853,0.0
2020-04-28,18.960503,105.47374,2020-04-28 06:23:00.002009856,412.91855,0.0
2020-04-28,18.989595,105.47365,2020-04-28 06:23:00.308988672,413.94122,0.0
2020-04-28,18.980644,105.46896,2020-04-28 06:23:00.336025344,413.64587,0.0
2020-04-28,18.95389,105.45441,2020-04-28 06:23:00.416008960,413.75302,0.0
2020-04-28,19.027899,105.47804,2020-04-28 06:23:00.588005632,413.86154,0.0
2020-04-28,19.580784,105.355965,2020-04-28 06:23:09.562006272,413.76028,0.0
2020-04-28,19.573442,105.33847,2020-04-28 06:23:09.974999552,413.7004,0.0
2020-04-28,19.564388,105.33407,2020-04-28 06:23:10.001995776,413.71033,0.0
2020-04-28,19.602745,105.33819,2020-04-28 06:23:10.282018304,412.75702,0.0
2020-04-28,19.622877,105.33357,2020-04-28 06:23:10.614987776,412.36588,0.0
2020-04-28,19.692522,105.32389,2020-04-28 06:23:11.588026368,412.2814,0.0
2020-04-28,19.676126,105.30203,2020-04-28 06:23:12.029021696,413.2961,0.0
2020-04-28,19.667068,105.29755,2020-04-28 06:23:12.056018176,411.82443,0.0
2020-04-28,19.723503,105.31053,2020-04-28 06:23:12.282007808,411.74823,0.0
2020-04-28,19.705206,105.301956,2020-04-28 06:23:12.336000512,411.9736,0.0
2020-04-28,19.75272,105.31019,2020-04-28 06:23:12.588020736,413.05597,0.0
2020-04-28,19.743502,105.30603,2020-04-28 06:23:12.615017472,413.9608,0.0
2020-04-28,19.734295,105.30178,2020-04-28 06:23:12.642013696,412.90744,0.0
2020-04-28,19.725199,105.29748,2020-04-28 06:23:12.669010176,415.00882,0.0
2020-04-28,19.716105,105.29308,2020-04-28 06:23:12.696006656,413.80637,0.0
2020-04-28,19.707039,105.28862,2020-04-28 06:23:12.723002880,411.1694,0.0
2020-04-28,19.7635,105.30154,2020-04-28 06:23:12.948026880,412.787,0.0
2020-04-28,19.75429,105.297295,2020-04-28 06:23:12.975023360,415.3235,0.0
2020-04-28,19.745192,105.293,2020-04-28 06:23:13.002019840,414.30783,0.0
2020-04-28,19.7361,105.28861,2020-04-28 06:23:13.029016320,414.05533,0.0
2020-04-28,19.727034,105.28416,2020-04-28 06:23:13.056012544,414.69098,0.0
2020-04-28,19.783552,105.297,2020-04-28 06:23:13.282002176,413.13025,0.0
2020-04-28,19.75615,105.2841,2020-04-28 06:23:13.362991616,413.40167,0.0
2020-04-28,19.747082,105.279655,2020-04-28 06:23:13.389022464,413.27734,0.0
2020-04-28,19.822006,105.300606,2020-04-28 06:23:13.562024704,415.41425,0.0
2020-04-28,19.812809,105.296585,2020-04-28 06:23:13.588015616,416.53296,0.0
2020-04-28,19.803614,105.29246,2020-04-28 06:23:13.615011840,416.2158,0.0
2020-04-28,19.794401,105.28824,2020-04-28 06:23:13.642008320,413.6679,0.0
2020-04-28,19.76713,105.275154,2020-04-28 06:23:13.722997760,414.17294,0.0
2020-04-28,19.823675,105.287926,2020-04-28 06:23:13.948021504,414.92746,0.0
2020-04-28,19.814459,105.28371,2020-04-28 06:23:13.975017984,414.43185,0.0
2020-04-28,19.805355,105.27944,2020-04-28 06:23:14.002014464,412.08124,0.0
2020-04-28,19.79626,105.275055,2020-04-28 06:23:14.029010688,414.05127,0.0
2020-04-28,19.787195,105.2706,2020-04-28 06:23:14.056007424,415.61417,0.0
2020-04-28,19.84384,105.28309,2020-04-28 06:23:14.281996800,414.32712,0.0
2020-04-28,19.83463,105.278854,2020-04-28 06:23:14.308993280,414.01178,0.0
2020-04-28,19.825533,105.274574,2020-04-28 06:23:14.335989760,411.62418,0.0
2020-04-28,19.816437,105.270195,2020-04-28 06:23:14.363026432,413.7758,0.0
2020-04-28,19.807367,105.26575,2020-04-28 06:23:14.389016832,414.55997,0.0
2020-04-28,19.864025,105.2782,2020-04-28 06:23:14.615006464,413.30606,0.0
2020-04-28,19.854813,105.27398,2020-04-28 06:23:14.642002944,413.8146,0.0
2020-04-28,19.84571,105.26971,2020-04-28 06:23:14.668999168,413.56406,0.0
2020-04-28,19.83661,105.265335,2020-04-28 06:23:14.695995904,414.5195,0.0
2020-04-28,19.82754,105.2609,2020-04-28 06:23:14.722992128,414.69833,0.0
2020-04-28,19.818487,105.256386,2020-04-28 06:23:14.749022976,413.3677,0.0
2020-04-28,19.874994,105.2691,2020-04-28 06:23:14.975012608,413.18417,0.0
2020-04-28,19.865889,105.26484,2020-04-28 06:23:15.002008832,414.608,0.0
2020-04-28,19.887775,105.246925,2020-04-28 06:23:15.722986752,413.43762,0.0
2020-04-28,19.878706,105.24247,2020-04-28 06:23:15.749017600,412.0607,0.0
2020-04-28,19.962889,105.26743,2020-04-28 06:23:15.895023616,413.88553,0.0
2020-04-28,19.953648,105.263466,2020-04-28 06:23:15.921014272,413.2957,0.0
2020-04-28,19.973724,105.25875,2020-04-28 06:23:16.254989568,413.7668,0.0
2020-04-28,19.964478,105.254684,2020-04-28 06:23:16.282026240,413.71085,0.0
2020-04-28,19.95524,105.25053,2020-04-28 06:23:16.309022720,413.98795,0.0
2020-04-28,19.946115,105.246315,2020-04-28 06:23:16.336018944,411.72705,0.0
2020-04-28,19.936989,105.24201,2020-04-28 06:23:16.363015424,412.90015,0.0
2020-04-28,20.003056,105.25796,2020-04-28 06:23:16.562008576,413.28442,0.0
2020-04-28,19.993816,105.254005,2020-04-28 06:23:16.587999232,413.81427,0.0
2020-04-28,19.98456,105.24995,2020-04-28 06:23:16.614995456,414.2705,0.0
2020-04-28,19.975319,105.2458,2020-04-28 06:23:16.641992192,414.02612,0.0
2020-04-28,19.96619,105.24159,2020-04-28 06:23:16.668988416,413.60587,0.0
2020-04-28,19.957062,105.237305,2020-04-28 06:23:16.696025088,414.74045,0.0
2020-04-28,20.023144,105.2532,2020-04-28 06:23:16.895017984,412.66537,0.0
2020-04-28,20.013899,105.24925,2020-04-28 06:23:16.921008896,411.55832,0.0
2020-04-28,19.995398,105.24107,2020-04-28 06:23:16.975001856,413.90186,0.0
2020-04-28,19.986265,105.23688,2020-04-28 06:23:17.001998080,415.18942,0.0
2020-04-28,19.97714,105.23261,2020-04-28 06:23:17.028994560,413.75104,0.0
2020-04-28,20.024801,105.24064,2020-04-28 06:23:17.282020864,412.19116,0.0
2020-04-28,20.015562,105.23653,2020-04-28 06:23:17.309017088,413.29718,0.0
2020-04-28,20.006433,105.23236,2020-04-28 06:23:17.336013568,413.87964,0.0
2020-04-28,19.997305,105.2281,2020-04-28 06:23:17.363010048,413.5551,0.0
2020-04-28,20.035732,105.232,2020-04-28 06:23:17.642027008,412.05643,0.0
2020-04-28,20.026602,105.227844,2020-04-28 06:23:17.669023232,412.80865,0.0
2020-04-28,20.01747,105.2236,2020-04-28 06:23:17.696019712,413.25412,0.0
2020-04-28,20.083656,105.23947,2020-04-28 06:23:17.895012864,414.5014,0.0
2020-04-28,20.04677,105.223335,2020-04-28 06:23:18.001992704,413.72552,0.0
2020-04-28,20.037626,105.219086,2020-04-28 06:23:18.028989184,414.91226,0.0
2020-04-28,20.103758,105.23482,2020-04-28 06:23:18.228022528,414.29446,0.0
2020-04-28,20.114557,105.22623,2020-04-28 06:23:18.587988480,413.17386,0.0
2020-04-28,20.10528,105.22224,2020-04-28 06:23:18.615025152,413.89935,0.0
2020-04-28,20.12701,105.20481,2020-04-28 06:23:19.336002816,412.74854,0.0
2020-04-28,20.225971,105.19433,2020-04-28 06:23:20.615014144,414.3044,0.0
2020-04-28,20.246143,105.18955,2020-04-28 06:23:20.948023808,414.14304,0.0
2020-04-28,20.227703,105.18146,2020-04-28 06:23:21.002016512,413.69797,0.0
2020-04-28,20.238705,105.1727,2020-04-28 06:23:21.362988544,413.0081,0.0
2020-04-28,20.220438,105.164185,2020-04-28 06:23:21.416015616,412.83817,0.0
2020-04-28,20.295788,105.184166,2020-04-28 06:23:21.588012288,414.91342,0.0
2020-04-28,20.286493,105.180275,2020-04-28 06:23:21.615008768,413.25497,0.0
2020-04-28,20.306667,105.175644,2020-04-28 06:23:21.948018432,413.89133,0.0
2020-04-28,20.297382,105.17167,2020-04-28 06:23:21.975014656,414.51675,0.0
2020-04-28,20.260767,105.155045,2020-04-28 06:23:22.083000576,413.48422,0.0
2020-04-28,20.345406,105.17868,2020-04-28 06:23:22.228000768,415.13675,0.0
2020-04-28,20.336134,105.17491,2020-04-28 06:23:22.254997248,413.36142,0.0
2020-04-28,20.326832,105.171036,2020-04-28 06:23:22.281993728,412.4692,0.0
2020-04-28,20.317543,105.16707,2020-04-28 06:23:22.308989952,414.01413,0.0
2020-04-28,20.308365,105.16305,2020-04-28 06:23:22.336026624,413.4296,0.0
2020-04-28,20.299187,105.158936,2020-04-28 06:23:22.363023360,412.8798,0.0
2020-04-28,20.290033,105.15475,2020-04-28 06:23:22.389013760,412.0793,0.0
2020-04-28,20.280909,105.15049,2020-04-28 06:23:22.416010240,413.09097,0.0
2020-04-28,20.337702,105.162476,2020-04-28 06:23:22.641999616,412.6377,0.0
2020-04-28,20.328522,105.15846,2020-04-28 06:23:22.668996096,412.96536,0.0
2020-04-28,20.310183,105.150185,2020-04-28 06:23:22.722989056,413.64218,0.0
2020-04-28,20.33949,105.14979,2020-04-28 06:23:23.029002240,413.0998,0.0
2020-04-28,20.330328,105.14562,2020-04-28 06:23:23.055998720,413.4756,0.0
2020-04-28,20.350452,105.14104,2020-04-28 06:23:23.389008384,414.31616,0.0
2020-04-28,20.426012,105.16014,2020-04-28 06:23:23.562010880,413.04196,0.0
2020-04-28,20.361431,105.13223,2020-04-28 06:23:23.749014272,413.06342,0.0
2020-04-28,20.446173,105.15551,2020-04-28 06:23:23.895020544,412.73566,0.0
2020-04-28,20.399876,105.13601,2020-04-28 06:23:24.028996864,412.11978,0.0
2020-04-28,20.447748,105.14327,2020-04-28 06:23:24.282022912,413.52493,0.0
2020-04-28,20.599493,105.10217,2020-04-28 06:23:26.974987776,414.6047,0.0
2020-04-28,20.610285,105.09356,2020-04-28 06:23:27.335999488,413.20227,0.0
2020-04-28,20.687551,105.09909,2020-04-28 06:23:27.894998784,416.68546,0.0
2020-04-28,20.698269,105.090775,2020-04-28 06:23:28.255004928,418.70602,0.0
2020-04-28,20.688963,105.0871,2020-04-28 06:23:28.282001152,416.65805,0.0
2020-04-28,20.670374,105.07946,2020-04-28 06:23:28.335994368,412.08435,0.0
2020-04-28,20.690449,105.0748,2020-04-28 06:23:28.669004032,415.14853,0.0
2020-04-28,20.681204,105.07087,2020-04-28 06:23:28.696000256,414.93213,0.0
2020-04-28,20.66278,105.06279,2020-04-28 06:23:28.749027584,413.75507,0.0
2020-04-28,20.730572,105.065384,2020-04-28 06:23:29.335988736,416.04697,0.0
2020-04-28,20.72132,105.06147,2020-04-28 06:23:29.363025408,414.44772,0.0
2020-04-28,20.759874,105.064445,2020-04-28 06:23:29.642002176,414.20267,0.0
2020-04-28,20.75062,105.06063,2020-04-28 06:23:29.668998400,414.9603,0.0
2020-04-28,20.741364,105.05673,2020-04-28 06:23:29.695994880,414.40543,0.0
2020-04-28,20.722918,105.04869,2020-04-28 06:23:29.749021952,414.6066,0.0
2020-04-28,20.779926,105.059685,2020-04-28 06:23:29.975011584,414.61984,0.0
2020-04-28,20.761412,105.05199,2020-04-28 06:23:30.029004544,415.9444,0.0
2020-04-28,20.799986,105.05492,2020-04-28 06:23:30.308986880,415.4382,0.0
2020-04-28,20.790728,105.051125,2020-04-28 06:23:30.336023552,413.85095,0.0
2020-04-28,20.781467,105.04724,2020-04-28 06:23:30.363020032,414.25262,0.0
2020-04-28,20.810787,105.046364,2020-04-28 06:23:30.668993024,413.8838,0.0
2020-04-28,20.801521,105.04249,2020-04-28 06:23:30.695989248,415.07086,0.0
2020-04-28,20.821583,105.037735,2020-04-28 06:23:31.028999168,414.29712,0.0
2020-04-28,20.812346,105.03379,2020-04-28 06:23:31.055995392,415.69412,0.0
2020-04-28,20.86023,105.04054,2020-04-28 06:23:31.309021696,414.204,0.0
2020-04-28,21.411612,104.92734,2020-04-28 06:23:39.895014400,418.3482,0.0
2020-04-28,21.39272,104.920746,2020-04-28 06:23:39.948001024,416.63434,0.0
2020-04-28,21.403378,104.91253,2020-04-28 06:23:40.309013248,415.59372,0.0
2020-04-28,21.375374,104.90181,2020-04-28 06:23:40.388996608,417.9282,0.0
2020-04-28,21.366068,104.89807,2020-04-28 06:23:40.415993088,417.14246,0.0
2020-04-28,21.414143,104.90429,2020-04-28 06:23:40.669019136,417.74103,0.0
2020-04-28,21.395473,104.89707,2020-04-28 06:23:40.723012096,419.36432,0.0
2020-04-28,21.386164,104.89335,2020-04-28 06:23:40.749002752,417.34058,0.0
2020-04-28,21.424896,104.89599,2020-04-28 06:23:41.029025280,418.3682,0.0
2020-04-28,21.415567,104.892365,2020-04-28 06:23:41.056021760,417.4082,0.0
2020-04-28,21.406252,104.88866,2020-04-28 06:23:41.083018240,416.29333,0.0
2020-04-28,21.435633,104.88774,2020-04-28 06:23:41.388991232,417.621,0.0
2020-04-28,21.426313,104.88405,2020-04-28 06:23:41.415987456,417.07727,0.0
2020-04-28,21.62339,104.87139,2020-04-28 06:23:43.588013568,416.37457,0.0
2020-04-28,21.613913,104.86816,2020-04-28 06:23:43.615010048,415.97873,0.0
2020-04-28,21.624586,104.86003,2020-04-28 06:23:43.975016192,415.72583,0.0
2020-04-28,21.615223,104.85666,2020-04-28 06:23:44.002012672,415.84274,0.0
2020-04-28,21.673113,104.86496,2020-04-28 06:23:44.228002048,415.7927,0.0
2020-04-28,21.64468,104.85536,2020-04-28 06:23:44.308991488,415.32498,0.0
2020-04-28,21.63531,104.852005,2020-04-28 06:23:44.335987712,415.90945,0.0
2020-04-28,21.625933,104.84856,2020-04-28 06:23:44.363024384,416.8037,0.0
2020-04-28,21.616577,104.84503,2020-04-28 06:23:44.389015296,415.56448,0.0
2020-04-28,21.693209,104.86027,2020-04-28 06:23:44.562017792,415.81204,0.0
2020-04-28,21.683743,104.85718,2020-04-28 06:23:44.588008192,416.35504,0.0
2020-04-28,21.67425,104.85399,2020-04-28 06:23:44.615004416,415.60907,0.0
2020-04-28,21.66477,104.8507,2020-04-28 06:23:44.642001152,415.3775,0.0
2020-04-28,21.655397,104.84736,2020-04-28 06:23:44.668997632,416.2159,0.0
2020-04-28,21.646017,104.84392,2020-04-28 06:23:44.695993856,414.74484,0.0
2020-04-28,21.63666,104.8404,2020-04-28 06:23:44.722990592,416.03345,0.0
2020-04-28,21.713306,104.85558,2020-04-28 06:23:44.895027200,415.01947,0.0
2020-04-28,21.703835,104.8525,2020-04-28 06:23:44.921017856,415.39682,0.0
2020-04-28,21.694342,104.84932,2020-04-28 06:23:44.948014336,414.71103,0.0
2020-04-28,21.68486,104.84605,2020-04-28 06:23:44.975010816,415.51358,0.0
2020-04-28,21.675484,104.842705,2020-04-28 06:23:45.002007296,414.7818,0.0
2020-04-28,21.66611,104.83927,2020-04-28 06:23:45.029003520,414.83575,0.0
2020-04-28,21.733475,104.85079,2020-04-28 06:23:45.227996928,415.04398,0.0
2020-04-28,21.72401,104.84771,2020-04-28 06:23:45.254993152,415.41177,0.0
2020-04-28,21.714525,104.84453,2020-04-28 06:23:45.281989632,416.17413,0.0
2020-04-28,21.705048,104.84125,2020-04-28 06:23:45.308985856,413.7879,0.0
2020-04-28,21.695679,104.83791,2020-04-28 06:23:45.336022528,415.2466,0.0
2020-04-28,21.686304,104.83448,2020-04-28 06:23:45.363019008,414.9566,0.0
2020-04-28,21.753677,104.845955,2020-04-28 06:23:45.562012160,415.28137,0.0
2020-04-28,21.734726,104.839714,2020-04-28 06:23:45.614999296,414.9083,0.0
2020-04-28,21.725246,104.83644,2020-04-28 06:23:45.641995776,414.38354,0.0
2020-04-28,21.715876,104.833115,2020-04-28 06:23:45.668992000,414.50235,0.0
2020-04-28,21.706497,104.8297,2020-04-28 06:23:45.695988736,415.1109,0.0
2020-04-28,21.754927,104.83489,2020-04-28 06:23:45.948008960,414.60553,0.0
2020-04-28,21.745445,104.83164,2020-04-28 06:23:45.975005440,414.94754,0.0
2020-04-28,21.73607,104.82832,2020-04-28 06:23:46.002001664,414.71393,0.0
2020-04-28,21.726688,104.82492,2020-04-28 06:23:46.028998144,415.115,0.0
2020-04-28,21.717327,104.82145,2020-04-28 06:23:46.055994624,415.12817,0.0
2020-04-28,21.70798,104.817894,2020-04-28 06:23:46.082991104,414.46487,0.0
2020-04-28,21.765623,104.826965,2020-04-28 06:23:46.309020672,414.63394,0.0
2020-04-28,21.756243,104.82367,2020-04-28 06:23:46.336017152,414.7498,0.0
2020-04-28,21.746859,104.82028,2020-04-28 06:23:46.363013632,414.9922,0.0
2020-04-28,21.737494,104.81681,2020-04-28 06:23:46.389004288,415.61047,0.0
2020-04-28,21.728144,104.81327,2020-04-28 06:23:46.416000768,415.11365,0.0
2020-04-28,21.767029,104.815636,2020-04-28 06:23:46.696023552,415.13898,0.0
2020-04-28,21.757662,104.81218,2020-04-28 06:23:46.723019776,415.05795,0.0
2020-04-28,21.748308,104.80865,2020-04-28 06:23:46.749010432,414.91385,0.0
2020-04-28,21.83444,104.82699,2020-04-28 06:23:46.895016448,415.1926,0.0
2020-04-28,21.815464,104.82085,2020-04-28 06:23:46.948003584,414.3692,0.0
2020-04-28,21.854614,104.82229,2020-04-28 06:23:47.228026112,417.33636,0.0
2020-04-28,21.826136,104.812965,2020-04-28 06:23:47.309015296,416.0918,0.0
2020-04-28,21.865301,104.81459,2020-04-28 06:23:47.587992064,415.54962,0.0
2020-04-28,21.855795,104.81149,2020-04-28 06:23:47.615028736,415.75797,0.0
2020-04-28,21.846298,104.8083,2020-04-28 06:23:47.642024960,414.9513,0.0
2020-04-28,21.83691,104.805046,2020-04-28 06:23:47.669021696,415.27103,0.0
2020-04-28,21.827513,104.8017,2020-04-28 06:23:47.696017920,414.83246,0.0
2020-04-28,21.818138,104.79827,2020-04-28 06:23:47.723014400,414.072,0.0
2020-04-28,21.808777,104.79477,2020-04-28 06:23:47.749004800,414.70074,0.0
2020-04-28,21.875961,104.806816,2020-04-28 06:23:47.947997952,415.23996,0.0
2020-04-28,21.866463,104.80363,2020-04-28 06:23:47.974994432,416.13266,0.0
2020-04-28,21.857069,104.800385,2020-04-28 06:23:48.001990912,415.09067,0.0
2020-04-28,21.84767,104.79704,2020-04-28 06:23:48.028987392,414.39365,0.0
2020-04-28,21.83829,104.793625,2020-04-28 06:23:48.056024064,414.76688,0.0
2020-04-28,21.828924,104.79012,2020-04-28 06:23:48.083020544,414.70724,0.0
2020-04-28,21.89611,104.80206,2020-04-28 06:23:48.282013440,414.32318,0.0
2020-04-28,21.886608,104.79888,2020-04-28 06:23:48.309009920,414.91644,0.0
2020-04-28,21.877213,104.79564,2020-04-28 06:23:48.336006400,415.36734,0.0
2020-04-28,21.86781,104.792305,2020-04-28 06:23:48.363002880,415.87454,0.0
2020-04-28,21.858427,104.788895,2020-04-28 06:23:48.388993536,413.82217,0.0
2020-04-28,21.935259,104.80334,2020-04-28 06:23:48.561996032,415.30515,0.0
2020-04-28,21.906754,104.79413,2020-04-28 06:23:48.642019840,413.95148,0.0
2020-04-28,21.897354,104.79089,2020-04-28 06:23:48.669016064,415.2387,0.0
2020-04-28,21.887949,104.787575,2020-04-28 06:23:48.696012544,417.6223,0.0
2020-04-28,21.878565,104.78417,2020-04-28 06:23:48.723008768,416.56683,0.0
2020-04-28,21.926899,104.789375,2020-04-28 06:23:48.974989056,414.40482,0.0
2020-04-28,21.917498,104.786156,2020-04-28 06:23:49.002025728,414.58813,0.0
2020-04-28,21.898685,104.779465,2020-04-28 06:23:49.056018688,414.86392,0.0
2020-04-28,21.889303,104.776,2020-04-28 06:23:49.083014912,414.4711,0.0
2020-04-28,21.975494,104.79382,2020-04-28 06:23:49.228015104,414.6592,0.0
2020-04-28,21.946949,104.78469,2020-04-28 06:23:49.309004544,414.95917,0.0
2020-04-28,21.937536,104.78149,2020-04-28 06:23:49.336001024,414.6133,0.0
2020-04-28,21.928118,104.77819,2020-04-28 06:23:49.362997504,414.80396,0.0
2020-04-28,21.909334,104.77136,2020-04-28 06:23:49.416024576,414.44772,0.0
2020-04-28,21.97651,104.78315,2020-04-28 06:23:49.615017984,413.32434,0.0
2020-04-28,21.96699,104.780014,2020-04-28 06:23:49.642014208,414.22366,0.0
2020-04-28,21.957575,104.776825,2020-04-28 06:23:49.669010688,415.8867,0.0
2020-04-28,21.948154,104.77354,2020-04-28 06:23:49.696006912,414.26672,0.0
2020-04-28,22.015593,104.78442,2020-04-28 06:23:49.895000320,417.7725,0.0
2020-04-28,21.996553,104.778465,2020-04-28 06:23:49.948027392,415.4879,0.0
2020-04-28,21.949415,104.76206,2020-04-28 06:23:50.083009792,414.1419,0.0
2020-04-28,22.016657,104.773636,2020-04-28 06:23:50.282002688,415.21246,0.0
2020-04-28,21.997726,104.76733,2020-04-28 06:23:50.335995648,415.6087,0.0
2020-04-28,21.988308,104.76405,2020-04-28 06:23:50.362992128,414.70483,0.0
2020-04-28,21.978909,104.7607,2020-04-28 06:23:50.389022720,415.2338,0.0
2020-04-28,22.046307,104.771805,2020-04-28 06:23:50.588016128,415.35953,0.0
2020-04-28,22.036777,104.76879,2020-04-28 06:23:50.615012352,415.25067,0.0
2020-04-28,22.027256,104.76567,2020-04-28 06:23:50.642008832,414.83295,0.0
2020-04-28,22.017841,104.7625,2020-04-28 06:23:50.669005056,414.84344,0.0
2020-04-28,22.008419,104.75923,2020-04-28 06:23:50.696001536,414.20825,0.0
2020-04-28,21.999016,104.75588,2020-04-28 06:23:50.722998016,413.7639,0.0
2020-04-28,21.989626,104.75246,2020-04-28 06:23:50.748988672,416.07126,0.0
2020-04-28,22.056894,104.76394,2020-04-28 06:23:50.948022016,415.60794,0.0
2020-04-28,22.037954,104.75767,2020-04-28 06:23:51.002014976,415.39578,0.0
2020-04-28,22.028522,104.75442,2020-04-28 06:23:51.029011200,415.05432,0.0
2020-04-28,22.01911,104.75108,2020-04-28 06:23:51.056007936,414.36615,0.0
2020-04-28,22.095991,104.76501,2020-04-28 06:23:51.228004352,415.26138,0.0
2020-04-28,22.086473,104.762115,2020-04-28 06:23:51.255000832,415.63113,0.0
2020-04-28,22.076933,104.759125,2020-04-28 06:23:51.281997312,417.03366,0.0
2020-04-28,22.067398,104.756035,2020-04-28 06:23:51.308993792,414.73853,0.0
2020-04-28,22.05797,104.752884,2020-04-28 06:23:51.335990272,414.76724,0.0
2020-04-28,22.048534,104.74964,2020-04-28 06:23:51.362986496,415.57047,0.0
2020-04-28,22.03912,104.746315,2020-04-28 06:23:51.389017344,415.26132,0.0
2020-04-28,22.029718,104.74291,2020-04-28 06:23:51.416013824,414.45132,0.0
2020-04-28,22.096952,104.75432,2020-04-28 06:23:51.615006976,414.22504,0.0
2020-04-28,22.087416,104.751236,2020-04-28 06:23:51.642003200,414.72452,0.0
2020-04-28,22.077986,104.7481,2020-04-28 06:23:51.668999680,415.08536,0.0
2020-04-28,22.068548,104.744865,2020-04-28 06:23:51.695996160,415.63947,0.0
2020-04-28,22.059132,104.741554,2020-04-28 06:23:51.722992640,414.68665,0.0
2020-04-28,22.049726,104.73816,2020-04-28 06:23:51.749023488,414.77292,0.0
2020-04-28,22.126518,104.75249,2020-04-28 06:23:51.921019904,414.85657,0.0
2020-04-28,22.116972,104.74951,2020-04-28 06:23:51.948016640,414.71747,0.0
2020-04-28,22.107433,104.746445,2020-04-28 06:23:51.975013120,414.3257,0.0
2020-04-28,22.098001,104.74332,2020-04-28 06:23:52.002009344,413.2112,0.0
2020-04-28,22.088572,104.74009,2020-04-28 06:23:52.029006080,414.8435,0.0
2020-04-28,22.07916,104.73679,2020-04-28 06:23:52.056002304,414.91083,0.0
2020-04-28,22.069765,104.73341,2020-04-28 06:23:52.082998784,414.01358,0.0
2020-04-28,22.156153,104.75055,2020-04-28 06:23:52.227998976,416.43762,0.0
2020-04-28,22.137096,104.74473,2020-04-28 06:23:52.281991936,412.9806,0.0
2020-04-28,22.12757,104.74168,2020-04-28 06:23:52.308988416,414.95526,0.0
2020-04-28,22.118145,104.738556,2020-04-28 06:23:52.336025088,414.8496,0.0
2020-04-28,22.108713,104.73535,2020-04-28 06:23:52.363021312,415.21823,0.0
2020-04-28,22.089903,104.72869,2020-04-28 06:23:52.416008448,414.821,0.0
2020-04-28,22.176306,104.74576,2020-04-28 06:23:52.562014464,414.98553,0.0
2020-04-28,22.16679,104.742905,2020-04-28 06:23:52.588005120,417.6744,0.0
2020-04-28,22.147717,104.736916,2020-04-28 06:23:52.641997824,413.64658,0.0
2020-04-28,22.13829,104.7338,2020-04-28 06:23:52.668994304,415.73178,0.0
2020-04-28,22.128857,104.730606,2020-04-28 06:23:52.695990784,415.91403,0.0
2020-04-28,22.11004,104.72397,2020-04-28 06:23:52.749018112,414.51587,0.0
2020-04-28,22.1774,104.73518,2020-04-28 06:23:52.948011264,415.6469,0.0
2020-04-28,22.167866,104.73215,2020-04-28 06:23:52.975007488,413.95786,0.0
2020-04-28,22.158436,104.72906,2020-04-28 06:23:53.002004224,413.94925,0.0
2020-04-28,22.148998,104.72587,2020-04-28 06:23:53.029000448,415.05292,0.0
2020-04-28,22.139578,104.72261,2020-04-28 06:23:53.055996928,416.04285,0.0
2020-04-28,22.216593,104.73623,2020-04-28 06:23:53.227993600,413.54965,0.0
2020-04-28,22.20707,104.733406,2020-04-28 06:23:53.254990080,414.84146,0.0
2020-04-28,22.197523,104.730484,2020-04-28 06:23:53.282026752,414.3734,0.0
2020-04-28,22.178549,104.72439,2020-04-28 06:23:53.336019456,413.73248,0.0
2020-04-28,22.169107,104.721214,2020-04-28 06:23:53.363015936,414.85474,0.0
2020-04-28,22.159685,104.717964,2020-04-28 06:23:53.389006592,414.06607,0.0
2020-04-28,22.227188,104.72871,2020-04-28 06:23:53.587999488,415.0586,0.0
2020-04-28,22.21764,104.7258,2020-04-28 06:23:53.614995968,414.8676,0.0
2020-04-28,22.198662,104.71973,2020-04-28 06:23:53.668988928,414.9597,0.0
2020-04-28,22.189219,104.71656,2020-04-28 06:23:53.696025600,415.19083,0.0
2020-04-28,22.247309,104.724014,2020-04-28 06:23:53.921009408,415.78323,0.0
2020-04-28,22.228212,104.71812,2020-04-28 06:23:53.975002368,414.3297,0.0
2020-04-28,22.209333,104.7119,2020-04-28 06:23:54.028995072,415.07312,0.0
2020-04-28,22.199913,104.70866,2020-04-28 06:23:54.055991296,414.48767,0.0
2020-04-28,22.190506,104.70534,2020-04-28 06:23:54.082987776,414.8451,0.0
2020-04-28,22.277012,104.72203,2020-04-28 06:23:54.227988224,414.87442,0.0
2020-04-28,22.267488,104.71923,2020-04-28 06:23:54.255024896,414.24982,0.0
2020-04-28,22.257942,104.71633,2020-04-28 06:23:54.282021376,414.85104,0.0
2020-04-28,22.248404,104.71333,2020-04-28 06:23:54.309017600,414.75156,0.0
2020-04-28,22.23897,104.71028,2020-04-28 06:23:54.336014080,413.40503,0.0
2020-04-28,22.229527,104.70713,2020-04-28 06:23:54.363010304,414.5553,0.0
2020-04-28,22.220104,104.703896,2020-04-28 06:23:54.389001216,414.42352,0.0
2020-04-28,22.210693,104.700584,2020-04-28 06:23:54.415997440,413.5373,0.0
2020-04-28,22.278143,104.71153,2020-04-28 06:23:54.614990592,414.2688,0.0
2020-04-28,22.259165,104.7055,2020-04-28 06:23:54.669023744,415.83783,0.0
2020-04-28,22.24972,104.702354,2020-04-28 06:23:54.696020224,416.34073,0.0
2020-04-28,22.230883,104.69584,2020-04-28 06:23:54.749007104,413.54922,0.0
2020-04-28,22.307894,104.70961,2020-04-28 06:23:54.921003776,414.54895,0.0
2020-04-28,22.2888,104.70376,2020-04-28 06:23:54.974996736,414.223,0.0
2020-04-28,22.27936,104.70072,2020-04-28 06:23:55.001993216,414.84283,0.0
2020-04-28,22.251068,104.691086,2020-04-28 06:23:55.083022592,415.13474,0.0
2020-04-28,22.328087,104.704796,2020-04-28 06:23:55.255019520,415.0232,0.0
2020-04-28,22.318533,104.70193,2020-04-28 06:23:55.282015744,415.65564,0.0
2020-04-28,22.308985,104.69896,2020-04-28 06:23:55.309012224,416.18228,0.0
2020-04-28,22.299543,104.69593,2020-04-28 06:23:55.336008448,414.4641,0.0
2020-04-28,22.290094,104.69282,2020-04-28 06:23:55.363005184,414.67868,0.0
2020-04-28,22.280663,104.68961,2020-04-28 06:23:55.388995584,414.76593,0.0
2020-04-28,22.271244,104.68633,2020-04-28 06:23:55.415992320,414.3108,0.0
2020-04-28,22.32917,104.69417,2020-04-28 06:23:55.642021888,415.43826,0.0
2020-04-28,22.319727,104.691154,2020-04-28 06:23:55.669018368,415.10135,0.0
2020-04-28,22.310276,104.68804,2020-04-28 06:23:55.696014848,416.2246,0.0
2020-04-28,22.300842,104.68485,2020-04-28 06:23:55.723011328,414.363,0.0
2020-04-28,22.29142,104.68159,2020-04-28 06:23:55.749001728,414.2141,0.0
2020-04-28,22.378,104.697914,2020-04-28 06:23:55.895007744,415.32184,0.0
2020-04-28,22.349358,104.68938,2020-04-28 06:23:55.974991360,414.38574,0.0
2020-04-28,22.33991,104.68637,2020-04-28 06:23:56.001987584,414.87766,0.0
2020-04-28,22.33045,104.68327,2020-04-28 06:23:56.029024256,415.87476,0.0
2020-04-28,22.311579,104.67685,2020-04-28 06:23:56.083017472,414.82898,0.0
2020-04-28,22.379028,104.68757,2020-04-28 06:23:56.282010368,415.26358,0.0
2020-04-28,22.369469,104.68465,2020-04-28 06:23:56.309006592,414.76132,0.0
2020-04-28,22.360014,104.681656,2020-04-28 06:23:56.336003328,414.1227,0.0
2020-04-28,22.35055,104.678566,2020-04-28 06:23:56.362999552,415.77185,0.0
2020-04-28,22.341106,104.67541,2020-04-28 06:23:56.388990464,414.72806,0.0
2020-04-28,22.331673,104.672165,2020-04-28 06:23:56.416027136,414.99777,0.0
2020-04-28,22.380116,104.67693,2020-04-28 06:23:56.669012992,415.3197,0.0
2020-04-28,22.37065,104.67387,2020-04-28 06:23:56.696009472,414.76154,0.0
2020-04-28,22.3813,104.666016,2020-04-28 06:23:57.056015616,416.0225,0.0
2020-04-28,22.50921,104.6618,2020-04-28 06:23:58.255002880,413.6417,0.0
2020-04-28,22.499632,104.65902,2020-04-28 06:23:58.281999616,414.6733,0.0
2020-04-28,22.54941,104.65205,2020-04-28 06:23:58.921022464,413.54376,0.0
2020-04-28,22.559927,104.6445,2020-04-28 06:23:59.281993984,413.63834,0.0
2020-04-28,22.550346,104.64167,2020-04-28 06:23:59.308990464,415.0829,0.0
2020-04-28,22.540873,104.63877,2020-04-28 06:23:59.335987200,415.39386,0.0
2020-04-28,22.53139,104.63577,2020-04-28 06:23:59.363023872,415.0843,0.0
2020-04-28,22.52194,104.632706,2020-04-28 06:23:59.389014272,414.56448,0.0
2020-04-28,22.570446,104.63691,2020-04-28 06:23:59.642000128,415.08203,0.0
2020-04-28,22.560968,104.634026,2020-04-28 06:23:59.668996608,415.1224,0.0
2020-04-28,22.581066,104.62928,2020-04-28 06:24:00.002006272,415.40253,0.0
2020-04-28,22.620195,104.63017,2020-04-28 06:24:00.281988608,414.73907,0.0
2020-04-28,22.601124,104.6245,2020-04-28 06:24:00.336022016,417.39563,0.0
2020-04-28,22.630667,104.62257,2020-04-28 06:24:00.641994752,414.52527,0.0
2020-04-28,22.621181,104.619705,2020-04-28 06:24:00.668990976,414.1671,0.0
2020-04-28,22.60223,104.61372,2020-04-28 06:24:00.723024384,417.1784,0.0
2020-04-28,22.622292,104.60895,2020-04-28 06:24:01.055993856,415.08813,0.0
2020-04-30,11.344829,108.67959,2020-04-30 06:08:25.895023104,416.53757,0.0
2020-04-30,11.32294,108.65387,2020-04-30 06:08:25.975006464,416.98975,0.0
2020-04-30,11.341557,108.649445,2020-04-30 06:08:26.309021952,416.55673,0.0
2020-04-30,11.382091,108.671005,2020-04-30 06:08:26.562007808,417.06836,0.0
2020-04-30,11.367477,108.653885,2020-04-30 06:08:26.614994944,416.251,0.0
2020-04-30,11.360223,108.645195,2020-04-30 06:08:26.641991424,415.24432,0.0
2020-04-30,11.386192,108.64962,2020-04-30 06:08:26.948004608,415.5286,0.0
2020-04-30,11.350374,108.607,2020-04-30 06:08:27.083027200,418.7544,0.0
2020-04-30,11.397629,108.636734,2020-04-30 06:08:27.309016832,415.75717,0.0
2020-04-30,11.390476,108.62809,2020-04-30 06:08:27.336013056,415.27762,0.0
2020-04-30,11.423593,108.641136,2020-04-30 06:08:27.614989568,415.1983,0.0
2020-04-30,13.497394,108.11732,2020-04-30 06:09:05.415991552,417.36343,0.0
2020-04-30,13.608894,108.15868,2020-04-30 06:09:06.228016896,416.1141,0.0
2020-04-30,13.611475,108.1391,2020-04-30 06:09:06.615019264,415.7138,0.0
2020-04-30,13.630108,108.134834,2020-04-30 06:09:06.947988992,414.48798,0.0
2020-04-30,13.976223,108.0463,2020-04-30 06:09:13.309008640,415.93173,0.0
2020-04-30,13.968227,108.03873,2020-04-30 06:09:13.336004864,415.32144,0.0
2020-04-30,13.95233,108.02329,2020-04-30 06:09:13.388991744,415.72876,0.0
2020-04-30,13.963316,108.01101,2020-04-30 06:09:13.748998144,415.065,0.0
2020-04-30,14.2819395,108.002686,2020-04-30 06:09:18.227992064,413.6627,0.0
2020-04-30,14.241017,107.96599,2020-04-30 06:09:18.363014400,416.42276,0.0
2020-04-30,14.300694,107.99826,2020-04-30 06:09:18.562007552,415.0869,0.0
2020-04-30,14.275972,107.97617,2020-04-30 06:09:18.641991168,416.29477,0.0
2020-04-30,14.267865,107.968834,2020-04-30 06:09:18.668987392,416.42102,0.0
2020-04-30,14.25978,107.9614,2020-04-30 06:09:18.696024064,416.52908,0.0
2020-04-30,14.294743,107.97174,2020-04-30 06:09:18.975000576,415.0921,0.0
2020-04-30,14.286636,107.964325,2020-04-30 06:09:19.001997056,415.6933,0.0
2020-04-30,14.278551,107.956825,2020-04-30 06:09:19.028993536,415.99222,0.0
2020-04-30,14.2705145,107.9492,2020-04-30 06:09:19.055990016,415.073,0.0
2020-04-30,14.262514,107.941536,2020-04-30 06:09:19.083026688,415.22153,0.0
2020-04-30,14.305397,107.959946,2020-04-30 06:09:19.336012544,416.4977,0.0
2020-04-30,14.297303,107.95248,2020-04-30 06:09:19.363009024,415.47144,0.0
2020-04-30,14.289265,107.94482,2020-04-30 06:09:19.388999680,416.9107,0.0
2020-04-30,14.28126,107.93712,2020-04-30 06:09:19.415996160,415.31097,0.0
2020-04-30,14.316025,107.94812,2020-04-30 06:09:19.696018688,415.74185,0.0
2020-04-30,14.307971,107.94055,2020-04-30 06:09:19.723015168,417.0503,0.0
2020-04-30,14.299958,107.93285,2020-04-30 06:09:19.749005824,416.8721,0.0
2020-04-30,14.337359,107.92433,2020-04-30 06:09:20.415990528,412.2555,0.0
2020-04-30,14.919468,107.83551,2020-04-30 06:09:29.948025088,415.23273,0.0
2020-04-30,14.911044,107.82851,2020-04-30 06:09:29.975021312,414.65134,0.0
2020-04-30,14.929768,107.82389,2020-04-30 06:09:30.308996608,414.73248,0.0
2020-04-30,14.9214525,107.81696,2020-04-30 06:09:30.335993344,415.7587,0.0
2020-04-30,14.973755,107.84096,2020-04-30 06:09:30.562022912,413.37534,0.0
2020-04-30,14.965295,107.83392,2020-04-30 06:09:30.588013568,414.90115,0.0
2020-04-30,14.948396,107.81977,2020-04-30 06:09:30.642006272,415.21515,0.0
2020-04-30,14.940105,107.81219,2020-04-30 06:09:30.669002752,414.53973,0.0
2020-04-30,14.975415,107.82306,2020-04-30 06:09:30.948019456,416.51642,0.0
2020-04-30,14.958707,107.808,2020-04-30 06:09:31.002012416,415.43222,0.0
2020-04-30,14.9504175,107.80047,2020-04-30 06:09:31.029008896,413.41495,0.0
2020-04-30,14.960756,107.78882,2020-04-30 06:09:31.389015040,414.7667,0.0
2020-04-30,14.971222,107.777016,2020-04-30 06:09:31.749020928,415.70728,0.0
2020-04-30,14.998134,107.780426,2020-04-30 06:09:32.056000000,415.7673,0.0
2020-04-30,14.989909,107.772804,2020-04-30 06:09:32.082996480,416.96402,0.0
2020-04-30,15.016847,107.77568,2020-04-30 06:09:32.389009408,414.08173,0.0
2020-04-30,15.00861,107.76824,2020-04-30 06:09:32.416006144,413.39676,0.0
2020-04-30,15.03558,107.771385,2020-04-30 06:09:32.723025152,414.76566,0.0
2020-04-30,15.027345,107.763756,2020-04-30 06:09:32.749015808,412.98944,0.0
2020-04-30,15.054319,107.766945,2020-04-30 06:09:33.055994624,415.27628,0.0
2020-04-30,15.046068,107.75963,2020-04-30 06:09:33.082990848,412.79584,0.0
2020-04-30,15.123466,107.80557,2020-04-30 06:09:33.227991040,415.23788,0.0
2020-04-30,15.179595,107.79211,2020-04-30 06:09:34.228025856,413.29306,0.0
2020-04-30,15.331635,107.73747,2020-04-30 06:09:37.282002432,414.94296,0.0
2020-04-30,15.367493,107.74688,2020-04-30 06:09:37.562024960,416.6562,0.0
2020-04-30,15.939315,107.58514,2020-04-30 06:09:48.309019904,416.16263,0.0
2020-04-30,16.27641,107.4864,2020-04-30 06:09:54.695989760,415.44556,0.0
2020-04-30,16.267729,107.47955,2020-04-30 06:09:54.723026432,417.4686,0.0
2020-04-30,16.259087,107.47301,2020-04-30 06:09:54.749017088,417.63715,0.0
2020-04-30,16.54462,107.46423,2020-04-30 06:09:58.561991680,414.80847,0.0
2020-04-30,16.573109,107.44916,2020-04-30 06:09:59.255007488,415.70358,0.0
2020-04-30,16.600729,107.45095,2020-04-30 06:09:59.562026496,415.36072,0.0
2020-04-30,16.675493,107.433365,2020-04-30 06:10:00.894990336,412.69522,0.0
2020-04-30,16.69502,107.41194,2020-04-30 06:10:01.615002624,413.38687,0.0
2020-04-30,16.704756,107.40121,2020-04-30 06:10:01.975009024,414.80472,0.0
2020-04-30,16.695919,107.39485,2020-04-30 06:10:02.002005248,413.44992,0.0
2020-04-30,16.705767,107.38399,2020-04-30 06:10:02.363016960,415.09872,0.0
2020-04-30,16.696968,107.37746,2020-04-30 06:10:02.389007872,413.9515,0.0
2020-04-30,16.715727,107.3729,2020-04-30 06:10:02.723023360,415.44678,0.0
2020-05-05,9.353848,106.071045,2020-05-05 06:26:32.615018752,415.42233,0.0
2020-05-05,9.348037,106.06194,2020-05-05 06:26:32.642015232,415.95197,0.0
2020-05-05,9.342346,106.05285,2020-05-05 06:26:32.669011712,416.36066,0.0
2020-05-05,9.454715,106.04917,2020-05-05 06:26:34.281998080,417.8317,0.0
2020-05-05,21.734535,103.28156,2020-05-05 06:29:57.641989632,419.43295,0.0
2020-05-05,21.745676,103.27228,2020-05-05 06:29:58.001995520,418.6295,0.0
2020-05-07,10.460147,107.32064,2020-05-07 06:14:19.669004544,415.07983,0.0
2020-05-07,10.45415,107.31083,2020-05-07 06:14:19.696000768,415.22318,0.0
2020-05-07,10.448229,107.30093,2020-05-07 06:14:19.722997248,414.90076,0.0
2020-05-07,10.44236,107.29097,2020-05-07 06:14:19.748987904,414.28326,0.0
2020-05-07,10.491044,107.335945,2020-05-07 06:14:19.948021248,414.98746,0.0
2020-05-07,10.478847,107.31644,2020-05-07 06:14:20.002014208,413.70248,0.0
2020-05-07,10.472854,107.3066,2020-05-07 06:14:20.029010432,413.92145,0.0
2020-05-07,10.466925,107.2967,2020-05-07 06:14:20.056006912,414.7197,0.0
2020-05-07,10.461055,107.286736,2020-05-07 06:14:20.083003392,414.0549,0.0
2020-05-07,10.515986,107.34138,2020-05-07 06:14:20.255000064,413.33893,0.0
2020-05-07,10.497559,107.312195,2020-05-07 06:14:20.335989248,414.18973,0.0
2020-05-07,10.491559,107.30237,2020-05-07 06:14:20.363025920,414.38788,0.0
2020-05-07,10.479734,107.28255,2020-05-07 06:14:20.416013056,414.5439,0.0
2020-05-07,10.498387,107.278404,2020-05-07 06:14:20.749022720,414.42838,0.0
2020-05-07,10.540981,107.31352,2020-05-07 06:14:20.975012352,414.4755,0.0
2020-05-07,10.517055,107.27416,2020-05-07 06:14:21.082997760,414.81293,0.0
2020-05-07,10.541596,107.279945,2020-05-07 06:14:21.389011200,414.59427,0.0
2020-05-07,10.535693,107.27001,2020-05-07 06:14:21.416007424,413.0362,0.0
2020-05-07,17.87279,105.639946,2020-05-07 06:16:31.228017408,413.4211,0.0
2020-05-07,17.891525,105.63515,2020-05-07 06:16:31.561992448,415.17664,0.0
2020-05-07,17.910372,105.630325,2020-05-07 06:16:31.895002112,413.6253,0.0
2020-05-07,18.014128,105.59583,2020-05-07 06:16:33.921022208,412.39468,0.0
2020-05-07,18.078926,105.58873,2020-05-07 06:16:34.895026176,414.09735,0.0
2020-05-07,18.14542,105.54608,2020-05-07 06:16:36.641989120,413.73837,0.0
2020-05-07,18.172794,105.54806,2020-05-07 06:16:36.948002304,415.25174,0.0
2020-05-07,18.164042,105.54164,2020-05-07 06:16:36.974998784,416.04346,0.0
2020-05-07,18.182669,105.53682,2020-05-07 06:16:37.309014272,415.2115,0.0
2020-05-07,18.246132,105.54705,2020-05-07 06:16:37.895009792,414.57782,0.0
2020-05-07,18.2646,105.54267,2020-05-07 06:16:38.228019456,414.40503,0.0
2020-05-07,18.246967,105.53019,2020-05-07 06:16:38.282012416,415.65533,0.0
2020-05-07,18.283068,105.53841,2020-05-07 06:16:38.561994752,414.88037,0.0
2020-05-07,18.274248,105.532196,2020-05-07 06:16:38.588025600,414.5277,0.0
2020-05-07,18.26544,105.52531,2020-05-07 06:16:38.615021824,415.99158,0.0
2020-05-07,18.256662,105.518776,2020-05-07 06:16:38.642018304,416.50488,0.0
2020-05-07,18.2753,105.51429,2020-05-07 06:16:38.974988032,414.74612,0.0
2020-05-07,18.311533,105.523056,2020-05-07 06:16:39.255010560,414.4709,0.0
2020-05-07,18.330193,105.51773,2020-05-07 06:16:39.588019968,414.3405,0.0
2020-05-07,18.32137,105.51122,2020-05-07 06:16:39.615016448,414.30994,0.0
2020-05-07,18.357641,105.51976,2020-05-07 06:16:39.894999040,415.55765,0.0
2020-05-07,18.339989,105.5069,2020-05-07 06:16:39.948026112,415.53607,0.0
2020-05-07,18.33119,105.49997,2020-05-07 06:16:39.975022848,414.7754,0.0
2020-05-07,18.296602,105.47305,2020-05-07 06:16:40.083008256,413.48874,0.0
2020-05-07,18.376282,105.51483,2020-05-07 06:16:40.228008704,416.30035,0.0
2020-05-07,18.358614,105.501976,2020-05-07 06:16:40.282001408,414.02197,0.0
2020-05-07,18.349806,105.49558,2020-05-07 06:16:40.308997888,415.84738,0.0
2020-05-07,18.341118,105.48884,2020-05-07 06:16:40.335994368,416.17917,0.0
2020-05-07,18.435825,105.44752,2020-05-07 06:16:42.389010944,414.49026,0.0
2020-05-07,18.563354,105.468376,2020-05-07 06:16:43.562007808,414.93582,0.0
2020-05-07,18.554474,105.46206,2020-05-07 06:16:43.587998464,415.05356,0.0
2020-05-07,18.545591,105.45569,2020-05-07 06:16:43.614994944,414.4283,0.0
2020-05-07,18.527998,105.44257,2020-05-07 06:16:43.668987648,414.6701,0.0
2020-05-07,18.501923,105.42233,2020-05-07 06:16:43.749011456,415.10272,0.0
2020-05-07,18.582075,105.46383,2020-05-07 06:16:43.895017728,413.55008,0.0
2020-05-07,18.573193,105.4575,2020-05-07 06:16:43.921008128,415.77737,0.0
2020-05-07,18.564306,105.45112,2020-05-07 06:16:43.948004608,415.42657,0.0
2020-05-07,18.555445,105.444565,2020-05-07 06:16:43.975000832,414.98798,0.0
2020-05-07,18.546703,105.43806,2020-05-07 06:16:44.001997568,414.90887,0.0
2020-05-07,18.537973,105.431496,2020-05-07 06:16:44.028993792,414.571,0.0
2020-05-07,18.529274,105.424614,2020-05-07 06:16:44.055990272,413.84616,0.0
2020-05-07,18.520609,105.41781,2020-05-07 06:16:44.083026944,413.60898,0.0
2020-05-07,18.6008,105.45925,2020-05-07 06:16:44.228027136,414.7355,0.0
2020-05-07,18.591911,105.452934,2020-05-07 06:16:44.255023360,415.18488,0.0
2020-05-07,18.583021,105.446556,2020-05-07 06:16:44.282020096,414.43073,0.0
2020-05-07,18.574156,105.44004,2020-05-07 06:16:44.309016576,414.96326,0.0
2020-05-07,18.565407,105.43356,2020-05-07 06:16:44.336012800,414.78726,0.0
2020-05-07,18.556675,105.42713,2020-05-07 06:16:44.363009536,415.31522,0.0
2020-05-07,18.619524,105.45468,2020-05-07 06:16:44.562002432,414.61145,0.0
2020-05-07,18.57533,105.42241,2020-05-07 06:16:44.696018944,414.0352,0.0
2020-05-07,18.638126,105.45007,2020-05-07 06:16:44.895012096,414.61447,0.0
2020-05-07,18.629217,105.44388,2020-05-07 06:16:44.921002752,415.9462,0.0
2020-05-07,18.611416,105.431015,2020-05-07 06:16:44.974995712,414.89948,0.0
2020-05-07,18.593885,105.4179,2020-05-07 06:16:45.028988416,415.78192,0.0
2020-05-07,18.58517,105.41144,2020-05-07 06:16:45.056025088,414.64862,0.0
2020-05-07,18.656708,105.445656,2020-05-07 06:16:45.228021504,414.77927,0.0
2020-05-07,18.647795,105.43931,2020-05-07 06:16:45.255018240,414.77136,0.0
2020-05-07,18.638876,105.433014,2020-05-07 06:16:45.282014720,415.10724,0.0
2020-05-07,18.629982,105.42648,2020-05-07 06:16:45.309010944,414.8571,0.0
2020-05-07,18.621206,105.419975,2020-05-07 06:16:45.336007680,414.08948,0.0
2020-05-07,18.612442,105.41337,2020-05-07 06:16:45.363003904,415.62097,0.0
2020-05-07,18.666372,105.434814,2020-05-07 06:16:45.588027904,415.59616,0.0
2020-05-07,18.657452,105.42844,2020-05-07 06:16:45.615024384,415.1005,0.0
2020-05-07,18.64856,105.421974,2020-05-07 06:16:45.642020608,413.79126,0.0
2020-05-07,18.639784,105.415474,2020-05-07 06:16:45.669017088,414.86224,0.0
2020-05-07,18.63102,105.40887,2020-05-07 06:16:45.696013568,414.7609,0.0
2020-05-07,18.613596,105.39548,2020-05-07 06:16:45.749000448,416.22214,0.0
2020-05-07,18.693947,105.43654,2020-05-07 06:16:45.895006720,414.75537,0.0
2020-05-07,18.68503,105.43027,2020-05-07 06:16:45.920997120,414.68378,0.0
2020-05-07,18.66721,105.41744,2020-05-07 06:16:45.974990080,416.44232,0.0
2020-05-07,18.65843,105.41095,2020-05-07 06:16:46.001986560,415.19247,0.0
2020-05-07,18.64966,105.40435,2020-05-07 06:16:46.029023232,413.89056,0.0
2020-05-07,18.640928,105.39772,2020-05-07 06:16:46.056019712,414.1853,0.0
2020-05-07,18.632225,105.39097,2020-05-07 06:16:46.083016192,414.00928,0.0
2020-05-07,18.703691,105.42573,2020-05-07 06:16:46.255012864,413.8611,0.0
2020-05-07,18.694765,105.41937,2020-05-07 06:16:46.282009088,414.91617,0.0
2020-05-07,18.668303,105.39991,2020-05-07 06:16:46.362998528,414.05612,0.0
2020-05-07,18.659563,105.393196,2020-05-07 06:16:46.388988928,414.20197,0.0
2020-05-07,18.650856,105.3865,2020-05-07 06:16:46.416025600,414.27444,0.0
2020-05-07,18.731283,105.427505,2020-05-07 06:16:46.561991680,414.03403,0.0
2020-05-07,18.722355,105.42121,2020-05-07 06:16:46.588022528,414.0633,0.0
2020-05-07,18.713425,105.41484,2020-05-07 06:16:46.615018752,413.82748,0.0
2020-05-07,18.704521,105.40839,2020-05-07 06:16:46.642015232,415.03918,0.0
2020-05-07,18.678225,105.388664,2020-05-07 06:16:46.723004672,414.3738,0.0
2020-05-07,18.669516,105.38192,2020-05-07 06:16:46.748995328,413.8906,0.0
2020-05-07,18.741087,105.41656,2020-05-07 06:16:46.920992000,415.05734,0.0
2020-05-07,18.732155,105.41017,2020-05-07 06:16:46.948028672,414.65005,0.0
2020-05-07,18.723248,105.40384,2020-05-07 06:16:46.975024896,414.41934,0.0
2020-05-07,18.714457,105.39726,2020-05-07 06:16:47.002021376,413.72726,0.0
2020-05-07,18.696934,105.38406,2020-05-07 06:16:47.056014336,414.4214,0.0
2020-05-07,18.688217,105.377304,2020-05-07 06:16:47.083010560,414.025,0.0
2020-05-07,18.768755,105.41812,2020-05-07 06:16:47.228011008,413.3396,0.0
2020-05-07,18.750885,105.40555,2020-05-07 06:16:47.282003968,415.343,0.0
2020-05-07,18.741972,105.39915,2020-05-07 06:16:47.309000192,414.32413,0.0
2020-05-07,18.733175,105.39261,2020-05-07 06:16:47.335996672,414.81445,0.0
2020-05-07,18.715641,105.37941,2020-05-07 06:16:47.389023744,414.55157,0.0
2020-05-07,18.70692,105.37269,2020-05-07 06:16:47.416020480,414.62064,0.0
2020-05-07,18.787497,105.413414,2020-05-07 06:16:47.562026496,414.48557,0.0
2020-05-07,18.778559,105.40723,2020-05-07 06:16:47.588016896,415.7321,0.0
2020-05-07,18.76961,105.40088,2020-05-07 06:16:47.615013376,415.40277,0.0
2020-05-07,18.760675,105.394455,2020-05-07 06:16:47.642009856,414.59515,0.0
2020-05-07,18.751858,105.388,2020-05-07 06:16:47.669006336,414.79846,0.0
2020-05-07,18.743052,105.381485,2020-05-07 06:16:47.696002816,414.59998,0.0
2020-05-07,18.788143,105.39644,2020-05-07 06:16:47.948023040,414.99368,0.0
2020-05-07,18.752794,105.37042,2020-05-07 06:16:48.056008704,414.3667,0.0
2020-05-07,18.82461,105.40438,2020-05-07 06:16:48.228005376,415.3642,0.0
2020-05-07,18.815647,105.3982,2020-05-07 06:16:48.255002112,415.07645,0.0
2020-05-07,18.797735,105.38556,2020-05-07 06:16:48.308994816,416.05914,0.0
2020-05-07,18.788906,105.3791,2020-05-07 06:16:48.335991040,415.02435,0.0
2020-05-07,18.780088,105.37256,2020-05-07 06:16:48.362987520,415.4786,0.0
2020-05-07,18.771307,105.36597,2020-05-07 06:16:48.389018624,413.86713,0.0
2020-05-07,18.843155,105.39986,2020-05-07 06:16:48.562021120,415.02454,0.0
2020-05-07,18.834187,105.39369,2020-05-07 06:16:48.588011520,414.7639,0.0
2020-05-07,18.825218,105.387436,2020-05-07 06:16:48.615008000,415.905,0.0
2020-05-07,18.816282,105.38113,2020-05-07 06:16:48.642004480,415.9062,0.0
2020-05-07,18.80746,105.374626,2020-05-07 06:16:48.669000960,414.98547,0.0
2020-05-07,18.798653,105.368095,2020-05-07 06:16:48.695997184,414.582,0.0
2020-05-07,18.789879,105.361496,2020-05-07 06:16:48.722993920,414.842,0.0
2020-05-07,18.781134,105.35481,2020-05-07 06:16:48.749024512,415.29984,0.0
2020-05-07,18.83497,105.37641,2020-05-07 06:16:48.975014144,414.6191,0.0
2020-05-07,18.826147,105.37006,2020-05-07 06:16:49.002010624,416.09055,0.0
2020-05-07,18.817331,105.36347,2020-05-07 06:16:49.029006848,414.89764,0.0
2020-05-07,18.808552,105.35688,2020-05-07 06:16:49.056003328,414.79004,0.0
2020-05-07,18.880547,105.3906,2020-05-07 06:16:49.228000256,415.32983,0.0
2020-05-07,18.87158,105.38443,2020-05-07 06:16:49.254996480,415.06018,0.0
2020-05-07,18.853662,105.37179,2020-05-07 06:16:49.308989184,414.9933,0.0
2020-05-07,18.844831,105.365395,2020-05-07 06:16:49.335985664,415.3896,0.0
2020-05-07,18.827227,105.352295,2020-05-07 06:16:49.389012992,415.4692,0.0
2020-05-07,18.890284,105.379845,2020-05-07 06:16:49.588006144,415.24976,0.0
2020-05-07,18.872353,105.36717,2020-05-07 06:16:49.641999104,414.9753,0.0
2020-05-07,18.863516,105.36078,2020-05-07 06:16:49.668995328,414.9386,0.0
2020-05-07,18.854689,105.35428,2020-05-07 06:16:49.695992064,415.3336,0.0
2020-05-07,18.845898,105.34771,2020-05-07 06:16:49.722988288,415.23306,0.0
2020-05-07,18.837135,105.34108,2020-05-07 06:16:49.749019136,414.57513,0.0
2020-05-07,18.91795,105.38137,2020-05-07 06:16:49.895025152,415.16714,0.0
2020-05-07,18.908974,105.37533,2020-05-07 06:16:49.921015808,415.46002,0.0
2020-05-07,18.89999,105.368935,2020-05-07 06:16:49.948012288,415.09525,0.0
2020-05-07,18.891031,105.36257,2020-05-07 06:16:49.975008768,415.80774,0.0
2020-05-07,18.882189,105.35618,2020-05-07 06:16:50.002004992,415.15848,0.0
2020-05-07,18.873356,105.349686,2020-05-07 06:16:50.029001472,415.95172,0.0
2020-05-07,18.864561,105.34313,2020-05-07 06:16:50.055997952,414.96628,0.0
2020-05-07,18.855793,105.336494,2020-05-07 06:16:50.082994432,415.85138,0.0
2020-05-07,18.936644,105.37668,2020-05-07 06:16:50.227994624,415.7299,0.0
2020-05-07,18.909712,105.35799,2020-05-07 06:16:50.309024000,415.42624,0.0
2020-05-07,18.900864,105.35158,2020-05-07 06:16:50.336020480,416.0111,0.0
2020-05-07,18.883224,105.338554,2020-05-07 06:16:50.389007616,416.06458,0.0
2020-05-07,18.87445,105.33191,2020-05-07 06:16:50.416004096,415.5633,0.0
2020-05-07,18.95534,105.372025,2020-05-07 06:16:50.562010112,415.77975,0.0
2020-05-07,18.946352,105.365944,2020-05-07 06:16:50.588000768,414.78284,0.0
2020-05-07,18.937363,105.35977,2020-05-07 06:16:50.614997248,416.35193,0.0
2020-05-07,18.9284,105.35343,2020-05-07 06:16:50.641993472,415.2352,0.0
2020-05-07,18.919554,105.34704,2020-05-07 06:16:50.668990208,415.60306,0.0
2020-05-07,18.901915,105.334,2020-05-07 06:16:50.723023104,416.13348,0.0
2020-05-07,18.89314,105.32737,2020-05-07 06:16:50.749013760,415.70258,0.0
2020-05-07,18.9741,105.36765,2020-05-07 06:16:50.895019776,416.1303,0.0
2020-05-07,18.965113,105.361404,2020-05-07 06:16:50.921010432,416.18118,0.0
2020-05-07,18.956121,105.35519,2020-05-07 06:16:50.948006912,416.36948,0.0
2020-05-07,18.938303,105.34252,2020-05-07 06:16:51.001999616,417.10785,0.0
2020-05-07,18.920658,105.32959,2020-05-07 06:16:51.055992576,416.3208,0.0
2020-05-07,18.911875,105.32288,2020-05-07 06:16:51.082989056,415.60947,0.0
2020-05-07,18.992868,105.36297,2020-05-07 06:16:51.227989248,415.74417,0.0
2020-05-07,18.983881,105.35708,2020-05-07 06:16:51.255025920,416.58398,0.0
2020-05-07,18.965908,105.34434,2020-05-07 06:16:51.309018624,414.91373,0.0
2020-05-07,18.957052,105.33797,2020-05-07 06:16:51.336015104,416.1633,0.0
2020-05-07,18.948204,105.331505,2020-05-07 06:16:51.363011584,417.08926,0.0
2020-05-07,19.01164,105.35862,2020-05-07 06:16:51.562004480,416.97534,0.0
2020-05-07,19.002645,105.3524,2020-05-07 06:16:51.587995392,417.24017,0.0
2020-05-07,18.993639,105.346115,2020-05-07 06:16:51.614991616,416.03033,0.0
2020-05-07,18.975784,105.333496,2020-05-07 06:16:51.669025024,416.37863,0.0
2020-05-07,18.966932,105.32727,2020-05-07 06:16:51.696021248,416.069,0.0
2020-05-07,18.958097,105.32051,2020-05-07 06:16:51.723017728,416.8203,0.0
2020-05-07,18.949303,105.313934,2020-05-07 06:16:51.749008128,416.24908,0.0
2020-05-07,19.030323,105.35388,2020-05-07 06:16:51.895014400,416.2347,0.0
2020-05-07,19.021315,105.34778,2020-05-07 06:16:51.921005056,416.63852,0.0
2020-05-07,19.0123,105.341576,2020-05-07 06:16:51.948001280,415.4452,0.0
2020-05-07,18.994432,105.328926,2020-05-07 06:16:52.001994240,416.0493,0.0
2020-05-07,18.985567,105.322495,2020-05-07 06:16:52.028990720,416.06317,0.0
2020-05-07,18.967937,105.30945,2020-05-07 06:16:52.083023872,415.79745,0.0
2020-05-07,19.048996,105.34935,2020-05-07 06:16:52.228024064,416.54196,0.0
2020-05-07,19.039982,105.34327,2020-05-07 06:16:52.255020288,416.4024,0.0
2020-05-07,19.030962,105.337074,2020-05-07 06:16:52.282016768,415.47882,0.0
2020-05-07,19.021967,105.33079,2020-05-07 06:16:52.309013248,415.8159,0.0
2020-05-07,19.013086,105.32445,2020-05-07 06:16:52.336009728,415.26215,0.0
2020-05-07,19.004215,105.31804,2020-05-07 06:16:52.363006208,416.21036,0.0
2020-05-07,18.986572,105.30495,2020-05-07 06:16:52.415993088,415.69482,0.0
2020-05-07,19.04963,105.332664,2020-05-07 06:16:52.615026432,416.2845,0.0
2020-05-07,19.040634,105.326324,2020-05-07 06:16:52.642023168,416.8095,0.0
2020-05-07,19.031754,105.31997,2020-05-07 06:16:52.669019392,414.8954,0.0
2020-05-07,19.022884,105.313545,2020-05-07 06:16:52.696015872,415.57416,0.0
2020-05-07,19.01405,105.30704,2020-05-07 06:16:52.723012096,416.60834,0.0
2020-05-07,19.086414,105.34082,2020-05-07 06:16:52.895009024,416.84317,0.0
2020-05-07,19.032774,105.3026,2020-05-07 06:16:53.056022016,415.4738,0.0
2020-05-07,19.023958,105.29597,2020-05-07 06:16:53.083018240,416.28412,0.0
2020-05-07,19.105156,105.335556,2020-05-07 06:16:53.228018432,415.97113,0.0
2020-05-07,19.087114,105.3237,2020-05-07 06:16:53.282011392,417.2922,0.0
2020-05-07,19.078106,105.31724,2020-05-07 06:16:53.309007872,415.7013,0.0
2020-05-07,19.051498,105.29817,2020-05-07 06:16:53.388991232,415.3639,0.0
2020-05-07,19.04268,105.29158,2020-05-07 06:16:53.415987712,414.80878,0.0
2020-05-07,19.123907,105.33095,2020-05-07 06:16:53.561993728,416.99158,0.0
2020-05-07,19.11488,105.324905,2020-05-07 06:16:53.588024576,417.06265,0.0
2020-05-07,19.096825,105.31263,2020-05-07 06:16:53.642017536,417.1274,0.0
2020-05-07,19.087929,105.306564,2020-05-07 06:16:53.669014016,418.58438,0.0
2020-05-07,19.079023,105.29994,2020-05-07 06:16:53.696010240,417.10812,0.0
2020-05-07,19.07016,105.29346,2020-05-07 06:16:53.723006720,415.81134,0.0
2020-05-07,19.061329,105.28696,2020-05-07 06:16:53.748997376,417.72354,0.0
2020-05-07,19.142538,105.3264,2020-05-07 06:16:53.895003648,416.95328,0.0
2020-05-07,19.124447,105.31429,2020-05-07 06:16:53.947990528,415.51318,0.0
2020-05-07,19.115421,105.30805,2020-05-07 06:16:53.974987008,416.88715,0.0
2020-05-07,19.09761,105.29545,2020-05-07 06:16:54.029020160,416.9982,0.0
2020-05-07,19.088743,105.28899,2020-05-07 06:16:54.056016384,415.40393,0.0
2020-05-07,19.079905,105.28246,2020-05-07 06:16:54.083013120,415.93832,0.0
2020-05-07,19.161154,105.32191,2020-05-07 06:16:54.228013056,414.91733,0.0
2020-05-07,19.152105,105.31592,2020-05-07 06:16:54.255009536,414.62823,0.0
2020-05-07,19.125105,105.29733,2020-05-07 06:16:54.335998976,415.5798,0.0
2020-05-07,19.1162,105.290985,2020-05-07 06:16:54.362995456,415.33603,0.0
2020-05-07,19.107328,105.28455,2020-05-07 06:16:54.389026048,414.91412,0.0
2020-05-07,19.098486,105.278076,2020-05-07 06:16:54.416022528,414.83725,0.0
2020-05-07,19.179768,105.317406,2020-05-07 06:16:54.561988352,415.28305,0.0
2020-05-07,19.170717,105.31144,2020-05-07 06:16:54.588019456,414.9272,0.0
2020-05-07,19.161661,105.30532,2020-05-07 06:16:54.615015680,414.66193,0.0
2020-05-07,19.152636,105.2991,2020-05-07 06:16:54.642012160,415.21307,0.0
2020-05-07,19.143723,105.292816,2020-05-07 06:16:54.669008384,414.85742,0.0
2020-05-07,19.13482,105.28645,2020-05-07 06:16:54.696004864,416.26724,0.0
2020-05-07,19.125967,105.280266,2020-05-07 06:16:54.723001600,415.39096,0.0
2020-05-07,19.11712,105.27361,2020-05-07 06:16:54.748992000,415.34476,0.0
2020-05-07,19.198492,105.312904,2020-05-07 06:16:54.894998016,415.55893,0.0
2020-05-07,19.189444,105.30685,2020-05-07 06:16:54.920988672,415.98685,0.0
2020-05-07,19.180386,105.30058,2020-05-07 06:16:54.948025344,415.09283,0.0
2020-05-07,19.171354,105.29435,2020-05-07 06:16:54.975021824,415.41275,0.0
2020-05-07,19.16244,105.288124,2020-05-07 06:16:55.002018304,415.411,0.0
2020-05-07,19.153534,105.281815,2020-05-07 06:16:55.029014528,416.3791,0.0
2020-05-07,19.135813,105.26881,2020-05-07 06:16:55.083007488,414.77142,0.0
2020-05-07,19.217228,105.30817,2020-05-07 06:16:55.228007680,414.6897,0.0
2020-05-07,19.20818,105.30227,2020-05-07 06:16:55.255004160,416.39365,0.0
2020-05-07,19.199121,105.2962,2020-05-07 06:16:55.282000640,415.60934,0.0
2020-05-07,19.190083,105.28986,2020-05-07 06:16:55.308997120,416.89395,0.0
2020-05-07,19.181152,105.28339,2020-05-07 06:16:55.335993600,414.63333,0.0
2020-05-07,19.17224,105.27705,2020-05-07 06:16:55.362989824,415.8739,0.0
2020-05-07,19.163366,105.27071,2020-05-07 06:16:55.389020672,415.06818,0.0
2020-05-07,19.154524,105.26433,2020-05-07 06:16:55.416017152,415.57242,0.0
2020-05-07,19.235964,105.303444,2020-05-07 06:16:55.562023168,415.85278,0.0
2020-05-07,19.21784,105.29131,2020-05-07 06:16:55.615010304,416.62204,0.0
2020-05-07,19.208786,105.285034,2020-05-07 06:16:55.642006528,415.56802,0.0
2020-05-07,19.19985,105.27881,2020-05-07 06:16:55.669003008,415.58075,0.0
2020-05-07,19.190928,105.27256,2020-05-07 06:16:55.695999744,416.19128,0.0
2020-05-07,19.182043,105.2663,2020-05-07 06:16:55.722995968,415.84555,0.0
2020-05-07,19.173164,105.25959,2020-05-07 06:16:55.749026816,415.33408,0.0
2020-05-07,19.245537,105.29314,2020-05-07 06:16:55.921023488,416.2439,0.0
2020-05-07,19.23646,105.28703,2020-05-07 06:16:55.948019968,415.95578,0.0
2020-05-07,19.227402,105.280785,2020-05-07 06:16:55.975016448,415.63986,0.0
2020-05-07,19.21846,105.27451,2020-05-07 06:16:56.002012672,415.17438,0.0
2020-05-07,19.209538,105.26836,2020-05-07 06:16:56.029009408,414.5527,0.0
2020-05-07,19.20065,105.262115,2020-05-07 06:16:56.056005632,415.43634,0.0
2020-05-07,19.191784,105.25568,2020-05-07 06:16:56.083002112,415.9895,0.0
2020-05-07,19.255074,105.28258,2020-05-07 06:16:56.281995264,414.91916,0.0
2020-05-07,19.246025,105.2767,2020-05-07 06:16:56.308991744,415.84067,0.0
2020-05-07,19.228146,105.26412,2020-05-07 06:16:56.363024640,416.22772,0.0
2020-05-07,19.210375,105.25131,2020-05-07 06:16:56.416011776,415.77817,0.0
2020-05-07,19.29185,105.28984,2020-05-07 06:16:56.562017792,417.10507,0.0
2020-05-07,19.28277,105.283966,2020-05-07 06:16:56.588008448,416.2677,0.0
2020-05-07,19.273691,105.27817,2020-05-07 06:16:56.615004672,417.00735,0.0
2020-05-07,19.255684,105.26573,2020-05-07 06:16:56.668997888,416.2816,0.0
2020-05-07,19.246748,105.25946,2020-05-07 06:16:56.695994112,416.25516,0.0
2020-05-07,19.237844,105.25308,2020-05-07 06:16:56.722990592,415.7705,0.0
2020-05-07,19.228977,105.246765,2020-05-07 06:16:56.749021440,415.98016,0.0
2020-05-07,19.310509,105.28518,2020-05-07 06:16:56.895027456,416.57596,0.0
2020-05-07,19.301428,105.27929,2020-05-07 06:16:56.921018112,416.00867,0.0
2020-05-07,19.292337,105.27324,2020-05-07 06:16:56.948014592,416.03238,0.0
2020-05-07,19.283272,105.267105,2020-05-07 06:16:56.975010816,416.337,0.0
2020-05-07,19.247608,105.24217,2020-05-07 06:16:57.082996480,415.76404,0.0
2020-05-07,19.329176,105.28053,2020-05-07 06:16:57.227996928,416.74652,0.0
2020-05-07,19.32009,105.274635,2020-05-07 06:16:57.254993408,417.1461,0.0
2020-05-07,19.310993,105.268585,2020-05-07 06:16:57.281989888,415.78,0.0
2020-05-07,19.292967,105.25633,2020-05-07 06:16:57.336022784,416.4784,0.0
2020-05-07,19.26622,105.23733,2020-05-07 06:16:57.416006400,416.9435,0.0
2020-05-07,19.347843,105.27589,2020-05-07 06:16:57.562012416,415.77094,0.0
2020-05-07,19.33875,105.270004,2020-05-07 06:16:57.588002816,415.88202,0.0
2020-05-07,19.32057,105.25787,2020-05-07 06:16:57.641996032,415.00757,0.0
2020-05-07,19.29373,105.239204,2020-05-07 06:16:57.723025408,416.47885,0.0
2020-05-07,19.28484,105.23286,2020-05-07 06:16:57.749016064,416.7406,0.0
2020-05-07,19.366472,105.271255,2020-05-07 06:16:57.895021824,416.25143,0.0
2020-05-07,19.357372,105.265335,2020-05-07 06:16:57.921012736,416.08148,0.0
2020-05-07,19.330212,105.24717,2020-05-07 06:16:58.002001920,415.21075,0.0
2020-05-07,19.312319,105.234535,2020-05-07 06:16:58.055994624,415.62646,0.0
2020-05-07,19.303417,105.22815,2020-05-07 06:16:58.082991104,416.2628,0.0
2020-05-07,19.3851,105.26669,2020-05-07 06:16:58.227991552,416.86063,0.0
2020-05-07,19.375996,105.260826,2020-05-07 06:16:58.254988032,415.24734,0.0
2020-05-07,19.366879,105.25475,2020-05-07 06:16:58.282024704,415.41425,0.0
2020-05-07,19.35779,105.24868,2020-05-07 06:16:58.309020928,417.13507,0.0
2020-05-07,19.348814,105.24252,2020-05-07 06:16:58.336017408,415.78647,0.0
2020-05-07,19.339848,105.236305,2020-05-07 06:16:58.363013632,416.13037,0.0
2020-05-07,19.322014,105.22371,2020-05-07 06:16:58.416000768,414.26218,0.0
2020-05-07,19.403728,105.26219,2020-05-07 06:16:58.562007040,414.8999,0.0
2020-05-07,19.39462,105.25637,2020-05-07 06:16:58.587997440,415.76324,0.0
2020-05-07,19.3855,105.250244,2020-05-07 06:16:58.614994176,416.48,0.0
2020-05-07,19.376411,105.24431,2020-05-07 06:16:58.641990400,416.85617,0.0
2020-05-07,19.367424,105.23798,2020-05-07 06:16:58.668986880,416.0533,0.0
2020-05-07,19.358456,105.23177,2020-05-07 06:16:58.696023552,415.75916,0.0
2020-05-07,19.34954,105.22583,2020-05-07 06:16:58.723020032,416.829,0.0
2020-05-07,19.340609,105.21911,2020-05-07 06:16:58.749010688,415.7068,0.0
2020-05-07,19.422377,105.2577,2020-05-07 06:16:58.895016704,416.07416,0.0
2020-05-07,19.404146,105.245895,2020-05-07 06:16:58.948003840,415.70242,0.0
2020-05-07,19.395056,105.239975,2020-05-07 06:16:58.975000064,414.80188,0.0
2020-05-07,19.386066,105.233665,2020-05-07 06:16:59.001996544,416.85507,0.0
2020-05-07,19.377079,105.22724,2020-05-07 06:16:59.028992768,416.10016,0.0
2020-05-07,19.36815,105.22116,2020-05-07 06:16:59.055989248,417.20883,0.0
2020-05-07,19.44102,105.252914,2020-05-07 06:16:59.228026368,415.7417,0.0
2020-05-07,19.4319,105.24702,2020-05-07 06:16:59.255022848,416.52948,0.0
2020-05-07,19.422789,105.241394,2020-05-07 06:16:59.282019072,414.92468,0.0
2020-05-07,19.413712,105.23585,2020-05-07 06:16:59.309015552,417.0071,0.0
2020-05-07,19.40471,105.22939,2020-05-07 06:16:59.336011776,416.80435,0.0
2020-05-07,19.395731,105.22315,2020-05-07 06:16:59.363008512,416.30267,0.0
2020-05-07,19.386774,105.2167,2020-05-07 06:16:59.388998912,416.70453,0.0
2020-05-07,19.377834,105.21005,2020-05-07 06:16:59.415995648,416.26828,0.0
2020-05-07,19.459667,105.24828,2020-05-07 06:16:59.562001408,417.03757,0.0
2020-05-07,19.450542,105.2424,2020-05-07 06:16:59.587992064,417.29745,0.0
2020-05-07,19.441446,105.23714,2020-05-07 06:16:59.614988544,415.71393,0.0
2020-05-07,19.432365,105.2313,2020-05-07 06:16:59.642025216,417.69122,0.0
2020-05-07,19.405483,105.21267,2020-05-07 06:16:59.723014656,416.38864,0.0
2020-05-07,19.396551,105.20598,2020-05-07 06:16:59.749005056,416.41635,0.0
2020-05-07,19.49726,105.23909,2020-05-07 06:17:00.228020992,416.5703,0.0
2020-05-07,19.488136,105.23316,2020-05-07 06:17:00.255017216,416.64798,0.0
2020-05-07,19.451956,105.20938,2020-05-07 06:17:00.363003136,416.25537,0.0
2020-05-07,19.443018,105.20327,2020-05-07 06:17:00.388993792,415.73557,0.0
2020-05-07,19.479696,105.210686,2020-05-07 06:17:00.669016320,415.42996,0.0
2020-05-07,19.470709,105.20461,2020-05-07 06:17:00.696012800,416.23764,0.0
2020-05-07,19.461773,105.19867,2020-05-07 06:17:00.723009024,417.0833,0.0
2020-05-07,19.45282,105.19207,2020-05-07 06:17:00.748999680,416.19617,0.0
2020-05-07,19.534815,105.22967,2020-05-07 06:17:00.895005696,416.2094,0.0
2020-05-07,19.525694,105.22421,2020-05-07 06:17:00.920996352,417.096,0.0
2020-05-07,19.516542,105.21808,2020-05-07 06:17:00.947992832,417.10538,0.0
2020-05-07,19.498415,105.20595,2020-05-07 06:17:01.002025728,417.2557,0.0
2020-05-07,19.489426,105.199936,2020-05-07 06:17:01.029022208,417.46136,0.0
2020-05-07,19.480469,105.19381,2020-05-07 06:17:01.056018944,415.40475,0.0
2020-05-07,19.471535,105.187515,2020-05-07 06:17:01.083015168,416.80145,0.0
2020-05-07,19.526161,105.20756,2020-05-07 06:17:01.309004800,416.03604,0.0
2020-05-07,19.490265,105.18318,2020-05-07 06:17:01.416024832,416.32358,0.0
2020-05-07,19.563177,105.2149,2020-05-07 06:17:01.588021504,418.05283,0.0
2020-05-07,19.554014,105.208786,2020-05-07 06:17:01.615017984,417.35138,0.0
2020-05-07,19.544893,105.20307,2020-05-07 06:17:01.642014464,417.20544,0.0
2020-05-07,19.535866,105.19686,2020-05-07 06:17:01.669010944,417.0401,0.0
2020-05-07,19.526848,105.19065,2020-05-07 06:17:01.696007168,416.05338,0.0
2020-05-07,19.517866,105.184425,2020-05-07 06:17:01.723003648,416.857,0.0
2020-05-07,19.50894,105.1785,2020-05-07 06:17:01.748994304,416.843,0.0
2020-05-07,19.591028,105.2164,2020-05-07 06:17:01.895000576,417.97745,0.0
2020-05-07,19.58187,105.2104,2020-05-07 06:17:01.920990976,416.6288,0.0
2020-05-07,19.572714,105.20462,2020-05-07 06:17:01.947987200,417.2487,0.0
2020-05-07,19.563568,105.198494,2020-05-07 06:17:01.975023872,416.70526,0.0
2020-05-07,19.554543,105.19245,2020-05-07 06:17:02.002020352,416.35678,0.0
2020-05-07,19.53654,105.1801,2020-05-07 06:17:02.056013312,416.1039,0.0
2020-05-07,19.5276,105.17406,2020-05-07 06:17:02.083009792,417.6238,0.0
2020-05-07,19.609716,105.211716,2020-05-07 06:17:02.228009984,416.54578,0.0
2020-05-07,19.591402,105.2002,2020-05-07 06:17:02.282002944,417.31284,0.0
2020-05-07,19.582258,105.19419,2020-05-07 06:17:02.308999424,417.1217,0.0
2020-05-07,19.573223,105.188065,2020-05-07 06:17:02.335995648,416.79623,0.0
2020-05-07,19.564201,105.18196,2020-05-07 06:17:02.362992384,417.91187,0.0
2020-05-07,19.555197,105.175575,2020-05-07 06:17:02.389022976,416.58505,0.0
2020-05-07,19.546244,105.16944,2020-05-07 06:17:02.416019456,417.04343,0.0
2020-05-07,19.58285,105.17746,2020-05-07 06:17:02.696001792,416.43024,0.0
2020-05-07,19.573845,105.171234,2020-05-07 06:17:02.722998016,417.57645,0.0
2020-05-07,19.564865,105.16491,2020-05-07 06:17:02.748988928,416.60495,0.0
2020-05-07,19.628708,105.19138,2020-05-07 06:17:02.948022016,416.65176,0.0
2020-05-07,19.619545,105.18532,2020-05-07 06:17:02.975018496,417.56198,0.0
2020-05-07,19.610504,105.17937,2020-05-07 06:17:03.002015232,418.65805,0.0
2020-05-07,19.592459,105.16703,2020-05-07 06:17:03.056007936,418.36325,0.0
2020-05-07,19.583464,105.16055,2020-05-07 06:17:03.083004416,417.07596,0.0
2020-05-07,19.629112,105.17495,2020-05-07 06:17:03.335990528,416.91495,0.0
2020-05-07,19.62007,105.16883,2020-05-07 06:17:03.362986752,418.30566,0.0
2020-05-07,19.611048,105.16248,2020-05-07 06:17:03.389017600,417.33908,0.0
2020-05-07,19.638689,105.16421,2020-05-07 06:17:03.695996160,417.49738,0.0
2020-05-07,19.629677,105.15797,2020-05-07 06:17:03.722992896,416.45792,0.0
2020-05-07,19.620686,105.151596,2020-05-07 06:17:03.749023744,417.1767,0.0
2020-05-07,19.702991,105.188896,2020-05-07 06:17:03.894989568,418.24918,0.0
2020-05-07,19.675568,105.17315,2020-05-07 06:17:03.975013376,418.748,0.0
2020-05-07,19.648378,105.15349,2020-05-07 06:17:04.056002560,416.85812,0.0
2020-05-07,19.639385,105.14717,2020-05-07 06:17:04.082999040,418.2555,0.0
2020-05-07,19.703382,105.17352,2020-05-07 06:17:04.281991936,416.64374,0.0
2020-05-07,19.676144,105.15585,2020-05-07 06:17:04.363021568,417.8345,0.0
2020-05-07,19.658077,105.14264,2020-05-07 06:17:04.416008448,416.19458,0.0
2020-05-07,19.731258,105.17415,2020-05-07 06:17:04.588005376,415.7878,0.0
2020-05-07,19.777576,105.170616,2020-05-07 06:17:05.227993600,418.85263,0.0
2020-05-07,19.79612,105.16568,2020-05-07 06:17:05.562009344,416.0741,0.0
2020-05-07,19.768562,105.14923,2020-05-07 06:17:05.641992448,416.40964,0.0
2020-05-07,19.741486,105.13206,2020-05-07 06:17:05.723022336,418.41455,0.0
2020-05-07,19.778946,105.12218,2020-05-07 06:17:06.389001472,417.59756,0.0
2020-05-07,19.769848,105.11502,2020-05-07 06:17:06.415997696,417.07285,0.0
2020-05-07,20.001793,105.11425,2020-05-07 06:17:09.228012288,416.91318,0.0
2020-05-07,20.020525,105.10942,2020-05-07 06:17:09.561987328,419.17697,0.0
2020-05-07,20.030031,105.09911,2020-05-07 06:17:09.920987904,417.57608,0.0
2020-05-07,20.020771,105.09355,2020-05-07 06:17:09.948024576,417.47617,0.0
2020-05-07,20.039553,105.089226,2020-05-07 06:17:10.281999616,419.57294,0.0
2020-05-07,20.086405,105.08667,2020-05-07 06:17:10.921022720,418.26608,0.0
2020-05-07,20.058659,105.06869,2020-05-07 06:17:11.002011648,417.66208,0.0
2020-05-07,20.151772,105.07714,2020-05-07 06:17:11.895026688,416.6914,0.0
2020-05-07,20.142487,105.07173,2020-05-07 06:17:11.921017088,417.80722,0.0
2020-05-07,20.1332,105.06636,2020-05-07 06:17:11.948013568,417.9688,0.0
2020-05-07,20.170443,105.07253,2020-05-07 06:17:12.227995904,417.24905,0.0
2020-05-07,20.161158,105.06722,2020-05-07 06:17:12.254992384,416.67703,0.0
2020-05-07,20.151867,105.06186,2020-05-07 06:17:12.281988864,418.49603,0.0
2020-05-07,20.14258,105.05618,2020-05-07 06:17:12.309025536,417.47943,0.0
2020-05-07,20.179832,105.06276,2020-05-07 06:17:12.588002304,417.47308,0.0
2020-05-07,20.170517,105.05708,2020-05-07 06:17:12.614998528,418.1713,0.0
2020-05-07,20.161234,105.051445,2020-05-07 06:17:12.641995008,418.02512,0.0
2020-05-07,20.152071,105.045815,2020-05-07 06:17:12.668991232,417.46707,0.0
2020-05-07,20.133821,105.034645,2020-05-07 06:17:12.723024384,418.2097,0.0
2020-05-07,20.226816,105.04364,2020-05-07 06:17:13.614993152,416.75507,0.0
2020-05-07,20.264042,105.04935,2020-05-07 06:17:13.895015680,417.95587,0.0
2020-05-07,20.217806,105.02266,2020-05-07 06:17:14.028992256,419.3024,0.0
2020-05-07,20.282692,105.04496,2020-05-07 06:17:14.228025344,417.6881,0.0
2020-05-07,20.273355,105.039406,2020-05-07 06:17:14.255021824,417.36917,0.0
2020-05-07,20.264076,105.0346,2020-05-07 06:17:14.282018304,417.80853,0.0
2020-05-07,20.301304,105.04005,2020-05-07 06:17:14.562000640,416.51547,0.0
2020-05-07,20.292004,105.03506,2020-05-07 06:17:14.587991296,417.80984,0.0
2020-05-07,20.282648,105.02935,2020-05-07 06:17:14.614987520,417.68088,0.0
2020-05-07,20.264185,105.01868,2020-05-07 06:17:14.669020672,417.60648,0.0
2020-05-07,20.310667,105.0297,2020-05-07 06:17:14.921000960,419.16147,0.0
2020-05-07,20.301336,105.02433,2020-05-07 06:17:14.947997440,419.66818,0.0
2020-05-07,20.292032,105.01893,2020-05-07 06:17:14.974993664,418.43942,0.0
2020-05-07,20.28281,105.01315,2020-05-07 06:17:15.001990400,419.0721,0.0
2020-05-07,20.30149,105.0082,2020-05-07 06:17:15.336005632,418.41806,0.0
2020-05-07,20.273975,104.99105,2020-05-07 06:17:15.415989248,417.61176,0.0
2020-05-07,20.338816,105.01556,2020-05-07 06:17:15.615022336,418.019,0.0
2020-05-07,20.32951,105.01028,2020-05-07 06:17:15.642018816,418.41812,0.0
2020-05-07,20.310966,104.99785,2020-05-07 06:17:15.696011776,416.73837,0.0
2020-05-07,20.37611,105.020996,2020-05-07 06:17:15.895004672,418.08585,0.0
2020-05-07,20.366774,105.01577,2020-05-07 06:17:15.920995584,417.07886,0.0
2020-05-07,20.338942,105.000114,2020-05-07 06:17:16.002025216,417.5376,0.0
2020-05-07,20.32965,104.99371,2020-05-07 06:17:16.029021440,418.41586,0.0
2020-05-07,20.320415,104.987526,2020-05-07 06:17:16.056017920,417.1334,0.0
2020-05-07,20.376041,105.0054,2020-05-07 06:17:16.282007552,419.80167,0.0
2020-05-07,20.366722,105.000145,2020-05-07 06:17:16.309003776,418.29926,0.0
2020-05-07,20.357492,104.99458,2020-05-07 06:17:16.336000256,416.42694,0.0
2020-05-07,20.34832,104.98941,2020-05-07 06:17:16.362996480,417.50592,0.0
2020-05-07,20.339102,104.98344,2020-05-07 06:17:16.388987392,417.81772,0.0
2020-05-07,20.385351,104.995476,2020-05-07 06:17:16.642013440,420.02167,0.0
2020-05-07,20.376083,104.98967,2020-05-07 06:17:16.669009920,418.33853,0.0
2020-05-07,20.366861,104.98418,2020-05-07 06:17:16.696006400,418.27533,0.0
2020-05-07,20.357704,104.97892,2020-05-07 06:17:16.723002880,416.36783,0.0
2020-05-07,20.432007,105.007225,2020-05-07 06:17:16.894999552,417.24115,0.0
2020-05-07,20.404003,104.992065,2020-05-07 06:17:16.975023360,419.2877,0.0
2020-05-07,20.394655,104.985435,2020-05-07 06:17:17.002019584,419.68423,0.0
2020-05-07,20.385365,104.97934,2020-05-07 06:17:17.029016064,417.98032,0.0
2020-05-07,20.376173,104.97383,2020-05-07 06:17:17.056012288,418.5841,0.0
2020-05-07,20.394669,104.96898,2020-05-07 06:17:17.389022208,418.31247,0.0
2020-05-07,20.385458,104.963066,2020-05-07 06:17:17.416018432,419.4631,0.0
2020-05-07,20.469107,104.99788,2020-05-07 06:17:17.562024704,416.86945,0.0
2020-05-07,20.459723,104.99247,2020-05-07 06:17:17.588015104,417.1032,0.0
2020-05-07,20.413244,104.96457,2020-05-07 06:17:17.722997504,417.9916,0.0
2020-05-07,20.459606,104.97705,2020-05-07 06:17:17.975017728,416.60016,0.0
2020-05-07,20.441095,104.96582,2020-05-07 06:17:18.029010432,417.24985,0.0
2020-05-07,20.42265,104.9541,2020-05-07 06:17:18.083003648,418.54123,0.0
2020-05-07,20.469051,104.96762,2020-05-07 06:17:18.335989504,419.3752,0.0
2020-05-07,20.450485,104.95549,2020-05-07 06:17:18.389016576,418.2825,0.0
2020-05-07,20.441236,104.94933,2020-05-07 06:17:18.416013312,418.13794,0.0
2020-05-07,20.524975,104.9835,2020-05-07 06:17:18.562019072,417.70566,0.0
2020-05-07,20.506186,104.97273,2020-05-07 06:17:18.615006208,416.74503,0.0
2020-05-07,20.496801,104.967224,2020-05-07 06:17:18.642002688,416.35156,0.0
2020-05-07,20.48754,104.96176,2020-05-07 06:17:18.668999168,416.84085,0.0
2020-05-07,20.478325,104.95657,2020-05-07 06:17:18.695995648,417.20477,0.0
2020-05-07,20.506205,104.95766,2020-05-07 06:17:19.002008576,417.2322,0.0
2020-05-07,20.487688,104.94624,2020-05-07 06:17:19.056001536,416.93857,0.0
2020-05-07,20.506388,104.94246,2020-05-07 06:17:19.389011456,419.14557,0.0
2020-05-07,20.524958,104.937416,2020-05-07 06:17:19.722986496,418.5882,0.0
2020-05-07,20.599598,104.96554,2020-05-07 06:17:19.895023360,417.5749,0.0
2020-05-07,20.571344,104.94886,2020-05-07 06:17:19.975006720,418.57867,0.0
2020-05-07,20.552824,104.93811,2020-05-07 06:17:20.028999680,418.2587,0.0
2020-05-07,20.54357,104.93237,2020-05-07 06:17:20.055996160,418.1748,0.0
2020-05-07,20.53431,104.92635,2020-05-07 06:17:20.082992640,417.86365,0.0
2020-05-07,20.59007,104.94467,2020-05-07 06:17:20.309022464,417.8289,0.0
2020-05-07,20.580732,104.93869,2020-05-07 06:17:20.336018688,417.23532,0.0
2020-05-07,20.57141,104.93276,2020-05-07 06:17:20.363015168,418.2643,0.0
2020-05-07,20.562172,104.92726,2020-05-07 06:17:20.389005824,418.2646,0.0
2020-05-07,20.552952,104.92162,2020-05-07 06:17:20.416002304,416.95,0.0
2020-05-07,20.674229,104.94581,2020-05-07 06:17:21.228027648,418.11584,0.0
2020-05-07,20.692904,104.94122,2020-05-07 06:17:21.562002944,418.08704,0.0
2020-05-07,20.68347,104.9359,2020-05-07 06:17:21.587993600,417.72522,0.0
2020-05-07,20.692657,104.925964,2020-05-07 06:17:21.947999488,418.31445,0.0
2020-05-07,20.683247,104.92073,2020-05-07 06:17:21.974995968,417.50647,0.0
2020-05-07,20.69257,104.910835,2020-05-07 06:17:22.336008192,417.65244,0.0
2020-05-07,20.701822,104.90051,2020-05-07 06:17:22.696013824,418.38007,0.0
2020-05-07,20.739258,104.90901,2020-05-07 06:17:22.974990592,418.83627,0.0
2020-05-07,20.729893,104.9032,2020-05-07 06:17:23.002027264,416.32565,0.0
2020-05-07,20.748476,104.899,2020-05-07 06:17:23.336002560,418.68637,0.0
2020-05-07,20.757723,104.8892,2020-05-07 06:17:23.696008704,416.7102,0.0
2020-05-07,20.748446,104.88377,2020-05-07 06:17:23.723005184,418.60864,0.0
2020-05-07,21.00857,104.86127,2020-05-07 06:17:27.227995136,419.69287,0.0
2020-05-07,20.970505,104.824646,2020-05-07 06:17:27.723023616,416.80237,0.0
2020-05-07,21.02675,104.84044,2020-05-07 06:17:27.948007424,418.42685,0.0
2020-05-07,20.989168,104.819496,2020-05-07 06:17:28.055993088,416.10468,0.0
2020-05-07,21.017393,104.82121,2020-05-07 06:17:28.363012096,421.59137,0.0
2020-05-07,21.07349,104.82331,2020-05-07 06:17:28.974998272,416.13925,0.0
2020-05-07,21.129478,104.823425,2020-05-07 06:17:29.587990272,418.91974,0.0
2020-05-07,21.119997,104.81885,2020-05-07 06:17:29.614987008,420.31476,0.0
2020-05-07,21.110476,104.81363,2020-05-07 06:17:29.642023680,420.50912,0.0
2020-05-07,21.09176,104.803764,2020-05-07 06:17:29.696016384,418.57303,0.0
2020-05-07,21.138708,104.81423,2020-05-07 06:17:29.947996416,417.58597,0.0
2020-05-07,21.129137,104.808685,2020-05-07 06:17:29.974992640,419.8709,0.0
2020-05-07,21.17646,104.819466,2020-05-07 06:17:30.228018944,417.91937,0.0
2020-05-07,21.16698,104.81487,2020-05-07 06:17:30.255015424,416.3689,0.0
2020-05-07,21.138424,104.79884,2020-05-07 06:17:30.336004608,419.1818,0.0
2020-05-07,21.128977,104.793335,2020-05-07 06:17:30.363001344,418.55255,0.0
2020-05-07,21.15717,104.79453,2020-05-07 06:17:30.669014528,418.47998,0.0
2020-05-07,21.147728,104.78908,2020-05-07 06:17:30.696010752,417.6276,0.0
2020-05-07,21.204456,104.8058,2020-05-07 06:17:30.920994560,416.34607,0.0
2020-05-07,21.175888,104.789894,2020-05-07 06:17:31.002024192,419.55096,0.0
2020-05-07,21.166456,104.78456,2020-05-07 06:17:31.029020672,418.0285,0.0
2020-05-07,21.175913,104.775536,2020-05-07 06:17:31.389026560,417.67377,0.0
2020-05-07,21.194578,104.770546,2020-05-07 06:17:31.723001856,417.47458,0.0
2020-05-14,20.987911,103.31087,2020-05-14 06:23:37.082999808,415.7731,0.0
2020-05-14,21.071194,103.29834,2020-05-14 06:23:38.389007616,415.2927,0.0
2020-05-14,21.23698,103.30687,2020-05-14 06:23:40.228023808,416.78882,0.0
2020-05-14,21.248375,103.24511,2020-05-14 06:23:41.748997120,415.87482,0.0
2020-05-14,21.267101,103.24089,2020-05-14 06:23:42.083012864,415.46207,0.0
2020-05-14,21.32155,103.26103,2020-05-14 06:23:42.309002496,415.77563,0.0
2020-05-14,21.340258,103.25632,2020-05-14 06:23:42.642011904,415.68228,0.0
2020-05-14,21.368565,103.24042,2020-05-14 06:23:43.335993344,414.41742,0.0
2020-05-14,21.359598,103.23451,2020-05-14 06:23:43.362989568,414.72272,0.0
2020-05-14,21.388056,103.21931,2020-05-14 06:23:44.056005376,414.88962,0.0
2020-05-14,21.416544,103.20413,2020-05-14 06:23:44.749021184,415.2381,0.0
2020-05-14,21.435177,103.19955,2020-05-14 06:23:45.082996480,414.9243,0.0
2020-05-14,21.489662,103.21786,2020-05-14 06:23:45.308985856,415.89566,0.0
2020-05-14,21.480642,103.21195,2020-05-14 06:23:45.336022528,414.80167,0.0
2020-05-14,21.471632,103.20595,2020-05-14 06:23:45.363019008,416.1767,0.0
2020-05-14,21.46268,103.2002,2020-05-14 06:23:45.389009664,414.5232,0.0
2020-05-14,21.517984,103.20258,2020-05-14 06:23:46.002001664,415.76114,0.0
2020-05-14,21.508955,103.196434,2020-05-14 06:23:46.028998144,415.9477,0.0
2020-05-14,21.582745,103.21097,2020-05-14 06:23:46.587997440,416.1876,0.0
2020-05-14,21.564419,103.199394,2020-05-14 06:23:46.641990144,415.98267,0.0
2020-05-14,21.555387,103.193596,2020-05-14 06:23:46.668986880,416.62482,0.0
2020-05-14,21.592236,103.20038,2020-05-14 06:23:46.948003584,416.76605,0.0
2020-05-14,21.583082,103.19461,2020-05-14 06:23:46.974999808,416.44397,0.0
2020-05-14,21.601753,103.189926,2020-05-14 06:23:47.309015296,416.5951,0.0
2020-05-30,18.831137,105.464905,2020-05-30 06:22:59.722993152,414.9819,0.0
2020-05-30,18.871347,105.45559,2020-05-30 06:23:00.389012224,414.90982,0.0
2020-05-30,18.864723,105.447,2020-05-30 06:23:00.416008960,416.48575,0.0
2020-05-30,19.368176,105.39112,2020-05-30 06:23:07.921017344,415.6664,0.0
2020-05-30,19.41564,105.38961,2020-05-30 06:23:08.562011648,419.05447,0.0
2020-05-30,19.39439,105.36519,2020-05-30 06:23:08.641995264,416.96725,0.0
2020-05-30,19.400663,105.34399,2020-05-30 06:23:09.028997632,416.90924,0.0
2020-06-01,11.341548,108.86192,2020-06-01 06:08:17.228001024,417.2681,0.0
2020-06-01,11.337398,108.8506,2020-06-01 06:08:17.254997504,416.86246,0.0
2020-06-01,11.333098,108.83951,2020-06-01 06:08:17.281993984,416.21033,0.0
2020-06-01,11.32875,108.828545,2020-06-01 06:08:17.308990464,418.68552,0.0
2020-06-01,11.3248205,108.81711,2020-06-01 06:08:17.336027136,416.9679,0.0
2020-06-01,11.312912,108.7833,2020-06-01 06:08:17.416010496,417.6053,0.0
2020-06-01,11.355559,108.847404,2020-06-01 06:08:17.588007168,416.84225,0.0
2020-06-01,11.343226,108.813515,2020-06-01 06:08:17.668996352,424.74112,0.0
2020-06-01,11.339416,108.80189,2020-06-01 06:08:17.695992832,425.00128,0.0
2020-06-01,11.331602,108.7792,2020-06-01 06:08:17.749020160,432.5198,0.0
2020-06-01,11.378478,108.854485,2020-06-01 06:08:17.895026176,415.82648,0.0
2020-06-01,11.373837,108.843956,2020-06-01 06:08:17.921016576,416.35318,0.0
2020-06-01,11.3696165,108.832726,2020-06-01 06:08:17.948013312,417.6125,0.0
2020-06-01,11.365458,108.821434,2020-06-01 06:08:17.975009792,421.10486,0.0
2020-06-01,11.357467,108.798775,2020-06-01 06:08:18.029002752,426.48578,0.0
2020-06-01,11.383861,108.81766,2020-06-01 06:08:18.309025280,422.16675,0.0
2020-06-01,11.376019,108.79474,2020-06-01 06:08:18.363017984,424.4279,0.0
2020-06-01,11.368317,108.77182,2020-06-01 06:08:18.416005120,419.26767,0.0
2020-06-01,11.416527,108.844925,2020-06-01 06:08:18.562011136,416.13403,0.0
2020-06-01,11.407705,108.823044,2020-06-01 06:08:18.614998016,420.22647,0.0
2020-06-01,11.435221,108.84071,2020-06-01 06:08:18.895020800,416.54123,0.0
2020-06-01,11.426478,108.818695,2020-06-01 06:08:18.948007936,416.0292,0.0
2020-06-01,11.454005,108.83641,2020-06-01 06:08:19.227990272,415.01788,0.0
2020-06-01,11.44961,108.82545,2020-06-01 06:08:19.254986752,416.43597,0.0
2020-06-01,11.445258,108.81439,2020-06-01 06:08:19.282023424,417.44135,0.0
2020-06-01,11.472791,108.832115,2020-06-01 06:08:19.562005760,416.95792,0.0
2020-06-01,11.468368,108.82119,2020-06-01 06:08:19.587996160,415.84387,0.0
2020-06-01,11.491502,108.82795,2020-06-01 06:08:19.895015168,415.8348,0.0
2020-06-01,11.487097,108.816986,2020-06-01 06:08:19.921006080,416.26865,0.0
2020-06-01,11.482749,108.805916,2020-06-01 06:08:19.948002304,417.16248,0.0
2020-06-01,11.510052,108.82405,2020-06-01 06:08:20.228024832,416.06372,0.0
2020-06-01,11.505707,108.81299,2020-06-01 06:08:20.255021568,415.91953,0.0
2020-06-01,11.501369,108.801895,2020-06-01 06:08:20.282018048,416.26068,0.0
2020-06-01,11.492907,108.77968,2020-06-01 06:08:20.336010752,417.15048,0.0
2020-06-01,11.604064,108.80273,2020-06-01 06:08:21.895004416,414.3577,0.0
2020-06-01,11.5995245,108.79193,2020-06-01 06:08:21.920995328,415.14896,0.0
2020-06-01,11.595147,108.78085,2020-06-01 06:08:21.947991552,414.5699,0.0
2020-06-01,11.622633,108.79857,2020-06-01 06:08:22.228014336,414.80692,0.0
2020-06-01,11.618115,108.78773,2020-06-01 06:08:22.255010560,414.6748,0.0
2020-06-01,11.613675,108.77675,2020-06-01 06:08:22.282007040,414.44125,0.0
2020-06-01,11.640775,108.79512,2020-06-01 06:08:22.561989376,414.27463,0.0
2020-06-01,11.659792,108.79029,2020-06-01 06:08:22.894999040,414.802,0.0
2020-06-01,11.655308,108.7794,2020-06-01 06:08:22.920989696,416.03085,0.0
2020-06-01,11.650875,108.76842,2020-06-01 06:08:22.948026368,415.40378,0.0
2020-06-01,11.646131,108.75801,2020-06-01 06:08:22.975022848,416.75528,0.0
2020-06-01,11.678511,108.786125,2020-06-01 06:08:23.228008704,414.96228,0.0
2020-06-01,11.674037,108.775215,2020-06-01 06:08:23.255005184,414.77386,0.0
2020-06-01,11.669365,108.764626,2020-06-01 06:08:23.282001408,416.38715,0.0
2020-06-01,11.692718,108.77111,2020-06-01 06:08:23.588014848,416.87543,0.0
2020-06-01,11.688305,108.76007,2020-06-01 06:08:23.615011328,415.05817,0.0
2020-06-01,11.683962,108.74896,2020-06-01 06:08:23.642007808,414.3602,0.0
2020-06-01,11.679722,108.737915,2020-06-01 06:08:23.669004288,413.68124,0.0
2020-06-01,11.715966,108.777725,2020-06-01 06:08:23.894993664,415.12335,0.0
2020-06-01,11.711441,108.76688,2020-06-01 06:08:23.921024512,415.38977,0.0
2020-06-01,11.734528,108.77366,2020-06-01 06:08:24.228003328,415.35965,0.0
2020-06-01,11.730004,108.762794,2020-06-01 06:08:24.254999552,415.54672,0.0
2020-06-01,11.725561,108.751785,2020-06-01 06:08:24.281996288,415.61832,0.0
2020-06-01,11.721191,108.74069,2020-06-01 06:08:24.308992512,415.711,0.0
2020-06-01,11.716921,108.72967,2020-06-01 06:08:24.335988992,416.47427,0.0
2020-06-01,11.7127,108.71859,2020-06-01 06:08:24.363025664,415.42474,0.0
2020-06-01,11.753101,108.76957,2020-06-01 06:08:24.562018816,416.48474,0.0
2020-06-01,11.74858,108.758705,2020-06-01 06:08:24.588009472,416.11227,0.0
2020-06-01,11.744143,108.74767,2020-06-01 06:08:24.615005952,415.2445,0.0
2020-06-01,11.739756,108.73661,2020-06-01 06:08:24.642002432,416.28705,0.0
2020-06-01,11.735487,108.72557,2020-06-01 06:08:24.668998656,416.04263,0.0
2020-06-01,11.731271,108.71448,2020-06-01 06:08:24.695995136,416.06384,0.0
2020-06-01,11.727143,108.7033,2020-06-01 06:08:24.722991360,415.54913,0.0
2020-06-01,11.722989,108.69225,2020-06-01 06:08:24.749022464,416.10165,0.0
2020-06-01,11.76271,108.74359,2020-06-01 06:08:24.948015360,415.84485,0.0
2020-06-01,11.7540865,108.72142,2020-06-01 06:08:25.002008320,416.04462,0.0
2020-06-01,11.741616,108.688034,2020-06-01 06:08:25.082997760,412.50937,0.0
2020-06-01,11.790358,108.76123,2020-06-01 06:08:25.227997696,415.8229,0.0
2020-06-01,11.781345,108.7394,2020-06-01 06:08:25.281990656,415.3943,0.0
2020-06-01,11.804492,108.74613,2020-06-01 06:08:25.588004096,415.80414,0.0
2020-06-01,11.800005,108.73517,2020-06-01 06:08:25.615000576,414.58127,0.0
2020-06-01,11.837274,108.72677,2020-06-01 06:08:26.282025472,416.93808,0.0
2020-06-01,12.495176,108.54325,2020-06-01 06:08:38.362989824,415.75772,0.0
2020-06-01,12.555546,108.58941,2020-06-01 06:08:38.894992896,415.97974,0.0
2020-06-01,12.587947,108.570244,2020-06-01 06:08:39.588008448,416.9834,0.0
2020-06-01,12.583319,108.55921,2020-06-01 06:08:39.615004928,415.2819,0.0
2020-06-01,12.8495455,108.46304,2020-06-01 06:08:44.696007168,415.91357,0.0
2020-06-01,13.198972,108.372734,2020-06-01 06:08:51.056021248,415.37912,0.0
2020-06-01,13.330621,108.39038,2020-06-01 06:08:52.948024576,417.8945,0.0
2020-06-01,13.400978,108.36152,2020-06-01 06:08:54.308990976,414.81683,0.0
2020-06-01,13.6059065,108.31411,2020-06-01 06:08:57.974993920,414.7792,0.0
2020-06-01,13.619635,108.29921,2020-06-01 06:08:58.336005632,415.04462,0.0
2020-06-01,13.658557,108.33729,2020-06-01 06:08:58.561995264,411.67276,0.0
2020-06-01,13.628676,108.2733,2020-06-01 06:08:58.723008512,414.2612,0.0
2020-06-01,13.672067,108.322525,2020-06-01 06:08:58.920995840,413.75198,0.0
2020-06-01,13.666868,108.3121,2020-06-01 06:08:58.947992064,414.05234,0.0
2020-06-01,13.66172,108.30163,2020-06-01 06:08:58.974988544,414.60812,0.0
2020-06-01,13.656966,108.29062,2020-06-01 06:08:59.002025216,413.07843,0.0
2020-06-01,13.652089,108.27989,2020-06-01 06:08:59.029021440,412.97852,0.0
2020-06-01,13.680306,108.297516,2020-06-01 06:08:59.309003776,414.6416,0.0
2020-06-01,13.670538,108.27605,2020-06-01 06:08:59.362996736,414.12692,0.0
2020-06-01,13.661106,108.254166,2020-06-01 06:08:59.416024320,415.02554,0.0
2020-06-01,14.087314,108.24042,2020-06-01 06:09:06.228016896,415.1862,0.0
2020-06-01,14.106099,108.23606,2020-06-01 06:09:06.561992192,414.03674,0.0
2020-06-01,14.100865,108.22555,2020-06-01 06:09:06.588023040,413.1054,0.0
2020-06-01,14.095521,108.21524,2020-06-01 06:09:06.615019264,414.26138,0.0
2020-06-01,14.124858,108.231766,2020-06-01 06:09:06.895001856,414.801,0.0
2020-06-01,14.151794,108.20233,2020-06-01 06:09:07.615014144,415.8409,0.0
2020-06-01,14.175836,108.20854,2020-06-01 06:09:07.920987136,412.9803,0.0
2020-06-01,14.170485,108.19823,2020-06-01 06:09:07.948023808,415.32706,0.0
2020-06-01,14.189301,108.19393,2020-06-01 06:09:08.281998848,415.16583,0.0
2020-06-01,14.216601,108.164055,2020-06-01 06:09:09.002011136,412.872,0.0
2020-06-01,14.201575,108.1321,2020-06-01 06:09:09.083000320,417.13602,0.0
2020-06-01,14.230137,108.14924,2020-06-01 06:09:09.363023104,414.02042,0.0
2020-06-01,14.225128,108.13859,2020-06-01 06:09:09.389013760,415.04572,0.0
2020-06-01,14.220173,108.12789,2020-06-01 06:09:09.416010240,416.26093,0.0
2020-06-01,14.25897,108.16614,2020-06-01 06:09:09.641999616,413.29077,0.0
2020-06-01,14.248725,108.14508,2020-06-01 06:09:09.695992576,414.79343,0.0
2020-06-01,14.243738,108.13436,2020-06-01 06:09:09.722988800,413.88477,0.0
2020-06-01,14.238739,108.123764,2020-06-01 06:09:09.749019648,415.906,0.0
2020-06-01,14.277561,108.16192,2020-06-01 06:09:09.975009280,413.39093,0.0
2020-06-01,14.272348,108.15155,2020-06-01 06:09:10.002005504,417.0125,0.0
2020-06-01,14.267218,108.14104,2020-06-01 06:09:10.029002240,417.23575,0.0
2020-06-01,14.262331,108.13007,2020-06-01 06:09:10.055998464,415.64545,0.0
2020-06-01,14.257387,108.11932,2020-06-01 06:09:10.082994944,414.86157,0.0
2020-06-01,14.312122,108.18899,2020-06-01 06:09:10.227995136,413.72617,0.0
2020-06-01,14.301355,108.168304,2020-06-01 06:09:10.281988096,417.72778,0.0
2020-06-01,14.280913,108.12578,2020-06-01 06:09:10.389008384,414.8791,0.0
2020-06-01,14.275977,108.115,2020-06-01 06:09:10.416004608,415.468,0.0
2020-06-01,14.299557,108.12134,2020-06-01 06:09:10.723023616,415.6935,0.0
2020-06-01,14.294619,108.11055,2020-06-01 06:09:10.749014272,415.7894,0.0
2020-06-01,14.323128,108.127655,2020-06-01 06:09:11.028996608,416.09302,0.0
2020-06-01,14.318094,108.11697,2020-06-01 06:09:11.055993088,415.14008,0.0
2020-06-01,14.313087,108.10631,2020-06-01 06:09:11.082989568,416.53314,0.0
2020-06-01,14.331636,108.10184,2020-06-01 06:09:11.415999232,416.87915,0.0
2020-06-01,15.751765,107.85183,2020-06-01 06:09:35.895005440,414.98962,0.0
2020-06-01,15.745858,107.84186,2020-06-01 06:09:35.920996096,414.1189,0.0
2020-06-01,15.739993,107.831764,2020-06-01 06:09:35.947992576,414.82852,0.0
2020-06-01,15.7341585,107.82166,2020-06-01 06:09:35.974989056,414.27032,0.0
2020-06-01,15.77038,107.84764,2020-06-01 06:09:36.228015104,413.2076,0.0
2020-06-01,15.758674,107.8274,2020-06-01 06:09:36.282007808,414.88342,0.0
2020-06-01,16.274324,107.729225,2020-06-01 06:09:45.228006656,414.02667,0.0
2020-06-01,16.26826,107.719315,2020-06-01 06:09:45.255002880,414.98178,0.0
2020-06-01,16.262188,107.7094,2020-06-01 06:09:45.281999360,413.80893,0.0
2020-06-01,16.256184,107.69937,2020-06-01 06:09:45.308995840,414.02878,0.0
2020-06-01,16.250265,107.68946,2020-06-01 06:09:45.335992320,414.84024,0.0
2020-06-01,16.286985,107.714836,2020-06-01 06:09:45.588012800,414.23212,0.0
2020-06-01,16.280891,107.70496,2020-06-01 06:09:45.615009024,414.31418,0.0
2020-06-01,16.274864,107.694984,2020-06-01 06:09:45.642005504,414.6461,0.0
2020-06-01,16.268946,107.68505,2020-06-01 06:09:45.669001984,414.89554,0.0
2020-06-01,16.311832,107.72018,2020-06-01 06:09:45.894991360,415.33185,0.0
2020-06-01,16.299604,107.700554,2020-06-01 06:09:45.948018688,414.18887,0.0
2020-06-01,16.28765,107.68067,2020-06-01 06:09:46.002011648,414.42014,0.0
2020-06-01,16.368118,107.706825,2020-06-01 06:09:46.895026176,414.27994,0.0
2020-06-01,16.361958,107.6971,2020-06-01 06:09:46.921016832,413.44278,0.0
2020-06-01,16.386778,107.70248,2020-06-01 06:09:47.227995648,416.2925,0.0
2020-06-01,16.374493,107.68288,2020-06-01 06:09:47.281988608,414.421,0.0
2020-06-01,16.405445,107.698105,2020-06-01 06:09:47.562011136,413.99017,0.0
2020-06-01,16.399277,107.68837,2020-06-01 06:09:47.588001792,412.49023,0.0
2020-06-01,16.393145,107.67852,2020-06-01 06:09:47.614998272,414.90698,0.0
2020-06-01,16.386961,107.66889,2020-06-01 06:09:47.641994752,415.43658,0.0
2020-06-01,16.369364,107.63859,2020-06-01 06:09:47.723024128,412.8599,0.0
2020-06-01,16.424124,107.69371,2020-06-01 06:09:47.895021056,414.17032,0.0
2020-06-01,16.417946,107.68399,2020-06-01 06:09:47.921011456,414.62323,0.0
2020-06-01,16.405724,107.664215,2020-06-01 06:09:47.975004160,414.5267,0.0
2020-06-01,16.387976,107.634285,2020-06-01 06:09:48.055993600,413.7825,0.0
2020-06-01,16.382175,107.624176,2020-06-01 06:09:48.082990080,414.92416,0.0
2020-06-01,16.442793,107.68933,2020-06-01 06:09:48.227990272,413.25925,0.0
2020-06-01,16.436611,107.6796,2020-06-01 06:09:48.255026944,413.60248,0.0
2020-06-01,16.430464,107.66977,2020-06-01 06:09:48.282023424,414.0162,0.0
2020-06-01,16.424377,107.659836,2020-06-01 06:09:48.309019904,414.39017,0.0
2020-06-01,16.4184,107.649956,2020-06-01 06:09:48.336016128,414.57318,0.0
2020-06-01,16.41247,107.63997,2020-06-01 06:09:48.363012864,414.03845,0.0
2020-06-01,16.40661,107.62992,2020-06-01 06:09:48.389003264,413.55045,0.0
2020-06-01,16.400808,107.6198,2020-06-01 06:09:48.415999744,414.78564,0.0
2020-06-01,16.46146,107.68496,2020-06-01 06:09:48.562005760,413.9572,0.0
2020-06-01,16.45527,107.67524,2020-06-01 06:09:48.587996416,413.8837,0.0
2020-06-01,16.449118,107.665405,2020-06-01 06:09:48.614992896,413.95618,0.0
2020-06-01,16.443024,107.65549,2020-06-01 06:09:48.641989120,413.46906,0.0
2020-06-01,16.43705,107.64558,2020-06-01 06:09:48.668985600,414.12567,0.0
2020-06-01,16.431112,107.6356,2020-06-01 06:09:48.696022272,413.98737,0.0
2020-06-01,16.425232,107.625595,2020-06-01 06:09:48.723018752,413.96698,0.0
2020-06-01,16.419407,107.61552,2020-06-01 06:09:48.749009408,414.21164,0.0
2020-06-01,16.48013,107.68057,2020-06-01 06:09:48.895015424,414.2097,0.0
2020-06-01,16.455698,107.64119,2020-06-01 06:09:49.001995264,414.12146,0.0
2020-06-01,16.449762,107.63119,2020-06-01 06:09:49.028991744,414.5211,0.0
2020-06-01,16.438055,107.61108,2020-06-01 06:09:49.083024896,415.129,0.0
2020-06-01,16.48034,107.646675,2020-06-01 06:09:49.309014272,414.66846,0.0
2020-06-01,16.46841,107.62678,2020-06-01 06:09:49.363007232,414.2942,0.0
2020-06-01,16.493008,107.632355,2020-06-01 06:09:49.669020416,413.31183,0.0
2020-06-01,16.499794,107.60797,2020-06-01 06:09:50.056023040,412.55103,0.0
2020-06-01,16.524323,107.61365,2020-06-01 06:09:50.363001856,412.26663,0.0
2020-06-01,16.518417,107.60363,2020-06-01 06:09:50.388992256,412.27222,0.0
2020-06-01,16.512566,107.59355,2020-06-01 06:09:50.415988992,413.2176,0.0
2020-06-01,16.537039,107.59928,2020-06-01 06:09:50.723008000,413.1522,0.0
2020-06-01,16.531181,107.58922,2020-06-01 06:09:50.748998656,413.28635,0.0
2020-06-01,16.549856,107.58486,2020-06-01 06:09:51.083013888,413.15274,0.0
2020-06-01,20.645437,106.673485,2020-06-01 06:11:03.228025856,412.92767,0.0
2020-06-01,20.61822,106.61886,2020-06-01 06:11:03.723014400,415.34323,0.0
2020-06-01,20.610754,106.61029,2020-06-01 06:11:03.749004800,414.92813,0.0
2020-06-01,20.67493,106.65615,2020-06-01 06:11:03.921001472,414.72095,0.0
2020-06-01,20.701292,106.65979,2020-06-01 06:11:04.228020736,414.1649,0.0
2020-06-01,20.685753,106.6435,2020-06-01 06:11:04.282013440,415.3589,0.0
2020-06-01,20.678032,106.6352,2020-06-01 06:11:04.309009920,413.3011,0.0
2020-06-01,20.655333,106.610016,2020-06-01 06:11:04.388993280,414.41516,0.0
2020-06-01,20.64785,106.60147,2020-06-01 06:11:04.415989760,413.5531,0.0
2020-06-01,20.719885,106.65534,2020-06-01 06:11:04.561996032,413.93787,0.0
2020-06-01,20.712101,106.64726,2020-06-01 06:11:04.588026880,415.27847,0.0
2020-06-01,20.704332,106.63907,2020-06-01 06:11:04.615023104,414.19885,0.0
2020-06-01,20.696604,106.63078,2020-06-01 06:11:04.642019584,415.3491,0.0
2020-06-01,20.688997,106.622475,2020-06-01 06:11:04.669015808,414.5525,0.0
2020-06-01,20.681416,106.61408,2020-06-01 06:11:04.696012544,415.57962,0.0
2020-06-01,20.673883,106.60561,2020-06-01 06:11:04.723008768,414.9121,0.0
2020-06-01,20.666395,106.597084,2020-06-01 06:11:04.748999680,413.25647,0.0
2020-06-01,20.72289,106.634575,2020-06-01 06:11:04.947992576,413.5165,0.0
2020-06-01,20.684898,106.59257,2020-06-01 06:11:05.083014912,414.2867,0.0
2020-06-08,11.158887,107.354774,2020-06-08 06:14:23.336013312,416.86072,0.0
2020-06-08,11.167032,107.316,2020-06-08 06:14:23.749006336,414.0009,0.0
2020-06-08,21.636154,104.90947,2020-06-08 06:17:30.282011904,414.30588,0.0
2020-07-17,10.317461,106.1608,2020-07-17 06:20:11.254987264,412.808,0.0
2020-07-17,10.313452,106.14967,2020-07-17 06:20:11.282023936,410.4437,0.0
2020-07-17,10.406613,106.12884,2020-07-17 06:20:12.947997696,412.34723,0.0
2020-07-17,10.41751,106.10229,2020-07-17 06:20:13.336005632,413.70337,0.0
2020-07-17,10.413728,106.09106,2020-07-17 06:20:13.363002368,412.65085,0.0
2020-07-17,10.4923315,106.08544,2020-07-17 06:20:14.669010176,416.2439,0.0
2020-07-17,10.556479,106.095215,2020-07-17 06:20:15.615011584,415.41223,0.0
2020-07-17,10.548597,106.07292,2020-07-17 06:20:15.669004800,410.64667,0.0
2020-07-17,10.575261,106.09099,2020-07-17 06:20:15.948021504,415.16678,0.0
2020-07-17,10.594,106.086784,2020-07-17 06:20:16.281996800,415.5126,0.0
2020-07-17,10.612603,106.08261,2020-07-17 06:20:16.615006464,414.55652,0.0
2020-07-17,10.6085825,106.07144,2020-07-17 06:20:16.642002944,415.84943,0.0
2020-07-17,10.645768,106.06311,2020-07-17 06:20:17.308987648,414.2783,0.0
2020-07-17,10.668366,106.0701,2020-07-17 06:20:17.615001088,414.61935,0.0
2020-07-17,10.686898,106.06597,2020-07-17 06:20:17.948010496,414.33667,0.0
2020-07-17,10.709613,106.07288,2020-07-17 06:20:18.254989312,414.85114,0.0
2020-07-17,10.720143,106.04653,2020-07-17 06:20:18.641991936,413.0707,0.0
2020-07-17,10.761662,106.04931,2020-07-17 06:20:19.282020608,413.28845,0.0
2020-07-17,10.757571,106.0382,2020-07-17 06:20:19.309017088,414.50226,0.0
2020-07-17,10.753599,106.02713,2020-07-17 06:20:19.336013568,414.60645,0.0
2020-07-17,10.780302,106.04522,2020-07-17 06:20:19.614990080,413.9024,0.0
2020-07-17,10.776206,106.03412,2020-07-17 06:20:19.642026752,415.63953,0.0
2020-07-17,10.772226,106.02305,2020-07-17 06:20:19.669022976,415.5546,0.0
2020-07-17,10.768309,106.0119,2020-07-17 06:20:19.696019712,414.5276,0.0
2020-07-17,10.8031225,106.052155,2020-07-17 06:20:19.921003264,415.11575,0.0
2020-07-17,10.7989435,106.04113,2020-07-17 06:20:19.947999744,414.3557,0.0
2020-07-17,10.794841,106.03003,2020-07-17 06:20:19.974995968,414.33316,0.0
2020-07-17,10.790854,106.01897,2020-07-17 06:20:20.001992704,415.77856,0.0
2020-07-17,10.813519,106.025894,2020-07-17 06:20:20.309011712,415.0969,0.0
2020-07-17,10.809537,106.01482,2020-07-17 06:20:20.336008192,415.12628,0.0
2020-07-17,10.805616,106.00367,2020-07-17 06:20:20.363004416,415.96954,0.0
2020-07-17,10.857991,105.97981,2020-07-17 06:20:21.388989696,414.73752,0.0
2020-07-26,10.522747,108.947365,2020-07-26 06:14:17.642018816,415.59433,0.0
2020-07-26,10.542786,108.94302,2020-07-26 06:14:17.974988288,413.25635,0.0
2020-07-26,11.250345,108.74481,2020-07-26 06:14:30.082989312,413.65207,0.0
2020-07-26,11.270359,108.74047,2020-07-26 06:14:30.415998976,413.7111,0.0
2020-07-26,11.315304,108.74162,2020-07-26 06:14:31.055987456,412.9247,0.0
2020-07-26,11.310528,108.73174,2020-07-26 06:14:31.083024128,412.5507,0.0
2020-07-26,11.415509,108.76331,2020-07-26 06:14:32.282011648,412.34158,0.0
2020-07-26,11.445979,108.778206,2020-07-26 06:14:32.561993984,412.6247,0.0
2020-07-26,11.4407625,108.76865,2020-07-26 06:14:32.588025088,411.5598,0.0
2020-07-26,11.435596,108.758995,2020-07-26 06:14:32.615021568,412.35672,0.0
2020-07-26,11.430496,108.74926,2020-07-26 06:14:32.642017792,412.03943,0.0
2020-07-26,11.455753,108.754654,2020-07-26 06:14:32.947990784,412.022,0.0
2020-07-26,11.486319,108.76951,2020-07-26 06:14:33.228013568,411.97556,0.0
2020-07-26,11.481092,108.75996,2020-07-26 06:14:33.255009792,412.0688,0.0
2020-07-26,11.657148,108.71137,2020-07-26 06:14:36.281990144,412.4979,0.0
2020-07-26,12.403032,108.547226,2020-07-26 06:14:48.615014912,414.45227,0.0
2020-07-26,12.434226,108.561554,2020-07-26 06:14:48.894997504,412.14276,0.0
2020-07-26,12.51763,108.51166,2020-07-26 06:14:50.642000640,412.2277,0.0
2020-07-26,12.597988,108.49414,2020-07-26 06:14:51.975004928,411.98013,0.0
2020-07-26,12.649508,108.50399,2020-07-26 06:14:52.587996928,410.76022,0.0
2020-07-26,12.658461,108.4808,2020-07-26 06:14:52.974999552,411.57678,0.0
2020-07-26,12.702702,108.43925,2020-07-26 06:14:54.056023552,408.69217,0.0
2020-07-26,12.776155,108.48682,2020-07-26 06:14:54.561995520,410.0419,0.0
2020-07-26,12.737721,108.4209,2020-07-26 06:14:54.748999168,414.14987,0.0
2020-07-26,12.796235,108.482346,2020-07-26 06:14:54.895005184,411.64865,0.0
2020-07-26,12.757728,108.41646,2020-07-26 06:14:55.083014656,411.49463,0.0
2020-07-26,12.808524,108.426575,2020-07-26 06:14:55.696006656,412.63663,0.0
2020-07-26,13.517452,108.313705,2020-07-26 06:15:06.921011200,412.11404,0.0
2020-07-26,13.505712,108.29534,2020-07-26 06:15:06.975004160,410.28046,0.0
2020-07-26,13.537678,108.30911,2020-07-26 06:15:07.255026944,411.84354,0.0
2020-07-26,13.5317745,108.29998,2020-07-26 06:15:07.282023168,410.56912,0.0
2020-07-26,13.520199,108.28156,2020-07-26 06:15:07.336015872,410.9105,0.0
2020-07-26,13.508893,108.26298,2020-07-26 06:15:07.389003008,412.7722,0.0
2020-07-26,13.529101,108.258446,2020-07-26 06:15:07.723018752,411.4765,0.0
2020-07-26,13.523526,108.24909,2020-07-26 06:15:07.749009152,412.08426,0.0
2020-07-26,13.549337,108.253944,2020-07-26 06:15:08.055987712,410.71786,0.0
2020-07-26,13.543755,108.2446,2020-07-26 06:15:08.083024384,412.7568,0.0
2020-07-26,13.60441,108.304474,2020-07-26 06:15:08.228024832,411.02942,0.0
2020-07-26,13.59253,108.286354,2020-07-26 06:15:08.282017792,414.02463,0.0
2020-07-26,13.586664,108.27716,2020-07-26 06:15:08.309014016,412.98892,0.0
2020-07-26,13.569573,108.24944,2020-07-26 06:15:08.388997632,409.714,0.0
2020-07-26,13.563984,108.240105,2020-07-26 06:15:08.415994112,411.7727,0.0
2020-07-26,13.62469,108.29994,2020-07-26 06:15:08.562000128,413.50443,0.0
2020-07-26,13.618727,108.29094,2020-07-26 06:15:08.587990784,411.96768,0.0
2020-07-26,13.612789,108.28184,2020-07-26 06:15:08.614987008,411.77487,0.0
2020-07-26,13.58972,108.24499,2020-07-26 06:15:08.723013120,413.07498,0.0
2020-07-26,13.584103,108.23567,2020-07-26 06:15:08.749003776,411.61057,0.0
2020-07-26,13.63876,108.28653,2020-07-26 06:15:08.921000448,412.11624,0.0
2020-07-26,13.664768,108.2911,2020-07-26 06:15:09.228019456,413.73117,0.0
2020-07-26,13.658779,108.28213,2020-07-26 06:15:09.255015936,412.2857,0.0
2020-07-26,13.652815,108.27305,2020-07-26 06:15:09.282012160,413.40158,0.0
2020-07-26,13.704972,108.28217,2020-07-26 06:15:09.895004160,411.1159,0.0
2020-07-26,13.704576,108.20901,2020-07-26 06:15:10.748993024,414.31186,0.0
2020-07-26,14.26947,108.156075,2020-07-26 06:15:19.228005376,413.85684,0.0
2020-07-26,14.283546,108.14258,2020-07-26 06:15:19.588011520,415.4058,0.0
2020-07-26,14.277409,108.1337,2020-07-26 06:15:19.615008000,415.13608,0.0
2020-07-26,14.25341,108.09757,2020-07-26 06:15:19.722993664,413.50223,0.0
2020-07-26,14.247573,108.088455,2020-07-26 06:15:19.749024512,413.7815,0.0
2020-07-26,14.309931,108.146805,2020-07-26 06:15:19.894990336,413.62546,0.0
2020-07-26,14.273537,108.09304,2020-07-26 06:15:20.056003328,414.22195,0.0
2020-07-26,14.267693,108.08393,2020-07-26 06:15:20.082999808,414.9876,0.0
2020-07-26,14.323885,108.13345,2020-07-26 06:15:20.254996224,416.55118,0.0
2020-07-26,14.293662,108.08851,2020-07-26 06:15:20.389012992,413.1957,0.0
2020-07-26,14.350281,108.13768,2020-07-26 06:15:20.562015488,414.94998,0.0
2020-07-26,14.344053,108.1289,2020-07-26 06:15:20.588006144,414.7762,0.0
2020-07-26,14.331725,108.11107,2020-07-26 06:15:20.641999104,414.2223,0.0
2020-07-26,14.31378,108.084015,2020-07-26 06:15:20.722988032,414.6714,0.0
2020-07-26,14.370438,108.133194,2020-07-26 06:15:20.895025152,414.01376,0.0
2020-07-26,14.364194,108.12442,2020-07-26 06:15:20.921015808,413.68726,0.0
2020-07-26,14.3580065,108.11556,2020-07-26 06:15:20.948012032,414.50763,0.0
2020-07-26,14.35185,108.106606,2020-07-26 06:15:20.975008512,412.9892,0.0
2020-07-26,14.345813,108.097664,2020-07-26 06:15:21.002004992,414.4974,0.0
2020-07-26,14.339818,108.08864,2020-07-26 06:15:21.029001472,414.4799,0.0
2020-07-26,14.333881,108.079575,2020-07-26 06:15:21.055997952,413.14487,0.0
2020-07-26,14.328011,108.07048,2020-07-26 06:15:21.082994432,413.55576,0.0
2020-07-26,14.390583,108.128716,2020-07-26 06:15:21.227994368,413.53693,0.0
2020-07-26,14.384335,108.11995,2020-07-26 06:15:21.254991104,413.03305,0.0
2020-07-26,14.378139,108.1111,2020-07-26 06:15:21.281987328,413.294,0.0
2020-07-26,14.371974,108.10215,2020-07-26 06:15:21.309024000,413.94376,0.0
2020-07-26,14.36593,108.09321,2020-07-26 06:15:21.336020480,412.84583,0.0
2020-07-26,14.359928,108.08419,2020-07-26 06:15:21.363016960,415.01743,0.0
2020-07-26,14.353983,108.075134,2020-07-26 06:15:21.389007616,414.3559,0.0
2020-07-26,14.348105,108.06605,2020-07-26 06:15:21.416003840,413.6793,0.0
2020-07-26,14.410728,108.12424,2020-07-26 06:15:21.562010112,412.34454,0.0
2020-07-26,14.404472,108.11548,2020-07-26 06:15:21.588000768,413.1164,0.0
2020-07-26,14.3920965,108.097694,2020-07-26 06:15:21.641993472,411.24484,0.0
2020-07-26,14.380032,108.079765,2020-07-26 06:15:21.695986176,414.89264,0.0
2020-07-26,14.368191,108.06164,2020-07-26 06:15:21.749013760,414.2445,0.0
2020-07-26,14.444707,108.10664,2020-07-26 06:15:22.255025920,412.53424,0.0
2020-07-26,14.438492,108.097824,2020-07-26 06:15:22.282022144,412.70322,0.0
2020-07-26,14.432302,108.0889,2020-07-26 06:15:22.309018624,414.1757,0.0
2020-07-26,14.420209,108.070984,2020-07-26 06:15:22.363011584,413.3457,0.0
2020-07-26,14.47248,108.08026,2020-07-26 06:15:22.974997760,416.04462,0.0
2020-07-26,14.460352,108.0624,2020-07-26 06:15:23.028990720,415.14307,0.0
2020-07-26,14.511292,108.102394,2020-07-26 06:15:23.228024064,414.9637,0.0
2020-07-26,14.505006,108.09369,2020-07-26 06:15:23.255020288,414.9665,0.0
2020-07-26,14.525089,108.089424,2020-07-26 06:15:23.587989760,413.32376,0.0
2020-07-26,14.538985,108.076294,2020-07-26 06:15:23.947995904,413.10138,0.0
2020-07-26,14.690402,107.99105,2020-07-26 06:15:27.083002112,414.04092,0.0
2020-07-26,14.722728,108.00451,2020-07-26 06:15:27.363024640,413.7069,0.0
2020-07-26,14.71666,107.99556,2020-07-26 06:15:27.389015296,414.3916,0.0
2020-07-26,14.710642,107.98656,2020-07-26 06:15:27.416011776,413.48285,0.0
2020-07-26,14.742939,107.99999,2020-07-26 06:15:27.695994112,414.52957,0.0
2020-07-26,14.736851,107.99104,2020-07-26 06:15:27.722990592,413.59824,0.0
2020-07-26,14.756939,107.98649,2020-07-26 06:15:28.056000256,413.7576,0.0
2020-07-26,15.325477,107.9005,2020-07-26 06:15:36.948005888,412.61746,0.0
2020-07-26,15.359143,107.88309,2020-07-26 06:15:37.641987328,413.08444,0.0
2020-07-26,15.352741,107.874466,2020-07-26 06:15:37.669024000,411.25305,0.0
2020-07-26,15.346377,107.86577,2020-07-26 06:15:37.696020480,413.51404,0.0
2020-07-26,15.366535,107.86131,2020-07-26 06:15:38.028989696,412.5079,0.0
2020-07-26,15.452995,107.882324,2020-07-26 06:15:38.920998656,410.94656,0.0
2020-07-26,15.446388,107.8738,2020-07-26 06:15:38.947994880,411.92682,0.0
2020-07-26,15.439835,107.865204,2020-07-26 06:15:38.974991360,412.40384,0.0
2020-07-26,15.473182,107.87784,2020-07-26 06:15:39.255013888,411.87323,0.0
2020-07-26,15.466567,107.86932,2020-07-26 06:15:39.282010624,413.70633,0.0
2020-07-26,15.480175,107.85626,2020-07-26 06:15:39.642016768,412.86597,0.0
2020-07-26,15.473724,107.84768,2020-07-26 06:15:39.669012992,412.38934,0.0
2020-07-26,15.467313,107.83903,2020-07-26 06:15:39.696009472,412.91687,0.0
2020-07-26,15.460957,107.83032,2020-07-26 06:15:39.723005696,413.2844,0.0
2020-07-26,15.454648,107.82156,2020-07-26 06:15:39.748996608,413.8783,0.0
2020-07-26,15.501188,107.82147,2020-07-26 06:15:40.389025280,412.34723,0.0
2020-07-26,15.580746,107.86369,2020-07-26 06:15:40.894996992,412.33957,0.0
2020-07-26,15.574071,107.85531,2020-07-26 06:15:40.921027840,412.27426,0.0
2020-07-26,15.567425,107.84682,2020-07-26 06:15:40.948024320,413.5827,0.0
2020-07-26,15.560831,107.83824,2020-07-26 06:15:40.975020800,414.57254,0.0
2020-07-26,15.594317,107.85063,2020-07-26 06:15:41.255003136,413.83755,0.0
2020-07-26,15.587664,107.84215,2020-07-26 06:15:41.281999616,412.4269,0.0
2020-07-26,15.581062,107.83359,2020-07-26 06:15:41.308996096,412.2016,0.0
2020-07-26,15.574583,107.82503,2020-07-26 06:15:41.335992576,413.62964,0.0
2020-07-26,15.568141,107.81638,2020-07-26 06:15:41.362989056,413.2137,0.0
2020-07-26,15.561753,107.8077,2020-07-26 06:15:41.389019648,412.42572,0.0
2020-07-26,15.614564,107.84596,2020-07-26 06:15:41.588013056,412.28864,0.0
2020-07-26,15.641466,107.84967,2020-07-26 06:15:41.894991616,414.05457,0.0
2020-07-26,15.634765,107.84131,2020-07-26 06:15:41.921022464,413.48068,0.0
2020-07-26,15.628092,107.83284,2020-07-26 06:15:41.948018944,411.86563,0.0
2020-07-26,15.621472,107.82429,2020-07-26 06:15:41.975015424,413.81723,0.0
2020-07-26,15.6549635,107.836655,2020-07-26 06:15:42.254997760,413.8587,0.0
2020-07-26,15.641657,107.81965,2020-07-26 06:15:42.308990720,413.41895,0.0
2020-07-26,15.655317,107.80649,2020-07-26 06:15:42.668996864,412.68945,0.0
2020-07-26,15.648838,107.797874,2020-07-26 06:15:42.695993088,412.65097,0.0
2020-07-26,15.702042,107.8357,2020-07-26 06:15:42.895026432,410.94202,0.0
2020-07-26,15.715466,107.82273,2020-07-26 06:15:43.254992384,413.44684,0.0
2020-07-26,15.695573,107.797264,2020-07-26 06:15:43.336022016,412.8423,0.0
2020-07-26,15.742353,107.82642,2020-07-26 06:15:43.562011392,412.50272,0.0
2020-07-26,15.722235,107.80117,2020-07-26 06:15:43.641995008,412.4146,0.0
2020-07-26,15.71569,107.79267,2020-07-26 06:15:43.668991232,412.70724,0.0
2020-07-26,15.709183,107.78409,2020-07-26 06:15:43.695987712,414.0428,0.0
2020-07-26,15.748983,107.80513,2020-07-26 06:15:43.948007936,413.61127,0.0
2020-07-26,15.742311,107.79663,2020-07-26 06:15:43.975004672,411.98755,0.0
2020-07-26,15.735759,107.78814,2020-07-26 06:15:44.002001152,412.10547,0.0
2020-07-26,15.729244,107.779564,2020-07-26 06:15:44.028997376,411.69406,0.0
2020-07-26,15.78247,107.787575,2020-07-26 06:15:44.641989376,412.31448,0.0
2020-07-26,15.775907,107.779106,2020-07-26 06:15:44.668985856,412.4522,0.0
2020-07-26,15.7693815,107.77055,2020-07-26 06:15:44.696022528,411.77783,0.0
2020-07-26,15.7894945,107.76613,2020-07-26 06:15:45.028992000,414.00525,0.0
2020-07-26,15.776586,107.74889,2020-07-26 06:15:45.083024896,413.4486,0.0
2020-07-26,15.816148,107.77024,2020-07-26 06:15:45.336011008,412.72604,0.0
2020-07-26,15.8096075,107.7617,2020-07-26 06:15:45.363007488,413.91772,0.0
2020-07-26,15.93726,107.773186,2020-07-26 06:15:46.920995584,410.50668,0.0
2020-07-26,15.964261,107.77697,2020-07-26 06:15:47.228014592,412.34225,0.0
2020-07-26,15.957443,107.76874,2020-07-26 06:15:47.255010816,411.58667,0.0
2020-07-26,15.984452,107.772514,2020-07-26 06:15:47.561989888,412.9736,0.0
2020-07-26,15.964077,107.74757,2020-07-26 06:15:47.642013440,411.2743,0.0
2020-07-26,16.085161,107.75055,2020-07-26 06:15:49.228003584,411.2688,0.0
2020-07-26,16.064669,107.72571,2020-07-26 06:15:49.308992768,411.55136,0.0
2020-07-26,16.051373,107.70889,2020-07-26 06:15:49.362985728,411.21545,0.0
2020-07-26,16.071463,107.70446,2020-07-26 06:15:49.695995392,413.0105,0.0
2020-07-26,16.058338,107.68741,2020-07-26 06:15:49.749022720,412.15997,0.0
2020-07-26,16.125406,107.74157,2020-07-26 06:15:49.894988544,410.3519,0.0
2020-07-26,16.09818,107.70838,2020-07-26 06:15:50.002008576,412.10065,0.0
2020-07-26,16.091534,107.699936,2020-07-26 06:15:50.029005056,413.66455,0.0
2020-07-26,16.124949,107.712204,2020-07-26 06:15:50.308987648,412.73453,0.0
2020-07-26,16.11826,107.70385,2020-07-26 06:15:50.336024320,412.0791,0.0
2020-07-26,16.111605,107.69541,2020-07-26 06:15:50.363020544,411.4359,0.0
2020-07-26,16.105003,107.68693,2020-07-26 06:15:50.389011200,412.92883,0.0
2020-07-26,16.098448,107.67839,2020-07-26 06:15:50.416007424,414.19888,0.0
2020-07-26,16.14504,107.707664,2020-07-26 06:15:50.641997056,413.04272,0.0
2020-07-26,16.138348,107.69931,2020-07-26 06:15:50.668993536,412.2148,0.0
2020-07-26,16.131691,107.69088,2020-07-26 06:15:50.695990016,412.5155,0.0
2020-07-26,16.125086,107.6824,2020-07-26 06:15:50.722986496,411.87708,0.0
2020-07-26,16.185774,107.727875,2020-07-26 06:15:50.895023360,413.6113,0.0
2020-07-26,16.165186,107.70311,2020-07-26 06:15:50.975006720,412.47,0.0
2020-07-26,16.158485,107.69477,2020-07-26 06:15:51.002003200,412.03964,0.0
2020-07-26,16.15182,107.68635,2020-07-26 06:15:51.028999680,411.714,0.0
2020-07-26,16.18533,107.69856,2020-07-26 06:15:51.309022464,411.01706,0.0
2020-07-26,16.178623,107.69023,2020-07-26 06:15:51.336018688,412.45914,0.0
2020-07-26,16.17195,107.681816,2020-07-26 06:15:51.363015168,411.23956,0.0
2020-07-26,16.15876,107.66483,2020-07-26 06:15:51.416002304,412.2226,0.0
2020-07-26,16.226112,107.718735,2020-07-26 06:15:51.562008320,413.49374,0.0
2020-07-26,16.219198,107.710594,2020-07-26 06:15:51.587998976,413.93784,0.0
2020-07-26,16.205473,107.69401,2020-07-26 06:15:51.641991680,413.18134,0.0
2020-07-26,16.198755,107.68568,2020-07-26 06:15:51.668988160,412.3402,0.0
2020-07-26,16.192072,107.67725,2020-07-26 06:15:51.696024832,412.24786,0.0
2020-07-26,16.178862,107.66028,2020-07-26 06:15:51.749011968,413.64917,0.0
2020-07-26,16.246254,107.71407,2020-07-26 06:15:51.895017984,414.12915,0.0
2020-07-26,16.22559,107.689354,2020-07-26 06:15:51.975001344,412.15625,0.0
2020-07-26,16.218864,107.68103,2020-07-26 06:15:52.001997824,413.29257,0.0
2020-07-26,16.212175,107.67262,2020-07-26 06:15:52.028994304,412.82874,0.0
2020-07-26,16.245707,107.68471,2020-07-26 06:15:52.309016832,412.8143,0.0
2020-07-26,16.286533,107.704735,2020-07-26 06:15:52.562002944,413.8119,0.0
2020-07-26,16.279596,107.6966,2020-07-26 06:15:52.587993344,412.66153,0.0
2020-07-26,16.272682,107.688385,2020-07-26 06:15:52.614989824,413.0125,0.0
2020-07-26,16.265816,107.68009,2020-07-26 06:15:52.641986304,413.83902,0.0
2020-07-26,16.259071,107.67181,2020-07-26 06:15:52.669022976,412.07053,0.0
2020-07-26,16.252361,107.66344,2020-07-26 06:15:52.696019456,412.14093,0.0
2020-07-26,16.245705,107.655014,2020-07-26 06:15:52.723015680,412.71725,0.0
2020-07-26,16.306618,107.70032,2020-07-26 06:15:52.895012352,412.1469,0.0
2020-07-26,16.299667,107.692215,2020-07-26 06:15:52.921003008,412.5289,0.0
2020-07-26,16.292744,107.68402,2020-07-26 06:15:52.947999488,413.7705,0.0
2020-07-26,16.28587,107.675735,2020-07-26 06:15:52.974995968,413.50247,0.0
2020-07-26,16.279118,107.66746,2020-07-26 06:15:53.001992448,412.78705,0.0
2020-07-26,16.272402,107.659096,2020-07-26 06:15:53.028988928,412.90735,0.0
2020-07-26,16.265738,107.65068,2020-07-26 06:15:53.056025600,412.67532,0.0
2020-07-26,16.326693,107.69594,2020-07-26 06:15:53.228022016,413.84296,0.0
2020-07-26,16.319735,107.68785,2020-07-26 06:15:53.255018752,413.0438,0.0
2020-07-26,16.312805,107.67966,2020-07-26 06:15:53.282014976,412.27084,0.0
2020-07-26,16.305923,107.67138,2020-07-26 06:15:53.309011456,413.15317,0.0
2020-07-26,16.299164,107.66311,2020-07-26 06:15:53.336007936,413.28192,0.0
2020-07-26,16.339804,107.68348,2020-07-26 06:15:53.588028160,413.36688,0.0
2020-07-26,16.332865,107.67529,2020-07-26 06:15:53.615024640,413.54272,0.0
2020-07-26,16.325975,107.667015,2020-07-26 06:15:53.642021120,415.014,0.0
2020-07-26,16.312471,107.65039,2020-07-26 06:15:53.696013824,413.47873,0.0
2020-07-26,16.366814,107.6871,2020-07-26 06:15:53.895007232,412.81223,0.0
2020-07-26,16.352894,107.67084,2020-07-26 06:15:53.947994112,412.30142,0.0
2020-07-26,16.345997,107.662575,2020-07-26 06:15:53.974990592,413.8644,0.0
2020-07-26,16.33922,107.654305,2020-07-26 06:15:54.001987072,413.96918,0.0
2020-07-26,16.33248,107.64596,2020-07-26 06:15:54.029023744,412.48364,0.0
2020-07-26,16.38686,107.68264,2020-07-26 06:15:54.228016896,413.15512,0.0
2020-07-26,16.379879,107.67456,2020-07-26 06:15:54.255013120,413.2535,0.0
2020-07-26,16.372925,107.66639,2020-07-26 06:15:54.282009600,413.39154,0.0
2020-07-26,16.36602,107.65813,2020-07-26 06:15:54.309006080,411.95312,0.0
2020-07-26,16.359236,107.64987,2020-07-26 06:15:54.336002304,412.72977,0.0
2020-07-26,16.352488,107.64153,2020-07-26 06:15:54.362999040,413.30304,0.0
2020-07-26,16.345793,107.63314,2020-07-26 06:15:54.388989440,412.76385,0.0
2020-07-26,16.406904,107.67817,2020-07-26 06:15:54.561991936,412.4482,0.0
2020-07-26,16.38606,107.65368,2020-07-26 06:15:54.642015744,412.90363,0.0
2020-07-26,16.379282,107.64542,2020-07-26 06:15:54.669011968,413.03442,0.0
2020-07-26,16.372538,107.63708,2020-07-26 06:15:54.696008704,412.9884,0.0
2020-08-04,11.317011,108.932144,2020-08-04 06:08:12.587994112,416.31293,0.0
2020-08-04,11.341739,108.937874,2020-08-04 06:08:12.895013120,413.85477,0.0
2020-08-04,11.335559,108.928345,2020-08-04 06:08:12.921003776,415.57016,0.0
2020-08-04,11.360485,108.93356,2020-08-04 06:08:13.228022784,414.1734,0.0
2020-08-04,11.354398,108.92377,2020-08-04 06:08:13.255019264,413.56232,0.0
2020-08-04,11.3484125,108.913666,2020-08-04 06:08:13.282015488,413.51065,0.0
2020-08-04,11.379191,108.92934,2020-08-04 06:08:13.561997824,414.40192,0.0
2020-08-04,11.373073,108.91962,2020-08-04 06:08:13.587988736,413.08206,0.0
2020-08-04,11.361052,108.899574,2020-08-04 06:08:13.642021632,410.56607,0.0
2020-08-04,11.397985,108.92488,2020-08-04 06:08:13.895007488,414.00815,0.0
2020-08-04,11.391793,108.915344,2020-08-04 06:08:13.920998400,415.4677,0.0
2020-08-04,11.37378,108.88556,2020-08-04 06:08:14.001987584,411.19162,0.0
2020-08-04,11.367778,108.87591,2020-08-04 06:08:14.029024000,411.2425,0.0
2020-08-04,11.416905,108.920105,2020-08-04 06:08:14.228017408,413.74887,0.0
2020-08-04,11.404675,108.900536,2020-08-04 06:08:14.282010112,412.48303,0.0
2020-08-04,11.392482,108.88132,2020-08-04 06:08:14.336003072,411.74695,0.0
2020-08-04,11.386459,108.87171,2020-08-04 06:08:14.362999552,411.52878,0.0
2020-08-04,11.435798,108.91542,2020-08-04 06:08:14.561992704,413.36707,0.0
2020-08-04,11.429571,108.90594,2020-08-04 06:08:14.588023552,412.13562,0.0
2020-08-04,11.423363,108.89638,2020-08-04 06:08:14.615019776,412.43918,0.0
2020-08-04,11.417205,108.88675,2020-08-04 06:08:14.642016512,410.6657,0.0
2020-08-04,11.411155,108.87717,2020-08-04 06:08:14.669012736,411.0166,0.0
2020-08-04,11.405133,108.867546,2020-08-04 06:08:14.696009216,411.58276,0.0
2020-08-04,11.442048,108.89222,2020-08-04 06:08:14.947989248,411.78076,0.0
2020-08-04,11.417842,108.85371,2020-08-04 06:08:15.056015360,411.6445,0.0
2020-08-04,11.411923,108.844,2020-08-04 06:08:15.083011584,412.2565,0.0
2020-08-04,11.448514,108.8689,2020-08-04 06:08:15.335997696,411.29202,0.0
2020-08-04,11.430618,108.83984,2020-08-04 06:08:15.416021248,411.56778,0.0
2020-08-04,11.467255,108.86471,2020-08-04 06:08:15.669007360,411.96338,0.0
2020-08-04,11.46123,108.855064,2020-08-04 06:08:15.696003584,410.4058,0.0
2020-08-04,11.455256,108.8454,2020-08-04 06:08:15.723000064,410.37457,0.0
2020-08-04,11.449344,108.835655,2020-08-04 06:08:15.748990720,411.12357,0.0
2020-08-04,11.468062,108.83149,2020-08-04 06:08:16.083006464,410.57086,0.0
2020-08-04,11.492593,108.83711,2020-08-04 06:08:16.389019392,411.36548,0.0
2020-08-04,11.647385,108.84654,2020-08-04 06:08:18.614998016,409.2594,0.0
2020-08-04,11.634872,108.82785,2020-08-04 06:08:18.668990976,408.29926,0.0
2020-08-04,11.628876,108.81796,2020-08-04 06:08:18.695987456,410.37866,0.0
2020-08-04,11.622821,108.80837,2020-08-04 06:08:18.723024128,409.63092,0.0
2020-08-04,11.616817,108.798744,2020-08-04 06:08:18.749014784,409.8382,0.0
2020-08-04,11.666023,108.842415,2020-08-04 06:08:18.948007936,408.35507,0.0
2020-08-04,11.659744,108.83294,2020-08-04 06:08:18.975004160,411.0437,0.0
2020-08-04,11.684732,108.83816,2020-08-04 06:08:19.282023424,407.5096,0.0
2020-08-04,11.678454,108.82869,2020-08-04 06:08:19.309019904,409.81317,0.0
2020-08-04,11.666183,108.80969,2020-08-04 06:08:19.363012608,411.48068,0.0
2020-08-04,11.660132,108.800095,2020-08-04 06:08:19.389003264,411.52295,0.0
2020-08-04,11.654125,108.79047,2020-08-04 06:08:19.415999744,412.64285,0.0
2020-08-04,11.691091,108.81497,2020-08-04 06:08:19.669025792,409.69315,0.0
2020-08-04,11.68497,108.805435,2020-08-04 06:08:19.696022272,409.71365,0.0
2020-08-04,11.672904,108.786194,2020-08-04 06:08:19.749009408,410.7821,0.0
2020-08-04,11.697676,108.79163,2020-08-04 06:08:20.055987968,411.1906,0.0
2020-08-04,11.691661,108.782,2020-08-04 06:08:20.083024640,410.20316,0.0
2020-08-04,11.710328,108.77777,2020-08-04 06:08:20.415994112,410.01416,0.0
2020-08-04,11.772394,108.84013,2020-08-04 06:08:20.562000384,411.0998,0.0
2020-08-04,11.766007,108.83083,2020-08-04 06:08:20.587990784,412.11426,0.0
2020-08-04,11.7533865,108.81183,2020-08-04 06:08:20.642023936,407.95108,0.0
2020-08-04,11.7289295,108.77358,2020-08-04 06:08:20.749003776,411.22415,0.0
2020-08-04,11.791056,108.83588,2020-08-04 06:08:20.895010048,410.57642,0.0
2020-08-04,11.778295,108.81719,2020-08-04 06:08:20.947997184,411.33508,0.0
2020-08-04,11.77198,108.807724,2020-08-04 06:08:20.974993408,411.24915,0.0
2020-08-04,11.765796,108.79824,2020-08-04 06:08:21.001989888,410.84647,0.0
2020-08-04,11.809705,108.83166,2020-08-04 06:08:21.228019712,411.16296,0.0
2020-08-04,11.803301,108.82238,2020-08-04 06:08:21.255016192,410.31567,0.0
2020-08-04,11.796912,108.813034,2020-08-04 06:08:21.282012416,410.61545,0.0
2020-08-04,11.790586,108.80358,2020-08-04 06:08:21.309008896,411.00787,0.0
2020-08-04,11.784402,108.79408,2020-08-04 06:08:21.336005120,410.74426,0.0
2020-08-04,11.828338,108.82747,2020-08-04 06:08:21.561994752,411.48608,0.0
2020-08-04,11.821926,108.81819,2020-08-04 06:08:21.588025600,410.7241,0.0
2020-08-04,11.81554,108.80882,2020-08-04 06:08:21.615022080,412.2184,0.0
2020-08-04,11.809209,108.79938,2020-08-04 06:08:21.642018560,410.95825,0.0
2020-08-04,11.796855,108.78034,2020-08-04 06:08:21.696011520,410.21448,0.0
2020-08-04,11.846959,108.82331,2020-08-04 06:08:21.895004416,409.27402,0.0
2020-08-04,11.840553,108.81401,2020-08-04 06:08:21.920995328,411.43317,0.0
2020-08-04,11.83416,108.80465,2020-08-04 06:08:21.947991552,410.80078,0.0
2020-08-04,11.827828,108.79519,2020-08-04 06:08:21.974988032,411.42676,0.0
2020-08-04,11.821615,108.78574,2020-08-04 06:08:22.002024704,411.06882,0.0
2020-08-04,11.815452,108.77619,2020-08-04 06:08:22.029020928,411.1715,0.0
2020-08-04,11.809338,108.76662,2020-08-04 06:08:22.056017408,411.56635,0.0
2020-08-04,11.803274,108.75699,2020-08-04 06:08:22.083013888,410.50113,0.0
2020-08-04,11.840257,108.78159,2020-08-04 06:08:22.336000000,411.23593,0.0
2020-08-04,11.834086,108.772064,2020-08-04 06:08:22.362996224,410.81638,0.0
2020-08-04,11.8714905,108.796394,2020-08-04 06:08:22.615016704,412.07928,0.0
2020-08-04,11.86517,108.7869,2020-08-04 06:08:22.642013184,411.98325,0.0
2020-08-04,11.858956,108.77745,2020-08-04 06:08:22.669009664,411.1355,0.0
2020-08-04,11.852775,108.767944,2020-08-04 06:08:22.696006144,410.582,0.0
2020-08-04,11.846635,108.758446,2020-08-04 06:08:22.723002368,411.67957,0.0
2020-08-04,11.840421,108.749306,2020-08-04 06:08:22.748993024,414.28152,0.0
2020-08-04,11.865338,108.75426,2020-08-04 06:08:23.056012032,411.2031,0.0
2020-08-18,9.426042,106.11153,2020-08-18 06:20:07.948024576,410.48688,0.0
2020-08-18,9.444811,106.10733,2020-08-18 06:20:08.281999872,409.24014,0.0
2020-08-18,9.435014,106.068695,2020-08-18 06:20:08.722995200,409.747,0.0
2020-08-18,9.516972,106.06036,2020-08-18 06:20:10.029003264,412.8764,0.0
2020-08-25,9.651378,104.39007,2020-08-25 06:26:27.056006400,410.70035,0.0
2020-08-27,22.07203,106.335304,2020-08-27 06:17:32.228008192,410.64938,0.0
2020-08-27,22.082458,106.33018,2020-08-27 06:17:32.588014336,410.85947,0.0
2020-08-27,22.073315,106.32365,2020-08-27 06:17:33.002013184,410.73062,0.0
2020-08-27,22.154398,106.2989,2020-08-27 06:17:34.723025920,411.18018,0.0
2020-08-27,22.174519,106.29424,2020-08-27 06:17:35.055995136,410.80466,0.0
2020-08-27,22.364082,106.26415,2020-08-27 06:17:37.255017728,410.60242,0.0
2020-08-27,22.393913,106.25968,2020-08-27 06:17:37.561996544,410.66852,0.0
2020-08-27,22.384186,106.25937,2020-08-27 06:17:37.588027392,410.3902,0.0
2020-08-27,22.37439,106.258965,2020-08-27 06:17:37.615023872,410.06302,0.0
2020-08-27,22.394491,106.25419,2020-08-27 06:17:37.947993344,410.04785,0.0
2020-08-27,22.384686,106.2537,2020-08-27 06:17:37.974989568,410.0487,0.0
2020-08-27,22.554777,106.22039,2020-08-27 06:17:40.228004864,410.25342,0.0
2020-08-27,22.56513,106.215294,2020-08-27 06:17:40.588011264,409.16776,0.0
2020-08-27,22.545528,106.21455,2020-08-27 06:17:40.642003968,410.16318,0.0
2020-08-27,22.59499,106.21066,2020-08-27 06:17:40.894990080,409.744,0.0
2020-08-27,22.585238,106.21044,2020-08-27 06:17:40.921020672,410.35074,0.0
2020-08-27,22.565636,106.20972,2020-08-27 06:17:40.975013632,410.97293,0.0
2020-08-27,22.61512,106.205765,2020-08-27 06:17:41.227999744,410.32336,0.0
2020-08-27,22.605371,106.20555,2020-08-27 06:17:41.254995968,409.58032,0.0
2020-08-27,22.585775,106.204834,2020-08-27 06:17:41.308988928,411.18555,0.0
2020-08-27,22.61572,106.20035,2020-08-27 06:17:41.615002112,409.62897,0.0
2020-08-27,22.645657,106.19574,2020-08-27 06:17:41.921015296,410.8728,0.0
2020-08-27,22.635864,106.19545,2020-08-27 06:17:41.948011776,409.11734,0.0
2020-08-27,22.62606,106.19507,2020-08-27 06:17:41.975008256,409.6684,0.0
2020-08-27,22.606607,106.19405,2020-08-27 06:17:42.029001216,410.61862,0.0
2020-08-27,22.665775,106.19098,2020-08-27 06:17:42.254990592,410.3885,0.0
2020-08-27,22.655987,106.19071,2020-08-27 06:17:42.282027264,410.10938,0.0
2020-08-27,22.646181,106.19035,2020-08-27 06:17:42.309023744,411.23,0.0
2020-08-27,22.607243,106.18804,2020-08-27 06:17:42.416003584,410.2741,0.0
2020-08-27,22.676105,106.186,2020-08-27 06:17:42.614996736,409.79425,0.0
2020-08-27,22.6663,106.18565,2020-08-27 06:17:42.641992960,410.07477,0.0
2020-08-27,22.656586,106.18522,2020-08-27 06:17:42.668989696,410.07367,0.0
2020-08-27,22.627361,106.18338,2020-08-27 06:17:42.749013504,409.10522,0.0
2020-08-27,22.715769,106.181694,2020-08-27 06:17:42.895019264,409.9119,0.0
2020-08-27,22.706007,106.18153,2020-08-27 06:17:42.921009920,409.25134,0.0
2020-08-27,22.686419,106.180954,2020-08-27 06:17:42.975002880,409.6268,0.0
2020-08-27,22.676704,106.18053,2020-08-27 06:17:43.001999360,409.23242,0.0
2020-08-27,22.666971,106.18,2020-08-27 06:17:43.028995840,410.07104,0.0
2020-08-27,22.726206,106.17676,2020-08-27 06:17:43.255025408,409.77103,0.0
2020-08-27,22.71642,106.17652,2020-08-27 06:17:43.282021888,410.11008,0.0
2020-08-27,22.706623,106.176186,2020-08-27 06:17:43.309018368,409.94012,0.0
2020-08-27,22.696915,106.17576,2020-08-27 06:17:43.336014848,409.44595,0.0
2020-08-27,22.687181,106.17525,2020-08-27 06:17:43.363011072,410.02795,0.0
2020-08-27,22.726833,106.17141,2020-08-27 06:17:43.641987840,408.67822,0.0
2020-08-27,22.717127,106.17099,2020-08-27 06:17:43.669024512,408.9476,0.0
2020-08-27,22.707394,106.17049,2020-08-27 06:17:43.696020736,409.38315,0.0
2020-08-27,22.737337,106.16623,2020-08-27 06:17:44.001993984,409.4426,0.0
2020-08-27,22.727606,106.16573,2020-08-27 06:17:44.028990208,408.57892,0.0
2020-08-27,22.747845,106.16095,2020-08-27 06:17:44.363005696,409.96158,0.0
2020-08-27,22.738113,106.16038,2020-08-27 06:17:44.388996352,409.6294,0.0
2020-08-27,22.797314,106.157326,2020-08-27 06:17:44.615025920,411.50497,0.0
2020-08-27,22.787518,106.15703,2020-08-27 06:17:44.642022656,410.79117,0.0
2020-08-27,22.798899,106.14617,2020-08-27 06:17:45.388990976,410.15543,0.0
2020-08-27,22.87758,106.14332,2020-08-27 06:17:45.561993472,410.88083,0.0
2020-08-27,22.867865,106.14324,2020-08-27 06:17:45.588024064,410.19528,0.0
2020-08-27,22.828924,106.14203,2020-08-27 06:17:45.696010240,409.8257,0.0
2020-08-27,22.897879,106.138596,2020-08-27 06:17:45.895003136,409.50092,0.0
2020-08-27,22.888151,106.13853,2020-08-27 06:17:45.920993792,410.09323,0.0
2020-08-27,22.87844,106.13837,2020-08-27 06:17:45.947990272,409.92117,0.0
2020-08-27,22.839474,106.136826,2020-08-27 06:17:46.056015872,409.09326,0.0
2020-08-27,22.82973,106.13622,2020-08-27 06:17:46.083012608,409.2789,0.0
2020-08-27,22.918068,106.13384,2020-08-27 06:17:46.228012800,409.96735,0.0
2020-08-27,22.908344,106.13378,2020-08-27 06:17:46.255009280,409.7835,0.0
2020-08-27,22.89861,106.13363,2020-08-27 06:17:46.282005504,409.56906,0.0
2020-08-27,22.888805,106.133385,2020-08-27 06:17:46.309001984,409.78464,0.0
2020-08-27,22.869352,106.13263,2020-08-27 06:17:46.362994944,411.5892,0.0
2020-08-27,22.928484,106.12902,2020-08-27 06:17:46.588018944,409.59033,0.0
2020-08-27,22.918749,106.12888,2020-08-27 06:17:46.615015168,409.63904,0.0
2020-08-27,22.899235,106.12833,2020-08-27 06:17:46.669008128,409.63257,0.0
2020-08-27,22.879755,106.12742,2020-08-27 06:17:46.723001088,409.93954,0.0
2020-08-27,22.95834,106.12431,2020-08-27 06:17:46.894997504,410.1884,0.0
2020-08-27,22.948614,106.12427,2020-08-27 06:17:46.920988416,409.34058,0.0
2020-08-27,22.93889,106.124146,2020-08-27 06:17:46.948025088,409.10803,0.0
2020-08-27,22.929089,106.12392,2020-08-27 06:17:46.975021312,409.84778,0.0
2020-08-27,22.919376,106.123604,2020-08-27 06:17:47.002017792,410.86014,0.0
2020-08-27,22.899881,106.1227,2020-08-27 06:17:47.056010752,409.57587,0.0
2020-08-27,22.89015,106.12212,2020-08-27 06:17:47.083006976,409.3138,0.0
2020-08-27,22.978413,106.11952,2020-08-27 06:17:47.228007424,410.9775,0.0
2020-08-27,22.968681,106.119484,2020-08-27 06:17:47.255003648,409.50327,0.0
2020-08-27,22.958948,106.11936,2020-08-27 06:17:47.282000128,409.98862,0.0
2020-08-27,22.949137,106.11915,2020-08-27 06:17:47.308996608,410.48438,0.0
2020-08-27,22.939417,106.118835,2020-08-27 06:17:47.335993088,410.433,0.0
2020-08-27,22.919922,106.11796,2020-08-27 06:17:47.389020416,408.97263,0.0
2020-08-27,22.978987,106.11458,2020-08-27 06:17:47.615009792,410.48364,0.0
2020-08-27,22.969177,106.11437,2020-08-27 06:17:47.642006272,410.88452,0.0
2020-08-27,22.949709,106.113686,2020-08-27 06:17:47.695999232,409.48022,0.0
2020-08-27,22.93996,106.11321,2020-08-27 06:17:47.722995456,409.5951,0.0
2020-08-27,22.930231,106.11265,2020-08-27 06:17:47.749026304,409.49005,0.0
2020-08-27,22.960014,106.10845,2020-08-27 06:17:48.056005120,409.4206,0.0
2020-08-27,22.980146,106.103615,2020-08-27 06:17:48.389015040,409.59988,0.0
2020-08-27,22.970428,106.103065,2020-08-27 06:17:48.416011264,409.24088,0.0
2020-09-03,11.102646,107.25779,2020-09-03 06:20:41.974997504,410.142,0.0
2020-09-03,11.149707,107.267365,2020-09-03 06:20:42.228023808,411.07306,0.0
2020-09-03,11.122814,107.25341,2020-09-03 06:20:42.309012992,410.7349,0.0
2020-09-03,11.113976,107.24862,2020-09-03 06:20:42.336009472,410.6454,0.0
2020-09-03,11.16989,107.26296,2020-09-03 06:20:42.561998848,410.97266,0.0
2020-09-03,11.160923,107.258415,2020-09-03 06:20:42.587989504,410.6205,0.0
2020-09-03,11.134144,107.244255,2020-09-03 06:20:42.669019136,410.28076,0.0
2020-09-03,11.125309,107.239395,2020-09-03 06:20:42.696015616,410.53375,0.0
2020-09-03,11.116506,107.23446,2020-09-03 06:20:42.723012096,410.19916,0.0
2020-09-03,11.107727,107.229454,2020-09-03 06:20:42.749002496,410.56964,0.0
2020-09-03,11.17212,107.24939,2020-09-03 06:20:42.947995648,409.6204,0.0
2020-09-03,11.163159,107.24466,2020-09-03 06:20:42.974992128,409.37347,0.0
2020-09-03,11.154313,107.23989,2020-09-03 06:20:43.001988352,409.4226,0.0
2020-09-03,11.145472,107.23504,2020-09-03 06:20:43.029025024,411.45273,0.0
2020-09-03,11.136662,107.23012,2020-09-03 06:20:43.056021760,410.07037,0.0
2020-09-03,11.127877,107.22513,2020-09-03 06:20:43.083017984,410.8525,0.0
2020-09-03,11.210237,107.25419,2020-09-03 06:20:43.228018176,411.33154,0.0
2020-09-03,11.174452,107.23557,2020-09-03 06:20:43.336004096,408.97632,0.0
2020-09-03,11.1656065,107.23073,2020-09-03 06:20:43.363000320,411.20932,0.0
2020-09-03,11.156793,107.225815,2020-09-03 06:20:43.388991232,410.7791,0.0
2020-09-03,11.194591,107.231255,2020-09-03 06:20:43.669013760,408.89832,0.0
2020-09-03,11.168132,107.216545,2020-09-03 06:20:43.748997120,410.47778,0.0
2020-09-03,11.290811,107.23682,2020-09-03 06:20:44.561988096,410.4594,0.0
2020-09-03,11.286413,107.20483,2020-09-03 06:20:45.362989568,410.48,0.0
2020-09-03,11.277581,107.19996,2020-09-03 06:20:45.389020416,410.55176,0.0
2020-09-03,11.288959,107.190605,2020-09-03 06:20:45.749026560,409.6935,0.0
2020-09-05,11.173856,108.56727,2020-09-05 06:08:25.895023104,413.1459,0.0
2020-09-05,11.192605,108.563034,2020-09-05 06:08:26.227992576,410.83572,0.0
2020-09-05,11.182876,108.558655,2020-09-05 06:08:26.254988800,411.16132,0.0
2020-09-05,11.173125,108.55416,2020-09-05 06:08:26.282025472,412.81403,0.0
2020-09-05,11.211322,108.558815,2020-09-05 06:08:26.562007808,412.11908,0.0
2020-09-05,11.201582,108.55443,2020-09-05 06:08:26.587998720,411.33856,0.0
2020-09-05,11.191822,108.54995,2020-09-05 06:08:26.614994944,412.0439,0.0
2020-09-05,11.1820965,108.54551,2020-09-05 06:08:26.641991424,412.9821,0.0
2020-09-05,11.1724615,108.54089,2020-09-05 06:08:26.668987648,412.83002,0.0
2020-09-05,11.162796,108.53604,2020-09-05 06:08:26.696024320,411.77158,0.0
2020-09-05,11.210492,108.545746,2020-09-05 06:08:26.948004608,410.016,0.0
2020-09-05,11.200743,108.54119,2020-09-05 06:08:26.975001088,410.8477,0.0
2020-09-05,11.191116,108.53666,2020-09-05 06:08:27.001997568,411.1933,0.0
2020-09-05,11.181483,108.53201,2020-09-05 06:08:27.028994048,411.33496,0.0
2020-09-05,11.171883,108.52732,2020-09-05 06:08:27.055990528,411.41678,0.0
2020-09-05,11.162267,108.52238,2020-09-05 06:08:27.083027200,412.27664,0.0
2020-09-05,11.248678,108.55038,2020-09-05 06:08:27.228027392,411.0244,0.0
2020-09-05,11.238934,108.54602,2020-09-05 06:08:27.255023616,411.6345,0.0
2020-09-05,11.229163,108.54154,2020-09-05 06:08:27.282020096,411.62335,0.0
2020-09-05,11.219407,108.53698,2020-09-05 06:08:27.309016832,410.42557,0.0
2020-09-05,11.209762,108.532364,2020-09-05 06:08:27.336013056,410.58798,0.0
2020-09-05,11.200112,108.527664,2020-09-05 06:08:27.363009536,411.2465,0.0
2020-09-05,11.19051,108.522995,2020-09-05 06:08:27.388999936,411.49713,0.0
2020-09-05,11.180911,108.51817,2020-09-05 06:08:27.415996672,410.8348,0.0
2020-09-05,11.267341,108.54611,2020-09-05 06:08:27.562002688,411.66022,0.0
2020-09-05,11.2575865,108.54173,2020-09-05 06:08:27.587993088,411.9707,0.0
2020-09-05,11.247813,108.53727,2020-09-05 06:08:27.614989568,411.98376,0.0
2020-09-05,11.23805,108.53271,2020-09-05 06:08:27.642026240,411.2347,0.0
2020-09-05,11.2283945,108.528076,2020-09-05 06:08:27.669022464,411.05927,0.0
2020-09-05,11.209104,108.51857,2020-09-05 06:08:27.723015424,410.85608,0.0
2020-09-05,11.199487,108.513695,2020-09-05 06:08:27.749006336,410.73315,0.0
2020-09-05,11.285989,108.54182,2020-09-05 06:08:27.895012096,413.3859,0.0
2020-09-05,11.276224,108.53741,2020-09-05 06:08:27.921002752,412.00858,0.0
2020-09-05,11.266445,108.532936,2020-09-05 06:08:27.947999232,412.83408,0.0
2020-09-05,11.2566805,108.5284,2020-09-05 06:08:27.974995712,411.83862,0.0
2020-09-05,11.247022,108.52377,2020-09-05 06:08:28.001992192,411.6378,0.0
2020-09-05,11.237361,108.519066,2020-09-05 06:08:28.028988672,411.83084,0.0
2020-09-05,11.227723,108.51429,2020-09-05 06:08:28.056025344,411.53387,0.0
2020-09-05,11.218099,108.5094,2020-09-05 06:08:28.083021568,410.8832,0.0
2020-09-05,11.304727,108.538086,2020-09-05 06:08:28.228021760,412.2497,0.0
2020-09-05,11.294896,108.53328,2020-09-05 06:08:28.255018240,413.6743,0.0
2020-09-05,11.27531,108.52407,2020-09-05 06:08:28.309011200,412.38705,0.0
2020-09-05,11.265648,108.51946,2020-09-05 06:08:28.336007680,411.87314,0.0
2020-09-05,11.255982,108.51477,2020-09-05 06:08:28.363003904,411.43866,0.0
2020-09-05,11.246342,108.509995,2020-09-05 06:08:28.388994816,410.39392,0.0
2020-09-05,11.23672,108.505135,2020-09-05 06:08:28.415991040,411.68152,0.0
2020-09-05,11.284377,108.51519,2020-09-05 06:08:28.669017344,411.56607,0.0
2020-09-05,11.274717,108.510506,2020-09-05 06:08:28.696013568,412.18152,0.0
2020-09-05,11.265083,108.505745,2020-09-05 06:08:28.723010048,412.25125,0.0
2020-09-05,11.255465,108.5009,2020-09-05 06:08:28.749000704,411.14197,0.0
2020-09-05,11.303192,108.51125,2020-09-05 06:08:29.002027008,412.9808,0.0
2020-09-05,11.293473,108.50627,2020-09-05 06:08:29.029023488,411.36176,0.0
2020-09-05,11.283828,108.50148,2020-09-05 06:08:29.056019712,411.90793,0.0
2020-09-05,11.274206,108.49664,2020-09-05 06:08:29.083016192,411.0989,0.0
2020-09-05,11.302587,108.497284,2020-09-05 06:08:29.388989184,412.04,0.0
2020-09-05,11.29296,108.49247,2020-09-05 06:08:29.416025856,412.08536,0.0
2020-09-05,12.508566,108.22725,2020-09-05 06:08:50.696015104,411.21524,0.0
2020-09-05,12.517351,108.21874,2020-09-05 06:08:51.056021248,412.7653,0.0
2020-09-05,12.782529,108.19416,2020-09-05 06:08:54.562017024,409.53085,0.0
2020-09-05,12.809935,108.181786,2020-09-05 06:08:55.254992384,412.13263,0.0
2020-09-05,13.142693,108.066734,2020-09-05 06:09:02.416007680,410.0059,0.0
2020-09-05,13.17127,108.066124,2020-09-05 06:09:02.723026688,411.6174,0.0
2020-09-05,13.362168,108.0566,2020-09-05 06:09:04.895012608,408.97958,0.0
2020-09-05,13.370773,108.04896,2020-09-05 06:09:05.255018752,409.33664,0.0
2020-09-05,13.399557,108.047905,2020-09-05 06:09:05.561997568,409.7948,0.0
2020-09-05,13.4081955,108.040306,2020-09-05 06:09:05.920997888,409.07117,0.0
2020-09-05,13.398086,108.03696,2020-09-05 06:09:05.947994112,410.44543,0.0
2020-09-05,13.377972,108.02999,2020-09-05 06:09:06.001987328,408.78394,0.0
2020-09-05,13.406693,108.02922,2020-09-05 06:09:06.309006336,408.90762,0.0
2020-09-05,13.395327,108.01415,2020-09-05 06:09:06.723005184,409.28625,0.0
2020-09-05,13.385305,108.01033,2020-09-05 06:09:06.748995840,407.8966,0.0
2020-09-05,13.4240055,108.01354,2020-09-05 06:09:07.029018368,408.8879,0.0
2020-09-05,13.4139805,108.00984,2020-09-05 06:09:07.056014848,409.4782,0.0
2020-09-05,13.539123,108.00979,2020-09-05 06:09:08.255002624,409.11447,0.0
2020-09-05,13.547728,108.00212,2020-09-05 06:09:08.615008512,409.4608,0.0
2020-09-05,13.53758,107.99867,2020-09-05 06:09:08.642004992,407.82303,0.0
2020-09-05,13.556336,107.99441,2020-09-05 06:09:08.975014656,409.49506,0.0
2020-09-05,13.544918,107.979324,2020-09-05 06:09:09.389013760,410.44223,0.0
2020-09-05,14.295813,107.825485,2020-09-05 06:09:21.947987968,411.10144,0.0
2020-09-05,14.273932,107.80888,2020-09-05 06:09:22.389023488,412.14972,0.0
2020-09-05,20.211233,106.375084,2020-09-05 06:11:07.228004352,410.89133,0.0
2020-09-05,20.20071,106.37527,2020-09-05 06:11:07.255000832,409.65634,0.0
2020-09-05,20.190128,106.37537,2020-09-05 06:11:07.281997312,409.69073,0.0
2020-09-05,20.208782,106.370636,2020-09-05 06:11:07.615006976,410.04025,0.0
2020-09-05,20.198175,106.37064,2020-09-05 06:11:07.642003200,409.40576,0.0
2020-09-05,20.18765,106.37055,2020-09-05 06:11:07.668999680,410.15512,0.0
2020-09-05,20.248539,106.36559,2020-09-05 06:11:07.894989312,408.88507,0.0
2020-09-05,20.238014,106.36579,2020-09-05 06:11:07.921019904,408.7483,0.0
2020-09-05,20.216822,106.365906,2020-09-05 06:11:07.975013120,410.17783,0.0
2020-09-05,20.206295,106.365814,2020-09-05 06:11:08.002009344,410.62518,0.0
2020-09-05,20.195724,106.36563,2020-09-05 06:11:08.029005824,409.38422,0.0
2020-09-05,20.185144,106.36536,2020-09-05 06:11:08.056002048,409.94815,0.0
2020-09-05,20.246082,106.36115,2020-09-05 06:11:08.281991680,407.6598,0.0
2020-09-05,20.235472,106.361176,2020-09-05 06:11:08.308988160,408.42023,0.0
2020-09-05,20.193192,106.3603,2020-09-05 06:11:08.416008448,409.4873,0.0
2020-09-05,20.243559,106.35646,2020-09-05 06:11:08.668994304,407.83368,0.0
2020-09-30,15.2771015,108.70921,2020-09-30 06:03:38.562000896,412.33505,0.0
2020-09-30,15.266316,108.71043,2020-09-30 06:03:38.587991808,412.5706,0.0
2020-09-30,15.255502,108.71162,2020-09-30 06:03:38.615028480,412.22385,0.0
2020-09-30,15.295871,108.704704,2020-09-30 06:03:38.895010816,411.99713,0.0
2020-09-30,15.2850485,108.70587,2020-09-30 06:03:38.921001216,411.46835,0.0
2020-09-30,15.274142,108.70695,2020-09-30 06:03:38.947997696,412.43536,0.0
2020-09-30,15.263236,108.70798,2020-09-30 06:03:38.974994176,412.42255,0.0
2020-09-30,15.252412,108.708916,2020-09-30 06:03:39.001990656,411.78915,0.0
2020-09-30,15.24151,108.709724,2020-09-30 06:03:39.028986880,411.22308,0.0
2020-09-30,15.314634,108.70019,2020-09-30 06:03:39.228020224,411.33066,0.0
2020-09-30,15.303897,108.701485,2020-09-30 06:03:39.255016704,411.3675,0.0
2020-09-30,15.292894,108.70243,2020-09-30 06:03:39.282013184,411.64066,0.0
2020-09-30,15.271114,108.704346,2020-09-30 06:03:39.336006144,412.25052,0.0
2020-09-30,15.260208,108.705154,2020-09-30 06:03:39.363002624,412.62534,0.0
2020-09-30,15.249297,108.7059,2020-09-30 06:03:39.388993024,411.1171,0.0
2020-09-30,15.238366,108.70656,2020-09-30 06:03:39.415989504,411.018,0.0
2020-09-30,15.311709,108.698006,2020-09-30 06:03:39.615022848,411.11026,0.0
2020-09-30,15.300768,108.69901,2020-09-30 06:03:39.642019328,411.37668,0.0
2020-09-30,15.289845,108.699844,2020-09-30 06:03:39.669015552,412.06775,0.0
2020-09-30,15.267963,108.701355,2020-09-30 06:03:39.723008512,411.85806,0.0
2020-09-30,15.257005,108.702,2020-09-30 06:03:39.748999168,412.1618,0.0
2020-09-30,15.330303,108.69344,2020-09-30 06:03:39.947992320,412.26984,0.0
2020-09-30,15.319358,108.69445,2020-09-30 06:03:39.974988800,411.40958,0.0
2020-09-30,15.308516,108.6954,2020-09-30 06:03:40.002025472,411.19678,0.0
2020-09-30,15.275625,108.69751,2020-09-30 06:03:40.083014656,411.23483,0.0
2020-09-30,15.370861,108.68688,2020-09-30 06:03:40.228014848,412.37512,0.0
2020-09-30,15.360002,108.68804,2020-09-30 06:03:40.255011328,411.87122,0.0
2020-09-30,15.305316,108.692505,2020-09-30 06:03:40.388987648,411.9209,0.0
2020-09-30,15.389167,108.68191,2020-09-30 06:03:40.561990144,412.3212,0.0
2020-09-30,15.367807,108.68475,2020-09-30 06:03:40.615017472,411.7379,0.0
2020-09-30,15.356679,108.68554,2020-09-30 06:03:40.642013696,411.93057,0.0
2020-09-30,15.407791,108.67747,2020-09-30 06:03:40.894999808,411.32632,0.0
2020-09-30,15.396973,108.6787,2020-09-30 06:03:40.920990464,412.98883,0.0
2020-09-30,15.386134,108.67993,2020-09-30 06:03:40.948027136,412.85315,0.0
2020-09-30,15.375248,108.68105,2020-09-30 06:03:40.975023616,412.05737,0.0
2020-09-30,15.426404,108.67302,2020-09-30 06:03:41.228009472,412.17197,0.0
2020-09-30,15.4155855,108.67427,2020-09-30 06:03:41.255005952,411.68884,0.0
2020-09-30,15.404701,108.67544,2020-09-30 06:03:41.282002432,412.37845,0.0
2020-09-30,15.393749,108.676476,2020-09-30 06:03:41.308998912,412.14813,0.0
2020-09-30,15.382941,108.677505,2020-09-30 06:03:41.335995136,413.0558,0.0
2020-09-30,15.444983,108.668526,2020-09-30 06:03:41.562024960,410.6327,0.0
2020-09-30,15.434181,108.66981,2020-09-30 06:03:41.588015616,411.38788,0.0
2020-09-30,15.423295,108.670975,2020-09-30 06:03:41.615011840,411.5298,0.0
2020-09-30,15.412347,108.67202,2020-09-30 06:03:41.642008320,412.01266,0.0
2020-09-30,15.401488,108.67298,2020-09-30 06:03:41.669004800,412.6823,0.0
2020-09-30,15.390565,108.673836,2020-09-30 06:03:41.696001280,412.44534,0.0
2020-09-30,15.379735,108.67474,2020-09-30 06:03:41.722997760,412.33777,0.0
2020-09-30,15.441806,108.66633,2020-09-30 06:03:41.948021760,410.9091,0.0
2020-09-30,15.430884,108.66741,2020-09-30 06:03:41.975017984,411.5985,0.0
2020-09-30,15.420026,108.66838,2020-09-30 06:03:42.002014720,411.30753,0.0
2020-09-30,15.409084,108.66922,2020-09-30 06:03:42.029010944,412.97403,0.0
2020-09-30,15.39817,108.67003,2020-09-30 06:03:42.056007424,412.64142,0.0
2020-09-30,15.38718,108.670685,2020-09-30 06:03:42.083003648,413.14508,0.0
2020-09-30,15.4494095,108.66279,2020-09-30 06:03:42.308993280,410.85474,0.0
2020-09-30,15.438537,108.66374,2020-09-30 06:03:42.335989760,411.32913,0.0
2020-09-30,15.416667,108.66538,2020-09-30 06:03:42.389017088,411.67242,0.0
2020-09-30,15.405689,108.66607,2020-09-30 06:03:42.416013568,412.2477,0.0
2020-09-30,15.478886,108.657104,2020-09-30 06:03:42.615006464,411.39395,0.0
2020-09-30,15.45711,108.6592,2020-09-30 06:03:42.668999424,411.4122,0.0
2020-09-30,15.446195,108.660095,2020-09-30 06:03:42.695995904,410.89752,0.0
2020-09-30,15.424271,108.661575,2020-09-30 06:03:42.749023232,411.60834,0.0
2020-09-30,15.464819,108.655685,2020-09-30 06:03:43.029005568,410.91165,0.0
2020-09-30,15.453889,108.6565,2020-09-30 06:03:43.056001792,410.96152,0.0
2020-09-30,15.442895,108.65718,2020-09-30 06:03:43.082998272,411.12982,0.0
2020-09-30,15.92722,108.53764,2020-09-30 06:03:51.749014528,413.57214,0.0
2020-09-30,20.997152,107.24317,2020-09-30 06:05:21.614992640,411.79803,0.0
2020-09-30,20.99379,107.2439,2020-09-30 06:05:22.001995008,413.35712,0.0
2020-09-30,21.001749,107.24208,2020-09-30 06:05:22.363006976,412.52893,0.0
2020-09-30,20.99822,107.24231,2020-09-30 06:05:22.749003776,412.0963,0.0
2020-09-30,21.341488,107.15128,2020-09-30 06:05:27.588003840,412.20694,0.0
2020-09-30,21.360096,107.146324,2020-09-30 06:05:27.921013504,412.3526,0.0
2020-10-05,21.934626,104.796364,2020-10-05 06:23:36.975013888,412.73383,0.0
2020-10-05,21.9548,104.791725,2020-10-05 06:23:37.308988928,412.06946,0.0
2020-10-05,21.965815,104.790276,2020-10-05 06:23:37.668995328,412.446,0.0
2020-10-05,21.956514,104.79324,2020-10-05 06:23:37.695991808,412.61246,0.0
2020-10-05,21.958113,104.79444,2020-10-05 06:23:38.082994176,412.04877,0.0
2020-10-05,22.035612,104.773575,2020-10-05 06:23:38.641993472,413.54868,0.0
2020-10-12,22.15714,103.19374,2020-10-12 06:29:48.895024384,411.92075,0.0
2020-10-12,22.148062,103.19751,2020-10-12 06:29:48.921015040,410.87463,0.0
2020-10-12,22.177244,103.188995,2020-10-12 06:29:49.227993600,410.94962,0.0
2020-10-12,22.168169,103.192764,2020-10-12 06:29:49.254990080,411.95148,0.0
2020-10-12,22.197393,103.18418,2020-10-12 06:29:49.562009344,412.67188,0.0
2020-10-12,22.188322,103.18796,2020-10-12 06:29:49.587999744,412.33258,0.0
2020-10-12,22.179182,103.19166,2020-10-12 06:29:49.614996480,410.99115,0.0
2020-10-12,22.170006,103.19529,2020-10-12 06:29:49.641992704,411.17706,0.0
2020-10-12,22.160889,103.1988,2020-10-12 06:29:49.668989184,410.68698,0.0
2020-10-12,22.217545,103.17937,2020-10-12 06:29:49.895019008,410.78104,0.0
2020-10-12,22.208473,103.18314,2020-10-12 06:29:49.921009664,411.34424,0.0
2020-10-12,22.199335,103.18686,2020-10-12 06:29:49.948005888,412.40378,0.0
2020-10-12,22.19016,103.19049,2020-10-12 06:29:49.975002368,410.93872,0.0
2020-10-12,22.181046,103.19401,2020-10-12 06:29:50.001998848,409.92493,0.0
2020-10-12,22.228624,103.17836,2020-10-12 06:29:50.255024896,409.92822,0.0
2020-10-12,22.219488,103.18208,2020-10-12 06:29:50.282021632,410.1476,0.0
2020-10-12,22.201199,103.18926,2020-10-12 06:29:50.336014336,412.4851,0.0
2020-10-12,22.182837,103.19608,2020-10-12 06:29:50.389001472,411.81808,0.0
2020-10-12,22.230461,103.18105,2020-10-12 06:29:50.641987328,410.6697,0.0
2020-10-12,22.221348,103.18459,2020-10-12 06:29:50.669024000,410.44086,0.0
2020-10-12,22.20299,103.19142,2020-10-12 06:29:50.723016704,411.7173,0.0
2020-10-12,22.193764,103.19471,2020-10-12 06:29:50.749007360,411.49225,0.0
2020-10-12,22.22314,103.18676,2020-10-12 06:29:51.056026368,411.82657,0.0
2020-10-12,22.213917,103.190056,2020-10-12 06:29:51.083023104,411.52484,0.0
2020-10-12,22.23411,103.18542,2020-10-12 06:29:51.415992320,411.8377,0.0
2020-10-12,22.300148,103.1634,2020-10-12 06:29:51.615025664,410.08142,0.0
2020-10-12,22.290985,103.16707,2020-10-12 06:29:51.642022144,410.11945,0.0
2020-10-12,22.329481,103.155,2020-10-12 06:29:51.920998656,410.55975,0.0
2020-10-12,22.311193,103.16242,2020-10-12 06:29:51.974991616,410.81296,0.0
2020-10-12,22.30209,103.165985,2020-10-12 06:29:52.001987840,410.76343,0.0
2020-10-12,22.349672,103.150314,2020-10-12 06:29:52.255014144,410.12698,0.0
2020-10-12,22.340538,103.15406,2020-10-12 06:29:52.282010624,409.7771,0.0
2020-10-12,22.303907,103.16814,2020-10-12 06:29:52.388990464,409.395,0.0
2020-10-12,22.324013,103.163345,2020-10-12 06:29:52.723005952,407.93488,0.0
2020-10-12,22.375202,103.15223,2020-10-12 06:29:53.748991232,412.38815,0.0
2020-10-12,22.464916,103.129906,2020-10-12 06:29:55.056004864,411.5888,0.0
2020-10-23,21.528654,107.97948,2020-10-23 06:11:01.895021824,413.50238,0.0
2020-10-23,21.539867,107.9789,2020-10-23 06:11:02.254987776,412.65128,0.0
2020-10-23,21.530901,107.983086,2020-10-23 06:11:02.282024448,413.68942,0.0
2020-10-23,21.541954,107.98242,2020-10-23 06:11:02.641990144,413.42957,0.0
2020-10-23,21.532999,107.98642,2020-10-23 06:11:02.669026816,413.46875,0.0
2020-10-23,21.534985,107.98945,2020-10-23 06:11:03.055989248,413.24234,0.0
2020-11-08,20.265093,105.36331,2020-11-08 06:11:24.895017728,411.23776,0.0
2020-11-08,20.283464,105.35823,2020-11-08 06:11:25.228027392,413.55798,0.0
2020-11-08,20.272177,105.36391,2020-11-08 06:11:25.255023872,410.4121,0.0
2020-11-08,20.226326,105.38579,2020-11-08 06:11:25.363009536,411.96002,0.0
2020-11-08,20.291162,105.35925,2020-11-08 06:11:25.587993088,415.4704,0.0
2020-11-08,20.23266,105.38567,2020-11-08 06:11:25.723015680,411.30334,0.0
2020-11-08,20.320148,105.34803,2020-11-08 06:11:25.895012352,414.0625,0.0
2020-11-08,20.298094,105.359764,2020-11-08 06:11:25.947999488,415.4984,0.0
2020-11-08,20.239191,105.38568,2020-11-08 06:11:26.083021568,412.06866,0.0
2020-11-08,20.338934,105.34328,2020-11-08 06:11:26.228022016,415.16473,0.0
2020-11-08,20.32734,105.348755,2020-11-08 06:11:26.255018496,413.97885,0.0
2020-11-08,20.304287,105.359825,2020-11-08 06:11:26.309011200,414.47925,0.0
2020-11-08,20.358004,105.33874,2020-11-08 06:11:26.561997056,413.39142,0.0
2020-11-08,20.346611,105.34436,2020-11-08 06:11:26.587987968,414.87585,0.0
2020-11-08,20.334364,105.34942,2020-11-08 06:11:26.615024640,414.68793,0.0
2020-11-08,20.322487,105.354706,2020-11-08 06:11:26.642020864,415.03616,0.0
2020-11-08,20.376501,105.33381,2020-11-08 06:11:26.895006976,410.57196,0.0
2020-11-08,20.329481,105.35518,2020-11-08 06:11:27.002027008,414.6311,0.0
2020-11-08,20.317858,105.360466,2020-11-08 06:11:27.029023488,414.425,0.0
2020-11-08,20.30605,105.365585,2020-11-08 06:11:27.056019712,415.40982,0.0
2020-11-08,20.349714,105.35133,2020-11-08 06:11:27.336002304,415.87582,0.0
2020-11-08,20.336544,105.35559,2020-11-08 06:11:27.362998784,414.35526,0.0
2020-11-08,20.324368,105.360466,2020-11-08 06:11:27.388989440,414.95996,0.0
2020-11-08,20.312626,105.36559,2020-11-08 06:11:27.416026112,414.74765,0.0
2020-11-08,20.356146,105.351326,2020-11-08 06:11:27.696008448,413.70364,0.0
2020-11-08,20.331137,105.36061,2020-11-08 06:11:27.748995328,414.43973,0.0
2020-11-08,20.999985,105.1591,2020-11-08 06:11:38.227997184,414.2914,0.0
2020-11-08,21.018412,105.15406,2020-11-08 06:11:38.562012672,416.45654,0.0
2020-11-08,21.00657,105.15955,2020-11-08 06:11:38.588003072,415.6335,0.0
2020-11-08,21.02463,105.15427,2020-11-08 06:11:38.921012992,415.3159,0.0
2020-11-08,21.01347,105.16024,2020-11-08 06:11:38.948009216,416.06473,0.0
2020-11-08,21.020004,105.16065,2020-11-08 06:11:39.309021184,414.96277,0.0
2020-11-08,21.008478,105.1662,2020-11-08 06:11:39.336017664,414.20386,0.0
2020-11-08,21.015154,105.16654,2020-11-08 06:11:39.696023808,413.38858,0.0
2020-11-08,21.03342,105.161385,2020-11-08 06:11:40.028993024,414.63565,0.0
2020-11-08,21.18196,105.10621,2020-11-08 06:11:41.561996544,414.42114,0.0
2020-11-08,21.177534,105.11263,2020-11-08 06:11:41.947993088,414.39163,0.0
2020-11-08,21.130964,105.13474,2020-11-08 06:11:42.056018944,414.433,0.0
2020-11-08,21.184202,105.113106,2020-11-08 06:11:42.309005056,415.19455,0.0
2020-11-08,21.137445,105.134865,2020-11-08 06:11:42.416025088,415.24252,0.0
2020-11-08,21.255548,105.08554,2020-11-08 06:11:42.895000576,412.79602,0.0
2020-11-08,21.244293,105.091484,2020-11-08 06:11:42.920991232,413.49545,0.0
2020-11-08,21.209557,105.10852,2020-11-08 06:11:43.002020864,415.9988,0.0
2020-11-08,21.197811,105.113976,2020-11-08 06:11:43.029017088,414.1307,0.0
2020-11-08,21.185883,105.119255,2020-11-08 06:11:43.056013568,412.1818,0.0
2020-11-08,21.262842,105.08651,2020-11-08 06:11:43.255006720,413.5321,0.0
2020-11-08,21.25092,105.09204,2020-11-08 06:11:43.282003200,414.54507,0.0
2020-11-08,21.216219,105.10894,2020-11-08 06:11:43.362992384,414.94012,0.0
2020-11-08,21.204319,105.11424,2020-11-08 06:11:43.389023232,413.48782,0.0
2020-11-08,21.19236,105.11947,2020-11-08 06:11:43.416019712,413.06778,0.0
2020-11-08,21.257719,105.09271,2020-11-08 06:11:43.642009344,413.42358,0.0
2020-11-08,21.24619,105.09833,2020-11-08 06:11:43.669005568,414.02197,0.0
2020-11-08,21.235138,105.10424,2020-11-08 06:11:43.696002048,414.77353,0.0
2020-11-08,21.223207,105.10953,2020-11-08 06:11:43.722998528,415.84732,0.0
2020-11-08,21.21074,105.114426,2020-11-08 06:11:43.748989184,414.31567,0.0
2020-11-08,21.27685,105.08815,2020-11-08 06:11:43.975019008,414.54715,0.0
2020-11-08,21.27288,105.09476,2020-11-08 06:11:44.362987008,414.32333,0.0
2020-11-08,21.259325,105.099,2020-11-08 06:11:44.389017856,412.64023,0.0
2020-11-08,21.247427,105.10428,2020-11-08 06:11:44.416014080,414.38165,0.0
2020-11-08,21.43815,105.0337,2020-11-08 06:11:46.227993856,413.50793,0.0
2020-11-08,21.426712,105.03957,2020-11-08 06:11:46.254990336,410.78323,0.0
2020-11-08,21.456495,105.02854,2020-11-08 06:11:46.562009344,414.39847,0.0
2020-11-08,21.445238,105.034546,2020-11-08 06:11:46.588000000,412.48813,0.0
2020-11-08,21.474865,105.02341,2020-11-08 06:11:46.895019008,414.60443,0.0
2020-11-08,21.463509,105.02934,2020-11-08 06:11:46.921009664,413.75653,0.0
2020-11-08,21.493193,105.01822,2020-11-08 06:11:47.227988480,413.75513,0.0
2020-11-08,21.481825,105.024155,2020-11-08 06:11:47.255025152,414.54935,0.0
2020-11-08,21.470297,105.03,2020-11-08 06:11:47.282021632,413.8064,0.0
2020-11-08,21.458742,105.035805,2020-11-08 06:11:47.309018112,413.0005,0.0
2020-11-08,21.511435,105.01296,2020-11-08 06:11:47.562003968,414.37866,0.0
2020-11-08,21.500038,105.01888,2020-11-08 06:11:47.587994624,413.86734,0.0
2020-11-08,21.488651,105.024826,2020-11-08 06:11:47.614991104,413.82532,0.0
2020-11-08,21.476938,105.03053,2020-11-08 06:11:47.641987584,413.25192,0.0
2020-11-08,21.465391,105.036194,2020-11-08 06:11:47.669024256,414.24002,0.0
2020-11-08,21.529747,105.00776,2020-11-08 06:11:47.895013888,413.55533,0.0
2020-11-08,21.51849,105.01377,2020-11-08 06:11:47.921004288,413.41132,0.0
2020-11-08,21.506887,105.019585,2020-11-08 06:11:47.948000768,413.6443,0.0
2020-11-08,21.495192,105.02531,2020-11-08 06:11:47.974996992,413.2701,0.0
2020-11-08,21.483644,105.03097,2020-11-08 06:11:48.001993728,412.6327,0.0
2020-11-08,21.471954,105.03653,2020-11-08 06:11:48.028989952,413.3105,0.0
2020-11-08,21.547974,105.002556,2020-11-08 06:11:48.228023296,412.7227,0.0
2020-11-08,21.536648,105.00854,2020-11-08 06:11:48.255019776,413.36572,0.0
2020-11-08,21.525229,105.01448,2020-11-08 06:11:48.282016256,413.96118,0.0
2020-11-08,21.513601,105.02026,2020-11-08 06:11:48.309012736,413.77853,0.0
2020-11-08,21.501925,105.02585,2020-11-08 06:11:48.336008960,412.80322,0.0
2020-11-08,21.490234,105.031425,2020-11-08 06:11:48.363005696,412.6429,0.0
2020-11-08,21.47848,105.036896,2020-11-08 06:11:48.388996096,413.39325,0.0
2020-11-08,21.46667,105.0423,2020-11-08 06:11:48.415992576,413.69556,0.0
2020-11-08,21.566244,104.99741,2020-11-08 06:11:48.561998592,411.83936,0.0
2020-11-08,21.55483,105.00335,2020-11-08 06:11:48.587989248,412.2665,0.0
2020-11-08,21.543385,105.00928,2020-11-08 06:11:48.615025920,413.73273,0.0
2020-11-08,21.531755,105.01506,2020-11-08 06:11:48.642022400,414.43454,0.0
2020-11-08,21.520205,105.02074,2020-11-08 06:11:48.669018624,414.57877,0.0
2020-11-08,21.50852,105.02632,2020-11-08 06:11:48.696015104,413.582,0.0
2020-11-08,21.496685,105.031746,2020-11-08 06:11:48.723011584,412.62006,0.0
2020-11-08,21.48483,105.037125,2020-11-08 06:11:48.749002240,412.83444,0.0
2020-11-08,21.584633,104.992355,2020-11-08 06:11:48.895008256,414.27338,0.0
2020-11-08,21.550007,105.009926,2020-11-08 06:11:48.974991872,413.47516,0.0
2020-11-08,21.538471,105.01562,2020-11-08 06:11:49.001988096,414.06332,0.0
2020-11-08,21.526743,105.02117,2020-11-08 06:11:49.029024768,414.11508,0.0
2020-11-08,21.514978,105.02665,2020-11-08 06:11:49.056021248,413.63147,0.0
2020-11-08,21.503159,105.03205,2020-11-08 06:11:49.083017728,413.5854,0.0
2020-11-08,21.602781,104.98712,2020-11-08 06:11:49.228017920,413.2325,0.0
2020-11-08,21.579905,104.998985,2020-11-08 06:11:49.282010880,413.1434,0.0
2020-11-08,21.56825,105.00476,2020-11-08 06:11:49.309007104,413.5994,0.0
2020-11-08,21.556635,105.01041,2020-11-08 06:11:49.336003840,414.05676,0.0
2020-11-08,21.544905,105.01596,2020-11-08 06:11:49.363000064,414.1986,0.0
2020-11-08,21.533155,105.021454,2020-11-08 06:11:49.388990720,414.11685,0.0
2020-11-08,21.521246,105.0268,2020-11-08 06:11:49.416027392,413.4349,0.0
2020-11-08,21.620977,104.9819,2020-11-08 06:11:49.561993216,412.84293,0.0
2020-11-08,21.609583,104.98786,2020-11-08 06:11:49.588024064,413.86447,0.0
2020-11-08,21.598112,104.99379,2020-11-08 06:11:49.615020544,413.4666,0.0
2020-11-08,21.5865,104.999596,2020-11-08 06:11:49.642016768,413.91302,0.0
2020-11-08,21.57487,105.00523,2020-11-08 06:11:49.669013248,413.95453,0.0
2020-11-08,21.563154,105.01081,2020-11-08 06:11:49.696009728,412.98456,0.0
2020-11-08,21.551344,105.016266,2020-11-08 06:11:49.723006208,413.99088,0.0
2020-11-08,21.539463,105.02164,2020-11-08 06:11:49.748996608,414.26254,0.0
2020-11-08,21.616306,104.98859,2020-11-08 06:11:49.947990016,413.0408,0.0
2020-11-08,21.60468,104.99439,2020-11-08 06:11:49.974986240,413.40683,0.0
2020-11-08,21.59322,105.000145,2020-11-08 06:11:50.002022912,414.53134,0.0
2020-11-08,21.581337,105.00561,2020-11-08 06:11:50.029019392,413.33646,0.0
2020-11-08,21.56955,105.011086,2020-11-08 06:11:50.056015872,412.271,0.0
2020-11-08,21.55772,105.016495,2020-11-08 06:11:50.083012352,414.7735,0.0
2020-11-08,21.657383,104.971466,2020-11-08 06:11:50.228012544,413.12622,0.0
2020-11-08,21.646166,104.97755,2020-11-08 06:11:50.255009024,413.16776,0.0
2020-11-08,21.634645,104.98345,2020-11-08 06:11:50.282005248,413.20197,0.0
2020-11-08,21.622986,104.989235,2020-11-08 06:11:50.309001984,413.2847,0.0
2020-11-08,21.611376,104.994896,2020-11-08 06:11:50.335998208,413.59085,0.0
2020-11-08,21.599724,105.00051,2020-11-08 06:11:50.362994688,413.4854,0.0
2020-11-08,21.587978,105.00602,2020-11-08 06:11:50.389025536,414.25504,0.0
2020-11-08,21.575974,105.01132,2020-11-08 06:11:50.416021760,412.7164,0.0
2020-11-08,21.675714,104.96632,2020-11-08 06:11:50.561987840,415.10733,0.0
2020-11-08,21.664385,104.97233,2020-11-08 06:11:50.588018688,414.14624,0.0
2020-11-08,21.652834,104.97821,2020-11-08 06:11:50.615014912,413.97293,0.0
2020-11-08,21.641401,104.98415,2020-11-08 06:11:50.642011392,413.4503,0.0
2020-11-08,21.61828,104.99553,2020-11-08 06:11:50.696004352,414.93774,0.0
2020-11-08,21.606379,105.00094,2020-11-08 06:11:50.723000832,413.61154,0.0
2020-11-08,21.594444,105.006294,2020-11-08 06:11:50.748991488,414.69675,0.0
2020-11-08,21.694103,104.9612,2020-11-08 06:11:50.894997248,414.4609,0.0
2020-11-08,21.68273,104.967186,2020-11-08 06:11:50.921028096,413.39313,0.0
2020-11-08,21.671242,104.973114,2020-11-08 06:11:50.948024832,413.6164,0.0
2020-11-08,21.659544,104.97889,2020-11-08 06:11:50.975021056,413.30206,0.0
2020-11-08,21.647976,104.98458,2020-11-08 06:11:51.002017536,413.74387,0.0
2020-11-08,21.636633,104.99041,2020-11-08 06:11:51.029014016,412.13467,0.0
2020-11-08,21.624565,104.99571,2020-11-08 06:11:51.056010496,414.26923,0.0
2020-11-08,21.6127,105.0011,2020-11-08 06:11:51.083006976,413.99124,0.0
2020-11-08,21.712833,104.956245,2020-11-08 06:11:51.228007168,413.84726,0.0
2020-11-08,21.701056,104.96197,2020-11-08 06:11:51.255003392,413.40323,0.0
2020-11-08,21.689655,104.96796,2020-11-08 06:11:51.282000128,414.4181,0.0
2020-11-08,21.677988,104.97374,2020-11-08 06:11:51.308996352,412.6608,0.0
2020-11-08,21.666393,104.979416,2020-11-08 06:11:51.335992832,413.6595,0.0
2020-11-08,21.654713,104.98503,2020-11-08 06:11:51.362989312,413.3125,0.0
2020-11-08,21.643003,104.99057,2020-11-08 06:11:51.389019904,412.31073,0.0
2020-11-08,21.631758,104.99636,2020-11-08 06:11:51.416016640,414.40884,0.0
2020-11-08,21.730991,104.95089,2020-11-08 06:11:51.562022656,413.3797,0.0
2020-11-08,21.719568,104.95685,2020-11-08 06:11:51.588013056,414.80804,0.0
2020-11-08,21.70807,104.962776,2020-11-08 06:11:51.615009536,413.60626,0.0
2020-11-08,21.696472,104.96861,2020-11-08 06:11:51.642006016,413.97876,0.0
2020-11-08,21.684856,104.97428,2020-11-08 06:11:51.669002496,413.83673,0.0
2020-11-08,21.67314,104.97987,2020-11-08 06:11:51.695998976,414.39697,0.0
2020-11-08,21.6614,104.9854,2020-11-08 06:11:51.722995200,413.32184,0.0
2020-11-08,21.649475,104.99076,2020-11-08 06:11:51.749026304,413.98746,0.0
2020-11-08,21.749483,104.945755,2020-11-08 06:11:51.894991872,413.20703,0.0
2020-11-08,21.738083,104.95173,2020-11-08 06:11:51.921022976,413.1469,0.0
2020-11-08,21.7265,104.95761,2020-11-08 06:11:51.948019200,414.51935,0.0
2020-11-08,21.71493,104.96347,2020-11-08 06:11:51.975015680,414.86475,0.0
2020-11-08,21.70334,104.96916,2020-11-08 06:11:52.002012160,414.29095,0.0
2020-11-08,21.69169,104.9748,2020-11-08 06:11:52.029008640,414.18753,0.0
2020-11-08,21.679703,104.98017,2020-11-08 06:11:52.056005120,412.7685,0.0
2020-11-08,21.66796,104.98566,2020-11-08 06:11:52.083001344,413.9854,0.0
2020-11-08,21.768213,104.940796,2020-11-08 06:11:52.228001536,413.8951,0.0
2020-11-08,21.756598,104.94664,2020-11-08 06:11:52.254998272,411.8023,0.0
2020-11-08,21.74486,104.95242,2020-11-08 06:11:52.281994496,412.67535,0.0
2020-11-08,21.733273,104.95828,2020-11-08 06:11:52.308990976,414.47925,0.0
2020-11-08,21.721722,104.964,2020-11-08 06:11:52.335987456,414.9427,0.0
2020-11-08,21.71027,104.96977,2020-11-08 06:11:52.363023872,414.35034,0.0
2020-11-08,21.698254,104.975136,2020-11-08 06:11:52.389014784,413.77905,0.0
2020-11-08,21.686438,104.980576,2020-11-08 06:11:52.416011008,413.6671,0.0
2020-11-08,21.78619,104.93535,2020-11-08 06:11:52.562017280,409.94736,0.0
2020-11-08,21.774776,104.94133,2020-11-08 06:11:52.588007680,411.65344,0.0
2020-11-08,21.763243,104.94726,2020-11-08 06:11:52.615004160,413.01575,0.0
2020-11-08,21.751696,104.95314,2020-11-08 06:11:52.642000640,412.83154,0.0
2020-11-08,21.740173,104.958885,2020-11-08 06:11:52.668997120,414.37128,0.0
2020-11-08,21.728378,104.96445,2020-11-08 06:11:52.695993344,415.1768,0.0
2020-11-08,21.716648,104.96999,2020-11-08 06:11:52.722990080,415.21518,0.0
2020-11-08,21.704758,104.975395,2020-11-08 06:11:52.749020928,413.931,0.0
2020-11-08,21.781723,104.942154,2020-11-08 06:11:52.948013824,412.20715,0.0
2020-11-08,21.758495,104.95369,2020-11-08 06:11:53.002006784,413.45367,0.0
2020-11-08,21.746817,104.959335,2020-11-08 06:11:53.029003264,414.20938,0.0
2020-11-08,21.73496,104.964806,2020-11-08 06:11:53.055999488,415.1207,0.0
2020-11-08,21.723103,104.97024,2020-11-08 06:11:53.082995968,415.3911,0.0
2020-11-08,21.811491,104.930984,2020-11-08 06:11:53.254992640,411.74713,0.0
2020-11-08,21.788385,104.94281,2020-11-08 06:11:53.308985344,414.7027,0.0
2020-11-08,21.753313,104.95969,2020-11-08 06:11:53.389009152,412.61725,0.0
2020-11-08,21.741585,104.9652,2020-11-08 06:11:53.416005632,414.9833,0.0
2020-11-08,21.84119,104.9198,2020-11-08 06:11:53.562011648,413.96295,0.0
2020-11-08,21.795204,104.94343,2020-11-08 06:11:53.668991488,414.8029,0.0
2020-11-08,21.859661,104.91473,2020-11-08 06:11:53.895021312,417.16547,0.0
2020-11-08,21.86673,104.91565,2020-11-08 06:11:54.255027456,415.88135,0.0
2020-11-08,21.855055,104.9215,2020-11-08 06:11:54.282023936,417.23666,0.0
2020-11-08,21.796429,104.949684,2020-11-08 06:11:54.416000256,416.43134,0.0
2020-11-08,21.987122,104.87819,2020-11-08 06:11:56.228020224,415.3585,0.0
2020-11-08,21.975708,104.88424,2020-11-08 06:11:56.255016448,415.07394,0.0
2020-11-08,21.993824,104.879105,2020-11-08 06:11:56.588026368,414.769,0.0
2020-11-08,21.982317,104.885124,2020-11-08 06:11:56.615022592,414.0303,0.0
2020-11-08,22.000448,104.880005,2020-11-08 06:11:56.947992064,413.979,0.0
2020-11-08,21.989012,104.88605,2020-11-08 06:11:56.974988544,414.65134,0.0
2020-11-08,21.977587,104.89194,2020-11-08 06:11:57.002025216,413.12445,0.0
2020-11-08,22.018854,104.87494,2020-11-08 06:11:57.282007808,413.63477,0.0
2020-11-08,22.007391,104.88096,2020-11-08 06:11:57.309004032,413.24207,0.0
2020-11-08,21.995518,104.88655,2020-11-08 06:11:57.336000512,414.24982,0.0
2020-11-08,21.983631,104.89213,2020-11-08 06:11:57.362996992,413.89624,0.0
2020-11-08,22.059908,104.85759,2020-11-08 06:11:57.561990144,414.28116,0.0
2020-11-08,22.014002,104.881516,2020-11-08 06:11:57.669010176,412.31885,0.0
2020-11-08,22.002314,104.88722,2020-11-08 06:11:57.696006656,414.1245,0.0
2020-11-08,21.990154,104.89257,2020-11-08 06:11:57.723002880,414.49622,0.0
2020-11-08,22.077824,104.852165,2020-11-08 06:11:57.894999808,414.8293,0.0
2020-11-08,22.019884,104.8816,2020-11-08 06:11:58.029016320,412.45126,0.0
2020-11-08,22.00817,104.88724,2020-11-08 06:11:58.056012544,413.9337,0.0
2020-11-08,21.996508,104.89287,2020-11-08 06:11:58.083009280,414.13177,0.0
2020-11-08,22.08472,104.85303,2020-11-08 06:11:58.255005952,413.55008,0.0
2020-11-08,22.07329,104.8591,2020-11-08 06:11:58.282002176,413.52362,0.0
2020-11-08,22.114351,104.841675,2020-11-08 06:11:58.562024704,413.82733,0.0
2020-11-08,22.102993,104.847786,2020-11-08 06:11:58.588015616,413.8487,0.0
2020-11-08,22.091589,104.85388,2020-11-08 06:11:58.615011840,413.25635,0.0
2020-11-08,22.08003,104.859856,2020-11-08 06:11:58.642008320,412.9785,0.0
2020-11-08,22.132702,104.83649,2020-11-08 06:11:58.894994176,413.417,0.0
2020-11-08,22.121738,104.84286,2020-11-08 06:11:58.921025024,414.17987,0.0
2020-11-08,22.098412,104.85469,2020-11-08 06:11:58.975017984,411.78046,0.0
2020-11-08,22.151316,104.83139,2020-11-08 06:11:59.228004096,414.99542,0.0
2020-11-08,22.128036,104.84326,2020-11-08 06:11:59.281996800,414.2349,0.0
2020-11-08,22.105085,104.855156,2020-11-08 06:11:59.335989760,414.02045,0.0
2020-11-08,22.093878,104.86118,2020-11-08 06:11:59.362985984,413.8065,0.0
2020-11-08,22.082712,104.86718,2020-11-08 06:11:59.389016832,413.80908,0.0
2020-11-08,22.17025,104.82648,2020-11-08 06:11:59.562019328,414.17218,0.0
2020-11-08,22.158363,104.832245,2020-11-08 06:11:59.588009984,412.38388,0.0
2020-11-08,22.146406,104.83798,2020-11-08 06:11:59.615006464,412.8694,0.0
2020-11-08,22.13475,104.8439,2020-11-08 06:11:59.642002944,413.4512,0.0
2020-11-08,22.123323,104.84981,2020-11-08 06:11:59.668999168,414.219,0.0
2020-11-08,22.111546,104.85548,2020-11-08 06:11:59.695995904,412.6844,0.0
2020-11-08,22.176931,104.82709,2020-11-08 06:11:59.921019648,412.84274,0.0
2020-11-08,22.1651,104.83292,2020-11-08 06:11:59.948016128,413.59494,0.0
2020-11-08,22.153248,104.838715,2020-11-08 06:11:59.975012608,412.68488,0.0
2020-11-08,22.141459,104.84439,2020-11-08 06:12:00.002008832,411.85025,0.0
2020-11-08,22.129868,104.85018,2020-11-08 06:12:00.029005568,413.20752,0.0
2020-11-08,22.1181,104.85581,2020-11-08 06:12:00.056001792,411.54053,0.0
2020-11-08,22.1839,104.82792,2020-11-08 06:12:00.281991424,413.65543,0.0
2020-11-08,22.160088,104.83929,2020-11-08 06:12:00.336024576,413.0658,0.0
2020-11-08,22.148232,104.84492,2020-11-08 06:12:00.363020800,412.68015,0.0
2020-11-08,22.224424,104.810005,2020-11-08 06:12:00.562014208,414.61722,0.0
2020-11-08,22.213612,104.81649,2020-11-08 06:12:00.588004608,414.12646,0.0
2020-11-08,22.202177,104.822586,2020-11-08 06:12:00.615001088,413.034,0.0
2020-11-08,22.190302,104.82837,2020-11-08 06:12:00.641997312,411.94058,0.0
2020-11-08,22.179312,104.834564,2020-11-08 06:12:00.668994048,412.64102,0.0
2020-11-08,22.166903,104.83984,2020-11-08 06:12:00.695990272,413.71454,0.0
2020-11-08,22.15519,104.84552,2020-11-08 06:12:00.723026944,412.55814,0.0
2020-11-08,22.143349,104.85106,2020-11-08 06:12:00.749017600,414.1747,0.0
2020-11-08,22.242874,104.80476,2020-11-08 06:12:00.895023616,413.946,0.0
2020-11-08,22.22018,104.81707,2020-11-08 06:12:00.948010752,413.57886,0.0
2020-11-08,22.208616,104.82307,2020-11-08 06:12:00.975006976,411.99155,0.0
2020-11-08,22.196997,104.828865,2020-11-08 06:12:01.002003712,413.21478,0.0
2020-11-08,22.185583,104.834785,2020-11-08 06:12:01.028999936,413.00726,0.0
2020-11-08,22.173687,104.84035,2020-11-08 06:12:01.055996416,413.39563,0.0
2020-11-08,22.161528,104.8457,2020-11-08 06:12:01.082992896,413.587,0.0
2020-11-08,22.261312,104.79955,2020-11-08 06:12:01.227993088,414.2942,0.0
2020-11-08,22.249832,104.80562,2020-11-08 06:12:01.254989568,413.12167,0.0
2020-11-08,22.215364,104.82364,2020-11-08 06:12:01.336018944,413.99725,0.0
2020-11-08,22.203777,104.82945,2020-11-08 06:12:01.363015424,411.52142,0.0
2020-11-08,22.192146,104.83519,2020-11-08 06:12:01.389006080,412.58395,0.0
2020-11-08,22.181202,104.84131,2020-11-08 06:12:01.416002560,413.58224,0.0
2020-11-08,22.268562,104.80061,2020-11-08 06:12:01.587999232,412.52756,0.0
2020-11-08,22.25667,104.80643,2020-11-08 06:12:01.614995456,413.37476,0.0
2020-11-08,22.244995,104.81237,2020-11-08 06:12:01.641992192,412.46915,0.0
2020-11-08,22.298117,104.78911,2020-11-08 06:12:01.895017984,412.91486,0.0
2020-11-08,22.286558,104.79513,2020-11-08 06:12:01.921008896,412.493,0.0
2020-11-08,22.275955,104.80179,2020-11-08 06:12:01.948005120,413.753,0.0
2020-11-08,22.263655,104.80733,2020-11-08 06:12:01.975001856,413.98495,0.0
2020-11-08,22.251764,104.812965,2020-11-08 06:12:02.001998080,413.3254,0.0
2020-11-08,22.240053,104.81872,2020-11-08 06:12:02.028994560,412.93283,0.0
2020-11-08,22.228786,104.824684,2020-11-08 06:12:02.055991040,414.1647,0.0
2020-11-08,22.21643,104.829926,2020-11-08 06:12:02.082987264,412.76462,0.0
2020-11-08,22.293505,104.79597,2020-11-08 06:12:02.282020864,413.04333,0.0
2020-11-08,22.282246,104.80218,2020-11-08 06:12:02.309017088,413.58038,0.0
2020-11-08,22.25855,104.813515,2020-11-08 06:12:02.363010048,413.84528,0.0
2020-11-08,22.235437,104.82505,2020-11-08 06:12:02.415996928,415.4244,0.0
2020-11-08,22.334616,104.77836,2020-11-08 06:12:02.562003200,413.7574,0.0
2020-11-08,22.323526,104.78468,2020-11-08 06:12:02.587993600,412.79413,0.0
2020-11-08,22.31176,104.790596,2020-11-08 06:12:02.614990336,413.2391,0.0
2020-11-08,22.300297,104.796684,2020-11-08 06:12:02.642027008,413.1417,0.0
2020-11-08,22.289137,104.802795,2020-11-08 06:12:02.669023232,413.87732,0.0
2020-11-08,22.253181,104.81939,2020-11-08 06:12:02.749006848,413.54388,0.0
2020-11-08,22.352907,104.772995,2020-11-08 06:12:02.895012864,414.13718,0.0
2020-11-08,22.341858,104.77936,2020-11-08 06:12:02.921003264,414.44476,0.0
2020-11-08,22.330578,104.78559,2020-11-08 06:12:02.948000000,413.13254,0.0
2020-11-08,22.318487,104.791275,2020-11-08 06:12:02.974996224,413.54596,0.0
2020-11-08,22.306934,104.79714,2020-11-08 06:12:03.001992704,413.3365,0.0
2020-11-08,22.29523,104.80292,2020-11-08 06:12:03.028989184,413.58072,0.0
2020-11-08,22.37144,104.76785,2020-11-08 06:12:03.228022528,414.29337,0.0
2020-11-08,22.360125,104.774055,2020-11-08 06:12:03.255019008,414.17007,0.0
2020-11-08,22.349005,104.7804,2020-11-08 06:12:03.282015232,415.6325,0.0
2020-11-08,22.337063,104.786194,2020-11-08 06:12:03.309011712,414.84357,0.0
2020-11-08,22.325294,104.79194,2020-11-08 06:12:03.336008192,413.82626,0.0
2020-11-08,22.313477,104.797646,2020-11-08 06:12:03.363004672,412.87384,0.0
2020-11-08,22.302174,104.80362,2020-11-08 06:12:03.388995072,413.20847,0.0
2020-11-08,22.29046,104.809296,2020-11-08 06:12:03.415991808,412.8618,0.0
2020-11-08,22.390022,104.76278,2020-11-08 06:12:03.561997568,413.05167,0.0
2020-11-08,22.378828,104.76906,2020-11-08 06:12:03.587988480,413.34525,0.0
2020-11-08,22.366964,104.77493,2020-11-08 06:12:03.615025152,413.91113,0.0
2020-11-08,22.355467,104.78101,2020-11-08 06:12:03.642021376,414.63086,0.0
2020-11-08,22.343956,104.786934,2020-11-08 06:12:03.669017856,413.89447,0.0
2020-11-08,22.33216,104.792656,2020-11-08 06:12:03.696014336,413.3156,0.0
2020-11-08,22.320333,104.7983,2020-11-08 06:12:03.723010816,414.15567,0.0
2020-11-08,22.308554,104.80394,2020-11-08 06:12:03.749001216,414.34665,0.0
2020-11-08,22.385675,104.76994,2020-11-08 06:12:03.947994368,414.04572,0.0
2020-11-08,22.37411,104.775986,2020-11-08 06:12:03.974990848,414.1283,0.0
2020-11-08,22.362492,104.78184,2020-11-08 06:12:04.001987328,413.97134,0.0
2020-11-08,22.350481,104.787415,2020-11-08 06:12:04.029024000,413.3305,0.0
2020-11-08,22.338951,104.79324,2020-11-08 06:12:04.056020224,412.90286,0.0
2020-11-08,22.326939,104.79873,2020-11-08 06:12:04.083016960,413.53647,0.0
2020-11-08,22.392385,104.77057,2020-11-08 06:12:04.309006336,413.7706,0.0
2020-11-08,22.38097,104.776535,2020-11-08 06:12:04.336002816,413.64386,0.0
2020-11-08,22.369081,104.782196,2020-11-08 06:12:04.362999296,413.99057,0.0
2020-11-08,22.357067,104.78773,2020-11-08 06:12:04.388989952,413.72913,0.0
2020-11-08,22.345339,104.79339,2020-11-08 06:12:04.416026624,414.71658,0.0
2020-11-08,22.387384,104.77679,2020-11-08 06:12:04.696008960,412.87173,0.0
2020-11-08,22.375542,104.78243,2020-11-08 06:12:04.723005184,413.10553,0.0
2020-11-08,22.363552,104.78794,2020-11-08 06:12:04.748995840,413.7035,0.0
2020-11-08,22.393938,104.77709,2020-11-08 06:12:05.056015104,412.35007,0.0
2020-11-08,22.548216,104.73032,2020-11-08 06:12:07.336026624,414.27362,0.0
2020-11-08,22.553598,104.72999,2020-11-08 06:12:07.695992576,414.6554,0.0
2020-11-08,22.5604,104.73053,2020-11-08 06:12:08.055998720,412.82632,0.0
2020-11-13,19.310242,103.89613,2020-11-13 06:28:46.309002752,412.4643,0.0
2020-11-13,20.76358,103.55113,2020-11-13 06:29:09.894994432,411.87567,0.0
2020-11-13,20.755089,103.55628,2020-11-13 06:29:09.921025280,412.71017,0.0
2020-11-13,20.783682,103.546486,2020-11-13 06:29:10.228004096,411.6971,0.0
2020-11-13,20.775232,103.551636,2020-11-13 06:29:10.255000576,412.4971,0.0
2020-11-13,20.76674,103.556725,2020-11-13 06:29:10.281997056,412.4464,0.0
2020-11-13,20.75813,103.56176,2020-11-13 06:29:10.308993280,411.68756,0.0
2020-11-13,20.74956,103.56667,2020-11-13 06:29:10.335990016,411.60797,0.0
2020-11-13,20.803827,103.54183,2020-11-13 06:29:10.562019584,411.40207,0.0
2020-11-13,20.79535,103.54699,2020-11-13 06:29:10.588010240,411.55142,0.0
2020-11-13,20.786865,103.55208,2020-11-13 06:29:10.615006720,412.41403,0.0
2020-11-13,20.778257,103.55711,2020-11-13 06:29:10.642002944,412.8378,0.0
2020-11-13,20.769695,103.56202,2020-11-13 06:29:10.668999680,411.4606,0.0
2020-11-13,20.761072,103.566864,2020-11-13 06:29:10.695996160,409.67926,0.0
2020-11-13,20.75241,103.57162,2020-11-13 06:29:10.722992384,411.2156,0.0
2020-11-13,20.815525,103.542244,2020-11-13 06:29:10.921019904,410.8682,0.0
2020-11-13,20.807041,103.54733,2020-11-13 06:29:10.948016384,412.2222,0.0
2020-11-13,20.798433,103.55237,2020-11-13 06:29:10.975012864,411.90082,0.0
2020-11-13,20.789873,103.55728,2020-11-13 06:29:11.002009088,413.05157,0.0
2020-11-13,20.78125,103.562126,2020-11-13 06:29:11.029005568,412.8715,0.0
2020-11-13,20.77259,103.56689,2020-11-13 06:29:11.056002048,412.0052,0.0
2020-11-13,20.76392,103.571526,2020-11-13 06:29:11.082998528,411.91516,0.0
2020-11-13,20.844175,103.53234,2020-11-13 06:29:11.227998720,412.72812,0.0
2020-11-13,20.835695,103.5375,2020-11-13 06:29:11.254995200,411.263,0.0
2020-11-13,20.827215,103.54259,2020-11-13 06:29:11.281991424,410.78754,0.0
2020-11-13,20.81861,103.54763,2020-11-13 06:29:11.308988160,411.99615,0.0
2020-11-13,20.81005,103.55254,2020-11-13 06:29:11.336024832,412.81546,0.0
2020-11-13,20.801428,103.557396,2020-11-13 06:29:11.363021056,411.4615,0.0
2020-11-13,20.792768,103.56216,2020-11-13 06:29:11.389011968,412.5336,0.0
2020-11-13,20.784098,103.5668,2020-11-13 06:29:11.416008192,412.66733,0.0
2020-11-13,20.864334,103.52759,2020-11-13 06:29:11.562014208,411.69092,0.0
2020-11-13,20.855867,103.53275,2020-11-13 06:29:11.588004864,411.56802,0.0
2020-11-13,20.84739,103.53784,2020-11-13 06:29:11.615001088,411.59244,0.0
2020-11-13,20.838783,103.54287,2020-11-13 06:29:11.641997824,412.06232,0.0
2020-11-13,20.830221,103.54778,2020-11-13 06:29:11.668994304,413.27585,0.0
2020-11-13,20.821598,103.55263,2020-11-13 06:29:11.695990528,413.24155,0.0
2020-11-13,20.812939,103.55739,2020-11-13 06:29:11.722987008,411.61768,0.0
2020-11-13,20.804266,103.56203,2020-11-13 06:29:11.749017600,411.46704,0.0
2020-11-13,20.884487,103.52274,2020-11-13 06:29:11.895023872,412.9881,0.0
2020-11-13,20.876026,103.52789,2020-11-13 06:29:11.921014528,412.69977,0.0
2020-11-13,20.867535,103.53298,2020-11-13 06:29:11.948011008,411.8049,0.0
2020-11-13,20.85893,103.53802,2020-11-13 06:29:11.975007232,412.07285,0.0
2020-11-13,20.85037,103.54294,2020-11-13 06:29:12.002003712,412.96146,0.0
2020-11-13,20.84175,103.54778,2020-11-13 06:29:12.029000192,412.5476,0.0
2020-11-13,20.83309,103.55254,2020-11-13 06:29:12.055996672,413.33902,0.0
2020-11-13,20.824415,103.5572,2020-11-13 06:29:12.082993152,412.72488,0.0
2020-11-13,20.89618,103.52303,2020-11-13 06:29:12.254989568,412.35718,0.0
2020-11-13,20.88768,103.52813,2020-11-13 06:29:12.282026240,412.3309,0.0
2020-11-13,20.879078,103.53317,2020-11-13 06:29:12.309022976,411.8989,0.0
2020-11-13,20.861898,103.54294,2020-11-13 06:29:12.363015680,412.58963,0.0
2020-11-13,20.853241,103.54771,2020-11-13 06:29:12.389006336,412.3036,0.0
2020-11-13,20.844566,103.55236,2020-11-13 06:29:12.416002816,412.22534,0.0
2020-11-13,20.924784,103.513016,2020-11-13 06:29:12.562008832,412.3019,0.0
2020-11-13,20.91631,103.51818,2020-11-13 06:29:12.587999232,412.08136,0.0
2020-11-13,20.907831,103.52328,2020-11-13 06:29:12.614995968,413.13608,0.0
2020-11-13,20.890701,103.533264,2020-11-13 06:29:12.668988672,413.2581,0.0
2020-11-13,20.882097,103.538124,2020-11-13 06:29:12.696025344,412.59534,0.0
2020-11-13,20.873455,103.54291,2020-11-13 06:29:12.723021824,410.59906,0.0
2020-11-13,20.864794,103.54758,2020-11-13 06:29:12.749012480,413.77493,0.0
2020-11-13,20.945066,103.50826,2020-11-13 06:29:12.895018496,415.71338,0.0
2020-11-13,20.936626,103.513435,2020-11-13 06:29:12.921009152,414.7731,0.0
2020-11-13,20.928158,103.51854,2020-11-13 06:29:12.948005376,412.99335,0.0
2020-11-13,20.91957,103.5236,2020-11-13 06:29:12.975001856,411.81845,0.0
2020-11-13,20.91103,103.528534,2020-11-13 06:29:13.001998336,412.90652,0.0
2020-11-13,20.902426,103.5334,2020-11-13 06:29:13.028994816,413.61993,0.0
2020-11-13,20.893785,103.538185,2020-11-13 06:29:13.055991296,412.24066,0.0
2020-11-13,20.885124,103.542854,2020-11-13 06:29:13.082987776,412.88818,0.0
2020-11-13,20.965406,103.50352,2020-11-13 06:29:13.227987712,411.8944,0.0
2020-11-13,20.956947,103.5087,2020-11-13 06:29:13.255024384,411.17572,0.0
2020-11-13,20.948483,103.51381,2020-11-13 06:29:13.282021120,412.53342,0.0
2020-11-13,20.939898,103.51887,2020-11-13 06:29:13.309017344,414.58365,0.0
2020-11-13,20.931356,103.5238,2020-11-13 06:29:13.336013824,412.39102,0.0
2020-11-13,20.922754,103.52867,2020-11-13 06:29:13.363010304,412.59497,0.0
2020-11-13,20.914116,103.53346,2020-11-13 06:29:13.389000960,411.97256,0.0
2020-11-13,20.905457,103.53814,2020-11-13 06:29:13.415997184,413.59427,0.0
2020-11-13,20.98573,103.49877,2020-11-13 06:29:13.562003456,413.1786,0.0
2020-11-13,20.977278,103.50395,2020-11-13 06:29:13.587994112,413.56723,0.0
2020-11-13,20.968801,103.50907,2020-11-13 06:29:13.614990592,412.84143,0.0
2020-11-13,20.960203,103.51413,2020-11-13 06:29:13.642027264,412.5004,0.0
2020-11-13,20.95165,103.519066,2020-11-13 06:29:13.669023488,413.00208,0.0
2020-11-13,20.943035,103.52393,2020-11-13 06:29:13.696019968,413.69666,0.0
2020-11-13,20.934383,103.52872,2020-11-13 06:29:13.723016192,413.884,0.0
2020-11-13,20.925714,103.53339,2020-11-13 06:29:13.749007104,412.82455,0.0
2020-11-13,21.005907,103.49398,2020-11-13 06:29:13.895013120,414.48572,0.0
2020-11-13,20.997444,103.49916,2020-11-13 06:29:13.921003520,413.86578,0.0
2020-11-13,20.988953,103.50428,2020-11-13 06:29:13.948000000,413.85898,0.0
2020-11-13,20.980356,103.50934,2020-11-13 06:29:13.974996480,413.57587,0.0
2020-11-13,20.971804,103.51428,2020-11-13 06:29:14.001992960,413.6585,0.0
2020-11-13,20.96319,103.51915,2020-11-13 06:29:14.028989440,412.1697,0.0
2020-11-13,20.954538,103.52394,2020-11-13 06:29:14.056025856,411.9185,0.0
2020-11-13,20.945866,103.52862,2020-11-13 06:29:14.083022592,413.58737,0.0
2020-11-13,21.017584,103.49436,2020-11-13 06:29:14.255019264,412.45908,0.0
2020-11-13,21.009102,103.49948,2020-11-13 06:29:14.282015488,413.67667,0.0
2020-11-13,21.000507,103.50455,2020-11-13 06:29:14.309011968,415.45523,0.0
2020-11-13,20.991955,103.50949,2020-11-13 06:29:14.336008448,414.69012,0.0
2020-11-13,20.983343,103.514366,2020-11-13 06:29:14.363004928,414.03732,0.0
2020-11-13,20.974693,103.51916,2020-11-13 06:29:14.388995328,413.0856,0.0
2020-11-13,20.966022,103.52384,2020-11-13 06:29:14.415991808,413.7,0.0
2020-11-13,21.046154,103.48439,2020-11-13 06:29:14.561997824,413.86398,0.0
2020-11-13,21.037718,103.48957,2020-11-13 06:29:14.587988736,413.2431,0.0
2020-11-13,21.029251,103.4947,2020-11-13 06:29:14.615025408,412.91296,0.0
2020-11-13,21.02065,103.49977,2020-11-13 06:29:14.642021632,412.19266,0.0
2020-11-13,21.012094,103.50472,2020-11-13 06:29:14.669018112,414.11963,0.0
2020-11-13,20.994823,103.514404,2020-11-13 06:29:14.723011072,414.82877,0.0
2020-11-13,20.986147,103.5191,2020-11-13 06:29:14.749001472,414.03967,0.0
2020-11-13,21.06623,103.47965,2020-11-13 06:29:14.895007488,414.15732,0.0
2020-11-13,21.05778,103.48484,2020-11-13 06:29:14.920998144,412.50885,0.0
2020-11-13,21.023563,103.50488,2020-11-13 06:29:15.029024000,412.08685,0.0
2020-11-13,21.006239,103.51438,2020-11-13 06:29:15.083017216,412.83716,0.0
2020-11-13,21.069412,103.48523,2020-11-13 06:29:15.282010112,414.43167,0.0
2020-11-13,21.034996,103.50497,2020-11-13 06:29:15.388989952,412.4729,0.0
2020-11-13,21.026329,103.50966,2020-11-13 06:29:15.416026624,411.92285,0.0
2020-11-13,21.106445,103.47015,2020-11-13 06:29:15.561992704,411.81134,0.0
2020-11-13,21.046423,103.50499,2020-11-13 06:29:15.748996352,412.1908,0.0
2020-11-13,21.126535,103.465515,2020-11-13 06:29:15.895002112,412.607,0.0
2020-11-13,21.118065,103.47073,2020-11-13 06:29:15.920992768,412.29236,0.0
2020-11-13,21.10958,103.47589,2020-11-13 06:29:15.947989248,413.63828,0.0
2020-11-13,21.100985,103.48099,2020-11-13 06:29:15.975025920,412.89078,0.0
2020-11-13,21.075174,103.4957,2020-11-13 06:29:16.056015360,412.1768,0.0
2020-11-13,21.14662,103.4609,2020-11-13 06:29:16.228011776,413.99506,0.0
2020-11-13,21.12107,103.47638,2020-11-13 06:29:16.309001216,414.24423,0.0
2020-11-13,21.112522,103.48136,2020-11-13 06:29:16.335997696,411.7768,0.0
2020-11-13,21.103912,103.48627,2020-11-13 06:29:16.362993920,411.26898,0.0
2020-11-13,21.166687,103.45628,2020-11-13 06:29:16.562027520,413.3074,0.0
2020-11-13,21.141155,103.47176,2020-11-13 06:29:16.642010624,413.70032,0.0
2020-11-13,21.132605,103.476746,2020-11-13 06:29:16.669007360,413.62692,0.0
2020-11-13,21.123993,103.48166,2020-11-13 06:29:16.696003584,412.848,0.0
2020-11-13,21.115343,103.48648,2020-11-13 06:29:16.723000064,411.61865,0.0
2020-11-13,21.106672,103.491196,2020-11-13 06:29:16.748990720,412.463,0.0
2020-11-13,21.152657,103.47209,2020-11-13 06:29:17.002017024,412.4607,0.0
2020-11-13,21.144047,103.477005,2020-11-13 06:29:17.029013504,412.79797,0.0
2020-11-13,21.135397,103.481834,2020-11-13 06:29:17.056009728,412.26904,0.0
2020-11-13,21.126724,103.48656,2020-11-13 06:29:17.083006208,411.8564,0.0
2020-11-13,21.181257,103.462456,2020-11-13 06:29:17.308995840,412.0072,0.0
2020-11-13,21.172709,103.46744,2020-11-13 06:29:17.335992064,412.59567,0.0
2020-11-13,21.164099,103.47235,2020-11-13 06:29:17.362988544,415.0774,0.0
2020-11-13,21.155453,103.47719,2020-11-13 06:29:17.389019392,413.2838,0.0
2020-11-13,21.218445,103.4475,2020-11-13 06:29:17.588012544,411.8111,0.0
2020-11-13,21.201305,103.45777,2020-11-13 06:29:17.642005504,412.63763,0.0
2020-11-13,21.192755,103.46274,2020-11-13 06:29:17.669001728,413.16052,0.0
2020-11-13,21.175497,103.47246,2020-11-13 06:29:17.722994688,412.0018,0.0
2020-11-13,21.221325,103.45289,2020-11-13 06:29:17.975015168,413.05774,0.0
2020-11-13,21.212778,103.45786,2020-11-13 06:29:18.002011648,413.57513,0.0
2020-11-13,21.204168,103.46277,2020-11-13 06:29:18.029007872,414.04367,0.0
2020-11-13,21.266891,103.43253,2020-11-13 06:29:18.228001024,413.1348,0.0
2020-11-13,21.258427,103.43775,2020-11-13 06:29:18.254997504,412.60266,0.0
2020-11-13,21.2328,103.45299,2020-11-13 06:29:18.336026880,412.678,0.0
2020-11-13,21.224192,103.4579,2020-11-13 06:29:18.363023360,412.35858,0.0
2020-11-13,21.215546,103.46272,2020-11-13 06:29:18.389014016,413.9065,0.0
2020-11-13,21.269958,103.438034,2020-11-13 06:29:18.615003648,413.6157,0.0
2020-11-13,21.261374,103.443146,2020-11-13 06:29:18.641999872,412.94052,0.0
2020-11-13,21.252834,103.44814,2020-11-13 06:29:18.668996352,412.64078,0.0
2020-11-13,21.244232,103.45307,2020-11-13 06:29:18.695992832,411.11682,0.0
2020-11-13,21.307043,103.42287,2020-11-13 06:29:18.895026176,412.50595,0.0
2020-11-13,21.264322,103.44835,2020-11-13 06:29:19.029002496,411.089,0.0
2020-11-13,21.318665,103.42337,2020-11-13 06:29:19.254992128,414.1758,0.0
2020-11-13,21.347208,103.41338,2020-11-13 06:29:19.562010880,409.39984,0.0
2020-11-13,21.338749,103.41864,2020-11-13 06:29:19.588001792,410.41696,0.0
2020-11-13,21.321629,103.42896,2020-11-13 06:29:19.641994496,413.37033,0.0
2020-11-13,21.313087,103.43397,2020-11-13 06:29:19.668990976,412.19827,0.0
2020-11-13,21.367245,103.408646,2020-11-13 06:29:19.895020800,412.4276,0.0
2020-11-13,21.333124,103.42924,2020-11-13 06:29:20.002000640,411.7947,0.0
2020-11-13,21.307203,103.4438,2020-11-13 06:29:20.082989824,412.98837,0.0
2020-11-13,21.387276,103.4039,2020-11-13 06:29:20.227990272,411.4516,0.0
2020-11-13,21.378815,103.40916,2020-11-13 06:29:20.254986496,410.97614,0.0
2020-11-13,21.361696,103.419495,2020-11-13 06:29:20.309019648,412.288,0.0
2020-11-13,21.344559,103.42945,2020-11-13 06:29:20.363012608,412.3517,0.0
2020-11-13,21.327242,103.43909,2020-11-13 06:29:20.415999744,413.96436,0.0
2020-11-13,21.407307,103.399155,2020-11-13 06:29:20.562005504,412.00494,0.0
2020-11-13,21.398846,103.40442,2020-11-13 06:29:20.587996160,411.23914,0.0
2020-11-13,21.38173,103.41475,2020-11-13 06:29:20.641989120,411.15173,0.0
2020-11-13,21.37319,103.41976,2020-11-13 06:29:20.669025792,412.0141,0.0
2020-11-13,21.36459,103.4247,2020-11-13 06:29:20.696022272,412.48434,0.0
2020-11-13,21.393202,103.41493,2020-11-13 06:29:21.001995008,412.84012,0.0
2020-11-13,21.384604,103.419876,2020-11-13 06:29:21.028991744,412.0342,0.0
2020-11-13,21.430328,103.399956,2020-11-13 06:29:21.282017792,412.88397,0.0
2020-11-13,21.42175,103.40509,2020-11-13 06:29:21.309014272,411.3268,0.0
2020-11-13,21.404615,103.41505,2020-11-13 06:29:21.363006976,412.3004,0.0
2020-11-13,21.470459,103.390495,2020-11-13 06:29:21.947996928,412.57706,0.0
2020-11-13,21.464905,103.40103,2020-11-13 06:29:22.363001856,411.54968,0.0
2020-11-13,21.456282,103.40592,2020-11-13 06:29:22.388992256,414.84766,0.0
2020-11-13,21.527664,103.3707,2020-11-13 06:29:22.561994752,412.62994,0.0
2020-11-13,21.547804,103.366005,2020-11-13 06:29:22.895004416,412.67368,0.0
2020-11-13,21.539362,103.37129,2020-11-13 06:29:22.920995072,412.89902,0.0
2020-11-13,21.567945,103.3613,2020-11-13 06:29:23.228014080,412.94012,0.0
2020-11-13,21.559505,103.36659,2020-11-13 06:29:23.255010560,412.9092,0.0
2020-11-13,21.588089,103.3566,2020-11-13 06:29:23.561989376,412.1321,0.0
2020-11-13,21.579649,103.36189,2020-11-13 06:29:23.588020224,412.0762,0.0
2020-11-13,21.562572,103.37229,2020-11-13 06:29:23.642013184,412.08813,0.0
2020-11-13,21.528225,103.39196,2020-11-13 06:29:23.748993024,411.73434,0.0
2020-11-13,21.574186,103.37252,2020-11-13 06:29:24.002019072,412.5554,0.0
2020-11-13,21.565609,103.37749,2020-11-13 06:29:24.029015552,411.69284,0.0
2020-11-13,21.556992,103.38238,2020-11-13 06:29:24.056012032,410.455,0.0
2020-11-13,21.548351,103.38716,2020-11-13 06:29:24.083008512,410.6488,0.0
2020-11-13,21.628283,103.34698,2020-11-13 06:29:24.228008704,410.94507,0.0
2020-11-13,21.58574,103.37268,2020-11-13 06:29:24.362990848,413.97083,0.0
2020-11-13,21.568466,103.38238,2020-11-13 06:29:24.416017920,410.98215,0.0
2020-11-13,21.648375,103.342155,2020-11-13 06:29:24.562024192,414.5542,0.0
2020-11-13,21.605911,103.367905,2020-11-13 06:29:24.696000512,411.24603,0.0
2020-11-13,21.59731,103.37282,2020-11-13 06:29:24.722996992,411.83105,0.0
2020-11-13,21.643251,103.353195,2020-11-13 06:29:24.975017216,413.2871,0.0
2020-11-13,21.63475,103.35825,2020-11-13 06:29:25.002013696,412.60242,0.0
2020-11-13,21.617586,103.368164,2020-11-13 06:29:25.056006656,411.46887,0.0
2020-11-13,21.608965,103.37296,2020-11-13 06:29:25.083003136,412.18335,0.0
2020-11-13,21.688896,103.332794,2020-11-13 06:29:25.228003328,412.35107,0.0
2020-11-13,21.680485,103.338104,2020-11-13 06:29:25.254999552,413.09607,0.0
2020-11-13,21.663525,103.34853,2020-11-13 06:29:25.308992512,409.99826,0.0
2020-11-13,21.655025,103.3536,2020-11-13 06:29:25.335988992,412.32175,0.0
2020-11-13,21.646463,103.3586,2020-11-13 06:29:25.363025664,413.5637,0.0
2020-11-13,21.629244,103.36832,2020-11-13 06:29:25.416012800,412.83264,0.0
2020-11-13,21.692337,103.33867,2020-11-13 06:29:25.615005696,413.8951,0.0
2020-11-13,21.675276,103.348885,2020-11-13 06:29:25.668998656,412.53354,0.0
2020-11-13,21.666704,103.35387,2020-11-13 06:29:25.695995136,410.1378,0.0
2020-11-13,21.658096,103.358765,2020-11-13 06:29:25.722991360,409.60834,0.0
2020-11-13,21.649462,103.363556,2020-11-13 06:29:25.749022464,412.3626,0.0
2020-11-13,21.678244,103.35384,2020-11-13 06:29:26.056001280,411.77682,0.0
2020-11-13,21.724072,103.33397,2020-11-13 06:29:26.308987136,413.61716,0.0
2020-11-13,21.735727,103.334114,2020-11-13 06:29:26.668993280,413.93643,0.0
2020-11-13,21.727169,103.33912,2020-11-13 06:29:26.695989504,413.3506,0.0
2020-11-13,21.70993,103.34888,2020-11-13 06:29:26.749017088,412.70734,0.0
2020-11-13,21.781496,103.31378,2020-11-13 06:29:26.921013504,413.28735,0.0
2020-11-13,21.764463,103.32424,2020-11-13 06:29:26.975006464,414.59818,0.0
2020-11-13,21.755966,103.329315,2020-11-13 06:29:27.002002944,413.47623,0.0
2020-11-13,21.74741,103.33432,2020-11-13 06:29:27.028999424,413.10373,0.0
2020-11-13,21.730173,103.344086,2020-11-13 06:29:27.082992128,413.628,0.0
2020-11-13,21.776207,103.32452,2020-11-13 06:29:27.336018432,412.0328,0.0
2020-11-13,21.821968,103.30416,2020-11-13 06:29:27.587998464,411.66174,0.0
2020-11-13,21.770592,103.33454,2020-11-13 06:29:27.749011456,411.9419,0.0
2020-11-13,21.825005,103.30993,2020-11-13 06:29:27.975001088,412.43976,0.0
2020-11-13,21.807932,103.32004,2020-11-13 06:29:28.028993792,411.59946,0.0
2020-11-13,21.790678,103.329834,2020-11-13 06:29:28.083026944,411.77182,0.0
2020-11-13,21.862135,103.2947,2020-11-13 06:29:28.255023616,409.50583,0.0
2020-11-13,21.853634,103.29999,2020-11-13 06:29:28.282020096,411.9522,0.0
2020-11-13,21.819414,103.32027,2020-11-13 06:29:28.388999936,411.22372,0.0
2020-11-13,21.810766,103.32513,2020-11-13 06:29:28.415996672,411.4253,0.0
2020-11-13,21.85665,103.30558,2020-11-13 06:29:28.669022464,410.64008,0.0
2020-11-13,21.848078,103.31061,2020-11-13 06:29:28.696019200,412.90228,0.0
2020-11-13,21.839468,103.315544,2020-11-13 06:29:28.723015424,413.72247,0.0
2020-11-13,21.859463,103.31082,2020-11-13 06:29:29.056025088,410.9289,0.0
2020-11-13,21.850811,103.31568,2020-11-13 06:29:29.083021568,412.4351,0.0
2020-11-13,21.930628,103.27512,2020-11-13 06:29:29.228021760,413.07303,0.0
2020-11-13,21.9222,103.28047,2020-11-13 06:29:29.255018240,411.69046,0.0
2020-11-13,21.87946,103.30609,2020-11-13 06:29:29.388994816,412.0123,0.0
2020-11-13,21.950615,103.27037,2020-11-13 06:29:29.561997056,413.277,0.0
2020-11-13,21.942188,103.27573,2020-11-13 06:29:29.587987712,411.94592,0.0
2020-11-13,21.962177,103.271225,2020-11-13 06:29:29.920997376,413.04678,0.0
2020-11-13,21.953676,103.27655,2020-11-13 06:29:29.947993856,410.0509,0.0
2020-11-13,21.936623,103.286934,2020-11-13 06:29:30.002026752,411.36954,0.0
2020-11-13,22.01058,103.25685,2020-11-13 06:29:30.561991680,409.5859,0.0
2020-11-13,21.959463,103.28796,2020-11-13 06:29:30.723004672,411.8403,0.0
2020-11-13,21.95082,103.29285,2020-11-13 06:29:30.748995328,412.13953,0.0
2020-11-13,22.070713,103.24285,2020-11-13 06:29:31.562026496,413.3525,0.0
2020-11-13,22.082376,103.243614,2020-11-13 06:29:31.920986368,412.04858,0.0
2020-11-13,22.059813,103.264824,2020-11-13 06:29:32.389018624,412.14655,0.0
2020-11-13,22.097029,103.250114,2020-11-13 06:29:32.669000960,413.07306,0.0
2020-11-13,22.071247,103.26506,2020-11-13 06:29:32.749024512,409.9952,0.0
2020-11-13,22.222927,103.210365,2020-11-13 06:29:34.254991104,411.64575,0.0
2020-11-13,22.205936,103.220985,2020-11-13 06:29:34.309024256,412.0826,0.0
2020-11-13,22.24307,103.20556,2020-11-13 06:29:34.588000768,411.47177,0.0
2020-11-13,22.294903,103.196365,2020-11-13 06:29:35.614991616,410.6565,0.0
2020-11-13,22.306444,103.19685,2020-11-13 06:29:35.974998016,410.30542,0.0
2020-11-13,22.343496,103.1814,2020-11-13 06:29:36.255020544,410.35355,0.0
2020-11-13,22.358124,103.18778,2020-11-13 06:29:37.001988864,411.09637,0.0
2020-11-13,22.352425,103.19823,2020-11-13 06:29:37.415987968,412.53983,0.0
2020-11-13,22.43204,103.15709,2020-11-13 06:29:37.561993728,411.02737,0.0
2020-11-13,22.401009,103.18365,2020-11-13 06:29:38.056016384,412.68463,0.0
2020-11-13,22.392384,103.1886,2020-11-13 06:29:38.083013120,410.91568,0.0
2020-11-13,22.463549,103.152756,2020-11-13 06:29:38.255009536,410.60504,0.0
2020-11-13,22.446558,103.16344,2020-11-13 06:29:38.309002496,414.1331,0.0
2020-11-13,22.438082,103.168625,2020-11-13 06:29:38.335998976,412.0699,0.0
2020-11-13,22.412342,103.18372,2020-11-13 06:29:38.416022784,412.31006,0.0
2020-11-13,22.4835,103.14786,2020-11-13 06:29:38.588019456,409.8766,0.0
2020-11-13,22.466526,103.158554,2020-11-13 06:29:38.642012160,410.86716,0.0
2020-11-13,22.432362,103.17886,2020-11-13 06:29:38.748992000,411.59927,0.0
2020-11-13,22.53531,103.13865,2020-11-13 06:29:39.615010304,412.16916,0.0
2020-11-13,22.526812,103.14399,2020-11-13 06:29:39.642006784,412.59644,0.0
2020-11-13,22.53851,103.14448,2020-11-13 06:29:40.002012672,411.42236,0.0
2020-11-13,22.541592,103.14997,2020-11-13 06:29:40.389015552,412.44193,0.0
2020-12-03,11.947532,109.104034,2020-12-03 06:02:51.029006080,412.31784,0.0
2020-12-03,11.999865,109.08442,2020-12-03 06:02:51.281991936,413.90628,0.0
2020-12-03,12.007337,109.08521,2020-12-03 06:02:51.641998080,413.0383,0.0
2020-12-03,11.961891,109.10474,2020-12-03 06:02:51.749018112,413.00397,0.0
2020-12-03,12.017601,109.09105,2020-12-03 06:02:52.749012736,414.09494,0.0
2020-12-03,12.139718,109.05822,2020-12-03 06:02:54.723011328,412.37848,0.0
2020-12-03,12.158091,109.053474,2020-12-03 06:02:55.056020992,410.78244,0.0
2020-12-03,12.146676,109.05829,2020-12-03 06:02:55.083017472,413.89084,0.0
2020-12-03,12.372851,108.9854,2020-12-03 06:02:57.562022144,415.11996,0.0
2020-12-03,12.388333,108.98724,2020-12-03 06:02:58.281993984,416.14014,0.0
2020-12-03,12.384433,108.992905,2020-12-03 06:02:58.668996864,417.58636,0.0
2020-12-03,12.379448,108.997665,2020-12-03 06:02:59.055999232,415.73233,0.0
2020-12-03,12.427871,108.9835,2020-12-03 06:02:59.695987712,416.33786,0.0
2020-12-03,20.7181,106.75462,2020-12-03 06:05:29.228027136,414.3066,0.0
2020-12-03,20.736193,106.74924,2020-12-03 06:05:29.562002432,414.73218,0.0
2020-12-03,20.74285,106.75098,2020-12-03 06:05:29.921002752,416.2181,0.0
2020-12-03,20.731256,106.75804,2020-12-03 06:05:29.947998976,415.7756,0.0
2020-12-03,20.772406,106.7385,2020-12-03 06:05:30.228021504,415.4624,0.0
2020-12-03,20.714388,106.77349,2020-12-03 06:05:30.363003904,416.35126,0.0
2020-12-03,20.790625,106.73342,2020-12-03 06:05:30.561997056,417.0934,0.0
2020-12-03,20.755896,106.75467,2020-12-03 06:05:30.642020608,415.48056,0.0
2020-12-03,20.708925,106.78184,2020-12-03 06:05:30.749000448,415.92386,0.0
2020-12-03,20.762411,106.75647,2020-12-03 06:05:31.002026752,416.3434,0.0
2020-12-03,20.792301,106.744484,2020-12-03 06:05:31.309005824,416.8337,0.0
2020-12-03,20.780598,106.75134,2020-12-03 06:05:31.336002048,416.62408,0.0
2020-12-03,20.798746,106.746124,2020-12-03 06:05:31.669011712,416.86282,0.0
2020-12-03,20.786913,106.75291,2020-12-03 06:05:31.696008192,417.12836,0.0
2020-12-03,20.793129,106.75438,2020-12-03 06:05:32.056014336,416.36075,0.0
2020-12-03,20.799305,106.755875,2020-12-03 06:05:32.416020480,416.5559,0.0
2020-12-03,21.119148,106.64121,2020-12-03 06:05:36.562004480,415.95248,0.0
2020-12-03,21.114428,106.650345,2020-12-03 06:05:36.948001280,416.76306,0.0
2020-12-03,21.12119,106.65227,2020-12-03 06:05:37.309013248,417.97055,0.0
2020-12-03,21.109228,106.659065,2020-12-03 06:05:37.336009728,416.39648,0.0
2020-12-03,21.128004,106.65406,2020-12-03 06:05:37.669019392,416.45584,0.0
2020-12-03,21.115625,106.66064,2020-12-03 06:05:37.696015872,417.4153,0.0
2020-12-03,21.122347,106.66233,2020-12-03 06:05:38.056022016,414.2215,0.0
2020-12-03,21.109886,106.66878,2020-12-03 06:05:38.083018240,416.16522,0.0
2020-12-03,21.228743,106.60953,2020-12-03 06:05:38.561993728,415.54233,0.0
2020-12-03,21.235518,106.61149,2020-12-03 06:05:38.920994048,414.57654,0.0
2020-12-03,21.224316,106.61889,2020-12-03 06:05:38.947990528,416.1306,0.0
2020-12-03,21.253754,106.60621,2020-12-03 06:05:39.255009536,414.2999,0.0
2020-12-03,21.24221,106.613434,2020-12-03 06:05:39.282006016,414.48734,0.0
2020-12-03,21.283514,106.5937,2020-12-03 06:05:39.561988352,414.56677,0.0
2020-12-03,21.272078,106.60096,2020-12-03 06:05:39.588019456,415.02518,0.0
2020-12-03,21.260614,106.60822,2020-12-03 06:05:39.615015680,415.05103,0.0
2020-12-03,21.24879,106.61528,2020-12-03 06:05:39.642012160,415.33353,0.0
2020-12-03,21.278841,106.60292,2020-12-03 06:05:39.948025344,415.05246,0.0
2020-12-03,21.243725,106.62398,2020-12-03 06:05:40.029014528,415.14203,0.0
2020-12-03,21.308958,106.59056,2020-12-03 06:05:40.255004160,414.51437,0.0
2020-12-03,21.285494,106.604805,2020-12-03 06:05:40.308997120,416.03195,0.0
2020-12-03,21.249922,106.62541,2020-12-03 06:05:40.389020672,413.6516,0.0
2020-12-03,21.315563,106.592415,2020-12-03 06:05:40.615010304,415.38947,0.0
2020-12-03,21.280111,106.61331,2020-12-03 06:05:40.695999744,414.72867,0.0
2020-12-03,21.35652,106.572426,2020-12-03 06:05:40.894992640,414.49603,0.0
2020-12-03,21.298346,106.607994,2020-12-03 06:05:41.029009408,415.4487,0.0
2020-12-03,21.27431,106.62147,2020-12-03 06:05:41.083002112,413.8117,0.0
2020-12-03,21.374628,106.56702,2020-12-03 06:05:41.228002304,414.28983,0.0
2020-12-03,21.351645,106.58155,2020-12-03 06:05:41.281995264,413.20428,0.0
2020-12-03,21.316614,106.60271,2020-12-03 06:05:41.363024640,415.74484,0.0
2020-12-03,21.292652,106.616234,2020-12-03 06:05:41.416011776,414.593,0.0
2020-12-03,21.381319,106.56895,2020-12-03 06:05:41.588008448,414.3468,0.0
2020-12-03,21.369682,106.57616,2020-12-03 06:05:41.615004672,414.63376,0.0
2020-12-03,21.323374,106.604485,2020-12-03 06:05:41.722990592,414.9434,0.0
2020-12-03,21.399494,106.56362,2020-12-03 06:05:41.921018112,415.06393,0.0
2020-12-03,21.376102,106.57796,2020-12-03 06:05:41.975010816,413.82608,0.0
2020-12-03,21.36434,106.58493,2020-12-03 06:05:42.002007552,414.03677,0.0
2020-12-03,21.417706,106.55832,2020-12-03 06:05:42.254993408,414.02805,0.0
2020-12-03,21.394264,106.57265,2020-12-03 06:05:42.308986112,414.32138,0.0
2020-12-03,21.382511,106.579636,2020-12-03 06:05:42.336022784,414.39383,0.0
2020-12-03,21.370642,106.58655,2020-12-03 06:05:42.363019264,413.49387,0.0
2020-12-03,21.435902,106.55305,2020-12-03 06:05:42.588002816,413.58304,0.0
2020-12-03,21.424244,106.560265,2020-12-03 06:05:42.614999296,414.38275,0.0
2020-12-03,21.388763,106.58126,2020-12-03 06:05:42.695988736,414.06223,0.0
2020-12-03,21.376781,106.58807,2020-12-03 06:05:42.723025408,413.54276,0.0
2020-12-03,21.364695,106.59479,2020-12-03 06:05:42.749016064,413.755,0.0
2020-12-03,21.442629,106.5551,2020-12-03 06:05:42.948008960,414.408,0.0
2020-12-03,21.430622,106.56211,2020-12-03 06:05:42.975005696,414.70895,0.0
2020-12-03,21.394913,106.582794,2020-12-03 06:05:43.055994624,414.59692,0.0
2020-12-03,21.382826,106.58951,2020-12-03 06:05:43.082991104,413.26877,0.0
2020-12-03,21.48413,106.5354,2020-12-03 06:05:43.227991552,413.90714,0.0
2020-12-03,21.4614,106.55012,2020-12-03 06:05:43.282024704,414.0627,0.0
2020-12-03,21.437246,106.56392,2020-12-03 06:05:43.336017408,414.28943,0.0
2020-12-03,21.425117,106.5707,2020-12-03 06:05:43.363013632,414.76828,0.0
2020-12-03,21.413048,106.57748,2020-12-03 06:05:43.389004544,414.4004,0.0
2020-12-03,21.400957,106.58419,2020-12-03 06:05:43.416000768,413.76126,0.0
2020-12-03,21.4191,106.57885,2020-12-03 06:05:43.749010688,413.82574,0.0
2020-12-03,21.497166,106.53911,2020-12-03 06:05:43.948003840,413.82538,0.0
2020-12-03,21.449972,106.56711,2020-12-03 06:05:44.055989248,415.20877,0.0
2020-12-03,21.538294,106.51914,2020-12-03 06:05:44.228026368,414.44772,0.0
2020-12-03,21.52714,106.52664,2020-12-03 06:05:44.255022848,414.5582,0.0
2020-12-03,21.5035,106.540955,2020-12-03 06:05:44.309015552,413.9329,0.0
2020-12-03,21.556835,106.51422,2020-12-03 06:05:44.562001408,415.80106,0.0
2020-12-03,21.5101,106.54297,2020-12-03 06:05:44.669021696,415.0684,0.0
2020-12-03,21.47429,106.56361,2020-12-03 06:05:44.749005056,413.99545,0.0
2020-12-03,21.516478,106.54487,2020-12-03 06:05:45.028987392,414.46802,0.0
2020-12-03,21.546852,106.53292,2020-12-03 06:05:45.336006656,415.85614,0.0
2020-12-03,21.553486,106.53481,2020-12-03 06:05:45.696012800,415.0605,0.0
2020-12-03,21.540918,106.54136,2020-12-03 06:05:45.723009024,415.15167,0.0
2020-12-03,21.546759,106.54277,2020-12-03 06:05:46.083015168,414.35715,0.0
2020-12-15,21.153423,103.42965,2020-12-15 06:29:19.227995648,415.2793,0.0
2020-12-15,21.157799,103.43776,2020-12-15 06:29:19.614998016,412.9795,0.0
2020-12-15,21.125937,103.46242,2020-12-15 06:29:19.723024128,415.6848,0.0
2020-12-15,21.161936,103.445656,2020-12-15 06:29:20.002000640,415.40836,0.0
2020-12-15,21.153955,103.45179,2020-12-15 06:29:20.028996864,413.70398,0.0
2020-12-15,21.14593,103.45784,2020-12-15 06:29:20.055993600,412.09744,0.0
2020-12-15,21.137865,103.46378,2020-12-15 06:29:20.082989824,414.11008,0.0
2020-12-15,21.213425,103.41579,2020-12-15 06:29:20.227990272,414.3886,0.0
2020-12-15,21.205622,103.42221,2020-12-15 06:29:20.254986496,412.72012,0.0
2020-12-15,21.157864,103.45921,2020-12-15 06:29:20.415999744,415.31198,0.0
2020-12-15,21.225613,103.417625,2020-12-15 06:29:20.587996160,413.89514,0.0
2020-12-15,21.217762,103.423996,2020-12-15 06:29:20.614992640,414.23795,0.0
2020-12-15,21.209822,103.43032,2020-12-15 06:29:20.641989120,412.9176,0.0
2020-12-15,21.245598,103.41299,2020-12-15 06:29:20.921006080,413.97476,0.0
2020-12-15,21.237745,103.41935,2020-12-15 06:29:20.948002304,414.1745,0.0
2020-12-15,21.229807,103.42567,2020-12-15 06:29:20.974998784,413.95282,0.0
2020-12-15,21.221897,103.431854,2020-12-15 06:29:21.001995008,415.22028,0.0
2020-12-15,21.273417,103.40182,2020-12-15 06:29:21.228024832,412.6582,0.0
2020-12-15,21.265577,103.40825,2020-12-15 06:29:21.255021312,413.67828,0.0
2020-12-15,21.257727,103.41462,2020-12-15 06:29:21.282017792,414.542,0.0
2020-12-15,21.249786,103.42094,2020-12-15 06:29:21.309014272,414.17023,0.0
2020-12-15,21.241879,103.427124,2020-12-15 06:29:21.336010752,412.7427,0.0
2020-12-15,21.233904,103.43325,2020-12-15 06:29:21.363006976,414.37546,0.0
2020-12-15,21.22588,103.43929,2020-12-15 06:29:21.388997888,414.152,0.0
2020-12-15,21.21782,103.445244,2020-12-15 06:29:21.415994112,414.24005,0.0
2020-12-15,21.28559,103.4035,2020-12-15 06:29:21.587990784,413.5686,0.0
2020-12-15,21.277706,103.40988,2020-12-15 06:29:21.614987264,412.22607,0.0
2020-12-15,21.28978,103.41145,2020-12-15 06:29:21.974993152,415.51825,0.0
2020-12-15,21.28188,103.41764,2020-12-15 06:29:22.001989888,412.1488,0.0
2020-12-15,21.27391,103.423775,2020-12-15 06:29:22.028986112,412.67752,0.0
2020-12-15,21.265896,103.429825,2020-12-15 06:29:22.056022784,413.32907,0.0
2020-12-15,21.257847,103.43577,2020-12-15 06:29:22.083019264,413.74146,0.0
2020-12-15,21.293957,103.419014,2020-12-15 06:29:22.363001856,411.43387,0.0
2020-12-15,21.305988,103.42031,2020-12-15 06:29:22.723007744,412.95615,0.0
2020-12-15,21.357855,103.39083,2020-12-15 06:29:22.947991296,412.1125,0.0
2020-12-15,21.34993,103.39716,2020-12-15 06:29:22.974988032,412.68378,0.0
2020-12-15,21.377937,103.38608,2020-12-15 06:29:23.282007040,414.11957,0.0
2020-12-15,21.370014,103.3924,2020-12-15 06:29:23.309003264,414.04904,0.0
2020-12-15,21.362122,103.39861,2020-12-15 06:29:23.336000000,413.68484,0.0
2020-12-15,21.354162,103.404755,2020-12-15 06:29:23.362996224,413.86652,0.0
2020-12-15,21.40589,103.374916,2020-12-15 06:29:23.588020224,413.99692,0.0
2020-12-15,21.39802,103.38132,2020-12-15 06:29:23.615016704,413.20532,0.0
2020-12-15,21.390099,103.38765,2020-12-15 06:29:23.642013184,411.5643,0.0
2020-12-15,21.374249,103.4,2020-12-15 06:29:23.696005888,412.51862,0.0
2020-12-15,21.433733,103.363754,2020-12-15 06:29:23.894999040,412.6689,0.0
2020-12-15,21.425972,103.370186,2020-12-15 06:29:23.920989440,413.3194,0.0
2020-12-15,21.402388,103.38912,2020-12-15 06:29:24.002019072,411.80115,0.0
2020-12-15,21.378403,103.40733,2020-12-15 06:29:24.083008512,412.3816,0.0
2020-12-15,21.398651,103.402626,2020-12-15 06:29:24.416017920,411.88348,0.0
2020-12-15,21.466507,103.3607,2020-12-15 06:29:24.588014848,413.21652,0.0
2020-12-15,21.470976,103.36873,2020-12-15 06:29:24.975017216,412.12906,0.0
2020-12-15,21.4631,103.37495,2020-12-15 06:29:25.002013696,412.0373,0.0
2020-12-15,21.483315,103.37022,2020-12-15 06:29:25.335988992,412.93845,0.0
2020-12-15,21.534927,103.34003,2020-12-15 06:29:25.562018816,415.64844,0.0
2020-12-15,21.527157,103.34649,2020-12-15 06:29:25.588009472,414.32834,0.0
2020-12-15,21.495586,103.37165,2020-12-15 06:29:25.695995136,412.42313,0.0
2020-12-15,21.53162,103.354515,2020-12-15 06:29:25.975011840,413.39395,0.0
2020-12-15,21.551844,103.34977,2020-12-15 06:29:26.308987136,413.87137,0.0
2020-12-15,21.543974,103.356,2020-12-15 06:29:26.336023808,414.0421,0.0
2020-12-15,21.536036,103.36217,2020-12-15 06:29:26.363020288,414.1177,0.0
2020-12-15,21.556261,103.35743,2020-12-15 06:29:26.695989504,412.74237,0.0
2020-12-15,21.54024,103.36954,2020-12-15 06:29:26.749017088,412.67746,0.0
2020-12-15,21.56041,103.364685,2020-12-15 06:29:27.082992128,412.19974,0.0
2020-12-15,21.620314,103.328964,2020-12-15 06:29:27.282025472,413.68954,0.0
2020-12-15,21.61241,103.33532,2020-12-15 06:29:27.309021952,414.0493,0.0
2020-12-15,21.604538,103.34155,2020-12-15 06:29:27.336018432,412.1724,0.0
2020-12-15,21.58057,103.35982,2020-12-15 06:29:27.416001792,412.7332,0.0
2020-12-15,21.616755,103.34284,2020-12-15 06:29:27.696024320,412.48694,0.0
2020-12-15,21.818272,103.2953,2020-12-15 06:29:31.029017856,414.58093,0.0
2020-12-15,21.810305,103.301445,2020-12-15 06:29:31.056014336,413.28403,0.0
2020-12-15,21.830551,103.296844,2020-12-15 06:29:31.389024000,411.36694,0.0
2020-12-15,22.15205,103.199936,2020-12-15 06:29:35.921005056,410.436,0.0
2020-12-15,22.179943,103.18871,2020-12-15 06:29:36.228024064,411.76947,0.0
2020-12-15,22.172207,103.19527,2020-12-15 06:29:36.255020544,412.87634,0.0
2020-12-15,22.200098,103.184044,2020-12-15 06:29:36.561999360,413.80176,0.0
2020-12-15,22.192362,103.190605,2020-12-15 06:29:36.587989760,412.64215,0.0
2020-12-15,22.184547,103.19713,2020-12-15 06:29:36.615026432,411.99112,0.0
2020-12-15,22.220217,103.17932,2020-12-15 06:29:36.895009024,412.01505,0.0
2020-12-15,22.204647,103.19238,2020-12-15 06:29:36.947996160,412.37494,0.0
2020-12-15,22.188921,103.20514,2020-12-15 06:29:37.001988864,412.85785,0.0
2020-12-15,22.208946,103.20029,2020-12-15 06:29:37.336004352,412.91827,0.0
2020-12-15,22.293215,103.18848,2020-12-15 06:29:39.056011264,413.03406,0.0
