date,latitude,longitude,time,xco2,xco2_quality_flag
2021-01-02,22.267744,102.3848,2021-01-02 02:44:01.382990848,414.2366,0.0
2021-01-02,22.226696,102.4,2021-01-02 02:44:02.023019520,415.57544,0.0
2021-01-02,22.271406,102.46547,2021-01-02 02:44:02.158001664,414.83456,0.0
2021-01-02,22.280415,102.47849,2021-01-02 02:44:02.184998144,413.89203,0.0
2021-01-02,22.264347,102.492645,2021-01-02 02:44:02.518007808,415.67487,0.0
2021-01-02,22.23931,102.493835,2021-01-02 02:44:02.825026816,415.482,0.0
2021-01-02,22.24832,102.50686,2021-01-02 02:44:02.852023040,414.61496,0.0
2021-01-02,22.223137,102.50792,2021-01-02 02:44:03.157996288,416.23065,0.0
2021-01-02,22.23215,102.520935,2021-01-02 02:44:03.184992768,415.55588,0.0
2021-01-02,22.19806,102.50909,2021-01-02 02:44:03.464009472,418.03912,0.0
2021-01-02,22.207054,102.52214,2021-01-02 02:44:03.491005952,415.2102,0.0
2021-01-02,22.216064,102.53515,2021-01-02 02:44:03.518002176,415.5992,0.0
2021-01-02,22.182085,102.523346,2021-01-02 02:44:03.798024960,418.01807,0.0
2021-01-02,22.191065,102.53638,2021-01-02 02:44:03.825021184,416.36618,0.0
2021-01-02,22.20008,102.549416,2021-01-02 02:44:03.852017920,416.1471,0.0
2021-01-02,22.209112,102.56241,2021-01-02 02:44:03.879014144,415.9534,0.0
2021-01-02,22.19298,102.57651,2021-01-02 02:44:04.212024064,415.3469,0.0
2021-01-02,21.419233,103.252106,2021-01-02 02:44:20.212017664,414.0623,0.0
2021-01-02,21.37621,103.227066,2021-01-02 02:44:20.463997952,415.92404,0.0
2021-01-02,21.385143,103.240105,2021-01-02 02:44:20.490994176,414.1043,0.0
2021-01-02,21.394087,103.25309,2021-01-02 02:44:20.517990656,412.85434,0.0
2021-01-02,21.333578,103.20208,2021-01-02 02:44:20.717023744,413.4378,0.0
2021-01-02,21.360147,103.241196,2021-01-02 02:44:20.798013184,412.14807,0.0
2021-01-02,21.377968,103.26712,2021-01-02 02:44:20.852005888,412.18436,0.0
2021-01-02,21.386917,103.28007,2021-01-02 02:44:20.879002624,413.55096,0.0
2021-01-02,21.317387,103.21601,2021-01-02 02:44:21.049993216,414.79654,0.0
2021-01-02,21.352837,103.26804,2021-01-02 02:44:21.158019328,415.22427,0.0
2021-01-02,21.292416,103.21686,2021-01-02 02:44:21.356006656,415.3067,0.0
2021-01-02,21.301243,103.22997,2021-01-02 02:44:21.383002880,414.83725,0.0
2021-01-02,21.310097,103.243065,2021-01-02 02:44:21.409999360,415.84433,0.0
2021-01-02,21.276262,103.23084,2021-01-02 02:44:21.690021888,415.54788,0.0
2021-01-02,21.285097,103.24397,2021-01-02 02:44:21.717018624,414.70822,0.0
2021-01-02,21.338541,103.322205,2021-01-02 02:44:21.878996992,414.31323,0.0
2021-01-02,21.260138,103.24497,2021-01-02 02:44:22.022991360,415.27298,0.0
2021-01-02,21.268944,103.25806,2021-01-02 02:44:22.049987840,415.9767,0.0
2021-01-02,21.27778,103.27111,2021-01-02 02:44:22.077024512,413.01022,0.0
2021-01-02,21.306171,103.35005,2021-01-02 02:44:22.545016320,415.30127,0.0
2021-01-02,21.220478,103.29992,2021-01-02 02:44:23.050022656,416.09027,0.0
2021-01-02,21.229315,103.31299,2021-01-02 02:44:23.077019136,415.3036,0.0
2021-01-02,21.238182,103.32604,2021-01-02 02:44:23.104015616,415.2519,0.0
2021-01-02,21.247072,103.33908,2021-01-02 02:44:23.131011840,415.44196,0.0
2021-01-02,21.25599,103.35209,2021-01-02 02:44:23.158008576,413.91016,0.0
2021-01-02,21.264925,103.365074,2021-01-02 02:44:23.185005056,414.25995,0.0
2021-01-02,21.221918,103.339874,2021-01-02 02:44:23.437025280,415.8563,0.0
2021-01-02,21.239716,103.36594,2021-01-02 02:44:23.491017984,413.74136,0.0
2021-01-02,21.25764,103.39192,2021-01-02 02:44:23.545010944,412.51892,0.0
2021-01-02,21.17938,103.31477,2021-01-02 02:44:23.690011136,414.0043,0.0
2021-01-02,21.20582,103.35392,2021-01-02 02:44:23.771000320,414.0164,0.0
2021-01-02,21.214691,103.36694,2021-01-02 02:44:23.797997056,415.45428,0.0
2021-01-02,21.232515,103.39293,2021-01-02 02:44:23.851989760,413.223,0.0
2021-01-02,21.241472,103.40588,2021-01-02 02:44:23.879026432,413.40793,0.0
2021-01-02,21.163242,103.32872,2021-01-02 02:44:24.023020800,411.99683,0.0
2021-01-02,21.180847,103.35484,2021-01-02 02:44:24.077013760,413.6878,0.0
2021-01-02,21.189684,103.367874,2021-01-02 02:44:24.104009984,415.85495,0.0
2021-01-02,21.198551,103.38089,2021-01-02 02:44:24.131006720,415.39343,0.0
2021-01-02,21.20745,103.3939,2021-01-02 02:44:24.158003200,415.40717,0.0
2021-01-02,21.155846,103.3557,2021-01-02 02:44:24.382986752,415.0014,0.0
2021-01-02,21.164667,103.36875,2021-01-02 02:44:24.410023424,414.2187,0.0
2021-01-02,21.173513,103.38179,2021-01-02 02:44:24.437019904,414.112,0.0
2021-01-02,21.182392,103.39481,2021-01-02 02:44:24.464016128,414.136,0.0
2021-01-02,21.200209,103.420815,2021-01-02 02:44:24.518009088,415.3848,0.0
2021-01-02,21.209127,103.43374,2021-01-02 02:44:24.545005568,414.1314,0.0
2021-01-02,21.139626,103.36966,2021-01-02 02:44:24.717002240,413.97147,0.0
2021-01-02,21.192976,103.447754,2021-01-02 02:44:24.879021056,414.3089,0.0
2021-01-02,21.114725,103.3706,2021-01-02 02:44:25.023015424,416.04953,0.0
2021-01-02,21.12354,103.3837,2021-01-02 02:44:25.050011904,414.59018,0.0
2021-01-02,21.167826,103.448685,2021-01-02 02:44:25.184994048,411.792,0.0
2021-01-02,21.176756,103.46162,2021-01-02 02:44:25.211990272,412.45578,0.0
2021-01-02,21.09847,103.3844,2021-01-02 02:44:25.356025344,413.70462,0.0
2021-01-02,21.10727,103.39748,2021-01-02 02:44:25.383021568,414.53586,0.0
2021-01-02,21.116077,103.41052,2021-01-02 02:44:25.410018048,414.17084,0.0
2021-01-02,21.133781,103.43656,2021-01-02 02:44:25.464010752,412.0012,0.0
2021-01-02,21.142694,103.4496,2021-01-02 02:44:25.491007232,413.8141,0.0
2021-01-02,21.082373,103.39845,2021-01-02 02:44:25.690000384,414.99872,0.0
2021-01-02,21.091179,103.411545,2021-01-02 02:44:25.716996608,413.91086,0.0
2021-01-02,21.117708,103.450676,2021-01-02 02:44:25.798026240,409.87027,0.0
2021-01-02,21.144487,103.48964,2021-01-02 02:44:25.879015680,414.65564,0.0
2021-01-02,21.066263,103.412445,2021-01-02 02:44:26.023010048,413.09888,0.0
2021-01-02,21.11935,103.4906,2021-01-02 02:44:26.184988416,409.3776,0.0
2021-01-02,21.050024,103.426346,2021-01-02 02:44:26.356019712,414.38693,0.0
2021-01-02,21.058826,103.43942,2021-01-02 02:44:26.383016192,414.37457,0.0
2021-01-02,21.042614,103.453354,2021-01-02 02:44:26.716991488,412.67618,0.0
2021-01-02,21.051447,103.46641,2021-01-02 02:44:26.743987712,413.89005,0.0
2021-01-02,21.069143,103.49244,2021-01-02 02:44:26.798020864,414.9456,0.0
2021-01-02,21.017685,103.45422,2021-01-02 02:44:27.023004416,416.42734,0.0
2021-01-02,21.052982,103.506355,2021-01-02 02:44:27.130990336,413.84418,0.0
2021-01-02,21.079714,103.54526,2021-01-02 02:44:27.212019968,414.33276,0.0
2021-01-02,21.036703,103.52015,2021-01-02 02:44:27.464000000,413.83432,0.0
2021-01-02,21.045578,103.533134,2021-01-02 02:44:27.490996480,413.31885,0.0
2021-01-02,20.950127,103.65646,2021-01-02 02:44:29.878993920,414.24918,0.0
2021-01-02,20.916216,103.644615,2021-01-02 02:44:30.158010624,411.07227,0.0
2021-01-02,20.901634,103.69827,2021-01-02 02:44:30.878988544,410.4171,0.0
2021-01-02,20.867636,103.686325,2021-01-02 02:44:31.158005248,413.0804,0.0
2021-01-02,20.842573,103.68725,2021-01-02 02:44:31.464018688,416.29764,0.0
2021-01-02,20.85144,103.70022,2021-01-02 02:44:31.491014912,414.8875,0.0
2021-01-02,20.7999,103.66206,2021-01-02 02:44:31.717004544,416.64395,0.0
2021-01-02,20.817501,103.68816,2021-01-02 02:44:31.770997248,414.03864,0.0
2021-01-02,20.844122,103.72708,2021-01-02 02:44:31.851986688,416.79523,0.0
2021-01-02,20.783686,103.67588,2021-01-02 02:44:32.050013952,416.78278,0.0
2021-01-02,20.801302,103.70198,2021-01-02 02:44:32.104006912,418.05182,0.0
2021-01-02,20.810158,103.71496,2021-01-02 02:44:32.131003392,415.32144,0.0
2021-01-02,20.819027,103.72793,2021-01-02 02:44:32.157999872,414.90152,0.0
2021-01-02,20.836855,103.753845,2021-01-02 02:44:32.211992832,416.07974,0.0
2021-01-02,20.758709,103.67662,2021-01-02 02:44:32.355986944,415.5397,0.0
2021-01-02,20.767475,103.68968,2021-01-02 02:44:32.383023616,413.57947,0.0
2021-01-02,20.776266,103.70271,2021-01-02 02:44:32.410020352,415.18463,0.0
2021-01-02,20.78507,103.71577,2021-01-02 02:44:32.437016832,415.28903,0.0
2021-01-02,20.742535,103.69052,2021-01-02 02:44:32.690002688,415.6272,0.0
2021-01-02,20.76008,103.716644,2021-01-02 02:44:32.743995392,418.01688,0.0
2021-01-02,20.777758,103.7427,2021-01-02 02:44:32.797988352,413.9523,0.0
2021-01-02,20.72622,103.70429,2021-01-02 02:44:33.023012096,414.2209,0.0
2021-01-02,20.734964,103.71733,2021-01-02 02:44:33.050008832,415.38992,0.0
2021-01-02,20.743755,103.73038,2021-01-02 02:44:33.077005056,414.8348,0.0
2021-01-02,20.752584,103.74346,2021-01-02 02:44:33.104001536,415.61646,0.0
2021-01-02,20.76145,103.75644,2021-01-02 02:44:33.130998016,413.27692,0.0
2021-01-02,20.770332,103.76944,2021-01-02 02:44:33.157994496,413.51654,0.0
2021-01-02,20.75413,103.783295,2021-01-02 02:44:33.491003904,414.52856,0.0
2021-01-02,20.693905,103.73212,2021-01-02 02:44:33.689997312,413.28708,0.0
2021-01-02,19.664358,104.66585,2021-01-02 02:44:55.437012736,414.7557,0.0
2021-01-02,19.673115,104.6788,2021-01-02 02:44:55.464008960,415.8973,0.0
2021-01-02,19.639322,104.66653,2021-01-02 02:44:55.743991296,416.4336,0.0
2021-01-02,19.656813,104.69245,2021-01-02 02:44:55.798024704,414.30902,0.0
2021-01-02,19.64051,104.70611,2021-01-02 02:44:56.130993920,414.2271,0.0
2021-01-02,19.58931,104.66779,2021-01-02 02:44:56.356017920,415.98865,0.0
2021-01-02,19.598001,104.680824,2021-01-02 02:44:56.383014144,416.80948,0.0
2021-01-02,19.624233,104.71979,2021-01-02 02:44:56.464003584,413.17938,0.0
2021-01-02,19.63302,104.73273,2021-01-02 02:44:56.491000064,415.18607,0.0
2021-01-02,19.581707,104.69447,2021-01-02 02:44:56.716989440,415.05582,0.0
2021-01-02,19.607937,104.73343,2021-01-02 02:44:56.798019072,413.93845,0.0
2021-01-02,19.616724,104.74638,2021-01-02 02:44:56.825015552,414.20392,0.0
2021-01-02,19.62553,104.75929,2021-01-02 02:44:56.852012032,415.78763,0.0
2021-01-02,19.556719,104.695076,2021-01-02 02:44:57.023002880,415.83072,0.0
2021-01-02,19.565403,104.70811,2021-01-02 02:44:57.049999360,415.8469,0.0
2021-01-02,19.574112,104.721115,2021-01-02 02:44:57.076995584,415.98502,0.0
2021-01-02,19.600403,104.759995,2021-01-02 02:44:57.158025216,413.72308,0.0
2021-01-02,19.60922,104.772934,2021-01-02 02:44:57.185021696,416.0463,0.0
2021-01-02,19.540428,104.70873,2021-01-02 02:44:57.356012288,415.70184,0.0
2021-01-02,19.549126,104.72177,2021-01-02 02:44:57.383009024,414.30826,0.0
2021-01-02,19.557835,104.73478,2021-01-02 02:44:57.410005248,414.15463,0.0
2021-01-02,19.566574,104.74777,2021-01-02 02:44:57.437001728,414.5159,0.0
2021-01-02,19.532816,104.735405,2021-01-02 02:44:57.717024256,415.15286,0.0
2021-01-02,19.541533,104.74842,2021-01-02 02:44:57.744020992,415.10446,0.0
2021-01-02,19.550272,104.76141,2021-01-02 02:44:57.771017216,415.62512,0.0
2021-01-02,19.559038,104.774376,2021-01-02 02:44:57.798013696,414.27316,0.0
2021-01-02,19.567833,104.78734,2021-01-02 02:44:57.825010176,415.5421,0.0
2021-01-02,19.576656,104.800285,2021-01-02 02:44:57.852006400,415.93747,0.0
2021-01-02,19.58547,104.81314,2021-01-02 02:44:57.879003136,413.13345,0.0
2021-01-02,19.516485,104.74902,2021-01-02 02:44:58.049993728,414.78882,0.0
2021-01-02,19.525219,104.76204,2021-01-02 02:44:58.076990208,415.4301,0.0
2021-01-02,19.533953,104.775024,2021-01-02 02:44:58.104026880,414.96234,0.0
2021-01-02,19.542717,104.787994,2021-01-02 02:44:58.131023360,413.81256,0.0
2021-01-02,19.551514,104.800964,2021-01-02 02:44:58.158019840,415.2905,0.0
2021-01-02,19.51765,104.78867,2021-01-02 02:44:58.436996352,415.13657,0.0
2021-01-02,19.451273,104.80354,2021-01-02 02:44:59.382998016,415.79752,0.0
2021-01-02,19.459991,104.81656,2021-01-02 02:44:59.409994496,415.75015,0.0
2021-01-02,19.477491,104.84251,2021-01-02 02:44:59.464027648,414.96448,0.0
2021-01-02,19.503962,104.88135,2021-01-02 02:44:59.545016832,416.34695,0.0
2021-01-02,19.443695,104.8302,2021-01-02 02:44:59.744009984,416.1459,0.0
2021-01-02,19.452433,104.84319,2021-01-02 02:44:59.771006464,416.38483,0.0
2021-01-02,19.461199,104.85616,2021-01-02 02:44:59.798002688,416.36505,0.0
2021-01-02,19.43611,104.85679,2021-01-02 02:45:00.104016128,414.2798,0.0
2021-01-02,19.446169,104.90928,2021-01-02 02:45:00.518014976,414.92792,0.0
2021-01-02,19.455015,104.9222,2021-01-02 02:45:00.545011456,412.20142,0.0
2021-01-02,19.39593,104.91061,2021-01-02 02:45:01.131007232,414.96118,0.0
2021-01-02,19.404715,104.92356,2021-01-02 02:45:01.158003456,415.21835,0.0
2021-01-02,19.379608,104.9242,2021-01-02 02:45:01.464016640,415.43668,0.0
2021-01-02,19.397207,104.95009,2021-01-02 02:45:01.518009600,414.4812,0.0
2021-01-02,19.406052,104.96301,2021-01-02 02:45:01.545006080,413.8013,0.0
2021-01-02,19.323124,104.99156,2021-01-02 02:45:02.825023232,414.57224,0.0
2021-01-02,19.306787,105.00513,2021-01-02 02:45:03.157992704,412.969,0.0
2021-01-02,19.315601,105.018074,2021-01-02 02:45:03.184988928,415.21396,0.0
2021-01-02,19.324438,105.03099,2021-01-02 02:45:03.212025600,414.08148,0.0
2021-01-02,19.2642,104.97982,2021-01-02 02:45:03.410012928,415.90988,0.0
2021-01-02,19.3081,105.04456,2021-01-02 02:45:03.544995328,414.42368,0.0
2021-01-02,19.24789,104.993416,2021-01-02 02:45:03.743988224,414.8392,0.0
2021-01-02,19.282969,105.04527,2021-01-02 02:45:03.852014336,413.90784,0.0
2021-01-02,19.291805,105.05819,2021-01-02 02:45:03.879010560,414.8235,0.0
2021-01-02,19.266636,105.058846,2021-01-02 02:45:04.185023744,414.56482,0.0
2021-01-02,19.275461,105.07175,2021-01-02 02:45:04.212020480,413.6858,0.0
2021-01-02,19.206522,105.00755,2021-01-02 02:45:04.383011072,414.3344,0.0
2021-01-02,19.215227,105.02057,2021-01-02 02:45:04.410007552,413.89764,0.0
2021-01-02,19.241491,105.05947,2021-01-02 02:45:04.490996736,411.7196,0.0
2021-01-02,19.250288,105.07239,2021-01-02 02:45:04.517993472,416.43988,0.0
2021-01-02,19.259134,105.08533,2021-01-02 02:45:04.544989952,414.20355,0.0
2021-01-02,19.181522,105.0081,2021-01-02 02:45:04.689990144,415.27322,0.0
2021-01-02,19.190208,105.02114,2021-01-02 02:45:04.717026816,416.07346,0.0
2021-01-02,19.198915,105.03416,2021-01-02 02:45:04.744023040,415.66266,0.0
2021-01-02,19.207651,105.04715,2021-01-02 02:45:04.771019520,413.75278,0.0
2021-01-02,19.216408,105.06013,2021-01-02 02:45:04.798016000,414.915,0.0
2021-01-02,19.173891,105.03472,2021-01-02 02:45:05.049996032,414.94904,0.0
2021-01-02,19.191324,105.06073,2021-01-02 02:45:05.103988992,415.8861,0.0
2021-01-02,19.200077,105.0737,2021-01-02 02:45:05.131025664,415.28082,0.0
2021-01-02,19.208857,105.08665,2021-01-02 02:45:05.158021888,414.6403,0.0
2021-01-02,19.217663,105.09959,2021-01-02 02:45:05.185018624,414.53384,0.0
2021-01-02,19.226494,105.112495,2021-01-02 02:45:05.212014848,415.77484,0.0
2021-01-02,19.157549,105.04828,2021-01-02 02:45:05.383005696,414.4979,0.0
2021-01-02,19.174978,105.07428,2021-01-02 02:45:05.436998656,415.2796,0.0
2021-01-02,19.133608,105.08844,2021-01-02 02:45:06.076987136,413.79904,0.0
2021-01-02,19.14233,105.10144,2021-01-02 02:45:06.104023808,417.95197,0.0
2021-01-02,19.151085,105.11442,2021-01-02 02:45:06.131020032,416.45346,0.0
2021-01-02,19.15231,105.15384,2021-01-02 02:45:06.518022656,416.09335,0.0
2021-01-02,19.161137,105.16675,2021-01-02 02:45:06.545019136,416.62436,0.0
2021-01-02,19.144794,105.1803,2021-01-02 02:45:06.878994432,416.26566,0.0
2021-01-02,19.102072,105.15509,2021-01-02 02:45:07.131014912,415.83224,0.0
2021-01-02,19.103294,105.19451,2021-01-02 02:45:07.518017280,415.12674,0.0
2021-01-02,19.112118,105.20742,2021-01-02 02:45:07.545013760,413.24976,0.0
2021-01-06,22.348816,102.49352,2021-01-06 01:10:05.762019584,409.03867,0.0
2021-01-06,22.323818,102.49472,2021-01-06 01:10:06.068998656,410.85977,0.0
2021-01-06,22.298801,102.49578,2021-01-06 01:10:06.375011840,410.30673,0.0
2021-01-06,22.307732,102.50888,2021-01-06 01:10:06.402008320,413.09467,0.0
2021-01-06,22.282745,102.50997,2021-01-06 01:10:06.708021504,411.95953,0.0
2021-01-06,22.291662,102.52305,2021-01-06 01:10:06.735017728,412.48148,0.0
2021-01-06,22.300615,102.53612,2021-01-06 01:10:06.762014464,404.62073,0.0
2021-01-06,22.30254,102.57645,2021-01-06 01:10:07.150022656,409.3623,0.0
2021-01-06,22.259571,102.55154,2021-01-06 01:10:07.402002688,410.59213,0.0
2021-01-06,21.572859,103.09089,2021-01-06 01:10:20.988008448,412.71136,0.0
2021-01-25,17.31975,106.144966,2021-01-25 07:30:46.232016384,415.2262,0.0
2021-01-25,17.35256,106.11154,2021-01-25 07:30:46.313005568,415.1776,0.0
2021-01-25,17.36345,106.10034,2021-01-25 07:30:46.340002048,416.13773,0.0
2021-01-25,17.374306,106.08913,2021-01-25 07:30:46.366998784,416.45102,0.0
2021-01-25,17.385132,106.07789,2021-01-25 07:30:46.393995008,415.30914,0.0
2021-01-25,17.395937,106.06663,2021-01-25 07:30:46.420991488,414.09503,0.0
2021-01-25,17.336208,106.15819,2021-01-25 07:30:46.564985856,415.7999,0.0
2021-01-25,17.34716,106.14709,2021-01-25 07:30:46.592022528,415.22565,0.0
2021-01-25,17.35809,106.135956,2021-01-25 07:30:46.619019008,415.09793,0.0
2021-01-25,17.36899,106.124794,2021-01-25 07:30:46.646015488,415.9397,0.0
2021-01-25,17.379858,106.1136,2021-01-25 07:30:46.673011712,416.12445,0.0
2021-01-25,17.390718,106.10239,2021-01-25 07:30:46.700008192,414.74823,0.0
2021-01-25,17.401558,106.09114,2021-01-25 07:30:46.727004416,415.30386,0.0
2021-01-25,17.412365,106.07988,2021-01-25 07:30:46.754001152,415.75775,0.0
2021-01-25,17.352661,106.1714,2021-01-25 07:30:46.899001344,414.48187,0.0
2021-01-25,17.363636,106.16029,2021-01-25 07:30:46.925997824,415.05142,0.0
2021-01-25,17.37459,106.14914,2021-01-25 07:30:46.952994048,415.1661,0.0
2021-01-25,17.385508,106.13795,2021-01-25 07:30:46.979990528,416.62265,0.0
2021-01-25,17.396399,106.12675,2021-01-25 07:30:47.006987008,416.39505,0.0
2021-01-25,17.40726,106.115524,2021-01-25 07:30:47.034023680,416.20193,0.0
2021-01-25,17.418104,106.10429,2021-01-25 07:30:47.061020160,415.23465,0.0
2021-01-25,17.428894,106.09304,2021-01-25 07:30:47.088016384,414.9187,0.0
2021-01-26,10.837323,106.39788,2021-01-26 06:41:10.363989248,416.25644,0.0
2021-01-26,10.5596695,106.30182,2021-01-26 06:41:24.725005824,414.57336,0.0
2021-01-26,10.782711,106.44607,2021-01-26 06:41:28.752020736,414.69843,0.0
2021-01-26,10.896278,106.549774,2021-01-26 06:41:31.390992640,416.7073,0.0
2021-01-26,10.871464,106.57055,2021-01-26 06:41:31.671015168,416.9036,0.0
2021-01-26,10.892269,106.56638,2021-01-26 06:41:31.698011904,417.36536,0.0
2021-01-26,10.909212,106.57871,2021-01-26 06:41:32.031021312,417.50143,0.0
2021-01-26,10.905125,106.595245,2021-01-26 06:41:32.336994304,414.7416,0.0
2021-01-26,10.92204,106.60763,2021-01-26 06:41:32.671010048,417.5038,0.0
2021-01-26,10.893498,106.644806,2021-01-26 06:41:33.255999488,417.56085,0.0
2021-01-26,10.956875,106.71068,2021-01-26 06:41:34.896023040,416.91473,0.0
2021-01-26,10.973611,106.72319,2021-01-26 06:41:35.228992512,416.80502,0.0
2021-01-26,10.906449,106.74828,2021-01-26 06:41:52.337006592,415.0689,0.0
2021-01-26,10.908258,106.768486,2021-01-26 06:41:52.644025856,416.32205,0.0
2021-01-26,10.923365,106.76058,2021-01-26 06:41:52.671022080,415.9103,0.0
2021-01-26,10.968653,106.73669,2021-01-26 06:41:52.752011264,416.6927,0.0
2021-01-26,10.940254,106.77307,2021-01-26 06:41:53.003991552,416.1705,0.0
2021-01-26,10.97039,106.75716,2021-01-26 06:41:53.058024704,416.16684,0.0
2021-01-26,10.960568,106.82603,2021-01-26 06:41:53.949993216,415.92087,0.0
2021-01-26,10.992366,106.830635,2021-01-26 06:41:54.309999360,416.3302,0.0
2021-01-26,10.963895,106.86643,2021-01-26 06:41:54.563025408,415.7931,0.0
2021-01-26,10.978992,106.85869,2021-01-26 06:41:54.590022144,415.8728,0.0
2021-01-26,10.994052,106.85088,2021-01-26 06:41:54.617018368,415.90967,0.0
2021-01-26,11.024339,106.83524,2021-01-26 06:41:54.671011328,417.2836,0.0
2021-01-26,11.054529,106.81937,2021-01-26 06:41:54.725004288,416.1795,0.0
2021-01-26,10.980627,106.87894,2021-01-26 06:41:54.895994880,415.18884,0.0
2021-01-26,10.995682,106.87117,2021-01-26 06:41:54.922991360,415.86346,0.0
2021-01-26,11.057924,106.86013,2021-01-26 06:41:55.336990464,417.1354,0.0
2021-01-26,11.0880375,106.84422,2021-01-26 06:41:55.391023360,416.0829,0.0
2021-01-26,11.1030445,106.83618,2021-01-26 06:41:55.418019840,416.846,0.0
2021-01-26,11.044517,106.88829,2021-01-26 06:41:55.617012992,415.79703,0.0
2021-01-26,11.059577,106.88043,2021-01-26 06:41:55.644009472,415.95847,0.0
2021-01-26,11.089726,106.86463,2021-01-26 06:41:55.698002432,415.95444,0.0
2021-01-26,11.106562,106.87701,2021-01-26 06:41:56.031012096,416.28836,0.0
2021-01-26,11.0479,106.92879,2021-01-26 06:41:56.228999168,415.9617,0.0
2021-01-26,11.093145,106.90539,2021-01-26 06:41:56.309988608,415.4451,0.0
2021-01-26,11.10819,106.89748,2021-01-26 06:41:56.337025280,415.98978,0.0
2021-01-26,11.123195,106.889496,2021-01-26 06:41:56.364021504,415.72784,0.0
2021-01-26,11.138326,106.881546,2021-01-26 06:41:56.391017984,416.02914,0.0
2021-01-26,11.153457,106.87354,2021-01-26 06:41:56.418014464,416.1972,0.0
2021-01-26,10.226365,106.365364,2021-01-26 06:42:00.390996480,416.13788,0.0
2021-01-26,10.257815,106.48329,2021-01-26 06:42:01.922993664,415.68384,0.0
2021-01-26,10.278966,106.46096,2021-01-26 06:42:01.977026816,417.54532,0.0
2021-01-26,10.632137,106.72141,2021-01-26 06:42:08.976988672,416.35776,0.0
2021-01-26,10.653163,106.69902,2021-01-26 06:42:09.031021824,417.65448,0.0
2021-01-26,10.69729,106.7126,2021-01-26 06:42:09.725003264,416.8047,0.0
2021-01-26,10.707761,106.701324,2021-01-26 06:42:09.751999744,415.1428,0.0
2021-01-26,10.741269,106.726265,2021-01-26 06:42:10.418019072,416.58643,0.0
2021-01-26,10.716147,106.78362,2021-01-26 06:42:10.644008704,416.68915,0.0
2021-01-26,10.711738,106.818375,2021-01-26 06:42:10.923025408,417.3612,0.0
2021-01-26,10.732937,106.79603,2021-01-26 06:42:10.977018112,416.58575,0.0
2021-01-26,10.717949,106.84196,2021-01-26 06:42:11.228998144,417.70206,0.0
2021-01-26,10.7453985,106.84324,2021-01-26 06:42:11.590010112,416.90384,0.0
2021-01-26,10.926264,106.86294,2021-01-26 06:42:14.084987648,416.32346,0.0
2021-01-26,10.87983,106.94266,2021-01-26 06:42:14.256018688,416.6882,0.0
2021-01-26,10.901027,106.92032,2021-01-26 06:42:14.310011648,417.15042,0.0
2021-01-26,10.911584,106.90912,2021-01-26 06:42:14.337007872,417.39304,0.0
2021-01-26,10.928433,106.921555,2021-01-26 06:42:14.671023360,415.2295,0.0
2021-01-26,10.92411,106.95636,2021-01-26 06:42:14.950000128,415.20905,0.0
2021-01-26,10.930294,106.97996,2021-01-26 06:42:15.256013312,416.51083,0.0
2021-01-26,10.940906,106.968796,2021-01-26 06:42:15.283009792,415.7703,0.0
2021-01-26,10.962039,106.94643,2021-01-26 06:42:15.337002496,415.5533,0.0
2021-01-26,10.972572,106.9352,2021-01-26 06:42:15.363998976,415.9973,0.0
2021-01-26,10.993562,106.91268,2021-01-26 06:42:15.417991936,416.97058,0.0
2021-01-26,10.936492,107.00357,2021-01-26 06:42:15.562992128,415.64514,0.0
2021-01-26,10.947138,106.99243,2021-01-26 06:42:15.589988352,415.55038,0.0
2021-01-26,10.957756,106.98126,2021-01-26 06:42:15.617025024,414.83856,0.0
2021-01-26,10.968349,106.97007,2021-01-26 06:42:15.644021504,415.54996,0.0
2021-01-26,10.999927,106.93639,2021-01-26 06:42:15.725010944,416.17175,0.0
2021-01-26,10.953252,107.01606,2021-01-26 06:42:15.896001792,415.2118,0.0
2021-01-26,10.963894,107.00492,2021-01-26 06:42:15.922998272,415.63058,0.0
2021-01-26,11.006191,106.96012,2021-01-26 06:42:16.031024128,414.81757,0.0
2021-01-26,11.0167055,106.94886,2021-01-26 06:42:16.058020608,416.31348,0.0
2021-01-26,11.027186,106.93758,2021-01-26 06:42:16.085017088,416.42828,0.0
2021-01-26,10.970067,107.02849,2021-01-26 06:42:16.229011456,415.08066,0.0
2021-01-26,10.980702,107.01735,2021-01-26 06:42:16.256007936,415.27377,0.0
2021-01-26,11.012433,106.98381,2021-01-26 06:42:16.336997120,412.55948,0.0
2021-01-26,11.04393,106.95006,2021-01-26 06:42:16.417986304,416.24933,0.0
2021-01-26,10.986803,107.04098,2021-01-26 06:42:16.562986496,415.8742,0.0
2021-01-26,11.018639,107.0075,2021-01-26 06:42:16.644016384,416.19528,0.0
2021-01-26,11.060723,106.96253,2021-01-26 06:42:16.752002048,415.5729,0.0
2021-01-26,11.059145,107.07977,2021-01-26 06:42:17.895990784,415.80862,0.0
2021-01-26,11.069768,107.06862,2021-01-26 06:42:17.922987520,415.83057,0.0
2021-01-26,9.335825,106.06798,2021-01-26 06:42:32.590017024,417.34796,0.0
2021-01-26,9.351304,106.06009,2021-01-26 06:42:32.950023168,416.9609,0.0
2021-01-26,9.349896,106.03977,2021-01-26 06:42:32.977019648,416.98,0.0
2021-01-26,9.348396,106.019356,2021-01-26 06:42:33.004015872,416.68146,0.0
2021-01-26,9.366748,106.0521,2021-01-26 06:42:33.309988864,416.84094,0.0
2021-01-26,9.365276,106.03169,2021-01-26 06:42:33.337025536,416.5371,0.0
2021-01-26,9.363746,106.01121,2021-01-26 06:42:33.364022016,415.45203,0.0
2021-01-26,9.362121,105.990616,2021-01-26 06:42:33.391018496,415.83905,0.0
2021-01-26,9.382163,106.044,2021-01-26 06:42:33.671000832,416.31744,0.0
2021-01-26,9.380631,106.02352,2021-01-26 06:42:33.697997312,415.65973,0.0
2021-01-26,9.379018,106.002945,2021-01-26 06:42:33.724993792,415.2036,0.0
2021-01-26,9.377275,105.98223,2021-01-26 06:42:33.751990272,415.43283,0.0
2021-01-26,9.397375,106.03581,2021-01-26 06:42:34.031006976,415.51083,0.0
2021-01-26,9.412622,106.027534,2021-01-26 06:42:34.391013120,416.47116,0.0
2021-01-26,9.438143,106.162094,2021-01-26 06:42:34.563009792,414.68045,0.0
2021-01-26,9.43554,106.12173,2021-01-26 06:42:34.617002496,414.99615,0.0
2021-01-26,9.427819,106.01926,2021-01-26 06:42:34.752025088,416.73422,0.0
2021-01-26,9.446313,106.05228,2021-01-26 06:42:35.057997824,416.14725,0.0
2021-01-26,9.4887085,106.19917,2021-01-26 06:42:35.563004160,416.46286,0.0
2021-01-26,9.487372,106.17898,2021-01-26 06:42:35.590000640,416.8341,0.0
2021-01-26,9.479995,106.0769,2021-01-26 06:42:35.725023232,416.503,0.0
2021-01-26,9.505496,106.21148,2021-01-26 06:42:35.896014080,415.66812,0.0
2021-01-26,9.504206,106.19131,2021-01-26 06:42:35.923010304,417.72424,0.0
2021-01-26,9.52107,106.20368,2021-01-26 06:42:36.256019968,416.8351,0.0
2021-01-26,9.51367,106.1016,2021-01-26 06:42:36.391002112,418.65765,0.0
2021-01-26,9.536512,106.19579,2021-01-26 06:42:36.616991744,416.49896,0.0
2021-01-26,9.555888,106.248566,2021-01-26 06:42:36.896008448,417.0034,0.0
2021-01-26,9.5546,106.228386,2021-01-26 06:42:36.923005184,416.9358,0.0
2021-01-26,9.551907,106.187836,2021-01-26 06:42:36.976997888,417.14227,0.0
2021-01-26,9.547232,106.12626,2021-01-26 06:42:37.057987328,418.2783,0.0
2021-01-26,9.545552,106.10557,2021-01-26 06:42:37.085024000,419.72177,0.0
2021-01-26,9.5727415,106.2609,2021-01-26 06:42:37.229018112,416.91458,0.0
2021-01-26,9.571495,106.24075,2021-01-26 06:42:37.256014592,416.9792,0.0
2021-01-26,9.570168,106.22051,2021-01-26 06:42:37.283011072,416.7307,0.0
2021-01-26,9.56735,106.1798,2021-01-26 06:42:37.337004032,417.50177,0.0
2021-01-26,9.562461,106.11796,2021-01-26 06:42:37.417993216,418.30222,0.0
2021-01-26,9.588372,106.25308,2021-01-26 06:42:37.589989888,416.99875,0.0
2021-01-26,9.587061,106.23284,2021-01-26 06:42:37.617026560,416.50107,0.0
2021-01-26,9.585636,106.21249,2021-01-26 06:42:37.644023040,416.6082,0.0
2021-01-26,9.603824,106.245186,2021-01-26 06:42:37.949996032,416.92032,0.0
2021-01-26,9.602392,106.22483,2021-01-26 06:42:37.976992256,416.4997,0.0
2021-01-26,9.600959,106.20444,2021-01-26 06:42:38.003988736,416.68118,0.0
2021-01-26,9.596077,106.1426,2021-01-26 06:42:38.085018368,418.61618,0.0
2021-01-26,9.623235,106.29796,2021-01-26 06:42:38.229012736,416.79565,0.0
2021-01-26,9.616267,106.19634,2021-01-26 06:42:38.363995136,415.4351,0.0
2021-01-26,9.640078,106.31036,2021-01-26 06:42:38.562988032,416.32953,0.0
2021-01-26,9.638802,106.290184,2021-01-26 06:42:38.590024704,417.12048,0.0
2021-01-26,9.637468,106.26992,2021-01-26 06:42:38.617021184,415.99835,0.0
2021-01-26,9.631514,106.188065,2021-01-26 06:42:38.725006848,416.4367,0.0
2021-01-26,9.6298,106.167336,2021-01-26 06:42:38.752003072,416.06204,0.0
2021-01-26,9.656903,106.32266,2021-01-26 06:42:38.895997696,416.59103,0.0
2021-01-26,9.655637,106.30249,2021-01-26 06:42:38.922994176,416.0344,0.0
2021-01-26,9.654335,106.28226,2021-01-26 06:42:38.949990400,415.89148,0.0
2021-01-26,9.652965,106.26194,2021-01-26 06:42:38.977027072,416.5512,0.0
2021-01-26,9.651514,106.24152,2021-01-26 06:42:39.004023552,416.3029,0.0
2021-01-26,9.646661,106.17969,2021-01-26 06:42:39.085012992,415.075,0.0
2021-01-26,9.67368,106.334984,2021-01-26 06:42:39.229007360,417.9567,0.0
2021-01-26,9.672412,106.31481,2021-01-26 06:42:39.256003840,417.37366,0.0
2021-01-26,9.671113,106.294586,2021-01-26 06:42:39.283000320,416.7966,0.0
2021-01-26,9.669763,106.27428,2021-01-26 06:42:39.309996544,415.89633,0.0
2021-01-26,9.668286,106.25385,2021-01-26 06:42:39.336993280,416.20825,0.0
2021-01-26,9.666773,106.23335,2021-01-26 06:42:39.363989504,415.8866,0.0
2021-01-26,9.690564,106.347404,2021-01-26 06:42:39.563022848,418.33514,0.0
2021-01-26,9.689367,106.32728,2021-01-26 06:42:39.590019328,416.62888,0.0
2021-01-26,9.68799,106.307,2021-01-26 06:42:39.617015808,417.72913,0.0
2021-01-26,9.686633,106.28668,2021-01-26 06:42:39.644012288,417.2778,0.0
2021-01-26,9.685109,106.26622,2021-01-26 06:42:39.671008512,416.1454,0.0
2021-01-26,9.683623,106.24574,2021-01-26 06:42:39.698004992,416.4963,0.0
2021-01-26,9.707449,106.359825,2021-01-26 06:42:39.895992320,416.78827,0.0
2021-01-26,9.706213,106.33967,2021-01-26 06:42:39.922988544,416.726,0.0
2021-01-26,9.704819,106.319374,2021-01-26 06:42:39.950025216,417.59338,0.0
2021-01-26,9.703434,106.299034,2021-01-26 06:42:39.977021696,417.04248,0.0
2021-01-26,9.698872,106.237495,2021-01-26 06:42:40.058011136,416.08142,0.0
2021-01-26,9.722965,106.35195,2021-01-26 06:42:40.255998464,417.10007,0.0
2021-01-26,9.721659,106.33172,2021-01-26 06:42:40.282994688,417.52066,0.0
2021-01-26,9.720237,106.31136,2021-01-26 06:42:40.309991424,417.0917,0.0
2021-01-26,9.718813,106.29096,2021-01-26 06:42:40.337028096,416.04306,0.0
2021-01-26,9.717252,106.27043,2021-01-26 06:42:40.364024320,417.34296,0.0
2021-01-26,9.71562,106.24981,2021-01-26 06:42:40.391020800,416.3191,0.0
2021-01-26,9.7410145,106.3845,2021-01-26 06:42:40.563017472,417.00098,0.0
2021-01-26,9.739784,106.36435,2021-01-26 06:42:40.590013952,416.80243,0.0
2021-01-26,9.738441,106.34408,2021-01-26 06:42:40.617010432,416.89435,0.0
2021-01-26,9.737052,106.323746,2021-01-26 06:42:40.644006656,417.08942,0.0
2021-01-26,9.735604,106.30333,2021-01-26 06:42:40.671003136,417.87338,0.0
2021-01-26,9.734086,106.28283,2021-01-26 06:42:40.697999360,417.14615,0.0
2021-01-26,9.732497,106.26224,2021-01-26 06:42:40.724996096,416.28558,0.0
2021-01-26,9.75791,106.39698,2021-01-26 06:42:40.895986688,416.52307,0.0
2021-01-26,9.75526,106.3565,2021-01-26 06:42:40.950019840,417.3439,0.0
2021-01-26,9.753855,106.33615,2021-01-26 06:42:40.977016576,416.938,0.0
2021-01-26,9.752391,106.31571,2021-01-26 06:42:41.004012800,417.07098,0.0
2021-01-26,9.750879,106.295204,2021-01-26 06:42:41.031009280,417.0791,0.0
2021-01-26,9.74922,106.27455,2021-01-26 06:42:41.058005760,416.34015,0.0
2021-01-26,9.774698,106.40929,2021-01-26 06:42:41.228996608,416.73938,0.0
2021-01-26,9.772144,106.36887,2021-01-26 06:42:41.282989568,417.0472,0.0
2021-01-26,9.770751,106.348526,2021-01-26 06:42:41.310026240,416.9461,0.0
2021-01-26,9.7692995,106.3281,2021-01-26 06:42:41.337022464,416.8943,0.0
2021-01-26,9.767733,106.307556,2021-01-26 06:42:41.364018944,417.7186,0.0
2021-01-26,9.766117,106.286934,2021-01-26 06:42:41.391015168,417.3993,0.0
2021-01-26,9.7644415,106.26623,2021-01-26 06:42:41.418011648,416.88107,0.0
2021-01-26,9.791503,106.42164,2021-01-26 06:42:41.563012096,416.83615,0.0
2021-01-26,9.790255,106.40147,2021-01-26 06:42:41.590008576,416.48523,0.0
2021-01-26,9.788927,106.3812,2021-01-26 06:42:41.617004800,416.44766,0.0
2021-01-26,9.7874975,106.36083,2021-01-26 06:42:41.644001280,417.27228,0.0
2021-01-26,9.786045,106.3404,2021-01-26 06:42:41.670997504,416.86676,0.0
2021-01-26,9.784507,106.319885,2021-01-26 06:42:41.697994240,417.65283,0.0
2021-01-26,9.782909,106.29928,2021-01-26 06:42:41.724990720,417.22748,0.0
2021-01-26,9.781251,106.27859,2021-01-26 06:42:41.751986944,417.75073,0.0
2021-01-26,9.808311,106.434044,2021-01-26 06:42:41.896021504,415.8378,0.0
2021-01-26,9.807043,106.413864,2021-01-26 06:42:41.923017984,415.5562,0.0
2021-01-26,9.80574,106.393616,2021-01-26 06:42:41.950014464,415.93002,0.0
2021-01-26,9.804322,106.37325,2021-01-26 06:42:41.977010944,416.42508,0.0
2021-01-26,9.802858,106.35281,2021-01-26 06:42:42.004007424,417.4699,0.0
2021-01-26,9.801346,106.332306,2021-01-26 06:42:42.031003904,416.86646,0.0
2021-01-26,9.799718,106.311676,2021-01-26 06:42:42.058000384,417.1802,0.0
2021-01-26,9.798039,106.29097,2021-01-26 06:42:42.084996608,417.31778,0.0
2021-01-26,9.825059,106.44643,2021-01-26 06:42:42.228990976,416.29755,0.0
2021-01-26,9.823812,106.42627,2021-01-26 06:42:42.255987712,416.37924,0.0
2021-01-26,9.822502,106.40601,2021-01-26 06:42:42.283024384,416.24603,0.0
2021-01-26,9.821094,106.38566,2021-01-26 06:42:42.310020608,417.78925,0.0
2021-01-26,9.819682,106.36526,2021-01-26 06:42:42.337017088,417.91824,0.0
2021-01-26,9.818111,106.3447,2021-01-26 06:42:42.364013312,417.2985,0.0
2021-01-26,9.816582,106.324135,2021-01-26 06:42:42.391009792,417.19345,0.0
2021-01-26,9.814914,106.30343,2021-01-26 06:42:42.418006528,416.99994,0.0
2021-01-26,9.841898,106.45878,2021-01-26 06:42:42.563006720,416.26773,0.0
2021-01-26,9.840677,106.43861,2021-01-26 06:42:42.590002944,416.89597,0.0
2021-01-26,9.839298,106.41829,2021-01-26 06:42:42.616999424,416.17395,0.0
2021-01-26,9.837907,106.39793,2021-01-26 06:42:42.643995648,416.85358,0.0
2021-01-26,9.836449,106.37748,2021-01-26 06:42:42.670992384,417.9328,0.0
2021-01-26,9.834972,106.35698,2021-01-26 06:42:42.697988864,416.91083,0.0
2021-01-26,9.831718,106.31565,2021-01-26 06:42:42.752021760,417.11374,0.0
2021-01-26,9.857483,106.4509,2021-01-26 06:42:42.923012608,416.19705,0.0
2021-01-26,9.856201,106.43066,2021-01-26 06:42:42.950009088,416.0452,0.0
2021-01-26,9.8548155,106.41031,2021-01-26 06:42:42.977005568,415.83798,0.0
2021-01-26,9.853339,106.38986,2021-01-26 06:42:43.004002048,417.41806,0.0
2021-01-26,9.851803,106.36933,2021-01-26 06:42:43.030998528,417.08405,0.0
2021-01-26,9.848559,106.32801,2021-01-26 06:42:43.084991232,418.7102,0.0
2021-01-26,9.873127,106.44306,2021-01-26 06:42:43.283018752,416.51715,0.0
2021-01-26,9.871678,106.422676,2021-01-26 06:42:43.310015232,416.90955,0.0
2021-01-26,9.87025,106.40226,2021-01-26 06:42:43.337011456,416.92023,0.0
2021-01-26,9.868673,106.38171,2021-01-26 06:42:43.364007936,417.37622,0.0
2021-01-26,9.86706,106.36108,2021-01-26 06:42:43.391004672,416.9446,0.0
2021-01-26,9.865409,106.34038,2021-01-26 06:42:43.418000896,416.3981,0.0
2021-01-26,9.886961,106.41467,2021-01-26 06:42:43.671027200,416.76352,0.0
2021-01-26,9.885442,106.39414,2021-01-26 06:42:43.698023680,415.9951,0.0
2021-01-26,9.883819,106.37349,2021-01-26 06:42:43.725019904,416.6377,0.0
2021-01-26,9.882181,106.35278,2021-01-26 06:42:43.752016640,416.51944,0.0
2021-01-26,9.90665,106.46778,2021-01-26 06:42:43.950003712,416.1089,0.0
2021-01-26,9.902297,106.40645,2021-01-26 06:42:44.030992896,416.30746,0.0
2021-01-26,9.9007845,106.38587,2021-01-26 06:42:44.057989376,416.38513,0.0
2021-01-26,9.899049,106.36512,2021-01-26 06:42:44.085026048,417.2342,0.0
2021-01-26,9.92607,106.52068,2021-01-26 06:42:44.229020672,416.05075,0.0
2021-01-26,9.924785,106.50049,2021-01-26 06:42:44.256016896,416.57138,0.0
2021-01-26,9.917526,106.39827,2021-01-26 06:42:44.390999040,416.39172,0.0
2021-01-26,9.915921,106.37759,2021-01-26 06:42:44.417995520,415.6051,0.0
2021-01-26,9.942858,106.533005,2021-01-26 06:42:44.562995712,416.1204,0.0
2021-01-26,9.941671,106.512856,2021-01-26 06:42:44.589991936,414.85666,0.0
2021-01-26,9.940285,106.49254,2021-01-26 06:42:44.616988672,416.19208,0.0
2021-01-26,9.935938,106.43121,2021-01-26 06:42:44.698018048,414.6236,0.0
2021-01-26,9.959739,106.54545,2021-01-26 06:42:44.896005376,416.12952,0.0
2021-01-26,9.95715,106.504974,2021-01-26 06:42:44.949998336,415.695,0.0
2021-01-26,9.976419,106.557785,2021-01-26 06:42:45.229015040,416.10196,0.0
2021-01-26,9.975198,106.53762,2021-01-26 06:42:45.256011520,416.00433,0.0
2021-01-26,9.973893,106.51736,2021-01-26 06:42:45.283007744,416.29376,0.0
2021-01-26,9.97252,106.49701,2021-01-26 06:42:45.310004224,416.7381,0.0
2021-01-26,9.9710655,106.47656,2021-01-26 06:42:45.337000960,416.28665,0.0
2021-01-26,9.989308,106.50943,2021-01-26 06:42:45.644019968,415.8144,0.0
2021-01-26,9.98786,106.489,2021-01-26 06:42:45.671016192,416.7468,0.0
2021-01-26,9.9864,106.46851,2021-01-26 06:42:45.698012928,416.92285,0.0
2021-01-26,10.010029,106.58268,2021-01-26 06:42:45.896000000,415.98315,0.0
2021-01-26,10.004606,106.50138,2021-01-26 06:42:46.004025856,415.9644,0.0
2021-01-26,10.003117,106.480865,2021-01-26 06:42:46.031022336,416.93326,0.0
2021-01-26,10.001546,106.46024,2021-01-26 06:42:46.058018560,416.70493,0.0
2021-01-26,9.9999,106.43953,2021-01-26 06:42:46.085015296,416.93295,0.0
2021-01-26,10.026905,106.59507,2021-01-26 06:42:46.229009664,415.07877,0.0
2021-01-26,10.025671,106.57488,2021-01-26 06:42:46.256005888,415.16364,0.0
2021-01-26,10.024291,106.554565,2021-01-26 06:42:46.283002368,416.11874,0.0
2021-01-26,10.018396,106.47263,2021-01-26 06:42:46.390988288,417.33725,0.0
2021-01-26,10.016718,106.4519,2021-01-26 06:42:46.418024960,416.27054,0.0
2021-01-26,10.043633,106.60739,2021-01-26 06:42:46.563024896,415.69855,0.0
2021-01-26,10.041113,106.566925,2021-01-26 06:42:46.617018112,415.87402,0.0
2021-01-26,10.033552,106.46422,2021-01-26 06:42:46.752000000,412.65015,0.0
2021-01-26,10.060492,106.61976,2021-01-26 06:42:46.895994624,416.57703,0.0
2021-01-26,10.057934,106.57927,2021-01-26 06:42:46.950027776,416.78915,0.0
2021-01-26,10.056553,106.55889,2021-01-26 06:42:46.977024000,416.19205,0.0
2021-01-26,10.055136,106.53845,2021-01-26 06:42:47.004020480,415.96973,0.0
2021-01-26,10.077401,106.63218,2021-01-26 06:42:47.229004032,416.57193,0.0
2021-01-26,10.076192,106.612015,2021-01-26 06:42:47.256000512,416.43,0.0
2021-01-26,10.074849,106.59171,2021-01-26 06:42:47.282997248,416.2186,0.0
2021-01-26,10.073465,106.57134,2021-01-26 06:42:47.309993472,416.80243,0.0
2021-01-26,10.072024,106.55089,2021-01-26 06:42:47.336989952,416.53354,0.0
2021-01-26,10.070501,106.530334,2021-01-26 06:42:47.363986432,416.0368,0.0
2021-01-26,10.068954,106.50972,2021-01-26 06:42:47.391023104,416.3339,0.0
2021-01-26,10.06729,106.48898,2021-01-26 06:42:47.418019584,416.2696,0.0
2021-01-26,10.094132,106.64451,2021-01-26 06:42:47.563019776,416.81766,0.0
2021-01-26,10.092912,106.62433,2021-01-26 06:42:47.590016000,416.99847,0.0
2021-01-26,10.091578,106.604034,2021-01-26 06:42:47.617012480,416.8755,0.0
2021-01-26,10.09022,106.58369,2021-01-26 06:42:47.644009216,417.02893,0.0
2021-01-26,10.088775,106.56323,2021-01-26 06:42:47.671005440,416.759,0.0
2021-01-26,10.087294,106.54272,2021-01-26 06:42:47.698001920,416.94617,0.0
2021-01-26,10.085695,106.52208,2021-01-26 06:42:47.724998144,416.23535,0.0
2021-01-26,10.084084,106.50139,2021-01-26 06:42:47.751994624,416.55557,0.0
2021-01-26,10.1110325,106.65699,2021-01-26 06:42:47.895989248,416.57834,0.0
2021-01-26,10.10977,106.63677,2021-01-26 06:42:47.923025920,416.70547,0.0
2021-01-26,10.108451,106.61647,2021-01-26 06:42:47.950022144,417.22934,0.0
2021-01-26,10.107076,106.59609,2021-01-26 06:42:47.977018624,416.9218,0.0
2021-01-26,10.105654,106.575645,2021-01-26 06:42:48.004014848,416.94302,0.0
2021-01-26,10.104115,106.55507,2021-01-26 06:42:48.031011584,417.07312,0.0
2021-01-26,10.1278305,106.66929,2021-01-26 06:42:48.228998656,416.09204,0.0
2021-01-26,10.125328,106.62884,2021-01-26 06:42:48.282991616,416.3352,0.0
2021-01-26,10.123925,106.60846,2021-01-26 06:42:48.310028288,417.40732,0.0
2021-01-26,10.120969,106.56748,2021-01-26 06:42:48.364021248,416.60684,0.0
2021-01-26,10.119356,106.54683,2021-01-26 06:42:48.391017728,417.13257,0.0
2021-01-26,10.117719,106.52612,2021-01-26 06:42:48.418013952,418.02985,0.0
2021-01-26,10.144587,106.681755,2021-01-26 06:42:48.563014144,415.983,0.0
2021-01-26,10.140657,106.620926,2021-01-26 06:42:48.644003584,417.12747,0.0
2021-01-26,10.139235,106.600494,2021-01-26 06:42:48.671000064,417.25146,0.0
2021-01-26,10.137737,106.579956,2021-01-26 06:42:48.697996288,416.18546,0.0
2021-01-26,10.136158,106.559326,2021-01-26 06:42:48.724992768,416.48508,0.0
2021-01-26,10.13446,106.53857,2021-01-26 06:42:48.751989248,416.96118,0.0
2021-01-26,10.16138,106.6942,2021-01-26 06:42:48.896024064,415.84216,0.0
2021-01-26,10.160165,106.67402,2021-01-26 06:42:48.923020288,415.3862,0.0
2021-01-26,10.158869,106.65375,2021-01-26 06:42:48.950016768,416.1004,0.0
2021-01-26,10.156023,106.61291,2021-01-26 06:42:49.004009728,417.07492,0.0
2021-01-26,10.154507,106.59236,2021-01-26 06:42:49.031006208,416.3099,0.0
2021-01-26,10.152932,106.57173,2021-01-26 06:42:49.058002432,416.0072,0.0
2021-01-26,10.151334,106.55103,2021-01-26 06:42:49.084999168,415.94693,0.0
2021-01-26,10.178256,106.70664,2021-01-26 06:42:49.228993536,415.71832,0.0
2021-01-26,10.175744,106.666176,2021-01-26 06:42:49.283026432,415.89413,0.0
2021-01-26,10.174367,106.64581,2021-01-26 06:42:49.310022912,415.78687,0.0
2021-01-26,10.172909,106.62535,2021-01-26 06:42:49.337019392,415.785,0.0
2021-01-26,10.171404,106.60481,2021-01-26 06:42:49.364015872,416.2334,0.0
2021-01-26,10.169817,106.584175,2021-01-26 06:42:49.391012096,416.67365,0.0
2021-01-26,10.193746,106.69883,2021-01-26 06:42:49.590005504,415.8215,0.0
2021-01-26,10.1910305,106.65814,2021-01-26 06:42:49.643998208,416.159,0.0
2021-01-26,10.189615,106.6377,2021-01-26 06:42:49.670994432,415.48328,0.0
2021-01-26,10.188092,106.61714,2021-01-26 06:42:49.697990912,416.19427,0.0
2021-01-26,10.186534,106.596504,2021-01-26 06:42:49.724987392,416.1969,0.0
2021-01-26,10.207924,106.670555,2021-01-26 06:42:49.977007872,416.44308,0.0
2021-01-26,10.206474,106.65008,2021-01-26 06:42:50.004004352,415.90933,0.0
2021-01-26,10.205013,106.62956,2021-01-26 06:42:50.031000576,415.1046,0.0
2021-01-26,10.203411,106.6089,2021-01-26 06:42:50.057997312,415.58533,0.0
2021-01-26,10.201752,106.58816,2021-01-26 06:42:50.084993536,415.7702,0.0
2021-01-26,10.228584,106.7438,2021-01-26 06:42:50.228987904,415.86685,0.0
2021-01-26,10.227343,106.723595,2021-01-26 06:42:50.256024576,416.00116,0.0
2021-01-26,10.221741,106.641945,2021-01-26 06:42:50.364010240,415.94672,0.0
2021-01-26,10.220178,106.62132,2021-01-26 06:42:50.391006720,416.50974,0.0
2021-01-26,10.218543,106.6006,2021-01-26 06:42:50.418003200,415.32825,0.0
2021-01-26,10.244068,106.73599,2021-01-26 06:42:50.589999872,415.46625,0.0
2021-01-26,10.242764,106.715706,2021-01-26 06:42:50.616996352,415.49454,0.0
2021-01-26,10.25823,106.7077,2021-01-26 06:42:50.977002496,415.29877,0.0
2021-01-26,10.255345,106.66674,2021-01-26 06:42:51.030995456,415.0116,0.0
2021-01-26,10.277721,106.7608,2021-01-26 06:42:51.256019200,416.8806,0.0
2021-01-26,10.27211,106.67912,2021-01-26 06:42:51.364004864,414.76495,0.0
2021-01-26,10.270562,106.6585,2021-01-26 06:42:51.391001344,414.3422,0.0
2021-01-26,10.29456,106.77323,2021-01-26 06:42:51.589994496,415.7816,0.0
2021-01-26,10.291867,106.73253,2021-01-26 06:42:51.644027392,415.6653,0.0
2021-01-26,10.285752,106.65013,2021-01-26 06:42:51.752013312,416.30435,0.0
2021-01-26,10.310068,106.76532,2021-01-26 06:42:51.950000640,416.86853,0.0
2021-01-26,10.308684,106.744934,2021-01-26 06:42:51.976996864,416.4963,0.0
2021-01-26,10.307256,106.724464,2021-01-26 06:42:52.003993600,415.71152,0.0
2021-01-26,10.305756,106.70391,2021-01-26 06:42:52.030989824,415.02484,0.0
2021-01-26,10.302513,106.662506,2021-01-26 06:42:52.085022976,415.55957,0.0
2021-01-26,10.326808,106.77771,2021-01-26 06:42:52.283010304,416.9646,0.0
2021-01-26,10.325449,106.75734,2021-01-26 06:42:52.310006528,416.63135,0.0
2021-01-26,10.324032,106.736885,2021-01-26 06:42:52.337003008,417.02438,0.0
2021-01-26,10.320951,106.69567,2021-01-26 06:42:52.390995968,416.46756,0.0
2021-01-26,10.342291,106.76982,2021-01-26 06:42:52.644022016,416.90503,0.0
2021-01-26,10.340848,106.749344,2021-01-26 06:42:52.671018496,416.22583,0.0
2021-01-26,10.339347,106.72879,2021-01-26 06:42:52.698014976,416.66818,0.0
2021-01-26,10.337774,106.70814,2021-01-26 06:42:52.725011456,415.9969,0.0
2021-01-26,10.336143,106.68741,2021-01-26 06:42:52.752007936,416.11728,0.0
2021-01-26,10.359068,106.78222,2021-01-26 06:42:52.976991744,415.993,0.0
2021-01-26,10.357591,106.7617,2021-01-26 06:42:53.004028416,417.37766,0.0
2021-01-26,10.35609,106.741135,2021-01-26 06:42:53.031024640,416.29593,0.0
2021-01-26,10.354519,106.720474,2021-01-26 06:42:53.058021120,415.88507,0.0
2021-01-26,10.352871,106.69972,2021-01-26 06:42:53.085017344,416.05176,0.0
2021-01-26,10.374444,106.774155,2021-01-26 06:42:53.336997632,416.82724,0.0
2021-01-26,10.371392,106.73295,2021-01-26 06:42:53.390990592,416.49274,0.0
2021-01-26,10.369724,106.71219,2021-01-26 06:42:53.417986816,415.73956,0.0
2021-01-26,10.386561,106.72462,2021-01-26 06:42:53.752002560,415.93066,0.0
2021-01-26,10.405061,106.75782,2021-01-26 06:42:54.058015488,416.7767,0.0
2021-01-26,10.403417,106.73707,2021-01-26 06:42:54.085011968,416.1553,0.0
2021-01-26,10.505936,106.83242,2021-01-26 06:42:56.058004736,416.3423,0.0
2021-01-28,21.272806,103.27488,2021-01-28 06:45:51.390990848,414.48953,0.0
2021-01-28,22.014973,103.9205,2021-01-28 06:46:06.725005056,416.80704,0.0
2021-01-28,22.042164,103.92332,2021-01-28 06:46:07.085011200,415.83783,0.0
2021-02-01,21.149286,103.10138,2021-02-01 05:13:07.589988352,418.913,0.0
2021-02-01,21.198673,103.0818,2021-02-01 05:13:08.003987200,418.13858,0.0
2021-02-01,21.209692,103.070564,2021-02-01 05:13:08.031023616,417.51334,0.0
2021-02-01,21.220694,103.0593,2021-02-01 05:13:08.058020096,418.3442,0.0
2021-02-01,22.75422,104.48749,2021-02-01 05:13:40.617006848,418.34634,0.0
2021-02-05,21.123383,102.95124,2021-02-05 03:40:22.563001600,415.96252,0.0
2021-02-05,21.150705,102.9541,2021-02-05 03:40:22.923007488,416.44888,0.0
2021-02-05,21.161802,102.94295,2021-02-05 03:40:22.950004224,416.63193,0.0
2021-02-05,21.155731,102.97923,2021-02-05 03:40:23.229020928,416.5365,0.0
2021-02-05,21.166868,102.96808,2021-02-05 03:40:23.256017152,416.43378,0.0
2021-02-05,21.189064,102.94579,2021-02-05 03:40:23.310010112,417.25308,0.0
2021-02-05,21.183113,102.981964,2021-02-05 03:40:23.589992448,416.76746,0.0
2021-02-05,21.194235,102.97082,2021-02-05 03:40:23.616988928,417.6476,0.0
2021-02-05,21.20532,102.95963,2021-02-05 03:40:23.644025600,417.62643,0.0
2021-02-05,21.227388,102.937256,2021-02-05 03:40:23.698018560,415.95923,0.0
2021-02-05,21.238363,102.92604,2021-02-05 03:40:23.725015040,417.2811,0.0
2021-02-05,21.249365,102.914795,2021-02-05 03:40:23.752011264,419.35687,0.0
2021-02-05,21.18807,103.0071,2021-02-05 03:40:23.896005632,417.58276,0.0
2021-02-05,21.22141,102.97364,2021-02-05 03:40:23.976995072,415.90768,0.0
2021-02-05,21.243507,102.95127,2021-02-05 03:40:24.030988032,416.613,0.0
2021-02-05,21.25454,102.94004,2021-02-05 03:40:24.058024704,417.33234,0.0
2021-02-05,21.204248,103.02109,2021-02-05 03:40:24.229015296,415.43716,0.0
2021-02-05,21.21539,103.00996,2021-02-05 03:40:24.256012032,415.60425,0.0
2021-02-05,21.226496,102.99879,2021-02-05 03:40:24.283008256,415.76007,0.0
2021-02-05,21.259693,102.96525,2021-02-05 03:40:24.363997440,417.03015,0.0
2021-02-05,21.270737,102.95401,2021-02-05 03:40:24.390994176,417.1396,0.0
2021-02-05,21.281725,102.94274,2021-02-05 03:40:24.417990400,417.14334,0.0
2021-02-05,21.220392,103.03505,2021-02-05 03:40:24.562990592,416.19873,0.0
2021-02-05,21.242636,103.01282,2021-02-05 03:40:24.617023744,416.54605,0.0
2021-02-05,21.264778,102.990486,2021-02-05 03:40:24.671016704,416.71704,0.0
2021-02-05,21.27585,102.97927,2021-02-05 03:40:24.698013184,416.8626,0.0
2021-02-05,21.286863,102.96802,2021-02-05 03:40:24.725009408,417.40414,0.0
2021-02-05,21.297852,102.95674,2021-02-05 03:40:24.752006144,416.63147,0.0
2021-02-05,21.236588,103.049,2021-02-05 03:40:24.896000512,416.221,0.0
2021-02-05,21.247725,103.03789,2021-02-05 03:40:24.922996736,417.2698,0.0
2021-02-05,21.258835,103.02675,2021-02-05 03:40:24.949993216,417.33124,0.0
2021-02-05,21.269917,103.015594,2021-02-05 03:40:24.976989696,417.72845,0.0
2021-02-05,21.292004,102.9932,2021-02-05 03:40:25.031022848,416.62833,0.0
2021-02-05,21.303022,102.98197,2021-02-05 03:40:25.058019072,417.3602,0.0
2021-02-05,21.314013,102.9707,2021-02-05 03:40:25.085015552,417.91428,0.0
2021-02-05,21.252726,103.062996,2021-02-05 03:40:25.229010176,416.23047,0.0
2021-02-05,21.275011,103.040726,2021-02-05 03:40:25.283002880,416.85327,0.0
2021-02-05,21.286104,103.029564,2021-02-05 03:40:25.309999104,416.10855,0.0
2021-02-05,21.319235,102.995926,2021-02-05 03:40:25.390988544,415.98093,0.0
2021-02-05,21.29117,103.05464,2021-02-05 03:40:25.617018112,417.16547,0.0
2021-02-05,21.302275,103.04348,2021-02-05 03:40:25.644014848,417.33023,0.0
2021-02-05,21.313353,103.03229,2021-02-05 03:40:25.671011328,417.61063,0.0
2021-02-05,21.324396,103.02108,2021-02-05 03:40:25.698007552,416.58853,0.0
2021-02-05,21.335413,103.00985,2021-02-05 03:40:25.725004288,416.02042,0.0
2021-02-05,21.346403,102.9986,2021-02-05 03:40:25.752000512,417.1285,0.0
2021-02-05,21.329508,103.04629,2021-02-05 03:40:26.004020992,416.872,0.0
2021-02-05,21.351597,103.02381,2021-02-05 03:40:26.058013696,416.57343,0.0
2021-02-05,21.36259,103.01255,2021-02-05 03:40:26.085010176,416.6355,0.0
2021-02-05,21.34562,103.0603,2021-02-05 03:40:26.336990464,417.17618,0.0
2021-02-05,21.356684,103.049095,2021-02-05 03:40:26.364027136,416.20715,0.0
2021-02-05,21.367722,103.03785,2021-02-05 03:40:26.391023360,417.02002,0.0
2021-02-05,21.37873,103.02658,2021-02-05 03:40:26.418019840,416.56754,0.0
2021-02-05,21.317337,103.118904,2021-02-05 03:40:26.563020032,415.75687,0.0
2021-02-05,21.328476,103.1078,2021-02-05 03:40:26.590016256,416.23868,0.0
2021-02-05,21.372774,103.063126,2021-02-05 03:40:26.698002432,416.54816,0.0
2021-02-05,21.38383,103.05189,2021-02-05 03:40:26.724998656,416.512,0.0
2021-02-05,21.394857,103.04061,2021-02-05 03:40:26.751995136,416.56464,0.0
2021-02-05,21.36688,103.09944,2021-02-05 03:40:26.977019136,415.43533,0.0
2021-02-05,21.389002,103.07707,2021-02-05 03:40:27.031011840,417.1971,0.0
2021-02-05,21.400045,103.06584,2021-02-05 03:40:27.058008320,417.75302,0.0
2021-02-05,21.411049,103.05457,2021-02-05 03:40:27.085004800,415.87527,0.0
2021-02-05,21.427189,103.06853,2021-02-05 03:40:27.418014464,415.07013,0.0
2021-02-05,21.365856,103.160736,2021-02-05 03:40:27.563014400,415.35333,0.0
2021-02-05,21.475588,103.110565,2021-02-05 03:40:28.418009088,415.73627,0.0
2021-02-05,21.458778,103.158134,2021-02-05 03:40:28.670994944,415.81705,0.0
2021-02-05,21.469814,103.14694,2021-02-05 03:40:28.697991424,413.94937,0.0
2021-02-05,21.48081,103.135735,2021-02-05 03:40:28.724987648,416.3134,0.0
2021-02-05,21.491817,103.12449,2021-02-05 03:40:28.752024320,416.10803,0.0
2021-02-05,21.496923,103.14982,2021-02-05 03:40:29.057997568,416.2095,0.0
2021-02-05,21.528406,103.23951,2021-02-05 03:40:30.310012416,416.4723,0.0
2021-02-05,21.58873,103.2086,2021-02-05 03:40:30.752013568,416.30313,0.0
2021-02-05,21.582855,103.2451,2021-02-05 03:40:31.030990080,415.36258,0.0
2021-02-05,21.593893,103.23386,2021-02-05 03:40:31.058026752,416.7406,0.0
2021-02-05,21.604872,103.2226,2021-02-05 03:40:31.085023488,416.8784,0.0
2021-02-05,21.543402,103.31503,2021-02-05 03:40:31.229017856,416.20795,0.0
2021-02-05,21.570652,103.31795,2021-02-05 03:40:31.589989376,414.5929,0.0
2021-02-05,21.586803,103.33198,2021-02-05 03:40:31.922998784,415.00052,0.0
2021-02-05,21.60298,103.34597,2021-02-05 03:40:32.256008704,415.0482,0.0
2021-02-05,21.61911,103.36,2021-02-05 03:40:32.590024192,416.3611,0.0
2021-02-05,21.630253,103.34886,2021-02-05 03:40:32.617020672,416.01352,0.0
2021-02-05,21.646397,103.3629,2021-02-05 03:40:32.949990144,416.92664,0.0
2021-02-05,22.109655,103.68461,2021-02-05 03:40:41.724997632,416.6819,0.0
2021-02-05,22.120693,103.67333,2021-02-05 03:40:41.751994112,414.4504,0.0
2021-02-05,22.157867,103.7271,2021-02-05 03:40:42.724992256,417.3783,0.0
2021-02-05,22.168913,103.71583,2021-02-05 03:40:42.751988992,416.17038,0.0
2021-02-05,22.185036,103.729935,2021-02-05 03:40:43.084998400,415.89124,0.0
2021-02-05,22.167852,103.77787,2021-02-05 03:40:43.337018624,413.93817,0.0
2021-02-05,22.178959,103.76665,2021-02-05 03:40:43.364015104,415.0031,0.0
2021-02-07,14.043498,108.92595,2021-02-07 02:05:09.222999040,417.64758,0.0
2021-02-07,14.054282,108.914894,2021-02-07 02:05:09.249995776,416.91663,0.0
2021-02-07,14.087658,108.94046,2021-02-07 02:05:09.917020672,416.70978,0.0
2021-02-07,14.104331,108.95324,2021-02-07 02:05:10.249990144,417.19846,0.0
2021-02-07,14.1209955,108.966064,2021-02-07 02:05:10.584005888,416.18024,0.0
2021-02-11,14.291023,108.84561,2021-02-11 00:32:25.724992512,416.16983,0.0
2021-02-11,14.281644,108.89589,2021-02-11 00:32:25.977012992,418.1579,0.0
2021-02-14,22.247232,102.25324,2021-02-14 09:37:46.041018112,413.70215,0.0
2021-02-14,22.215227,102.281715,2021-02-14 09:37:46.706997248,416.6911,0.0
2021-02-14,21.367157,103.063,2021-02-14 09:38:04.761012992,415.71637,0.0
2021-02-14,21.162579,103.15848,2021-02-14 09:38:07.987026688,415.8658,0.0
2021-02-14,21.167889,103.194466,2021-02-14 09:38:08.373988864,417.9556,0.0
2021-02-14,21.16248,103.219376,2021-02-14 09:38:08.733995008,418.36642,0.0
2021-02-14,21.157166,103.244385,2021-02-14 09:38:09.095006976,419.48767,0.0
2021-02-14,21.092485,103.299995,2021-02-14 09:38:10.428011264,417.36255,0.0
2021-02-14,18.537775,105.44589,2021-02-14 09:39:02.761020416,419.3166,0.0
2021-02-14,16.452477,107.011955,2021-02-14 09:39:43.599020544,415.92157,0.0
2021-02-14,16.407288,107.0864,2021-02-14 09:39:44.987023360,415.12683,0.0
2021-02-14,16.353443,107.09056,2021-02-14 09:39:45.599009792,415.3206,0.0
2021-02-14,16.37431,107.112656,2021-02-14 09:39:45.653002496,415.24524,0.0
2021-02-14,16.341238,107.13888,2021-02-14 09:39:46.319987456,416.17468,0.0
2021-02-14,16.308245,107.16504,2021-02-14 09:39:46.987012608,415.02017,0.0
2021-02-14,16.318708,107.17604,2021-02-14 09:39:47.014009088,417.39496,0.0
2021-02-14,16.285706,107.202255,2021-02-14 09:39:47.679988224,418.17197,0.0
2021-02-14,16.227385,107.171104,2021-02-14 09:39:47.906017792,417.5981,0.0
2021-02-14,16.248215,107.19322,2021-02-14 09:39:47.960010752,416.3043,0.0
2021-02-14,16.231672,107.2063,2021-02-14 09:39:48.293020416,417.25754,0.0
2021-02-14,16.263075,107.23926,2021-02-14 09:39:48.374009600,417.48218,0.0
2021-02-14,16.215107,107.2193,2021-02-14 09:39:48.625989888,414.11618,0.0
2021-02-14,16.225548,107.23032,2021-02-14 09:39:48.653026560,413.4152,0.0
2021-02-14,16.236021,107.241325,2021-02-14 09:39:48.680023040,415.6662,0.0
2021-02-14,16.219566,107.25445,2021-02-14 09:39:49.013998336,415.59015,0.0
2021-02-14,15.895092,107.49145,2021-02-14 09:39:55.320019200,414.16998,0.0
2021-02-14,15.905535,107.50245,2021-02-14 09:39:55.347015680,417.02054,0.0
2021-02-14,15.878566,107.50452,2021-02-14 09:39:55.652988416,413.8929,0.0
2021-02-14,15.523108,107.86014,2021-02-14 09:40:03.761011456,415.11746,0.0
2021-02-14,15.317474,107.88693,2021-02-14 09:40:06.239010304,417.27423,0.0
2021-02-14,15.284404,107.9129,2021-02-14 09:40:06.905995264,417.63663,0.0
2021-02-15,16.760408,107.3182,2021-02-15 08:52:38.307002624,417.29987,0.0
2021-02-15,16.74443,107.33147,2021-02-15 08:52:38.640012288,415.6971,0.0
2021-02-15,16.728357,107.345116,2021-02-15 08:52:38.973021696,416.24686,0.0
2021-02-15,16.644627,107.36097,2021-02-15 08:52:39.226007808,415.24994,0.0
2021-02-15,16.628635,107.37468,2021-02-15 08:52:39.559017472,416.2407,0.0
2021-02-15,16.596558,107.402374,2021-02-15 08:52:40.226002176,415.35922,0.0
2021-02-15,16.619177,107.401764,2021-02-15 08:52:40.252998912,416.8244,0.0
2021-02-15,16.587227,107.42864,2021-02-15 08:52:40.919017984,415.71136,0.0
2021-02-15,16.609777,107.427895,2021-02-15 08:52:40.946014464,416.0315,0.0
2021-02-15,16.532486,107.45643,2021-02-15 08:52:41.559006720,416.33365,0.0
2021-02-15,16.667078,107.45129,2021-02-15 08:52:41.721025536,415.6655,0.0
2021-02-15,16.426857,107.5649,2021-02-15 08:52:44.253017344,417.1737,0.0
2021-02-15,16.455738,107.5769,2021-02-15 08:52:44.640019968,416.617,0.0
2021-02-15,16.490631,107.60089,2021-02-15 08:52:45.387994112,417.0008,0.0
2021-02-15,15.796672,108.131714,2021-02-15 08:52:58.307014656,416.10785,0.0
2021-02-15,15.470703,108.4395,2021-02-15 08:53:06.026989056,417.3926,0.0
2021-02-17,10.458015,105.656075,2021-02-17 08:55:19.336987904,415.35815,0.0
2021-02-17,10.080516,105.99166,2021-02-17 08:55:27.418014464,414.97015,0.0
2021-02-17,9.962082,105.96499,2021-02-17 08:55:28.590005760,416.63416,0.0
2021-02-17,9.996356,106.05347,2021-02-17 08:55:29.084993792,415.01086,0.0
2021-02-17,9.945616,106.052925,2021-02-17 08:55:29.698026240,414.8144,0.0
2021-02-17,9.954187,106.0656,2021-02-17 08:55:29.725022464,414.9073,0.0
2021-02-17,9.894823,106.01446,2021-02-17 08:55:29.923009792,415.4465,0.0
2021-02-17,9.937437,106.07805,2021-02-17 08:55:30.057991936,414.77554,0.0
2021-02-17,9.946044,106.09071,2021-02-17 08:55:30.084988672,415.6129,0.0
2021-02-17,9.929277,106.10314,2021-02-17 08:55:30.417998080,415.6157,0.0
2021-02-17,9.895262,106.090126,2021-02-17 08:55:30.698020608,414.9604,0.0
2021-02-17,9.903833,106.1028,2021-02-17 08:55:30.725017088,414.95587,0.0
2021-02-17,9.86139,106.077095,2021-02-17 08:55:30.976997376,415.79868,0.0
2021-02-17,9.8869915,106.115135,2021-02-17 08:55:31.058026752,415.8092,0.0
2021-02-17,9.895583,106.12778,2021-02-17 08:55:31.085023488,414.88602,0.0
2021-02-17,9.870165,106.1275,2021-02-17 08:55:31.390996224,415.2253,0.0
2021-02-17,9.8787565,106.14015,2021-02-17 08:55:31.417992704,415.48474,0.0
2021-02-17,9.853351,106.13988,2021-02-17 08:55:31.725011712,416.13837,0.0
2021-02-17,9.861942,106.15252,2021-02-17 08:55:31.752008192,415.93387,0.0
2021-02-17,9.793939,106.088646,2021-02-17 08:55:31.922998784,415.51727,0.0
2021-02-17,9.836465,106.15216,2021-02-17 08:55:32.058021632,416.39496,0.0
2021-02-17,9.785609,106.113754,2021-02-17 08:55:32.283005184,415.94736,0.0
2021-02-17,9.794096,106.12649,2021-02-17 08:55:32.310001664,415.2681,0.0
2021-02-17,9.802608,106.139206,2021-02-17 08:55:32.336997888,416.1015,0.0
2021-02-17,9.768822,106.12613,2021-02-17 08:55:32.617020672,415.34457,0.0
2021-02-17,9.777314,106.13885,2021-02-17 08:55:32.644016896,415.6118,0.0
2021-02-17,9.78583,106.15156,2021-02-17 08:55:32.671013376,415.5635,0.0
2021-02-17,9.794363,106.164246,2021-02-17 08:55:32.698009856,415.52185,0.0
2021-02-17,9.802923,106.17691,2021-02-17 08:55:32.725006336,415.65652,0.0
2021-02-17,9.81151,106.18956,2021-02-17 08:55:32.752002816,414.6416,0.0
2021-02-17,9.769035,106.16401,2021-02-17 08:55:33.004023040,415.07947,0.0
2021-02-17,9.777584,106.17671,2021-02-17 08:55:33.031019776,414.6028,0.0
2021-02-17,9.7861595,106.1894,2021-02-17 08:55:33.058016000,415.93268,0.0
2021-02-17,9.794748,106.20204,2021-02-17 08:55:33.085012480,415.41678,0.0
2021-02-17,9.752216,106.17637,2021-02-17 08:55:33.336992512,415.41873,0.0
2021-02-17,9.76076,106.189064,2021-02-17 08:55:33.363988992,416.28864,0.0
2021-02-17,9.769331,106.20174,2021-02-17 08:55:33.391025664,415.42432,0.0
2021-02-17,9.761084,106.22673,2021-02-17 08:55:33.751997440,416.25702,0.0
2021-02-17,9.718606,106.20111,2021-02-17 08:55:34.004017920,413.8382,0.0
2021-02-17,9.744312,106.239136,2021-02-17 08:55:34.085006848,415.26263,0.0
2021-02-17,9.710237,106.22606,2021-02-17 08:55:34.364023808,414.7027,0.0
2021-02-17,9.718791,106.238716,2021-02-17 08:55:34.391020288,415.35806,0.0
2021-02-17,9.727371,106.25135,2021-02-17 08:55:34.418016768,415.70276,0.0
2021-02-17,9.701931,106.25104,2021-02-17 08:55:34.724995584,415.2718,0.0
2021-02-17,9.710526,106.263695,2021-02-17 08:55:34.751992064,415.19467,0.0
2021-02-17,9.685116,106.2634,2021-02-17 08:55:35.058004992,415.0666,0.0
2021-02-17,9.6937065,106.27605,2021-02-17 08:55:35.085001472,415.9103,0.0
2021-02-17,9.659773,106.26312,2021-02-17 08:55:35.364018432,414.80368,0.0
2021-02-17,9.668335,106.27578,2021-02-17 08:55:35.391014912,414.4492,0.0
2021-02-17,9.676923,106.28842,2021-02-17 08:55:35.418011136,415.86612,0.0
2021-02-17,9.600522,106.211784,2021-02-17 08:55:35.563011328,415.77206,0.0
2021-02-17,9.634378,106.26271,2021-02-17 08:55:35.670997248,415.11392,0.0
2021-02-17,9.642917,106.27539,2021-02-17 08:55:35.697993728,414.8713,0.0
2021-02-17,9.65148,106.28805,2021-02-17 08:55:35.724990208,414.92426,0.0
2021-02-17,9.66007,106.30068,2021-02-17 08:55:35.751986432,415.6367,0.0
2021-02-17,9.583728,106.224075,2021-02-17 08:55:35.896021248,415.21292,0.0
2021-02-17,9.626212,106.28781,2021-02-17 08:55:36.031003136,416.7223,0.0
2021-02-17,9.634788,106.3005,2021-02-17 08:55:36.057999616,416.00092,0.0
2021-02-17,9.643368,106.31314,2021-02-17 08:55:36.084996096,415.83603,0.0
2021-02-17,9.566922,106.23647,2021-02-17 08:55:36.228990464,415.74454,0.0
2021-02-17,9.575341,106.24923,2021-02-17 08:55:36.256027136,413.33307,0.0
2021-02-17,9.583791,106.26197,2021-02-17 08:55:36.283023616,415.51514,0.0
2021-02-17,9.5669985,106.27435,2021-02-17 08:55:36.616998912,416.48303,0.0
2021-02-17,9.601077,106.32514,2021-02-17 08:55:36.725025024,415.2664,0.0
2021-02-17,9.533259,106.26117,2021-02-17 08:55:36.896015616,415.21225,0.0
2021-02-17,9.592821,106.35014,2021-02-17 08:55:37.084990720,417.0411,0.0
2021-02-18,14.117445,108.77803,2021-02-18 08:07:39.582996480,415.31564,0.0
2021-02-18,13.883447,108.880226,2021-02-18 08:07:43.474989056,414.4842,0.0
2021-02-18,10.651914,107.72097,2021-02-18 08:08:24.168994560,414.88452,0.0
2021-02-18,10.635214,107.73337,2021-02-18 08:08:24.502004480,415.75778,0.0
2021-02-18,10.654474,107.74036,2021-02-18 08:08:24.529000704,415.98538,0.0
2021-02-21,10.405815,105.57373,2021-02-21 07:22:25.809021440,415.49768,0.0
2021-02-26,19.645391,104.06293,2021-02-26 04:59:52.598001664,416.40515,0.0
2021-02-26,19.620295,104.06357,2021-02-26 04:59:52.904014848,416.3142,0.0
2021-02-26,19.637976,104.08957,2021-02-26 04:59:52.958007808,415.53162,0.0
2021-02-26,19.655737,104.11552,2021-02-26 04:59:53.012000512,417.0091,0.0
2021-02-26,19.621695,104.10322,2021-02-26 04:59:53.292023296,415.2971,0.0
2021-02-26,19.648369,104.14208,2021-02-26 04:59:53.373012480,416.35052,0.0
2021-02-26,19.65732,104.155,2021-02-26 04:59:53.400008960,416.49713,0.0
2021-02-26,19.614264,104.12983,2021-02-26 04:59:53.651988992,415.43713,0.0
2021-02-26,19.571516,104.10453,2021-02-26 04:59:53.904009216,416.9438,0.0
2021-02-26,19.589119,104.1305,2021-02-26 04:59:53.958002432,415.46527,0.0
2021-02-26,19.597977,104.14347,2021-02-26 04:59:53.984998656,415.5932,0.0
2021-02-26,19.555218,104.118164,2021-02-26 04:59:54.238024960,414.76666,0.0
2021-02-26,19.57284,104.14413,2021-02-26 04:59:54.292017920,415.63998,0.0
2021-02-26,19.556538,104.15777,2021-02-26 04:59:54.624987136,415.8793,0.0
2021-02-26,19.592136,104.2095,2021-02-26 04:59:54.733013248,415.99182,0.0
2021-02-26,19.601107,104.2224,2021-02-26 04:59:54.760009728,415.97668,0.0
2021-02-26,19.54024,104.17141,2021-02-26 04:59:54.957996800,415.21863,0.0
2021-02-26,19.549107,104.18437,2021-02-26 04:59:54.984993536,415.58664,0.0
2021-02-26,19.584835,104.23608,2021-02-26 04:59:55.093019136,415.51367,0.0
2021-02-26,19.532814,104.198,2021-02-26 04:59:55.319008768,416.72324,0.0
2021-02-26,19.509094,104.238174,2021-02-26 04:59:56.012024576,415.25653,0.0
2021-02-26,19.476492,104.26546,2021-02-26 04:59:56.679009536,415.4197,0.0
2021-02-26,19.485394,104.27836,2021-02-26 04:59:56.706006016,415.02112,0.0
2021-02-26,19.478025,104.3049,2021-02-26 04:59:57.066011904,414.99646,0.0
2021-02-26,19.408463,104.240776,2021-02-26 04:59:57.238008832,416.1772,0.0
2021-02-26,19.461699,104.31848,2021-02-26 04:59:57.400027392,415.89056,0.0
2021-02-26,19.409834,104.280396,2021-02-26 04:59:57.625011200,416.17566,0.0
2021-02-26,19.454351,104.34498,2021-02-26 04:59:57.759993344,415.7808,0.0
2021-02-26,19.393518,104.294014,2021-02-26 04:59:57.958020864,415.73898,0.0
2021-02-26,19.41127,104.31992,2021-02-26 04:59:58.012013568,415.31445,0.0
2021-02-26,19.377216,104.30762,2021-02-26 04:59:58.291995904,415.9658,0.0
2021-02-26,19.369772,104.33418,2021-02-26 04:59:58.652002304,416.88736,0.0
2021-02-26,19.378658,104.34712,2021-02-26 04:59:58.678998784,416.8926,0.0
2021-02-26,19.362352,104.360725,2021-02-26 04:59:59.012008192,417.24823,0.0
2021-02-26,18.969158,104.64677,2021-02-26 05:00:06.625002496,417.4961,0.0
2021-02-26,18.497412,105.11637,2021-02-26 05:00:17.066024192,416.59995,0.0
2021-02-26,18.506313,105.129234,2021-02-26 05:00:17.093020672,416.05783,0.0
2021-02-26,18.472174,105.11694,2021-02-26 05:00:17.373003008,415.74002,0.0
2021-02-26,18.481041,105.12982,2021-02-26 05:00:17.399999744,415.92737,0.0
2021-02-26,18.44697,105.117516,2021-02-26 05:00:17.679016448,415.7467,0.0
2021-02-26,18.455801,105.13039,2021-02-26 05:00:17.706012672,415.50632,0.0
2021-02-26,18.46467,105.14327,2021-02-26 05:00:17.733009152,414.9195,0.0
2021-02-26,18.430595,105.13096,2021-02-26 05:00:18.012025856,415.2608,0.0
2021-02-26,18.439432,105.14384,2021-02-26 05:00:18.039022336,416.08145,0.0
2021-02-26,18.448298,105.15671,2021-02-26 05:00:18.066018816,416.25836,0.0
2021-02-26,18.414219,105.14438,2021-02-26 05:00:18.346001152,415.7992,0.0
2021-02-26,18.365065,105.184654,2021-02-26 05:00:19.345995776,416.99008,0.0
2021-02-26,18.30832,105.251175,2021-02-26 05:00:20.705996544,416.6853,0.0
2021-02-26,18.259132,105.29135,2021-02-26 05:00:21.705990912,416.12137,0.0
2021-02-26,18.209963,105.33156,2021-02-26 05:00:22.706025728,416.07126,0.0
2021-02-26,18.193558,105.344925,2021-02-26 05:00:23.038995200,417.38968,0.0
2021-02-26,17.899464,105.62458,2021-02-26 05:00:29.427011328,416.22223,0.0
2021-02-26,17.874184,105.625084,2021-02-26 05:00:29.733024512,415.15396,0.0
2021-02-26,17.883034,105.63791,2021-02-26 05:00:29.760020992,415.77795,0.0
2021-02-26,17.86661,105.651245,2021-02-26 05:00:30.092990464,414.30118,0.0
2021-02-26,17.85018,105.66456,2021-02-26 05:00:30.427005696,415.1047,0.0
2021-02-26,17.7188,105.771194,2021-02-26 05:00:33.093014272,415.97888,0.0
2021-02-26,17.70233,105.78444,2021-02-26 05:00:33.426989568,414.78937,0.0
2021-02-26,17.677044,105.78491,2021-02-26 05:00:33.733003008,415.71817,0.0
2021-02-26,17.685894,105.797745,2021-02-26 05:00:33.759999232,414.8348,0.0
2021-02-26,17.669443,105.81103,2021-02-26 05:00:34.093008896,415.6206,0.0
2021-02-26,16.747192,106.55173,2021-02-26 05:00:52.760016896,415.75208,0.0
2021-02-26,16.721909,106.55211,2021-02-26 05:00:53.065989888,415.36868,0.0
2021-02-26,16.730696,106.56489,2021-02-26 05:00:53.092986368,415.0552,0.0
2021-02-26,16.705408,106.565254,2021-02-26 05:00:53.400005376,415.45767,0.0
2021-02-26,16.714201,106.57806,2021-02-26 05:00:53.427001856,415.0665,0.0
2021-02-26,16.680128,106.56555,2021-02-26 05:00:53.706018560,416.1026,0.0
2021-02-26,16.688894,106.57838,2021-02-26 05:00:53.733015040,415.76392,0.0
2021-02-26,16.697702,106.59121,2021-02-26 05:00:53.760011520,415.69498,0.0
2021-02-26,16.663635,106.57872,2021-02-26 05:00:54.039028224,416.97546,0.0
2021-02-26,16.681175,106.6043,2021-02-26 05:00:54.093021184,415.83078,0.0
2021-02-26,16.638401,106.57905,2021-02-26 05:00:54.346007040,416.07782,0.0
2021-02-26,16.6647,106.6175,2021-02-26 05:00:54.426996480,416.68796,0.0
2021-02-26,16.614145,106.618195,2021-02-26 05:00:55.039022848,416.117,0.0
2021-02-26,16.631706,106.64381,2021-02-26 05:00:55.093015552,416.47458,0.0
2021-02-26,16.597643,106.63133,2021-02-26 05:00:55.372998144,414.0147,0.0
2021-02-26,16.598698,106.67009,2021-02-26 05:00:55.760000768,415.84018,0.0
2021-02-26,16.54812,106.67073,2021-02-26 05:00:56.372992768,415.64496,0.0
2021-02-26,16.540365,106.69666,2021-02-26 05:00:56.732998912,415.65247,0.0
2021-02-26,16.497639,106.67127,2021-02-26 05:00:56.985019136,414.44,0.0
2021-02-26,16.489843,106.69726,2021-02-26 05:00:57.345990912,414.14966,0.0
2021-02-26,16.45682,106.7235,2021-02-26 05:00:58.012009984,414.8336,0.0
2021-02-26,16.440306,106.73662,2021-02-26 05:00:58.346025728,415.26715,0.0
2021-02-26,16.449034,106.749435,2021-02-26 05:00:58.373021952,415.61453,0.0
2021-02-26,16.432528,106.76257,2021-02-26 05:00:58.705991424,415.43405,0.0
2021-02-26,15.786862,107.23334,2021-02-26 05:01:11.318998784,415.96783,0.0
2021-02-26,15.753753,107.25939,2021-02-26 05:01:11.985018368,414.86423,0.0
2021-02-26,15.737196,107.272415,2021-02-26 05:01:12.318993664,415.40082,0.0
2021-02-26,15.75454,107.298035,2021-02-26 05:01:12.373026560,415.8342,0.0
2021-02-26,15.473828,107.5575,2021-02-26 05:01:18.426987008,418.04938,0.0
2021-02-26,15.374336,107.63524,2021-02-26 05:01:20.427016192,414.8701,0.0
2021-02-26,15.332453,107.648384,2021-02-26 05:01:21.065999104,416.5722,0.0
2021-02-26,15.289893,107.622955,2021-02-26 05:01:21.319025152,416.14648,0.0
2021-02-26,15.3158655,107.66132,2021-02-26 05:01:21.400014336,415.13034,0.0
2021-02-26,15.264707,107.62308,2021-02-26 05:01:21.624998144,415.50626,0.0
2021-02-26,15.281943,107.64871,2021-02-26 05:01:21.678991104,415.2811,0.0
2021-02-26,15.248133,107.636024,2021-02-26 05:01:21.958007808,414.66406,0.0
2021-02-26,15.256734,107.64885,2021-02-26 05:01:21.985004288,415.86197,0.0
2021-02-26,15.265363,107.66166,2021-02-26 05:01:22.012000512,416.0079,0.0
2021-02-26,15.222986,107.63612,2021-02-26 05:01:22.264986624,415.53836,0.0
2021-02-26,15.231561,107.648964,2021-02-26 05:01:22.292023296,415.54584,0.0
2021-02-26,15.240151,107.661804,2021-02-26 05:01:22.319019776,415.78763,0.0
2021-02-26,15.214966,107.66192,2021-02-26 05:01:22.624992768,415.61584,0.0
2021-02-26,15.189805,107.66202,2021-02-26 05:01:22.931005952,417.67645,0.0
2021-02-26,15.19839,107.67486,2021-02-26 05:01:22.958002432,415.80823,0.0
2021-02-26,15.206983,107.68768,2021-02-26 05:01:22.984998656,415.88196,0.0
2021-02-26,15.241669,107.73885,2021-02-26 05:01:23.093024768,415.07495,0.0
2021-02-26,15.090248,107.73964,2021-02-26 05:01:24.930994944,415.47897,0.0
2021-02-26,15.065104,107.739685,2021-02-26 05:01:25.238014208,416.0085,0.0
2021-02-26,15.0736685,107.75256,2021-02-26 05:01:25.265010688,415.90906,0.0
2021-02-26,14.825934,108.023254,2021-02-26 05:01:31.038988544,416.71268,0.0
2021-02-26,14.758303,107.99777,2021-02-26 05:01:31.597987584,415.86142,0.0
2021-02-26,14.7668705,108.01062,2021-02-26 05:01:31.625024256,415.96732,0.0
2021-02-26,14.71654,108.01067,2021-02-26 05:01:32.238016256,415.64395,0.0
2021-02-26,14.708492,108.03642,2021-02-26 05:01:32.598022400,415.77374,0.0
2021-02-26,14.717049,108.04927,2021-02-26 05:01:32.625019136,414.6037,0.0
2021-02-26,14.7256365,108.06207,2021-02-26 05:01:32.652015360,415.58847,0.0
2021-02-26,14.58413,108.15223,2021-02-26 05:01:35.291993088,414.8356,0.0
2021-02-26,14.550889,108.17795,2021-02-26 05:01:35.958012416,413.95782,0.0
2021-02-26,14.534272,108.1908,2021-02-26 05:01:36.291987712,415.63593,0.0
2021-02-26,14.551458,108.2164,2021-02-26 05:01:36.346020608,416.83963,0.0
2021-02-26,14.560087,108.22919,2021-02-26 05:01:36.373017088,416.6472,0.0
2021-02-26,14.517654,108.20365,2021-02-26 05:01:36.624997120,415.4757,0.0
2021-02-26,14.526236,108.21647,2021-02-26 05:01:36.651993856,415.68332,0.0
2021-02-26,14.501029,108.21651,2021-02-26 05:01:36.958006784,415.32233,0.0
2021-02-26,14.509612,108.229324,2021-02-26 05:01:36.985003520,415.42346,0.0
2021-02-26,14.518216,108.24212,2021-02-26 05:01:37.011999744,415.32565,0.0
2021-02-26,14.535506,108.26767,2021-02-26 05:01:37.065992704,415.6194,0.0
2021-02-26,14.47585,108.21651,2021-02-26 05:01:37.265026048,415.441,0.0
2021-02-26,14.4844055,108.229355,2021-02-26 05:01:37.292022528,414.61966,0.0
2021-02-26,14.492988,108.24218,2021-02-26 05:01:37.319018752,415.25833,0.0
2021-02-26,14.5015955,108.25498,2021-02-26 05:01:37.346015232,415.25305,0.0
2021-02-26,14.510227,108.26777,2021-02-26 05:01:37.373011712,416.0492,0.0
2021-02-26,14.518885,108.280525,2021-02-26 05:01:37.400008192,414.08292,0.0
2021-02-26,14.450698,108.216484,2021-02-26 05:01:37.570998784,414.42233,0.0
2021-02-26,14.484974,108.26782,2021-02-26 05:01:37.679024896,416.21494,0.0
2021-02-26,14.485633,108.30619,2021-02-26 05:01:38.066027520,416.71362,0.0
2021-02-26,14.4943075,108.31892,2021-02-26 05:01:38.093023744,414.92117,0.0
2021-02-26,14.477688,108.33177,2021-02-26 05:01:38.426999040,417.4153,0.0
2021-02-26,14.417935,108.280716,2021-02-26 05:01:38.625026816,415.77887,0.0
2021-02-26,14.443719,108.319115,2021-02-26 05:01:38.706016000,414.96057,0.0
2021-02-26,14.384238,108.267876,2021-02-26 05:01:38.904003072,415.77036,0.0
2021-02-26,14.401822,108.33203,2021-02-26 05:01:39.346004480,417.3315,0.0
2021-02-26,14.350955,108.29355,2021-02-26 05:01:39.570988288,415.53387,0.0
2021-02-26,14.209791,108.421814,2021-02-26 05:01:42.598008576,416.93414,0.0
2021-02-26,14.236128,108.49863,2021-02-26 05:01:43.066000384,415.7964,0.0
2021-02-26,14.210837,108.498665,2021-02-26 05:01:43.373019392,415.16086,0.0
2021-02-26,14.160342,108.498726,2021-02-26 05:01:43.985005568,415.04492,0.0
2021-02-26,14.194867,108.54978,2021-02-26 05:01:44.092991232,415.3573,0.0
2021-02-26,14.160911,108.5371,2021-02-26 05:01:44.373014016,415.1123,0.0
2021-02-26,14.152919,108.56267,2021-02-26 05:01:44.733020160,414.88144,0.0
2021-02-26,14.119013,108.54991,2021-02-26 05:01:45.011996672,415.21765,0.0
2021-02-26,14.085215,108.5371,2021-02-26 05:01:45.292019456,416.89008,0.0
2021-02-26,14.093781,108.54992,2021-02-26 05:01:45.319015680,415.1402,0.0
2021-02-26,14.102374,108.56272,2021-02-26 05:01:45.346012160,414.86432,0.0
2021-02-26,14.1196375,108.58826,2021-02-26 05:01:45.400004864,414.59515,0.0
2021-02-26,14.128312,108.601,2021-02-26 05:01:45.427001600,414.28058,0.0
2021-02-26,14.060031,108.537056,2021-02-26 05:01:45.597992192,414.71872,0.0
2021-02-26,14.07714,108.56271,2021-02-26 05:01:45.652025344,414.24677,0.0
2021-02-26,14.0857315,108.575516,2021-02-26 05:01:45.679021824,414.2858,0.0
2021-02-26,14.09435,108.588295,2021-02-26 05:01:45.706018304,414.23172,0.0
2021-02-26,14.102996,108.60106,2021-02-26 05:01:45.733014528,414.93362,0.0
2021-02-26,14.111666,108.61379,2021-02-26 05:01:45.760011264,414.69,0.0
2021-02-26,14.034872,108.53699,2021-02-26 05:01:45.904005632,414.27945,0.0
2021-02-26,14.043388,108.54985,2021-02-26 05:01:45.931001856,413.94638,0.0
2021-02-26,14.05193,108.56269,2021-02-26 05:01:45.957998336,414.72394,0.0
2021-02-26,14.060496,108.57551,2021-02-26 05:01:45.984994816,414.45694,0.0
2021-02-26,14.09502,108.62659,2021-02-26 05:01:46.093020672,415.1389,0.0
2021-02-26,14.018227,108.54978,2021-02-26 05:01:46.238020864,413.80365,0.0
2021-02-26,14.026745,108.562645,2021-02-26 05:01:46.265017600,414.10748,0.0
2021-02-26,14.052443,108.601105,2021-02-26 05:01:46.346006528,414.76318,0.0
2021-02-26,14.061061,108.613884,2021-02-26 05:01:46.373003008,414.2101,0.0
2021-02-26,14.069704,108.62664,2021-02-26 05:01:46.399999744,414.47153,0.0
2021-02-26,14.078374,108.63938,2021-02-26 05:01:46.426995968,414.6414,0.0
2021-02-26,14.001583,108.56257,2021-02-26 05:01:46.570990336,413.55264,0.0
2021-02-26,14.010099,108.57543,2021-02-26 05:01:46.597986816,413.80045,0.0
2021-02-26,14.0186405,108.58827,2021-02-26 05:01:46.625023488,413.9329,0.0
2021-02-26,14.027205,108.60109,2021-02-26 05:01:46.652019968,413.84033,0.0
2021-02-26,14.035795,108.61389,2021-02-26 05:01:46.679016448,413.796,0.0
2021-02-26,14.044412,108.62667,2021-02-26 05:01:46.706012672,413.78342,0.0
2021-02-26,14.053055,108.63943,2021-02-26 05:01:46.733009408,414.04486,0.0
2021-02-26,13.984932,108.575356,2021-02-26 05:01:46.904000000,413.91852,0.0
2021-02-26,13.993455,108.58823,2021-02-26 05:01:46.930996480,414.09616,0.0
2021-02-26,14.001993,108.60106,2021-02-26 05:01:46.957992960,413.64792,0.0
2021-02-26,14.010557,108.613884,2021-02-26 05:01:46.984989440,413.95627,0.0
2021-02-26,14.019147,108.62668,2021-02-26 05:01:47.012026112,413.92203,0.0
2021-02-26,14.045072,108.664955,2021-02-26 05:01:47.093015296,414.3598,0.0
2021-02-26,13.968285,108.58814,2021-02-26 05:01:47.238015744,414.22717,0.0
2021-02-26,13.993907,108.62667,2021-02-26 05:01:47.319004672,415.14694,0.0
2021-02-26,14.002497,108.639465,2021-02-26 05:01:47.346001152,413.43698,0.0
2021-02-26,14.011112,108.652245,2021-02-26 05:01:47.372997888,414.54544,0.0
2021-02-26,13.951635,108.60093,2021-02-26 05:01:47.571025152,414.28326,0.0
2021-02-26,13.960152,108.6138,2021-02-26 05:01:47.598021632,413.9211,0.0
2021-02-26,13.968692,108.62664,2021-02-26 05:01:47.625018112,414.1557,0.0
2021-02-26,13.985845,108.65226,2021-02-26 05:01:47.679010816,413.97018,0.0
2021-02-26,13.994459,108.66503,2021-02-26 05:01:47.706007552,413.10715,0.0
2021-02-26,14.0031,108.67779,2021-02-26 05:01:47.733003776,414.23514,0.0
2021-02-26,13.934984,108.613716,2021-02-26 05:01:47.903994624,413.42944,0.0
2021-02-26,13.943499,108.62658,2021-02-26 05:01:47.930991104,414.25906,0.0
2021-02-26,13.952039,108.63943,2021-02-26 05:01:47.957987584,413.97302,0.0
2021-02-26,13.960603,108.652245,2021-02-26 05:01:47.985024256,414.07352,0.0
2021-02-26,13.969192,108.66504,2021-02-26 05:01:48.012020480,413.53333,0.0
2021-02-26,13.977805,108.67782,2021-02-26 05:01:48.039016960,414.5885,0.0
2021-02-26,13.986444,108.690575,2021-02-26 05:01:48.066013440,414.01068,0.0
2021-02-26,13.9951105,108.70331,2021-02-26 05:01:48.093009920,413.29196,0.0
2021-02-26,13.918332,108.6265,2021-02-26 05:01:48.238010112,413.6663,0.0
2021-02-26,13.935386,108.65221,2021-02-26 05:01:48.292002816,413.78336,0.0
2021-02-26,13.943949,108.66502,2021-02-26 05:01:48.318999296,414.709,0.0
2021-02-26,13.952538,108.677826,2021-02-26 05:01:48.345995776,413.02127,0.0
2021-02-26,13.9697895,108.703354,2021-02-26 05:01:48.399988736,413.30823,0.0
2021-02-26,13.910196,108.652145,2021-02-26 05:01:48.598016256,413.83005,0.0
2021-02-26,13.9187355,108.664986,2021-02-26 05:01:48.625012736,413.65466,0.0
2021-02-26,13.885033,108.65206,2021-02-26 05:01:48.903989248,414.75742,0.0
2021-02-26,13.902085,108.67776,2021-02-26 05:01:48.958022400,414.05112,0.0
2021-02-26,13.936477,108.72889,2021-02-26 05:01:49.066008064,414.60236,0.0
2021-02-26,13.945146,108.74163,2021-02-26 05:01:49.093004544,414.494,0.0
2021-02-26,13.8683815,108.66483,2021-02-26 05:01:49.238004736,414.84235,0.0
2021-02-26,13.876897,108.6777,2021-02-26 05:01:49.265000960,414.55222,0.0
2021-02-26,13.919814,108.74164,2021-02-26 05:01:49.400023552,414.69778,0.0
2021-02-26,13.894529,108.74168,2021-02-26 05:01:49.705996544,415.20624,0.0
2021-02-26,13.835105,108.69039,2021-02-26 05:01:49.904024064,414.6069,0.0
2021-02-26,13.843598,108.70324,2021-02-26 05:01:49.931020544,413.93738,0.0
2021-02-26,13.852132,108.71607,2021-02-26 05:01:49.958016768,413.80997,0.0
2021-02-26,13.886481,108.76715,2021-02-26 05:01:50.066002688,415.3815,0.0
2021-02-26,13.895161,108.77993,2021-02-26 05:01:50.092998912,415.4583,0.0
2021-02-26,13.818441,108.70316,2021-02-26 05:01:50.237999104,414.74002,0.0
2021-02-26,13.826941,108.71601,2021-02-26 05:01:50.264995584,415.50897,0.0
2021-02-26,13.835466,108.72885,2021-02-26 05:01:50.291992064,414.80106,0.0
2021-02-26,13.844026,108.74166,2021-02-26 05:01:50.318988544,415.3298,0.0
2021-02-26,13.869833,108.779945,2021-02-26 05:01:50.400018176,415.1262,0.0
2021-02-26,13.878511,108.79272,2021-02-26 05:01:50.427014656,415.53424,0.0
2021-02-26,13.801781,108.71593,2021-02-26 05:01:50.571009024,414.7038,0.0
2021-02-26,13.810277,108.72878,2021-02-26 05:01:50.598005248,414.92755,0.0
2021-02-26,13.818812,108.741615,2021-02-26 05:01:50.625001984,414.09824,0.0
2021-02-26,13.82737,108.754425,2021-02-26 05:01:50.651998208,414.22577,0.0
2021-02-26,13.853177,108.79272,2021-02-26 05:01:50.733027584,415.66794,0.0
2021-02-26,13.785125,108.72869,2021-02-26 05:01:50.904018688,415.08536,0.0
2021-02-26,13.802159,108.75438,2021-02-26 05:01:50.958011392,414.70892,0.0
2021-02-26,13.810711,108.76719,2021-02-26 05:01:50.985007872,414.65726,0.0
2021-02-26,13.836518,108.80548,2021-02-26 05:01:51.065997056,415.2846,0.0
2021-02-26,13.768463,108.74145,2021-02-26 05:01:51.237993728,415.28876,0.0
2021-02-26,13.77697,108.7543,2021-02-26 05:01:51.264990208,414.03366,0.0
2021-02-26,13.785498,108.76714,2021-02-26 05:01:51.291986688,415.0396,0.0
2021-02-26,13.794053,108.77995,2021-02-26 05:01:51.319023360,414.64215,0.0
2021-02-26,13.819857,108.81824,2021-02-26 05:01:51.400012800,414.99152,0.0
2021-02-26,13.751808,108.75421,2021-02-26 05:01:51.571003392,415.5724,0.0
2021-02-26,13.760313,108.76707,2021-02-26 05:01:51.598000128,415.65466,0.0
2021-02-26,13.768839,108.7799,2021-02-26 05:01:51.624996352,414.31277,0.0
2021-02-26,13.777393,108.79271,2021-02-26 05:01:51.651992832,414.8364,0.0
2021-02-26,13.803192,108.83099,2021-02-26 05:01:51.733022208,413.5464,0.0
2021-02-26,13.811854,108.84374,2021-02-26 05:01:51.760018944,414.9676,0.0
2021-02-26,13.760733,108.805466,2021-02-26 05:01:51.985002496,415.02307,0.0
2021-02-26,13.786533,108.843765,2021-02-26 05:01:52.065991936,415.53455,0.0
2021-02-26,13.718482,108.77973,2021-02-26 05:01:52.237988352,415.70004,0.0
2021-02-26,13.726998,108.79259,2021-02-26 05:01:52.265025024,414.31427,0.0
2021-02-26,13.769867,108.856514,2021-02-26 05:01:52.400007168,414.841,0.0
2021-02-26,13.778522,108.86925,2021-02-26 05:01:52.427003648,413.73267,0.0
2021-02-26,13.7188635,108.81817,2021-02-26 05:01:52.624990976,415.3036,0.0
2021-02-26,13.753195,108.869255,2021-02-26 05:01:52.733017088,414.5264,0.0
2021-02-26,13.761842,108.88198,2021-02-26 05:01:52.760013312,414.08792,0.0
2021-02-26,13.693683,108.8181,2021-02-26 05:01:52.931004160,415.5639,0.0
2021-02-26,13.702201,108.83092,2021-02-26 05:01:52.958000640,415.03754,0.0
2021-02-26,13.727916,108.8693,2021-02-26 05:01:53.038990080,413.89447,0.0
2021-02-26,13.736554,108.88207,2021-02-26 05:01:53.066026752,414.75775,0.0
2021-02-26,13.745208,108.8948,2021-02-26 05:01:53.093022976,416.41104,0.0
2021-02-26,13.668525,108.818,2021-02-26 05:01:53.238023168,415.6363,0.0
2021-02-26,13.6940775,108.85647,2021-02-26 05:01:53.319012608,414.6677,0.0
2021-02-26,13.702646,108.86927,2021-02-26 05:01:53.346009088,415.0325,0.0
2021-02-26,13.711245,108.882034,2021-02-26 05:01:53.373005312,414.07428,0.0
2021-02-26,13.71988,108.89481,2021-02-26 05:01:53.400001792,415.62494,0.0
2021-02-26,13.66034,108.8436,2021-02-26 05:01:53.597989120,415.77814,0.0
2021-02-26,13.67741,108.86923,2021-02-26 05:01:53.652022016,415.13135,0.0
2021-02-26,13.685982,108.88202,2021-02-26 05:01:53.679018496,414.5428,0.0
2021-02-26,13.694583,108.8948,2021-02-26 05:01:53.706015232,413.9274,0.0
2021-02-26,13.703217,108.90756,2021-02-26 05:01:53.733011456,414.36145,0.0
2021-02-26,13.63518,108.8435,2021-02-26 05:01:53.904002304,415.66733,0.0
2021-02-26,13.65221,108.86916,2021-02-26 05:01:53.957995264,414.31528,0.0
2021-02-26,13.660747,108.88197,2021-02-26 05:01:53.984991488,414.52118,0.0
2021-02-26,13.669317,108.89477,2021-02-26 05:01:54.011988224,412.93332,0.0
2021-02-26,13.677916,108.90754,2021-02-26 05:01:54.039024896,413.83148,0.0
2021-02-26,13.686551,108.92031,2021-02-26 05:01:54.066021120,414.3629,0.0
2021-02-26,13.695198,108.93302,2021-02-26 05:01:54.093017600,413.81134,0.0
2021-02-26,13.627027,108.869095,2021-02-26 05:01:54.265014272,415.12357,0.0
2021-02-26,13.635538,108.88192,2021-02-26 05:01:54.292010752,415.01956,0.0
2021-02-26,13.644081,108.89472,2021-02-26 05:01:54.319007232,413.79605,0.0
2021-02-26,13.661249,108.92028,2021-02-26 05:01:54.372999936,413.74277,0.0
2021-02-26,13.618868,108.89466,2021-02-26 05:01:54.625020160,413.301,0.0
2021-02-26,13.627413,108.90748,2021-02-26 05:01:54.652016640,414.34692,0.0
2021-02-26,13.635985,108.92026,2021-02-26 05:01:54.679013376,413.97107,0.0
2021-02-26,13.593673,108.89458,2021-02-26 05:01:54.930993408,415.1715,0.0
2021-02-26,13.636555,108.95855,2021-02-26 05:01:55.066015744,416.00888,0.0
2021-02-26,13.645213,108.97129,2021-02-26 05:01:55.093011968,415.60965,0.0
2021-02-26,13.577023,108.90731,2021-02-26 05:01:55.265008896,413.29562,0.0
2021-02-26,13.585536,108.920135,2021-02-26 05:01:55.292005376,414.73712,0.0
2021-02-26,13.602648,108.94574,2021-02-26 05:01:55.345998080,414.6701,0.0
2021-02-26,13.628553,108.98405,2021-02-26 05:01:55.426987520,414.34158,0.0
2021-02-26,13.577403,108.9457,2021-02-26 05:01:55.652011520,415.4441,0.0
2021-02-26,13.594588,108.97128,2021-02-26 05:01:55.706004224,413.72153,0.0
2021-02-26,13.603222,108.98405,2021-02-26 05:01:55.733000704,414.38104,0.0
2021-02-26,13.552189,108.94561,2021-02-26 05:01:55.958024448,414.10745,0.0
2021-02-26,13.560731,108.958435,2021-02-26 05:01:55.985021184,414.51785,0.0
2021-02-26,13.56931,108.97123,2021-02-26 05:01:56.012017408,413.5764,0.0
2021-02-26,13.518496,108.932655,2021-02-26 05:01:56.238007040,414.1056,0.0
2021-02-26,13.526989,108.94551,2021-02-26 05:01:56.265003520,414.2915,0.0
2021-02-26,13.561244,108.99674,2021-02-26 05:01:56.372989184,414.26096,0.0
2021-02-26,13.578529,109.02223,2021-02-26 05:01:56.427022336,416.0841,0.0
2021-02-26,13.485147,108.958115,2021-02-26 05:01:56.904026368,412.5244,0.0
2021-02-26,13.502161,108.98381,2021-02-26 05:01:56.958019328,414.12436,0.0
2021-02-26,13.510711,108.99663,2021-02-26 05:01:56.985015552,414.1675,0.0
2021-02-26,13.519287,109.00942,2021-02-26 05:01:57.012012032,413.0435,0.0
2021-02-26,13.527892,109.02221,2021-02-26 05:01:57.039008256,414.08508,0.0
2021-02-26,13.502611,109.02216,2021-02-26 05:01:57.346027264,413.49072,0.0
2021-02-26,13.511214,109.034935,2021-02-26 05:01:57.373024000,413.23364,0.0
2021-02-26,13.519844,109.04769,2021-02-26 05:01:57.400020480,415.09592,0.0
2021-02-26,13.528493,109.06042,2021-02-26 05:01:57.427016704,413.91486,0.0
2021-02-26,13.460279,108.99643,2021-02-26 05:01:57.598007552,415.06628,0.0
2021-02-26,13.485933,109.03489,2021-02-26 05:01:57.678996992,414.26825,0.0
2021-02-26,13.494535,109.04766,2021-02-26 05:01:57.705993472,412.56998,0.0
2021-02-26,13.503163,109.06042,2021-02-26 05:01:57.732989696,414.63345,0.0
2021-02-26,13.435116,108.9963,2021-02-26 05:01:57.904020736,413.60977,0.0
2021-02-26,13.443606,109.009155,2021-02-26 05:01:57.931017472,413.87515,0.0
2021-02-26,13.4951315,109.08587,2021-02-26 05:01:58.092995840,413.14474,0.0
2021-02-26,13.435897,109.07306,2021-02-26 05:01:58.678991616,413.9527,0.0
2021-02-26,13.45312,109.09858,2021-02-26 05:01:58.733024512,414.39395,0.0
2021-02-26,13.385091,109.03447,2021-02-26 05:01:58.904015616,415.51132,0.0
2021-02-26,13.3935795,109.04732,2021-02-26 05:01:58.931011840,413.93384,0.0
2021-02-26,13.402099,109.06016,2021-02-26 05:01:58.958008320,413.7256,0.0
2021-02-26,13.410647,109.07296,2021-02-26 05:01:58.985004544,414.13388,0.0
2021-02-26,13.436441,109.11129,2021-02-26 05:01:59.065993984,414.68985,0.0
2021-02-26,13.38542,109.07287,2021-02-26 05:01:59.292023552,413.95602,0.0
2021-02-26,13.39397,109.08568,2021-02-26 05:01:59.319020288,413.32684,0.0
2021-02-26,13.402541,109.09849,2021-02-26 05:01:59.346016768,413.86154,0.0
2021-02-26,13.411139,109.11125,2021-02-26 05:01:59.373012992,415.24033,0.0
2021-02-26,13.428412,109.136734,2021-02-26 05:01:59.427005952,414.7316,0.0
2021-02-26,13.351714,109.05988,2021-02-26 05:01:59.571000320,413.0634,0.0
2021-02-26,13.360215,109.07275,2021-02-26 05:01:59.597996800,414.31616,0.0
2021-02-26,13.335038,109.07259,2021-02-26 05:01:59.904009984,412.9242,0.0
2021-02-26,13.3691845,109.12391,2021-02-26 05:02:00.011995904,413.73514,0.0
2021-02-26,13.293494,109.12358,2021-02-26 05:02:00.931000832,414.6151,0.0
2021-02-26,13.27681,109.136284,2021-02-26 05:02:01.265016576,414.1443,0.0
2021-02-26,13.251951,109.17453,2021-02-26 05:02:01.957992192,413.8458,0.0
2021-02-26,13.260496,109.18735,2021-02-26 05:02:01.984988416,413.42294,0.0
2021-02-26,13.269064,109.20013,2021-02-26 05:02:02.012025088,413.19107,0.0
2021-02-26,13.2949295,109.238396,2021-02-26 05:02:02.093014528,414.78006,0.0
2021-02-26,13.218268,109.16154,2021-02-26 05:02:02.238014720,413.5968,0.0
2021-02-26,13.235266,109.18723,2021-02-26 05:02:02.292007424,413.42636,0.0
2021-02-26,13.252377,109.21282,2021-02-26 05:02:02.346000384,413.36255,0.0
2021-02-26,13.27824,109.2511,2021-02-26 05:02:02.426989568,415.07275,0.0
2021-02-26,13.244284,109.238304,2021-02-26 05:02:02.706006528,414.27216,0.0
2021-02-26,13.184916,109.18694,2021-02-26 05:02:02.903993600,414.17963,0.0
2021-02-26,13.2275915,109.25099,2021-02-26 05:02:03.039016192,413.72693,0.0
2021-02-26,13.168221,109.19963,2021-02-26 05:02:03.238009088,413.84512,0.0
2021-02-26,13.185202,109.22531,2021-02-26 05:02:03.292002304,414.42648,0.0
2021-02-26,13.193744,109.23813,2021-02-26 05:02:03.318998528,413.55463,0.0
2021-02-26,13.210902,109.26369,2021-02-26 05:02:03.372991232,413.76575,0.0
2021-02-26,13.160006,109.22517,2021-02-26 05:02:03.598015232,414.42325,0.0
2021-02-26,13.168515,109.238,2021-02-26 05:02:03.625011712,413.18045,0.0
2021-02-26,13.177056,109.25082,2021-02-26 05:02:03.652007936,413.71548,0.0
2021-02-26,13.160369,109.2635,2021-02-26 05:02:03.985017856,413.99554,0.0
2021-02-26,13.168935,109.27629,2021-02-26 05:02:04.012014336,414.17758,0.0
2021-02-26,13.126626,109.250534,2021-02-26 05:02:04.265000448,413.21542,0.0
2021-02-26,13.143682,109.276184,2021-02-26 05:02:04.318993152,414.07455,0.0
2021-02-26,13.101448,109.25036,2021-02-26 05:02:04.571013376,414.45187,0.0
2021-02-26,13.068067,109.27573,2021-02-26 05:02:05.237998592,414.2077,0.0
2021-02-26,13.076555,109.28858,2021-02-26 05:02:05.264994816,414.4419,0.0
2021-02-26,13.085068,109.301414,2021-02-26 05:02:05.291991296,413.66144,0.0
2021-02-26,13.051373,109.28841,2021-02-26 05:02:05.571008000,413.7725,0.0
2021-02-26,13.001281,109.326454,2021-02-26 05:02:06.571002368,414.1617,0.0
2021-02-26,12.984584,109.33913,2021-02-26 05:02:06.904012288,413.46042,0.0
2021-02-26,12.934496,109.37714,2021-02-26 05:02:07.904006912,414.2513,0.0
2021-02-26,12.892904,109.42798,2021-02-26 05:02:08.930997760,414.652,0.0
2021-03-01,9.462044,105.98602,2021-03-01 04:16:43.563000320,413.16803,0.0
2021-03-02,15.160955,107.62751,2021-03-02 03:28:20.989003520,415.05698,0.0
2021-03-02,15.169575,107.64029,2021-03-02 03:28:21.015999744,415.38687,0.0
2021-03-02,15.127207,107.61484,2021-03-02 03:28:21.268020224,413.85458,0.0
2021-03-02,15.144356,107.64044,2021-03-02 03:28:21.322013184,415.417,0.0
2021-03-02,15.161624,107.66599,2021-03-02 03:28:21.376006144,417.3953,0.0
2021-03-02,15.145029,107.6789,2021-03-02 03:28:21.709015552,418.17822,0.0
2021-03-02,15.162415,107.704384,2021-03-02 03:28:21.763008512,416.8249,0.0
2021-03-02,15.093996,107.6407,2021-03-02 03:28:21.935005184,416.5135,0.0
2021-03-02,15.102588,107.65352,2021-03-02 03:28:21.962001664,416.92755,0.0
2021-03-02,15.111175,107.66633,2021-03-02 03:28:21.988997888,416.93726,0.0
2021-03-02,15.145843,107.71734,2021-03-02 03:28:22.097024000,416.35858,0.0
2021-03-02,15.068848,107.64078,2021-03-02 03:28:22.241018368,416.70718,0.0
2021-03-02,15.077402,107.653625,2021-03-02 03:28:22.268014848,416.56042,0.0
2021-03-02,15.094583,107.67925,2021-03-02 03:28:22.322007552,415.1312,0.0
2021-03-02,15.103208,107.69204,2021-03-02 03:28:22.349004288,417.03424,0.0
2021-03-02,15.111859,107.704796,2021-03-02 03:28:22.376000768,417.05124,0.0
2021-03-02,15.120534,107.71753,2021-03-02 03:28:22.402996992,415.37076,0.0
2021-03-02,15.052261,107.6537,2021-03-02 03:28:22.573987840,416.4074,0.0
2021-03-02,15.077978,107.69218,2021-03-02 03:28:22.655017472,415.16718,0.0
2021-03-02,15.086606,107.70496,2021-03-02 03:28:22.682013696,414.75818,0.0
2021-03-02,15.0952635,107.71774,2021-03-02 03:28:22.709010176,415.7226,0.0
2021-03-02,15.103945,107.730484,2021-03-02 03:28:22.736006656,416.77393,0.0
2021-03-02,15.112649,107.7432,2021-03-02 03:28:22.763003136,412.49008,0.0
2021-03-02,15.052779,107.6923,2021-03-02 03:28:22.961996032,416.7997,0.0
2021-03-02,15.061387,107.70512,2021-03-02 03:28:22.988992768,415.6996,0.0
2021-03-02,15.070019,107.7179,2021-03-02 03:28:23.015988992,415.95676,0.0
2021-03-02,15.078678,107.730675,2021-03-02 03:28:23.043025664,415.05756,0.0
2021-03-02,15.087363,107.74343,2021-03-02 03:28:23.070022144,415.81198,0.0
2021-03-02,15.096068,107.75614,2021-03-02 03:28:23.097018624,414.27908,0.0
2021-03-02,15.027614,107.692406,2021-03-02 03:28:23.268009472,416.74042,0.0
2021-03-02,15.053432,107.73083,2021-03-02 03:28:23.348998912,414.43488,0.0
2021-03-02,15.062088,107.7436,2021-03-02 03:28:23.375995136,414.9278,0.0
2021-03-02,15.070771,107.756355,2021-03-02 03:28:23.402991616,414.77844,0.0
2021-03-02,15.079457,107.76903,2021-03-02 03:28:23.429987840,415.83084,0.0
2021-03-02,15.019593,107.71814,2021-03-02 03:28:23.628015616,418.2418,0.0
2021-03-02,15.036822,107.743744,2021-03-02 03:28:23.682008320,416.02545,0.0
2021-03-02,15.045478,107.7565,2021-03-02 03:28:23.709004800,415.85898,0.0
2021-03-02,15.054157,107.76924,2021-03-02 03:28:23.736001280,415.0486,0.0
2021-03-02,14.985863,107.705376,2021-03-02 03:28:23.907997952,415.23682,0.0
2021-03-02,14.994405,107.71822,2021-03-02 03:28:23.934994176,416.64496,0.0
2021-03-02,15.002987,107.73106,2021-03-02 03:28:23.961990912,416.0711,0.0
2021-03-02,15.011596,107.74387,2021-03-02 03:28:23.988987136,415.98688,0.0
2021-03-02,15.020228,107.75666,2021-03-02 03:28:24.016023808,415.63223,0.0
2021-03-02,15.028885,107.76942,2021-03-02 03:28:24.043020288,415.58408,0.0
2021-03-02,15.046241,107.79482,2021-03-02 03:28:24.097013248,416.73645,0.0
2021-03-02,14.969268,107.7183,2021-03-02 03:28:24.241007616,414.6187,0.0
2021-03-02,14.986423,107.74399,2021-03-02 03:28:24.295000576,415.8917,0.0
2021-03-02,14.99502,107.7568,2021-03-02 03:28:24.321996800,416.24365,0.0
2021-03-02,15.003646,107.769585,2021-03-02 03:28:24.348993280,415.05576,0.0
2021-03-02,15.012294,107.782326,2021-03-02 03:28:24.375989760,416.39877,0.0
2021-03-02,14.952672,107.73122,2021-03-02 03:28:24.574017280,413.5455,0.0
2021-03-02,14.969811,107.756905,2021-03-02 03:28:24.628009984,414.89017,0.0
2021-03-02,14.953846,107.80831,2021-03-02 03:28:25.348987904,415.84583,0.0
2021-03-02,14.971168,107.8338,2021-03-02 03:28:25.403020800,417.4765,0.0
2021-03-02,14.979864,107.84652,2021-03-02 03:28:25.430017536,417.53488,0.0
2021-03-02,14.928623,107.80844,2021-03-02 03:28:25.655001088,415.7957,0.0
2021-03-02,14.937246,107.82122,2021-03-02 03:28:25.681997568,415.4912,0.0
2021-03-02,14.945887,107.83395,2021-03-02 03:28:25.708993792,414.22913,0.0
2021-03-02,14.90342,107.808525,2021-03-02 03:28:25.962020096,415.9998,0.0
2021-03-02,14.912014,107.82133,2021-03-02 03:28:25.989016576,415.4146,0.0
2021-03-02,14.920634,107.834114,2021-03-02 03:28:26.016013056,416.4634,0.0
2021-03-02,14.886825,107.821434,2021-03-02 03:28:26.294989568,417.3984,0.0
2021-03-02,14.895424,107.834236,2021-03-02 03:28:26.322026240,415.79816,0.0
2021-03-02,14.904043,107.84702,2021-03-02 03:28:26.349022720,415.48718,0.0
2021-03-02,14.853154,107.80869,2021-03-02 03:28:26.574006272,416.22644,0.0
2021-03-02,14.870256,107.83434,2021-03-02 03:28:26.627999232,416.55026,0.0
2021-03-02,14.878832,107.84714,2021-03-02 03:28:26.654995712,415.92938,0.0
2021-03-02,14.887444,107.859924,2021-03-02 03:28:26.681991936,415.1095,0.0
2021-03-02,14.836562,107.821594,2021-03-02 03:28:26.908022016,417.49844,0.0
2021-03-02,14.870826,107.87281,2021-03-02 03:28:27.016007680,415.627,0.0
2021-03-02,14.82844,107.847305,2021-03-02 03:28:27.267987712,415.48392,0.0
2021-03-02,14.837006,107.86012,2021-03-02 03:28:27.295024384,414.61707,0.0
2021-03-02,14.854221,107.885704,2021-03-02 03:28:27.349017088,414.0937,0.0
2021-03-02,14.862858,107.89843,2021-03-02 03:28:27.376013824,416.20258,0.0
2021-03-02,14.871518,107.911156,2021-03-02 03:28:27.403010048,417.92267,0.0
2021-03-02,14.803306,107.84737,2021-03-02 03:28:27.574000896,416.36874,0.0
2021-03-02,14.811844,107.86021,2021-03-02 03:28:27.600997376,414.68912,0.0
2021-03-02,14.820412,107.87303,2021-03-02 03:28:27.627993856,414.69345,0.0
2021-03-02,14.829012,107.88583,2021-03-02 03:28:27.654990080,414.45786,0.0
2021-03-02,14.837631,107.89861,2021-03-02 03:28:27.681986816,415.4505,0.0
2021-03-02,14.786689,107.86025,2021-03-02 03:28:27.908016384,414.7684,0.0
2021-03-02,14.795235,107.8731,2021-03-02 03:28:27.935012864,414.52826,0.0
2021-03-02,14.803811,107.885925,2021-03-02 03:28:27.962009344,414.29703,0.0
2021-03-02,14.81241,107.89872,2021-03-02 03:28:27.989005824,415.03677,0.0
2021-03-02,14.829655,107.92421,2021-03-02 03:28:28.042998528,417.1136,0.0
2021-03-02,14.847003,107.94966,2021-03-02 03:28:28.096991488,417.6322,0.0
2021-03-02,14.77007,107.87312,2021-03-02 03:28:28.241026048,414.10623,0.0
2021-03-02,14.795804,107.91158,2021-03-02 03:28:28.322015232,415.33322,0.0
2021-03-02,14.804407,107.924355,2021-03-02 03:28:28.349011968,415.36435,0.0
2021-03-02,14.813041,107.9371,2021-03-02 03:28:28.376008192,415.83868,0.0
2021-03-02,14.821703,107.94984,2021-03-02 03:28:28.403004672,416.68726,0.0
2021-03-02,14.830378,107.962524,2021-03-02 03:28:28.430001152,416.52832,0.0
2021-03-02,14.770618,107.91169,2021-03-02 03:28:28.627988224,416.35287,0.0
2021-03-02,14.779195,107.924484,2021-03-02 03:28:28.655024896,414.95938,0.0
2021-03-02,14.787805,107.937256,2021-03-02 03:28:28.682021632,414.77142,0.0
2021-03-02,14.79644,107.950005,2021-03-02 03:28:28.709018112,415.12787,0.0
2021-03-02,14.805096,107.96272,2021-03-02 03:28:28.736014336,416.98074,0.0
2021-03-02,14.754007,107.92459,2021-03-02 03:28:28.962003968,415.64325,0.0
2021-03-02,14.771202,107.95015,2021-03-02 03:28:29.015996672,414.82245,0.0
2021-03-02,14.779832,107.96288,2021-03-02 03:28:29.042993152,414.77005,0.0
2021-03-02,14.788488,107.97562,2021-03-02 03:28:29.069989632,416.0063,0.0
2021-03-02,14.797192,107.988365,2021-03-02 03:28:29.097026304,415.2982,0.0
2021-03-02,14.737372,107.93746,2021-03-02 03:28:29.295013376,415.89355,0.0
2021-03-02,14.74597,107.95026,2021-03-02 03:28:29.322010112,415.3291,0.0
2021-03-02,14.75458,107.96304,2021-03-02 03:28:29.349006336,414.27768,0.0
2021-03-02,14.771886,107.98854,2021-03-02 03:28:29.402999296,415.69974,0.0
2021-03-02,14.7805805,108.00126,2021-03-02 03:28:29.429995776,413.13077,0.0
2021-03-02,14.703666,107.92468,2021-03-02 03:28:29.573990144,416.45938,0.0
2021-03-02,14.712204,107.93752,2021-03-02 03:28:29.601026816,416.99265,0.0
2021-03-02,14.720758,107.95035,2021-03-02 03:28:29.628023040,414.74567,0.0
2021-03-02,14.729361,107.96314,2021-03-02 03:28:29.655019776,414.2357,0.0
2021-03-02,14.737974,107.97594,2021-03-02 03:28:29.682016256,412.08472,0.0
2021-03-02,14.755287,108.001434,2021-03-02 03:28:29.736008960,415.69858,0.0
2021-03-02,14.687052,107.93756,2021-03-02 03:28:29.908005632,416.1961,0.0
2021-03-02,14.695601,107.95042,2021-03-02 03:28:29.935002112,416.18704,0.0
2021-03-02,14.704159,107.96324,2021-03-02 03:28:29.961998336,415.25854,0.0
2021-03-02,14.712754,107.97604,2021-03-02 03:28:29.988994816,414.23816,0.0
2021-03-02,14.721373,107.98882,2021-03-02 03:28:30.015991296,413.86392,0.0
2021-03-02,14.730012,108.001564,2021-03-02 03:28:30.042987776,415.85843,0.0
2021-03-02,14.738666,108.014275,2021-03-02 03:28:30.070024448,414.617,0.0
2021-03-02,14.747332,108.02695,2021-03-02 03:28:30.097020928,413.75897,0.0
2021-03-02,14.67898,107.96329,2021-03-02 03:28:30.268011520,415.46136,0.0
2021-03-02,14.687553,107.976105,2021-03-02 03:28:30.295008256,415.359,0.0
2021-03-02,14.713389,108.01443,2021-03-02 03:28:30.375997440,416.60165,0.0
2021-03-02,14.722051,108.02716,2021-03-02 03:28:30.402993920,416.94458,0.0
2021-03-02,14.730722,108.03984,2021-03-02 03:28:30.429990400,415.0627,0.0
2021-03-02,14.653814,107.9633,2021-03-02 03:28:30.574024960,414.63098,0.0
2021-03-02,14.66236,107.97615,2021-03-02 03:28:30.601021184,415.79706,0.0
2021-03-02,14.670938,107.988976,2021-03-02 03:28:30.628017920,415.20386,0.0
2021-03-02,14.679529,108.00177,2021-03-02 03:28:30.655014400,414.99228,0.0
2021-03-02,14.68814,108.01454,2021-03-02 03:28:30.682010624,414.7274,0.0
2021-03-02,14.696767,108.02726,2021-03-02 03:28:30.709007104,416.33975,0.0
2021-03-02,14.714111,108.05272,2021-03-02 03:28:30.763000064,417.69614,0.0
2021-03-02,14.637225,107.97619,2021-03-02 03:28:30.908000256,413.93073,0.0
2021-03-02,14.654342,108.00186,2021-03-02 03:28:30.961992960,415.38257,0.0
2021-03-02,14.662935,108.014656,2021-03-02 03:28:30.988989440,415.3989,0.0
2021-03-02,14.671544,108.02741,2021-03-02 03:28:31.016026112,415.40814,0.0
2021-03-02,14.680169,108.040146,2021-03-02 03:28:31.043022592,415.21487,0.0
2021-03-02,14.688831,108.0529,2021-03-02 03:28:31.070019072,415.07657,0.0
2021-03-02,14.697498,108.065575,2021-03-02 03:28:31.097015296,415.04456,0.0
2021-03-02,14.620622,107.98907,2021-03-02 03:28:31.241009664,415.51245,0.0
2021-03-02,14.6291685,108.001915,2021-03-02 03:28:31.268006400,415.64233,0.0
2021-03-02,14.637739,108.01473,2021-03-02 03:28:31.295002624,416.29755,0.0
2021-03-02,14.646321,108.02753,2021-03-02 03:28:31.321999104,416.34888,0.0
2021-03-02,14.654929,108.0403,2021-03-02 03:28:31.348995584,416.11487,0.0
2021-03-02,14.663555,108.053024,2021-03-02 03:28:31.375992064,414.0557,0.0
2021-03-02,14.67221,108.06576,2021-03-02 03:28:31.402988544,414.7142,0.0
2021-03-02,14.61255,108.01477,2021-03-02 03:28:31.601016064,415.49136,0.0
2021-03-02,14.621115,108.02759,2021-03-02 03:28:31.628012544,415.7528,0.0
2021-03-02,14.629693,108.04038,2021-03-02 03:28:31.655008768,416.55948,0.0
2021-03-02,14.655572,108.07859,2021-03-02 03:28:31.735998208,414.88168,0.0
2021-03-02,14.587377,108.01479,2021-03-02 03:28:31.907994624,414.24512,0.0
2021-03-02,14.595939,108.02765,2021-03-02 03:28:31.934991104,414.5628,0.0
2021-03-02,14.604491,108.04047,2021-03-02 03:28:31.961987584,415.62024,0.0
2021-03-02,14.61308,108.05326,2021-03-02 03:28:31.989024256,416.54892,0.0
2021-03-02,14.62169,108.06602,2021-03-02 03:28:32.016020736,415.27792,0.0
2021-03-02,14.630315,108.07875,2021-03-02 03:28:32.043017216,415.2864,0.0
2021-03-02,14.570787,108.02768,2021-03-02 03:28:32.241004544,413.94366,0.0
2021-03-02,14.579325,108.04052,2021-03-02 03:28:32.268000768,416.7936,0.0
2021-03-02,14.587902,108.05334,2021-03-02 03:28:32.294997248,415.40308,0.0
2021-03-02,14.59648,108.066124,2021-03-02 03:28:32.321993728,415.7113,0.0
2021-03-02,14.605078,108.078896,2021-03-02 03:28:32.348990208,415.23578,0.0
2021-03-02,14.613705,108.09164,2021-03-02 03:28:32.375986688,415.3101,0.0
2021-03-02,14.622349,108.10434,2021-03-02 03:28:32.403023360,415.62097,0.0
2021-03-02,14.554185,108.04054,2021-03-02 03:28:32.574014208,415.50293,0.0
2021-03-02,14.5627365,108.05338,2021-03-02 03:28:32.601010688,414.67972,0.0
2021-03-02,14.571285,108.06619,2021-03-02 03:28:32.628006912,416.21643,0.0
2021-03-02,14.579851,108.07898,2021-03-02 03:28:32.655003392,415.48422,0.0
2021-03-02,14.5884495,108.09176,2021-03-02 03:28:32.681999616,415.4114,0.0
2021-03-02,14.597078,108.1045,2021-03-02 03:28:32.708996352,415.8695,0.0
2021-03-02,14.605731,108.117226,2021-03-02 03:28:32.735992576,416.13028,0.0
2021-03-02,14.614421,108.12996,2021-03-02 03:28:32.762989056,415.39853,0.0
2021-03-02,14.537548,108.05339,2021-03-02 03:28:32.907989248,415.57166,0.0
2021-03-02,14.580461,108.11737,2021-03-02 03:28:33.043011584,416.70795,0.0
2021-03-02,14.589121,108.13011,2021-03-02 03:28:33.070008320,416.44382,0.0
2021-03-02,14.597815,108.142845,2021-03-02 03:28:33.097004544,414.46548,0.0
2021-03-02,14.563852,108.13024,2021-03-02 03:28:33.376021504,415.574,0.0
2021-03-02,14.5043125,108.07912,2021-03-02 03:28:33.574008576,415.73074,0.0
2021-03-02,14.521414,108.10478,2021-03-02 03:28:33.628001536,416.94672,0.0
2021-03-02,14.53,108.11756,2021-03-02 03:28:33.654997760,416.6295,0.0
2021-03-02,14.555888,108.15585,2021-03-02 03:28:33.735987200,415.29123,0.0
2021-03-02,14.496238,108.10481,2021-03-02 03:28:33.935020544,412.06305,0.0
2021-03-02,14.504782,108.11762,2021-03-02 03:28:33.962017024,418.36298,0.0
2021-03-02,14.530599,108.15595,2021-03-02 03:28:34.043006464,415.93744,0.0
2021-03-02,14.45548,108.19461,2021-03-02 03:28:35.349014016,414.19516,0.0
2021-03-02,14.464113,108.20737,2021-03-02 03:28:35.376010496,415.78064,0.0
2021-03-02,14.304837,108.23324,2021-03-02 03:28:37.574027008,415.60873,0.0
2021-03-02,13.980593,108.50228,2021-03-02 03:28:44.268016384,416.17938,0.0
2021-03-02,13.8559475,108.61736,2021-03-02 03:28:46.962027008,415.27356,0.0
2021-03-02,13.722297,108.681076,2021-03-02 03:28:49.240992512,411.15756,0.0
2021-03-02,13.697475,108.719406,2021-03-02 03:28:49.935014144,411.65134,0.0
2021-03-02,13.073138,109.2918,2021-03-02 03:29:03.403016192,416.0673,0.0
2021-03-02,13.047836,109.29176,2021-03-02 03:29:03.708989184,416.57382,0.0
2021-03-02,13.056451,109.30449,2021-03-02 03:29:03.736025856,414.2522,0.0
2021-03-02,13.048387,109.32986,2021-03-02 03:29:04.096997376,415.61093,0.0
2021-03-05,10.784188,105.06799,2021-03-05 02:43:12.395004672,415.04428,0.0
2021-03-05,10.759083,105.10559,2021-03-05 02:43:13.088020224,416.27438,0.0
2021-03-05,10.742273,105.11802,2021-03-05 02:43:13.421995520,415.34598,0.0
2021-03-05,10.674918,105.05405,2021-03-05 02:43:13.593026560,415.29593,0.0
2021-03-05,10.683289,105.06686,2021-03-05 02:43:13.620023296,415.88876,0.0
2021-03-05,10.708519,105.10509,2021-03-05 02:43:13.701012480,414.60992,0.0
2021-03-05,10.649671,105.05343,2021-03-05 02:43:13.898999808,415.66125,0.0
2021-03-05,10.65802,105.06628,2021-03-05 02:43:13.925996032,416.06537,0.0
2021-03-05,10.666394,105.07911,2021-03-05 02:43:13.952992512,415.46732,0.0
2021-03-05,10.674795,105.09192,2021-03-05 02:43:13.979988992,415.38165,0.0
2021-03-05,10.691673,105.11747,2021-03-05 02:43:14.034022144,414.5858,0.0
2021-03-05,10.632908,105.06594,2021-03-05 02:43:14.233015040,415.6771,0.0
2021-03-05,10.657992,105.10432,2021-03-05 02:43:14.314004480,415.0458,0.0
2021-03-05,10.666407,105.11707,2021-03-05 02:43:14.341000960,414.9631,0.0
2021-03-05,10.674847,105.129814,2021-03-05 02:43:14.367997440,415.47794,0.0
2021-03-05,10.6160965,105.0783,2021-03-05 02:43:14.566024704,415.88763,0.0
2021-03-05,10.599375,105.09099,2021-03-05 02:43:14.898994176,415.62732,0.0
2021-03-05,10.616053,105.11654,2021-03-05 02:43:14.952987136,416.07474,0.0
2021-03-05,10.58257,105.10327,2021-03-05 02:43:15.233009920,415.66794,0.0
2021-03-05,10.607652,105.14164,2021-03-05 02:43:15.313999104,415.0781,0.0
2021-03-05,10.6160555,105.15437,2021-03-05 02:43:15.340995584,415.48755,0.0
2021-03-05,10.63294,105.179794,2021-03-05 02:43:15.394988288,416.16373,0.0
2021-03-05,10.641421,105.19247,2021-03-05 02:43:15.422024960,415.374,0.0
2021-03-05,10.565749,105.11566,2021-03-05 02:43:15.566019584,416.29306,0.0
2021-03-05,10.574093,105.1285,2021-03-05 02:43:15.593015808,415.53766,0.0
2021-03-05,10.582462,105.14131,2021-03-05 02:43:15.620012288,416.4866,0.0
2021-03-05,10.5908575,105.154106,2021-03-05 02:43:15.647008768,415.29077,0.0
2021-03-05,10.599271,105.166855,2021-03-05 02:43:15.674004992,415.96396,0.0
2021-03-05,10.624634,105.20492,2021-03-05 02:43:15.754994432,414.84467,0.0
2021-03-05,10.548922,105.128,2021-03-05 02:43:15.898988800,416.1624,0.0
2021-03-05,10.557268,105.14083,2021-03-05 02:43:15.926025472,415.72986,0.0
2021-03-05,10.5656395,105.15365,2021-03-05 02:43:15.953021952,416.45914,0.0
2021-03-05,10.5824585,105.179214,2021-03-05 02:43:16.007014656,416.0676,0.0
2021-03-05,10.590906,105.19196,2021-03-05 02:43:16.034011392,414.78748,0.0
2021-03-05,10.532142,105.14049,2021-03-05 02:43:16.233004288,415.5607,0.0
2021-03-05,10.540469,105.1533,2021-03-05 02:43:16.260000768,415.21936,0.0
2021-03-05,10.54884,105.16611,2021-03-05 02:43:16.286997248,415.59634,0.0
2021-03-05,10.55724,105.178894,2021-03-05 02:43:16.313993728,415.1746,0.0
2021-03-05,10.565664,105.191666,2021-03-05 02:43:16.340989952,415.5808,0.0
2021-03-05,10.574115,105.20441,2021-03-05 02:43:16.368026624,415.45697,0.0
2021-03-05,10.582593,105.21713,2021-03-05 02:43:16.395023104,414.5915,0.0
2021-03-05,10.515412,105.15301,2021-03-05 02:43:16.566013952,415.70285,0.0
2021-03-05,10.523742,105.16582,2021-03-05 02:43:16.593010432,416.18414,0.0
2021-03-05,10.532095,105.178604,2021-03-05 02:43:16.620006912,415.54584,0.0
2021-03-05,10.540474,105.19137,2021-03-05 02:43:16.647003136,414.8165,0.0
2021-03-05,10.548881,105.20412,2021-03-05 02:43:16.673999872,416.2102,0.0
2021-03-05,10.557319,105.21685,2021-03-05 02:43:16.700996096,416.26205,0.0
2021-03-05,10.498601,105.16545,2021-03-05 02:43:16.899023616,415.58246,0.0
2021-03-05,10.506936,105.17829,2021-03-05 02:43:16.926020096,415.7616,0.0
2021-03-05,10.515296,105.19111,2021-03-05 02:43:16.953016576,416.19888,0.0
2021-03-05,10.523682,105.2039,2021-03-05 02:43:16.980012800,415.33484,0.0
2021-03-05,10.532093,105.21668,2021-03-05 02:43:17.007009536,415.58145,0.0
2021-03-05,10.54053,105.22943,2021-03-05 02:43:17.034005760,415.2737,0.0
2021-03-05,10.498513,105.20356,2021-03-05 02:43:17.286991872,415.8961,0.0
2021-03-05,10.506891,105.21634,2021-03-05 02:43:17.313988096,415.7349,0.0
2021-03-05,10.515295,105.22911,2021-03-05 02:43:17.341024768,415.56366,0.0
2021-03-05,10.5237255,105.24185,2021-03-05 02:43:17.368021248,415.8874,0.0
2021-03-05,10.532181,105.25458,2021-03-05 02:43:17.395017728,414.82584,0.0
2021-03-05,10.540664,105.26728,2021-03-05 02:43:17.422014208,414.18286,0.0
2021-03-05,10.464982,105.19033,2021-03-05 02:43:17.566008576,415.3806,0.0
2021-03-05,10.473317,105.20311,2021-03-05 02:43:17.593005056,416.30374,0.0
2021-03-05,10.481677,105.215866,2021-03-05 02:43:17.620001280,415.59668,0.0
2021-03-05,10.490061,105.22861,2021-03-05 02:43:17.646998016,415.28467,0.0
2021-03-05,10.498472,105.24135,2021-03-05 02:43:17.673994240,416.26385,0.0
2021-03-05,10.506913,105.25412,2021-03-05 02:43:17.700990720,415.06177,0.0
2021-03-05,10.515381,105.26687,2021-03-05 02:43:17.728027392,415.61664,0.0
2021-03-05,10.523876,105.279594,2021-03-05 02:43:17.755023872,415.11322,0.0
2021-03-05,10.448232,105.20291,2021-03-05 02:43:17.899018240,415.83054,0.0
2021-03-05,10.45657,105.21571,2021-03-05 02:43:17.926014720,416.66537,0.0
2021-03-05,10.464933,105.2285,2021-03-05 02:43:17.953010944,416.32306,0.0
2021-03-05,10.473321,105.241264,2021-03-05 02:43:17.980007680,416.13412,0.0
2021-03-05,10.481734,105.25401,2021-03-05 02:43:18.007003904,414.50314,0.0
2021-03-05,10.490173,105.26674,2021-03-05 02:43:18.034000384,416.8697,0.0
2021-03-05,10.498639,105.27944,2021-03-05 02:43:18.060996864,415.56284,0.0
2021-03-05,10.507124,105.29214,2021-03-05 02:43:18.087993088,415.8207,0.0
2021-03-05,10.431429,105.21533,2021-03-05 02:43:18.232993536,415.9586,0.0
2021-03-05,10.439758,105.22816,2021-03-05 02:43:18.259990016,415.65167,0.0
2021-03-05,10.44811,105.24092,2021-03-05 02:43:18.287026688,416.4141,0.0
2021-03-05,10.456486,105.25366,2021-03-05 02:43:18.314022912,416.0642,0.0
2021-03-05,10.464887,105.26638,2021-03-05 02:43:18.341019392,415.27545,0.0
2021-03-05,10.473312,105.279076,2021-03-05 02:43:18.368015872,416.62076,0.0
2021-03-05,10.481765,105.291756,2021-03-05 02:43:18.395012352,414.62192,0.0
2021-03-05,10.490244,105.30441,2021-03-05 02:43:18.422008832,416.07483,0.0
2021-03-05,10.414583,105.227554,2021-03-05 02:43:18.566003200,416.37775,0.0
2021-03-05,10.422919,105.24038,2021-03-05 02:43:18.592999424,415.01245,0.0
2021-03-05,10.43128,105.253174,2021-03-05 02:43:18.619996160,416.49426,0.0
2021-03-05,10.439667,105.26595,2021-03-05 02:43:18.646992384,415.2517,0.0
2021-03-05,10.448078,105.27871,2021-03-05 02:43:18.673988864,415.9969,0.0
2021-03-05,10.456514,105.29144,2021-03-05 02:43:18.701025536,415.01578,0.0
2021-03-05,10.473466,105.31685,2021-03-05 02:43:18.755018496,413.8321,0.0
2021-03-05,10.397801,105.23999,2021-03-05 02:43:18.899012864,416.1212,0.0
2021-03-05,10.406123,105.252785,2021-03-05 02:43:18.926009088,415.6162,0.0
2021-03-05,10.414471,105.26556,2021-03-05 02:43:18.953005824,414.92203,0.0
2021-03-05,10.422842,105.278305,2021-03-05 02:43:18.980002048,415.21927,0.0
2021-03-05,10.43124,105.29103,2021-03-05 02:43:19.006998528,415.43634,0.0
2021-03-05,10.439663,105.30374,2021-03-05 02:43:19.033995008,414.84866,0.0
2021-03-05,10.4481125,105.31643,2021-03-05 02:43:19.060991232,415.29816,0.0
2021-03-05,10.456596,105.329124,2021-03-05 02:43:19.087987968,415.39203,0.0
2021-03-05,10.380939,105.25234,2021-03-05 02:43:19.232988160,414.59866,0.0
2021-03-05,10.389269,105.26517,2021-03-05 02:43:19.260024832,415.92062,0.0
2021-03-05,10.397631,105.27797,2021-03-05 02:43:19.287021056,415.80542,0.0
2021-03-05,10.406018,105.29075,2021-03-05 02:43:19.314017536,415.9316,0.0
2021-03-05,10.414433,105.303505,2021-03-05 02:43:19.341014016,416.32053,0.0
2021-03-05,10.422872,105.31624,2021-03-05 02:43:19.368010496,416.1199,0.0
2021-03-05,10.431337,105.32896,2021-03-05 02:43:19.395006976,414.28116,0.0
2021-03-05,10.43983,105.34166,2021-03-05 02:43:19.422003200,414.7699,0.0
2021-03-05,10.364198,105.26484,2021-03-05 02:43:19.565997568,416.27322,0.0
2021-03-05,10.372532,105.27765,2021-03-05 02:43:19.592994304,415.26624,0.0
2021-03-05,10.380891,105.29044,2021-03-05 02:43:19.619990528,416.28104,0.0
2021-03-05,10.389276,105.303215,2021-03-05 02:43:19.646987008,415.50537,0.0
2021-03-05,10.39768,105.315956,2021-03-05 02:43:19.674023680,415.9247,0.0
2021-03-05,10.4061,105.32868,2021-03-05 02:43:19.701020160,415.5972,0.0
2021-03-05,10.414546,105.34138,2021-03-05 02:43:19.728016640,415.89297,0.0
2021-03-05,10.423019,105.35406,2021-03-05 02:43:19.755012864,415.28568,0.0
2021-03-05,10.347324,105.27719,2021-03-05 02:43:19.899007232,416.57013,0.0
2021-03-05,10.3556595,105.290016,2021-03-05 02:43:19.926003968,414.9176,0.0
2021-03-05,10.364019,105.30281,2021-03-05 02:43:19.953000192,416.39114,0.0
2021-03-05,10.372404,105.31559,2021-03-05 02:43:19.979996672,414.99573,0.0
2021-03-05,10.380815,105.32835,2021-03-05 02:43:20.006993152,415.46494,0.0
2021-03-05,10.389251,105.34108,2021-03-05 02:43:20.033989376,416.08395,0.0
2021-03-05,10.397714,105.3538,2021-03-05 02:43:20.061026048,415.05994,0.0
2021-03-05,10.406196,105.366486,2021-03-05 02:43:20.088022784,415.71417,0.0
2021-03-05,10.330524,105.28965,2021-03-05 02:43:20.233022976,414.68637,0.0
2021-03-05,10.338851,105.30246,2021-03-05 02:43:20.260019200,416.12924,0.0
2021-03-05,10.347205,105.31524,2021-03-05 02:43:20.287015680,415.50787,0.0
2021-03-05,10.355585,105.328,2021-03-05 02:43:20.314012160,415.60196,0.0
2021-03-05,10.363991,105.34074,2021-03-05 02:43:20.341008640,415.58347,0.0
2021-03-05,10.372421,105.353455,2021-03-05 02:43:20.368005120,416.46384,0.0
2021-03-05,10.380879,105.36616,2021-03-05 02:43:20.395001344,414.88388,0.0
2021-03-05,10.389363,105.37884,2021-03-05 02:43:20.421998080,416.04767,0.0
2021-03-05,10.313748,105.30199,2021-03-05 02:43:20.565992448,416.00253,0.0
2021-03-05,10.322085,105.314804,2021-03-05 02:43:20.592988672,415.5612,0.0
2021-03-05,10.330447,105.3276,2021-03-05 02:43:20.620025344,414.97525,0.0
2021-03-05,10.338835,105.34037,2021-03-05 02:43:20.647021824,415.79657,0.0
2021-03-05,10.34724,105.35311,2021-03-05 02:43:20.674018304,415.42026,0.0
2021-03-05,10.355659,105.36582,2021-03-05 02:43:20.701014784,415.57745,0.0
2021-03-05,10.364102,105.37852,2021-03-05 02:43:20.728011008,415.20267,0.0
2021-03-05,10.372572,105.39119,2021-03-05 02:43:20.755007488,414.53256,0.0
2021-03-05,10.296894,105.31432,2021-03-05 02:43:20.899002112,416.22162,0.0
2021-03-05,10.305232,105.32715,2021-03-05 02:43:20.925998336,415.6614,0.0
2021-03-05,10.313596,105.33996,2021-03-05 02:43:20.952994816,415.91653,0.0
2021-03-05,10.321985,105.35274,2021-03-05 02:43:20.979991296,415.1177,0.0
2021-03-05,10.3304,105.3655,2021-03-05 02:43:21.006987520,414.16367,0.0
2021-03-05,10.338841,105.37825,2021-03-05 02:43:21.034024192,415.93497,0.0
2021-03-05,10.347309,105.39097,2021-03-05 02:43:21.061020928,414.42264,0.0
2021-03-05,10.355784,105.40365,2021-03-05 02:43:21.088017152,415.75024,0.0
2021-03-05,10.280092,105.32675,2021-03-05 02:43:21.233017344,415.29034,0.0
2021-03-05,10.28841,105.33955,2021-03-05 02:43:21.260013824,416.14893,0.0
2021-03-05,10.296762,105.35234,2021-03-05 02:43:21.287010304,415.32397,0.0
2021-03-05,10.305142,105.36512,2021-03-05 02:43:21.314006784,415.0979,0.0
2021-03-05,10.313549,105.37788,2021-03-05 02:43:21.341003264,415.2201,0.0
2021-03-05,10.32198,105.39061,2021-03-05 02:43:21.367999488,414.85553,0.0
2021-03-05,10.330439,105.40332,2021-03-05 02:43:21.394996224,415.98376,0.0
2021-03-05,10.338923,105.416016,2021-03-05 02:43:21.421992448,414.68674,0.0
2021-03-05,10.263299,105.33919,2021-03-05 02:43:21.565986816,415.66312,0.0
2021-03-05,10.271628,105.352005,2021-03-05 02:43:21.593023488,415.08145,0.0
2021-03-05,10.279983,105.36479,2021-03-05 02:43:21.620019968,416.1293,0.0
2021-03-05,10.288362,105.377556,2021-03-05 02:43:21.647016448,415.86304,0.0
2021-03-05,10.296766,105.390305,2021-03-05 02:43:21.674012928,415.05817,0.0
2021-03-05,10.305195,105.40304,2021-03-05 02:43:21.701009152,415.51572,0.0
2021-03-05,10.31365,105.41575,2021-03-05 02:43:21.728005632,415.58447,0.0
2021-03-05,10.322132,105.428444,2021-03-05 02:43:21.755002112,415.36652,0.0
2021-03-05,10.246504,105.35163,2021-03-05 02:43:21.898996480,415.59653,0.0
2021-03-05,10.254835,105.36444,2021-03-05 02:43:21.925992960,416.12686,0.0
2021-03-05,10.263191,105.377235,2021-03-05 02:43:21.952989440,415.45633,0.0
2021-03-05,10.271572,105.39,2021-03-05 02:43:21.980026112,415.18213,0.0
2021-03-05,10.279979,105.40275,2021-03-05 02:43:22.007022336,415.19913,0.0
2021-03-05,10.288411,105.41548,2021-03-05 02:43:22.034019072,415.23346,0.0
2021-03-05,10.29687,105.428185,2021-03-05 02:43:22.061015296,414.31702,0.0
2021-03-05,10.305345,105.44086,2021-03-05 02:43:22.088011776,415.18518,0.0
2021-03-05,10.229671,105.36393,2021-03-05 02:43:22.233011968,414.7881,0.0
2021-03-05,10.2379875,105.376724,2021-03-05 02:43:22.260008448,415.53995,0.0
2021-03-05,10.246344,105.38953,2021-03-05 02:43:22.287004928,415.6459,0.0
2021-03-05,10.254726,105.40232,2021-03-05 02:43:22.314001408,414.88028,0.0
2021-03-05,10.263136,105.41509,2021-03-05 02:43:22.340997632,415.29678,0.0
2021-03-05,10.271572,105.42784,2021-03-05 02:43:22.367994368,414.83353,0.0
2021-03-05,10.288523,105.45328,2021-03-05 02:43:22.422027264,415.29282,0.0
2021-03-05,10.212928,105.37644,2021-03-05 02:43:22.566021632,415.0138,0.0
2021-03-05,10.22126,105.389244,2021-03-05 02:43:22.593018112,415.45993,0.0
2021-03-05,10.229617,105.40202,2021-03-05 02:43:22.620014592,415.4103,0.0
2021-03-05,10.238,105.41478,2021-03-05 02:43:22.647011072,415.04697,0.0
2021-03-05,10.246401,105.42752,2021-03-05 02:43:22.674007296,416.16913,0.0
2021-03-05,10.254817,105.44024,2021-03-05 02:43:22.701003776,414.75113,0.0
2021-03-05,10.263259,105.45294,2021-03-05 02:43:22.728000256,415.3654,0.0
2021-03-05,10.271728,105.46563,2021-03-05 02:43:22.754996736,414.52878,0.0
2021-03-05,10.196052,105.38878,2021-03-05 02:43:22.898991104,415.38113,0.0
2021-03-05,10.204373,105.40158,2021-03-05 02:43:22.925987584,414.71014,0.0
2021-03-05,10.21272,105.41436,2021-03-05 02:43:22.953024256,415.81635,0.0
2021-03-05,10.221092,105.427124,2021-03-05 02:43:22.980020480,415.69962,0.0
2021-03-05,10.22949,105.439865,2021-03-05 02:43:23.007017216,414.81488,0.0
2021-03-05,10.237914,105.45258,2021-03-05 02:43:23.034013440,415.0271,0.0
2021-03-05,10.246364,105.46529,2021-03-05 02:43:23.061009920,415.48145,0.0
2021-03-05,10.254846,105.477974,2021-03-05 02:43:23.088006400,414.74045,0.0
2021-03-05,10.179241,105.40115,2021-03-05 02:43:23.233006592,415.58875,0.0
2021-03-05,10.18757,105.41396,2021-03-05 02:43:23.260003072,414.90598,0.0
2021-03-05,10.19592,105.42676,2021-03-05 02:43:23.286999552,414.5901,0.0
2021-03-05,10.204295,105.43953,2021-03-05 02:43:23.313995776,414.6305,0.0
2021-03-05,10.212696,105.452286,2021-03-05 02:43:23.340992512,414.67435,0.0
2021-03-05,10.221123,105.46502,2021-03-05 02:43:23.367988736,414.41504,0.0
2021-03-05,10.229575,105.47773,2021-03-05 02:43:23.395025408,415.34512,0.0
2021-03-05,10.238054,105.490425,2021-03-05 02:43:23.422021888,414.0189,0.0
2021-03-05,10.162458,105.41364,2021-03-05 02:43:23.566016256,414.32925,0.0
2021-03-05,10.170789,105.42646,2021-03-05 02:43:23.593012736,415.10635,0.0
2021-03-05,10.179144,105.43926,2021-03-05 02:43:23.620009216,414.9548,0.0
2021-03-05,10.187525,105.45204,2021-03-05 02:43:23.647005440,413.76797,0.0
2021-03-05,10.195928,105.46479,2021-03-05 02:43:23.674001920,415.26663,0.0
2021-03-05,10.212799,105.49021,2021-03-05 02:43:23.727994880,413.56476,0.0
2021-03-05,10.221274,105.50289,2021-03-05 02:43:23.754991360,415.07184,0.0
2021-03-05,10.145657,105.426056,2021-03-05 02:43:23.899025920,415.17023,0.0
2021-03-05,10.153991,105.43887,2021-03-05 02:43:23.926022400,414.6475,0.0
2021-03-05,10.162351,105.45167,2021-03-05 02:43:23.953018624,415.1252,0.0
2021-03-05,10.170735,105.46444,2021-03-05 02:43:23.980015360,414.68723,0.0
2021-03-05,10.179147,105.477196,2021-03-05 02:43:24.007011584,414.14188,0.0
2021-03-05,10.187584,105.48993,2021-03-05 02:43:24.034008064,415.19543,0.0
2021-03-05,10.196047,105.50264,2021-03-05 02:43:24.061004544,415.25677,0.0
2021-03-05,10.204517,105.51532,2021-03-05 02:43:24.088001024,413.8412,0.0
2021-03-05,10.128845,105.43846,2021-03-05 02:43:24.233001216,414.75946,0.0
2021-03-05,10.137158,105.45126,2021-03-05 02:43:24.259997696,414.69208,0.0
2021-03-05,10.145509,105.46404,2021-03-05 02:43:24.286993920,415.43094,0.0
2021-03-05,10.16229,105.489525,2021-03-05 02:43:24.340986880,415.1009,0.0
2021-03-05,10.170718,105.502235,2021-03-05 02:43:24.368023552,414.2654,0.0
2021-03-05,10.1876545,105.527596,2021-03-05 02:43:24.422016256,413.59482,0.0
2021-03-05,10.11204,105.45075,2021-03-05 02:43:24.566010880,414.95676,0.0
2021-03-05,10.120358,105.46356,2021-03-05 02:43:24.593007360,414.03287,0.0
2021-03-05,10.128703,105.47635,2021-03-05 02:43:24.620003584,413.577,0.0
2021-03-05,10.137073,105.48912,2021-03-05 02:43:24.647000064,414.16165,0.0
2021-03-05,10.145472,105.50187,2021-03-05 02:43:24.673996544,414.21658,0.0
2021-03-05,10.1539,105.51461,2021-03-05 02:43:24.700993024,413.49896,0.0
2021-03-05,10.162354,105.52733,2021-03-05 02:43:24.727989504,414.4868,0.0
2021-03-05,10.170836,105.54002,2021-03-05 02:43:24.755026176,413.91528,0.0
2021-03-05,10.095241,105.46324,2021-03-05 02:43:24.899020544,414.50058,0.0
2021-03-05,10.103561,105.47603,2021-03-05 02:43:24.926016768,414.05817,0.0
2021-03-05,10.111906,105.4888,2021-03-05 02:43:24.953013504,413.9358,0.0
2021-03-05,10.120277,105.50155,2021-03-05 02:43:24.980009728,415.0193,0.0
2021-03-05,10.128674,105.514275,2021-03-05 02:43:25.007006208,415.0758,0.0
2021-03-05,10.1370945,105.52698,2021-03-05 02:43:25.034002688,414.06635,0.0
2021-03-05,10.145542,105.539665,2021-03-05 02:43:25.060999168,415.0712,0.0
2021-03-05,10.154021,105.55235,2021-03-05 02:43:25.087995648,414.4564,0.0
2021-03-05,10.078429,105.47557,2021-03-05 02:43:25.232995840,415.62057,0.0
2021-03-05,10.086754,105.48838,2021-03-05 02:43:25.259992064,415.41714,0.0
2021-03-05,10.095088,105.50115,2021-03-05 02:43:25.286988800,415.27826,0.0
2021-03-05,10.103444,105.5139,2021-03-05 02:43:25.314025472,415.22705,0.0
2021-03-05,10.111826,105.52662,2021-03-05 02:43:25.341021696,414.34778,0.0
2021-03-05,10.120234,105.53933,2021-03-05 02:43:25.368018176,415.246,0.0
2021-03-05,10.128667,105.55201,2021-03-05 02:43:25.395014400,414.33057,0.0
2021-03-05,10.061564,105.48785,2021-03-05 02:43:25.566005504,414.99872,0.0
2021-03-05,10.069902,105.50066,2021-03-05 02:43:25.593001728,415.2293,0.0
2021-03-05,10.078264,105.51346,2021-03-05 02:43:25.619998208,415.01495,0.0
2021-03-05,10.086652,105.52623,2021-03-05 02:43:25.646994688,415.68045,0.0
2021-03-05,10.095056,105.53897,2021-03-05 02:43:25.673991168,414.78278,0.0
2021-03-05,10.103467,105.55168,2021-03-05 02:43:25.700987648,415.9875,0.0
2021-03-05,10.111904,105.56437,2021-03-05 02:43:25.728024320,414.34155,0.0
2021-03-05,10.120367,105.57704,2021-03-05 02:43:25.755020544,414.9627,0.0
2021-03-05,10.044736,105.50019,2021-03-05 02:43:25.899014912,414.83685,0.0
2021-03-05,10.053063,105.51304,2021-03-05 02:43:25.926011648,415.32593,0.0
2021-03-05,10.061416,105.525856,2021-03-05 02:43:25.953007872,414.5616,0.0
2021-03-05,10.069794,105.53865,2021-03-05 02:43:25.980004352,414.33774,0.0
2021-03-05,10.078198,105.55143,2021-03-05 02:43:26.007000832,414.61642,0.0
2021-03-05,10.086629,105.564186,2021-03-05 02:43:26.033997312,414.29636,0.0
2021-03-05,10.095086,105.57692,2021-03-05 02:43:26.060993792,415.6363,0.0
2021-03-05,10.103558,105.58959,2021-03-05 02:43:26.087990016,413.45886,0.0
2021-03-05,10.027935,105.51269,2021-03-05 02:43:26.232990208,414.37585,0.0
2021-03-05,10.03625,105.52548,2021-03-05 02:43:26.260026880,414.95676,0.0
2021-03-05,10.044594,105.53827,2021-03-05 02:43:26.287023616,415.30505,0.0
2021-03-05,10.052965,105.55104,2021-03-05 02:43:26.314019840,414.88254,0.0
2021-03-05,10.061361,105.56379,2021-03-05 02:43:26.341016320,414.30576,0.0
2021-03-05,10.069784,105.57652,2021-03-05 02:43:26.368012544,415.20755,0.0
2021-03-05,10.078233,105.58923,2021-03-05 02:43:26.395009024,414.55768,0.0
2021-03-05,10.086708,105.60192,2021-03-05 02:43:26.422005760,415.2643,0.0
2021-03-05,10.011136,105.525116,2021-03-05 02:43:26.565999872,414.80295,0.0
2021-03-05,10.019461,105.537926,2021-03-05 02:43:26.592996352,414.4832,0.0
2021-03-05,10.027811,105.55071,2021-03-05 02:43:26.619992832,414.21796,0.0
2021-03-05,10.036186,105.563484,2021-03-05 02:43:26.646989312,415.25482,0.0
2021-03-05,10.044586,105.57623,2021-03-05 02:43:26.674025984,414.0598,0.0
2021-03-05,10.053011,105.58896,2021-03-05 02:43:26.701022464,414.80627,0.0
2021-03-05,10.061461,105.60167,2021-03-05 02:43:26.728018688,414.00772,0.0
2021-03-05,10.06994,105.61436,2021-03-05 02:43:26.755015424,415.0432,0.0
2021-03-05,9.99435,105.53755,2021-03-05 02:43:26.899009792,414.78305,0.0
2021-03-05,10.002664,105.55035,2021-03-05 02:43:26.926006016,414.86304,0.0
2021-03-05,10.011002,105.563126,2021-03-05 02:43:26.953002496,414.56387,0.0
2021-03-05,10.019365,105.57588,2021-03-05 02:43:26.979998976,414.7516,0.0
2021-03-05,10.027754,105.588615,2021-03-05 02:43:27.006995456,414.64703,0.0
2021-03-05,10.036168,105.60133,2021-03-05 02:43:27.033991936,415.45502,0.0
2021-03-05,10.044609,105.61403,2021-03-05 02:43:27.060988160,414.26523,0.0
2021-03-05,10.053078,105.6267,2021-03-05 02:43:27.088024832,415.54135,0.0
2021-03-05,9.977467,105.5498,2021-03-05 02:43:27.233025024,414.2933,0.0
2021-03-05,9.98578,105.562584,2021-03-05 02:43:27.260021760,415.2543,0.0
2021-03-05,9.994126,105.57538,2021-03-05 02:43:27.287017984,414.6235,0.0
2021-03-05,10.0025,105.58815,2021-03-05 02:43:27.314014464,415.0315,0.0
2021-03-05,10.0109,105.6009,2021-03-05 02:43:27.341010688,415.16968,0.0
2021-03-05,10.019324,105.613625,2021-03-05 02:43:27.368007168,414.4331,0.0
2021-03-05,10.027776,105.626335,2021-03-05 02:43:27.395003904,414.99722,0.0
2021-03-05,10.036255,105.63903,2021-03-05 02:43:27.422000128,414.6255,0.0
2021-03-05,9.960677,105.56221,2021-03-05 02:43:27.565994496,415.10162,0.0
2021-03-05,9.968994,105.57502,2021-03-05 02:43:27.592990976,414.34082,0.0
2021-03-05,9.977337,105.58781,2021-03-05 02:43:27.620027648,414.72757,0.0
2021-03-05,9.985704,105.60056,2021-03-05 02:43:27.647024128,415.2967,0.0
2021-03-05,9.994096,105.61331,2021-03-05 02:43:27.674020608,414.8862,0.0
2021-03-05,10.00251,105.62604,2021-03-05 02:43:27.701016832,413.7265,0.0
2021-03-05,10.010951,105.63874,2021-03-05 02:43:27.728013568,414.65186,0.0
2021-03-05,10.019419,105.65143,2021-03-05 02:43:27.755009792,415.1167,0.0
2021-03-05,9.943813,105.57461,2021-03-05 02:43:27.899004160,414.57443,0.0
2021-03-05,9.95213,105.5874,2021-03-05 02:43:27.926000640,414.84543,0.0
2021-03-05,9.960471,105.60018,2021-03-05 02:43:27.952997120,414.18427,0.0
2021-03-05,9.968838,105.61293,2021-03-05 02:43:27.979993600,415.35342,0.0
2021-03-05,9.977231,105.62566,2021-03-05 02:43:28.006990080,414.407,0.0
2021-03-05,9.985648,105.63838,2021-03-05 02:43:28.034026496,414.8953,0.0
2021-03-05,9.994093,105.65107,2021-03-05 02:43:28.061022976,415.09448,0.0
2021-03-05,10.002565,105.663765,2021-03-05 02:43:28.088019456,414.2956,0.0
2021-03-05,9.926991,105.587,2021-03-05 02:43:28.233019904,414.26193,0.0
2021-03-05,9.935309,105.59981,2021-03-05 02:43:28.260016128,414.24234,0.0
2021-03-05,9.943655,105.61259,2021-03-05 02:43:28.287012608,414.8737,0.0
2021-03-05,9.952025,105.62534,2021-03-05 02:43:28.314008832,413.66626,0.0
2021-03-05,9.9604225,105.63807,2021-03-05 02:43:28.341005312,414.83154,0.0
2021-03-05,9.968844,105.65078,2021-03-05 02:43:28.368002048,414.60898,0.0
2021-03-05,9.977293,105.663475,2021-03-05 02:43:28.394998272,414.9432,0.0
2021-03-05,9.985768,105.67615,2021-03-05 02:43:28.421994752,414.09644,0.0
2021-03-05,9.910171,105.59926,2021-03-05 02:43:28.565989120,414.09662,0.0
2021-03-05,9.91848,105.61205,2021-03-05 02:43:28.593025792,414.39313,0.0
2021-03-05,9.926814,105.624825,2021-03-05 02:43:28.620022272,414.14,0.0
2021-03-05,9.935174,105.63757,2021-03-05 02:43:28.647018752,414.5469,0.0
2021-03-05,9.9435625,105.650314,2021-03-05 02:43:28.674014976,414.1116,0.0
2021-03-05,9.951983,105.663055,2021-03-05 02:43:28.701011712,414.79364,0.0
2021-03-05,9.960431,105.67577,2021-03-05 02:43:28.728007936,414.90594,0.0
2021-03-05,9.893348,105.61172,2021-03-05 02:43:28.898998784,414.57913,0.0
2021-03-05,9.910008,105.63728,2021-03-05 02:43:28.952991744,414.32983,0.0
2021-03-05,9.918376,105.65004,2021-03-05 02:43:28.979988224,415.06204,0.0
2021-03-05,9.92677,105.662766,2021-03-05 02:43:29.007024640,414.3537,0.0
2021-03-05,9.935189,105.675476,2021-03-05 02:43:29.034021120,414.37122,0.0
2021-03-05,9.943635,105.68817,2021-03-05 02:43:29.061017600,414.847,0.0
2021-03-05,9.952106,105.70086,2021-03-05 02:43:29.088014080,414.2109,0.0
2021-03-05,9.876542,105.624115,2021-03-05 02:43:29.233014272,414.9748,0.0
2021-03-05,9.884858,105.63693,2021-03-05 02:43:29.260010752,414.41428,0.0
2021-03-05,9.893199,105.649704,2021-03-05 02:43:29.287006976,415.08725,0.0
2021-03-05,9.901564,105.66245,2021-03-05 02:43:29.314003456,414.15994,0.0
2021-03-05,9.909955,105.675186,2021-03-05 02:43:29.341000192,414.79413,0.0
2021-03-05,9.918372,105.68789,2021-03-05 02:43:29.367996416,414.7312,0.0
2021-03-05,9.926815,105.70058,2021-03-05 02:43:29.394992896,415.2606,0.0
2021-03-05,9.935284,105.71325,2021-03-05 02:43:29.421989376,414.8646,0.0
2021-03-05,9.859716,105.6364,2021-03-05 02:43:29.566023936,414.6855,0.0
2021-03-05,9.868031,105.64919,2021-03-05 02:43:29.593020416,415.26782,0.0
2021-03-05,9.87637,105.66197,2021-03-05 02:43:29.620016896,414.19696,0.0
2021-03-05,9.884735,105.674736,2021-03-05 02:43:29.647013120,415.11404,0.0
2021-03-05,9.8931265,105.68748,2021-03-05 02:43:29.674009856,415.6375,0.0
2021-03-05,9.901546,105.7002,2021-03-05 02:43:29.701006080,415.24393,0.0
2021-03-05,9.909991,105.71291,2021-03-05 02:43:29.728002560,415.53928,0.0
2021-03-05,9.918463,105.7256,2021-03-05 02:43:29.754999040,414.44055,0.0
2021-03-05,9.842904,105.64881,2021-03-05 02:43:29.898993408,415.26846,0.0
2021-03-05,9.851214,105.66161,2021-03-05 02:43:29.925989888,415.36133,0.0
2021-03-05,9.85955,105.674385,2021-03-05 02:43:29.952986368,414.9565,0.0
2021-03-05,9.867911,105.68714,2021-03-05 02:43:29.980022784,414.58533,0.0
2021-03-05,9.876298,105.699875,2021-03-05 02:43:30.007019264,414.51932,0.0
2021-03-05,9.88471,105.71259,2021-03-05 02:43:30.034015744,414.75574,0.0
2021-03-05,9.893148,105.72529,2021-03-05 02:43:30.061012224,414.84946,0.0
2021-03-05,9.901621,105.73797,2021-03-05 02:43:30.088008704,414.73926,0.0
2021-03-05,9.826084,105.661194,2021-03-05 02:43:30.233008896,414.9834,0.0
2021-03-05,9.834402,105.674,2021-03-05 02:43:30.260005120,415.22757,0.0
2021-03-05,9.842738,105.686775,2021-03-05 02:43:30.287001600,415.78717,0.0
2021-03-05,9.851098,105.699524,2021-03-05 02:43:30.313998336,414.46414,0.0
2021-03-05,9.859484,105.71225,2021-03-05 02:43:30.340994560,414.44257,0.0
2021-03-05,9.867894,105.72495,2021-03-05 02:43:30.367991040,414.47507,0.0
2021-03-05,9.876331,105.73764,2021-03-05 02:43:30.394987520,415.52896,0.0
2021-03-05,9.884795,105.75031,2021-03-05 02:43:30.422024192,413.76727,0.0
2021-03-05,9.809263,105.673546,2021-03-05 02:43:30.566018560,415.3143,0.0
2021-03-05,9.817585,105.68636,2021-03-05 02:43:30.593015040,414.87558,0.0
2021-03-05,9.8259325,105.699165,2021-03-05 02:43:30.620011264,414.75348,0.0
2021-03-05,9.834306,105.711945,2021-03-05 02:43:30.647008000,414.66733,0.0
2021-03-05,9.842698,105.72469,2021-03-05 02:43:30.674004224,414.72034,0.0
2021-03-05,9.851106,105.737404,2021-03-05 02:43:30.701000704,414.2812,0.0
2021-03-05,9.85954,105.7501,2021-03-05 02:43:30.727997184,414.57025,0.0
2021-03-05,9.868001,105.76277,2021-03-05 02:43:30.754993408,414.48154,0.0
2021-03-05,9.792429,105.68595,2021-03-05 02:43:30.898988032,415.40427,0.0
2021-03-05,9.800756,105.69878,2021-03-05 02:43:30.926024704,415.58896,0.0
2021-03-05,9.809109,105.71158,2021-03-05 02:43:30.953020928,413.88678,0.0
2021-03-05,9.817487,105.72436,2021-03-05 02:43:30.980017408,415.41553,0.0
2021-03-05,9.825891,105.73712,2021-03-05 02:43:31.007013888,414.7742,0.0
2021-03-05,9.83432,105.74986,2021-03-05 02:43:31.034010368,414.9742,0.0
2021-03-05,9.842776,105.76258,2021-03-05 02:43:31.061006848,415.07104,0.0
2021-03-05,9.85125,105.77526,2021-03-05 02:43:31.088003072,415.0023,0.0
2021-03-05,9.775702,105.69843,2021-03-05 02:43:31.233003264,415.06714,0.0
2021-03-05,9.7840185,105.711235,2021-03-05 02:43:31.259999744,415.86697,0.0
2021-03-05,9.792353,105.724,2021-03-05 02:43:31.286996480,413.9538,0.0
2021-03-05,9.800709,105.73675,2021-03-05 02:43:31.313992704,415.923,0.0
2021-03-05,9.809092,105.74947,2021-03-05 02:43:31.340989184,415.39648,0.0
2021-03-05,9.8175,105.76218,2021-03-05 02:43:31.368025856,415.21667,0.0
2021-03-05,9.825934,105.77486,2021-03-05 02:43:31.395022336,415.1126,0.0
2021-03-05,9.834395,105.78752,2021-03-05 02:43:31.422018816,415.00156,0.0
2021-03-05,9.758825,105.71073,2021-03-05 02:43:31.566013184,415.27313,0.0
2021-03-05,9.767137,105.72354,2021-03-05 02:43:31.593009408,415.50357,0.0
2021-03-05,9.775474,105.736336,2021-03-05 02:43:31.620006144,413.83945,0.0
2021-03-05,9.783835,105.74911,2021-03-05 02:43:31.647002368,414.49942,0.0
2021-03-05,9.792225,105.76185,2021-03-05 02:43:31.673998848,414.15594,0.0
2021-03-05,9.800643,105.77456,2021-03-05 02:43:31.700995328,414.7156,0.0
2021-03-05,9.809087,105.78725,2021-03-05 02:43:31.727991552,414.56235,0.0
2021-03-05,9.817558,105.79991,2021-03-05 02:43:31.754988288,414.4787,0.0
2021-03-05,9.742017,105.72306,2021-03-05 02:43:31.899022848,415.21234,0.0
2021-03-05,9.750325,105.735855,2021-03-05 02:43:31.926019072,415.42337,0.0
2021-03-05,9.758659,105.748634,2021-03-05 02:43:31.953015552,414.4394,0.0
2021-03-05,9.767018,105.76139,2021-03-05 02:43:31.980012032,415.40167,0.0
2021-03-05,9.775402,105.774124,2021-03-05 02:43:32.007008512,414.3765,0.0
2021-03-05,9.7838125,105.78684,2021-03-05 02:43:32.034004992,415.07944,0.0
2021-03-05,9.79225,105.79954,2021-03-05 02:43:32.061001216,414.9023,0.0
2021-03-05,9.725128,105.73528,2021-03-05 02:43:32.232997888,415.5598,0.0
2021-03-05,9.733433,105.74806,2021-03-05 02:43:32.259994624,414.38187,0.0
2021-03-05,9.741773,105.760864,2021-03-05 02:43:32.286990848,415.25574,0.0
2021-03-05,9.758536,105.786415,2021-03-05 02:43:32.341024000,414.38797,0.0
2021-03-05,9.766956,105.79916,2021-03-05 02:43:32.368020480,414.55692,0.0
2021-03-05,9.775404,105.81188,2021-03-05 02:43:32.395016960,415.0989,0.0
2021-03-05,9.783878,105.824585,2021-03-05 02:43:32.422013184,414.921,0.0
2021-03-05,9.708318,105.74776,2021-03-05 02:43:32.566007552,414.57886,0.0
2021-03-05,9.716622,105.760544,2021-03-05 02:43:32.593004288,414.0624,0.0
2021-03-05,9.724952,105.77331,2021-03-05 02:43:32.620000512,414.98044,0.0
2021-03-05,9.733306,105.78606,2021-03-05 02:43:32.646996992,413.70325,0.0
2021-03-05,9.741689,105.79878,2021-03-05 02:43:32.673993472,414.59335,0.0
2021-03-05,9.750101,105.8115,2021-03-05 02:43:32.700989696,414.49887,0.0
2021-03-05,9.75854,105.8242,2021-03-05 02:43:32.728026368,414.1412,0.0
2021-03-05,9.767005,105.836876,2021-03-05 02:43:32.755023104,415.13916,0.0
2021-03-05,9.691471,105.76006,2021-03-05 02:43:32.899017216,413.81287,0.0
2021-03-05,9.699785,105.77286,2021-03-05 02:43:32.926013696,415.01538,0.0
2021-03-05,9.716489,105.79839,2021-03-05 02:43:32.980006656,414.68027,0.0
2021-03-05,9.724878,105.811134,2021-03-05 02:43:33.007003136,414.87286,0.0
2021-03-05,9.7332945,105.82385,2021-03-05 02:43:33.033999360,416.394,0.0
2021-03-05,9.741736,105.83655,2021-03-05 02:43:33.060996096,415.96127,0.0
2021-03-05,9.750208,105.84924,2021-03-05 02:43:33.087992320,415.95587,0.0
2021-03-05,9.724925,105.84893,2021-03-05 02:43:33.395011328,415.268,0.0
2021-03-05,9.733385,105.86158,2021-03-05 02:43:33.422007808,415.31885,0.0
2021-03-05,9.665958,105.8732,2021-03-05 02:43:34.368009472,416.54633,0.0
2021-03-06,19.459303,104.08752,2021-03-06 01:53:46.977011712,415.90585,0.0
2021-03-06,19.468172,104.100395,2021-03-06 01:53:47.004007936,417.66208,0.0
2021-03-06,19.494913,104.138885,2021-03-06 01:53:47.084997120,416.9253,0.0
2021-03-06,19.478668,104.15262,2021-03-06 01:53:47.418006784,416.03937,0.0
2021-03-06,19.444448,104.14059,2021-03-06 01:53:47.697989376,417.28113,0.0
2021-03-06,19.30366,104.19717,2021-03-06 01:53:49.949998848,418.34244,0.0
2021-03-06,19.25346,104.198456,2021-03-06 01:53:50.562990848,417.28668,0.0
2021-03-06,19.26223,104.21139,2021-03-06 01:53:50.589987328,417.35532,0.0
2021-03-06,19.245884,104.22497,2021-03-06 01:53:50.922996992,418.48444,0.0
2021-03-06,19.229612,104.23859,2021-03-06 01:53:51.256006656,418.7161,0.0
2021-03-06,19.221989,104.264984,2021-03-06 01:53:51.617018624,418.8706,0.0
2021-03-06,19.158157,104.358696,2021-03-06 01:53:53.337025280,419.79733,0.0
2021-03-06,15.199008,107.59986,2021-03-06 01:55:14.085008128,415.40826,0.0
2021-03-06,15.1824255,107.61278,2021-03-06 01:55:14.418017792,415.3087,0.0
2021-03-06,15.165829,107.6257,2021-03-06 01:55:14.751993088,414.73477,0.0
2021-03-06,15.140485,107.62585,2021-03-06 01:55:15.058006272,416.84726,0.0
2021-03-06,15.14917,107.63853,2021-03-06 01:55:15.085003008,415.51913,0.0
2021-03-06,15.123927,107.63884,2021-03-06 01:55:15.391015936,416.44434,0.0
2021-03-06,15.1326275,107.65153,2021-03-06 01:55:15.418012416,416.93176,0.0
2021-03-06,15.107291,107.65173,2021-03-06 01:55:15.724991232,419.16467,0.0
2021-03-06,15.047685,107.600975,2021-03-06 01:55:15.923018752,415.66037,0.0
2021-03-06,15.07341,107.639305,2021-03-06 01:55:16.004007936,416.30084,0.0
2021-03-06,15.090722,107.66474,2021-03-06 01:55:16.058001152,418.1719,0.0
2021-03-06,15.099426,107.67745,2021-03-06 01:55:16.084997376,415.1802,0.0
2021-03-06,15.022511,107.60105,2021-03-06 01:55:16.228991744,415.05457,0.0
2021-03-06,15.031109,107.613884,2021-03-06 01:55:16.255988224,414.9624,0.0
2021-03-06,15.039638,107.626656,2021-03-06 01:55:16.283024896,416.89267,0.0
2021-03-06,15.05682,107.65219,2021-03-06 01:55:16.337017856,417.36697,0.0
2021-03-06,15.065465,107.66495,2021-03-06 01:55:16.364014080,417.69315,0.0
2021-03-06,15.082829,107.690346,2021-03-06 01:55:16.418006784,416.06015,0.0
2021-03-06,15.00589,107.61397,2021-03-06 01:55:16.563007232,416.91586,0.0
2021-03-06,15.014474,107.6268,2021-03-06 01:55:16.590003712,415.202,0.0
2021-03-06,15.023021,107.63959,2021-03-06 01:55:16.617000192,416.31586,0.0
2021-03-06,15.031608,107.65237,2021-03-06 01:55:16.643996416,416.07794,0.0
2021-03-06,15.040224,107.665115,2021-03-06 01:55:16.670992896,417.492,0.0
2021-03-06,15.0662365,107.70329,2021-03-06 01:55:16.752022528,416.5193,0.0
2021-03-06,14.989289,107.6269,2021-03-06 01:55:16.896016896,415.90112,0.0
2021-03-06,14.997859,107.63972,2021-03-06 01:55:16.923013120,415.05405,0.0
2021-03-06,15.014986,107.66527,2021-03-06 01:55:16.977006080,417.42188,0.0
2021-03-06,15.023601,107.678024,2021-03-06 01:55:17.004002560,417.70978,0.0
2021-03-06,15.032246,107.690765,2021-03-06 01:55:17.030999296,416.07208,0.0
2021-03-06,15.04092,107.70348,2021-03-06 01:55:17.057995520,417.8595,0.0
2021-03-06,14.972682,107.63977,2021-03-06 01:55:17.229026560,416.65817,0.0
2021-03-06,14.981243,107.6526,2021-03-06 01:55:17.256023040,415.8456,0.0
2021-03-06,14.998378,107.67817,2021-03-06 01:55:17.310016000,417.71414,0.0
2021-03-06,15.006997,107.69093,2021-03-06 01:55:17.337012224,417.41565,0.0
2021-03-06,15.015643,107.70365,2021-03-06 01:55:17.364008704,418.38873,0.0
2021-03-06,14.956093,107.652695,2021-03-06 01:55:17.563001856,417.24652,0.0
2021-03-06,14.964637,107.66552,2021-03-06 01:55:17.589998336,416.23065,0.0
2021-03-06,14.990419,107.70387,2021-03-06 01:55:17.670987520,416.4834,0.0
2021-03-06,14.999059,107.71662,2021-03-06 01:55:17.698024192,417.81995,0.0
2021-03-06,15.007728,107.72934,2021-03-06 01:55:17.725020672,417.26715,0.0
2021-03-06,15.016421,107.742035,2021-03-06 01:55:17.752016896,416.96442,0.0
2021-03-06,14.939432,107.66559,2021-03-06 01:55:17.896011264,417.53668,0.0
2021-03-06,14.947988,107.67842,2021-03-06 01:55:17.923008000,420.45917,0.0
2021-03-06,14.9565525,107.69122,2021-03-06 01:55:17.950004224,419.6976,0.0
2021-03-06,14.965154,107.70402,2021-03-06 01:55:17.977000704,416.75348,0.0
2021-03-06,14.973784,107.71679,2021-03-06 01:55:18.003997440,415.54208,0.0
2021-03-06,14.982442,107.72954,2021-03-06 01:55:18.030993664,415.53842,0.0
2021-03-06,14.999817,107.754944,2021-03-06 01:55:18.084986368,415.77704,0.0
2021-03-06,14.948538,107.71686,2021-03-06 01:55:18.310010368,416.98276,0.0
2021-03-06,14.95717,107.72964,2021-03-06 01:55:18.337006848,415.35178,0.0
2021-03-06,14.965824,107.74238,2021-03-06 01:55:18.364003072,416.20712,0.0
2021-03-06,14.974501,107.755104,2021-03-06 01:55:18.390999808,417.88153,0.0
2021-03-06,14.906222,107.691376,2021-03-06 01:55:18.562996480,415.31015,0.0
2021-03-06,14.914755,107.70419,2021-03-06 01:55:18.589992704,416.31622,0.0
2021-03-06,14.923319,107.716995,2021-03-06 01:55:18.616989184,416.73483,0.0
2021-03-06,14.931914,107.729774,2021-03-06 01:55:18.644025856,416.10782,0.0
2021-03-06,14.940538,107.74254,2021-03-06 01:55:18.671022336,416.58032,0.0
2021-03-06,14.889676,107.70438,2021-03-06 01:55:18.896006144,416.2251,0.0
2021-03-06,14.898223,107.71719,2021-03-06 01:55:18.923002368,416.08896,0.0
2021-03-06,14.873048,107.71722,2021-03-06 01:55:19.229015808,416.78503,0.0
2021-03-06,14.91601,107.781075,2021-03-06 01:55:19.363997952,418.72113,0.0
2021-03-06,14.933362,107.80652,2021-03-06 01:55:19.417990656,415.96698,0.0
2021-03-06,14.856428,107.73011,2021-03-06 01:55:19.562990848,415.36124,0.0
2021-03-06,14.864994,107.74295,2021-03-06 01:55:19.589987328,415.96454,0.0
2021-03-06,14.8907995,107.78127,2021-03-06 01:55:19.671016960,417.05646,0.0
2021-03-06,14.908088,107.80675,2021-03-06 01:55:19.725009920,417.4018,0.0
2021-03-06,14.916782,107.81945,2021-03-06 01:55:19.752006400,415.72906,0.0
2021-03-06,14.839869,107.74306,2021-03-06 01:55:19.896000512,416.5581,0.0
2021-03-06,14.857,107.76868,2021-03-06 01:55:19.949993728,416.15298,0.0
2021-03-06,14.865592,107.78145,2021-03-06 01:55:19.976989952,417.96716,0.0
2021-03-06,14.874196,107.79419,2021-03-06 01:55:20.004026624,416.28314,0.0
2021-03-06,14.891495,107.819664,2021-03-06 01:55:20.058019328,416.4999,0.0
2021-03-06,14.900178,107.83235,2021-03-06 01:55:20.085015808,415.60315,0.0
2021-03-06,14.8232565,107.755974,2021-03-06 01:55:20.229010432,417.10593,0.0
2021-03-06,14.831782,107.76878,2021-03-06 01:55:20.256006656,416.8319,0.0
2021-03-06,14.8403425,107.78158,2021-03-06 01:55:20.283003136,415.2788,0.0
2021-03-06,14.848936,107.79435,2021-03-06 01:55:20.309999360,415.3134,0.0
2021-03-06,14.857554,107.8071,2021-03-06 01:55:20.336996096,415.5927,0.0
2021-03-06,14.874853,107.832535,2021-03-06 01:55:20.390988800,416.02316,0.0
2021-03-06,14.8835535,107.84525,2021-03-06 01:55:20.418025472,417.03857,0.0
2021-03-06,14.815207,107.78167,2021-03-06 01:55:20.590022144,415.93774,0.0
2021-03-06,14.823766,107.79445,2021-03-06 01:55:20.617018624,415.64056,0.0
2021-03-06,14.832331,107.807205,2021-03-06 01:55:20.644015104,417.15784,0.0
2021-03-06,14.840937,107.81993,2021-03-06 01:55:20.671011328,417.37442,0.0
2021-03-06,14.866944,107.85815,2021-03-06 01:55:20.752000768,416.38123,0.0
2021-03-06,14.790136,107.78183,2021-03-06 01:55:20.895995136,415.7549,0.0
2021-03-06,14.79865,107.79462,2021-03-06 01:55:20.922991872,417.25616,0.0
2021-03-06,14.807191,107.80739,2021-03-06 01:55:20.949988096,417.37543,0.0
2021-03-06,14.815758,107.82013,2021-03-06 01:55:20.977024768,418.66794,0.0
2021-03-06,14.83296,107.8456,2021-03-06 01:55:21.031017472,416.0791,0.0
2021-03-06,14.841617,107.858315,2021-03-06 01:55:21.058013952,415.79376,0.0
2021-03-06,14.850321,107.871025,2021-03-06 01:55:21.085010432,416.27045,0.0
2021-03-06,14.773544,107.79472,2021-03-06 01:55:21.229004800,417.20056,0.0
2021-03-06,14.78207,107.80754,2021-03-06 01:55:21.256001280,417.0865,0.0
2021-03-06,14.790625,107.82033,2021-03-06 01:55:21.282997504,416.5187,0.0
2021-03-06,14.80778,107.845825,2021-03-06 01:55:21.336990720,417.37534,0.0
2021-03-06,14.816407,107.85856,2021-03-06 01:55:21.364027136,416.04517,0.0
2021-03-06,14.825063,107.87126,2021-03-06 01:55:21.391023616,416.0983,0.0
2021-03-06,14.833732,107.88391,2021-03-06 01:55:21.418020352,416.10672,0.0
2021-03-06,14.75687,107.80754,2021-03-06 01:55:21.563020288,416.003,0.0
2021-03-06,14.782522,107.845924,2021-03-06 01:55:21.644009472,417.03763,0.0
2021-03-06,14.799778,107.87144,2021-03-06 01:55:21.698002688,415.2802,0.0
2021-03-06,14.80844,107.88413,2021-03-06 01:55:21.724998912,415.46317,0.0
2021-03-06,14.817124,107.89682,2021-03-06 01:55:21.751995392,415.811,0.0
2021-03-06,14.757315,107.84602,2021-03-06 01:55:21.950022912,416.17685,0.0
2021-03-06,14.7659025,107.8588,2021-03-06 01:55:21.977019392,416.14465,0.0
2021-03-06,14.774517,107.87155,2021-03-06 01:55:22.004015616,414.95245,0.0
2021-03-06,14.783154,107.88428,2021-03-06 01:55:22.031012096,415.5888,0.0
2021-03-06,14.723572,107.83329,2021-03-06 01:55:22.228999424,415.16867,0.0
2021-03-06,14.732116,107.84612,2021-03-06 01:55:22.255995648,415.13193,0.0
2021-03-06,14.74928,107.871704,2021-03-06 01:55:22.309988864,415.016,0.0
2021-03-06,14.775183,107.909836,2021-03-06 01:55:22.391018496,414.845,0.0
2021-03-06,14.706963,107.846176,2021-03-06 01:55:22.563014912,416.21594,0.0
2021-03-06,14.715507,107.85901,2021-03-06 01:55:22.590011392,415.60754,0.0
2021-03-06,14.724087,107.87182,2021-03-06 01:55:22.617007616,414.87003,0.0
2021-03-06,14.732674,107.8846,2021-03-06 01:55:22.644004352,415.5212,0.0
2021-03-06,14.749916,107.91006,2021-03-06 01:55:22.697997056,416.54492,0.0
2021-03-06,14.767247,107.93545,2021-03-06 01:55:22.751989760,415.97424,0.0
2021-03-06,14.690335,107.859055,2021-03-06 01:55:22.896024576,415.60968,0.0
2021-03-06,14.698891,107.87189,2021-03-06 01:55:22.923021056,414.46817,0.0
2021-03-06,14.750634,107.94833,2021-03-06 01:55:23.084999680,415.42538,0.0
2021-03-06,14.682266,107.88473,2021-03-06 01:55:23.255990528,416.1289,0.0
2021-03-06,14.665624,107.89759,2021-03-06 01:55:23.590005760,416.4111,0.0
2021-03-06,14.674195,107.910385,2021-03-06 01:55:23.617002496,416.386,0.0
2021-03-06,14.682771,107.92316,2021-03-06 01:55:23.643998976,417.0963,0.0
2021-03-06,14.708693,107.96137,2021-03-06 01:55:23.724987904,417.2549,0.0
2021-03-06,14.717383,107.97407,2021-03-06 01:55:23.752024576,415.85477,0.0
2021-03-06,14.640486,107.89764,2021-03-06 01:55:23.896019200,416.73685,0.0
2021-03-06,14.649025,107.91047,2021-03-06 01:55:23.923015680,416.49774,0.0
2021-03-06,14.657597,107.92329,2021-03-06 01:55:23.950011904,415.60397,0.0
2021-03-06,14.666184,107.93607,2021-03-06 01:55:23.977008384,415.894,0.0
2021-03-06,14.674797,107.94884,2021-03-06 01:55:24.004004864,416.0218,0.0
2021-03-06,14.683436,107.961586,2021-03-06 01:55:24.031001344,416.26376,0.0
2021-03-06,14.692095,107.97429,2021-03-06 01:55:24.057997824,415.8622,0.0
2021-03-06,14.623881,107.91051,2021-03-06 01:55:24.228988672,415.2874,0.0
2021-03-06,14.632422,107.923325,2021-03-06 01:55:24.256025344,415.52963,0.0
2021-03-06,14.64099,107.93613,2021-03-06 01:55:24.283021568,415.37662,0.0
2021-03-06,14.658183,107.96166,2021-03-06 01:55:24.337014784,415.27478,0.0
2021-03-06,14.666818,107.9744,2021-03-06 01:55:24.364011008,415.7904,0.0
2021-03-06,14.684148,107.99978,2021-03-06 01:55:24.418003712,415.56708,0.0
2021-03-06,14.607261,107.92336,2021-03-06 01:55:24.563003904,414.94446,0.0
2021-03-06,14.6158085,107.936195,2021-03-06 01:55:24.590000640,416.919,0.0
2021-03-06,14.62439,107.949005,2021-03-06 01:55:24.616997120,416.4668,0.0
2021-03-06,14.632974,107.961784,2021-03-06 01:55:24.643993344,416.9779,0.0
2021-03-06,14.641588,107.97454,2021-03-06 01:55:24.670989824,415.69223,0.0
2021-03-06,14.658872,107.99997,2021-03-06 01:55:24.725022720,416.36444,0.0
2021-03-06,14.590655,107.93626,2021-03-06 01:55:24.896013824,415.13177,0.0
2021-03-06,14.599199,107.94908,2021-03-06 01:55:24.923010048,416.0319,0.0
2021-03-06,14.607764,107.96189,2021-03-06 01:55:24.950006528,416.3048,0.0
2021-03-06,14.61636,107.97467,2021-03-06 01:55:24.977003008,417.14606,0.0
2021-03-06,14.624966,107.987434,2021-03-06 01:55:25.003999488,415.34198,0.0
2021-03-06,14.642251,108.01285,2021-03-06 01:55:25.057992448,416.9164,0.0
2021-03-06,14.650921,108.02553,2021-03-06 01:55:25.084988928,416.57758,0.0
2021-03-06,14.574006,107.94909,2021-03-06 01:55:25.229023488,415.19504,0.0
2021-03-06,14.582548,107.96191,2021-03-06 01:55:25.256019712,416.11667,0.0
2021-03-06,14.591116,107.9747,2021-03-06 01:55:25.283016192,415.5404,0.0
2021-03-06,14.599685,107.98747,2021-03-06 01:55:25.310012928,417.0792,0.0
2021-03-06,14.6082945,108.00022,2021-03-06 01:55:25.337009152,416.10977,0.0
2021-03-06,14.625576,108.025635,2021-03-06 01:55:25.391001856,416.3611,0.0
2021-03-06,14.634242,108.03829,2021-03-06 01:55:25.417998336,417.36795,0.0
2021-03-06,14.565925,107.97476,2021-03-06 01:55:25.589995264,417.88773,0.0
2021-03-06,14.574492,107.98757,2021-03-06 01:55:25.616991488,415.61948,0.0
2021-03-06,14.583063,108.00035,2021-03-06 01:55:25.643987968,415.3302,0.0
2021-03-06,14.591676,108.013115,2021-03-06 01:55:25.671024640,415.72867,0.0
2021-03-06,14.608979,108.03857,2021-03-06 01:55:25.725017600,417.0857,0.0
2021-03-06,14.617657,108.05125,2021-03-06 01:55:25.752013824,416.61862,0.0
2021-03-06,14.540816,107.97489,2021-03-06 01:55:25.896008192,415.0288,0.0
2021-03-06,14.549346,107.98771,2021-03-06 01:55:25.923004672,414.67487,0.0
2021-03-06,14.557899,108.0005,2021-03-06 01:55:25.950001152,414.50494,0.0
2021-03-06,14.575081,108.02602,2021-03-06 01:55:26.003994112,415.56635,0.0
2021-03-06,14.583703,108.038734,2021-03-06 01:55:26.030990592,417.04846,0.0
2021-03-06,14.601007,108.06407,2021-03-06 01:55:26.085023744,415.32285,0.0
2021-03-06,14.532697,108.0005,2021-03-06 01:55:26.256014336,416.19843,0.0
2021-03-06,14.54126,108.013306,2021-03-06 01:55:26.283011072,414.55865,0.0
2021-03-06,14.558452,108.038826,2021-03-06 01:55:26.337003776,417.51318,0.0
2021-03-06,14.567076,108.05154,2021-03-06 01:55:26.364000000,415.83676,0.0
2021-03-06,14.575714,108.06422,2021-03-06 01:55:26.390996480,416.2042,0.0
2021-03-06,14.584391,108.07692,2021-03-06 01:55:26.417992960,414.91248,0.0
2021-03-06,14.50755,108.00058,2021-03-06 01:55:26.562993408,414.9244,0.0
2021-03-06,14.533251,108.039,2021-03-06 01:55:26.644022784,416.02554,0.0
2021-03-06,14.541855,108.05175,2021-03-06 01:55:26.671019008,417.46356,0.0
2021-03-06,14.550475,108.06447,2021-03-06 01:55:26.698015744,417.29587,0.0
2021-03-06,14.559118,108.07716,2021-03-06 01:55:26.725011968,416.22873,0.0
2021-03-06,14.567789,108.08984,2021-03-06 01:55:26.752008448,416.1944,0.0
2021-03-06,14.4909315,108.01344,2021-03-06 01:55:26.896002816,416.19565,0.0
2021-03-06,14.499469,108.02627,2021-03-06 01:55:26.922999296,416.20868,0.0
2021-03-06,14.516614,108.05185,2021-03-06 01:55:26.976992256,416.71265,0.0
2021-03-06,14.533856,108.077324,2021-03-06 01:55:27.031025408,416.65945,0.0
2021-03-06,14.542508,108.09003,2021-03-06 01:55:27.058021888,416.16293,0.0
2021-03-06,14.55118,108.10271,2021-03-06 01:55:27.085018112,416.49365,0.0
2021-03-06,14.474311,108.02633,2021-03-06 01:55:27.229012480,416.77878,0.0
2021-03-06,14.482843,108.039154,2021-03-06 01:55:27.256009216,415.94012,0.0
2021-03-06,14.49141,108.05195,2021-03-06 01:55:27.283005440,415.54718,0.0
2021-03-06,14.499988,108.06472,2021-03-06 01:55:27.310001920,415.70508,0.0
2021-03-06,14.508597,108.07745,2021-03-06 01:55:27.336998144,416.48846,0.0
2021-03-06,14.457681,108.039116,2021-03-06 01:55:27.562987776,415.0003,0.0
2021-03-06,14.491942,108.09025,2021-03-06 01:55:27.671013888,416.72305,0.0
2021-03-06,14.441062,108.05201,2021-03-06 01:55:27.895997440,415.46918,0.0
2021-03-06,14.449596,108.064835,2021-03-06 01:55:27.922993920,415.7949,0.0
2021-03-06,14.501254,108.14126,2021-03-06 01:55:28.085012736,416.40802,0.0
2021-03-06,14.458702,108.11603,2021-03-06 01:55:28.336992768,416.05606,0.0
2021-03-06,14.467331,108.12875,2021-03-06 01:55:28.363989248,415.0902,0.0
2021-03-06,14.42491,108.103386,2021-03-06 01:55:28.617015296,416.12106,0.0
2021-03-06,14.433493,108.11617,2021-03-06 01:55:28.644012032,416.2024,0.0
2021-03-06,14.450721,108.14164,2021-03-06 01:55:28.698004736,416.0089,0.0
2021-03-06,14.459367,108.15435,2021-03-06 01:55:28.725001216,416.33017,0.0
2021-03-06,14.468043,108.16704,2021-03-06 01:55:28.751997696,416.38046,0.0
2021-03-06,14.399692,108.10338,2021-03-06 01:55:28.922988288,415.3864,0.0
2021-03-06,14.408241,108.11618,2021-03-06 01:55:28.950024960,415.98047,0.0
2021-03-06,14.41682,108.12896,2021-03-06 01:55:28.977021696,416.03094,0.0
2021-03-06,14.425423,108.141716,2021-03-06 01:55:29.004018176,415.63586,0.0
2021-03-06,14.4340515,108.15446,2021-03-06 01:55:29.031014400,414.99072,0.0
2021-03-06,14.451384,108.179855,2021-03-06 01:55:29.085007104,415.5957,0.0
2021-03-06,14.391625,108.12899,2021-03-06 01:55:29.282994432,414.64886,0.0
2021-03-06,14.400206,108.14178,2021-03-06 01:55:29.309990912,415.90833,0.0
2021-03-06,14.434757,108.192696,2021-03-06 01:55:29.418017024,416.00394,0.0
2021-03-06,14.341277,108.12906,2021-03-06 01:55:29.896026880,415.3162,0.0
2021-03-06,14.349803,108.14187,2021-03-06 01:55:29.923023104,415.27023,0.0
2021-03-06,14.366923,108.167404,2021-03-06 01:55:29.977016320,416.94604,0.0
2021-03-06,14.384135,108.192825,2021-03-06 01:55:30.031009024,415.96906,0.0
2021-03-06,14.392777,108.205536,2021-03-06 01:55:30.058005248,416.8415,0.0
2021-03-06,14.40144,108.21819,2021-03-06 01:55:30.085001984,415.25107,0.0
2021-03-06,14.333203,108.15473,2021-03-06 01:55:30.255992576,417.36276,0.0
2021-03-06,14.358895,108.19301,2021-03-06 01:55:30.337022208,417.5198,0.0
2021-03-06,14.367502,108.20571,2021-03-06 01:55:30.364018688,415.1323,0.0
2021-03-06,14.307992,108.1547,2021-03-06 01:55:30.563011584,417.14584,0.0
2021-03-06,14.316527,108.167534,2021-03-06 01:55:30.590008320,416.9857,0.0
2021-03-06,14.350898,108.21858,2021-03-06 01:55:30.697993984,417.00314,0.0
2021-03-06,14.359538,108.231285,2021-03-06 01:55:30.724990464,416.28442,0.0
2021-03-06,14.368199,108.24395,2021-03-06 01:55:30.752027136,416.58725,0.0
2021-03-06,14.291392,108.16753,2021-03-06 01:55:30.896021248,414.9194,0.0
2021-03-06,14.299911,108.180336,2021-03-06 01:55:30.923017984,415.6721,0.0
2021-03-06,14.317016,108.2059,2021-03-06 01:55:30.977010688,416.5013,0.0
2021-03-06,14.325605,108.21865,2021-03-06 01:55:31.004007168,415.9811,0.0
2021-03-06,14.334222,108.23136,2021-03-06 01:55:31.031003392,416.86566,0.0
2021-03-06,14.342861,108.24407,2021-03-06 01:55:31.058000128,415.95813,0.0
2021-03-06,14.351531,108.25676,2021-03-06 01:55:31.084996352,415.55518,0.0
2021-03-06,14.274746,108.18035,2021-03-06 01:55:31.228990720,415.42056,0.0
2021-03-06,14.300363,108.21871,2021-03-06 01:55:31.310020352,416.77832,0.0
2021-03-06,14.308954,108.23146,2021-03-06 01:55:31.337016832,416.24017,0.0
2021-03-06,14.317574,108.24418,2021-03-06 01:55:31.364013312,415.95224,0.0
2021-03-06,14.326215,108.256874,2021-03-06 01:55:31.391009792,416.5927,0.0
2021-03-06,14.334883,108.269554,2021-03-06 01:55:31.418006272,415.62744,0.0
2021-03-06,14.258117,108.19318,2021-03-06 01:55:31.563006464,417.45285,0.0
2021-03-06,14.26666,108.20601,2021-03-06 01:55:31.590002688,415.56757,0.0
2021-03-06,14.2752075,108.2188,2021-03-06 01:55:31.616999168,416.80093,0.0
2021-03-06,14.283776,108.23158,2021-03-06 01:55:31.643995648,416.00595,0.0
2021-03-06,14.292375,108.24433,2021-03-06 01:55:31.670992128,416.94833,0.0
2021-03-06,14.300987,108.257065,2021-03-06 01:55:31.697988608,416.13092,0.0
2021-03-06,14.309623,108.26975,2021-03-06 01:55:31.725025280,415.61475,0.0
2021-03-06,14.318279,108.282425,2021-03-06 01:55:31.752021504,416.33237,0.0
2021-03-06,14.241489,108.20604,2021-03-06 01:55:31.896016128,415.90134,0.0
2021-03-06,14.25001,108.21886,2021-03-06 01:55:31.923012608,415.89066,0.0
2021-03-06,14.258551,108.23164,2021-03-06 01:55:31.950008832,415.67776,0.0
2021-03-06,14.267114,108.244415,2021-03-06 01:55:31.977005312,415.44385,0.0
2021-03-06,14.275709,108.257164,2021-03-06 01:55:32.004001536,417.01398,0.0
2021-03-06,14.29297,108.2826,2021-03-06 01:55:32.057994496,416.92273,0.0
2021-03-06,14.224871,108.21887,2021-03-06 01:55:32.229025536,416.02267,0.0
2021-03-06,14.241929,108.24448,2021-03-06 01:55:32.283018496,415.10736,0.0
2021-03-06,14.2591,108.27001,2021-03-06 01:55:32.337011456,416.1034,0.0
2021-03-06,14.267722,108.28272,2021-03-06 01:55:32.364007936,414.17914,0.0
2021-03-06,14.285034,108.30812,2021-03-06 01:55:32.418000640,416.12393,0.0
2021-03-06,14.208238,108.231705,2021-03-06 01:55:32.563000832,414.4889,0.0
2021-03-06,14.216746,108.2445,2021-03-06 01:55:32.589997312,416.35504,0.0
2021-03-06,14.225285,108.25726,2021-03-06 01:55:32.616993792,414.52264,0.0
2021-03-06,14.233825,108.270004,2021-03-06 01:55:32.643990272,416.13666,0.0
2021-03-06,14.242402,108.28272,2021-03-06 01:55:32.671026944,414.33063,0.0
2021-03-06,14.251016,108.29545,2021-03-06 01:55:32.698023424,416.75964,0.0
2021-03-06,14.2596445,108.30811,2021-03-06 01:55:32.725019648,415.51575,0.0
2021-03-06,14.268306,108.32079,2021-03-06 01:55:32.752016128,416.21414,0.0
2021-03-06,14.191604,108.24451,2021-03-06 01:55:32.896010752,415.45795,0.0
2021-03-06,14.200109,108.25731,2021-03-06 01:55:32.923006976,415.9024,0.0
2021-03-06,14.208632,108.270096,2021-03-06 01:55:32.950003456,415.0973,0.0
2021-03-06,14.217187,108.28287,2021-03-06 01:55:32.976999680,417.02744,0.0
2021-03-06,14.242989,108.32096,2021-03-06 01:55:33.057989120,416.55725,0.0
2021-03-06,14.174981,108.25735,2021-03-06 01:55:33.229020160,415.34042,0.0
2021-03-06,14.200559,108.29567,2021-03-06 01:55:33.310009600,416.83417,0.0
2021-03-06,14.209143,108.308395,2021-03-06 01:55:33.337006080,415.7582,0.0
2021-03-06,14.166802,108.28289,2021-03-06 01:55:33.589991936,418.19592,0.0
2021-03-06,14.17534,108.29568,2021-03-06 01:55:33.616988416,416.17532,0.0
2021-03-06,14.192507,108.32116,2021-03-06 01:55:33.671021568,417.547,0.0
2021-03-06,14.201103,108.33386,2021-03-06 01:55:33.698017792,417.47693,0.0
2021-03-06,14.1501255,108.2957,2021-03-06 01:55:33.923001600,415.46207,0.0
2021-03-06,14.158669,108.30849,2021-03-06 01:55:33.949997824,415.05237,0.0
2021-03-06,14.167235,108.32125,2021-03-06 01:55:33.976994560,416.01614,0.0
2021-03-06,14.175828,108.333984,2021-03-06 01:55:34.003990784,416.43246,0.0
2021-03-06,14.18444,108.34669,2021-03-06 01:55:34.030987264,417.41373,0.0
2021-03-06,14.12495,108.295685,2021-03-06 01:55:34.229014784,415.35526,0.0
2021-03-06,14.133456,108.308495,2021-03-06 01:55:34.256011264,414.97302,0.0
2021-03-06,14.142005,108.32129,2021-03-06 01:55:34.283007744,414.40482,0.0
2021-03-06,14.150577,108.33405,2021-03-06 01:55:34.310004224,414.53195,0.0
2021-03-06,14.176416,108.372154,2021-03-06 01:55:34.390993408,416.02347,0.0
2021-03-06,14.116855,108.32133,2021-03-06 01:55:34.590026752,415.032,0.0
2021-03-06,14.125391,108.33412,2021-03-06 01:55:34.617023232,414.42944,0.0
2021-03-06,14.168417,108.39763,2021-03-06 01:55:34.752005376,414.9099,0.0
2021-03-06,14.091709,108.32129,2021-03-06 01:55:34.895999744,415.2101,0.0
2021-03-06,14.100223,108.33411,2021-03-06 01:55:34.922995968,415.42105,0.0
2021-03-06,14.10876,108.3469,2021-03-06 01:55:34.949992704,414.8397,0.0
2021-03-06,14.117332,108.359665,2021-03-06 01:55:34.976988928,417.63858,0.0
2021-03-06,14.125906,108.37242,2021-03-06 01:55:35.004025600,416.00668,0.0
2021-03-06,14.075066,108.334114,2021-03-06 01:55:35.229009408,415.53326,0.0
2021-03-06,14.083586,108.346924,2021-03-06 01:55:35.256005888,414.23965,0.0
2021-03-06,14.092125,108.35972,2021-03-06 01:55:35.283002368,414.73132,0.0
2021-03-06,14.100693,108.3725,2021-03-06 01:55:35.309998848,416.71323,0.0
2021-03-06,14.109275,108.38525,2021-03-06 01:55:35.336995072,417.28482,0.0
2021-03-06,14.117885,108.39799,2021-03-06 01:55:35.363991552,414.91656,0.0
2021-03-06,14.126518,108.41069,2021-03-06 01:55:35.390987776,414.3694,0.0
2021-03-06,14.135176,108.42338,2021-03-06 01:55:35.418024448,414.87534,0.0
2021-03-06,14.058424,108.34696,2021-03-06 01:55:35.563024896,414.68155,0.0
2021-03-06,14.066937,108.359764,2021-03-06 01:55:35.590021376,414.98752,0.0
2021-03-06,14.084031,108.385284,2021-03-06 01:55:35.644014080,416.0366,0.0
2021-03-06,14.092617,108.39801,2021-03-06 01:55:35.671010560,415.2332,0.0
2021-03-06,14.101222,108.41071,2021-03-06 01:55:35.698007040,414.98026,0.0
2021-03-06,14.109854,108.423416,2021-03-06 01:55:35.725003520,415.47247,0.0
2021-03-06,14.041784,108.35972,2021-03-06 01:55:35.895994112,414.52017,0.0
2021-03-06,14.050291,108.37251,2021-03-06 01:55:35.922990848,414.9924,0.0
2021-03-06,14.058818,108.38529,2021-03-06 01:55:35.950027520,414.7902,0.0
2021-03-06,14.067369,108.39805,2021-03-06 01:55:35.977023744,416.89673,0.0
2021-03-06,14.084547,108.42346,2021-03-06 01:55:36.031016704,416.32562,0.0
2021-03-06,14.093167,108.43615,2021-03-06 01:55:36.058013184,416.07028,0.0
2021-03-06,14.101817,108.44882,2021-03-06 01:55:36.085009664,415.6045,0.0
2021-03-06,14.025092,108.3725,2021-03-06 01:55:36.229004032,415.4972,0.0
2021-03-06,14.033603,108.385315,2021-03-06 01:55:36.256000512,415.3453,0.0
2021-03-06,14.04214,108.3981,2021-03-06 01:55:36.282996992,414.5242,0.0
2021-03-06,14.05929,108.42358,2021-03-06 01:55:36.336989696,415.93057,0.0
2021-03-06,14.067888,108.43629,2021-03-06 01:55:36.363985920,415.8344,0.0
2021-03-06,14.085169,108.461655,2021-03-06 01:55:36.418019328,416.50345,0.0
2021-03-06,14.008451,108.385315,2021-03-06 01:55:36.563019520,415.08368,0.0
2021-03-06,14.016965,108.39813,2021-03-06 01:55:36.590016000,415.49963,0.0
2021-03-06,14.025505,108.410934,2021-03-06 01:55:36.617012224,414.43384,0.0
2021-03-06,14.034064,108.4237,2021-03-06 01:55:36.644008704,416.03317,0.0
2021-03-06,14.042652,108.43643,2021-03-06 01:55:36.671005184,414.77637,0.0
2021-03-06,14.059871,108.461815,2021-03-06 01:55:36.724997888,414.2361,0.0
2021-03-06,13.991814,108.3981,2021-03-06 01:55:36.895988992,415.15024,0.0
2021-03-06,13.992203,108.43644,2021-03-06 01:55:37.282991360,416.46533,0.0
2021-03-06,14.000765,108.44922,2021-03-06 01:55:37.310028032,416.42023,0.0
2021-03-06,14.009352,108.46197,2021-03-06 01:55:37.337024512,416.04565,0.0
2021-03-06,14.026595,108.48739,2021-03-06 01:55:37.391017472,416.59387,0.0
2021-03-06,14.035256,108.500084,2021-03-06 01:55:37.418013696,415.73056,0.0
2021-03-06,13.975548,108.44925,2021-03-06 01:55:37.617006848,416.42654,0.0
2021-03-06,13.9841,108.46202,2021-03-06 01:55:37.644003328,415.09302,0.0
2021-03-06,13.992686,108.47477,2021-03-06 01:55:37.670999808,415.69363,0.0
2021-03-06,14.001298,108.48748,2021-03-06 01:55:37.697996032,416.1383,0.0
2021-03-06,14.009933,108.50019,2021-03-06 01:55:37.724992768,415.1369,0.0
2021-03-06,14.018593,108.51287,2021-03-06 01:55:37.751989248,415.84116,0.0
2021-03-06,13.941843,108.43644,2021-03-06 01:55:37.896023808,414.9219,0.0
2021-03-06,13.950361,108.449265,2021-03-06 01:55:37.923020032,415.86356,0.0
2021-03-06,13.958892,108.46206,2021-03-06 01:55:37.950016512,417.55133,0.0
2021-03-06,13.967449,108.47484,2021-03-06 01:55:37.977012992,415.1271,0.0
2021-03-06,13.98465,108.50032,2021-03-06 01:55:38.031005952,415.39786,0.0
2021-03-06,13.93372,108.462074,2021-03-06 01:55:38.255989504,417.45822,0.0
2021-03-06,13.950813,108.48764,2021-03-06 01:55:38.310022656,415.74255,0.0
2021-03-06,13.959401,108.50039,2021-03-06 01:55:38.337018880,415.8077,0.0
2021-03-06,13.968015,108.513115,2021-03-06 01:55:38.364015616,414.8691,0.0
2021-03-06,13.976653,108.525826,2021-03-06 01:55:38.391011840,415.09415,0.0
2021-03-06,13.985314,108.538506,2021-03-06 01:55:38.418008320,414.8305,0.0
2021-03-06,13.908549,108.462036,2021-03-06 01:55:38.563008512,415.90527,0.0
2021-03-06,13.917079,108.47485,2021-03-06 01:55:38.590004992,416.17163,0.0
2021-03-06,13.934151,108.50039,2021-03-06 01:55:38.643997952,415.566,0.0
2021-03-06,13.942732,108.51314,2021-03-06 01:55:38.670994176,415.59064,0.0
2021-03-06,13.951341,108.52586,2021-03-06 01:55:38.697990912,415.70184,0.0
2021-03-06,13.959974,108.53857,2021-03-06 01:55:38.724987392,415.05423,0.0
2021-03-06,13.968633,108.551254,2021-03-06 01:55:38.752023808,415.64655,0.0
2021-03-06,13.891867,108.47479,2021-03-06 01:55:38.896018176,416.1132,0.0
2021-03-06,13.900385,108.4876,2021-03-06 01:55:38.923014656,417.385,0.0
2021-03-06,13.908921,108.5004,2021-03-06 01:55:38.950011136,416.18002,0.0
2021-03-06,13.917488,108.51316,2021-03-06 01:55:38.977007616,415.5147,0.0
2021-03-06,13.926078,108.52591,2021-03-06 01:55:39.004004096,415.6267,0.0
2021-03-06,13.934693,108.538635,2021-03-06 01:55:39.031000320,415.46133,0.0
2021-03-06,13.943334,108.55134,2021-03-06 01:55:39.057996800,415.47427,0.0
2021-03-06,13.951994,108.56403,2021-03-06 01:55:39.084993280,415.4716,0.0
2021-03-06,13.8752165,108.48759,2021-03-06 01:55:39.228987648,415.70636,0.0
2021-03-06,13.883732,108.50041,2021-03-06 01:55:39.256024320,415.6767,0.0
2021-03-06,13.89227,108.51321,2021-03-06 01:55:39.283020800,415.37064,0.0
2021-03-06,13.900835,108.52597,2021-03-06 01:55:39.310017024,415.55588,0.0
2021-03-06,13.909423,108.53871,2021-03-06 01:55:39.337013760,415.2991,0.0
2021-03-06,13.9180355,108.55143,2021-03-06 01:55:39.364009984,414.68,0.0
2021-03-06,13.926673,108.56413,2021-03-06 01:55:39.391006464,415.2003,0.0
2021-03-06,13.935336,108.57681,2021-03-06 01:55:39.418003200,416.02695,0.0
2021-03-06,13.858557,108.50033,2021-03-06 01:55:39.563003136,415.69916,0.0
2021-03-06,13.867067,108.51314,2021-03-06 01:55:39.589999616,415.5429,0.0
2021-03-06,13.875601,108.52593,2021-03-06 01:55:39.616996096,415.01187,0.0
2021-03-06,13.884155,108.538704,2021-03-06 01:55:39.643992320,414.97272,0.0
2021-03-06,13.892735,108.55145,2021-03-06 01:55:39.670989056,415.67188,0.0
2021-03-06,13.901346,108.56417,2021-03-06 01:55:39.698025728,415.20377,0.0
2021-03-06,13.909982,108.57687,2021-03-06 01:55:39.725021952,415.25998,0.0
2021-03-06,13.918643,108.589554,2021-03-06 01:55:39.752018432,415.68085,0.0
2021-03-06,13.841889,108.51307,2021-03-06 01:55:39.896012800,415.35767,0.0
2021-03-06,13.850404,108.525894,2021-03-06 01:55:39.923009280,416.13135,0.0
2021-03-06,13.858946,108.5387,2021-03-06 01:55:39.950005760,415.02164,0.0
2021-03-06,13.867506,108.551476,2021-03-06 01:55:39.977002240,415.70007,0.0
2021-03-06,13.825247,108.5259,2021-03-06 01:55:40.229022464,415.1403,0.0
2021-03-06,13.83377,108.53873,2021-03-06 01:55:40.256018944,414.29532,0.0
2021-03-06,13.842307,108.55152,2021-03-06 01:55:40.283015168,414.55203,0.0
2021-03-06,13.850859,108.564285,2021-03-06 01:55:40.310011904,414.79944,0.0
2021-03-06,13.859444,108.577034,2021-03-06 01:55:40.337008128,414.99854,0.0
2021-03-06,13.868049,108.58975,2021-03-06 01:55:40.364004608,415.3916,0.0
2021-03-06,13.80859,108.53867,2021-03-06 01:55:40.562997760,415.30783,0.0
2021-03-06,13.817106,108.55148,2021-03-06 01:55:40.589994240,415.39398,0.0
2021-03-06,13.825626,108.56427,2021-03-06 01:55:40.616990464,416.15314,0.0
2021-03-06,13.834185,108.57704,2021-03-06 01:55:40.644027136,415.39014,0.0
2021-03-06,13.842767,108.58978,2021-03-06 01:55:40.671023872,416.00754,0.0
2021-03-06,13.851374,108.60251,2021-03-06 01:55:40.698020096,415.66928,0.0
2021-03-06,13.860009,108.61522,2021-03-06 01:55:40.725016576,415.7767,0.0
2021-03-06,13.79193,108.551445,2021-03-06 01:55:40.896007424,415.92468,0.0
2021-03-06,13.800447,108.56426,2021-03-06 01:55:40.923003904,416.23325,0.0
2021-03-06,13.808979,108.577065,2021-03-06 01:55:40.950000384,415.85123,0.0
2021-03-06,13.817547,108.58984,2021-03-06 01:55:40.976996608,416.01035,0.0
2021-03-06,13.826139,108.6026,2021-03-06 01:55:41.003993088,415.20312,0.0
2021-03-06,13.834755,108.61533,2021-03-06 01:55:41.030989568,415.37665,0.0
2021-03-06,13.843395,108.62805,2021-03-06 01:55:41.057986048,415.58142,0.0
2021-03-06,13.852049,108.64073,2021-03-06 01:55:41.085022720,415.46603,0.0
2021-03-06,13.77525,108.56421,2021-03-06 01:55:41.229017088,415.86584,0.0
2021-03-06,13.783757,108.57702,2021-03-06 01:55:41.256013312,415.96805,0.0
2021-03-06,13.800851,108.602585,2021-03-06 01:55:41.310006272,415.2528,0.0
2021-03-06,13.818048,108.628044,2021-03-06 01:55:41.363999488,415.53024,0.0
2021-03-06,13.758617,108.577,2021-03-06 01:55:41.562992384,416.02512,0.0
2021-03-06,13.767133,108.58982,2021-03-06 01:55:41.589988608,415.68945,0.0
2021-03-06,13.79282,108.628136,2021-03-06 01:55:41.671018240,415.15378,0.0
2021-03-06,13.8014145,108.64082,2021-03-06 01:55:41.698014720,415.67844,0.0
2021-03-06,13.810032,108.65352,2021-03-06 01:55:41.725011200,415.41473,0.0
2021-03-06,13.81867,108.666176,2021-03-06 01:55:41.752007424,415.95477,0.0
2021-03-06,13.74192,108.58973,2021-03-06 01:55:41.896002048,415.78632,0.0
2021-03-06,13.76755,108.62812,2021-03-06 01:55:41.976991232,415.04538,0.0
2021-03-06,13.776127,108.64087,2021-03-06 01:55:42.004027904,415.9893,0.0
2021-03-06,13.784727,108.65357,2021-03-06 01:55:42.031024384,415.27878,0.0
2021-03-06,13.793357,108.6663,2021-03-06 01:55:42.058020864,415.7326,0.0
2021-03-06,13.802008,108.67897,2021-03-06 01:55:42.085017088,415.58585,0.0
2021-03-06,13.725309,108.60255,2021-03-06 01:55:42.229011456,415.29816,0.0
2021-03-06,13.733822,108.615364,2021-03-06 01:55:42.256008192,415.55698,0.0
2021-03-06,13.742363,108.62816,2021-03-06 01:55:42.283004416,417.08655,0.0
2021-03-06,13.750913,108.640915,2021-03-06 01:55:42.310000896,416.3189,0.0
2021-03-06,13.759489,108.65364,2021-03-06 01:55:42.336997632,416.29993,0.0
2021-03-06,13.768081,108.66634,2021-03-06 01:55:42.363993856,415.98227,0.0
2021-03-06,13.776703,108.679054,2021-03-06 01:55:42.390990336,415.53833,0.0
2021-03-06,13.785349,108.69173,2021-03-06 01:55:42.417986560,416.68793,0.0
2021-03-06,13.708616,108.615265,2021-03-06 01:55:42.562986752,416.20883,0.0
2021-03-06,13.717129,108.62808,2021-03-06 01:55:42.590023424,415.95245,0.0
2021-03-06,13.725656,108.64087,2021-03-06 01:55:42.617020160,416.3359,0.0
2021-03-06,13.734214,108.65363,2021-03-06 01:55:42.644016384,416.3909,0.0
2021-03-06,13.74279,108.666374,2021-03-06 01:55:42.671012864,416.48676,0.0
2021-03-06,13.76,108.691765,2021-03-06 01:55:42.725005568,415.61688,0.0
2021-03-06,13.768654,108.70446,2021-03-06 01:55:42.752002304,415.78003,0.0
2021-03-06,13.691918,108.62795,2021-03-06 01:55:42.895996672,415.87823,0.0
2021-03-06,13.700421,108.64076,2021-03-06 01:55:42.922992896,416.48132,0.0
2021-03-06,13.708955,108.65355,2021-03-06 01:55:42.949989376,415.5523,0.0
2021-03-06,13.717517,108.66632,2021-03-06 01:55:42.977026048,416.27588,0.0
2021-03-06,13.726099,108.67907,2021-03-06 01:55:43.004022528,416.32175,0.0
2021-03-06,13.734708,108.69179,2021-03-06 01:55:43.031019008,415.61804,0.0
2021-03-06,13.743338,108.70448,2021-03-06 01:55:43.058015232,417.5747,0.0
2021-03-06,13.675259,108.64068,2021-03-06 01:55:43.229006336,416.32925,0.0
2021-03-06,13.683761,108.65349,2021-03-06 01:55:43.256002560,415.38553,0.0
2021-03-06,13.692289,108.66628,2021-03-06 01:55:43.282999040,415.85214,0.0
2021-03-06,13.700844,108.679054,2021-03-06 01:55:43.309995776,415.89877,0.0
2021-03-06,13.709424,108.69181,2021-03-06 01:55:43.336992000,415.6936,0.0
2021-03-06,13.718027,108.70454,2021-03-06 01:55:43.363988480,417.26434,0.0
2021-03-06,13.726648,108.717224,2021-03-06 01:55:43.391025152,416.86588,0.0
2021-03-06,13.735305,108.72993,2021-03-06 01:55:43.418021376,416.0965,0.0
2021-03-06,13.658594,108.65349,2021-03-06 01:55:43.563021568,414.85464,0.0
2021-03-06,13.667102,108.6663,2021-03-06 01:55:43.590018304,415.88965,0.0
2021-03-06,13.67563,108.67909,2021-03-06 01:55:43.617014528,415.07898,0.0
2021-03-06,13.684185,108.69186,2021-03-06 01:55:43.644011008,416.0651,0.0
2021-03-06,13.692762,108.704605,2021-03-06 01:55:43.671007488,415.4336,0.0
2021-03-06,13.701364,108.71732,2021-03-06 01:55:43.698003712,417.03027,0.0
2021-03-06,13.7099905,108.73003,2021-03-06 01:55:43.725000448,418.53262,0.0
2021-03-06,13.718639,108.74269,2021-03-06 01:55:43.751996672,417.36124,0.0
2021-03-06,13.641933,108.666214,2021-03-06 01:55:43.895991040,416.17365,0.0
2021-03-06,13.66751,108.704575,2021-03-06 01:55:43.977020672,415.38412,0.0
2021-03-06,13.676086,108.717316,2021-03-06 01:55:44.004017152,416.8362,0.0
2021-03-06,13.684686,108.730034,2021-03-06 01:55:44.031013376,417.01172,0.0
2021-03-06,13.70195,108.75538,2021-03-06 01:55:44.085006592,414.74457,0.0
2021-03-06,13.642309,108.704575,2021-03-06 01:55:44.282993920,417.5543,0.0
2021-03-06,13.650852,108.71735,2021-03-06 01:55:44.309990144,415.7766,0.0
2021-03-06,13.65943,108.73008,2021-03-06 01:55:44.337026816,415.44745,0.0
2021-03-06,13.668024,108.7428,2021-03-06 01:55:44.364023296,414.5142,0.0
2021-03-06,13.6766405,108.75548,2021-03-06 01:55:44.391019520,415.5033,0.0
2021-03-06,13.68529,108.76817,2021-03-06 01:55:44.418016000,416.7322,0.0
2021-03-06,13.642781,108.74285,2021-03-06 01:55:44.671001856,415.96515,0.0
2021-03-06,13.65999,108.76828,2021-03-06 01:55:44.724994816,416.32526,0.0
2021-03-06,13.668646,108.78098,2021-03-06 01:55:44.751991296,417.8252,0.0
2021-03-06,13.643335,108.78107,2021-03-06 01:55:45.058004736,415.286,0.0
2021-03-06,13.592331,108.742836,2021-03-06 01:55:45.282988288,414.2259,0.0
2021-03-06,13.575668,108.7556,2021-03-06 01:55:45.617003776,415.2888,0.0
2021-03-06,13.542029,108.7428,2021-03-06 01:55:45.896020480,416.72668,0.0
2021-03-06,13.558987,108.76836,2021-03-06 01:55:45.950013440,414.85123,0.0
2021-03-06,13.567524,108.78111,2021-03-06 01:55:45.977009664,414.8535,0.0
2021-03-06,13.533842,108.76832,2021-03-06 01:55:46.256026624,416.11047,0.0
2021-03-06,13.542334,108.78109,2021-03-06 01:55:46.283023104,416.04956,0.0
2021-03-06,13.550875,108.793846,2021-03-06 01:55:46.310019584,414.98596,0.0
2021-03-06,13.559432,108.80659,2021-03-06 01:55:46.337015808,416.0265,0.0
2021-03-06,13.568024,108.81931,2021-03-06 01:55:46.364012288,414.5362,0.0
2021-03-06,13.576642,108.832016,2021-03-06 01:55:46.391008768,415.71448,0.0
2021-03-06,13.585271,108.844666,2021-03-06 01:55:46.418005248,412.27435,0.0
2021-03-06,13.517124,108.78104,2021-03-06 01:55:46.590001920,415.49646,0.0
2021-03-06,13.534185,108.80657,2021-03-06 01:55:46.643994880,415.5105,0.0
2021-03-06,13.542752,108.81932,2021-03-06 01:55:46.670991104,416.12634,0.0
2021-03-06,13.551342,108.83205,2021-03-06 01:55:46.698027776,414.6216,0.0
2021-03-06,13.5599575,108.84474,2021-03-06 01:55:46.725024256,416.03568,0.0
2021-03-06,13.568592,108.857414,2021-03-06 01:55:46.752020736,416.77087,0.0
2021-03-06,13.508959,108.806564,2021-03-06 01:55:46.950007808,416.62363,0.0
2021-03-06,13.526059,108.832054,2021-03-06 01:55:47.004001024,415.42175,0.0
2021-03-06,13.534656,108.844765,2021-03-06 01:55:47.030997248,415.87476,0.0
2021-03-06,13.543276,108.85745,2021-03-06 01:55:47.057993728,415.0549,0.0
2021-03-06,13.551923,108.87014,2021-03-06 01:55:47.084989952,415.8798,0.0
2021-03-06,13.475242,108.79366,2021-03-06 01:55:47.229024768,415.85736,0.0
2021-03-06,13.483772,108.80648,2021-03-06 01:55:47.256021248,414.5823,0.0
2021-03-06,13.492278,108.81925,2021-03-06 01:55:47.283017728,415.1771,0.0
2021-03-06,13.500808,108.83201,2021-03-06 01:55:47.310013952,414.77884,0.0
2021-03-06,13.517971,108.857475,2021-03-06 01:55:47.364006912,416.57153,0.0
2021-03-06,13.526589,108.87016,2021-03-06 01:55:47.391003392,414.49054,0.0
2021-03-06,13.535236,108.88284,2021-03-06 01:55:47.417999872,414.8634,0.0
2021-03-06,13.441944,108.819145,2021-03-06 01:55:47.896009728,416.44354,0.0
2021-03-06,13.450442,108.83195,2021-03-06 01:55:47.923005952,414.82254,0.0
2021-03-06,13.458933,108.84473,2021-03-06 01:55:47.950002688,415.0008,0.0
2021-03-06,13.467474,108.85749,2021-03-06 01:55:47.976999168,415.89426,0.0
2021-03-06,13.476036,108.87025,2021-03-06 01:55:48.003995392,416.47086,0.0
2021-03-06,13.484633,108.88299,2021-03-06 01:55:48.030991872,416.13315,0.0
2021-03-06,13.425316,108.8319,2021-03-06 01:55:48.229019392,416.07013,0.0
2021-03-06,13.442261,108.857445,2021-03-06 01:55:48.283012096,416.24374,0.0
2021-03-06,13.467938,108.89567,2021-03-06 01:55:48.364001536,414.1293,0.0
2021-03-06,13.4765625,108.9084,2021-03-06 01:55:48.390997760,417.35776,0.0
2021-03-06,13.485202,108.92107,2021-03-06 01:55:48.417994496,416.08173,0.0
2021-03-06,13.451258,108.90842,2021-03-06 01:55:48.698017024,415.99353,0.0
2021-03-06,13.459881,108.92113,2021-03-06 01:55:48.725013504,416.7958,0.0
2021-03-06,13.468528,108.93381,2021-03-06 01:55:48.752009984,418.04187,0.0
2021-03-06,13.391882,108.8573,2021-03-06 01:55:48.896004096,415.48978,0.0
2021-03-06,13.400351,108.87009,2021-03-06 01:55:48.923000832,416.61298,0.0
2021-03-06,13.425948,108.908356,2021-03-06 01:55:49.003990016,416.11685,0.0
2021-03-06,13.434539,108.9211,2021-03-06 01:55:49.030986240,416.36847,0.0
2021-03-06,13.451795,108.94644,2021-03-06 01:55:49.085019648,415.7725,0.0
2021-03-06,13.375237,108.87003,2021-03-06 01:55:49.229014016,415.65552,0.0
2021-03-06,13.392177,108.89558,2021-03-06 01:55:49.283006720,415.8091,0.0
2021-03-06,13.409253,108.92104,2021-03-06 01:55:49.336999680,415.94418,0.0
2021-03-06,13.426448,108.94643,2021-03-06 01:55:49.390992640,414.76587,0.0
2021-03-06,13.435085,108.95909,2021-03-06 01:55:49.417989120,413.58572,0.0
2021-03-06,13.358497,108.88264,2021-03-06 01:55:49.562989312,416.1773,0.0
2021-03-06,13.375449,108.90821,2021-03-06 01:55:49.617022208,416.24295,0.0
2021-03-06,13.383991,108.92098,2021-03-06 01:55:49.644018688,414.64642,0.0
2021-03-06,13.392567,108.93372,2021-03-06 01:55:49.671015168,417.06317,0.0
2021-03-06,13.401165,108.94649,2021-03-06 01:55:49.698011648,416.7413,0.0
2021-03-06,13.409789,108.9592,2021-03-06 01:55:49.725008128,416.71323,0.0
2021-03-06,13.341867,108.895515,2021-03-06 01:55:49.895998976,415.5813,0.0
2021-03-06,13.350312,108.90828,2021-03-06 01:55:49.922995456,415.6376,0.0
2021-03-06,13.35883,108.921036,2021-03-06 01:55:49.949991680,416.08444,0.0
2021-03-06,13.367339,108.93378,2021-03-06 01:55:49.976988160,417.41415,0.0
2021-03-06,13.384478,108.95923,2021-03-06 01:55:50.031021056,415.8178,0.0
2021-03-06,13.325079,108.90804,2021-03-06 01:55:50.229008384,415.47906,0.0
2021-03-06,13.333593,108.920845,2021-03-06 01:55:50.256004864,416.29333,0.0
2021-03-06,13.350606,108.946396,2021-03-06 01:55:50.309997824,415.8175,0.0
2021-03-06,13.359187,108.959145,2021-03-06 01:55:50.336994048,416.43658,0.0
2021-03-06,13.367789,108.971886,2021-03-06 01:55:50.363990784,415.7292,0.0
2021-03-06,13.385063,108.99726,2021-03-06 01:55:50.418023936,415.57,0.0
2021-03-06,13.308459,108.920815,2021-03-06 01:55:50.563024128,417.276,0.0
2021-03-06,13.325443,108.94639,2021-03-06 01:55:50.617016832,416.10934,0.0
2021-03-06,13.333954,108.95916,2021-03-06 01:55:50.644013312,416.64532,0.0
2021-03-06,13.3425255,108.97191,2021-03-06 01:55:50.671009792,416.61798,0.0
2021-03-06,13.351119,108.984634,2021-03-06 01:55:50.698006272,415.9154,0.0
2021-03-06,13.308745,108.95914,2021-03-06 01:55:50.950026496,416.72748,0.0
2021-03-06,13.325841,108.98465,2021-03-06 01:55:51.004019200,416.21387,0.0
2021-03-06,13.334437,108.99738,2021-03-06 01:55:51.031015936,416.36304,0.0
2021-03-06,13.3430605,109.010086,2021-03-06 01:55:51.058012160,415.87158,0.0
2021-03-06,13.351709,109.02277,2021-03-06 01:55:51.085008640,416.95514,0.0
2021-03-06,13.275077,108.94628,2021-03-06 01:55:51.229003008,415.34122,0.0
2021-03-06,13.283564,108.95908,2021-03-06 01:55:51.255999488,415.69138,0.0
2021-03-06,13.292085,108.97187,2021-03-06 01:55:51.282995968,414.588,0.0
2021-03-06,13.309181,108.997406,2021-03-06 01:55:51.336988928,415.7273,0.0
2021-03-06,13.335054,109.03554,2021-03-06 01:55:51.418018304,416.42444,0.0
2021-03-06,13.258431,108.95905,2021-03-06 01:55:51.563018496,416.78488,0.0
2021-03-06,13.266923,108.97185,2021-03-06 01:55:51.590014976,416.58508,0.0
2021-03-06,13.275439,108.98462,2021-03-06 01:55:51.617011456,417.18753,0.0
2021-03-06,13.283958,108.99738,2021-03-06 01:55:51.644007936,415.61417,0.0
2021-03-06,13.29253,109.01012,2021-03-06 01:55:51.671004416,416.29648,0.0
2021-03-06,13.301117,109.022835,2021-03-06 01:55:51.698000640,414.32193,0.0
2021-03-06,13.309731,109.03554,2021-03-06 01:55:51.724997120,416.4722,0.0
2021-03-06,13.31837,109.04822,2021-03-06 01:55:51.751993600,415.9012,0.0
2021-03-06,13.250236,108.98453,2021-03-06 01:55:51.923024640,414.92908,0.0
2021-03-06,13.258733,108.997314,2021-03-06 01:55:51.950021120,415.8358,0.0
2021-03-06,13.275837,109.02285,2021-03-06 01:55:52.004014080,414.41977,0.0
2021-03-06,13.301709,109.061,2021-03-06 01:55:52.085003264,415.24503,0.0
2021-03-06,13.225054,108.984474,2021-03-06 01:55:52.228997632,415.84116,0.0
2021-03-06,13.233538,108.99728,2021-03-06 01:55:52.255994112,416.22394,0.0
2021-03-06,13.242043,109.01006,2021-03-06 01:55:52.282990336,417.2625,0.0
2021-03-06,13.25058,109.022835,2021-03-06 01:55:52.310027008,416.3497,0.0
2021-03-06,13.26775,109.04832,2021-03-06 01:55:52.364020224,416.72937,0.0
2021-03-06,13.276372,109.061035,2021-03-06 01:55:52.391016448,415.66028,0.0
2021-03-06,13.285021,109.07372,2021-03-06 01:55:52.418012928,415.29422,0.0
2021-03-06,13.208351,108.99716,2021-03-06 01:55:52.563013120,414.679,0.0
2021-03-06,13.216837,109.00995,2021-03-06 01:55:52.590009600,413.62137,0.0
2021-03-06,13.225327,109.022705,2021-03-06 01:55:52.617006080,415.42776,0.0
2021-03-06,13.233843,109.03545,2021-03-06 01:55:52.644002560,414.8895,0.0
2021-03-06,13.242405,109.04819,2021-03-06 01:55:52.670998784,414.38513,0.0
2021-03-06,13.251001,109.06091,2021-03-06 01:55:52.697995264,414.16257,0.0
2021-03-06,13.259623,109.07363,2021-03-06 01:55:52.724991744,416.99637,0.0
2021-03-06,13.268261,109.0863,2021-03-06 01:55:52.751988224,412.8874,0.0
2021-03-06,13.191659,109.00986,2021-03-06 01:55:52.896022784,414.9563,0.0
2021-03-06,13.200134,109.022644,2021-03-06 01:55:52.923019264,416.0115,0.0
2021-03-06,13.208631,109.0354,2021-03-06 01:55:52.950015488,413.9676,0.0
2021-03-06,13.217138,109.04815,2021-03-06 01:55:52.977012224,414.0553,0.0
2021-03-06,13.225697,109.06087,2021-03-06 01:55:53.004008448,415.33005,0.0
2021-03-06,13.242873,109.08624,2021-03-06 01:55:53.058001408,416.18918,0.0
2021-03-06,13.25151,109.09891,2021-03-06 01:55:53.084997888,414.09375,0.0
2021-03-06,13.174986,109.02253,2021-03-06 01:55:53.228992256,413.95438,0.0
2021-03-06,13.18347,109.03534,2021-03-06 01:55:53.255988480,415.4458,0.0
2021-03-06,13.191976,109.04811,2021-03-06 01:55:53.283025152,415.7759,0.0
2021-03-06,13.200487,109.06087,2021-03-06 01:55:53.310021888,414.48553,0.0
2021-03-06,13.209051,109.0736,2021-03-06 01:55:53.337018368,414.18317,0.0
2021-03-06,13.217633,109.086296,2021-03-06 01:55:53.364014592,413.84195,0.0
2021-03-06,13.226238,109.09898,2021-03-06 01:55:53.391011072,414.6504,0.0
2021-03-06,13.234861,109.11163,2021-03-06 01:55:53.418007296,415.4942,0.0
2021-03-06,13.158252,109.03513,2021-03-06 01:55:53.563007744,416.55255,0.0
2021-03-06,13.166761,109.047935,2021-03-06 01:55:53.590004224,414.4795,0.0
2021-03-06,13.17525,109.06069,2021-03-06 01:55:53.617000704,415.7256,0.0
2021-03-06,13.183764,109.07345,2021-03-06 01:55:53.643996928,414.05933,0.0
2021-03-06,13.192333,109.08618,2021-03-06 01:55:53.670993408,414.94394,0.0
2021-03-06,13.200923,109.09889,2021-03-06 01:55:53.697989888,414.85135,0.0
2021-03-06,13.209533,109.11159,2021-03-06 01:55:53.724986368,414.18707,0.0
2021-03-06,13.218169,109.12426,2021-03-06 01:55:53.752023040,413.76248,0.0
2021-03-06,13.141586,109.047844,2021-03-06 01:55:53.896017408,416.03442,0.0
2021-03-06,13.150079,109.06066,2021-03-06 01:55:53.923013632,416.3305,0.0
2021-03-06,13.158586,109.073456,2021-03-06 01:55:53.950010368,414.6956,0.0
2021-03-06,13.167105,109.08623,2021-03-06 01:55:53.977006592,415.1303,0.0
2021-03-06,13.175673,109.09898,2021-03-06 01:55:54.004003072,415.16705,0.0
2021-03-06,13.201491,109.137054,2021-03-06 01:55:54.084992512,415.01398,0.0
2021-03-06,13.124863,109.06057,2021-03-06 01:55:54.229027072,414.4115,0.0
2021-03-06,13.133348,109.07337,2021-03-06 01:55:54.256023296,416.57068,0.0
2021-03-06,13.141862,109.08614,2021-03-06 01:55:54.283020032,415.2404,0.0
2021-03-06,13.150371,109.0989,2021-03-06 01:55:54.310016512,415.44086,0.0
2021-03-06,13.158935,109.111626,2021-03-06 01:55:54.337012736,414.65918,0.0
2021-03-06,13.167516,109.124306,2021-03-06 01:55:54.364009216,413.5035,0.0
2021-03-06,13.176116,109.136986,2021-03-06 01:55:54.391005440,414.167,0.0
2021-03-06,13.184754,109.14968,2021-03-06 01:55:54.418002176,415.81665,0.0
2021-03-06,13.108169,109.07324,2021-03-06 01:55:54.563002368,414.76135,0.0
2021-03-06,13.116659,109.08606,2021-03-06 01:55:54.589998848,415.41547,0.0
2021-03-06,13.125174,109.098854,2021-03-06 01:55:54.616995072,414.61835,0.0
2021-03-06,13.133701,109.11163,2021-03-06 01:55:54.643991552,416.2747,0.0
2021-03-06,13.14227,109.12438,2021-03-06 01:55:54.671028224,415.3274,0.0
2021-03-06,13.150848,109.137054,2021-03-06 01:55:54.698024704,414.50436,0.0
2021-03-06,13.159445,109.14972,2021-03-06 01:55:54.725021184,415.58002,0.0
2021-03-06,13.16807,109.16237,2021-03-06 01:55:54.752017408,416.3114,0.0
2021-03-06,13.091432,109.08584,2021-03-06 01:55:54.896011776,415.89853,0.0
2021-03-06,13.099934,109.09867,2021-03-06 01:55:54.923008512,416.38068,0.0
2021-03-06,13.1084585,109.11147,2021-03-06 01:55:54.950004736,415.5026,0.0
2021-03-06,13.116978,109.12426,2021-03-06 01:55:54.977001216,417.73068,0.0
2021-03-06,13.125547,109.13702,2021-03-06 01:55:55.003997696,415.6086,0.0
2021-03-06,13.134136,109.149734,2021-03-06 01:55:55.030994176,415.36523,0.0
2021-03-06,13.142739,109.16243,2021-03-06 01:55:55.057990656,414.02325,0.0
2021-03-06,13.151367,109.175095,2021-03-06 01:55:55.084986880,415.57904,0.0
2021-03-06,13.074724,109.0985,2021-03-06 01:55:55.229021440,417.8466,0.0
2021-03-06,13.083214,109.11129,2021-03-06 01:55:55.256018176,419.72412,0.0
2021-03-06,13.091726,109.12408,2021-03-06 01:55:55.283014656,417.0176,0.0
2021-03-06,13.100255,109.136856,2021-03-06 01:55:55.310010880,418.10117,0.0
2021-03-06,13.108822,109.14961,2021-03-06 01:55:55.337007360,416.15335,0.0
2021-03-06,13.117409,109.16232,2021-03-06 01:55:55.364003584,414.52725,0.0
2021-03-06,13.12602,109.17504,2021-03-06 01:55:55.391000320,417.56354,0.0
2021-03-06,13.134647,109.187706,2021-03-06 01:55:55.417996544,415.2238,0.0
2021-03-06,13.05805,109.111244,2021-03-06 01:55:55.562996992,416.5303,0.0
2021-03-06,13.066543,109.12405,2021-03-06 01:55:55.589993216,416.26932,0.0
2021-03-06,13.075059,109.136826,2021-03-06 01:55:55.616989696,417.5749,0.0
2021-03-06,13.083593,109.14959,2021-03-06 01:55:55.644026368,415.73856,0.0
2021-03-06,13.092157,109.16232,2021-03-06 01:55:55.671022848,415.59644,0.0
2021-03-06,13.100738,109.175026,2021-03-06 01:55:55.698019328,416.50732,0.0
2021-03-06,13.117975,109.200424,2021-03-06 01:55:55.752012288,417.04584,0.0
2021-03-06,13.058387,109.14955,2021-03-06 01:55:55.949999360,414.30084,0.0
2021-03-06,13.066904,109.16232,2021-03-06 01:55:55.976995840,415.78152,0.0
2021-03-06,13.075475,109.175064,2021-03-06 01:55:56.003992320,416.33002,0.0
2021-03-06,13.084067,109.1878,2021-03-06 01:55:56.030988800,416.9062,0.0
2021-03-06,13.092687,109.20051,2021-03-06 01:55:56.058025472,415.01016,0.0
2021-03-06,13.024673,109.13662,2021-03-06 01:55:56.229016320,415.85632,0.0
2021-03-06,13.033148,109.14941,2021-03-06 01:55:56.256012800,414.59723,0.0
2021-03-06,13.041661,109.162186,2021-03-06 01:55:56.283009024,415.62927,0.0
2021-03-06,13.050187,109.17495,2021-03-06 01:55:56.310005504,416.91345,0.0
2021-03-06,13.058752,109.18768,2021-03-06 01:55:56.337001728,416.36844,0.0
2021-03-06,13.067342,109.2004,2021-03-06 01:55:56.363998464,416.12573,0.0
2021-03-06,13.084598,109.22578,2021-03-06 01:55:56.417991168,415.85397,0.0
2021-03-06,13.007992,109.1493,2021-03-06 01:55:56.562991360,416.1985,0.0
2021-03-06,13.016484,109.162125,2021-03-06 01:55:56.589987840,415.90723,0.0
2021-03-06,13.024999,109.17492,2021-03-06 01:55:56.617024512,415.8947,0.0
2021-03-06,13.033527,109.1877,2021-03-06 01:55:56.644020992,416.00024,0.0
2021-03-06,13.042088,109.20045,2021-03-06 01:55:56.671017472,415.2692,0.0
2021-03-06,13.050669,109.213165,2021-03-06 01:55:56.698013696,416.22263,0.0
2021-03-06,13.059275,109.22586,2021-03-06 01:55:56.725010432,414.1743,0.0
2021-03-06,13.067907,109.23853,2021-03-06 01:55:56.752006656,416.4923,0.0
2021-03-06,13.00826,109.18756,2021-03-06 01:55:56.949993984,416.1109,0.0
2021-03-06,13.01679,109.20032,2021-03-06 01:55:56.976990464,416.21204,0.0
2021-03-06,13.025347,109.21305,2021-03-06 01:55:57.004027136,415.66486,0.0
2021-03-06,13.033927,109.22577,2021-03-06 01:55:57.031023616,415.72464,0.0
2021-03-06,13.042533,109.23846,2021-03-06 01:55:57.058019840,416.87607,0.0
2021-03-06,13.051169,109.25114,2021-03-06 01:55:57.085016320,415.5664,0.0
2021-03-06,12.983059,109.187454,2021-03-06 01:55:57.256007168,414.98264,0.0
2021-03-06,12.991565,109.20023,2021-03-06 01:55:57.283003648,415.20255,0.0
2021-03-06,13.025827,109.25114,2021-03-06 01:55:57.390989312,415.9811,0.0
2021-03-06,13.034456,109.26381,2021-03-06 01:55:57.418025984,416.6185,0.0
2021-03-06,12.95786,109.1873,2021-03-06 01:55:57.563026176,416.1948,0.0
2021-03-06,12.966351,109.20012,2021-03-06 01:55:57.590022656,416.25525,0.0
2021-03-06,12.974865,109.212906,2021-03-06 01:55:57.617019136,414.6055,0.0
2021-03-06,12.983403,109.22568,2021-03-06 01:55:57.644015616,416.05908,0.0
2021-03-06,13.000547,109.251144,2021-03-06 01:55:57.698008576,414.37445,0.0
2021-03-06,13.009155,109.26384,2021-03-06 01:55:57.725004800,414.25443,0.0
2021-03-06,12.941171,109.19999,2021-03-06 01:55:57.895995648,416.04095,0.0
2021-03-06,12.958139,109.22554,2021-03-06 01:55:57.949988608,416.0544,0.0
2021-03-06,12.966661,109.23829,2021-03-06 01:55:57.977025280,415.39166,0.0
2021-03-06,12.975207,109.251015,2021-03-06 01:55:58.004021760,416.9858,0.0
2021-03-06,12.983779,109.26372,2021-03-06 01:55:58.031017984,415.63712,0.0
2021-03-06,12.992375,109.2764,2021-03-06 01:55:58.058014464,415.5233,0.0
2021-03-06,13.00101,109.28908,2021-03-06 01:55:58.085010944,416.20166,0.0
2021-03-06,12.9244375,109.212585,2021-03-06 01:55:58.229005312,416.77853,0.0
2021-03-06,12.932925,109.225395,2021-03-06 01:55:58.256001792,416.1911,0.0
2021-03-06,12.941441,109.23819,2021-03-06 01:55:58.282998016,416.2146,0.0
2021-03-06,12.949983,109.25098,2021-03-06 01:55:58.309994752,416.05765,0.0
2021-03-06,12.958549,109.26373,2021-03-06 01:55:58.336990976,415.39862,0.0
2021-03-06,12.967141,109.276474,2021-03-06 01:55:58.363987456,415.27484,0.0
2021-03-06,12.975758,109.289185,2021-03-06 01:55:58.391024128,415.61832,0.0
2021-03-06,12.984402,109.30189,2021-03-06 01:55:58.418020608,415.6576,0.0
2021-03-06,12.907802,109.22538,2021-03-06 01:55:58.563020800,416.63654,0.0
2021-03-06,12.916274,109.238174,2021-03-06 01:55:58.590017280,415.96732,0.0
2021-03-06,12.924774,109.25095,2021-03-06 01:55:58.617013760,415.9055,0.0
2021-03-06,12.933299,109.26371,2021-03-06 01:55:58.644009984,415.88284,0.0
2021-03-06,12.941851,109.27644,2021-03-06 01:55:58.671006720,415.6836,0.0
2021-03-06,12.950434,109.289154,2021-03-06 01:55:58.698002944,415.49545,0.0
2021-03-06,12.959036,109.30183,2021-03-06 01:55:58.724999424,415.12857,0.0
2021-03-06,12.967672,109.31451,2021-03-06 01:55:58.751995904,415.08417,0.0
2021-03-06,12.891089,109.23798,2021-03-06 01:55:58.895990272,416.12665,0.0
2021-03-06,12.925165,109.289085,2021-03-06 01:55:59.004016128,416.27246,0.0
2021-03-06,12.933741,109.301796,2021-03-06 01:55:59.031012608,415.45374,0.0
2021-03-06,12.94234,109.31449,2021-03-06 01:55:59.058009088,414.25314,0.0
2021-03-06,12.950964,109.32717,2021-03-06 01:55:59.085005568,415.51828,0.0
2021-03-06,12.882851,109.26342,2021-03-06 01:55:59.255996160,415.17123,0.0
2021-03-06,12.891342,109.27619,2021-03-06 01:55:59.282992896,415.39435,0.0
2021-03-06,12.899851,109.28896,2021-03-06 01:55:59.309989120,416.6414,0.0
2021-03-06,12.916994,109.31442,2021-03-06 01:55:59.364022272,415.53894,0.0
2021-03-06,12.925609,109.32715,2021-03-06 01:55:59.391018752,416.41632,0.0
2021-03-06,12.934248,109.339836,2021-03-06 01:55:59.418015232,416.73016,0.0
2021-03-06,12.85771,109.26334,2021-03-06 01:55:59.563015424,414.99115,0.0
2021-03-06,12.866178,109.27613,2021-03-06 01:55:59.590011904,415.60074,0.0
2021-03-06,12.874679,109.2889,2021-03-06 01:55:59.617008128,415.58957,0.0
2021-03-06,12.883192,109.30164,2021-03-06 01:55:59.644004864,414.28537,0.0
2021-03-06,12.891731,109.31438,2021-03-06 01:55:59.671001088,415.58347,0.0
2021-03-06,12.90031,109.327095,2021-03-06 01:55:59.697997568,415.45654,0.0
2021-03-06,12.9089155,109.3398,2021-03-06 01:55:59.724994048,414.224,0.0
2021-03-06,12.917562,109.35251,2021-03-06 01:55:59.751990272,414.59464,0.0
2021-03-06,12.841065,109.27606,2021-03-06 01:55:59.896025088,416.06232,0.0
2021-03-06,12.849524,109.28884,2021-03-06 01:55:59.923021568,416.2739,0.0
2021-03-06,12.858013,109.301605,2021-03-06 01:55:59.950018048,415.67838,0.0
2021-03-06,12.8665285,109.314354,2021-03-06 01:55:59.977014272,415.89334,0.0
2021-03-06,12.87507,109.32707,2021-03-06 01:56:00.004010752,415.5294,0.0
2021-03-06,12.883639,109.339775,2021-03-06 01:56:00.031007232,415.2732,0.0
2021-03-06,12.892237,109.35247,2021-03-06 01:56:00.058003712,415.65063,0.0
2021-03-06,12.900868,109.365166,2021-03-06 01:56:00.084999936,415.85654,0.0
2021-03-06,12.824325,109.288704,2021-03-06 01:56:00.228994304,417.31696,0.0
2021-03-06,12.832782,109.30149,2021-03-06 01:56:00.255991040,416.39157,0.0
2021-03-06,12.841274,109.31426,2021-03-06 01:56:00.282987264,415.73807,0.0
2021-03-06,12.849783,109.326996,2021-03-06 01:56:00.310023936,415.6189,0.0
2021-03-06,12.858315,109.33973,2021-03-06 01:56:00.337020416,415.70926,0.0
2021-03-06,12.86688,109.35244,2021-03-06 01:56:00.364016896,415.33844,0.0
2021-03-06,12.875474,109.36513,2021-03-06 01:56:00.391013376,415.06213,0.0
2021-03-06,12.884103,109.377815,2021-03-06 01:56:00.418009856,414.71042,0.0
2021-03-06,12.816032,109.31407,2021-03-06 01:56:00.590006272,416.2866,0.0
2021-03-10,15.070189,107.64235,2021-03-10 00:22:07.752001536,415.6677,0.0
2021-03-10,14.993286,107.56617,2021-03-10 00:22:07.895996160,416.97147,0.0
2021-03-10,15.036266,107.62991,2021-03-10 00:22:08.031018240,414.7292,0.0
2021-03-10,14.976703,107.579155,2021-03-10 00:22:08.229005568,415.16476,0.0
2021-03-10,14.99379,107.60473,2021-03-10 00:22:08.282998528,416.60394,0.0
2021-03-10,15.019659,107.64291,2021-03-10 00:22:08.363987968,414.29022,0.0
2021-03-10,15.028328,107.655594,2021-03-10 00:22:08.391024640,414.52362,0.0
2021-03-10,15.037024,107.66826,2021-03-10 00:22:08.418020864,417.18204,0.0
2021-03-10,14.960079,107.59205,2021-03-10 00:22:08.563021056,417.02252,0.0
2021-03-10,14.968608,107.60484,2021-03-10 00:22:08.590017536,416.51517,0.0
2021-03-10,15.0116825,107.66851,2021-03-10 00:22:08.724999680,415.6443,0.0
2021-03-10,15.020384,107.68119,2021-03-10 00:22:08.751996160,416.68835,0.0
2021-03-10,14.986497,107.668816,2021-03-10 00:22:09.031013120,415.09177,0.0
2021-03-10,14.995175,107.68156,2021-03-10 00:22:09.058009344,417.55292,0.0
2021-03-10,15.003871,107.69423,2021-03-10 00:22:09.085005824,417.1699,0.0
2021-03-10,14.935463,107.63069,2021-03-10 00:22:09.255996672,416.8079,0.0
2021-03-10,14.944014,107.643456,2021-03-10 00:22:09.282993152,417.22348,0.0
2021-03-10,14.952601,107.65622,2021-03-10 00:22:09.309989376,417.0217,0.0
2021-03-10,14.961216,107.66895,2021-03-10 00:22:09.337026048,416.56482,0.0
2021-03-10,14.969855,107.68168,2021-03-10 00:22:09.364022784,417.7852,0.0
2021-03-10,14.978525,107.69439,2021-03-10 00:22:09.391019008,417.4343,0.0
2021-03-10,14.987226,107.70708,2021-03-10 00:22:09.418015488,416.39154,0.0
2021-03-10,14.910264,107.630775,2021-03-10 00:22:09.563015680,416.1162,0.0
2021-03-10,14.918813,107.64356,2021-03-10 00:22:09.590012160,419.67328,0.0
2021-03-10,14.927359,107.65633,2021-03-10 00:22:09.617008640,418.49997,0.0
2021-03-10,14.935949,107.66907,2021-03-10 00:22:09.644005120,416.8312,0.0
2021-03-10,14.944554,107.6818,2021-03-10 00:22:09.671001344,418.50824,0.0
2021-03-10,14.96187,107.70725,2021-03-10 00:22:09.724994304,416.15552,0.0
2021-03-10,14.970568,107.71995,2021-03-10 00:22:09.751990784,416.08496,0.0
2021-03-10,14.893592,107.64369,2021-03-10 00:22:09.896025344,416.74408,0.0
2021-03-10,14.902156,107.6565,2021-03-10 00:22:09.923021824,417.40274,0.0
2021-03-10,14.910733,107.66927,2021-03-10 00:22:09.950018048,417.18497,0.0
2021-03-10,14.919326,107.68203,2021-03-10 00:22:09.977014528,416.5046,0.0
2021-03-10,14.927949,107.694756,2021-03-10 00:22:10.004011264,417.00247,0.0
2021-03-10,14.936591,107.707466,2021-03-10 00:22:10.031007488,416.45212,0.0
2021-03-10,14.945264,107.72017,2021-03-10 00:22:10.058003968,416.49896,0.0
2021-03-10,14.953968,107.73286,2021-03-10 00:22:10.085000448,416.09024,0.0
2021-03-10,14.87706,107.65674,2021-03-10 00:22:10.228994816,416.525,0.0
2021-03-10,14.88562,107.66958,2021-03-10 00:22:10.255991296,415.5061,0.0
2021-03-10,14.902799,107.6951,2021-03-10 00:22:10.310024192,416.31335,0.0
2021-03-10,14.911417,107.707825,2021-03-10 00:22:10.337020928,416.5644,0.0
2021-03-10,14.920061,107.72053,2021-03-10 00:22:10.364017152,416.54984,0.0
2021-03-10,14.92873,107.7332,2021-03-10 00:22:10.391013632,416.4022,0.0
2021-03-10,14.937413,107.74583,2021-03-10 00:22:10.418010112,416.50198,0.0
2021-03-10,14.843761,107.68231,2021-03-10 00:22:10.896019968,417.16812,0.0
2021-03-10,14.852319,107.69514,2021-03-10 00:22:10.923016192,416.25937,0.0
2021-03-10,14.860898,107.70793,2021-03-10 00:22:10.950012672,416.3288,0.0
2021-03-10,14.878135,107.73346,2021-03-10 00:22:11.004005632,418.37555,0.0
2021-03-10,14.827175,107.695274,2021-03-10 00:22:11.228989440,415.84705,0.0
2021-03-10,14.835718,107.708084,2021-03-10 00:22:11.256026112,416.38538,0.0
2021-03-10,14.852892,107.7336,2021-03-10 00:22:11.310019072,415.81265,0.0
2021-03-10,14.810525,107.70809,2021-03-10 00:22:11.563004928,415.6834,0.0
2021-03-10,14.819073,107.72091,2021-03-10 00:22:11.590001408,417.84692,0.0
2021-03-10,14.836242,107.746475,2021-03-10 00:22:11.643994112,416.5729,0.0
2021-03-10,14.777398,107.733955,2021-03-10 00:22:12.229024256,416.17,0.0
2021-03-10,14.794522,107.75951,2021-03-10 00:22:12.283017216,417.3979,0.0
2021-03-10,14.795021,107.79785,2021-03-10 00:22:12.671025152,418.29532,0.0
2021-03-10,14.744096,107.75974,2021-03-10 00:22:12.896008960,418.92834,0.0
2021-03-10,14.769829,107.798065,2021-03-10 00:22:12.976998400,415.26627,0.0
2021-03-10,14.778425,107.81078,2021-03-10 00:22:13.003994880,417.9578,0.0
2021-03-10,14.787051,107.82348,2021-03-10 00:22:13.030991360,417.35934,0.0
2021-03-10,14.79571,107.83619,2021-03-10 00:22:13.057987584,418.79672,0.0
2021-03-10,14.804399,107.84886,2021-03-10 00:22:13.085024256,417.2928,0.0
2021-03-10,14.727494,107.772606,2021-03-10 00:22:13.229018624,418.8743,0.0
2021-03-10,14.736079,107.78542,2021-03-10 00:22:13.256015360,419.44272,0.0
2021-03-10,14.74462,107.798195,2021-03-10 00:22:13.283011584,422.4742,0.0
2021-03-10,14.753213,107.810936,2021-03-10 00:22:13.310008064,417.1368,0.0
2021-03-10,14.7618065,107.82367,2021-03-10 00:22:13.337004544,419.20825,0.0
2021-03-10,14.770431,107.836395,2021-03-10 00:22:13.364000768,419.61835,0.0
2021-03-10,14.779086,107.84909,2021-03-10 00:22:13.390997504,417.39536,0.0
2021-03-10,14.78777,107.86177,2021-03-10 00:22:13.417993728,417.12646,0.0
2021-03-10,14.71086,107.785515,2021-03-10 00:22:13.562993920,415.718,0.0
2021-03-10,14.719412,107.798325,2021-03-10 00:22:13.589990400,418.51007,0.0
2021-03-10,14.727986,107.81111,2021-03-10 00:22:13.616986624,418.52826,0.0
2021-03-10,14.753834,107.849335,2021-03-10 00:22:13.698016512,416.90964,0.0
2021-03-10,14.762488,107.862015,2021-03-10 00:22:13.725012736,415.63904,0.0
2021-03-10,14.771171,107.874695,2021-03-10 00:22:13.752009472,417.27945,0.0
2021-03-10,14.694254,107.79842,2021-03-10 00:22:13.896003840,417.7879,0.0
2021-03-10,14.702788,107.81123,2021-03-10 00:22:13.923000064,417.33282,0.0
2021-03-10,14.711368,107.82403,2021-03-10 00:22:13.949996544,416.21185,0.0
2021-03-10,14.719972,107.83679,2021-03-10 00:22:13.976993024,416.02725,0.0
2021-03-10,14.728599,107.84954,2021-03-10 00:22:14.003989504,416.1929,0.0
2021-03-10,14.73725,107.86227,2021-03-10 00:22:14.031026176,416.91144,0.0
2021-03-10,14.745925,107.87496,2021-03-10 00:22:14.058022400,416.41925,0.0
2021-03-10,14.754607,107.88763,2021-03-10 00:22:14.085018880,416.66275,0.0
2021-03-10,14.677681,107.8114,2021-03-10 00:22:14.229013504,417.37955,0.0
2021-03-10,14.686212,107.8242,2021-03-10 00:22:14.256009728,415.89493,0.0
2021-03-10,14.694776,107.836975,2021-03-10 00:22:14.283006208,416.27704,0.0
2021-03-10,14.70336,107.84971,2021-03-10 00:22:14.310002688,415.69852,0.0
2021-03-10,14.711968,107.86242,2021-03-10 00:22:14.336998912,416.25943,0.0
2021-03-10,14.7206,107.87509,2021-03-10 00:22:14.363995648,415.62454,0.0
2021-03-10,14.729252,107.887764,2021-03-10 00:22:14.390991872,418.3431,0.0
2021-03-10,14.661008,107.82411,2021-03-10 00:22:14.562988544,417.52304,0.0
2021-03-10,14.6695385,107.83692,2021-03-10 00:22:14.590025216,416.73724,0.0
2021-03-10,14.678104,107.8497,2021-03-10 00:22:14.617021440,416.33035,0.0
2021-03-10,14.686693,107.862465,2021-03-10 00:22:14.644018176,416.7238,0.0
2021-03-10,14.703949,107.88792,2021-03-10 00:22:14.698010880,416.09036,0.0
2021-03-10,14.644432,107.83708,2021-03-10 00:22:14.895998208,416.82962,0.0
2021-03-10,14.652973,107.84988,2021-03-10 00:22:14.922994688,415.74164,0.0
2021-03-10,14.661536,107.862656,2021-03-10 00:22:14.949991168,417.80994,0.0
2021-03-10,14.670129,107.8754,2021-03-10 00:22:14.976987648,416.21555,0.0
2021-03-10,14.678727,107.88812,2021-03-10 00:22:15.004024320,417.89825,0.0
2021-03-10,14.687354,107.900826,2021-03-10 00:22:15.031020544,416.73636,0.0
2021-03-10,14.6278305,107.849945,2021-03-10 00:22:15.229007872,417.67374,0.0
2021-03-10,14.636379,107.862755,2021-03-10 00:22:15.256004352,417.41714,0.0
2021-03-10,14.662107,107.901,2021-03-10 00:22:15.336993792,417.8293,0.0
2021-03-10,14.67073,107.9137,2021-03-10 00:22:15.363990016,417.86996,0.0
2021-03-10,14.688043,107.93903,2021-03-10 00:22:15.418023168,418.46835,0.0
2021-03-10,14.611143,107.86276,2021-03-10 00:22:15.563023360,418.16537,0.0
2021-03-10,14.619692,107.87557,2021-03-10 00:22:15.590019584,418.10532,0.0
2021-03-10,14.628275,107.88837,2021-03-10 00:22:15.617016320,416.84204,0.0
2021-03-10,14.636866,107.90114,2021-03-10 00:22:15.644012800,416.40558,0.0
2021-03-10,14.645486,107.91388,2021-03-10 00:22:15.671009024,416.5587,0.0
2021-03-10,14.654118,107.92659,2021-03-10 00:22:15.698005760,416.65442,0.0
2021-03-10,14.662774,107.939285,2021-03-10 00:22:15.725001984,417.39783,0.0
2021-03-10,14.671455,107.95196,2021-03-10 00:22:15.751998464,417.0369,0.0
2021-03-10,14.594533,107.87564,2021-03-10 00:22:15.895992832,417.3828,0.0
2021-03-10,14.611633,107.901215,2021-03-10 00:22:15.950025984,416.7158,0.0
2021-03-10,14.620222,107.91396,2021-03-10 00:22:15.977022464,416.9494,0.0
2021-03-10,14.628835,107.92669,2021-03-10 00:22:16.004018688,417.05875,0.0
2021-03-10,14.637469,107.93938,2021-03-10 00:22:16.031015168,415.72247,0.0
2021-03-10,14.646122,107.95205,2021-03-10 00:22:16.058011648,416.33572,0.0
2021-03-10,14.577925,107.88852,2021-03-10 00:22:16.229002496,417.9947,0.0
2021-03-10,14.586462,107.90133,2021-03-10 00:22:16.255998976,416.65057,0.0
2021-03-10,14.595023,107.914116,2021-03-10 00:22:16.282995200,416.59888,0.0
2021-03-10,14.603606,107.92688,2021-03-10 00:22:16.309991936,416.57883,0.0
2021-03-10,14.612216,107.93961,2021-03-10 00:22:16.336988160,416.41626,0.0
2021-03-10,14.620848,107.952324,2021-03-10 00:22:16.364024832,418.83243,0.0
2021-03-10,14.629503,107.96502,2021-03-10 00:22:16.391021312,417.5932,0.0
2021-03-10,14.638182,107.977684,2021-03-10 00:22:16.418017792,417.25565,0.0
2021-03-10,14.544682,107.91427,2021-03-10 00:22:16.895987456,417.8924,0.0
2021-03-10,14.553204,107.927055,2021-03-10 00:22:16.923024128,417.25726,0.0
2021-03-10,14.561751,107.93983,2021-03-10 00:22:16.950020608,416.95935,0.0
2021-03-10,14.57892,107.96528,2021-03-10 00:22:17.004013312,417.75085,0.0
2021-03-10,14.587532,107.97797,2021-03-10 00:22:17.031009792,419.63522,0.0
2021-03-10,14.596172,107.990654,2021-03-10 00:22:17.058006272,418.7101,0.0
2021-03-10,14.604855,108.00332,2021-03-10 00:22:17.085002752,414.8104,0.0
2021-03-10,14.536589,107.93994,2021-03-10 00:22:17.255993344,417.10846,0.0
2021-03-10,14.545155,107.95273,2021-03-10 00:22:17.282990080,417.64,0.0
2021-03-10,14.553743,107.965485,2021-03-10 00:22:17.309986304,418.3253,0.0
2021-03-10,14.562351,107.97822,2021-03-10 00:22:17.337022976,419.5588,0.0
2021-03-10,14.570986,107.99093,2021-03-10 00:22:17.364019456,416.78122,0.0
2021-03-10,14.579645,108.00363,2021-03-10 00:22:17.391015936,416.6794,0.0
2021-03-10,14.511443,107.94002,2021-03-10 00:22:17.563012608,418.64078,0.0
2021-03-10,14.51998,107.95282,2021-03-10 00:22:17.590009088,416.32135,0.0
2021-03-10,14.528537,107.9656,2021-03-10 00:22:17.617005312,416.7823,0.0
2021-03-10,14.554343,108.00379,2021-03-10 00:22:17.697994752,416.65387,0.0
2021-03-10,14.571653,108.02912,2021-03-10 00:22:17.752027648,417.45724,0.0
2021-03-10,14.494735,107.95282,2021-03-10 00:22:17.896022272,416.57443,0.0
2021-03-10,14.503267,107.965614,2021-03-10 00:22:17.923018752,416.85614,0.0
2021-03-10,14.511823,107.978386,2021-03-10 00:22:17.950014976,417.4952,0.0
2021-03-10,14.520404,107.991135,2021-03-10 00:22:17.977011456,417.6238,0.0
2021-03-10,14.529004,108.00386,2021-03-10 00:22:18.004007936,418.20355,0.0
2021-03-10,14.537631,108.01656,2021-03-10 00:22:18.031004416,417.32947,0.0
2021-03-10,14.486717,107.97858,2021-03-10 00:22:18.255988224,416.16763,0.0
2021-03-10,14.495277,107.99134,2021-03-10 00:22:18.283024896,417.89062,0.0
2021-03-10,14.512452,108.01679,2021-03-10 00:22:18.337017600,417.0975,0.0
2021-03-10,14.529715,108.04212,2021-03-10 00:22:18.391010560,419.92932,0.0
2021-03-10,14.538385,108.05477,2021-03-10 00:22:18.418006784,417.5518,0.0
2021-03-10,14.46149,107.978485,2021-03-10 00:22:18.563007232,418.3752,0.0
2021-03-10,14.470014,107.99129,2021-03-10 00:22:18.590003456,417.40118,0.0
2021-03-10,14.478565,108.00406,2021-03-10 00:22:18.617000192,416.37277,0.0
2021-03-10,14.48714,108.016815,2021-03-10 00:22:18.643996416,416.91632,0.0
2021-03-10,14.495732,108.02955,2021-03-10 00:22:18.670992896,417.58264,0.0
2021-03-10,14.504363,108.04226,2021-03-10 00:22:18.697989120,417.79828,0.0
2021-03-10,14.51302,108.054955,2021-03-10 00:22:18.725025792,418.6038,0.0
2021-03-10,14.521699,108.06762,2021-03-10 00:22:18.752022272,418.38364,0.0
2021-03-10,14.444853,107.99136,2021-03-10 00:22:18.896016896,417.2799,0.0
2021-03-10,14.453389,108.00416,2021-03-10 00:22:18.923013120,417.18115,0.0
2021-03-10,14.4619465,108.01694,2021-03-10 00:22:18.950009600,418.3688,0.0
2021-03-10,14.470526,108.029686,2021-03-10 00:22:18.977006080,417.0817,0.0
2021-03-10,14.47913,108.04242,2021-03-10 00:22:19.004002560,417.25955,0.0
2021-03-10,14.487756,108.055115,2021-03-10 00:22:19.030999040,416.97464,0.0
2021-03-10,14.4964075,108.0678,2021-03-10 00:22:19.057995264,416.8915,0.0
2021-03-10,14.505083,108.08047,2021-03-10 00:22:19.084992000,415.94833,0.0
2021-03-10,14.436752,108.01693,2021-03-10 00:22:19.256023040,417.04724,0.0
2021-03-10,14.445309,108.02971,2021-03-10 00:22:19.283019264,417.01346,0.0
2021-03-10,14.45389,108.04247,2021-03-10 00:22:19.310015744,416.97574,0.0
2021-03-10,14.462499,108.055214,2021-03-10 00:22:19.337012224,416.27292,0.0
2021-03-10,14.488447,108.09328,2021-03-10 00:22:19.418001408,417.80643,0.0
2021-03-10,14.420119,108.02983,2021-03-10 00:22:19.589998336,417.4875,0.0
2021-03-10,14.428668,108.042595,2021-03-10 00:22:19.616994560,416.16043,0.0
2021-03-10,14.437238,108.05534,2021-03-10 00:22:19.643991040,416.6365,0.0
2021-03-10,14.41205,108.05545,2021-03-10 00:22:19.950004224,417.39984,0.0
2021-03-10,14.421159,108.106476,2021-03-10 00:22:20.364003072,418.73865,0.0
2021-03-10,14.379315,108.11947,2021-03-10 00:22:21.003991552,414.4926,0.0
2021-03-10,14.322029,108.221664,2021-03-10 00:22:22.752000768,408.7592,0.0
2021-03-10,14.288056,108.20907,2021-03-10 00:22:23.031017472,410.5133,0.0
2021-03-10,14.237133,108.171074,2021-03-10 00:22:23.256001280,404.6821,0.0
2021-03-10,14.013603,108.439575,2021-03-10 00:22:28.725011712,416.99606,0.0
2021-03-10,14.022255,108.45223,2021-03-10 00:22:28.752008448,418.25687,0.0
2021-03-10,13.971132,108.41425,2021-03-10 00:22:28.976992256,418.6095,0.0
2021-03-10,13.988315,108.4397,2021-03-10 00:22:29.031025152,414.8829,0.0
2021-03-10,13.996958,108.45238,2021-03-10 00:22:29.058021632,414.61652,0.0
2021-03-10,14.005616,108.465034,2021-03-10 00:22:29.085018112,414.6371,0.0
2021-03-10,13.954442,108.42698,2021-03-10 00:22:29.310001920,417.0367,0.0
2021-03-10,13.971638,108.452415,2021-03-10 00:22:29.363994624,417.1916,0.0
2021-03-10,13.980277,108.4651,2021-03-10 00:22:29.390990848,413.5798,0.0
2021-03-10,13.988943,108.47777,2021-03-10 00:22:29.417987328,413.09827,0.0
2021-03-10,13.912198,108.40152,2021-03-10 00:22:29.562987776,416.6579,0.0
2021-03-10,13.920703,108.414314,2021-03-10 00:22:29.590024448,416.80078,0.0
2021-03-10,13.92923,108.42709,2021-03-10 00:22:29.617020928,417.367,0.0
2021-03-10,13.904057,108.42708,2021-03-10 00:22:29.922993664,415.57187,0.0
2021-03-10,13.912583,108.43985,2021-03-10 00:22:29.949990400,414.05652,0.0
2021-03-10,13.504337,108.77148,2021-03-10 00:22:38.309993216,416.00125,0.0
2021-03-10,13.479154,108.77151,2021-03-10 00:22:38.617012224,415.914,0.0
2021-03-22,10.24268,106.74242,2021-03-22 09:01:17.031004416,416.07837,0.0
2021-03-22,10.573032,107.0802,2021-03-22 09:01:25.896013824,415.3945,0.0
2021-03-22,10.127545,106.459854,2021-03-22 09:01:33.725019648,415.73004,0.0
2021-03-22,10.144279,106.47231,2021-03-22 09:01:34.057989120,415.3731,0.0
2021-03-22,10.105138,106.50228,2021-03-22 09:01:34.310009600,415.59348,0.0
2021-03-22,10.123822,106.496475,2021-03-22 09:01:34.337005824,415.4443,0.0
2021-03-22,10.228094,106.53461,2021-03-22 09:01:35.725008896,415.8002,0.0
2021-03-22,10.222429,106.58952,2021-03-22 09:01:36.644014080,415.8492,0.0
2021-03-22,10.313533,106.57862,2021-03-22 09:01:37.085009664,415.2462,0.0
2021-03-22,10.293129,106.602875,2021-03-22 09:01:37.363985920,415.11368,0.0
2021-03-22,10.311772,106.59699,2021-03-22 09:01:37.391022592,415.393,0.0
2021-03-22,10.330385,106.591064,2021-03-22 09:01:37.418019328,415.25714,0.0
2021-03-22,10.30987,106.61533,2021-03-22 09:01:37.698001664,414.5389,0.0
2021-03-22,10.307939,106.63363,2021-03-22 09:01:38.004014848,414.52148,0.0
2021-03-22,10.326588,106.62779,2021-03-22 09:01:38.031011072,415.1811,0.0
2021-03-22,10.345217,106.62191,2021-03-22 09:01:38.058007808,414.63736,0.0
2021-03-22,10.287294,106.65764,2021-03-22 09:01:38.282991360,415.23828,0.0
2021-03-22,10.3167095,106.71887,2021-03-22 09:01:39.563008512,413.80148,0.0
2021-03-22,10.350146,106.74382,2021-03-22 09:01:40.228987648,414.27927,0.0
2021-03-22,10.368883,106.73816,2021-03-22 09:01:40.256024320,414.29175,0.0
2021-03-22,10.366872,106.75631,2021-03-22 09:01:40.563003136,414.4829,0.0
2021-03-22,10.38561,106.750656,2021-03-22 09:01:40.589999616,414.42944,0.0
2021-03-22,10.404326,106.74496,2021-03-22 09:01:40.616996096,414.4766,0.0
2021-03-22,10.229094,106.3629,2021-03-22 09:01:54.752023040,414.89044,0.0
2021-03-22,10.153426,106.44924,2021-03-22 09:01:55.229027072,416.33054,0.0
2021-03-22,10.231588,106.40542,2021-03-22 09:01:55.364009216,414.3921,0.0
2021-03-22,10.279266,106.4003,2021-03-22 09:01:55.752017408,415.0965,0.0
2021-03-22,10.218422,106.4567,2021-03-22 09:01:55.950004736,414.78513,0.0
2021-03-22,10.2340765,106.447945,2021-03-22 09:01:55.977001216,414.8122,0.0
2021-03-22,10.280687,106.42158,2021-03-22 09:01:56.057990656,415.607,0.0
2021-03-22,10.296117,106.41277,2021-03-22 09:01:56.084986880,415.386,0.0
2021-03-22,10.203759,106.48665,2021-03-22 09:01:56.229021440,416.1038,0.0
2021-03-22,10.267457,106.47287,2021-03-22 09:01:56.644026368,416.16043,0.0
2021-03-22,10.347537,106.47143,2021-03-22 09:01:57.390994688,415.2655,0.0
2021-03-22,10.364268,106.48393,2021-03-22 09:01:57.725010176,414.39096,0.0
2021-03-22,10.379702,106.47513,2021-03-22 09:01:57.752006656,414.51437,0.0
2021-03-22,10.318768,106.531525,2021-03-22 09:01:57.949993728,416.25702,0.0
2021-03-22,10.349987,106.51399,2021-03-22 09:01:58.004026880,415.63205,0.0
2021-03-22,10.3655205,106.50521,2021-03-22 09:01:58.031023616,415.216,0.0
2021-03-22,10.396438,106.48761,2021-03-22 09:01:58.085016320,414.7273,0.0
2021-03-22,10.319816,106.552734,2021-03-22 09:01:58.256007168,415.5525,0.0
2021-03-22,10.335501,106.54401,2021-03-22 09:01:58.283003648,415.43225,0.0
2021-03-22,10.351137,106.53525,2021-03-22 09:01:58.309999872,415.59592,0.0
2021-03-22,10.397739,106.5089,2021-03-22 09:01:58.390989312,414.8846,0.0
2021-03-22,10.413174,106.50009,2021-03-22 09:01:58.418025984,414.37488,0.0
2021-03-22,10.367872,106.54774,2021-03-22 09:01:58.644015616,415.14612,0.0
2021-03-22,10.383457,106.53896,2021-03-22 09:01:58.671011840,415.2032,0.0
2021-03-22,10.398992,106.53018,2021-03-22 09:01:58.698008320,415.04272,0.0
2021-03-22,10.414475,106.521385,2021-03-22 09:01:58.725004800,414.10913,0.0
2021-03-22,10.429911,106.51258,2021-03-22 09:01:58.752001280,414.7219,0.0
2021-03-22,10.353281,106.57772,2021-03-22 09:01:58.922991872,414.90662,0.0
2021-03-22,10.368969,106.568985,2021-03-22 09:01:58.949988352,415.2538,0.0
2021-03-22,10.384605,106.56023,2021-03-22 09:01:58.977025024,415.0711,0.0
2021-03-22,10.400191,106.55145,2021-03-22 09:01:59.004021760,415.85974,0.0
2021-03-22,10.415727,106.54267,2021-03-22 09:01:59.031017984,415.09116,0.0
2021-03-22,10.446646,106.52507,2021-03-22 09:01:59.085010944,414.91455,0.0
2021-03-22,10.354271,106.59895,2021-03-22 09:01:59.229005312,414.00195,0.0
2021-03-22,10.370012,106.59022,2021-03-22 09:01:59.256001792,415.302,0.0
2021-03-22,10.447945,106.546364,2021-03-22 09:01:59.391024128,415.2559,0.0
2021-03-22,10.386742,106.60271,2021-03-22 09:01:59.590017280,415.28778,0.0
2021-03-22,10.387729,106.623924,2021-03-22 09:01:59.895990016,414.80136,0.0
2021-03-22,10.4993725,106.60511,2021-03-22 09:02:00.697997568,414.9867,0.0
2021-03-22,10.514858,106.59632,2021-03-22 09:02:00.724994048,415.60687,0.0
2021-03-22,10.530294,106.58752,2021-03-22 09:02:00.751990272,415.80734,0.0
2021-03-22,10.50056,106.62637,2021-03-22 09:02:01.004010752,416.32065,0.0
2021-03-22,10.531582,106.608795,2021-03-22 09:02:01.058003712,414.98767,0.0
2021-03-22,10.548304,106.62129,2021-03-22 09:02:01.391013120,414.8193,0.0
2021-03-22,10.549537,106.64258,2021-03-22 09:02:01.697992192,414.83163,0.0
2021-03-22,10.565023,106.63378,2021-03-22 09:02:01.724988416,414.50668,0.0
2021-03-22,10.26869,106.36621,2021-03-22 09:02:20.562987264,414.24307,0.0
2021-03-22,10.291539,106.363266,2021-03-22 09:02:20.922993408,415.11816,0.0
2021-03-22,10.302172,106.39117,2021-03-22 09:02:21.229006848,414.3393,0.0
2021-03-22,10.359795,106.35458,2021-03-22 09:02:22.004017664,415.30835,0.0
2021-03-22,10.365707,106.339264,2021-03-22 09:02:22.031013888,414.75546,0.0
2021-03-22,10.377388,106.30868,2021-03-22 09:02:22.085006592,414.61993,0.0
2021-03-22,10.388313,106.33644,2021-03-22 09:02:22.391020032,414.55972,0.0
2021-03-22,10.369123,106.44109,2021-03-22 09:02:22.563016704,413.55383,0.0
2021-03-22,10.381297,106.41027,2021-03-22 09:02:22.617009664,413.81216,0.0
2021-03-22,10.41001,106.39203,2021-03-22 09:02:23.004012032,415.19183,0.0
2021-03-22,10.402591,106.466064,2021-03-22 09:02:23.228995840,413.2534,0.0
2021-03-22,10.408705,106.45064,2021-03-22 09:02:23.255992064,413.9496,0.0
2021-03-22,10.420782,106.41986,2021-03-22 09:02:23.310025216,413.3372,0.0
2021-03-22,10.425436,106.46313,2021-03-22 09:02:23.590007808,414.15247,0.0
2021-03-22,10.4315,106.44772,2021-03-22 09:02:23.617004032,414.3248,0.0
2021-03-22,10.436051,106.49104,2021-03-22 09:02:23.896020992,414.35254,0.0
2021-03-22,10.442166,106.47562,2021-03-22 09:02:23.923017472,415.03958,0.0
2021-03-22,10.448232,106.46022,2021-03-22 09:02:23.950013952,414.12155,0.0
2021-03-22,10.460213,106.42949,2021-03-22 09:02:24.004006656,414.14774,0.0
2021-03-22,10.475623,106.5006,2021-03-22 09:02:24.590002176,413.7447,0.0
2021-03-22,10.481689,106.4852,2021-03-22 09:02:24.616998656,414.2038,0.0
2021-03-22,10.487705,106.46982,2021-03-22 09:02:24.643995392,414.6627,0.0
2021-03-22,10.505462,106.423836,2021-03-22 09:02:24.725024768,414.70303,0.0
2021-03-22,10.486232,106.52852,2021-03-22 09:02:24.896015616,415.09772,0.0
2021-03-22,10.492349,106.51309,2021-03-22 09:02:24.923012096,414.9324,0.0
2021-03-22,10.528009,106.42104,2021-03-22 09:02:25.084990464,415.39328,0.0
2021-03-22,10.502951,106.541016,2021-03-22 09:02:25.229025024,414.58807,0.0
2021-03-22,10.5090685,106.52559,2021-03-22 09:02:25.256021504,415.93484,0.0
2021-03-22,10.519672,106.55351,2021-03-22 09:02:25.563000320,415.14987,0.0
2021-03-22,10.525791,106.53808,2021-03-22 09:02:25.589996800,415.7844,0.0
2021-03-22,10.572366,106.4738,2021-03-22 09:02:26.057988608,415.38354,0.0
2021-03-22,10.565304,106.54767,2021-03-22 09:02:26.283012608,415.2402,0.0
2021-03-22,10.571325,106.532295,2021-03-22 09:02:26.310009088,416.1597,0.0
2021-03-22,10.577297,106.51694,2021-03-22 09:02:26.337005568,415.5831,0.0
2021-03-22,10.569842,106.59101,2021-03-22 09:02:26.562994944,415.04367,0.0
2021-03-22,10.575964,106.575584,2021-03-22 09:02:26.589991680,415.49078,0.0
2021-03-22,10.5880575,106.5448,2021-03-22 09:02:26.644024576,414.11926,0.0
2021-03-22,10.59403,106.52944,2021-03-22 09:02:26.671021056,414.9424,0.0
2021-03-22,10.599954,106.514114,2021-03-22 09:02:26.698017280,415.36383,0.0
2021-03-22,10.605829,106.4988,2021-03-22 09:02:26.725013760,415.81046,0.0
2021-03-22,10.604788,106.557304,2021-03-22 09:02:26.976994048,414.7473,0.0
2021-03-22,10.610762,106.541954,2021-03-22 09:02:27.003990528,415.014,0.0
2021-03-22,10.616687,106.52662,2021-03-22 09:02:27.031027200,415.3689,0.0
2021-03-22,10.622562,106.511314,2021-03-22 09:02:27.058023424,415.02518,0.0
2021-03-22,10.62839,106.496025,2021-03-22 09:02:27.085020160,415.00076,0.0
2021-03-22,10.603299,106.616035,2021-03-22 09:02:27.229014272,413.89523,0.0
2021-03-22,10.615496,106.5852,2021-03-22 09:02:27.283007232,414.90097,0.0
2021-03-22,10.621519,106.56982,2021-03-22 09:02:27.310003712,414.8794,0.0
2021-03-22,10.639297,106.52382,2021-03-22 09:02:27.390992896,414.75778,0.0
2021-03-22,10.645125,106.50853,2021-03-22 09:02:27.417989376,415.27216,0.0
2021-03-22,10.632228,106.59771,2021-03-22 09:02:27.617022720,414.37903,0.0
2021-03-22,10.638252,106.58233,2021-03-22 09:02:27.644019200,415.4906,0.0
2021-03-22,10.644228,106.56697,2021-03-22 09:02:27.671015424,415.6493,0.0
2021-03-22,10.656032,106.53633,2021-03-22 09:02:27.725008384,415.0626,0.0
2021-03-22,10.672767,106.548836,2021-03-22 09:02:28.058018304,416.04453,0.0
2021-03-22,10.678597,106.533554,2021-03-22 09:02:28.085014528,414.79956,0.0
2021-03-22,10.689498,106.561356,2021-03-22 09:02:28.391027712,414.57285,0.0
2021-03-22,10.695329,106.54607,2021-03-22 09:02:28.418023936,414.93887,0.0
2021-03-22,10.712057,106.55858,2021-03-22 09:02:28.751999488,414.09335,0.0
2021-03-22,10.711143,106.61703,2021-03-22 09:02:29.004019712,414.74976,0.0
2021-03-22,10.722952,106.58639,2021-03-22 09:02:29.058012672,414.873,0.0
2021-03-22,10.727865,106.62955,2021-03-22 09:02:29.336989184,414.47412,0.0
2021-03-22,10.750515,106.62673,2021-03-22 09:02:29.698001152,414.8645,0.0
2021-03-22,10.75642,106.61141,2021-03-22 09:02:29.724997632,414.6952,0.0
2021-03-22,10.762229,106.59613,2021-03-22 09:02:29.751994112,415.02042,0.0
2021-03-22,10.77314,106.623924,2021-03-22 09:02:30.058007296,414.98053,0.0
2021-03-22,10.778986,106.608635,2021-03-22 09:02:30.085003520,414.6623,0.0
2021-03-22,10.220583,106.03487,2021-03-22 09:02:40.084989440,413.98785,0.0
2021-03-22,10.542628,106.40694,2021-03-22 09:02:46.563007232,413.84015,0.0
2021-03-22,10.628321,106.45181,2021-03-22 09:02:48.256017664,414.64795,0.0
2021-03-26,14.88849,108.158226,2021-03-26 07:30:40.552988416,416.6239,0.0
2021-03-26,15.064836,108.27595,2021-03-26 07:30:43.914024704,416.661,0.0
2021-03-26,15.075342,108.2645,2021-03-26 07:30:43.941020928,415.44415,0.0
2021-03-26,15.162663,108.29331,2021-03-26 07:30:45.328018176,416.61722,0.0
2021-03-26,15.173083,108.28181,2021-03-26 07:30:45.355014656,417.38263,0.0
2021-03-26,15.340689,108.47144,2021-03-26 07:30:49.274003456,416.571,0.0
2021-03-26,15.357303,108.4844,2021-03-26 07:30:49.607013120,416.02078,0.0
2021-03-26,15.399134,108.43837,2021-03-26 07:30:49.714999040,415.83942,0.0
2021-03-26,15.373884,108.49741,2021-03-26 07:30:49.941028608,414.22235,0.0
2021-03-26,15.426064,108.43981,2021-03-26 07:30:50.076010752,415.82703,0.0
2021-03-26,15.390518,108.51031,2021-03-26 07:30:50.273998080,413.54608,0.0
2021-03-26,15.401029,108.498825,2021-03-26 07:30:50.300994304,415.57285,0.0
2021-03-26,15.411511,108.48732,2021-03-26 07:30:50.327991040,415.2995,0.0
2021-03-26,15.421965,108.4758,2021-03-26 07:30:50.354987264,414.82068,0.0
2021-03-26,15.432393,108.46425,2021-03-26 07:30:50.382023936,415.49692,0.0
2021-03-26,15.386085,108.54613,2021-03-26 07:30:50.553014784,416.5088,0.0
2021-03-26,15.40716,108.52322,2021-03-26 07:30:50.607007744,415.96625,0.0
2021-03-26,15.417654,108.511765,2021-03-26 07:30:50.634004224,414.94397,0.0
2021-03-26,15.42812,108.50027,2021-03-26 07:30:50.661000704,415.614,0.0
2021-03-26,15.438567,108.488754,2021-03-26 07:30:50.687997184,414.37033,0.0
2021-03-26,15.41321,108.5477,2021-03-26 07:30:50.914026752,416.01163,0.0
2021-03-26,15.423737,108.536255,2021-03-26 07:30:50.941023232,415.10056,0.0
2021-03-26,15.4192,108.57212,2021-03-26 07:30:51.219999744,413.18903,0.0
2021-03-26,15.429753,108.56068,2021-03-26 07:30:51.246996224,415.2992,0.0
2021-03-26,15.440281,108.549225,2021-03-26 07:30:51.273992448,416.4849,0.0
2021-03-26,15.450787,108.53775,2021-03-26 07:30:51.300989184,416.0916,0.0
2021-03-26,15.461263,108.52625,2021-03-26 07:30:51.328025856,415.88452,0.0
2021-03-26,15.548353,108.55498,2021-03-26 07:30:52.715022848,416.69537,0.0
2021-03-26,15.558742,108.54341,2021-03-26 07:30:52.742019072,416.2011,0.0
2021-03-28,22.218899,102.29734,2021-03-28 07:33:11.939011072,418.84442,0.0
2021-03-30,10.7202835,106.29739,2021-03-30 05:57:35.968997120,415.488,0.0
2021-03-30,14.784465,107.88333,2021-03-30 05:57:48.915014144,415.9513,0.0
2021-03-30,14.828089,107.89759,2021-03-30 05:57:49.608995328,417.543,0.0
2021-03-30,14.848832,107.874565,2021-03-30 05:57:49.662988288,416.73706,0.0
2021-03-30,14.875793,107.875916,2021-03-30 05:57:50.022994176,417.6272,0.0
2021-03-30,14.861349,107.92339,2021-03-30 05:57:50.275014656,418.05383,0.0
2021-03-30,14.90489,107.9376,2021-03-30 05:57:50.968996096,415.41937,0.0
2021-03-30,14.915214,107.9261,2021-03-30 05:57:50.995992320,414.07327,0.0
2021-03-30,14.942149,107.927505,2021-03-30 05:57:51.355998464,416.71335,0.0
2021-03-30,14.917293,107.98641,2021-03-30 05:57:51.581988096,415.93912,0.0
2021-03-30,14.9277,107.97491,2021-03-30 05:57:51.609024768,417.7702,0.0
2021-03-30,14.933865,107.99935,2021-03-30 05:57:51.914997504,415.24838,0.0
2021-03-30,14.944284,107.98787,2021-03-30 05:57:51.941994240,415.41812,0.0
2021-03-30,14.971186,107.98932,2021-03-30 05:57:52.302000384,418.0312,0.0
2021-03-30,14.981531,107.9778,2021-03-30 05:57:52.328996608,417.5555,0.0
2021-03-30,14.966957,108.02518,2021-03-30 05:57:52.582022912,415.54633,0.0
2021-03-30,14.998049,107.99072,2021-03-30 05:57:52.663012096,417.51706,0.0
2021-03-30,15.008378,107.979195,2021-03-30 05:57:52.690008576,417.59958,0.0
2021-03-30,14.98369,108.03799,2021-03-30 05:57:52.914992384,417.56494,0.0
2021-03-30,15.064645,108.042244,2021-03-30 05:57:53.996016384,416.48044,0.0
2021-03-30,15.095539,108.164246,2021-03-30 05:57:55.528013824,417.1465,0.0
2021-03-30,15.106038,108.152794,2021-03-30 05:57:55.555010048,416.93298,0.0
2021-03-30,15.147784,108.106705,2021-03-30 05:57:55.662995712,415.96204,0.0
2021-03-30,15.168444,108.08355,2021-03-30 05:57:55.716988928,417.0227,0.0
2021-03-30,15.164339,108.11967,2021-03-30 05:57:55.996005632,415.3282,0.0
2021-03-30,15.21818,108.122375,2021-03-30 05:57:56.717023488,416.65427,0.0
2021-03-30,15.251332,108.14825,2021-03-30 05:57:57.383002880,416.08395,0.0
2021-03-30,15.236809,108.195915,2021-03-30 05:57:57.635988736,414.78308,0.0
2021-03-30,15.24719,108.18437,2021-03-30 05:57:57.663025408,416.1839,0.0
2021-03-30,15.257543,108.172806,2021-03-30 05:57:57.690021632,415.72104,0.0
2021-03-30,15.228129,108.2678,2021-03-30 05:57:58.194022144,415.24643,0.0
2021-03-30,15.238633,108.25633,2021-03-30 05:57:58.221018624,416.44684,0.0
2021-03-30,15.255242,108.26921,2021-03-30 05:57:58.554993920,415.7215,0.0
2021-03-30,15.307325,108.21163,2021-03-30 05:57:58.690016256,416.64536,0.0
2021-03-30,15.31768,108.20002,2021-03-30 05:57:58.717012736,415.65164,0.0
2021-03-30,15.271837,108.2822,2021-03-30 05:57:58.888003584,415.07617,0.0
2021-03-30,15.2823105,108.27071,2021-03-30 05:57:58.915000064,416.10153,0.0
2021-03-30,15.313567,108.23613,2021-03-30 05:57:58.995989248,415.18283,0.0
2021-03-30,15.334273,108.212944,2021-03-30 05:57:59.050022400,415.87265,0.0
2021-03-30,15.277947,108.30659,2021-03-30 05:57:59.194016768,415.74722,0.0
2021-03-30,15.298947,108.28365,2021-03-30 05:57:59.248009728,415.37042,0.0
2021-03-30,15.309404,108.27215,2021-03-30 05:57:59.275005952,416.1558,0.0
2021-03-30,15.319818,108.260605,2021-03-30 05:57:59.302002432,415.5887,0.0
2021-03-30,15.330213,108.24905,2021-03-30 05:57:59.328999168,415.3015,0.0
2021-03-30,15.340574,108.237465,2021-03-30 05:57:59.355995392,414.93317,0.0
2021-03-30,15.350915,108.22586,2021-03-30 05:57:59.382991872,416.99112,0.0
2021-03-30,15.30503,108.308075,2021-03-30 05:57:59.554988288,416.0341,0.0
2021-03-30,15.315514,108.29659,2021-03-30 05:57:59.582024960,415.66403,0.0
2021-03-30,15.336396,108.27355,2021-03-30 05:57:59.636017920,415.75027,0.0
2021-03-30,15.346794,108.262,2021-03-30 05:57:59.663014400,416.0919,0.0
2021-03-30,15.357165,108.25042,2021-03-30 05:57:59.690010880,415.29465,0.0
2021-03-30,15.321657,108.32101,2021-03-30 05:57:59.887998208,416.62335,0.0
2021-03-30,15.332131,108.30952,2021-03-30 05:57:59.914994432,415.75528,0.0
2021-03-30,15.342572,108.29799,2021-03-30 05:57:59.941990912,415.79395,0.0
2021-03-30,15.352992,108.28647,2021-03-30 05:57:59.969027584,415.56818,0.0
2021-03-30,15.384091,108.25174,2021-03-30 05:58:00.050016768,415.64413,0.0
2021-03-30,15.327678,108.34543,2021-03-30 05:58:00.194011136,415.5539,0.0
2021-03-30,15.348655,108.32251,2021-03-30 05:58:00.248004096,415.84662,0.0
2021-03-30,15.359109,108.31099,2021-03-30 05:58:00.275000576,414.91684,0.0
2021-03-30,15.417227,108.27763,2021-03-30 05:58:00.717001984,416.3945,0.0
2021-03-30,15.360829,108.37135,2021-03-30 05:58:00.860996352,415.72232,0.0
2021-03-30,15.483532,108.32952,2021-03-30 05:58:02.050006272,415.8114,0.0
2021-03-30,15.448053,108.40025,2021-03-30 05:58:02.247993344,415.62,0.0
2021-03-30,15.443602,108.43625,2021-03-30 05:58:02.528016128,415.34464,0.0
2021-03-30,15.464628,108.41325,2021-03-30 05:58:02.582008832,415.2241,0.0
2021-03-30,15.460227,108.449165,2021-03-30 05:58:02.861025536,415.71002,0.0
2021-03-30,15.491681,108.41469,2021-03-30 05:58:02.942014976,415.56393,0.0
2021-03-30,15.556151,108.40586,2021-03-30 05:58:03.689989120,416.30005,0.0
2021-03-30,15.5370455,108.48959,2021-03-30 05:58:04.221026304,415.65506,0.0
2021-03-30,15.589259,108.43187,2021-03-30 05:58:04.356008448,416.1226,0.0
2021-03-30,15.559581,108.5271,2021-03-30 05:58:04.861014784,416.23505,0.0
2021-03-30,15.586719,108.52855,2021-03-30 05:58:05.221020928,416.06717,0.0
2021-04-01,22.370977,102.252304,2021-04-01 06:00:24.596004352,418.44116,0.0
2021-04-01,22.376238,102.278015,2021-04-01 06:00:24.902017280,418.91345,0.0
2021-04-01,22.413551,102.332245,2021-04-01 06:00:25.875015424,419.8885,0.0
2021-04-01,22.45681,102.28586,2021-04-01 06:00:25.983001344,418.5327,0.0
2021-04-01,22.594988,102.514534,2021-04-01 06:00:29.847997440,417.84003,0.0
2021-04-01,22.621914,102.51724,2021-04-01 06:00:30.208003584,418.96268,0.0
2021-04-01,22.676016,102.45924,2021-04-01 06:00:30.343025920,417.34808,0.0
2021-04-01,22.69202,102.47353,2021-04-01 06:00:30.677001216,417.52792,0.0
2021-04-01,22.702484,102.525345,2021-04-01 06:00:31.288987392,418.34888,0.0
2021-04-01,22.713284,102.51372,2021-04-01 06:00:31.316024064,418.99747,0.0
2021-04-01,22.69684,102.562645,2021-04-01 06:00:31.569009920,419.4816,0.0
2021-04-03,14.808675,107.717445,2021-04-03 04:25:01.034009344,415.9605,0.0
2021-04-03,14.819045,107.70587,2021-04-03 04:25:01.061005824,416.39023,0.0
2021-04-03,14.85626,107.69562,2021-04-03 04:25:01.448008448,416.0036,0.0
2021-04-03,14.872851,107.70849,2021-04-03 04:25:01.781018112,415.79,0.0
2021-04-03,14.837638,107.77917,2021-04-03 04:25:01.980011264,417.6237,0.0
2021-04-03,14.879168,107.73298,2021-04-03 04:25:02.087996928,416.30484,0.0
2021-04-03,14.889467,107.72137,2021-04-03 04:25:02.114993408,416.38422,0.0
2021-04-03,14.922721,107.74707,2021-04-03 04:25:02.781012480,416.81223,0.0
2021-04-03,14.904086,107.83068,2021-04-03 04:25:03.313015552,416.02084,0.0
2021-04-03,14.914504,107.81916,2021-04-03 04:25:03.340011776,415.16208,0.0
2021-04-03,14.924895,107.80762,2021-04-03 04:25:03.367008256,414.94543,0.0
2021-04-03,14.920714,107.84354,2021-04-03 04:25:03.646025216,416.8708,0.0
2021-04-03,14.951878,107.80892,2021-04-03 04:25:03.727014400,414.17734,0.0
2021-04-03,14.962209,107.79733,2021-04-03 04:25:03.754010624,417.19446,0.0
2021-04-03,14.972513,107.78573,2021-04-03 04:25:03.781007360,416.98346,0.0
2021-04-03,14.95807,107.83342,2021-04-03 04:25:04.033993216,415.98123,0.0
2021-04-03,14.968436,107.82185,2021-04-03 04:25:04.060989696,416.71732,0.0
2021-04-03,14.974638,107.84632,2021-04-03 04:25:04.367002880,416.1487,0.0
2021-04-03,15.009752,107.93235,2021-04-03 04:25:05.619017728,416.94406,0.0
2021-04-03,15.015924,107.95666,2021-04-03 04:25:05.925996544,417.12323,0.0
2021-04-03,15.047226,107.922295,2021-04-03 04:25:06.007026176,415.17654,0.0
2021-04-03,15.074246,107.92366,2021-04-03 04:25:06.366991872,414.3102,0.0
2021-04-03,15.084619,107.912094,2021-04-03 04:25:06.393988352,414.76785,0.0
2021-04-03,15.117853,107.93794,2021-04-03 04:25:07.061013760,414.37045,0.0
2021-04-03,15.194532,107.977974,2021-04-03 04:25:08.421014272,415.82745,0.0
2021-04-03,15.204821,107.96637,2021-04-03 04:25:08.448010752,416.42297,0.0
2021-04-03,15.200768,108.002495,2021-04-03 04:25:08.726987264,415.06143,0.0
2021-04-03,15.211142,107.9909,2021-04-03 04:25:08.754023936,415.24142,0.0
2021-04-03,15.221471,107.97927,2021-04-03 04:25:08.781020416,416.23337,0.0
2021-04-03,15.240192,108.05279,2021-04-03 04:25:09.700025600,415.7057,0.0
2021-04-03,15.27126,108.01802,2021-04-03 04:25:09.781015040,416.59784,0.0
2021-04-03,15.235905,108.08886,2021-04-03 04:25:09.980008192,415.54547,0.0
2021-04-03,15.274537,108.1412,2021-04-03 04:25:10.953006336,416.58133,0.0
2021-04-03,15.3059,108.10661,2021-04-03 04:25:11.033995264,417.3233,0.0
2021-04-03,15.3266325,108.08344,2021-04-03 04:25:11.087988480,414.8893,0.0
2021-04-03,15.336974,108.07182,2021-04-03 04:25:11.115025152,416.03186,0.0
2021-04-03,15.311985,108.13117,2021-04-03 04:25:11.340008704,414.77713,0.0
2021-04-03,15.343236,108.09638,2021-04-03 04:25:11.420998144,415.55438,0.0
2021-04-03,15.353598,108.08474,2021-04-03 04:25:11.447994368,416.5505,0.0
2021-04-03,15.339024,108.13253,2021-04-03 04:25:11.700014848,412.49826,0.0
2021-04-03,15.349433,108.12094,2021-04-03 04:25:11.727011328,415.34308,0.0
2021-04-03,15.359804,108.10934,2021-04-03 04:25:11.754007552,416.83313,0.0
2021-04-03,15.370147,108.09771,2021-04-03 04:25:11.781004032,416.82874,0.0
2021-04-03,15.409504,108.14818,2021-04-03 04:25:12.754002176,413.3171,0.0
2021-04-03,15.413124,108.26932,2021-04-03 04:25:13.925993472,414.5517,0.0
2021-04-03,15.649462,108.414925,2021-04-03 04:25:18.313014528,414.37888,0.0
2021-04-03,15.726121,108.455345,2021-04-03 04:25:19.673015040,416.0506,0.0
2021-04-07,14.859323,107.59743,2021-04-07 02:52:34.557998336,416.53336,0.0
2021-04-07,14.87596,107.610275,2021-04-07 02:52:34.892014080,416.6318,0.0
2021-04-07,14.908335,107.57665,2021-04-07 02:52:34.973003264,416.6286,0.0
2021-04-07,14.919082,107.565414,2021-04-07 02:52:34.999999744,416.48788,0.0
2021-04-07,14.929801,107.554146,2021-04-07 02:52:35.026996224,415.9661,0.0
2021-04-07,14.892488,107.623184,2021-04-07 02:52:35.225023744,415.1639,0.0
2021-04-07,14.903339,107.61197,2021-04-07 02:52:35.252020224,415.9105,0.0
2021-04-07,14.914161,107.60076,2021-04-07 02:52:35.279016448,415.6517,0.0
2021-04-07,14.924949,107.58953,2021-04-07 02:52:35.306012928,416.8875,0.0
2021-04-07,14.935709,107.57827,2021-04-07 02:52:35.333009152,415.5506,0.0
2021-04-07,14.946429,107.56699,2021-04-07 02:52:35.360005888,416.21143,0.0
2021-04-07,14.957127,107.555695,2021-04-07 02:52:35.387002112,418.065,0.0
2021-04-07,14.90909,107.63607,2021-04-07 02:52:35.557992960,415.08755,0.0
2021-04-07,14.930744,107.613686,2021-04-07 02:52:35.612026112,416.02795,0.0
2021-04-07,14.941524,107.60244,2021-04-07 02:52:35.639022592,414.6701,0.0
2021-04-07,14.936503,107.637726,2021-04-07 02:52:35.919004928,416.3631,0.0
2021-04-07,14.958099,107.61532,2021-04-07 02:52:35.972997888,416.3905,0.0
2021-04-07,14.968844,107.60406,2021-04-07 02:52:35.999994368,417.21436,0.0
2021-04-07,14.979577,107.59278,2021-04-07 02:52:36.026990592,416.4711,0.0
2021-04-07,14.963924,107.63945,2021-04-07 02:52:36.279011072,416.31808,0.0
2021-04-07,14.985468,107.61698,2021-04-07 02:52:36.333004032,416.46515,0.0
2021-04-07,14.991216,107.641136,2021-04-07 02:52:36.639017216,417.53403,0.0
2021-04-07,15.001977,107.629906,2021-04-07 02:52:36.666013696,417.98615,0.0
2021-04-07,14.975459,107.68766,2021-04-07 02:52:36.892003072,417.69534,0.0
2021-04-07,15.01864,107.64275,2021-04-07 02:52:36.999988736,416.0805,0.0
2021-04-07,15.040006,107.62019,2021-04-07 02:52:37.054021888,418.18256,0.0
2021-04-07,14.992052,107.70054,2021-04-07 02:52:37.225012736,416.35834,0.0
2021-04-07,15.002894,107.689354,2021-04-07 02:52:37.252009216,417.2886,0.0
2021-04-07,15.013705,107.67814,2021-04-07 02:52:37.279005440,416.744,0.0
2021-04-07,15.024482,107.6669,2021-04-07 02:52:37.306002176,417.7526,0.0
2021-04-07,15.035224,107.65565,2021-04-07 02:52:37.332998400,417.33557,0.0
2021-04-07,15.045936,107.64439,2021-04-07 02:52:37.359994880,418.09457,0.0
2021-04-07,15.0086775,107.71339,2021-04-07 02:52:37.558022400,416.817,0.0
2021-04-07,15.019536,107.70216,2021-04-07 02:52:37.585018880,416.52902,0.0
2021-04-07,15.030372,107.69098,2021-04-07 02:52:37.612015360,417.40463,0.0
2021-04-07,15.073341,107.64592,2021-04-07 02:52:37.720001024,416.78485,0.0
2021-04-07,15.04692,107.70398,2021-04-07 02:52:37.945990656,415.58752,0.0
2021-04-07,15.057732,107.692726,2021-04-07 02:52:37.972986880,417.5934,0.0
2021-04-07,15.079255,107.670166,2021-04-07 02:52:38.027020032,416.9704,0.0
2021-04-07,15.041815,107.73929,2021-04-07 02:52:38.225007360,416.8849,0.0
2021-04-07,15.074253,107.705635,2021-04-07 02:52:38.305996544,415.83102,0.0
2021-04-07,15.085021,107.694374,2021-04-07 02:52:38.332993024,416.418,0.0
2021-04-07,15.095739,107.68309,2021-04-07 02:52:38.359989760,415.51147,0.0
2021-04-07,15.058419,107.75219,2021-04-07 02:52:38.558017024,415.9482,0.0
2021-04-07,15.069269,107.741,2021-04-07 02:52:38.585013504,415.93204,0.0
2021-04-07,15.090885,107.71854,2021-04-07 02:52:38.639006464,415.59314,0.0
2021-04-07,15.112352,107.696,2021-04-07 02:52:38.692999168,416.75848,0.0
2021-04-07,15.133748,107.67338,2021-04-07 02:52:38.746992128,419.07114,0.0
2021-04-07,15.085881,107.753914,2021-04-07 02:52:38.918988800,415.39862,0.0
2021-04-07,15.096708,107.74269,2021-04-07 02:52:38.946025472,415.76126,0.0
2021-04-07,15.107502,107.731445,2021-04-07 02:52:38.973021696,417.0348,0.0
2021-04-07,15.118254,107.720184,2021-04-07 02:52:39.000018176,416.08026,0.0
2021-04-07,15.129004,107.70891,2021-04-07 02:52:39.027014656,416.2428,0.0
2021-04-07,15.102453,107.76683,2021-04-07 02:52:39.251998464,416.51413,0.0
2021-04-07,15.113273,107.75562,2021-04-07 02:52:39.278994688,416.7138,0.0
2021-04-07,15.1240635,107.744385,2021-04-07 02:52:39.305991168,415.96506,0.0
2021-04-07,15.145565,107.72183,2021-04-07 02:52:39.360024576,417.58728,0.0
2021-04-07,15.15627,107.710526,2021-04-07 02:52:39.387020800,417.16403,0.0
2021-04-07,15.15147,107.745964,2021-04-07 02:52:39.665997312,416.1129,0.0
2021-04-07,15.162207,107.73469,2021-04-07 02:52:39.692993536,416.7102,0.0
2021-04-07,15.124796,107.8038,2021-04-07 02:52:39.891986944,418.0279,0.0
2021-04-07,15.135647,107.79261,2021-04-07 02:52:39.919023616,417.51892,0.0
2021-04-07,15.146467,107.78138,2021-04-07 02:52:39.946019840,417.79355,0.0
2021-04-07,15.189486,107.736305,2021-04-07 02:52:40.054005504,419.62134,0.0
2021-04-07,15.163086,107.7943,2021-04-07 02:52:40.278989312,416.0632,0.0
2021-04-07,15.173883,107.78306,2021-04-07 02:52:40.306025984,416.0886,0.0
2021-04-07,15.184645,107.7718,2021-04-07 02:52:40.333022720,416.6102,0.0
2021-04-07,15.168835,107.81843,2021-04-07 02:52:40.585002752,416.52347,0.0
2021-04-07,15.179647,107.80722,2021-04-07 02:52:40.611998976,414.62534,0.0
2021-04-07,15.190434,107.79599,2021-04-07 02:52:40.638995456,415.78998,0.0
2021-04-07,15.185394,107.83137,2021-04-07 02:52:40.919017984,416.9833,0.0
2021-04-07,15.196216,107.82015,2021-04-07 02:52:40.946014464,416.05066,0.0
2021-04-07,15.257415,107.907265,2021-04-07 02:52:42.557995264,419.38962,0.0
2021-04-19,22.20569,105.86162,2021-04-19 08:06:29.088025600,421.65485,0.0
2021-04-19,15.985747,108.147255,2021-04-19 08:08:36.287013888,421.76157,0.0
2021-04-19,15.986666,108.1665,2021-04-19 08:08:36.647019776,421.14728,0.0
2021-04-19,15.953,108.17389,2021-04-19 08:08:36.952993024,419.90143,0.0
2021-04-19,15.970243,108.17987,2021-04-19 08:08:36.979989504,420.2726,0.0
2021-04-19,15.987473,108.185684,2021-04-19 08:08:37.007026176,421.15787,0.0
2021-04-19,16.039078,108.20296,2021-04-19 08:08:37.088015360,419.7956,0.0
2021-04-19,16.056253,108.208565,2021-04-19 08:08:37.115011584,420.25967,0.0
2021-04-19,15.970948,108.19903,2021-04-19 08:08:37.341001216,420.47928,0.0
2021-04-19,15.988177,108.20481,2021-04-19 08:08:37.367997696,420.91232,0.0
2021-04-19,16.005394,108.21055,2021-04-19 08:08:37.394994176,420.77237,0.0
2021-04-19,16.0226,108.21624,2021-04-19 08:08:37.421990656,421.0008,0.0
2021-04-19,16.039797,108.22185,2021-04-19 08:08:37.449027328,420.28308,0.0
2021-04-19,15.937359,108.20647,2021-04-19 08:08:37.647014656,420.49533,0.0
2021-04-19,15.954604,108.21228,2021-04-19 08:08:37.674010880,421.42426,0.0
2021-04-19,15.971833,108.21805,2021-04-19 08:08:37.701007360,421.10785,0.0
2021-04-19,16.006256,108.22946,2021-04-19 08:08:37.755000320,419.99622,0.0
2021-04-19,15.920984,108.21976,2021-04-19 08:08:37.980024320,420.06192,0.0
2021-04-19,15.955497,108.23137,2021-04-19 08:08:38.034017024,421.63605,0.0
2021-04-19,15.922131,108.23884,2021-04-19 08:08:38.340995840,423.03992,0.0
2021-04-19,15.939361,108.24462,2021-04-19 08:08:38.367992320,422.16446,0.0
2021-04-19,15.973785,108.256096,2021-04-19 08:08:38.422025472,420.28476,0.0
2021-04-19,15.990986,108.26164,2021-04-19 08:08:38.449021696,419.4743,0.0
2021-04-19,15.923037,108.25797,2021-04-19 08:08:38.701002240,421.6962,0.0
2021-04-19,15.974654,108.27501,2021-04-19 08:08:38.781991168,420.50812,0.0
2021-04-19,15.923744,108.27709,2021-04-19 08:08:39.061007872,420.7046,0.0
2021-04-19,15.940947,108.2827,2021-04-19 08:08:39.088004608,420.7242,0.0
2021-04-26,10.406227,106.7379,2021-04-26 05:50:09.128008960,416.75418,0.0
2021-04-26,10.389803,106.75103,2021-04-26 05:50:09.461018624,415.56763,0.0
2021-04-26,10.361091,106.75132,2021-04-26 05:50:10.101007104,416.10858,0.0
2021-04-26,10.524412,106.71062,2021-04-26 05:50:29.326008320,417.5111,0.0
2021-04-26,10.52572,106.7309,2021-04-26 05:50:29.353004800,417.27902,0.0
2021-04-26,10.506543,106.70297,2021-04-26 05:50:29.632987136,416.4958,0.0
2021-04-26,10.438573,106.732765,2021-04-26 05:50:30.938994944,415.8445,0.0
2021-04-26,10.781574,106.76731,2021-04-26 05:50:46.741001472,417.1701,0.0
2021-04-26,10.764836,106.77989,2021-04-26 05:50:47.074010880,417.02713,0.0
2021-04-26,10.406641,106.94045,2021-04-26 05:50:53.606021376,417.7873,0.0
2021-04-26,10.914724,106.85397,2021-04-26 05:51:23.993022208,416.59497,0.0
2021-04-26,10.89803,106.8665,2021-04-26 05:51:24.325991680,414.17053,0.0
2021-04-26,10.942559,106.889336,2021-04-26 05:51:24.407021056,415.70096,0.0
2021-04-26,10.86099,106.9319,2021-04-26 05:51:25.713994496,415.33746,0.0
2021-04-26,10.651259,107.01405,2021-04-26 05:51:28.605992448,414.6685,0.0
2021-04-26,10.584366,107.064186,2021-04-26 05:51:29.938996736,414.7047,0.0
2021-04-26,10.567579,107.07726,2021-04-26 05:51:30.272006400,415.8482,0.0
2021-04-26,10.582475,107.084625,2021-04-26 05:51:30.299002880,416.64325,0.0
2021-04-26,10.550953,107.08923,2021-04-26 05:51:30.606021888,415.0799,0.0
2021-04-26,10.549089,107.10962,2021-04-26 05:51:30.965987584,414.8409,0.0
2021-05-04,12.260517,107.35682,2021-05-04 02:45:08.673995776,416.4232,0.0
2021-05-04,12.243777,107.36934,2021-05-04 02:45:09.007005440,417.6576,0.0
2021-05-04,12.252366,107.3821,2021-05-04 02:45:09.034001920,417.44125,0.0
2021-05-04,12.235614,107.39469,2021-05-04 02:45:09.368017152,415.6573,0.0
2021-05-04,12.193298,107.36895,2021-05-04 02:45:09.619997440,417.04993,0.0
2021-05-04,12.2018175,107.381744,2021-05-04 02:45:09.646993920,415.08905,0.0
2021-05-04,12.193585,107.407104,2021-05-04 02:45:10.007000064,416.8245,0.0
2021-05-04,12.168366,107.40693,2021-05-04 02:45:10.314019072,417.34366,0.0
2021-05-04,12.176908,107.41969,2021-05-04 02:45:10.341015296,416.86557,0.0
2021-05-04,12.177314,107.45773,2021-05-04 02:45:10.728017920,417.2881,0.0
2021-05-04,12.152012,107.45763,2021-05-04 02:45:11.033990912,418.13947,0.0
2021-05-04,12.169208,107.483025,2021-05-04 02:45:11.088024064,417.18362,0.0
2021-05-04,12.186497,107.50836,2021-05-04 02:45:11.142016768,416.0967,0.0
2021-05-04,12.144375,107.52083,2021-05-04 02:45:11.782005248,417.97852,0.0
2021-05-04,12.153034,107.53348,2021-05-04 02:45:11.809001984,417.5323,0.0
2021-05-04,12.009311,107.50732,2021-05-04 02:45:13.287006464,417.75638,0.0
2021-05-04,12.01781,107.52008,2021-05-04 02:45:13.314002688,417.53708,0.0
2021-05-04,12.026335,107.53284,2021-05-04 02:45:13.340999168,417.6891,0.0
2021-05-04,12.052062,107.57095,2021-05-04 02:45:13.421988608,416.85275,0.0
2021-05-04,12.060686,107.58361,2021-05-04 02:45:13.449025280,416.98734,0.0
2021-05-04,12.069346,107.59627,2021-05-04 02:45:13.476021504,417.95065,0.0
2021-05-04,12.001112,107.53269,2021-05-04 02:45:13.647012352,418.16403,0.0
2021-05-04,12.009652,107.54546,2021-05-04 02:45:13.674008832,418.6937,0.0
2021-05-04,12.018199,107.55821,2021-05-04 02:45:13.701005312,417.90598,0.0
2021-05-04,12.026786,107.570915,2021-05-04 02:45:13.728001536,417.16797,0.0
2021-05-04,12.035391,107.5836,2021-05-04 02:45:13.754998272,417.8333,0.0
2021-05-04,12.044021,107.596275,2021-05-04 02:45:13.781994496,417.48938,0.0
2021-05-04,12.052677,107.608925,2021-05-04 02:45:13.808990976,418.00412,0.0
2021-05-04,11.975873,107.53245,2021-05-04 02:45:13.953025536,417.6282,0.0
2021-05-04,11.984393,107.54525,2021-05-04 02:45:13.980022016,418.60834,0.0
2021-05-04,11.992933,107.55803,2021-05-04 02:45:14.007018496,417.7917,0.0
2021-05-04,12.0014925,107.570786,2021-05-04 02:45:14.034014976,417.8539,0.0
2021-05-04,12.01009,107.58351,2021-05-04 02:45:14.061011200,418.25,0.0
2021-05-04,12.018693,107.59621,2021-05-04 02:45:14.088007936,417.1847,0.0
2021-05-04,12.027319,107.60887,2021-05-04 02:45:14.115004416,417.75046,0.0
2021-05-04,12.0359745,107.62153,2021-05-04 02:45:14.142000640,418.37555,0.0
2021-05-04,11.95912,107.544975,2021-05-04 02:45:14.287000832,417.88843,0.0
2021-05-04,11.967635,107.55777,2021-05-04 02:45:14.313997312,417.6678,0.0
2021-05-04,11.976173,107.57054,2021-05-04 02:45:14.340993792,417.57486,0.0
2021-05-04,11.984729,107.583305,2021-05-04 02:45:14.367990272,417.6345,0.0
2021-05-04,11.993324,107.59602,2021-05-04 02:45:14.395026944,418.42322,0.0
2021-05-04,12.001939,107.60873,2021-05-04 02:45:14.422023424,417.43787,0.0
2021-05-04,11.94235,107.55744,2021-05-04 02:45:14.620010496,418.88898,0.0
2021-05-04,11.950847,107.570206,2021-05-04 02:45:14.647006976,418.47205,0.0
2021-05-04,11.95937,107.58296,2021-05-04 02:45:14.674003456,418.91833,0.0
2021-05-04,11.976523,107.60846,2021-05-04 02:45:14.727996416,418.98474,0.0
2021-05-04,11.993779,107.63387,2021-05-04 02:45:14.781989120,418.1554,0.0
2021-05-04,12.002445,107.64655,2021-05-04 02:45:14.809025792,418.21896,0.0
2021-05-04,11.925628,107.57005,2021-05-04 02:45:14.953020160,418.0593,0.0
2021-05-04,11.934137,107.58283,2021-05-04 02:45:14.980016640,417.53485,0.0
2021-05-04,11.942666,107.5956,2021-05-04 02:45:15.007013120,417.63245,0.0
2021-05-04,11.951212,107.60834,2021-05-04 02:45:15.034009344,417.4917,0.0
2021-05-04,11.959798,107.62105,2021-05-04 02:45:15.061006080,417.8241,0.0
2021-05-04,11.968406,107.63375,2021-05-04 02:45:15.088002560,418.2528,0.0
2021-05-04,11.908882,107.5826,2021-05-04 02:45:15.286995456,417.85953,0.0
2021-05-04,11.917385,107.595375,2021-05-04 02:45:15.313991936,417.7856,0.0
2021-05-04,11.925911,107.60813,2021-05-04 02:45:15.340988416,417.6574,0.0
2021-05-04,11.934452,107.620865,2021-05-04 02:45:15.368025088,418.37268,0.0
2021-05-04,11.892152,107.59514,2021-05-04 02:45:15.620005120,418.67126,0.0
2021-05-04,11.900669,107.60794,2021-05-04 02:45:15.647001600,417.7682,0.0
2021-05-04,11.909207,107.62071,2021-05-04 02:45:15.673997824,418.7131,0.0
2021-05-04,11.917759,107.63345,2021-05-04 02:45:15.700994560,417.50317,0.0
2021-05-04,11.926334,107.64618,2021-05-04 02:45:15.727990784,417.70743,0.0
2021-05-04,11.934939,107.65888,2021-05-04 02:45:15.754987264,417.81497,0.0
2021-05-04,11.943566,107.67155,2021-05-04 02:45:15.782023936,418.03635,0.0
2021-05-04,11.952219,107.6842,2021-05-04 02:45:15.809020416,417.9107,0.0
2021-05-04,11.875375,107.60763,2021-05-04 02:45:15.953014784,417.34875,0.0
2021-05-04,11.88388,107.62041,2021-05-04 02:45:15.980011264,417.7536,0.0
2021-05-04,11.892403,107.633156,2021-05-04 02:45:16.007007488,417.91324,0.0
2021-05-04,11.900952,107.64589,2021-05-04 02:45:16.034004224,417.68622,0.0
2021-05-04,11.909528,107.65861,2021-05-04 02:45:16.061000704,418.02124,0.0
2021-05-04,11.918139,107.67132,2021-05-04 02:45:16.087996928,418.09607,0.0
2021-05-04,11.926774,107.684006,2021-05-04 02:45:16.114993408,417.39362,0.0
2021-05-04,11.9354315,107.69666,2021-05-04 02:45:16.141989632,418.37933,0.0
2021-05-04,11.858626,107.62019,2021-05-04 02:45:16.286990080,417.3321,0.0
2021-05-04,11.867125,107.63299,2021-05-04 02:45:16.313986560,417.4729,0.0
2021-05-04,11.875672,107.64577,2021-05-04 02:45:16.341023232,418.0956,0.0
2021-05-04,11.884236,107.65852,2021-05-04 02:45:16.368019456,418.69434,0.0
2021-05-04,11.892826,107.67126,2021-05-04 02:45:16.395015936,416.9247,0.0
2021-05-04,11.901439,107.68396,2021-05-04 02:45:16.422012416,418.2118,0.0
2021-05-04,11.841916,107.63279,2021-05-04 02:45:16.619999744,420.42685,0.0
2021-05-04,11.850437,107.645584,2021-05-04 02:45:16.646995968,419.23315,0.0
2021-05-04,11.858965,107.65834,2021-05-04 02:45:16.673992704,420.04858,0.0
2021-05-04,11.867514,107.67108,2021-05-04 02:45:16.700988928,419.35513,0.0
2021-05-04,11.876092,107.6838,2021-05-04 02:45:16.728025600,418.52097,0.0
2021-05-04,11.884696,107.696495,2021-05-04 02:45:16.755022080,418.89575,0.0
2021-05-04,11.893324,107.70917,2021-05-04 02:45:16.782018560,417.97522,0.0
2021-05-04,11.825187,107.6453,2021-05-04 02:45:16.953009408,417.41864,0.0
2021-05-04,11.833698,107.6581,2021-05-04 02:45:16.980005632,419.22,0.0
2021-05-04,11.842228,107.67086,2021-05-04 02:45:17.007002368,418.12366,0.0
2021-05-04,11.850783,107.6836,2021-05-04 02:45:17.033998848,417.61423,0.0
2021-05-04,11.8593645,107.69633,2021-05-04 02:45:17.060995072,419.05627,0.0
2021-05-04,11.867969,107.70903,2021-05-04 02:45:17.087991552,418.2324,0.0
2021-05-04,11.808449,107.65787,2021-05-04 02:45:17.287024896,418.07422,0.0
2021-05-04,11.816954,107.67065,2021-05-04 02:45:17.314021376,419.09134,0.0
2021-05-04,11.8254795,107.683395,2021-05-04 02:45:17.341017600,418.11578,0.0
2021-05-04,11.834029,107.69613,2021-05-04 02:45:17.368014080,417.6513,0.0
2021-05-04,11.842603,107.70883,2021-05-04 02:45:17.395010560,418.37305,0.0
2021-05-04,11.8512,107.72152,2021-05-04 02:45:17.422007040,417.7547,0.0
2021-05-04,11.791697,107.67041,2021-05-04 02:45:17.619994112,417.4225,0.0
2021-05-04,11.800204,107.68321,2021-05-04 02:45:17.646990848,419.52,0.0
2021-05-04,11.808741,107.69599,2021-05-04 02:45:17.673987072,418.8488,0.0
2021-05-04,11.825889,107.72146,2021-05-04 02:45:17.728020224,418.43872,0.0
2021-05-04,11.834497,107.734146,2021-05-04 02:45:17.755016704,418.70102,0.0
2021-05-04,11.843125,107.74681,2021-05-04 02:45:17.782013184,419.1121,0.0
2021-05-04,11.851803,107.759514,2021-05-04 02:45:17.809009664,417.06277,0.0
2021-05-04,11.809164,107.73401,2021-05-04 02:45:18.060989696,418.76816,0.0
2021-05-04,11.817751,107.746704,2021-05-04 02:45:18.088026368,418.6344,0.0
2021-05-04,11.826362,107.759346,2021-05-04 02:45:18.115022592,416.43253,0.0
2021-05-04,11.80148,107.797005,2021-05-04 02:45:18.809004032,418.08685,0.0
2021-05-04,11.733286,107.733376,2021-05-04 02:45:18.979995136,417.87225,0.0
2021-05-04,11.750322,107.75884,2021-05-04 02:45:19.033987840,417.72812,0.0
2021-05-04,11.758884,107.77153,2021-05-04 02:45:19.061024512,418.0138,0.0
2021-05-04,11.767483,107.78423,2021-05-04 02:45:19.088020736,418.832,0.0
2021-05-04,11.7761135,107.79691,2021-05-04 02:45:19.115017472,416.99146,0.0
2021-05-04,11.708074,107.73313,2021-05-04 02:45:19.287013888,417.9605,0.0
2021-05-04,11.71655,107.74588,2021-05-04 02:45:19.314010368,418.22736,0.0
2021-05-04,11.725048,107.758606,2021-05-04 02:45:19.341006848,418.4145,0.0
2021-05-04,11.733568,107.7713,2021-05-04 02:45:19.368003328,419.28122,0.0
2021-05-04,11.742111,107.78398,2021-05-04 02:45:19.394999808,416.67276,0.0
2021-05-04,11.75068,107.79664,2021-05-04 02:45:19.421996032,417.41537,0.0
2021-05-04,11.759275,107.80928,2021-05-04 02:45:19.448992768,417.34283,0.0
2021-05-04,11.767913,107.82192,2021-05-04 02:45:19.475988992,417.652,0.0
2021-05-04,11.691237,107.74552,2021-05-04 02:45:19.620023808,417.8112,0.0
2021-05-04,11.699741,107.758316,2021-05-04 02:45:19.647020032,418.4082,0.0
2021-05-04,11.708262,107.77107,2021-05-04 02:45:19.674016512,418.604,0.0
2021-05-04,11.716806,107.78381,2021-05-04 02:45:19.701012992,417.65414,0.0
2021-05-04,11.725374,107.79653,2021-05-04 02:45:19.728009472,417.5009,0.0
2021-05-04,11.733967,107.80923,2021-05-04 02:45:19.755005952,417.99103,0.0
2021-05-04,11.742585,107.82191,2021-05-04 02:45:19.782002176,416.60294,0.0
2021-05-04,11.67454,107.75815,2021-05-04 02:45:19.952993280,416.88898,0.0
2021-05-04,11.683039,107.77093,2021-05-04 02:45:19.979989504,418.3866,0.0
2021-05-04,11.691556,107.78369,2021-05-04 02:45:20.007026176,417.74622,0.0
2021-05-04,11.700106,107.796425,2021-05-04 02:45:20.034022656,417.9077,0.0
2021-05-04,11.708678,107.80914,2021-05-04 02:45:20.061018880,417.42053,0.0
2021-05-04,11.71727,107.82183,2021-05-04 02:45:20.088015616,417.10797,0.0
2021-05-04,11.725887,107.834496,2021-05-04 02:45:20.115011840,418.43192,0.0
2021-05-04,11.734535,107.84715,2021-05-04 02:45:20.142008320,416.18152,0.0
2021-05-04,11.657797,107.77066,2021-05-04 02:45:20.287008512,417.67316,0.0
2021-05-04,11.666277,107.78342,2021-05-04 02:45:20.314004992,417.66428,0.0
2021-05-04,11.67478,107.79616,2021-05-04 02:45:20.341001472,416.85312,0.0
2021-05-04,11.683308,107.80887,2021-05-04 02:45:20.367997952,417.71475,0.0
2021-05-04,11.69186,107.82156,2021-05-04 02:45:20.394994176,417.9031,0.0
2021-05-04,11.700438,107.834236,2021-05-04 02:45:20.421990912,417.08865,0.0
2021-05-04,11.709041,107.846886,2021-05-04 02:45:20.448987136,418.79654,0.0
2021-05-04,11.717681,107.859535,2021-05-04 02:45:20.476023808,418.36713,0.0
2021-05-04,11.675167,107.834145,2021-05-04 02:45:20.728004096,416.27567,0.0
2021-05-04,11.683767,107.84684,2021-05-04 02:45:20.755000320,416.57352,0.0
2021-05-04,11.692392,107.85951,2021-05-04 02:45:20.781996800,417.6843,0.0
2021-05-04,11.701043,107.87217,2021-05-04 02:45:20.808993280,417.59976,0.0
2021-05-04,11.632805,107.8085,2021-05-04 02:45:20.980024320,417.096,0.0
2021-05-04,11.641313,107.82124,2021-05-04 02:45:21.007020800,416.79034,0.0
2021-05-04,11.649844,107.83397,2021-05-04 02:45:21.034017024,417.00323,0.0
2021-05-04,11.6584015,107.84667,2021-05-04 02:45:21.061013760,417.26465,0.0
2021-05-04,11.66699,107.85935,2021-05-04 02:45:21.088009984,417.3547,0.0
2021-05-04,11.675607,107.87202,2021-05-04 02:45:21.115006464,418.16498,0.0
2021-05-04,11.68425,107.88467,2021-05-04 02:45:21.142002944,417.36102,0.0
2021-05-04,11.607547,107.808205,2021-05-04 02:45:21.287003136,416.89893,0.0
2021-05-04,11.624547,107.83374,2021-05-04 02:45:21.340996096,417.20004,0.0
2021-05-04,11.633083,107.84648,2021-05-04 02:45:21.367992320,417.24823,0.0
2021-05-04,11.641645,107.85919,2021-05-04 02:45:21.394989056,417.49622,0.0
2021-05-04,11.650232,107.87189,2021-05-04 02:45:21.422025728,417.3505,0.0
2021-05-04,11.658844,107.88455,2021-05-04 02:45:21.449021952,417.7034,0.0
2021-05-04,11.667489,107.89721,2021-05-04 02:45:21.476018432,418.31024,0.0
2021-05-04,11.590845,107.82083,2021-05-04 02:45:21.620012800,417.75003,0.0
2021-05-04,11.599343,107.83362,2021-05-04 02:45:21.647009280,418.0305,0.0
2021-05-04,11.607862,107.846375,2021-05-04 02:45:21.674005760,418.08728,0.0
2021-05-04,11.6164,107.85909,2021-05-04 02:45:21.701002240,418.0025,0.0
2021-05-04,11.624962,107.871796,2021-05-04 02:45:21.727998464,417.76385,0.0
2021-05-04,11.633549,107.88447,2021-05-04 02:45:21.754994944,417.42694,0.0
2021-05-04,11.642159,107.897125,2021-05-04 02:45:21.781991424,417.85187,0.0
2021-05-04,11.650799,107.90977,2021-05-04 02:45:21.808987904,417.40308,0.0
2021-05-04,11.574045,107.83327,2021-05-04 02:45:21.953022464,417.43112,0.0
2021-05-04,11.58252,107.84603,2021-05-04 02:45:21.980018944,417.7717,0.0
2021-05-04,11.59102,107.85878,2021-05-04 02:45:22.007015168,417.89642,0.0
2021-05-04,11.599544,107.8715,2021-05-04 02:45:22.034011904,417.72525,0.0
2021-05-04,11.608094,107.8842,2021-05-04 02:45:22.061008128,416.86743,0.0
2021-05-04,11.616694,107.8969,2021-05-04 02:45:22.088004608,417.35248,0.0
2021-05-04,11.625323,107.90958,2021-05-04 02:45:22.115001088,417.48734,0.0
2021-05-04,11.633976,107.92223,2021-05-04 02:45:22.141997568,418.66525,0.0
2021-05-04,11.557328,107.84584,2021-05-04 02:45:22.286997760,417.57513,0.0
2021-05-04,11.565809,107.85861,2021-05-04 02:45:22.313994240,417.8506,0.0
2021-05-04,11.574315,107.87137,2021-05-04 02:45:22.340990464,417.80057,0.0
2021-05-04,11.582844,107.884094,2021-05-04 02:45:22.367987200,417.6826,0.0
2021-05-04,11.5914,107.896805,2021-05-04 02:45:22.395023872,417.3632,0.0
2021-05-04,11.599981,107.909485,2021-05-04 02:45:22.422020096,417.35193,0.0
2021-05-04,11.608587,107.92215,2021-05-04 02:45:22.449016576,417.7843,0.0
2021-05-04,11.617222,107.93479,2021-05-04 02:45:22.476013056,417.53107,0.0
2021-05-04,11.54049,107.85824,2021-05-04 02:45:22.620007424,417.08496,0.0
2021-05-04,11.548973,107.870995,2021-05-04 02:45:22.647003904,418.49396,0.0
2021-05-04,11.557491,107.88374,2021-05-04 02:45:22.674000384,417.16498,0.0
2021-05-04,11.566045,107.89651,2021-05-04 02:45:22.700996608,418.41107,0.0
2021-05-04,11.574625,107.90924,2021-05-04 02:45:22.727993088,417.0286,0.0
2021-05-04,11.583229,107.92196,2021-05-04 02:45:22.754989568,417.89908,0.0
2021-05-04,11.59186,107.934654,2021-05-04 02:45:22.782026240,418.1118,0.0
2021-05-04,11.600515,107.94733,2021-05-04 02:45:22.809022720,417.7504,0.0
2021-05-04,11.523822,107.87088,2021-05-04 02:45:22.953017088,417.7269,0.0
2021-05-04,11.532306,107.88364,2021-05-04 02:45:22.980013312,418.6404,0.0
2021-05-04,11.540813,107.89637,2021-05-04 02:45:23.007010048,418.19733,0.0
2021-05-04,11.549347,107.90908,2021-05-04 02:45:23.034006272,417.0532,0.0
2021-05-04,11.557903,107.921776,2021-05-04 02:45:23.061002752,418.0629,0.0
2021-05-04,11.566486,107.934456,2021-05-04 02:45:23.087999232,417.5899,0.0
2021-05-04,11.575095,107.94712,2021-05-04 02:45:23.114995712,418.30643,0.0
2021-05-04,11.58373,107.95976,2021-05-04 02:45:23.141992192,418.7935,0.0
2021-05-04,11.507011,107.88331,2021-05-04 02:45:23.286992384,417.51077,0.0
2021-05-04,11.515499,107.89608,2021-05-04 02:45:23.313988608,417.2464,0.0
2021-05-04,11.524012,107.90882,2021-05-04 02:45:23.341025280,417.6606,0.0
2021-05-04,11.532548,107.92155,2021-05-04 02:45:23.368022016,417.56998,0.0
2021-05-04,11.541109,107.93425,2021-05-04 02:45:23.395018240,416.6069,0.0
2021-05-04,11.549695,107.94694,2021-05-04 02:45:23.422014720,417.7537,0.0
2021-05-04,11.558305,107.959595,2021-05-04 02:45:23.449011200,417.99692,0.0
2021-05-04,11.566941,107.97224,2021-05-04 02:45:23.476007424,418.66278,0.0
2021-05-04,11.490288,107.895874,2021-05-04 02:45:23.620002048,417.76016,0.0
2021-05-04,11.498784,107.90866,2021-05-04 02:45:23.646998528,417.27484,0.0
2021-05-04,11.515829,107.934135,2021-05-04 02:45:23.700991232,417.9982,0.0
2021-05-04,11.524384,107.94683,2021-05-04 02:45:23.727987712,417.59024,0.0
2021-05-04,11.532963,107.95951,2021-05-04 02:45:23.755024384,417.40997,0.0
2021-05-04,11.541569,107.97217,2021-05-04 02:45:23.782020864,418.31195,0.0
2021-05-04,11.550198,107.984795,2021-05-04 02:45:23.809017088,417.5149,0.0
2021-05-04,11.490514,107.933846,2021-05-04 02:45:24.007004416,416.72018,0.0
2021-05-04,11.499055,107.94658,2021-05-04 02:45:24.034000896,417.58206,0.0
2021-05-04,11.50762,107.95928,2021-05-04 02:45:24.060997376,416.9091,0.0
2021-05-04,11.516202,107.97196,2021-05-04 02:45:24.087993856,417.8622,0.0
2021-05-04,11.524802,107.984604,2021-05-04 02:45:24.114990336,418.1295,0.0
2021-05-04,11.533439,107.997246,2021-05-04 02:45:24.142027008,417.82584,0.0
2021-05-04,11.465241,107.93356,2021-05-04 02:45:24.314023424,416.4297,0.0
2021-05-04,11.490885,107.971825,2021-05-04 02:45:24.395012864,419.0824,0.0
2021-05-04,11.49948,107.98453,2021-05-04 02:45:24.422009344,417.13718,0.0
2021-05-04,11.508099,107.99721,2021-05-04 02:45:24.449005568,418.30652,0.0
2021-05-04,11.516731,108.00985,2021-05-04 02:45:24.476002304,418.33633,0.0
2021-05-04,11.440003,107.93336,2021-05-04 02:45:24.619996672,417.6152,0.0
2021-05-04,11.448481,107.94612,2021-05-04 02:45:24.646992896,417.3379,0.0
2021-05-04,11.456989,107.95887,2021-05-04 02:45:24.673989376,417.78558,0.0
2021-05-04,11.46554,107.97161,2021-05-04 02:45:24.701026048,416.10126,0.0
2021-05-04,11.474115,107.98434,2021-05-04 02:45:24.728022528,417.9844,0.0
2021-05-04,11.482715,107.99703,2021-05-04 02:45:24.755019008,417.02148,0.0
2021-05-04,11.491336,108.0097,2021-05-04 02:45:24.782015232,418.5276,0.0
2021-05-04,11.49998,108.02235,2021-05-04 02:45:24.809011968,417.58615,0.0
2021-05-04,11.423302,107.9459,2021-05-04 02:45:24.953006336,417.5632,0.0
2021-05-04,11.431778,107.95866,2021-05-04 02:45:24.980002560,418.70905,0.0
2021-05-04,11.440272,107.97139,2021-05-04 02:45:25.006999040,417.06982,0.0
2021-05-04,11.448795,107.98409,2021-05-04 02:45:25.033995520,418.02225,0.0
2021-05-04,11.457338,107.99678,2021-05-04 02:45:25.060992000,417.49362,0.0
2021-05-04,11.465927,108.009476,2021-05-04 02:45:25.087988480,417.66217,0.0
2021-05-04,11.474539,108.02214,2021-05-04 02:45:25.115025152,417.03055,0.0
2021-05-04,11.483174,108.03478,2021-05-04 02:45:25.142021376,418.97095,0.0
2021-05-04,11.406535,107.958435,2021-05-04 02:45:25.287021568,418.208,0.0
2021-05-04,11.415037,107.971214,2021-05-04 02:45:25.314018304,417.60846,0.0
2021-05-04,11.423537,107.983955,2021-05-04 02:45:25.341014528,418.2787,0.0
2021-05-04,11.432062,107.99667,2021-05-04 02:45:25.368011008,419.25327,0.0
2021-05-04,11.440614,108.00936,2021-05-04 02:45:25.395007488,419.4059,0.0
2021-05-04,11.449182,108.02202,2021-05-04 02:45:25.422003712,419.45645,0.0
2021-05-04,11.466375,108.04725,2021-05-04 02:45:25.475996672,417.44595,0.0
2021-05-04,11.406765,107.9964,2021-05-04 02:45:25.674024192,420.6466,0.0
2021-05-04,11.415291,108.009125,2021-05-04 02:45:25.701020672,420.32623,0.0
2021-05-04,11.381527,107.996216,2021-05-04 02:45:25.979997184,418.37784,0.0
2021-05-04,11.390028,108.008965,2021-05-04 02:45:26.006993664,419.32587,0.0
2021-05-04,11.407105,108.0344,2021-05-04 02:45:26.061026816,418.73917,0.0
2021-05-04,11.415686,108.04707,2021-05-04 02:45:26.088023296,419.4839,0.0
2021-05-04,11.43289,108.07229,2021-05-04 02:45:26.142016000,418.15973,0.0
2021-05-04,11.356232,107.99586,2021-05-04 02:45:26.287016448,419.38147,0.0
2021-05-04,11.364714,108.00863,2021-05-04 02:45:26.314012672,418.02,0.0
2021-05-04,11.373231,108.021385,2021-05-04 02:45:26.341009152,418.28482,0.0
2021-05-04,11.381767,108.03412,2021-05-04 02:45:26.368005632,418.68796,0.0
2021-05-04,11.390334,108.046814,2021-05-04 02:45:26.395001856,418.41647,0.0
2021-05-04,11.398915,108.05949,2021-05-04 02:45:26.421998592,417.74445,0.0
2021-05-04,11.339504,108.008385,2021-05-04 02:45:26.620025856,418.4207,0.0
2021-05-04,11.348001,108.02117,2021-05-04 02:45:26.647022336,419.4007,0.0
2021-05-04,11.356522,108.03393,2021-05-04 02:45:26.674018816,417.49292,0.0
2021-05-04,11.3821745,108.072014,2021-05-04 02:45:26.755008256,418.04282,0.0
2021-05-04,11.390768,108.084656,2021-05-04 02:45:26.782004480,419.15793,0.0
2021-05-04,11.322726,108.020874,2021-05-04 02:45:26.952995328,417.59464,0.0
2021-05-04,11.331211,108.03365,2021-05-04 02:45:26.979991808,418.2397,0.0
2021-05-04,11.339718,108.04641,2021-05-04 02:45:27.006988288,417.55948,0.0
2021-05-04,11.348246,108.05914,2021-05-04 02:45:27.034024960,419.0679,0.0
2021-05-04,11.356808,108.07184,2021-05-04 02:45:27.061021440,418.1361,0.0
2021-05-04,11.365401,108.08455,2021-05-04 02:45:27.088017664,419.34058,0.0
2021-05-04,11.306067,108.033516,2021-05-04 02:45:27.287010816,419.91913,0.0
2021-05-04,11.314516,108.04625,2021-05-04 02:45:27.314007296,418.75668,0.0
2021-05-04,11.323034,108.058975,2021-05-04 02:45:27.341003776,418.8149,0.0
2021-05-04,11.331559,108.07168,2021-05-04 02:45:27.368000000,418.9162,0.0
2021-05-04,11.340114,108.08435,2021-05-04 02:45:27.394996736,417.6493,0.0
2021-05-04,11.27248,108.05836,2021-05-04 02:45:27.952989952,418.28873,0.0
2021-05-04,11.280974,108.071144,2021-05-04 02:45:27.980026624,419.49823,0.0
2021-05-04,11.298025,108.096634,2021-05-04 02:45:28.034019584,417.18063,0.0
2021-05-04,11.306581,108.10937,2021-05-04 02:45:28.061015808,419.47308,0.0
2021-05-04,11.315165,108.122055,2021-05-04 02:45:28.088012288,418.5319,0.0
2021-05-04,11.3237705,108.134705,2021-05-04 02:45:28.115008768,418.7047,0.0
2021-05-04,11.255633,108.07071,2021-05-04 02:45:28.287005440,418.84634,0.0
2021-05-04,11.264138,108.083496,2021-05-04 02:45:28.314001920,419.40146,0.0
2021-05-04,11.272643,108.09626,2021-05-04 02:45:28.340998144,418.91272,0.0
2021-05-04,11.281179,108.10899,2021-05-04 02:45:28.367994880,418.18683,0.0
2021-05-04,11.289743,108.12171,2021-05-04 02:45:28.394991104,419.8665,0.0
2021-05-04,11.298334,108.13442,2021-05-04 02:45:28.422027776,419.68002,0.0
2021-05-04,11.306952,108.1471,2021-05-04 02:45:28.449024256,420.0447,0.0
2021-05-04,11.238873,108.08321,2021-05-04 02:45:28.620015104,419.30453,0.0
2021-05-04,11.247359,108.096,2021-05-04 02:45:28.647011584,419.27777,0.0
2021-05-04,11.255876,108.10876,2021-05-04 02:45:28.674007808,419.71796,0.0
2021-05-04,11.264414,108.1215,2021-05-04 02:45:28.701004544,418.92813,0.0
2021-05-04,11.272979,108.13422,2021-05-04 02:45:28.728000768,419.4104,0.0
2021-05-04,11.222102,108.09571,2021-05-04 02:45:28.953024768,419.0604,0.0
2021-05-04,11.23059,108.1085,2021-05-04 02:45:28.980021248,419.87302,0.0
2021-05-04,11.239111,108.12126,2021-05-04 02:45:29.007017728,419.20425,0.0
2021-05-04,11.247646,108.134,2021-05-04 02:45:29.034013952,420.12137,0.0
2021-05-04,11.256214,108.14672,2021-05-04 02:45:29.061010432,419.82114,0.0
2021-05-04,11.273427,108.17212,2021-05-04 02:45:29.115003392,419.78796,0.0
2021-05-04,11.282073,108.184784,2021-05-04 02:45:29.141999616,419.79504,0.0
2021-05-04,11.205329,108.10821,2021-05-04 02:45:29.287000064,419.7219,0.0
2021-05-04,11.213831,108.120995,2021-05-04 02:45:29.313996288,420.1019,0.0
2021-05-04,11.222343,108.13376,2021-05-04 02:45:29.340993024,420.21597,0.0
2021-05-04,11.239449,108.159225,2021-05-04 02:45:29.395025920,420.0861,0.0
2021-05-04,11.2566595,108.18461,2021-05-04 02:45:29.449018880,419.30283,0.0
2021-05-04,11.26531,108.19729,2021-05-04 02:45:29.476015360,418.72415,0.0
2021-05-04,11.197097,108.1336,2021-05-04 02:45:29.647005952,419.94604,0.0
2021-05-04,11.21414,108.159096,2021-05-04 02:45:29.700998912,419.423,0.0
2021-05-04,11.222698,108.1718,2021-05-04 02:45:29.727995392,418.50647,0.0
2021-05-04,11.239892,108.19715,2021-05-04 02:45:29.781988096,418.8361,0.0
2021-05-04,11.248525,108.209785,2021-05-04 02:45:29.809024768,419.15213,0.0
2021-05-04,11.205988,108.18434,2021-05-04 02:45:30.061005056,418.56622,0.0
2021-05-04,11.223188,108.2097,2021-05-04 02:45:30.114997760,418.0669,0.0
2021-05-04,11.172069,108.1713,2021-05-04 02:45:30.340987392,418.15024,0.0
2021-05-04,11.180617,108.18406,2021-05-04 02:45:30.368024064,419.1447,0.0
2021-05-04,11.189192,108.1968,2021-05-04 02:45:30.395020544,417.5921,0.0
2021-05-04,11.197791,108.20951,2021-05-04 02:45:30.422017024,417.5954,0.0
2021-05-04,11.215063,108.23487,2021-05-04 02:45:30.476009728,418.82748,0.0
2021-05-04,11.138267,108.158195,2021-05-04 02:45:30.620004096,418.13208,0.0
2021-05-04,11.146752,108.17097,2021-05-04 02:45:30.647000832,418.86542,0.0
2021-05-04,11.155272,108.18373,2021-05-04 02:45:30.673997056,417.74863,0.0
2021-05-04,11.1724,108.20921,2021-05-04 02:45:30.727990016,418.36374,0.0
2021-05-04,11.181004,108.221924,2021-05-04 02:45:30.754986240,417.88968,0.0
2021-05-04,11.189633,108.23461,2021-05-04 02:45:30.782022912,418.52408,0.0
2021-05-04,11.198289,108.247284,2021-05-04 02:45:30.809019648,419.42828,0.0
2021-05-04,11.138563,108.1963,2021-05-04 02:45:31.007006720,418.4261,0.0
2021-05-04,11.147104,108.209045,2021-05-04 02:45:31.034003200,418.8877,0.0
2021-05-04,11.155671,108.22177,2021-05-04 02:45:31.060999680,417.79953,0.0
2021-05-04,11.164253,108.23445,2021-05-04 02:45:31.087995904,419.35876,0.0
2021-05-04,11.17286,108.24711,2021-05-04 02:45:31.114992640,417.50314,0.0
2021-05-04,11.181492,108.25974,2021-05-04 02:45:31.141989120,417.7829,0.0
2021-05-04,11.104706,108.18306,2021-05-04 02:45:31.286989312,418.85938,0.0
2021-05-04,11.113213,108.19587,2021-05-04 02:45:31.314025984,419.9281,0.0
2021-05-04,11.121742,108.20866,2021-05-04 02:45:31.341022208,418.87726,0.0
2021-05-04,11.147482,108.24687,2021-05-04 02:45:31.422011648,418.75525,0.0
2021-05-04,11.156114,108.25957,2021-05-04 02:45:31.449007872,418.81802,0.0
2021-05-04,11.1647625,108.27223,2021-05-04 02:45:31.476004352,418.62076,0.0
2021-05-04,11.087993,108.19564,2021-05-04 02:45:31.619998976,418.41113,0.0
2021-05-04,11.113547,108.23394,2021-05-04 02:45:31.700988160,417.87683,0.0
2021-05-04,11.1393385,108.27204,2021-05-04 02:45:31.782017792,419.6477,0.0
2021-05-04,11.147985,108.2847,2021-05-04 02:45:31.809014016,418.28336,0.0
2021-05-04,11.071266,108.208176,2021-05-04 02:45:31.953008384,418.22726,0.0
2021-05-04,11.0797615,108.22098,2021-05-04 02:45:31.980004864,418.43613,0.0
2021-05-04,11.088277,108.23375,2021-05-04 02:45:32.007001344,417.25546,0.0
2021-05-04,11.096817,108.246506,2021-05-04 02:45:32.033997824,417.38306,0.0
2021-05-04,11.122571,108.28458,2021-05-04 02:45:32.115027456,418.66016,0.0
2021-05-04,11.131203,108.29721,2021-05-04 02:45:32.142023680,418.7719,0.0
2021-05-04,11.079994,108.25886,2021-05-04 02:45:32.368013312,417.4436,0.0
2021-05-04,11.037703,108.23306,2021-05-04 02:45:32.619993344,418.26962,0.0
2021-05-04,11.054716,108.25861,2021-05-04 02:45:32.674026496,418.43698,0.0
2021-05-04,11.063251,108.27134,2021-05-04 02:45:32.701022976,417.9147,0.0
2021-05-04,11.071807,108.28406,2021-05-04 02:45:32.728019200,417.03503,0.0
2021-05-04,11.020951,108.24553,2021-05-04 02:45:32.953003008,416.98373,0.0
2021-05-04,11.02945,108.25833,2021-05-04 02:45:32.979999488,417.86145,0.0
2021-05-04,11.037978,108.27111,2021-05-04 02:45:33.006995968,417.20334,0.0
2021-05-04,11.046528,108.28387,2021-05-04 02:45:33.033992192,417.49173,0.0
2021-05-04,11.055101,108.2966,2021-05-04 02:45:33.060988928,417.06036,0.0
2021-05-04,11.00416,108.25797,2021-05-04 02:45:33.287018496,417.8509,0.0
2021-05-04,11.012643,108.27075,2021-05-04 02:45:33.314014976,417.70364,0.0
2021-05-04,11.029679,108.29624,2021-05-04 02:45:33.368007936,416.92633,0.0
2021-05-04,10.98734,108.2704,2021-05-04 02:45:33.619987968,417.68668,0.0
2021-05-04,10.995825,108.28319,2021-05-04 02:45:33.647024640,417.61362,0.0
2021-05-04,11.01288,108.30869,2021-05-04 02:45:33.701017344,418.77692,0.0
2021-05-04,11.021449,108.32142,2021-05-04 02:45:33.728014080,417.5563,0.0
2021-05-04,10.970587,108.282875,2021-05-04 02:45:33.952997632,417.66562,0.0
2021-05-04,10.97907,108.295654,2021-05-04 02:45:33.979994112,417.6585,0.0
2021-05-04,10.996086,108.321144,2021-05-04 02:45:34.034027008,418.19327,0.0
2021-05-04,11.004635,108.333855,2021-05-04 02:45:34.061023744,417.60583,0.0
2021-05-04,11.013223,108.34656,2021-05-04 02:45:34.088019968,418.516,0.0
2021-05-04,10.953787,108.29534,2021-05-04 02:45:34.287013120,418.6655,0.0
2021-05-04,10.970774,108.32087,2021-05-04 02:45:34.341006080,418.0102,0.0
2021-05-29,10.806822,106.92212,2021-05-29 05:58:28.047008512,415.58823,0.0
2021-05-29,10.870805,106.92944,2021-05-29 05:58:29.100996096,417.39062,0.0
2021-05-29,11.285581,107.25398,2021-05-29 05:58:37.407005952,416.6443,0.0
2021-05-29,11.399763,107.29885,2021-05-29 05:58:39.460988160,417.40237,0.0
2021-05-29,11.207714,108.64247,2021-05-29 05:58:50.488005120,415.9957,0.0
2021-05-29,11.2245455,108.654915,2021-05-29 05:58:50.822020864,415.51596,0.0
2021-05-29,11.220252,108.68953,2021-05-29 05:58:51.100997376,415.4007,0.0
2021-05-29,11.230844,108.67846,2021-05-29 05:58:51.127993856,415.62695,0.0
2021-05-29,11.241403,108.667366,2021-05-29 05:58:51.154990080,415.24948,0.0
2021-05-29,11.226414,108.7131,2021-05-29 05:58:51.407010560,415.60233,0.0
2021-05-29,11.258233,108.67982,2021-05-29 05:58:51.488000000,416.14966,0.0
2021-05-29,11.259878,108.73817,2021-05-29 05:58:52.073995520,416.25037,0.0
2021-05-29,11.291706,108.70489,2021-05-29 05:58:52.155024896,416.663,0.0
2021-05-29,11.302244,108.69377,2021-05-29 05:58:52.182021376,417.20627,0.0
2021-05-29,11.312796,108.6826,2021-05-29 05:58:52.209017856,416.3353,0.0
2021-05-29,11.297882,108.728485,2021-05-29 05:58:52.460998144,415.87848,0.0
2021-05-29,11.329519,108.69511,2021-05-29 05:58:52.541987328,416.68527,0.0
2021-05-29,11.3358,108.71876,2021-05-29 05:58:52.849006336,415.58487,0.0
2021-05-29,11.320853,108.764565,2021-05-29 05:58:53.101026816,415.6846,0.0
2021-05-29,11.327061,108.78809,2021-05-29 05:58:53.406999552,416.34598,0.0
2021-05-29,11.419776,108.781235,2021-05-29 05:58:54.515020288,416.79825,0.0
2021-05-29,11.426018,108.80486,2021-05-29 05:58:54.821999104,416.2123,0.0
2021-05-29,11.436562,108.79373,2021-05-29 05:58:54.848995328,415.76675,0.0
2021-05-29,11.447087,108.782585,2021-05-29 05:58:54.875991808,416.10068,0.0
2021-05-29,11.389662,108.872665,2021-05-29 05:58:55.020026624,417.08804,0.0
2021-05-29,11.400363,108.861626,2021-05-29 05:58:55.047023104,417.84586,0.0
2021-05-29,11.411029,108.85058,2021-05-29 05:58:55.074019328,415.88235,0.0
2021-05-29,11.442827,108.817345,2021-05-29 05:58:55.155008768,415.61835,0.0
2021-05-29,11.453372,108.80622,2021-05-29 05:58:55.182005248,415.40784,0.0
2021-05-29,11.463891,108.79508,2021-05-29 05:58:55.209001472,415.47647,0.0
2021-05-29,11.438474,108.85204,2021-05-29 05:58:55.433985280,415.49445,0.0
2021-05-29,11.449101,108.84094,2021-05-29 05:58:55.461021952,415.1113,0.0
2021-05-29,11.459677,108.82983,2021-05-29 05:58:55.488018432,415.28107,0.0
2021-05-29,11.470224,108.818695,2021-05-29 05:58:55.515014912,415.8995,0.0
2021-05-29,11.480745,108.80754,2021-05-29 05:58:55.542011136,415.18524,0.0
2021-05-29,11.455222,108.86452,2021-05-29 05:58:55.768000768,415.85516,0.0
2021-05-29,11.465834,108.853424,2021-05-29 05:58:55.794997248,414.9691,0.0
2021-05-29,11.476415,108.842316,2021-05-29 05:58:55.821993472,415.33676,0.0
2021-05-29,11.486969,108.831184,2021-05-29 05:58:55.848989952,414.97092,0.0
2021-05-29,11.497492,108.82003,2021-05-29 05:58:55.875986688,415.62372,0.0
2021-05-29,11.450648,108.89916,2021-05-29 05:58:56.047017472,416.37222,0.0
2021-05-29,11.47195,108.87705,2021-05-29 05:58:56.101010432,415.7013,0.0
2021-05-29,11.482563,108.86597,2021-05-29 05:58:56.128006912,414.8738,0.0
2021-05-29,11.456791,108.92266,2021-05-29 05:58:56.352990720,417.11697,0.0
2021-05-29,11.467495,108.91164,2021-05-29 05:58:56.380027392,415.80405,0.0
2021-05-29,11.510031,108.86729,2021-05-29 05:58:56.488013056,416.10434,0.0
2021-05-29,11.520583,108.85616,2021-05-29 05:58:56.515009280,415.52692,0.0
2021-05-29,11.473576,108.93518,2021-05-29 05:58:56.687005952,416.24396,0.0
2021-05-29,11.50557,108.90206,2021-05-29 05:58:56.767995392,416.34576,0.0
2021-05-29,11.516183,108.890976,2021-05-29 05:58:56.794991616,415.54285,0.0
2021-05-29,11.52677,108.87987,2021-05-29 05:58:56.821988096,415.2124,0.0
2021-05-29,11.537328,108.868744,2021-05-29 05:58:56.849024768,415.31833,0.0
2021-05-29,11.547859,108.85759,2021-05-29 05:58:56.876021504,416.2991,0.0
2021-05-29,11.490335,108.94773,2021-05-29 05:58:57.020015616,415.6954,0.0
2021-05-29,11.501028,108.93671,2021-05-29 05:58:57.047012096,415.8051,0.0
2021-05-29,11.511697,108.92566,2021-05-29 05:58:57.074008576,415.83917,0.0
2021-05-29,11.554126,108.881226,2021-05-29 05:58:57.181994496,415.21548,0.0
2021-05-29,11.564665,108.87007,2021-05-29 05:58:57.208990720,415.38135,0.0
2021-05-29,11.507147,108.96023,2021-05-29 05:58:57.353025536,415.61108,0.0
2021-05-29,11.517838,108.9492,2021-05-29 05:58:57.380021760,415.32397,0.0
2021-05-29,11.523911,108.97274,2021-05-29 05:58:57.687000832,415.9705,0.0
2021-05-29,11.534601,108.96172,2021-05-29 05:58:57.713997056,416.21872,0.0
2021-05-29,11.545263,108.95068,2021-05-29 05:58:57.740993536,415.56903,0.0
2021-05-29,11.555899,108.93962,2021-05-29 05:58:57.767989760,417.60587,0.0
2021-05-29,11.577089,108.917435,2021-05-29 05:58:57.822022912,416.07632,0.0
2021-05-29,11.587645,108.90631,2021-05-29 05:58:57.849019648,415.6983,0.0
2021-05-29,11.540677,108.98527,2021-05-29 05:58:58.020010240,415.57187,0.0
2021-05-29,11.551376,108.974236,2021-05-29 05:58:58.047006720,415.8331,0.0
2021-05-29,11.562042,108.96319,2021-05-29 05:58:58.074003200,416.80774,0.0
2021-05-29,11.572671,108.95213,2021-05-29 05:58:58.100999680,415.4899,0.0
2021-05-29,11.604398,108.91884,2021-05-29 05:58:58.181988864,414.76135,0.0
2021-05-29,11.614922,108.9077,2021-05-29 05:58:58.209025536,416.18008,0.0
2021-05-29,11.557399,108.99783,2021-05-29 05:58:58.353019904,416.80884,0.0
2021-05-29,11.568107,108.98679,2021-05-29 05:58:58.380016384,416.39548,0.0
2021-05-29,11.578787,108.97573,2021-05-29 05:58:58.407012864,416.51312,0.0
2021-05-29,11.589441,108.964645,2021-05-29 05:58:58.434009344,416.15082,0.0
2021-05-29,11.600069,108.95354,2021-05-29 05:58:58.461005568,416.77542,0.0
2021-05-29,11.610673,108.94241,2021-05-29 05:58:58.488002048,416.60812,0.0
2021-05-29,11.574336,109.01023,2021-05-29 05:58:58.686995200,416.0436,0.0
2021-05-29,11.585021,108.999214,2021-05-29 05:58:58.713991680,414.93118,0.0
2021-05-29,11.638034,108.9438,2021-05-29 05:58:58.849014016,416.72586,0.0
2021-05-29,11.633597,108.97863,2021-05-29 05:58:59.127990784,416.75742,0.0
2021-05-29,11.654743,108.95638,2021-05-29 05:58:59.182023680,416.0984,0.0
2021-05-29,11.6652775,108.94522,2021-05-29 05:58:59.209020160,415.10352,0.0
2021-05-29,11.650435,108.9911,2021-05-29 05:58:59.461000192,417.97144,0.0
2021-05-29,11.661028,108.97999,2021-05-29 05:58:59.487996672,414.99026,0.0
2021-05-29,11.668805,109.06192,2021-05-29 05:59:00.380005632,417.08218,0.0
2021-05-29,11.700728,109.02872,2021-05-29 05:59:00.460994816,415.9765,0.0
2021-05-29,11.711314,109.0176,2021-05-29 05:59:00.487991296,415.58466,0.0
2021-05-29,11.696258,109.06336,2021-05-29 05:59:00.741017344,417.8862,0.0
2021-05-29,11.713013,109.07593,2021-05-29 05:59:01.073987072,417.1379,0.0
2021-05-29,11.723652,109.06487,2021-05-29 05:59:01.101023744,416.9574,0.0
2021-05-29,11.734265,109.05379,2021-05-29 05:59:01.128019968,416.22296,0.0
2021-05-29,11.744841,109.04268,2021-05-29 05:59:01.155016448,416.1362,0.0
2021-05-29,11.74043,109.077415,2021-05-29 05:59:01.433992960,417.3939,0.0
2021-05-29,11.751058,109.06633,2021-05-29 05:59:01.460989440,416.41022,0.0
2021-05-29,11.73593,109.11201,2021-05-29 05:59:01.714015488,418.6177,0.0
2021-05-29,11.746588,109.10095,2021-05-29 05:59:01.741012224,416.21136,0.0
2021-05-29,11.778425,109.06774,2021-05-29 05:59:01.822001408,416.50473,0.0
2021-05-29,11.784597,109.09138,2021-05-29 05:59:02.128014592,416.22043,0.0
2021-05-29,11.795208,109.08024,2021-05-29 05:59:02.155010816,417.1078,0.0
2021-05-29,11.758856,109.14793,2021-05-29 05:59:02.352998144,417.3123,0.0
2021-05-29,11.769525,109.13695,2021-05-29 05:59:02.379994624,417.0055,0.0
2021-05-29,11.790807,109.1149,2021-05-29 05:59:02.433987584,417.29688,0.0
2021-05-29,11.801421,109.10382,2021-05-29 05:59:02.461024256,415.06723,0.0
2021-05-29,11.796927,109.13851,2021-05-29 05:59:02.741006592,417.3214,0.0
2021-05-29,11.82879,109.10527,2021-05-29 05:59:02.821996032,415.1955,0.0
2021-05-29,11.839349,109.09414,2021-05-29 05:59:02.848992256,415.24265,0.0
2021-05-29,11.813676,109.15113,2021-05-29 05:59:03.074016256,416.7413,0.0
2021-05-29,11.866614,109.09558,2021-05-29 05:59:03.208998400,416.18405,0.0
2021-05-29,11.916977,109.13318,2021-05-29 05:59:04.208993024,416.8628,0.0
2021-05-29,11.933678,109.14579,2021-05-29 05:59:04.542002688,418.37997,0.0
2021-05-29,11.984074,109.18334,2021-05-29 05:59:05.541997312,416.82547,0.0
2021-05-31,22.469849,105.809494,2021-05-31 06:02:43.218989824,417.6012,0.0
2021-05-31,22.452732,105.85724,2021-05-31 06:02:43.471010304,418.8453,0.0
2021-05-31,22.474949,105.834885,2021-05-31 06:02:43.525003264,417.51346,0.0
2021-05-31,22.485994,105.82367,2021-05-31 06:02:43.551999488,417.46,0.0
2021-05-31,22.661211,106.04267,2021-05-31 06:02:47.803998208,418.85782,0.0
2021-05-31,22.666143,106.068,2021-05-31 06:02:48.111017216,417.0954,0.0
2021-05-31,22.721676,106.01207,2021-05-31 06:02:48.245999616,417.24237,0.0
2021-05-31,22.735031,106.15063,2021-05-31 06:02:49.749994496,416.78302,0.0
2021-06-17,22.29401,103.663376,2021-06-17 08:53:45.453007104,414.89267,0.0
2021-06-17,22.034863,104.03834,2021-06-17 08:53:52.309015040,415.60706,0.0
2021-06-17,21.274944,104.658516,2021-06-17 08:54:07.587990784,417.63498,0.0
2021-06-17,21.223421,104.62014,2021-06-17 08:54:07.813014784,417.50095,0.0
2021-06-17,21.249916,104.65944,2021-06-17 08:54:07.894003968,417.57288,0.0
2021-06-17,21.244286,104.726494,2021-06-17 08:54:08.642018304,416.80673,0.0
2021-06-17,21.22817,104.74051,2021-06-17 08:54:08.974988032,416.90607,0.0
2021-06-17,21.211994,104.75449,2021-06-17 08:54:09.309003264,416.34958,0.0
2021-06-17,21.152979,104.743324,2021-06-17 08:54:09.893993216,420.6665,0.0
2021-06-17,20.969154,104.96327,2021-06-17 08:54:14.309016576,415.36707,0.0
2021-06-17,20.709993,105.185326,2021-06-17 08:54:19.641999104,418.86447,0.0
2021-06-17,20.651138,105.17421,2021-06-17 08:54:20.227994624,418.05905,0.0
2021-06-17,20.661552,105.22721,2021-06-17 08:54:20.641993472,416.477,0.0
2021-06-17,20.636456,105.228065,2021-06-17 08:54:20.948006912,416.45105,0.0
2021-06-17,20.64535,105.241066,2021-06-17 08:54:20.975003136,418.5836,0.0
2021-06-17,20.629082,105.254814,2021-06-17 08:54:21.309018624,415.95963,0.0
2021-06-17,20.564114,105.31008,2021-06-17 08:54:22.642023168,415.69226,0.0
2021-06-17,20.316412,105.39743,2021-06-17 08:54:26.480022784,416.29898,0.0
2021-06-17,20.279156,105.53169,2021-06-17 08:54:28.282024704,418.14597,0.0
2021-06-17,20.288006,105.54465,2021-06-17 08:54:28.309020928,418.43372,0.0
2021-06-17,20.198046,105.60058,2021-06-17 08:54:29.947998208,417.7977,0.0
2021-06-17,20.206894,105.61354,2021-06-17 08:54:29.974994688,419.26132,0.0
2021-06-17,20.164127,105.588295,2021-06-17 08:54:30.228020992,418.51147,0.0
2021-06-17,20.190605,105.62728,2021-06-17 08:54:30.309009920,417.76947,0.0
2021-06-17,20.147867,105.60203,2021-06-17 08:54:30.560990208,418.71207,0.0
2021-06-17,20.174376,105.64108,2021-06-17 08:54:30.642019840,419.0981,0.0
2021-06-17,20.122753,105.60263,2021-06-17 08:54:30.867003392,418.03943,0.0
2021-06-17,20.13154,105.61569,2021-06-17 08:54:30.894000128,417.94965,0.0
2021-06-17,20.149189,105.641754,2021-06-17 08:54:30.947992832,418.39554,0.0
2021-06-17,20.15805,105.65475,2021-06-17 08:54:30.974989056,417.18637,0.0
2021-06-17,20.080357,105.57722,2021-06-17 08:54:31.119989504,416.67606,0.0
2021-06-17,20.097767,105.60337,2021-06-17 08:54:31.174022656,416.89395,0.0
2021-06-17,20.11527,105.62944,2021-06-17 08:54:31.228015360,417.23105,0.0
2021-06-17,20.132887,105.65544,2021-06-17 08:54:31.282008064,416.80182,0.0
2021-06-17,20.141748,105.668434,2021-06-17 08:54:31.309004800,417.43454,0.0
2021-06-17,20.072811,105.60409,2021-06-17 08:54:31.479995392,417.3832,0.0
2021-06-17,20.081526,105.61715,2021-06-17 08:54:31.506991872,416.26785,0.0
2021-06-17,20.090263,105.63019,2021-06-17 08:54:31.533988352,416.85324,0.0
2021-06-17,20.099026,105.6432,2021-06-17 08:54:31.561025024,417.28796,0.0
2021-06-17,20.116623,105.669174,2021-06-17 08:54:31.615017984,417.84534,0.0
2021-06-17,20.12546,105.68213,2021-06-17 08:54:31.642014464,416.6188,0.0
2021-06-17,20.047798,105.60463,2021-06-17 08:54:31.786008832,416.85406,0.0
2021-06-17,20.056509,105.61775,2021-06-17 08:54:31.813005312,415.80826,0.0
2021-06-17,20.065243,105.63085,2021-06-17 08:54:31.840001536,416.46512,0.0
2021-06-17,20.074,105.64393,2021-06-17 08:54:31.866998272,417.0411,0.0
2021-06-17,20.082766,105.65696,2021-06-17 08:54:31.893994496,416.65573,0.0
2021-06-17,20.10037,105.68295,2021-06-17 08:54:31.947987200,417.088,0.0
2021-06-17,20.109211,105.69592,2021-06-17 08:54:31.975023872,415.7547,0.0
2021-06-17,20.03151,105.618355,2021-06-17 08:54:32.120024320,415.9834,0.0
2021-06-17,20.040215,105.63147,2021-06-17 08:54:32.147020800,415.5021,0.0
2021-06-17,20.048944,105.64456,2021-06-17 08:54:32.174017280,417.76703,0.0
2021-06-17,20.057697,105.65762,2021-06-17 08:54:32.201013504,417.17166,0.0
2021-06-17,20.066473,105.67068,2021-06-17 08:54:32.228009984,417.50674,0.0
2021-06-17,20.075274,105.68369,2021-06-17 08:54:32.255006208,417.49936,0.0
2021-06-17,20.084095,105.696686,2021-06-17 08:54:32.282002944,416.52893,0.0
2021-06-17,20.09294,105.709656,2021-06-17 08:54:32.308999424,417.27985,0.0
2021-06-17,20.023962,105.64518,2021-06-17 08:54:32.479990016,417.45465,0.0
2021-06-17,20.03269,105.65827,2021-06-17 08:54:32.507026688,416.38815,0.0
2021-06-17,20.041443,105.67134,2021-06-17 08:54:32.534023168,416.95792,0.0
2021-06-17,20.050219,105.68439,2021-06-17 08:54:32.561019648,417.09555,0.0
2021-06-17,20.059011,105.697395,2021-06-17 08:54:32.588016128,417.51117,0.0
2021-06-17,20.06784,105.71041,2021-06-17 08:54:32.615012608,416.04034,0.0
2021-06-17,20.076683,105.72338,2021-06-17 08:54:32.642009088,415.40265,0.0
2021-06-17,20.016394,105.67193,2021-06-17 08:54:32.839996416,416.07303,0.0
2021-06-17,20.025133,105.68498,2021-06-17 08:54:32.866992640,416.83273,0.0
2021-06-17,20.033918,105.698044,2021-06-17 08:54:32.893989120,418.23877,0.0
2021-06-17,20.042715,105.711075,2021-06-17 08:54:32.921025792,417.5626,0.0
2021-06-17,20.051552,105.7241,2021-06-17 08:54:32.948022016,416.1979,0.0
2021-06-17,20.060404,105.73709,2021-06-17 08:54:32.975018496,416.25217,0.0
2021-06-17,19.982779,105.65961,2021-06-17 08:54:33.120018944,416.59015,0.0
2021-06-17,19.991468,105.67269,2021-06-17 08:54:33.147015424,416.57037,0.0
2021-06-17,20.017675,105.71181,2021-06-17 08:54:33.228004352,416.48587,0.0
2021-06-17,20.026457,105.7248,2021-06-17 08:54:33.255001088,417.4223,0.0
2021-06-17,20.035275,105.73779,2021-06-17 08:54:33.281997568,415.00693,0.0
2021-06-17,20.044104,105.75076,2021-06-17 08:54:33.308993792,416.3979,0.0
2021-06-17,19.966461,105.67327,2021-06-17 08:54:33.452988160,416.01538,0.0
2021-06-17,19.975159,105.68638,2021-06-17 08:54:33.480024832,416.53485,0.0
2021-06-17,20.001389,105.72554,2021-06-17 08:54:33.561014272,416.16418,0.0
2021-06-17,20.010181,105.738556,2021-06-17 08:54:33.588010752,417.76053,0.0
2021-06-17,20.018997,105.75154,2021-06-17 08:54:33.615007232,416.69287,0.0
2021-06-17,20.027817,105.76448,2021-06-17 08:54:33.642003456,417.75742,0.0
2021-06-17,19.950186,105.68696,2021-06-17 08:54:33.785997824,416.46536,0.0
2021-06-17,19.967598,105.71315,2021-06-17 08:54:33.839990784,415.5679,0.0
2021-06-17,19.993914,105.75227,2021-06-17 08:54:33.921020160,416.66827,0.0
2021-06-17,20.002739,105.76528,2021-06-17 08:54:33.948016640,415.76956,0.0
2021-06-17,20.011587,105.77826,2021-06-17 08:54:33.975013376,418.2811,0.0
2021-06-17,19.933962,105.70073,2021-06-17 08:54:34.120013568,416.043,0.0
2021-06-17,19.94265,105.71384,2021-06-17 08:54:34.147009792,415.49155,0.0
2021-06-17,19.951359,105.72691,2021-06-17 08:54:34.174006272,416.9308,0.0
2021-06-17,19.960093,105.739975,2021-06-17 08:54:34.201002496,416.25803,0.0
2021-06-17,19.968851,105.753006,2021-06-17 08:54:34.227999232,416.9025,0.0
2021-06-17,19.977633,105.76602,2021-06-17 08:54:34.254995712,416.34744,0.0
2021-06-17,19.98644,105.779,2021-06-17 08:54:34.281991936,416.50357,0.0
2021-06-17,19.995283,105.79197,2021-06-17 08:54:34.308988672,415.41708,0.0
2021-06-17,19.917656,105.714386,2021-06-17 08:54:34.453022976,415.63138,0.0
2021-06-17,19.926346,105.72749,2021-06-17 08:54:34.480019456,415.86005,0.0
2021-06-17,19.935059,105.74058,2021-06-17 08:54:34.507015936,416.17993,0.0
2021-06-17,19.943794,105.75365,2021-06-17 08:54:34.534012416,416.5562,0.0
2021-06-17,19.961336,105.77971,2021-06-17 08:54:34.588005376,417.48846,0.0
2021-06-17,19.970144,105.7927,2021-06-17 08:54:34.615001600,417.65244,0.0
2021-06-17,19.978977,105.80568,2021-06-17 08:54:34.641998080,417.57376,0.0
2021-06-17,19.901327,105.72806,2021-06-17 08:54:34.785992704,415.78726,0.0
2021-06-17,19.910017,105.74114,2021-06-17 08:54:34.812988928,415.95712,0.0
2021-06-17,19.918728,105.7542,2021-06-17 08:54:34.840025600,414.82068,0.0
2021-06-17,19.945013,105.79332,2021-06-17 08:54:34.921014784,415.80313,0.0
2021-06-17,19.953825,105.80632,2021-06-17 08:54:34.948011520,416.14923,0.0
2021-06-17,19.962662,105.819305,2021-06-17 08:54:34.975007744,415.4532,0.0
2021-06-17,19.893742,105.754875,2021-06-17 08:54:35.147004416,416.97678,0.0
2021-06-17,19.911203,105.781006,2021-06-17 08:54:35.200997376,415.68732,0.0
2021-06-17,19.92876,105.80704,2021-06-17 08:54:35.254990080,416.96973,0.0
2021-06-17,19.937576,105.82004,2021-06-17 08:54:35.282026752,416.21976,0.0
2021-06-17,19.946413,105.833015,2021-06-17 08:54:35.309023488,417.2519,0.0
2021-06-17,19.894972,105.794754,2021-06-17 08:54:35.534007040,415.72702,0.0
2021-06-17,19.903732,105.80777,2021-06-17 08:54:35.561003520,416.00546,0.0
2021-06-17,19.912518,105.82077,2021-06-17 08:54:35.587999744,415.50085,0.0
2021-06-17,19.921326,105.83375,2021-06-17 08:54:35.614996224,414.55164,0.0
2021-06-17,19.93016,105.8467,2021-06-17 08:54:35.641992448,416.84436,0.0
2021-06-17,19.852577,105.769165,2021-06-17 08:54:35.785987072,415.90027,0.0
2021-06-17,19.878735,105.80842,2021-06-17 08:54:35.867016448,415.6807,0.0
2021-06-17,19.887497,105.82145,2021-06-17 08:54:35.894012928,415.40903,0.0
2021-06-17,19.896286,105.834465,2021-06-17 08:54:35.921009664,415.09146,0.0
2021-06-17,19.9051,105.84746,2021-06-17 08:54:35.948005888,415.72232,0.0
2021-06-17,19.913937,105.86043,2021-06-17 08:54:35.975002368,415.30435,0.0
2021-06-17,19.83635,105.78289,2021-06-17 08:54:36.120002560,416.31384,0.0
2021-06-17,19.853746,105.809074,2021-06-17 08:54:36.173995520,414.22522,0.0
2021-06-17,19.86248,105.82213,2021-06-17 08:54:36.200991744,415.085,0.0
2021-06-17,19.87124,105.83517,2021-06-17 08:54:36.227988224,415.56702,0.0
2021-06-17,19.880024,105.84818,2021-06-17 08:54:36.255024896,415.86948,0.0
2021-06-17,19.88883,105.86117,2021-06-17 08:54:36.282021632,414.78568,0.0
2021-06-17,19.897663,105.87414,2021-06-17 08:54:36.309017856,416.14398,0.0
2021-06-17,19.82874,105.80966,2021-06-17 08:54:36.480008704,416.42126,0.0
2021-06-17,19.837446,105.82275,2021-06-17 08:54:36.507005184,414.94083,0.0
2021-06-17,19.84618,105.83581,2021-06-17 08:54:36.534001664,415.25494,0.0
2021-06-17,19.854937,105.84885,2021-06-17 08:54:36.560997888,416.33047,0.0
2021-06-17,19.863716,105.86187,2021-06-17 08:54:36.587994368,416.13507,0.0
2021-06-17,19.872522,105.87487,2021-06-17 08:54:36.614990592,416.15662,0.0
2021-06-17,19.8038,105.81033,2021-06-17 08:54:36.786021888,416.0319,0.0
2021-06-17,19.821215,105.83652,2021-06-17 08:54:36.840014592,416.68964,0.0
2021-06-17,19.829954,105.84958,2021-06-17 08:54:36.867011072,415.45612,0.0
2021-06-17,19.838705,105.86261,2021-06-17 08:54:36.894007808,416.59613,0.0
2021-06-17,19.847479,105.87562,2021-06-17 08:54:36.921004032,415.42902,0.0
2021-06-17,19.856277,105.88861,2021-06-17 08:54:36.948000512,416.37677,0.0
2021-06-17,19.804907,105.85018,2021-06-17 08:54:37.173989888,416.2475,0.0
2021-06-17,19.813643,105.86323,2021-06-17 08:54:37.201026560,414.95462,0.0
2021-06-17,19.822405,105.87625,2021-06-17 08:54:37.228023040,416.04236,0.0
2021-06-17,19.84882,105.91523,2021-06-17 08:54:37.309012480,416.11853,0.0
2021-06-17,19.78863,105.86392,2021-06-17 08:54:37.506999808,416.00754,0.0
2021-06-17,19.823757,105.916016,2021-06-17 08:54:37.615025408,414.7357,0.0
2021-06-17,19.75499,105.85146,2021-06-17 08:54:37.786016512,415.75253,0.0
2021-06-17,19.73868,105.86512,2021-06-17 08:54:38.119991808,415.7083,0.0
2021-06-17,19.747356,105.87822,2021-06-17 08:54:38.146988032,416.05084,0.0
2021-06-17,13.407072,107.91611,2021-06-17 08:57:15.174018048,417.48642,0.0
2021-06-17,13.411167,107.91656,2021-06-17 08:57:18.281987584,417.29037,0.0
2021-06-17,12.947044,108.25371,2021-06-17 08:57:26.561001216,415.17447,0.0
2021-06-17,11.93819,108.96291,2021-06-17 08:57:47.534011648,415.2391,0.0
2021-06-17,11.920968,108.977455,2021-06-17 08:57:47.867021312,416.00632,0.0
2021-06-17,11.930062,108.98321,2021-06-17 08:57:48.227993088,418.3533,0.0
2021-06-17,11.824804,109.04502,2021-06-17 08:57:49.867010304,417.5091,0.0
2021-06-18,21.356007,107.60983,2021-06-18 08:07:55.290012416,417.00067,0.0
2021-06-18,21.359991,107.625,2021-06-18 08:07:55.650018560,416.8501,0.0
2021-06-18,21.002817,107.83313,2021-06-18 08:08:00.488012800,417.4549,0.0
2021-06-18,21.02629,107.84998,2021-06-18 08:08:00.876021248,418.40012,0.0
2021-06-20,10.806472,106.36146,2021-06-20 08:10:08.353020160,414.9444,0.0
2021-06-20,10.799942,106.326324,2021-06-20 08:10:08.631996928,414.64627,0.0
2021-06-20,10.7947855,106.35,2021-06-20 08:10:08.658993152,414.90744,0.0
2021-06-20,10.765363,106.29339,2021-06-20 08:10:09.551002112,413.11804,0.0
2021-06-20,10.739458,106.41149,2021-06-20 08:10:09.686024448,414.09537,0.0
2021-06-20,10.615634,106.46406,2021-06-20 08:10:12.299005696,414.77887,0.0
2021-06-20,10.609272,106.42942,2021-06-20 08:10:12.578022400,414.26254,0.0
2021-06-20,10.603058,106.39498,2021-06-20 08:10:12.858004736,414.94748,0.0
2021-06-20,10.597775,106.41835,2021-06-20 08:10:12.885001216,414.2123,0.0
2021-06-20,10.571757,106.53659,2021-06-20 08:10:13.020023808,413.5725,0.0
2021-06-20,10.555012,106.54889,2021-06-20 08:10:13.352993024,415.46567,0.0
2021-06-20,10.543336,106.5378,2021-06-20 08:10:13.659006464,412.80228,0.0
2021-06-20,10.531772,106.526474,2021-06-20 08:10:13.966025472,414.17792,0.0
2021-06-20,10.515004,106.53908,2021-06-20 08:10:14.298994688,414.5117,0.0
2021-06-20,10.50285,106.52827,2021-06-20 08:10:14.605008128,412.12186,0.0
2021-06-20,10.471197,106.61152,2021-06-20 08:10:15.020012800,414.8126,0.0
2021-06-20,10.474346,106.471855,2021-06-20 08:10:15.497016832,411.84943,0.0
2021-06-20,10.364113,106.65147,2021-06-20 08:10:17.299018752,414.71667,0.0
2021-06-20,10.347293,106.66392,2021-06-20 08:10:17.631988224,415.35324,0.0
2021-06-20,10.342127,106.68759,2021-06-20 08:10:17.659024896,411.07706,0.0
2021-06-20,10.330538,106.67629,2021-06-20 08:10:17.966003712,414.80127,0.0
2021-06-20,10.325326,106.69995,2021-06-20 08:10:17.992999936,413.20816,0.0
2021-06-20,10.31896,106.66512,2021-06-20 08:10:18.272016896,415.89078,0.0
2021-06-20,10.308521,106.71237,2021-06-20 08:10:18.326009856,415.31955,0.0
2021-06-20,10.303355,106.73612,2021-06-20 08:10:18.353006336,414.6137,0.0
2021-06-20,10.302173,106.67764,2021-06-20 08:10:18.605026816,416.88013,0.0
2021-06-20,10.940627,106.355194,2021-06-20 08:10:27.938993152,414.04193,0.0
2021-06-20,10.943487,106.392395,2021-06-20 08:10:27.993026304,414.79333,0.0
2021-06-20,10.922391,106.349,2021-06-20 08:10:28.245006592,414.82062,0.0
2021-06-20,10.856801,106.41763,2021-06-20 08:10:29.605007104,415.4754,0.0
2021-06-20,10.858211,106.43623,2021-06-20 08:10:29.632003584,416.00006,0.0
2021-06-20,10.859676,106.454834,2021-06-20 08:10:29.658999808,415.08237,0.0
2021-06-20,10.836118,106.37464,2021-06-20 08:10:29.857993216,416.2482,0.0
2021-06-20,10.840071,106.43023,2021-06-20 08:10:29.939022592,416.38934,0.0
2021-06-20,10.842878,106.46736,2021-06-20 08:10:29.993015552,415.6887,0.0
2021-06-20,10.710126,106.585884,2021-06-20 08:10:32.686020352,414.43326,0.0
2021-06-20,10.685277,106.487206,2021-06-20 08:10:32.858017024,414.21912,0.0
2021-06-20,10.69048,106.56126,2021-06-20 08:10:32.966002944,417.04382,0.0
2021-06-20,10.668372,106.499466,2021-06-20 08:10:33.191026688,415.70334,0.0
2021-06-20,10.669618,106.51796,2021-06-20 08:10:33.218023424,417.16373,0.0
2021-06-20,10.672218,106.55496,2021-06-20 08:10:33.272016128,417.04272,0.0
2021-06-20,10.650354,106.493355,2021-06-20 08:10:33.496999680,415.0576,0.0
2021-06-20,10.651565,106.51186,2021-06-20 08:10:33.523996160,416.31827,0.0
2021-06-20,10.652817,106.53038,2021-06-20 08:10:33.550992384,416.98624,0.0
2021-06-20,10.654122,106.548904,2021-06-20 08:10:33.577989120,416.59283,0.0
2021-06-20,10.65971,106.62313,2021-06-20 08:10:33.686015232,417.12576,0.0
2021-06-20,10.6335535,106.50578,2021-06-20 08:10:33.831015168,415.02472,0.0
2021-06-20,10.634775,106.52428,2021-06-20 08:10:33.858011648,415.87265,0.0
2021-06-20,10.641488,106.61701,2021-06-20 08:10:33.992993792,415.62997,0.0
2021-06-20,10.642971,106.63559,2021-06-20 08:10:34.019990272,416.38965,0.0
2021-06-20,10.616835,106.51837,2021-06-20 08:10:34.164024832,414.25064,0.0
2021-06-20,10.618041,106.53689,2021-06-20 08:10:34.191021568,414.87363,0.0
2021-06-20,10.624689,106.62956,2021-06-20 08:10:34.326003456,415.70715,0.0
2021-06-20,10.626149,106.64813,2021-06-20 08:10:34.352999936,416.98453,0.0
2021-06-20,10.606505,106.62349,2021-06-20 08:10:34.632016640,414.84338,0.0
2021-06-20,10.607918,106.64203,2021-06-20 08:10:34.659013376,416.5344,0.0
2021-06-20,10.609356,106.66058,2021-06-20 08:10:34.686009600,416.502,0.0
2021-06-20,10.583183,106.5432,2021-06-20 08:10:34.831009792,414.25818,0.0
2021-06-20,10.589653,106.6358,2021-06-20 08:10:34.965991936,415.4995,0.0
2021-06-20,10.591075,106.65436,2021-06-20 08:10:34.992988416,417.31,0.0
2021-06-20,10.59255,106.67294,2021-06-20 08:10:35.020025088,417.4251,0.0
2021-06-20,10.572988,106.64861,2021-06-20 08:10:35.299001600,416.47855,0.0
2021-06-20,10.553492,106.62398,2021-06-20 08:10:35.578018304,414.86646,0.0
2021-06-20,10.55623,106.661026,2021-06-20 08:10:35.632011520,416.9688,0.0
2021-06-20,10.539235,106.67318,2021-06-20 08:10:35.965986560,415.2483,0.0
2021-06-20,10.540666,106.69175,2021-06-20 08:10:35.993023232,416.44003,0.0
2021-06-20,10.523932,106.70428,2021-06-20 08:10:36.325992704,416.20963,0.0
2021-06-20,10.525393,106.722855,2021-06-20 08:10:36.352989184,416.3158,0.0
2021-06-20,10.469515,106.68608,2021-06-20 08:10:37.244997888,416.22134,0.0
2021-06-20,10.419079,106.72343,2021-06-20 08:10:38.244992512,416.50546,0.0
2021-06-20,10.420409,106.74196,2021-06-20 08:10:38.271988992,416.07068,0.0
2021-06-20,10.3997755,106.69882,2021-06-20 08:10:38.524009216,416.1385,0.0
2021-06-20,10.40102,106.71734,2021-06-20 08:10:38.551005952,416.5789,0.0
2021-06-20,10.4023075,106.73588,2021-06-20 08:10:38.578002176,416.11722,0.0
2021-06-20,10.403636,106.75442,2021-06-20 08:10:38.604998656,417.2175,0.0
2021-06-20,10.383078,106.7114,2021-06-20 08:10:38.858024960,415.50232,0.0
2021-06-20,10.384316,106.72991,2021-06-20 08:10:38.885021184,415.65912,0.0
2021-06-20,10.385595,106.74844,2021-06-20 08:10:38.912017664,415.37418,0.0
2021-06-20,10.386917,106.766975,2021-06-20 08:10:38.939013888,415.7507,0.0
2021-06-20,11.103623,106.32747,2021-06-20 08:10:46.190996480,414.27637,0.0
2021-06-20,11.1162815,106.4146,2021-06-20 08:10:46.658988288,417.04117,0.0
2021-06-20,11.105384,106.441826,2021-06-20 08:10:47.020000256,416.71066,0.0
2021-06-20,10.734529,106.602264,2021-06-20 08:10:53.524008192,413.92444,0.0
2021-06-20,10.711978,106.59975,2021-06-20 08:10:53.831027456,415.9555,0.0
2021-06-20,10.678363,106.62471,2021-06-20 08:10:54.497006336,416.24973,0.0
2021-06-20,10.611245,106.67457,2021-06-20 08:10:55.831016448,416.4332,0.0
2021-06-20,10.634477,106.734184,2021-06-20 08:10:55.939002368,414.20642,0.0
2021-06-20,10.617723,106.74674,2021-06-20 08:10:56.272012032,417.57828,0.0
2021-06-20,10.511904,106.86345,2021-06-20 08:10:58.659003648,413.8219,0.0
2021-06-20,10.483329,106.84624,2021-06-20 08:10:58.938985984,418.89093,0.0
2021-06-20,10.460788,106.84402,2021-06-20 08:10:59.244999424,418.03708,0.0
2021-06-20,10.478399,106.88854,2021-06-20 08:10:59.325988608,419.1091,0.0
2021-06-20,11.649489,106.17478,2021-06-20 08:11:17.326011648,416.46704,0.0
2021-06-20,11.361862,106.408264,2021-06-20 08:11:23.353015808,415.61646,0.0
2021-06-20,10.689894,106.79576,2021-06-20 08:11:34.858002688,414.36304,0.0
2021-06-20,10.687098,106.81643,2021-06-20 08:11:35.218008832,415.10974,0.0
2021-06-20,10.563869,106.944756,2021-06-20 08:11:38.272025600,402.45013,0.0
2021-06-20,11.524636,106.47563,2021-06-20 08:12:00.858022656,416.78345,0.0
2021-06-20,11.5378685,106.48466,2021-06-20 08:12:01.217988608,411.8767,0.0
2021-06-21,18.834686,105.09015,2021-06-21 07:22:06.191988480,415.1286,0.0
2021-06-21,18.757637,105.27385,2021-06-21 07:22:09.687000832,415.08615,0.0
2021-06-21,18.771893,105.281555,2021-06-21 07:22:09.713997312,414.83887,0.0
2021-06-21,18.629513,105.361374,2021-06-21 07:22:11.994009088,414.9498,0.0
2021-06-21,18.438444,105.481606,2021-06-21 07:22:15.273009664,414.44443,0.0
2021-06-21,18.432068,105.51956,2021-06-21 07:22:17.021018624,415.91888,0.0
2021-06-21,18.38721,105.517494,2021-06-21 07:22:17.299995136,414.65024,0.0
2021-06-21,18.415977,105.53265,2021-06-21 07:22:17.353987840,414.00897,0.0
2021-06-21,18.280539,105.52798,2021-06-21 07:22:18.192003840,415.36746,0.0
2021-06-21,18.30936,105.54317,2021-06-21 07:22:18.245997056,415.88272,0.0
2021-06-21,18.323761,105.5508,2021-06-21 07:22:18.272993280,415.99106,0.0
2021-06-21,18.352571,105.56603,2021-06-21 07:22:18.327026432,415.3144,0.0
2021-06-21,18.247837,105.55499,2021-06-21 07:22:18.858988800,416.93854,0.0
2021-06-21,18.231638,105.56841,2021-06-21 07:22:19.191998464,414.99963,0.0
2021-06-21,18.245958,105.57641,2021-06-21 07:22:19.218995200,415.8642,0.0
2021-06-21,18.260473,105.58361,2021-06-21 07:22:19.245991424,414.23514,0.0
2021-06-21,18.274876,105.59126,2021-06-21 07:22:19.272987904,415.4116,0.0
2021-06-21,18.215433,105.58178,2021-06-21 07:22:19.525008128,416.11035,0.0
2021-06-21,18.229723,105.5899,2021-06-21 07:22:19.552004608,416.0761,0.0
2021-06-21,18.244205,105.597206,2021-06-21 07:22:19.579000832,415.77356,0.0
2021-06-21,18.287394,105.62016,2021-06-21 07:22:19.659990272,414.7036,0.0
2021-06-21,18.301786,105.6278,2021-06-21 07:22:19.687026944,415.0467,0.0
2021-06-21,18.31621,105.63532,2021-06-21 07:22:19.714023680,414.48148,0.0
2021-06-21,18.19908,105.5956,2021-06-21 07:22:19.859023616,414.85318,0.0
2021-06-21,18.21352,105.603065,2021-06-21 07:22:19.886020096,414.17358,0.0
2021-06-21,18.227888,105.610825,2021-06-21 07:22:19.913016576,414.9075,0.0
2021-06-21,18.242325,105.61832,2021-06-21 07:22:19.940013056,416.11508,0.0
2021-06-21,18.2711,105.63365,2021-06-21 07:22:19.994006016,414.8639,0.0
2021-06-21,18.285498,105.641266,2021-06-21 07:22:20.021002240,415.64868,0.0
2021-06-21,18.182873,105.608696,2021-06-21 07:22:20.191993344,415.31888,0.0
2021-06-21,18.1972,105.616646,2021-06-21 07:22:20.218989568,414.7611,0.0
2021-06-21,18.226023,105.631836,2021-06-21 07:22:20.273022720,415.4775,0.0
2021-06-21,18.240408,105.639534,2021-06-21 07:22:20.300018944,415.38196,0.0
2021-06-21,18.254805,105.64718,2021-06-21 07:22:20.327015424,414.4426,0.0
2021-06-21,18.2692,105.65482,2021-06-21 07:22:20.354011904,415.79736,0.0
2021-06-21,18.283598,105.66244,2021-06-21 07:22:20.381008384,413.74664,0.0
2021-06-21,18.166578,105.622314,2021-06-21 07:22:20.525002752,414.28433,0.0
2021-06-21,18.180922,105.63019,2021-06-21 07:22:20.551998976,415.1685,0.0
2021-06-21,18.195343,105.63774,2021-06-21 07:22:20.578995712,415.12653,0.0
2021-06-21,18.209726,105.64544,2021-06-21 07:22:20.605992192,414.8757,0.0
2021-06-21,18.224104,105.65315,2021-06-21 07:22:20.632988416,415.01184,0.0
2021-06-21,18.238459,105.66093,2021-06-21 07:22:20.660025088,415.24765,0.0
2021-06-21,18.25289,105.668434,2021-06-21 07:22:20.687021824,415.08356,0.0
2021-06-21,18.267277,105.67609,2021-06-21 07:22:20.714018048,414.72345,0.0
2021-06-21,18.150284,105.6359,2021-06-21 07:22:20.859018240,416.24103,0.0
2021-06-21,18.164707,105.64345,2021-06-21 07:22:20.886014720,415.1233,0.0
2021-06-21,18.179064,105.65127,2021-06-21 07:22:20.913011200,414.5036,0.0
2021-06-21,18.193428,105.659035,2021-06-21 07:22:20.940007680,414.8533,0.0
2021-06-21,18.207813,105.66671,2021-06-21 07:22:20.967004160,415.28864,0.0
2021-06-21,18.236591,105.68201,2021-06-21 07:22:21.020996864,415.02783,0.0
2021-06-21,18.25101,105.689545,2021-06-21 07:22:21.047993088,416.13132,0.0
2021-06-21,18.133894,105.64992,2021-06-21 07:22:21.191987712,416.64365,0.0
2021-06-21,18.148417,105.657074,2021-06-21 07:22:21.219024384,415.60486,0.0
2021-06-21,18.162819,105.664734,2021-06-21 07:22:21.246020864,414.60217,0.0
2021-06-21,18.220322,105.69552,2021-06-21 07:22:21.354006528,415.285,0.0
2021-06-21,18.132053,105.67076,2021-06-21 07:22:21.551993856,415.49063,0.0
2021-06-21,18.146486,105.67826,2021-06-21 07:22:21.578990336,415.02795,0.0
2021-06-21,18.129978,105.69247,2021-06-21 07:22:21.913005824,418.24042,0.0
2021-06-21,18.11363,105.706116,2021-06-21 07:22:22.246015232,417.37906,0.0
2021-06-21,18.128195,105.7131,2021-06-21 07:22:22.273011712,414.2259,0.0
2021-06-21,18.156992,105.7284,2021-06-21 07:22:22.327004672,415.83975,0.0
2021-06-21,18.17136,105.736145,2021-06-21 07:22:22.354001152,414.648,0.0
2021-06-21,18.111849,105.72694,2021-06-21 07:22:22.606021376,416.4422,0.0
2021-06-21,18.126284,105.7344,2021-06-21 07:22:22.633018112,415.27887,0.0
2021-06-21,18.155079,105.749626,2021-06-21 07:22:22.687010816,415.30597,0.0
2021-06-21,18.169468,105.75728,2021-06-21 07:22:22.714007040,415.33905,0.0
2021-06-21,18.095457,105.74093,2021-06-21 07:22:22.939996672,416.71768,0.0
2021-06-21,18.124413,105.75552,2021-06-21 07:22:22.993989376,416.53973,0.0
2021-06-21,18.138796,105.763176,2021-06-21 07:22:23.021026048,415.03992,0.0
2021-06-21,18.153187,105.770775,2021-06-21 07:22:23.048022784,415.70117,0.0
2021-06-21,18.050371,105.73916,2021-06-21 07:22:23.219013376,414.81952,0.0
2021-06-21,18.122503,105.77666,2021-06-21 07:22:23.353995776,415.06036,0.0
2021-06-21,18.136839,105.784454,2021-06-21 07:22:23.380992256,416.60898,0.0
2021-06-21,18.091776,105.78266,2021-06-21 07:22:23.660008960,414.5709,0.0
2021-06-21,18.10621,105.79015,2021-06-21 07:22:23.687005184,415.2084,0.0
2021-06-21,18.120487,105.79817,2021-06-21 07:22:23.714001664,415.6425,0.0
2021-06-21,18.104195,105.811775,2021-06-21 07:22:24.048017152,415.52423,0.0
2021-06-21,17.887405,105.87379,2021-06-21 07:22:26.552006912,415.12827,0.0
2021-06-21,17.856783,105.87934,2021-06-21 07:22:26.859025920,415.1701,0.0
2021-06-21,17.840267,105.8934,2021-06-21 07:22:27.191995392,417.31396,0.0
2021-06-21,17.854591,105.90126,2021-06-21 07:22:27.218991872,415.7414,0.0
2021-06-21,17.868975,105.90887,2021-06-21 07:22:27.245988352,414.61606,0.0
2021-06-21,17.883472,105.91604,2021-06-21 07:22:27.273025024,415.79205,0.0
2021-06-21,17.82395,105.906876,2021-06-21 07:22:27.525005056,415.71545,0.0
2021-06-21,17.838257,105.91484,2021-06-21 07:22:27.552001536,416.41187,0.0
2021-06-21,17.852625,105.92254,2021-06-21 07:22:27.578997760,416.58704,0.0
2021-06-21,17.86712,105.92974,2021-06-21 07:22:27.605994240,417.49457,0.0
2021-06-21,17.807472,105.92091,2021-06-21 07:22:27.859020544,416.712,0.0
2021-06-21,17.822006,105.927925,2021-06-21 07:22:27.886016768,417.0765,0.0
2021-06-21,17.85071,105.94347,2021-06-21 07:22:27.940009728,418.39233,0.0
2021-06-21,17.865229,105.9506,2021-06-21 07:22:27.967006208,415.88535,0.0
2021-06-21,17.791323,105.93372,2021-06-21 07:22:28.191990016,416.90552,0.0
2021-06-21,17.848824,105.96441,2021-06-21 07:22:28.300015872,416.29214,0.0
2021-06-21,17.87753,105.9799,2021-06-21 07:22:28.354008576,414.70114,0.0
2021-06-21,17.774914,105.947784,2021-06-21 07:22:28.524999680,415.76797,0.0
2021-06-21,17.789396,105.95502,2021-06-21 07:22:28.551995904,415.60822,0.0
2021-06-21,17.803793,105.962616,2021-06-21 07:22:28.578992384,416.6084,0.0
2021-06-21,17.818144,105.970375,2021-06-21 07:22:28.605988864,416.16006,0.0
2021-06-21,17.832531,105.978,2021-06-21 07:22:28.633025536,416.5832,0.0
2021-06-21,17.87576,106.00059,2021-06-21 07:22:28.714014976,416.1728,0.0
2021-06-21,17.758797,105.96049,2021-06-21 07:22:28.859014912,416.19644,0.0
2021-06-21,17.77303,105.96875,2021-06-21 07:22:28.886011648,416.28848,0.0
2021-06-21,17.816013,105.99225,2021-06-21 07:22:28.967001088,418.9067,0.0
2021-06-21,17.85922,106.01484,2021-06-21 07:22:29.047990016,416.2758,0.0
2021-06-21,17.742489,105.97394,2021-06-21 07:22:29.192024832,415.62753,0.0
2021-06-21,17.756819,105.981804,2021-06-21 07:22:29.219021312,416.73648,0.0
2021-06-21,17.77115,105.98964,2021-06-21 07:22:29.246017792,416.72928,0.0
2021-06-21,17.814175,106.01297,2021-06-21 07:22:29.327006720,416.38376,0.0
2021-06-21,17.726086,105.98784,2021-06-21 07:22:29.524994048,417.52808,0.0
2021-06-21,17.740528,105.99523,2021-06-21 07:22:29.551990528,417.26514,0.0
2021-06-21,17.783583,106.018486,2021-06-21 07:22:29.633020160,416.39194,0.0
2021-06-21,17.797937,106.0262,2021-06-21 07:22:29.660016640,416.51666,0.0
2021-06-21,17.724066,106.0092,2021-06-21 07:22:29.886006016,417.07162,0.0
2021-06-21,17.738464,106.01675,2021-06-21 07:22:29.913002496,417.4236,0.0
2021-06-21,17.752733,106.02479,2021-06-21 07:22:29.939998976,416.35413,0.0
2021-06-21,17.766975,106.03289,2021-06-21 07:22:29.966995456,416.71994,0.0
2021-06-21,17.781584,106.039665,2021-06-21 07:22:29.993991936,417.4069,0.0
2021-06-21,17.795874,106.04756,2021-06-21 07:22:30.020988160,416.77188,0.0
2021-06-21,17.80994,106.05618,2021-06-21 07:22:30.048024832,416.10577,0.0
2021-06-21,17.75904,106.08548,2021-06-21 07:22:30.993986304,415.92096,0.0
2021-06-21,17.773397,106.09336,2021-06-21 07:22:31.021022976,416.45248,0.0
2021-06-21,17.78787,106.10074,2021-06-21 07:22:31.048019456,416.4574,0.0
2021-06-21,17.671087,106.06074,2021-06-21 07:22:31.192014080,416.57013,0.0
2021-06-21,17.663004,106.04074,2021-06-21 07:22:31.885995264,417.38028,0.0
2021-06-21,17.677374,106.04879,2021-06-21 07:22:31.912991744,417.63065,0.0
2021-06-21,17.691822,106.05652,2021-06-21 07:22:31.939988224,417.8898,0.0
2021-06-21,17.70642,106.0637,2021-06-21 07:22:31.967024896,417.19342,0.0
2021-06-21,17.720835,106.07151,2021-06-21 07:22:31.994021120,417.5538,0.0
2021-06-21,17.735561,106.07837,2021-06-21 07:22:32.021017600,415.92752,0.0
2021-06-21,17.750113,106.08582,2021-06-21 07:22:32.048014080,417.4783,0.0
2021-06-21,17.661123,106.06193,2021-06-21 07:22:32.246001152,415.99875,0.0
2021-06-21,17.675682,106.06932,2021-06-21 07:22:32.272997888,417.19797,0.0
2021-06-21,17.68985,106.07809,2021-06-21 07:22:32.299994112,416.6413,0.0
2021-06-21,17.704535,106.085014,2021-06-21 07:22:32.326990592,417.99515,0.0
2021-06-21,17.718946,106.092865,2021-06-21 07:22:32.353987328,415.7326,0.0
2021-06-21,17.73392,106.09891,2021-06-21 07:22:32.381024000,416.32962,0.0
2021-06-21,17.644625,106.07563,2021-06-21 07:22:32.579011072,416.94943,0.0
2021-06-21,17.659088,106.08333,2021-06-21 07:22:32.606007552,417.24213,0.0
2021-06-21,17.67372,106.090416,2021-06-21 07:22:32.633004032,417.92023,0.0
2021-06-21,17.687958,106.09884,2021-06-21 07:22:32.660000256,417.47403,0.0
2021-06-21,17.702696,106.1056,2021-06-21 07:22:32.686996736,417.7153,0.0
2021-06-21,17.717178,106.11319,2021-06-21 07:22:32.713992960,414.3323,0.0
2021-06-21,17.642729,106.09696,2021-06-21 07:22:32.940023040,416.26678,0.0
2021-06-21,17.657085,106.105095,2021-06-21 07:22:32.967019264,418.38184,0.0
2021-06-21,17.686415,106.119225,2021-06-21 07:22:33.021012224,415.32114,0.0
2021-06-21,17.701057,106.12639,2021-06-21 07:22:33.048008704,415.87503,0.0
2021-06-21,17.582983,106.08761,2021-06-21 07:22:33.192003072,415.63776,0.0
2021-06-21,17.641119,106.11717,2021-06-21 07:22:33.299988736,418.28116,0.0
2021-06-21,17.68464,106.139565,2021-06-21 07:22:33.381018368,415.4852,0.0
2021-06-21,17.595627,106.1159,2021-06-21 07:22:33.579005696,416.6446,0.0
2021-06-21,17.653708,106.146194,2021-06-21 07:22:33.686991104,416.0671,0.0
2021-06-21,17.668234,106.153694,2021-06-21 07:22:33.713987840,417.26694,0.0
2021-06-21,17.593649,106.137825,2021-06-21 07:22:33.940017408,417.7165,0.0
2021-06-21,17.623064,106.15157,2021-06-21 07:22:33.994010368,416.63904,0.0
2021-06-21,17.652271,106.16602,2021-06-21 07:22:34.048003072,415.84872,0.0
2021-06-21,17.591452,106.15982,2021-06-21 07:22:34.300023552,417.5253,0.0
2021-06-21,17.606365,106.16591,2021-06-21 07:22:34.327020288,417.4635,0.0
2021-06-21,17.620981,106.17305,2021-06-21 07:22:34.354016512,414.43768,0.0
2021-06-21,17.635574,106.18028,2021-06-21 07:22:34.381012992,415.71484,0.0
2021-06-21,17.546251,106.157684,2021-06-21 07:22:34.579000320,415.79474,0.0
2021-06-21,17.560827,106.164986,2021-06-21 07:22:34.605996544,415.83762,0.0
2021-06-21,17.575285,106.17269,2021-06-21 07:22:34.632993024,415.5559,0.0
2021-06-21,17.589705,106.18051,2021-06-21 07:22:34.659989248,417.3913,0.0
2021-06-21,17.604698,106.18648,2021-06-21 07:22:34.687025920,416.49567,0.0
2021-06-21,17.619167,106.194176,2021-06-21 07:22:34.714022656,416.07913,0.0
2021-06-21,17.52991,106.17131,2021-06-21 07:22:34.913015552,416.95914,0.0
2021-06-21,17.54466,106.17789,2021-06-21 07:22:34.940012032,417.63025,0.0
2021-06-21,17.588352,106.19975,2021-06-21 07:22:35.021001216,417.79382,0.0
2021-06-21,17.602856,106.20724,2021-06-21 07:22:35.047997952,416.91006,0.0
2021-06-21,17.499146,106.176445,2021-06-21 07:22:35.218988544,417.7493,0.0
2021-06-21,17.542786,106.19866,2021-06-21 07:22:35.300018432,417.11975,0.0
2021-06-21,17.557102,106.206825,2021-06-21 07:22:35.327014656,414.0776,0.0
2021-06-21,17.571766,106.2138,2021-06-21 07:22:35.354011136,416.67984,0.0
2021-06-21,17.5866,106.22026,2021-06-21 07:22:35.381007360,416.25275,0.0
2021-06-21,17.570276,106.233826,2021-06-21 07:22:35.714017280,415.9124,0.0
2021-06-21,17.539715,106.23914,2021-06-21 07:22:36.020996096,416.30905,0.0
2021-06-21,17.554125,106.24702,2021-06-21 07:22:36.047992576,417.3575,0.0
2021-06-21,17.508173,106.246796,2021-06-21 07:22:36.327009280,416.997,0.0
2021-06-21,17.537834,106.25964,2021-06-21 07:22:36.381001984,417.06107,0.0
2021-06-21,17.477558,106.25205,2021-06-21 07:22:36.633022208,415.69104,0.0
2021-06-21,17.492224,106.259094,2021-06-21 07:22:36.660018944,414.7604,0.0
2021-06-21,17.507124,106.2654,2021-06-21 07:22:36.687015168,416.3832,0.0
2021-06-21,17.5217,106.27279,2021-06-21 07:22:36.714011648,416.46698,0.0
2021-06-21,17.072412,106.54368,2021-06-21 07:22:44.246016768,415.96118,0.0
2021-06-21,17.07053,106.56518,2021-06-21 07:22:44.606022912,415.9415,0.0
2021-06-21,17.11426,106.587074,2021-06-21 07:22:44.687012096,416.11063,0.0
2021-06-21,16.97046,106.704475,2021-06-21 07:22:48.714027264,414.8519,0.0
2021-06-21,16.880274,106.682625,2021-06-21 07:22:48.913020160,418.00226,0.0
2021-06-21,16.878618,106.703285,2021-06-21 07:22:49.272985856,416.73926,0.0
2021-06-21,16.893564,106.7097,2021-06-21 07:22:49.300022528,414.91388,0.0
2021-06-21,16.908312,106.716805,2021-06-21 07:22:49.327019264,417.31836,0.0
2021-06-21,16.862516,106.715515,2021-06-21 07:22:49.605995776,417.27112,0.0
2021-06-21,16.816828,106.71381,2021-06-21 07:22:49.886018304,416.07278,0.0
2021-06-21,16.831596,106.720856,2021-06-21 07:22:49.913014784,414.10452,0.0
2021-06-21,16.846304,106.72811,2021-06-21 07:22:49.940011264,416.92096,0.0
2021-06-21,16.890272,106.75037,2021-06-21 07:22:50.021000448,414.84998,0.0
2021-06-21,16.905132,106.75715,2021-06-21 07:22:50.047996928,416.80994,0.0
2021-06-21,16.844557,106.74898,2021-06-21 07:22:50.300017408,416.57895,0.0
2021-06-21,16.859043,106.75692,2021-06-21 07:22:50.327013632,416.59146,0.0
2021-06-21,16.874025,106.76328,2021-06-21 07:22:50.354010112,415.72922,0.0
2021-06-21,16.888771,106.77042,2021-06-21 07:22:50.381006592,415.60895,0.0
2021-06-21,16.82813,106.76221,2021-06-21 07:22:50.632986880,416.628,0.0
2021-06-21,16.842926,106.769165,2021-06-21 07:22:50.660023552,417.07657,0.0
2021-06-21,16.857405,106.77714,2021-06-21 07:22:50.687019776,414.98215,0.0
2021-06-21,16.872295,106.783844,2021-06-21 07:22:50.714016256,415.66086,0.0
2021-06-21,16.811687,106.77571,2021-06-21 07:22:50.967002112,415.80634,0.0
2021-06-21,16.84119,106.789894,2021-06-21 07:22:51.020995072,415.38806,0.0
2021-06-21,16.85585,106.797264,2021-06-21 07:22:51.047991552,414.25082,0.0
2021-06-21,16.839441,106.8106,2021-06-21 07:22:51.381001216,416.4122,0.0
2021-06-21,16.720097,106.77321,2021-06-21 07:22:51.524995584,414.9261,0.0
2021-06-21,16.718248,106.79421,2021-06-21 07:22:51.886007552,416.658,0.0
2021-06-21,16.74808,106.807335,2021-06-21 07:22:51.940000256,416.95166,0.0
2021-06-21,16.76265,106.81509,2021-06-21 07:22:51.966996736,415.59915,0.0
2021-06-21,16.777416,106.82219,2021-06-21 07:22:51.993993216,414.95837,0.0
2021-06-21,16.792099,106.82956,2021-06-21 07:22:52.020989696,416.59683,0.0
2021-06-21,16.687103,106.80077,2021-06-21 07:22:52.192020736,415.08182,0.0
2021-06-21,16.701635,106.80863,2021-06-21 07:22:52.219016960,417.76492,0.0
2021-06-21,16.746405,106.82813,2021-06-21 07:22:52.300006400,414.42255,0.0
2021-06-21,16.761156,106.835266,2021-06-21 07:22:52.327002880,416.07913,0.0
2021-06-21,16.790619,106.84964,2021-06-21 07:22:52.380995840,414.1049,0.0
2021-06-21,16.68543,106.82114,2021-06-21 07:22:52.552026624,415.03522,0.0
2021-06-21,16.700104,106.828445,2021-06-21 07:22:52.579023360,415.43597,0.0
2021-06-21,16.715096,106.83469,2021-06-21 07:22:52.606019840,414.85916,0.0
2021-06-21,16.729683,106.84231,2021-06-21 07:22:52.633016064,414.67523,0.0
2021-06-21,16.759434,106.85572,2021-06-21 07:22:52.687008768,415.16998,0.0
2021-06-21,16.7741,106.8631,2021-06-21 07:22:52.714005504,415.69955,0.0
2021-06-21,16.654936,106.82473,2021-06-21 07:22:52.859005696,414.99915,0.0
2021-06-21,16.684027,106.84044,2021-06-21 07:22:52.912998400,414.45343,0.0
2021-06-21,16.698614,106.84811,2021-06-21 07:22:52.939994880,414.99448,0.0
2021-06-21,16.713398,106.85511,2021-06-21 07:22:52.966991360,414.81842,0.0
2021-06-21,16.742586,106.870316,2021-06-21 07:22:53.021024512,413.00476,0.0
2021-06-21,16.757477,106.877,2021-06-21 07:22:53.048020736,415.069,0.0
2021-06-21,16.682426,106.860725,2021-06-21 07:22:53.273004544,414.83414,0.0
2021-06-21,16.697159,106.867905,2021-06-21 07:22:53.300001024,414.55655,0.0
2021-06-21,16.71195,106.87491,2021-06-21 07:22:53.326997504,415.078,0.0
2021-06-21,16.622007,106.85191,2021-06-21 07:22:53.525024768,415.18884,0.0
2021-06-21,16.666246,106.873405,2021-06-21 07:22:53.606014208,415.93732,0.0
2021-06-21,16.680984,106.880615,2021-06-21 07:22:53.633010688,415.29523,0.0
2021-06-21,16.724632,106.90388,2021-06-21 07:22:53.713999872,414.9226,0.0
2021-06-21,16.605915,106.86416,2021-06-21 07:22:53.859000320,416.28592,0.0
2021-06-21,16.664457,106.89423,2021-06-21 07:22:53.966985984,416.70004,0.0
2021-06-21,16.693674,106.90936,2021-06-21 07:22:54.021018880,417.2481,0.0
2021-06-21,16.677368,106.92242,2021-06-21 07:22:54.353988352,415.61118,0.0
2021-06-21,16.69207,106.92967,2021-06-21 07:22:54.381025024,415.99854,0.0
2021-06-21,16.587414,106.89942,2021-06-21 07:22:54.552016128,416.9183,0.0
2021-06-21,16.602322,106.905975,2021-06-21 07:22:54.579012352,415.7005,0.0
2021-06-21,16.616638,106.914566,2021-06-21 07:22:54.606008832,416.41315,0.0
2021-06-21,16.631544,106.92115,2021-06-21 07:22:54.633005056,415.83704,0.0
2021-06-21,16.675608,106.94306,2021-06-21 07:22:54.713994496,415.72092,0.0
2021-06-21,16.585897,106.9193,2021-06-21 07:22:54.912987648,417.90955,0.0
2021-06-21,16.644632,106.948715,2021-06-21 07:22:55.021013760,412.66638,0.0
2021-06-21,16.584167,106.939995,2021-06-21 07:22:55.272993792,413.9302,0.0
2021-06-21,16.611086,106.97747,2021-06-21 07:22:55.686992640,415.0764,0.0
2021-06-21,16.626335,106.98304,2021-06-21 07:22:55.713989376,413.6773,0.0
2021-06-21,16.53667,106.9591,2021-06-21 07:22:55.913022464,414.80008,0.0
2021-06-21,16.56596,106.97404,2021-06-21 07:22:55.967015168,417.43802,0.0
2021-06-21,16.594694,106.99062,2021-06-21 07:22:56.021008128,416.56387,0.0
2021-06-21,16.609634,106.99712,2021-06-21 07:22:56.048004608,414.73294,0.0
2021-06-21,16.576607,107.02408,2021-06-21 07:22:56.714024192,412.42905,0.0
2021-06-21,16.199793,107.175026,2021-06-21 07:23:02.858991616,419.26074,0.0
2021-06-21,16.227842,107.209915,2021-06-21 07:23:03.272990720,416.74063,0.0
2021-06-21,16.211239,107.22303,2021-06-21 07:23:03.606000128,417.43353,0.0
2021-06-21,16.225992,107.230446,2021-06-21 07:23:03.632996608,416.85596,0.0
2021-06-21,16.240911,107.23734,2021-06-21 07:23:03.659993088,416.6133,0.0
2021-06-21,16.20965,107.24347,2021-06-21 07:23:03.967012096,416.04596,0.0
2021-06-21,16.224512,107.250534,2021-06-21 07:23:03.994008576,415.72458,0.0
2021-06-21,16.223068,107.270874,2021-06-21 07:23:04.354014720,416.60892,0.0
2021-06-21,16.23784,107.27824,2021-06-21 07:23:04.381010944,418.37134,0.0
2021-06-21,16.127567,107.30965,2021-06-21 07:23:05.633026048,416.52786,0.0
2021-06-21,16.111004,107.3229,2021-06-21 07:23:05.967001344,416.9337,0.0
2021-06-21,16.12586,107.329926,2021-06-21 07:23:05.993997824,416.39752,0.0
2021-06-21,16.094439,107.336266,2021-06-21 07:23:06.300011008,416.83173,0.0
2021-06-21,16.109367,107.34311,2021-06-21 07:23:06.327007232,415.87393,0.0
2021-06-21,16.124084,107.3506,2021-06-21 07:23:06.354003968,417.53525,0.0
2021-06-21,16.078129,107.34955,2021-06-21 07:23:06.633020672,416.13702,0.0
2021-06-21,16.093073,107.35636,2021-06-21 07:23:06.660016896,414.3021,0.0
2021-06-21,16.106514,107.383156,2021-06-21 07:23:07.048025344,416.28415,0.0
2021-06-21,16.089691,107.39697,2021-06-21 07:23:07.380994816,415.54355,0.0
2021-06-21,14.922332,108.21151,2021-06-21 07:23:31.272999680,415.91266,0.0
2021-06-21,14.906186,108.22337,2021-06-21 07:23:31.606009344,417.68573,0.0
2021-06-21,14.921476,108.22991,2021-06-21 07:23:31.633005568,417.69067,0.0
2021-06-21,14.905211,108.24243,2021-06-21 07:23:31.967021312,417.26575,0.0
2021-06-21,14.920644,108.24855,2021-06-21 07:23:31.994017536,414.80457,0.0
2021-06-21,14.857711,108.24303,2021-06-21 07:23:32.245997824,417.06824,0.0
2021-06-21,14.873263,108.248726,2021-06-21 07:23:32.272994304,418.1907,0.0
2021-06-21,14.774866,108.309074,2021-06-21 07:23:33.913017600,415.00705,0.0
2021-06-21,14.805136,108.322685,2021-06-21 07:23:33.967010560,417.59384,0.0
2021-06-21,14.81995,108.33038,2021-06-21 07:23:33.994006784,418.06845,0.0
2021-06-21,14.741916,108.33508,2021-06-21 07:23:34.578996736,418.03363,0.0
2021-06-21,14.77325,108.34575,2021-06-21 07:23:34.632989440,417.55624,0.0
2021-06-21,14.7249,108.36544,2021-06-21 07:23:35.273018112,417.62384,0.0
2021-06-21,14.770836,108.384766,2021-06-21 07:23:35.354007552,418.37183,0.0
2021-06-21,14.642617,108.4136,2021-06-21 07:23:36.578985728,417.9203,0.0
2021-06-21,14.703302,108.44047,2021-06-21 07:23:36.687011840,417.24,0.0
2021-06-21,14.686822,108.45299,2021-06-21 07:23:37.020987136,416.76645,0.0
2021-06-21,14.702036,108.45967,2021-06-21 07:23:37.048023808,416.6727,0.0
2021-06-21,14.670425,108.465965,2021-06-21 07:23:37.353996800,414.904,0.0
2021-06-21,14.546121,108.45173,2021-06-21 07:23:37.859003136,416.52972,0.0
2021-06-21,14.5295925,108.46435,2021-06-21 07:23:38.192012544,416.91977,0.0
2021-06-21,14.513337,108.47678,2021-06-21 07:23:38.525022208,417.19733,0.0
2021-06-21,14.574091,108.503815,2021-06-21 07:23:38.633008128,415.90314,0.0
2021-06-21,14.496958,108.489296,2021-06-21 07:23:38.858997504,415.76242,0.0
2021-06-21,14.526947,108.5039,2021-06-21 07:23:38.912990208,416.75128,0.0
2021-06-21,14.542255,108.51026,2021-06-21 07:23:38.939986688,418.45737,0.0
2021-06-21,14.557381,108.51716,2021-06-21 07:23:38.967023360,417.52753,0.0
2021-06-21,14.525536,108.52352,2021-06-21 07:23:39.272996352,418.08374,0.0
2021-06-21,14.49402,108.52947,2021-06-21 07:23:39.579009792,416.26456,0.0
2021-06-21,14.509158,108.53639,2021-06-21 07:23:39.606006272,417.6064,0.0
2021-06-21,14.570086,108.56294,2021-06-21 07:23:39.713991936,416.39127,0.0
2021-06-21,14.459827,108.57461,2021-06-21 07:23:40.606000640,417.6936,0.0
2021-06-21,14.443151,108.587494,2021-06-21 07:23:40.940016384,418.25543,0.0
2021-06-21,14.108316,108.769966,2021-06-21 07:23:47.525013760,413.81747,0.0
2021-06-21,14.123844,108.77615,2021-06-21 07:23:47.552009984,415.08884,0.0
2021-06-21,14.092024,108.78193,2021-06-21 07:23:47.858989056,415.66556,0.0
2021-06-21,14.107365,108.78872,2021-06-21 07:23:47.886025728,411.4426,0.0
2021-06-21,14.075491,108.794754,2021-06-21 07:23:48.191998464,414.87155,0.0
2021-06-21,14.090832,108.80158,2021-06-21 07:23:48.218995200,414.46304,0.0
2021-06-21,14.059038,108.8078,2021-06-21 07:23:48.525008128,414.43063,0.0
2021-06-21,14.042446,108.82094,2021-06-21 07:23:48.859023872,414.1444,0.0
2021-06-21,14.149154,108.8701,2021-06-21 07:23:49.047998976,414.3539,0.0
2021-06-21,14.0259,108.833664,2021-06-21 07:23:49.191993344,413.27246,0.0
2021-06-21,14.132408,108.88321,2021-06-21 07:23:49.381008384,416.71393,0.0
2021-06-21,14.085848,108.88077,2021-06-21 07:23:49.660025088,415.47247,0.0
2021-06-21,14.0230875,108.87382,2021-06-21 07:23:49.913011200,413.95508,0.0
2021-06-21,14.038606,108.88013,2021-06-21 07:23:49.940007680,415.67163,0.0
2021-06-21,14.054023,108.88673,2021-06-21 07:23:49.967004160,413.75507,0.0
2021-06-21,13.990996,108.88097,2021-06-21 07:23:50.219024384,414.6973,0.0
2021-06-21,14.022333,108.89266,2021-06-21 07:23:50.273017344,414.24933,0.0
2021-06-21,14.037714,108.89933,2021-06-21 07:23:50.300013824,414.6321,0.0
2021-06-21,14.0837965,108.91949,2021-06-21 07:23:50.381003008,416.1134,0.0
2021-06-21,13.959671,108.88527,2021-06-21 07:23:50.524997376,414.96844,0.0
2021-06-21,13.974654,108.8931,2021-06-21 07:23:50.551993856,414.937,0.0
2021-06-21,14.005709,108.90556,2021-06-21 07:23:50.605986560,415.97665,0.0
2021-06-21,14.021148,108.91204,2021-06-21 07:23:50.633023232,412.848,0.0
2021-06-21,14.051946,108.925224,2021-06-21 07:23:50.687016192,415.45673,0.0
2021-06-21,14.067397,108.93169,2021-06-21 07:23:50.714012672,415.2502,0.0
2021-06-21,13.943001,108.89799,2021-06-21 07:23:50.859012864,414.41467,0.0
2021-06-21,13.988845,108.91888,2021-06-21 07:23:50.940002304,415.17957,0.0
2021-06-21,14.050816,108.94438,2021-06-21 07:23:51.047987968,414.84753,0.0
2021-06-21,13.926414,108.9108,2021-06-21 07:23:51.192022528,414.7237,0.0
2021-06-21,13.941739,108.91765,2021-06-21 07:23:51.219019008,414.2363,0.0
2021-06-21,13.98789,108.937744,2021-06-21 07:23:51.300008192,414.8948,0.0
2021-06-21,14.018702,108.95105,2021-06-21 07:23:51.354001152,416.08545,0.0
2021-06-21,14.034209,108.95744,2021-06-21 07:23:51.380997632,413.5463,0.0
2021-06-21,13.909954,108.92367,2021-06-21 07:23:51.524992000,414.32156,0.0
2021-06-21,13.956024,108.94395,2021-06-21 07:23:51.606021376,414.31467,0.0
2021-06-21,13.986808,108.95741,2021-06-21 07:23:51.660014336,413.05212,0.0
2021-06-21,14.017801,108.97037,2021-06-21 07:23:51.714007296,415.32986,0.0
2021-06-21,13.893578,108.9367,2021-06-21 07:23:51.859007232,415.1287,0.0
2021-06-21,13.924307,108.95016,2021-06-21 07:23:51.913000448,414.34406,0.0
2021-06-21,13.939661,108.95692,2021-06-21 07:23:51.939996672,414.8008,0.0
2021-06-21,13.95506,108.96355,2021-06-21 07:23:51.966993408,414.17548,0.0
2021-06-21,13.985911,108.9767,2021-06-21 07:23:52.021026304,414.9781,0.0
2021-06-21,14.00137,108.9832,2021-06-21 07:23:52.048022784,414.59012,0.0
2021-06-21,13.892351,108.95636,2021-06-21 07:23:52.219013632,414.01892,0.0
2021-06-21,13.907734,108.963036,2021-06-21 07:23:52.246010112,414.08978,0.0
2021-06-21,13.923118,108.9697,2021-06-21 07:23:52.273006336,414.87524,0.0
2021-06-21,13.9385,108.97639,2021-06-21 07:23:52.300002816,414.86337,0.0
2021-06-21,13.969357,108.98951,2021-06-21 07:23:52.353995776,413.1644,0.0
2021-06-21,13.984816,108.99601,2021-06-21 07:23:52.380992256,414.93167,0.0
2021-06-21,13.890968,108.97592,2021-06-21 07:23:52.579019520,414.48117,0.0
2021-06-21,13.906348,108.982544,2021-06-21 07:23:52.606016256,414.9732,0.0
2021-06-21,13.921733,108.98922,2021-06-21 07:23:52.633012480,414.0787,0.0
2021-06-21,13.937169,108.99576,2021-06-21 07:23:52.660008960,414.87894,0.0
2021-06-21,13.952582,109.00235,2021-06-21 07:23:52.687005440,414.35773,0.0
2021-06-21,13.968003,109.00892,2021-06-21 07:23:52.714001920,415.23083,0.0
2021-06-21,13.858743,108.98268,2021-06-21 07:23:52.885998592,414.61533,0.0
2021-06-21,13.874299,108.98885,2021-06-21 07:23:52.912994816,414.69696,0.0
2021-06-21,13.889703,108.99548,2021-06-21 07:23:52.939991552,415.0476,0.0
2021-06-21,13.90512,109.002075,2021-06-21 07:23:52.966987776,414.51703,0.0
2021-06-21,13.920545,109.00866,2021-06-21 07:23:52.994024448,414.62476,0.0
2021-06-21,13.93599,109.01519,2021-06-21 07:23:53.021020928,415.52887,0.0
2021-06-21,13.95145,109.0217,2021-06-21 07:23:53.048017152,414.8607,0.0
2021-06-21,13.857742,109.00171,2021-06-21 07:23:53.246004480,414.025,0.0
2021-06-21,13.87314,109.00834,2021-06-21 07:23:53.273000960,414.71118,0.0
2021-06-21,13.888552,109.014946,2021-06-21 07:23:53.299997440,415.15097,0.0
2021-06-21,13.903977,109.02152,2021-06-21 07:23:53.326993920,414.78494,0.0
2021-06-21,13.919422,109.02805,2021-06-21 07:23:53.353990400,416.14096,0.0
2021-06-21,13.934876,109.03457,2021-06-21 07:23:53.381027072,415.77243,0.0
2021-06-21,13.8105545,109.00123,2021-06-21 07:23:53.525021440,414.60846,0.0
2021-06-21,13.825981,109.007835,2021-06-21 07:23:53.552017664,414.95016,0.0
2021-06-21,13.841379,109.01454,2021-06-21 07:23:53.579014400,414.78897,0.0
2021-06-21,13.856794,109.02118,2021-06-21 07:23:53.606010624,415.18512,0.0
2021-06-21,13.872193,109.02782,2021-06-21 07:23:53.633007104,415.3193,0.0
2021-06-21,13.887611,109.0344,2021-06-21 07:23:53.660003584,414.41193,0.0
2021-06-21,13.9030485,109.040924,2021-06-21 07:23:53.687000064,415.55014,0.0
2021-06-21,13.9184885,109.04745,2021-06-21 07:23:53.713996288,415.11865,0.0
2021-06-21,13.794074,109.01385,2021-06-21 07:23:53.858996736,415.60583,0.0
2021-06-21,13.809391,109.020706,2021-06-21 07:23:53.885992960,417.05716,0.0
2021-06-21,13.82468,109.02765,2021-06-21 07:23:53.912989696,414.30725,0.0
2021-06-21,13.84019,109.033966,2021-06-21 07:23:53.939985920,414.25876,0.0
2021-06-21,13.855584,109.04062,2021-06-21 07:23:53.967022592,415.855,0.0
2021-06-21,13.870998,109.047226,2021-06-21 07:23:53.994019072,415.12207,0.0
2021-06-21,13.886433,109.05379,2021-06-21 07:23:54.021015296,414.77625,0.0
2021-06-21,13.901887,109.0603,2021-06-21 07:23:54.048011776,415.31915,0.0
2021-06-21,13.8389435,109.05357,2021-06-21 07:23:54.299992064,414.06665,0.0
2021-06-21,13.854353,109.06016,2021-06-21 07:23:54.326988544,415.11823,0.0
2021-06-21,13.869782,109.066696,2021-06-21 07:23:54.354025216,415.24936,0.0
2021-06-21,13.885232,109.0732,2021-06-21 07:23:54.381021440,415.0853,0.0
2021-06-21,13.760655,109.04026,2021-06-21 07:23:54.525015808,413.94666,0.0
2021-06-21,13.790895,109.0551,2021-06-21 07:23:54.579008768,413.92413,0.0
2021-06-21,13.837741,109.073204,2021-06-21 07:23:54.659998208,414.87408,0.0
2021-06-21,13.853242,109.07957,2021-06-21 07:23:54.686994432,414.99036,0.0
2021-06-21,13.868701,109.08605,2021-06-21 07:23:54.713990912,415.19662,0.0
2021-06-21,13.744238,109.05264,2021-06-21 07:23:54.858991104,415.92953,0.0
2021-06-21,13.759228,109.06043,2021-06-21 07:23:54.886027776,414.76416,0.0
2021-06-21,13.774514,109.06732,2021-06-21 07:23:54.913024512,412.6134,0.0
2021-06-21,13.790112,109.07335,2021-06-21 07:23:54.940020736,413.5094,0.0
2021-06-21,13.852037,109.09894,2021-06-21 07:23:55.048006656,415.58646,0.0
2021-06-21,13.727658,109.06544,2021-06-21 07:23:55.192000768,414.25238,0.0
2021-06-21,13.742966,109.072334,2021-06-21 07:23:55.218997248,414.81818,0.0
2021-06-21,13.758129,109.07964,2021-06-21 07:23:55.245993728,415.04565,0.0
2021-06-21,13.789123,109.09234,2021-06-21 07:23:55.299986688,415.29382,0.0
2021-06-21,13.820024,109.10532,2021-06-21 07:23:55.354019584,415.23682,0.0
2021-06-21,13.710781,109.07917,2021-06-21 07:23:55.525010688,416.5186,0.0
2021-06-21,13.757125,109.09862,2021-06-21 07:23:55.605999872,413.47345,0.0
2021-06-21,13.772592,109.10508,2021-06-21 07:23:55.632996352,414.25482,0.0
2021-06-21,13.788016,109.11166,2021-06-21 07:23:55.659992576,415.0935,0.0
2021-06-21,13.803469,109.11818,2021-06-21 07:23:55.686989056,415.21332,0.0
2021-06-21,13.725183,109.10491,2021-06-21 07:23:55.913018880,415.8744,0.0
2021-06-21,13.740676,109.11125,2021-06-21 07:23:55.940015360,414.38937,0.0
2021-06-21,13.756077,109.11787,2021-06-21 07:23:55.967011584,415.1877,0.0
2021-06-21,13.771485,109.12446,2021-06-21 07:23:55.994008064,416.05096,0.0
2021-06-21,13.786856,109.13116,2021-06-21 07:23:56.021004800,416.2231,0.0
2021-06-21,13.80237,109.1375,2021-06-21 07:23:56.048001024,415.4713,0.0
2021-06-21,13.693324,109.11077,2021-06-21 07:23:56.218991872,414.08685,0.0
2021-06-21,13.708712,109.11743,2021-06-21 07:23:56.245988352,414.06885,0.0
2021-06-21,13.724103,109.124084,2021-06-21 07:23:56.273025024,413.8278,0.0
2021-06-21,13.739399,109.131,2021-06-21 07:23:56.300021504,415.46887,0.0
2021-06-21,13.770304,109.14398,2021-06-21 07:23:56.354014464,413.9718,0.0
2021-06-21,13.785808,109.15036,2021-06-21 07:23:56.381010688,414.8619,0.0
2021-06-21,13.722756,109.144,2021-06-21 07:23:56.632990720,417.27936,0.0
2021-06-21,13.738274,109.150314,2021-06-21 07:23:56.659987200,414.88,0.0
2021-06-21,13.753762,109.15671,2021-06-21 07:23:56.687023872,414.62228,0.0
2021-06-21,13.76922,109.1632,2021-06-21 07:23:56.714020352,416.09662,0.0
2021-06-21,13.627583,109.144516,2021-06-21 07:23:57.191990016,415.7156,0.0
2021-06-21,13.673263,109.16572,2021-06-21 07:23:57.273019648,414.65274,0.0
2021-06-21,13.611107,109.157074,2021-06-21 07:23:57.524999680,416.10516,0.0
2021-06-21,13.687659,109.1911,2021-06-21 07:23:57.660022016,415.20752,0.0
2021-06-21,13.703211,109.197296,2021-06-21 07:23:57.687018496,415.8019,0.0
2021-06-21,13.594298,109.170525,2021-06-21 07:23:57.859015168,415.66858,0.0
2021-06-21,13.610278,109.17538,2021-06-21 07:23:57.886011648,415.22543,0.0
2021-06-21,13.625786,109.18166,2021-06-21 07:23:57.913007872,413.36288,0.0
2021-06-21,13.640888,109.189095,2021-06-21 07:23:57.940004352,412.68558,0.0
2021-06-21,13.656237,109.19582,2021-06-21 07:23:57.967001088,414.3919,0.0
2021-06-21,13.702272,109.21604,2021-06-21 07:23:58.047990272,415.48593,0.0
2021-06-21,13.578199,109.18185,2021-06-21 07:23:58.192024832,414.85962,0.0
2021-06-21,13.593726,109.18808,2021-06-21 07:23:58.219021312,414.3367,0.0
2021-06-21,13.609203,109.19448,2021-06-21 07:23:58.246017792,415.03986,0.0
2021-06-21,13.624581,109.20117,2021-06-21 07:23:58.273014016,412.8981,0.0
2021-06-21,13.577243,109.20069,2021-06-21 07:23:58.551990784,414.11218,0.0
2021-06-21,13.592618,109.2074,2021-06-21 07:23:58.578987008,414.33505,0.0
2021-06-21,13.534553,109.23946,2021-06-21 07:23:59.524988928,414.64407,0.0
2021-06-21,13.550311,109.24573,2021-06-21 07:23:59.552025600,415.15134,0.0
2021-06-21,13.519284,109.207535,2021-06-21 07:24:00.192014080,415.16595,0.0
2021-06-21,13.5350685,109.2134,2021-06-21 07:24:00.219010304,415.50964,0.0
2021-06-21,13.550507,109.220245,2021-06-21 07:24:00.246007040,416.5781,0.0
2021-06-21,13.566376,109.22592,2021-06-21 07:24:00.273003264,414.98816,0.0
2021-06-21,13.5820055,109.232254,2021-06-21 07:24:00.299999744,415.5975,0.0
2021-06-21,13.502988,109.219536,2021-06-21 07:24:00.525023744,414.22037,0.0
2021-06-21,13.518355,109.22666,2021-06-21 07:24:00.552019968,414.56982,0.0
2021-06-21,13.533655,109.233955,2021-06-21 07:24:00.579016448,413.06018,0.0
2021-06-21,13.4863405,109.232124,2021-06-21 07:24:00.858998784,414.5932,0.0
2021-06-21,13.501713,109.239235,2021-06-21 07:24:00.885995264,414.72223,0.0
2021-06-21,13.533099,109.251656,2021-06-21 07:24:00.939988224,414.17276,0.0
2021-06-21,13.485304,109.25169,2021-06-21 07:24:01.219005184,414.71375,0.0
2021-06-21,13.500549,109.25903,2021-06-21 07:24:01.246001408,417.39047,0.0
2021-06-21,13.483325,109.29023,2021-06-21 07:24:01.940023040,415.53113,0.0
2021-06-21,13.418801,109.30326,2021-06-21 07:24:02.552009216,416.0797,0.0
2021-06-24,10.693377,106.3871,2021-06-24 06:37:11.003026688,411.65985,0.0
2021-06-24,10.676634,106.39959,2021-06-24 06:37:11.335996160,411.64142,0.0
2021-06-24,10.659749,106.411865,2021-06-24 06:37:11.669005824,413.42157,0.0
2021-06-24,10.631933,106.41271,2021-06-24 06:37:12.308994304,413.36893,0.0
2021-06-24,10.620949,106.40116,2021-06-24 06:37:12.615007488,414.595,0.0
2021-06-24,10.615169,106.42538,2021-06-24 06:37:12.642003968,414.7408,0.0
2021-06-24,10.609875,106.389404,2021-06-24 06:37:12.922026752,413.2913,0.0
2021-06-24,10.58738,106.42595,2021-06-24 06:37:13.281992448,414.12177,0.0
2021-06-24,10.559633,106.426865,2021-06-24 06:37:13.922021120,411.75345,0.0
2021-06-24,10.324376,106.66155,2021-06-24 06:37:18.335998208,414.24286,0.0
2021-06-24,10.945047,106.352455,2021-06-24 06:37:26.003025664,414.20706,0.0
2021-06-24,10.8798895,106.46079,2021-06-24 06:37:27.417019392,414.63306,0.0
2021-06-24,10.844146,106.40776,2021-06-24 06:37:27.976018432,413.10345,0.0
2021-06-24,11.071363,106.44988,2021-06-24 06:37:45.723015424,414.6712,0.0
2021-06-24,10.9997635,106.425354,2021-06-24 06:37:46.615024128,413.1108,0.0
2021-06-24,10.899095,106.50037,2021-06-24 06:37:48.615013376,413.438,0.0
2021-06-24,10.892202,106.602615,2021-06-24 06:37:49.417020672,413.12643,0.0
2021-06-24,10.853294,106.612144,2021-06-24 06:37:50.057009152,415.40503,0.0
2021-06-24,10.7428255,106.59697,2021-06-24 06:37:51.588000768,414.10873,0.0
2021-06-24,10.696831,106.70884,2021-06-24 06:37:53.029996288,414.5374,0.0
2021-06-24,10.679951,106.72121,2021-06-24 06:37:53.363006208,414.65805,0.0
2021-06-24,10.68589,106.783165,2021-06-24 06:38:17.228014592,414.22055,0.0
2021-06-24,10.698307,106.830505,2021-06-24 06:38:17.642013440,415.30225,0.0
2021-06-24,10.691282,106.85448,2021-06-24 06:38:18.003025408,414.95358,0.0
2021-06-24,10.7011,106.866066,2021-06-24 06:38:18.030021632,412.8902,0.0
2021-07-02,10.67755,106.38418,2021-07-02 03:34:09.021997824,414.74463,0.0
2021-07-02,10.599138,106.36632,2021-07-02 03:34:09.796003072,416.94656,0.0
2021-07-02,10.587877,106.3557,2021-07-02 03:34:09.822999552,417.36737,0.0
2021-07-02,10.60476,106.40005,2021-07-02 03:34:10.076025600,415.1523,0.0
2021-07-02,10.386128,106.50483,2021-07-02 03:34:13.823017984,410.90387,0.0
2021-07-02,10.346737,106.49613,2021-07-02 03:34:14.211026432,416.00787,0.0
2021-07-02,10.357968,106.62021,2021-07-02 03:34:15.355015168,415.31543,0.0
2021-07-02,10.156067,106.655426,2021-07-02 03:34:18.184008448,415.86212,0.0
2021-07-03,16.54059,107.572845,2021-07-03 02:45:54.729992192,415.91522,0.0
2021-07-03,16.516401,107.61193,2021-07-03 02:45:55.424013568,415.38834,0.0
2021-07-03,16.491095,107.612335,2021-07-03 02:45:55.729986560,414.93756,0.0
2021-07-03,16.49989,107.62508,2021-07-03 02:45:55.757023232,416.0328,0.0
2021-07-03,16.460402,107.71575,2021-07-03 02:45:57.172022784,415.07108,0.0
2021-07-03,16.408558,107.67804,2021-07-03 02:45:57.397006592,415.227,0.0
2021-07-03,16.417349,107.69077,2021-07-03 02:45:57.424002816,415.6408,0.0
2021-07-03,16.400846,107.70391,2021-07-03 02:45:57.757012480,415.6659,0.0
2021-07-03,16.351274,107.74321,2021-07-03 02:45:58.757007104,414.6797,0.0
2021-07-03,16.327045,107.78212,2021-07-03 02:45:59.450988544,416.17905,0.0
2021-07-03,16.27639,107.78286,2021-07-03 02:46:00.064020736,416.9178,0.0
2021-07-03,16.259855,107.795975,2021-07-03 02:46:00.396990208,416.055,0.0
2021-07-03,16.269766,107.84727,2021-07-03 02:46:00.810989056,419.2248,0.0
2021-07-03,16.262089,107.873,2021-07-03 02:46:01.172001024,415.84692,0.0
2021-07-03,16.210308,107.8353,2021-07-03 02:46:01.397025024,414.99048,0.0
2021-07-03,16.219076,107.84802,2021-07-03 02:46:01.424021504,415.74405,0.0
2021-07-03,16.263319,107.91136,2021-07-03 02:46:01.559003648,416.8567,0.0
2021-07-03,16.220161,107.88653,2021-07-03 02:46:01.811023872,416.4062,0.0
2021-07-03,16.246798,107.92448,2021-07-03 02:46:01.892013312,416.24854,0.0
2021-07-03,16.203602,107.89957,2021-07-03 02:46:02.144999168,416.45074,0.0
2021-07-03,16.212442,107.9122,2021-07-03 02:46:02.171995648,415.32114,0.0
2021-07-03,16.230255,107.93753,2021-07-03 02:46:02.225988352,415.46375,0.0
2021-07-03,16.12869,107.939255,2021-07-03 02:46:03.451006976,415.7763,0.0
2021-07-03,16.06366,108.029976,2021-07-03 02:46:05.172019456,415.45667,0.0
2021-07-03,16.072527,108.04262,2021-07-03 02:46:05.199016192,415.80222,0.0
2021-07-03,15.970985,108.04413,2021-07-03 02:46:06.423994368,415.45914,0.0
2021-07-03,15.979775,108.05684,2021-07-03 02:46:06.450990592,415.662,0.0
2021-07-03,16.007574,108.1331,2021-07-03 02:46:06.919022848,415.62265,0.0
2021-07-03,15.946719,108.08295,2021-07-03 02:46:07.118015744,416.28537,0.0
2021-07-03,15.9126,108.07054,2021-07-03 02:46:07.396992512,416.4728,0.0
2021-07-03,15.930141,108.095955,2021-07-03 02:46:07.451025408,415.61435,0.0
2021-07-03,15.974469,108.15919,2021-07-03 02:46:07.586007552,415.97656,0.0
2021-07-03,15.896048,108.08361,2021-07-03 02:46:07.730002176,416.18832,0.0
2021-07-03,15.904819,108.096344,2021-07-03 02:46:07.756998656,415.9512,0.0
2021-07-03,15.913613,108.109055,2021-07-03 02:46:07.783994880,415.73264,0.0
2021-07-03,15.922432,108.12174,2021-07-03 02:46:07.810991360,416.3253,0.0
2021-07-03,15.931274,108.13441,2021-07-03 02:46:07.837987840,415.08948,0.0
2021-07-03,15.923612,108.160095,2021-07-03 02:46:08.198999808,415.88943,0.0
2021-07-03,15.162352,108.79584,2021-07-03 02:46:23.919011072,415.7148,0.0
2021-07-03,15.119179,108.770935,2021-07-03 02:46:24.171997184,416.38583,0.0
2021-07-03,15.128004,108.78355,2021-07-03 02:46:24.198993408,415.95694,0.0
2021-07-03,15.094792,108.809395,2021-07-03 02:46:24.865012736,415.64594,0.0
2021-07-03,15.034342,108.75897,2021-07-03 02:46:25.064005888,415.6065,0.0
2021-07-03,15.043066,108.77169,2021-07-03 02:46:25.091002112,415.46957,0.0
2021-07-03,15.087058,108.83493,2021-07-03 02:46:25.226024704,415.92917,0.0
2021-07-03,15.095933,108.84751,2021-07-03 02:46:25.253021184,417.06616,0.0
2021-07-03,15.043975,108.80999,2021-07-03 02:46:25.478004992,415.9914,0.0
2021-07-03,15.079298,108.86042,2021-07-03 02:46:25.585990400,416.45682,0.0
2021-07-03,15.009848,108.797554,2021-07-03 02:46:25.757021696,416.499,0.0
2021-07-03,15.02737,108.8229,2021-07-03 02:46:25.811014400,416.1463,0.0
2021-07-03,15.036169,108.83554,2021-07-03 02:46:25.838010880,415.9197,0.0
2021-07-03,15.053837,108.860756,2021-07-03 02:46:25.892003840,417.62207,0.0
2021-07-03,15.062706,108.87334,2021-07-03 02:46:25.919000064,416.37335,0.0
2021-07-03,14.99325,108.81047,2021-07-03 02:46:26.090996736,416.26215,0.0
2021-07-03,15.046085,108.88619,2021-07-03 02:46:26.253015808,416.24014,0.0
2021-07-03,15.002952,108.86137,2021-07-03 02:46:26.504995840,415.7228,0.0
2021-07-03,15.011775,108.873985,2021-07-03 02:46:26.531992320,416.418,0.0
2021-07-03,15.020622,108.88657,2021-07-03 02:46:26.558988544,415.76154,0.0
2021-07-03,15.029495,108.89915,2021-07-03 02:46:26.586025216,415.9223,0.0
2021-07-03,15.004007,108.89952,2021-07-03 02:46:26.891998208,415.721,0.0
2021-07-03,14.934727,108.836464,2021-07-03 02:46:27.063994880,415.64816,0.0
2021-07-03,14.978587,108.89985,2021-07-03 02:46:27.199017472,415.86386,0.0
2021-07-03,14.987434,108.91246,2021-07-03 02:46:27.226013952,415.57065,0.0
2021-07-03,14.935659,108.87487,2021-07-03 02:46:27.450997504,417.21838,0.0
2021-07-03,14.944425,108.88753,2021-07-03 02:46:27.477993984,416.2726,0.0
2021-07-03,14.962014,108.912766,2021-07-03 02:46:27.531986688,416.1279,0.0
2021-07-03,14.910281,108.87509,2021-07-03 02:46:27.757010688,417.35873,0.0
2021-07-03,14.919031,108.88778,2021-07-03 02:46:27.784007168,416.13455,0.0
2021-07-03,14.945428,108.92572,2021-07-03 02:46:27.864996352,414.19482,0.0
2021-07-03,14.91117,108.91334,2021-07-03 02:46:28.145019136,416.3521,0.0
2021-07-03,14.91997,108.92598,2021-07-03 02:46:28.172015616,417.03116,0.0
2021-07-03,14.903355,108.93892,2021-07-03 02:46:28.505025024,415.78152,0.0
2021-07-03,14.851753,108.90116,2021-07-03 02:46:28.730008832,416.1035,0.0
2021-07-03,14.843878,108.926765,2021-07-03 02:46:29.091020800,416.11044,0.0
2021-07-03,14.818542,108.92693,2021-07-03 02:46:29.396993792,415.68906,0.0
2021-07-03,14.819383,108.96522,2021-07-03 02:46:29.783996416,415.57367,0.0
2021-07-03,14.785328,108.95277,2021-07-03 02:46:30.064018944,415.18848,0.0
2021-07-03,14.768686,108.96558,2021-07-03 02:46:30.396988416,415.2503,0.0
2021-07-03,14.777391,108.97828,2021-07-03 02:46:30.424025088,415.10474,0.0
2021-07-03,14.735455,108.99135,2021-07-03 02:46:31.064013568,415.02188,0.0
2021-07-03,14.669075,109.042984,2021-07-03 02:46:32.397017600,416.17914,0.0
2021-07-10,17.221838,106.52359,2021-07-10 23:41:24.418000128,411.60403,0.0
2021-07-10,17.029757,106.61834,2021-07-10 23:41:27.671010304,416.17905,0.0
2021-07-10,17.004229,106.61901,2021-07-10 23:41:27.977023488,412.88004,0.0
2021-07-10,16.72386,106.84308,2021-07-10 23:41:33.644021504,418.40436,0.0
2021-07-10,16.73289,106.855606,2021-07-10 23:41:33.671017984,419.6092,0.0
2021-07-10,16.699884,106.88192,2021-07-10 23:41:34.336997120,418.80786,0.0
2021-07-10,16.718023,106.90688,2021-07-10 23:41:34.390989824,416.36124,0.0
2021-07-10,16.531868,106.936874,2021-07-10 23:41:36.896025600,409.80103,0.0
2021-07-10,16.483759,107.01453,2021-07-10 23:41:38.283022592,415.8896,0.0
2021-07-10,16.46725,107.02766,2021-07-10 23:41:38.616997888,413.94672,0.0
2021-07-10,16.368155,107.10635,2021-07-10 23:41:40.617027328,416.68597,0.0
2021-07-10,16.360607,107.13197,2021-07-10 23:41:40.976993024,417.75336,0.0
2021-07-10,16.30069,107.12056,2021-07-10 23:41:41.562988800,418.41794,0.0
2021-07-10,16.320032,107.18382,2021-07-10 23:41:42.004024576,417.04556,0.0
2021-07-10,16.27659,107.159355,2021-07-10 23:41:42.256004608,414.96637,0.0
2021-07-10,16.303507,107.19693,2021-07-10 23:41:42.336993792,419.335,0.0
2021-07-10,16.246412,107.26175,2021-07-10 23:41:43.698000384,416.8825,0.0
2021-07-10,16.204315,107.27546,2021-07-10 23:41:44.337023232,414.40366,0.0
2021-07-10,16.187778,107.288536,2021-07-10 23:41:44.670998528,414.79202,0.0
2021-07-10,16.171242,107.30161,2021-07-10 23:41:45.004007936,415.48062,0.0
2021-07-10,16.145718,107.30217,2021-07-10 23:41:45.310021376,419.51422,0.0
2021-07-10,16.154705,107.31468,2021-07-10 23:41:45.337017856,417.2295,0.0
2021-07-10,16.163729,107.32713,2021-07-10 23:41:45.364014080,417.43573,0.0
2021-07-10,16.129183,107.31525,2021-07-10 23:41:45.643996672,416.78806,0.0
2021-07-10,16.138168,107.32775,2021-07-10 23:41:45.670993152,415.99692,0.0
2021-07-10,16.147194,107.34021,2021-07-10 23:41:45.697989376,417.7045,0.0
2021-07-10,16.112646,107.328316,2021-07-10 23:41:45.977006080,415.2243,0.0
2021-07-10,16.09611,107.34138,2021-07-10 23:41:46.310016000,416.34714,0.0
2021-07-10,16.105099,107.353874,2021-07-10 23:41:46.337012224,417.5271,0.0
2021-07-10,14.87978,108.352066,2021-07-10 23:42:11.390990336,419.82156,0.0
2021-07-10,14.327609,108.663155,2021-07-10 23:42:21.228997632,421.97134,0.0
2021-07-10,14.290116,108.82731,2021-07-10 23:42:23.418002176,419.4861,0.0
2021-07-10,14.231189,108.85335,2021-07-10 23:42:24.391000320,420.12732,0.0
2021-07-10,14.080084,108.93093,2021-07-10 23:42:27.004021760,421.00076,0.0
2021-07-10,14.10696,108.96818,2021-07-10 23:42:27.085010944,416.82782,0.0
2021-07-10,14.072363,108.95616,2021-07-10 23:42:27.363987456,416.2873,0.0
2021-07-10,14.081321,108.96858,2021-07-10 23:42:27.391024128,416.70374,0.0
2021-07-10,14.090303,108.98097,2021-07-10 23:42:27.418020608,417.5531,0.0
2021-07-10,14.037869,108.94405,2021-07-10 23:42:27.644009984,417.1234,0.0
2021-07-10,14.046776,108.95651,2021-07-10 23:42:27.671006720,417.2185,0.0
2021-07-10,14.055709,108.96895,2021-07-10 23:42:27.698002944,417.161,0.0
2021-07-10,14.064666,108.98137,2021-07-10 23:42:27.724999424,416.07956,0.0
2021-07-10,14.073648,108.99377,2021-07-10 23:42:27.751996160,416.98853,0.0
2021-07-10,14.012333,108.94436,2021-07-10 23:42:27.950023424,417.6231,0.0
2021-07-10,14.030122,108.96931,2021-07-10 23:42:28.004016384,417.12222,0.0
2021-07-10,14.039055,108.98174,2021-07-10 23:42:28.031012864,416.1307,0.0
2021-07-10,14.048011,108.994156,2021-07-10 23:42:28.058009088,416.78732,0.0
2021-07-10,14.0569935,109.00655,2021-07-10 23:42:28.085005568,417.45386,0.0
2021-07-10,13.986818,108.94464,2021-07-10 23:42:28.255996416,417.59412,0.0
2021-07-10,13.995679,108.957146,2021-07-10 23:42:28.282992896,416.8928,0.0
2021-07-10,14.0045595,108.96963,2021-07-10 23:42:28.309989120,417.50775,0.0
2021-07-10,14.013467,108.98209,2021-07-10 23:42:28.337025792,415.93567,0.0
2021-07-10,14.0224,108.99453,2021-07-10 23:42:28.364022272,417.0488,0.0
2021-07-10,14.031355,109.00694,2021-07-10 23:42:28.391018752,416.06522,0.0
2021-07-10,14.040336,109.01934,2021-07-10 23:42:28.418015232,416.4318,0.0
2021-07-10,14.005742,109.00732,2021-07-10 23:42:28.697997568,416.8503,0.0
2021-07-10,14.014697,109.01973,2021-07-10 23:42:28.724994304,415.8325,0.0
2021-07-10,14.007017,109.04491,2021-07-10 23:42:29.084999936,416.5163,0.0
2021-07-10,13.928015,108.97046,2021-07-10 23:42:29.228994560,416.47946,0.0
2021-07-10,13.911357,108.98324,2021-07-10 23:42:29.563010048,416.67676,0.0
2021-07-10,13.9290495,109.00828,2021-07-10 23:42:29.617003008,417.07312,0.0
2021-07-10,13.931393,109.083626,2021-07-10 23:42:30.391008000,416.2221,0.0
2021-07-10,13.881394,109.12195,2021-07-10 23:42:31.391002624,416.3316,0.0
2021-07-10,13.864729,109.13471,2021-07-10 23:42:31.725018112,416.754,0.0
2021-07-10,13.812414,109.097694,2021-07-10 23:42:31.950001664,418.07178,0.0
2021-07-10,13.821289,109.110176,2021-07-10 23:42:31.976998144,415.95993,0.0
2021-07-10,13.839113,109.13506,2021-07-10 23:42:32.030991104,416.87933,0.0
2021-07-10,13.848062,109.14748,2021-07-10 23:42:32.057987328,416.89835,0.0
2021-07-10,13.786897,109.09795,2021-07-10 23:42:32.256014848,416.71912,0.0
2021-07-10,13.795749,109.11046,2021-07-10 23:42:32.283011328,414.75766,0.0
2021-07-10,13.813523,109.13539,2021-07-10 23:42:32.337004288,416.7527,0.0
2021-07-10,13.77909,109.12322,2021-07-10 23:42:32.617026816,413.91608,0.0
2021-07-10,13.787959,109.1357,2021-07-10 23:42:32.644023296,417.0819,0.0
2021-07-10,13.80578,109.16059,2021-07-10 23:42:32.698016256,416.17972,0.0
2021-07-10,13.814728,109.173004,2021-07-10 23:42:32.725012480,416.22177,0.0
2021-07-10,13.823701,109.185394,2021-07-10 23:42:32.752008960,416.41916,0.0
2021-07-10,13.744741,109.110954,2021-07-10 23:42:32.896003584,416.42343,0.0
2021-07-10,13.771294,109.14845,2021-07-10 23:42:32.976992512,416.94858,0.0
2021-07-10,13.79806,109.18576,2021-07-10 23:42:33.058022144,416.12875,0.0
2021-07-10,13.807033,109.19815,2021-07-10 23:42:33.085018624,416.83255,0.0
2021-07-10,13.736906,109.13623,2021-07-10 23:42:33.256009472,414.56836,0.0
2021-07-10,13.781391,109.19852,2021-07-10 23:42:33.390991616,414.66946,0.0
2021-07-27,15.018921,108.22306,2021-07-27 06:52:28.612010496,415.58295,0.0
2021-07-27,15.269263,108.53556,2021-07-27 06:52:34.773996800,413.9279,0.0
2021-07-27,15.375741,108.48104,2021-07-27 06:52:35.585016320,413.3569,0.0
2021-07-27,15.39238,108.49397,2021-07-27 06:52:35.918025984,412.92557,0.0
2021-07-27,15.408978,108.506935,2021-07-27 06:52:36.250995456,413.26227,0.0
2021-07-27,15.400803,108.5202,2021-07-27 06:52:36.277991680,413.79156,0.0
2021-07-27,15.368295,108.57355,2021-07-27 06:52:36.386017792,414.0471,0.0
2021-07-27,15.360233,108.58692,2021-07-27 06:52:36.413014272,415.25262,0.0
2021-07-27,15.425502,108.519936,2021-07-27 06:52:36.585010944,413.59912,0.0
2021-07-27,15.409165,108.54651,2021-07-27 06:52:36.639003648,414.10416,0.0
2021-07-27,15.392937,108.57316,2021-07-27 06:52:36.692996608,415.58652,0.0
2021-07-27,15.425762,108.55941,2021-07-27 06:52:36.972013568,414.32104,0.0
2021-07-27,15.417618,108.57274,2021-07-27 06:52:36.999009792,413.44058,0.0
2021-07-27,15.409503,108.58608,2021-07-27 06:52:37.026006272,414.5754,0.0
2021-07-27,15.401417,108.59944,2021-07-27 06:52:37.053002752,414.2885,0.0
2021-07-27,15.393365,108.612816,2021-07-27 06:52:37.079999232,414.23212,0.0
2021-07-27,15.458737,108.54575,2021-07-27 06:52:37.250989824,414.36752,0.0
2021-07-27,15.45055,108.559044,2021-07-27 06:52:37.278026496,415.36264,0.0
2021-07-27,15.426146,108.59901,2021-07-27 06:52:37.359015936,415.50104,0.0
2021-07-27,15.418062,108.61237,2021-07-27 06:52:37.386012416,414.02408,0.0
2021-07-27,15.410004,108.625755,2021-07-27 06:52:37.413008640,414.70093,0.0
2021-07-27,15.401972,108.63916,2021-07-27 06:52:37.440005376,415.31686,0.0
2021-07-27,15.467135,108.57198,2021-07-27 06:52:37.612001792,415.06384,0.0
2021-07-27,15.458975,108.58528,2021-07-27 06:52:37.638998272,414.48166,0.0
2021-07-27,15.442729,108.611946,2021-07-27 06:52:37.692991232,413.75833,0.0
2021-07-27,15.434645,108.625305,2021-07-27 06:52:37.720027904,414.84952,0.0
2021-08-16,21.112938,105.35909,2021-08-16 09:00:37.348017152,418.47253,0.0
2021-08-16,20.77962,105.63141,2021-08-16 09:00:44.321022976,416.04645,0.0
2021-08-16,20.879677,105.87412,2021-08-16 09:01:26.320996352,418.35867,0.0
2021-08-16,20.850258,105.855415,2021-08-16 09:01:26.601018880,417.1661,0.0
2021-08-16,20.856918,105.871735,2021-08-16 09:01:26.628015360,418.73895,0.0
2021-08-16,20.827587,105.85299,2021-08-16 09:01:26.906991872,417.80658,0.0
2021-08-16,20.840918,105.885704,2021-08-16 09:01:26.961025024,417.66428,0.0
2021-08-16,20.811506,105.867065,2021-08-16 09:01:27.240001792,417.47522,0.0
2021-08-16,20.824823,105.899765,2021-08-16 09:01:27.293994496,418.38437,0.0
2021-08-16,21.59266,105.44115,2021-08-16 09:01:42.655005440,408.32477,0.0
2021-08-16,21.60615,105.450226,2021-08-16 09:01:42.682001920,417.3338,0.0
2021-08-16,21.576662,105.45535,2021-08-16 09:01:42.988015104,414.51663,0.0
2021-08-16,21.590178,105.4643,2021-08-16 09:01:43.015011584,415.48526,0.0
2021-08-16,21.560497,105.46945,2021-08-16 09:01:43.321024768,414.73883,0.0
2021-08-16,21.574034,105.47837,2021-08-16 09:01:43.348021248,414.83423,0.0
2021-08-16,21.544485,105.48358,2021-08-16 09:01:43.655000064,415.0301,0.0
2021-08-16,21.557999,105.49257,2021-08-16 09:01:43.681996288,415.98575,0.0
2021-08-16,21.528456,105.497795,2021-08-16 09:01:43.988009728,415.08453,0.0
2021-08-16,21.541956,105.506775,2021-08-16 09:01:44.015005952,415.24988,0.0
2021-08-16,21.512358,105.51214,2021-08-16 09:01:44.321019392,413.62952,0.0
2021-08-16,21.52591,105.52099,2021-08-16 09:01:44.348015872,415.17505,0.0
2021-08-16,21.450901,105.54542,2021-08-16 09:01:45.294017536,411.43164,0.0
2021-08-16,21.464334,105.55464,2021-08-16 09:01:45.321014016,413.54102,0.0
2021-08-16,21.477901,105.563416,2021-08-16 09:01:45.348010240,413.93903,0.0
2021-08-16,21.42136,105.55052,2021-08-16 09:01:45.600996352,410.3554,0.0
2021-08-16,21.43485,105.55958,2021-08-16 09:01:45.627992576,412.22333,0.0
2021-08-16,21.448381,105.56848,2021-08-16 09:01:45.654989312,412.7818,0.0
2021-08-16,21.461878,105.577484,2021-08-16 09:01:45.682025984,414.26285,0.0
2021-08-16,21.405294,105.56471,2021-08-16 09:01:45.934006016,411.3536,0.0
2021-08-16,21.680252,105.5468,2021-08-16 09:02:03.015023616,415.63263,0.0
2021-08-16,21.698284,105.55113,2021-08-16 09:02:03.042020352,415.30676,0.0
2021-08-16,21.648361,105.5751,2021-08-16 09:02:03.682008832,415.34357,0.0
2021-08-16,21.666471,105.57934,2021-08-16 09:02:03.709005056,416.0595,0.0
2021-08-16,21.63441,105.60773,2021-08-16 09:02:04.375024384,415.89993,0.0
2021-08-16,21.652542,105.61196,2021-08-16 09:02:04.402020864,415.944,0.0
2021-08-16,21.636265,105.62608,2021-08-16 09:02:04.735996160,414.81006,0.0
2021-08-19,13.011882,107.55625,2021-08-19 08:18:11.085022720,414.48083,0.0
2021-08-19,12.97885,107.54268,2021-08-19 08:18:11.363999488,414.624,0.0
2021-08-19,12.986992,107.5558,2021-08-19 08:18:11.390995712,413.89584,0.0
2021-08-19,12.995157,107.5689,2021-08-19 08:18:11.417992192,415.01794,0.0
2021-08-19,12.954019,107.54218,2021-08-19 08:18:11.671018240,414.78607,0.0
2021-08-19,12.978468,107.58158,2021-08-19 08:18:11.752007424,414.88174,0.0
2021-08-19,12.888333,107.514656,2021-08-19 08:18:12.229011456,414.11697,0.0
2021-08-19,12.896356,107.52789,2021-08-19 08:18:12.256008192,414.09933,0.0
2021-08-19,12.904406,107.54111,2021-08-19 08:18:12.283004416,415.54468,0.0
2021-08-19,12.920587,107.5675,2021-08-19 08:18:12.336997632,415.66135,0.0
2021-08-19,12.928716,107.58066,2021-08-19 08:18:12.363993856,414.58942,0.0
2021-08-19,12.936861,107.59378,2021-08-19 08:18:12.390990336,415.67487,0.0
2021-08-19,12.945038,107.606895,2021-08-19 08:18:12.418027008,416.0608,0.0
2021-08-19,12.871622,107.527336,2021-08-19 08:18:12.562986752,414.8171,0.0
2021-08-19,12.87965,107.54059,2021-08-19 08:18:12.590023424,414.85257,0.0
2021-08-19,12.887707,107.553825,2021-08-19 08:18:12.617020160,415.2852,0.0
2021-08-19,12.895789,107.56705,2021-08-19 08:18:12.644016384,414.87244,0.0
2021-08-19,12.903899,107.58024,2021-08-19 08:18:12.671012864,416.13184,0.0
2021-08-19,12.912039,107.5934,2021-08-19 08:18:12.698009344,414.1028,0.0
2021-08-19,12.920195,107.60652,2021-08-19 08:18:12.725005568,414.52664,0.0
2021-08-19,12.928378,107.61963,2021-08-19 08:18:12.752002304,414.84314,0.0
2021-08-19,12.854985,107.54,2021-08-19 08:18:12.895996672,415.20865,0.0
2021-08-19,12.871035,107.56646,2021-08-19 08:18:12.949989376,415.06967,0.0
2021-08-19,12.879102,107.57966,2021-08-19 08:18:12.977026048,415.12555,0.0
2021-08-19,12.838241,107.55263,2021-08-19 08:18:13.229006336,415.86624,0.0
2021-08-19,12.854307,107.57908,2021-08-19 08:18:13.282999040,415.11874,0.0
2021-08-19,12.821532,107.56533,2021-08-19 08:18:13.563021568,415.8242,0.0
2021-08-19,12.7794485,107.61644,2021-08-19 08:18:14.590012672,414.9018,0.0
2021-08-19,12.795558,107.64285,2021-08-19 08:18:14.644005632,415.64554,0.0
2021-08-19,12.754768,107.61591,2021-08-19 08:18:14.896025856,414.48196,0.0
2021-08-19,12.762766,107.62912,2021-08-19 08:18:14.923022336,415.2684,0.0
2021-08-19,12.746057,107.641785,2021-08-19 08:18:15.255991808,414.07156,0.0
2021-08-19,12.729316,107.65437,2021-08-19 08:18:15.590007296,414.33554,0.0
2021-08-19,12.736247,107.74536,2021-08-19 08:18:16.391008768,415.51822,0.0
2021-08-19,12.744416,107.758484,2021-08-19 08:18:16.418005248,414.62308,0.0
2021-08-19,12.72772,107.7712,2021-08-19 08:18:16.752020736,414.78177,0.0
2021-08-19,12.686608,107.74448,2021-08-19 08:18:17.004001024,416.1657,0.0
2021-08-19,12.686147,107.783325,2021-08-19 08:18:17.391003392,414.1058,0.0
2021-08-20,21.45539,104.96852,2021-08-20 07:28:08.886018048,415.87973,0.0
2021-08-20,21.458204,104.98832,2021-08-20 07:28:08.913014528,415.99554,0.0
2021-08-20,21.413057,105.050415,2021-08-20 07:28:09.940005632,417.7794,0.0
2021-08-20,21.367037,105.11272,2021-08-20 07:28:10.966996736,417.06177,0.0
2021-08-20,21.374939,105.172,2021-08-20 07:28:11.048026112,417.52698,0.0
2021-08-20,21.351065,105.12704,2021-08-20 07:28:11.300006144,415.41937,0.0
2021-08-20,21.321848,105.17514,2021-08-20 07:28:11.993987584,417.0636,0.0
2021-08-20,21.26402,105.13876,2021-08-20 07:28:12.885996288,416.54367,0.0
2021-08-20,21.276741,105.23765,2021-08-20 07:28:13.021018624,414.88443,0.0
2021-08-20,21.258387,105.23193,2021-08-20 07:28:13.326991872,416.5421,0.0
2021-08-20,21.260605,105.25175,2021-08-20 07:28:13.353988096,415.70956,0.0
2021-08-20,21.241976,105.24605,2021-08-20 07:28:13.661007360,416.03763,0.0
2021-08-20,21.244587,105.26575,2021-08-20 07:28:13.688003840,416.63437,0.0
2021-08-20,21.207455,105.25427,2021-08-20 07:28:14.299990016,416.7343,0.0
2021-08-20,21.152695,105.237366,2021-08-20 07:28:15.218995200,414.42725,0.0
2021-08-20,21.154383,105.25726,2021-08-20 07:28:15.245991680,417.72742,0.0
2021-08-20,21.056042,105.32231,2021-08-20 07:28:17.219024640,416.33908,0.0
2021-08-20,21.461622,105.12929,2021-08-20 07:28:30.553009664,416.64777,0.0
2021-08-20,21.467999,105.14601,2021-08-20 07:28:30.580006144,417.7514,0.0
2021-08-20,21.480888,105.179276,2021-08-20 07:28:30.633999104,417.54056,0.0
2021-08-20,21.487314,105.195816,2021-08-20 07:28:30.660995584,418.49356,0.0
2021-08-20,21.50658,105.24518,2021-08-20 07:28:30.742025216,417.10092,0.0
2021-08-20,21.45203,105.160034,2021-08-20 07:28:30.913015808,416.937,0.0
2021-08-20,21.46496,105.193245,2021-08-20 07:28:30.967008768,417.71808,0.0
2021-08-20,21.49048,105.2591,2021-08-20 07:28:31.074994688,416.89368,0.0
2021-08-20,21.436007,105.17406,2021-08-20 07:28:31.246025472,416.51282,0.0
2021-08-20,21.442432,105.19072,2021-08-20 07:28:31.273021952,416.49673,0.0
2021-08-20,21.468086,105.25696,2021-08-20 07:28:31.381007616,417.32803,0.0
2021-08-20,21.47453,105.27341,2021-08-20 07:28:31.408004352,417.26666,0.0
2021-08-20,21.426401,105.204994,2021-08-20 07:28:31.606997248,416.95917,0.0
2021-08-20,21.458519,105.2876,2021-08-20 07:28:31.742019584,417.12274,0.0
2021-08-20,21.429634,105.268906,2021-08-20 07:28:32.020996096,417.2332,0.0
2021-08-20,21.381683,105.19998,2021-08-20 07:28:32.219023616,415.5572,0.0
2021-08-20,21.407223,105.2664,2021-08-20 07:28:32.327009536,414.6924,0.0
2021-08-20,21.365688,105.21422,2021-08-20 07:28:32.552998912,415.76825,0.0
2021-08-20,21.3848,105.26417,2021-08-20 07:28:32.633988352,417.56976,0.0
2021-08-20,21.368809,105.27821,2021-08-20 07:28:32.966997760,417.3155,0.0
2021-08-20,21.276043,105.31573,2021-08-20 07:28:34.580024832,416.4391,0.0
2021-08-20,21.282393,105.332344,2021-08-20 07:28:34.607021312,418.53714,0.0
2021-08-20,21.077295,105.579315,2021-08-20 07:28:39.354008320,418.3921,0.0
2021-08-20,21.0837,105.59576,2021-08-20 07:28:39.381004544,418.6423,0.0
2021-08-20,21.04216,105.54386,2021-08-20 07:28:39.606994176,417.74948,0.0
2021-09-01,22.104267,104.446144,2021-09-01 02:54:35.950017536,412.23654,0.0
2021-09-01,22.063297,104.46097,2021-09-01 02:54:36.590006016,414.0642,0.0
2021-09-01,22.056078,104.488525,2021-09-01 02:54:36.950012160,413.41995,0.0
2021-09-01,22.040012,104.50265,2021-09-01 02:54:37.283021824,412.28644,0.0
2021-09-01,22.023945,104.51677,2021-09-01 02:54:37.616997120,413.92538,0.0
2021-09-01,21.991806,104.545,2021-09-01 02:54:38.283016448,415.38416,0.0
2021-09-01,21.959663,104.57321,2021-09-01 02:54:38.950001152,415.03537,0.0
2021-09-01,21.968521,104.58662,2021-09-01 02:54:38.976997888,414.47275,0.0
2021-09-01,21.55168,104.99285,2021-09-01 02:54:48.031022336,417.3657,0.0
2021-09-01,20.113054,106.26684,2021-09-01 02:55:18.085013504,414.6874,0.0
2021-09-23,22.174196,102.421036,2021-09-23 08:44:29.008992768,415.6574,0.0
2021-09-23,22.155752,102.467674,2021-09-23 08:44:29.262018560,415.08737,0.0
2021-09-23,22.178843,102.44604,2021-09-23 08:44:29.316011776,414.8818,0.0
2021-09-23,22.190294,102.43518,2021-09-23 08:44:29.343008000,414.4146,0.0
2021-09-23,22.201761,102.42429,2021-09-23 08:44:29.370004736,414.74026,0.0
2021-09-23,22.213198,102.41339,2021-09-23 08:44:29.397000960,414.98712,0.0
2021-09-23,22.224613,102.40245,2021-09-23 08:44:29.423997440,415.63025,0.0
2021-09-23,22.160236,102.49266,2021-09-23 08:44:29.567991808,412.83652,0.0
2021-09-23,22.171803,102.48187,2021-09-23 08:44:29.594988288,414.21295,0.0
2021-09-23,22.183357,102.47108,2021-09-23 08:44:29.622024960,414.38846,0.0
2021-09-23,22.194883,102.46023,2021-09-23 08:44:29.649021440,414.86432,0.0
2021-09-23,22.206339,102.449356,2021-09-23 08:44:29.676017664,414.63052,0.0
2021-09-23,22.217785,102.438484,2021-09-23 08:44:29.703014144,414.3954,0.0
2021-09-23,22.229254,102.42755,2021-09-23 08:44:29.730010624,415.04044,0.0
2021-09-23,22.240667,102.41661,2021-09-23 08:44:29.757007104,414.65073,0.0
2021-09-23,22.176344,102.506775,2021-09-23 08:44:29.901001472,413.07388,0.0
2021-09-23,22.187914,102.49599,2021-09-23 08:44:29.927997952,413.98386,0.0
2021-09-23,22.199455,102.485176,2021-09-23 08:44:29.954994176,414.64288,0.0
2021-09-23,22.233877,102.45262,2021-09-23 08:44:30.036023808,415.1611,0.0
2021-09-23,22.25673,102.430786,2021-09-23 08:44:30.090016768,413.17636,0.0
2021-09-23,22.192434,102.52091,2021-09-23 08:44:30.235016704,414.2722,0.0
2021-09-23,22.204008,102.51011,2021-09-23 08:44:30.262013440,413.27487,0.0
2021-09-23,22.227053,102.48848,2021-09-23 08:44:30.316006144,413.55045,0.0
2021-09-23,22.23854,102.47763,2021-09-23 08:44:30.343002880,413.423,0.0
2021-09-23,22.261457,102.45584,2021-09-23 08:44:30.396995584,413.8904,0.0
2021-09-23,22.272873,102.4449,2021-09-23 08:44:30.423991808,413.8077,0.0
2021-09-23,22.208517,102.535095,2021-09-23 08:44:30.568026624,413.58224,0.0
2021-09-23,22.220095,102.52431,2021-09-23 08:44:30.595023104,414.371,0.0
2021-09-23,22.231642,102.5135,2021-09-23 08:44:30.622019584,414.12265,0.0
2021-09-23,22.243164,102.50266,2021-09-23 08:44:30.649015808,414.36816,0.0
2021-09-23,22.254658,102.4918,2021-09-23 08:44:30.676012288,414.64453,0.0
2021-09-23,22.288986,102.45907,2021-09-23 08:44:30.757001728,413.69656,0.0
2021-09-23,22.305027,102.473274,2021-09-23 08:44:31.090011392,411.7702,0.0
2021-09-23,22.3097,102.49836,2021-09-23 08:44:31.396989952,411.98566,0.0
2021-09-23,22.321117,102.48743,2021-09-23 08:44:31.424026624,412.14938,0.0
2021-09-23,22.28882,102.606094,2021-09-23 08:44:32.235006208,415.48978,0.0
2021-09-23,22.36933,102.53009,2021-09-23 08:44:32.424021248,411.75372,0.0
2021-09-23,22.417564,102.57259,2021-09-23 08:44:33.424015872,412.3148,0.0
2021-09-23,22.426865,102.62288,2021-09-23 08:44:34.036002048,414.6519,0.0
2021-09-23,22.438272,102.612,2021-09-23 08:44:34.062998528,412.6875,0.0
2021-09-23,22.442917,102.63707,2021-09-23 08:44:34.370017536,412.58353,0.0
2021-09-23,22.454378,102.62615,2021-09-23 08:44:34.397014016,411.87442,0.0
2021-09-23,22.465796,102.61522,2021-09-23 08:44:34.424010496,414.23724,0.0
2021-09-23,22.45897,102.65131,2021-09-23 08:44:34.702987264,414.2068,0.0
2021-09-23,22.481876,102.62945,2021-09-23 08:44:34.757020160,412.87845,0.0
2021-09-23,22.428913,102.70895,2021-09-23 08:44:34.928011008,414.33487,0.0
2021-09-23,22.452005,102.68731,2021-09-23 08:44:34.982003968,414.13666,0.0
2021-09-23,22.46353,102.676445,2021-09-23 08:44:35.009000192,413.53372,0.0
2021-09-27,22.31315,102.20372,2021-09-27 07:12:35.227996416,413.27792,0.0
2021-09-27,22.295439,102.22986,2021-09-27 07:12:35.281989376,413.5624,0.0
2021-09-27,22.286617,102.242966,2021-09-27 07:12:35.308985600,414.5544,0.0
2021-09-27,22.277815,102.256096,2021-09-27 07:12:35.336022272,412.99817,0.0
2021-09-27,22.293892,102.270294,2021-09-27 07:12:35.668991744,413.39124,0.0
2021-09-27,22.404268,102.2214,2021-09-27 07:12:36.480011520,415.25613,0.0
2021-09-27,22.395304,102.23442,2021-09-27 07:12:36.507007744,414.87183,0.0
2021-09-27,22.386377,102.247444,2021-09-27 07:12:36.534004224,414.9963,0.0
2021-09-27,22.377472,102.26048,2021-09-27 07:12:36.561000704,415.92142,0.0
2021-09-27,22.368572,102.27354,2021-09-27 07:12:36.587996928,414.22263,0.0
2021-09-27,22.359726,102.28666,2021-09-27 07:12:36.614993664,414.89447,0.0
2021-09-27,22.384634,102.287766,2021-09-27 07:12:36.921006592,416.06873,0.0
2021-09-27,22.375774,102.300896,2021-09-27 07:12:36.948003328,414.1802,0.0
2021-09-27,22.38299,102.32825,2021-09-27 07:12:37.309015040,414.64835,0.0
2021-09-27,22.374182,102.341385,2021-09-27 07:12:37.336011520,415.1276,0.0
2021-09-27,22.434587,102.2901,2021-09-27 07:12:37.533998848,412.49405,0.0
2021-09-27,22.399069,102.34245,2021-09-27 07:12:37.642024704,414.3388,0.0
2021-09-28,18.82542,105.05776,2021-09-28 06:25:02.313999872,408.32047,0.0
2021-09-28,18.824558,105.097244,2021-09-28 06:25:02.701002240,414.2373,0.0
2021-09-28,18.815971,105.110275,2021-09-28 06:25:02.727998720,412.95242,0.0
2021-09-28,18.858183,105.08475,2021-09-28 06:25:02.980019200,412.9587,0.0
2021-09-28,18.82378,105.13684,2021-09-28 06:25:03.088004864,413.36365,0.0
2021-09-28,18.815235,105.14992,2021-09-28 06:25:03.115001088,413.74112,0.0
2021-09-28,18.891907,105.07234,2021-09-28 06:25:03.260001536,414.08505,0.0
2021-09-28,18.874554,105.09827,2021-09-28 06:25:03.313994496,414.24884,0.0
2021-09-28,18.848717,105.1373,2021-09-28 06:25:03.395023872,413.31485,0.0
2021-09-28,18.840149,105.15035,2021-09-28 06:25:03.422020352,413.2482,0.0
2021-09-28,18.831606,105.16343,2021-09-28 06:25:03.449016832,414.2612,0.0
2021-09-28,18.908289,105.085846,2021-09-28 06:25:03.593011200,413.30524,0.0
2021-09-28,18.882292,105.12476,2021-09-28 06:25:03.674000384,412.872,0.0
2021-09-28,18.873678,105.13777,2021-09-28 06:25:03.700996864,414.03088,0.0
2021-09-28,18.865088,105.15081,2021-09-28 06:25:03.727993600,413.08435,0.0
2021-09-28,18.847975,105.17695,2021-09-28 06:25:03.782026496,412.91977,0.0
2021-09-28,18.907305,105.12528,2021-09-28 06:25:03.980013824,413.41208,0.0
2021-09-28,18.898664,105.138275,2021-09-28 06:25:04.007010304,413.76376,0.0
2021-09-28,18.890049,105.15129,2021-09-28 06:25:04.034006528,412.86633,0.0
2021-09-28,18.872887,105.17738,2021-09-28 06:25:04.087999232,413.05276,0.0
2021-09-28,18.864344,105.19046,2021-09-28 06:25:04.114995968,412.56934,0.0
2021-09-28,18.941038,105.11288,2021-09-28 06:25:04.259996160,412.703,0.0
2021-09-28,18.923677,105.1388,2021-09-28 06:25:04.313988864,413.84927,0.0
2021-09-28,18.915035,105.151794,2021-09-28 06:25:04.341025536,413.63986,0.0
2021-09-28,18.906418,105.16481,2021-09-28 06:25:04.368022016,412.98492,0.0
2021-09-28,18.897823,105.17785,2021-09-28 06:25:04.395018496,412.32108,0.0
2021-09-28,18.889256,105.1909,2021-09-28 06:25:04.422014976,413.62177,0.0
2021-09-28,18.91419,105.19137,2021-09-28 06:25:04.727987968,412.6229,0.0
2021-09-28,18.90562,105.20443,2021-09-28 06:25:04.755024640,413.2308,0.0
2021-09-28,18.897076,105.21751,2021-09-28 06:25:04.782021120,412.2129,0.0
2021-09-28,18.956415,105.165855,2021-09-28 06:25:04.980008448,413.349,0.0
2021-09-28,18.947773,105.17884,2021-09-28 06:25:05.007004672,412.38184,0.0
2021-09-28,18.981453,105.166405,2021-09-28 06:25:05.286987008,413.85742,0.0
2021-09-28,18.95552,105.20539,2021-09-28 06:25:05.368016640,411.51813,0.0
2021-09-28,18.946922,105.21842,2021-09-28 06:25:05.395013120,412.13995,0.0
2021-09-28,18.9298,105.24457,2021-09-28 06:25:05.449006080,412.62036,0.0
2021-09-28,19.006521,105.16698,2021-09-28 06:25:05.593000448,413.05505,0.0
2021-09-28,18.997822,105.17993,2021-09-28 06:25:05.619996672,413.33276,0.0
2021-09-28,18.98915,105.19291,2021-09-28 06:25:05.646993152,414.58652,0.0
2021-09-28,18.980505,105.20591,2021-09-28 06:25:05.673989888,411.32983,0.0
2021-09-28,18.971884,105.21892,2021-09-28 06:25:05.701026560,413.44687,0.0
2021-09-28,18.946163,105.2581,2021-09-28 06:25:05.782015488,413.74445,0.0
2021-09-28,19.038244,105.23352,2021-09-28 06:25:06.646988032,413.1455,0.0
2021-09-28,19.029594,105.24651,2021-09-28 06:25:06.674024704,413.94666,0.0
2021-09-28,19.02097,105.25953,2021-09-28 06:25:06.701020928,413.0517,0.0
2021-09-28,19.01237,105.272575,2021-09-28 06:25:06.728017408,413.71634,0.0
2021-09-28,18.995237,105.29872,2021-09-28 06:25:06.782010112,413.8865,0.0
2021-09-28,19.037329,105.27307,2021-09-28 06:25:07.033990400,414.53137,0.0
2021-09-28,19.011595,105.31226,2021-09-28 06:25:07.115019776,412.04822,0.0
2021-09-28,19.070965,105.260605,2021-09-28 06:25:07.314012928,411.10336,0.0
2021-09-28,19.095997,105.261185,2021-09-28 06:25:07.620026112,412.89957,0.0
2021-09-28,19.11236,105.27473,2021-09-28 06:25:07.952995584,414.3505,0.0
2021-09-28,19.111385,105.314255,2021-09-28 06:25:08.341003776,413.6624,0.0
2021-09-28,19.170137,105.30244,2021-09-28 06:25:08.925993728,414.95328,0.0
2021-09-28,19.15275,105.32837,2021-09-28 06:25:08.979986688,412.7135,0.0
2021-09-28,19.144093,105.34137,2021-09-28 06:25:09.007023360,413.2591,0.0
2021-09-28,19.13546,105.35439,2021-09-28 06:25:09.034019584,414.1192,0.0
2021-09-28,19.126862,105.36744,2021-09-28 06:25:09.061016064,413.08078,0.0
2021-09-28,19.109724,105.393585,2021-09-28 06:25:09.115009024,413.51224,0.0
2021-09-28,19.186495,105.315994,2021-09-28 06:25:09.260009216,414.13214,0.0
2021-09-28,19.177786,105.32896,2021-09-28 06:25:09.287005696,413.48602,0.0
2021-09-28,19.169102,105.341934,2021-09-28 06:25:09.314001920,414.02478,0.0
2021-09-28,19.160444,105.354935,2021-09-28 06:25:09.340998656,413.92102,0.0
2021-09-28,19.151812,105.36796,2021-09-28 06:25:09.367995136,413.16483,0.0
2021-09-28,19.143204,105.381004,2021-09-28 06:25:09.394991360,411.7954,0.0
2021-09-28,19.202845,105.32957,2021-09-28 06:25:09.593019136,414.1979,0.0
2021-09-28,19.194138,105.34252,2021-09-28 06:25:09.620015360,413.6528,0.0
2021-09-28,19.185453,105.3555,2021-09-28 06:25:09.647011840,413.80417,0.0
2021-09-28,19.142405,105.42072,2021-09-28 06:25:09.781993984,412.614,0.0
2021-09-28,19.21049,105.35609,2021-09-28 06:25:09.953024768,413.72342,0.0
2021-09-28,19.201803,105.369064,2021-09-28 06:25:09.980021504,412.9644,0.0
2021-09-28,19.193144,105.38207,2021-09-28 06:25:10.007017728,414.06094,0.0
2021-09-28,19.175898,105.40814,2021-09-28 06:25:10.061010944,413.58487,0.0
2021-09-28,19.226837,105.36966,2021-09-28 06:25:10.287000064,414.87354,0.0
2021-09-28,19.218153,105.38264,2021-09-28 06:25:10.313996800,412.25232,0.0
2021-09-28,19.209492,105.395645,2021-09-28 06:25:10.340993280,413.85443,0.0
2021-09-28,19.200855,105.40867,2021-09-28 06:25:10.367989504,412.43115,0.0
2021-09-28,19.192244,105.421715,2021-09-28 06:25:10.395026176,413.9791,0.0
2021-09-28,19.2519,105.37027,2021-09-28 06:25:10.593013504,413.7158,0.0
2021-09-28,19.243189,105.38323,2021-09-28 06:25:10.620009984,412.83908,0.0
2021-09-28,19.217201,105.42224,2021-09-28 06:25:10.700999168,414.06348,0.0
2021-09-28,19.20859,105.43529,2021-09-28 06:25:10.727995648,413.8223,0.0
2021-09-28,19.191454,105.46143,2021-09-28 06:25:10.781988608,408.89944,0.0
2021-09-28,19.268248,105.38385,2021-09-28 06:25:10.926022912,412.92133,0.0
2021-09-28,19.259537,105.39681,2021-09-28 06:25:10.953019648,413.42856,0.0
2021-09-28,19.250849,105.40979,2021-09-28 06:25:10.980015872,413.4852,0.0
2021-09-28,19.233547,105.43582,2021-09-28 06:25:11.034009088,413.189,0.0
2021-09-28,19.224934,105.44887,2021-09-28 06:25:11.061005312,414.5424,0.0
2021-09-28,19.216343,105.46194,2021-09-28 06:25:11.088001792,413.42102,0.0
2021-09-28,19.300943,105.41101,2021-09-28 06:25:11.593008128,413.13385,0.0
2021-09-28,19.292229,105.42397,2021-09-28 06:25:11.620004352,412.94034,0.0
2021-09-28,19.257612,105.476036,2021-09-28 06:25:11.727990272,413.5324,0.0
2021-09-28,19.249023,105.489105,2021-09-28 06:25:11.755026944,414.14005,0.0
2021-09-28,19.308573,105.43755,2021-09-28 06:25:11.953014016,413.78357,0.0
2021-09-28,19.29988,105.45055,2021-09-28 06:25:11.980010496,413.83347,0.0
2021-09-28,19.33363,105.43819,2021-09-28 06:25:12.259993088,412.81836,0.0
2021-09-28,19.341257,105.46474,2021-09-28 06:25:12.619998976,412.4076,0.0
2021-09-28,19.332563,105.47772,2021-09-28 06:25:12.646995456,412.9081,0.0
2021-09-28,19.31525,105.50375,2021-09-28 06:25:12.700988416,408.75986,0.0
2021-09-28,19.30663,105.51681,2021-09-28 06:25:12.728024832,410.8719,0.0
2021-09-28,19.298035,105.52988,2021-09-28 06:25:12.755021568,413.28815,0.0
2021-09-28,19.366316,105.46537,2021-09-28 06:25:12.926012160,413.9027,0.0
2021-09-28,19.331587,105.51735,2021-09-28 06:25:13.033998080,411.74234,0.0
2021-09-28,19.305796,105.55657,2021-09-28 06:25:13.114987264,413.053,0.0
2021-09-28,19.339298,105.54401,2021-09-28 06:25:13.395010048,412.61484,0.0
2021-09-28,19.35563,105.55761,2021-09-28 06:25:13.728019712,412.44547,0.0
2021-09-28,19.347036,105.57068,2021-09-28 06:25:13.755016192,413.8277,0.0
2021-09-28,19.33846,105.58378,2021-09-28 06:25:13.782012416,412.74927,0.0
2021-09-28,19.396921,105.57177,2021-09-28 06:25:14.368008192,409.56665,0.0
2021-09-28,19.39603,105.6115,2021-09-28 06:25:14.755010560,411.65857,0.0
2021-09-28,19.43728,105.62566,2021-09-28 06:25:15.394999040,411.08807,0.0
2021-09-28,19.453606,105.63929,2021-09-28 06:25:15.728008704,412.9011,0.0
2021-09-28,19.537258,105.62807,2021-09-28 06:25:16.620017408,412.9962,0.0
2021-09-28,19.528551,105.64106,2021-09-28 06:25:16.647014144,413.15063,0.0
2021-09-28,19.562317,105.62872,2021-09-28 06:25:16.925990656,414.34866,0.0
2021-09-28,19.553583,105.64169,2021-09-28 06:25:16.952986880,412.46814,0.0
2021-09-28,19.544874,105.654686,2021-09-28 06:25:16.980023552,412.46,0.0
2021-09-28,19.594967,105.65599,2021-09-28 06:25:17.593015552,406.89786,0.0
2021-09-28,19.618872,105.69624,2021-09-28 06:25:18.286996992,413.57874,0.0
2021-09-28,19.57555,105.761444,2021-09-28 06:25:18.422019584,412.7238,0.0
2021-09-28,19.635191,105.70989,2021-09-28 06:25:18.620006912,414.52188,0.0
2021-09-28,19.651508,105.72354,2021-09-28 06:25:18.953016320,413.7879,0.0
2021-09-28,19.650415,105.763214,2021-09-28 06:25:19.341024768,411.61328,0.0
2021-09-28,19.633104,105.789314,2021-09-28 06:25:19.395017728,411.84396,0.0
2021-09-28,19.640795,105.816055,2021-09-28 06:25:19.755023616,414.691,0.0
2021-09-28,19.657103,105.82971,2021-09-28 06:25:20.087993088,413.35672,0.0
2021-09-28,19.699348,105.804184,2021-09-28 06:25:20.341019392,413.72708,0.0
2021-09-28,19.690678,105.81722,2021-09-28 06:25:20.368015872,413.20767,0.0
2021-09-28,19.682032,105.83029,2021-09-28 06:25:20.395012096,413.77023,0.0
2021-09-28,19.724354,105.804825,2021-09-28 06:25:20.646992128,414.71405,0.0
2021-09-28,19.715656,105.81785,2021-09-28 06:25:20.673988864,413.70984,0.0
2021-09-28,19.706985,105.830894,2021-09-28 06:25:20.701025536,413.33228,0.0
2021-09-28,19.723291,105.84456,2021-09-28 06:25:21.033995008,414.01816,0.0
2021-09-28,19.739597,105.85823,2021-09-28 06:25:21.368010240,413.7146,0.0
2021-09-28,19.805883,105.8732,2021-09-28 06:25:22.314012160,414.8367,0.0
2021-09-28,19.82978,105.91359,2021-09-28 06:25:23.006987520,414.1201,0.0
2021-09-28,19.896112,105.928635,2021-09-28 06:25:23.952989440,413.38388,0.0
2021-09-28,19.92117,105.929344,2021-09-28 06:25:24.260008448,413.96054,0.0
2021-09-28,19.975348,106.07675,2021-09-28 06:25:26.395020032,414.86154,0.0
2021-09-28,20.057838,106.10552,2021-09-28 06:25:27.673990912,411.48676,0.0
2021-09-28,20.08284,106.106224,2021-09-28 06:25:27.980004352,415.21487,0.0
2021-09-28,20.132917,106.10769,2021-09-28 06:25:28.592996352,415.107,0.0
2021-09-28,20.246845,106.20393,2021-09-28 06:25:30.925995008,413.0247,0.0
2021-09-28,20.238064,106.216934,2021-09-28 06:25:30.952991488,410.08325,0.0
2021-09-28,20.229307,106.22995,2021-09-28 06:25:30.979988224,410.08096,0.0
2021-09-28,20.51445,106.45133,2021-09-28 06:25:36.619989760,414.01147,0.0
2021-09-28,20.674297,106.66961,2021-09-28 06:25:40.727993856,415.32477,0.0
2021-09-28,20.911377,106.81076,2021-09-28 06:25:44.979992320,414.60995,0.0
2021-09-28,20.902597,106.82382,2021-09-28 06:25:45.006989056,412.26553,0.0
2021-09-28,21.308857,107.132195,2021-09-28 06:25:52.952993024,412.02145,0.0
2021-09-28,21.300018,107.14526,2021-09-28 06:25:52.979989248,415.3259,0.0
2021-09-28,21.330952,107.213356,2021-09-28 06:25:54.034017024,412.93735,0.0
2021-09-28,21.35591,107.21426,2021-09-28 06:25:54.340995840,414.1974,0.0
2021-09-28,21.34712,107.22734,2021-09-28 06:25:54.367992320,414.06357,0.0
2021-09-28,21.397053,107.22919,2021-09-28 06:25:54.980018688,411.89996,0.0
2021-09-28,21.430935,107.217064,2021-09-28 06:25:55.260001280,412.28238,0.0
2021-09-28,21.404413,107.25624,2021-09-28 06:25:55.340990464,413.61548,0.0
2021-09-28,21.395622,107.26933,2021-09-28 06:25:55.368027136,414.11047,0.0
2021-09-28,21.386854,107.282455,2021-09-28 06:25:55.395023616,412.96835,0.0
2021-09-28,21.419176,107.31046,2021-09-28 06:25:56.061002752,411.42,0.0
2021-09-28,21.401712,107.33678,2021-09-28 06:25:56.114995456,413.52472,0.0
2021-09-28,21.469063,107.31226,2021-09-28 06:25:56.673994496,408.84152,0.0
2021-09-28,21.49404,107.31321,2021-09-28 06:25:56.980007936,415.05353,0.0
2021-09-28,21.458912,107.365654,2021-09-28 06:25:57.087993600,416.43585,0.0
2021-09-28,21.45018,107.37882,2021-09-28 06:25:57.114990080,415.1856,0.0
2021-09-28,21.492579,107.3534,2021-09-28 06:25:57.368016128,414.88788,0.0
2021-09-28,21.483816,107.36653,2021-09-28 06:25:57.395012608,417.06583,0.0
2021-09-28,21.475058,107.37968,2021-09-28 06:25:57.422009088,415.2969,0.0
2021-09-28,21.535204,107.328186,2021-09-28 06:25:57.619996416,413.3829,0.0
2021-09-28,21.526358,107.34125,2021-09-28 06:25:57.646992640,414.64975,0.0
2021-09-28,21.517534,107.354324,2021-09-28 06:25:57.673989376,413.21387,0.0
2021-09-28,21.508734,107.367424,2021-09-28 06:25:57.701026048,414.73657,0.0
2021-09-28,21.49996,107.380554,2021-09-28 06:25:57.728022272,413.4949,0.0
2021-09-28,21.48249,107.40686,2021-09-28 06:25:57.782015232,414.99533,0.0
2021-09-28,21.56749,107.35629,2021-09-28 06:25:58.287021568,415.96698,0.0
2021-09-28,21.558655,107.36933,2021-09-28 06:25:58.314018048,416.22394,0.0
2021-09-28,21.592499,107.357315,2021-09-28 06:25:58.592994560,410.19586,0.0
2021-09-28,21.55719,107.409515,2021-09-28 06:25:58.701020416,416.303,0.0
2021-09-28,21.623253,107.42549,2021-09-28 06:25:59.647022336,413.94843,0.0
2021-09-29,10.295251,106.752014,2021-09-29 05:35:28.208023296,412.66605,0.0
2021-09-29,10.422791,106.73476,2021-09-29 05:35:50.487001088,414.8388,0.0
2021-09-29,10.504413,106.584496,2021-09-29 05:36:11.234987776,414.20175,0.0
2021-09-29,10.537613,106.60994,2021-09-29 05:36:11.901006848,413.5543,0.0
2021-09-29,10.537972,106.631226,2021-09-29 05:36:12.208025856,413.08636,0.0
2021-09-29,10.282944,106.23213,2021-09-29 05:36:29.568020224,411.20767,0.0
2021-09-29,15.229066,107.99493,2021-09-29 05:37:27.982026496,414.405,0.0
2021-09-29,15.165521,108.08112,2021-09-29 05:37:28.127026688,413.28546,0.0
2021-09-29,15.18218,108.09403,2021-09-29 05:37:28.459996160,414.03696,0.0
2021-09-29,15.19369,108.08367,2021-09-29 05:37:28.486992896,413.20438,0.0
2021-09-29,15.205191,108.07324,2021-09-29 05:37:28.513989120,413.77356,0.0
2021-09-29,15.228109,108.052345,2021-09-29 05:37:28.568022272,413.4059,0.0
2021-09-29,15.239518,108.041855,2021-09-29 05:37:28.595018752,413.1647,0.0
2021-09-29,15.210282,108.09662,2021-09-29 05:37:28.820002304,414.43613,0.0
2021-09-29,15.233265,108.07573,2021-09-29 05:37:28.873995264,414.52682,0.0
2021-09-29,15.267537,108.04427,2021-09-29 05:37:28.955024640,413.31244,0.0
2021-09-29,15.226851,108.10959,2021-09-29 05:37:29.154018048,414.0703,0.0
2021-09-29,15.238344,108.09918,2021-09-29 05:37:29.181014272,413.5148,0.0
2021-09-29,15.249816,108.08873,2021-09-29 05:37:29.208010752,414.24805,0.0
2021-09-29,15.24343,108.12256,2021-09-29 05:37:29.486987264,414.67282,0.0
2021-09-29,15.254937,108.112144,2021-09-29 05:37:29.514023936,414.88013,0.0
2021-09-29,15.266422,108.101685,2021-09-29 05:37:29.541020416,414.45944,0.0
2021-09-29,15.30069,108.0702,2021-09-29 05:37:29.622009856,413.8985,0.0
2021-09-29,15.312043,108.05967,2021-09-29 05:37:29.649006080,413.66595,0.0
2021-09-29,15.294516,108.104126,2021-09-29 05:37:29.901026560,413.72858,0.0
2021-09-29,15.328705,108.07258,2021-09-29 05:37:29.982015744,413.98975,0.0
2021-09-29,15.299693,108.12752,2021-09-29 05:37:30.208005376,414.27206,0.0
2021-09-29,15.322605,108.10653,2021-09-29 05:37:30.261998080,411.9537,0.0
2021-09-29,15.334,108.096016,2021-09-29 05:37:30.288994560,414.92047,0.0
2021-09-29,15.345368,108.08548,2021-09-29 05:37:30.315991040,413.44366,0.0
2021-09-29,15.281677,108.171814,2021-09-29 05:37:30.460025856,413.1577,0.0
2021-09-29,15.293209,108.16142,2021-09-29 05:37:30.487022080,413.30106,0.0
2021-09-29,15.31621,108.14056,2021-09-29 05:37:30.541014784,413.06366,0.0
2021-09-29,15.350531,108.10904,2021-09-29 05:37:30.622004224,412.88593,0.0
2021-09-29,15.298284,108.18477,2021-09-29 05:37:30.792995072,413.24988,0.0
2021-09-29,15.3098135,108.17438,2021-09-29 05:37:30.819991552,414.0737,0.0
2021-09-29,15.321323,108.16395,2021-09-29 05:37:30.846988032,414.4463,0.0
2021-09-29,15.33281,108.15349,2021-09-29 05:37:30.874024704,412.63425,0.0
2021-09-29,15.355709,108.13251,2021-09-29 05:37:30.928017664,414.30417,0.0
2021-09-29,15.36711,108.12199,2021-09-29 05:37:30.955013888,414.0075,0.0
2021-09-29,15.337913,108.17691,2021-09-29 05:37:31.181003520,413.1049,0.0
2021-09-29,15.360861,108.15599,2021-09-29 05:37:31.234996224,414.39133,0.0
2021-09-29,15.372283,108.14549,2021-09-29 05:37:31.261992704,412.87146,0.0
2021-09-29,15.383693,108.134964,2021-09-29 05:37:31.288989184,413.0602,0.0
2021-09-29,15.354524,108.189865,2021-09-29 05:37:31.514012928,413.92206,0.0
2021-09-29,15.388895,108.158455,2021-09-29 05:37:31.595002368,413.54736,0.0
2021-09-29,15.411676,108.13739,2021-09-29 05:37:31.648995328,412.67297,0.0
2021-09-29,15.34805,108.22368,2021-09-29 05:37:31.792989696,414.11438,0.0
2021-09-29,15.359599,108.21326,2021-09-29 05:37:31.820026368,413.43906,0.0
2021-09-29,15.371116,108.202835,2021-09-29 05:37:31.847022848,412.71707,0.0
2021-09-29,15.405492,108.1714,2021-09-29 05:37:31.928012032,413.7884,0.0
2021-09-29,15.416906,108.16087,2021-09-29 05:37:31.955008512,413.06503,0.0
2021-09-29,15.376185,108.22621,2021-09-29 05:37:32.154001664,413.59058,0.0
2021-09-29,15.387701,108.21578,2021-09-29 05:37:32.180998144,413.6034,0.0
2021-09-29,15.399191,108.20534,2021-09-29 05:37:32.207994368,413.7008,0.0
2021-09-29,15.4106655,108.19487,2021-09-29 05:37:32.234990848,413.00952,0.0
2021-09-29,15.42211,108.184364,2021-09-29 05:37:32.262027520,413.40472,0.0
2021-09-29,15.433525,108.173836,2021-09-29 05:37:32.289024000,413.83817,0.0
2021-09-29,15.381215,108.2496,2021-09-29 05:37:32.460014848,412.4655,0.0
2021-09-29,15.39277,108.239174,2021-09-29 05:37:32.487011072,412.03464,0.0
2021-09-29,15.404287,108.22876,2021-09-29 05:37:32.514007552,412.80087,0.0
2021-09-29,15.415784,108.2183,2021-09-29 05:37:32.541004288,413.04953,0.0
2021-09-29,15.427259,108.207825,2021-09-29 05:37:32.568000512,413.2415,0.0
2021-09-29,15.450127,108.18679,2021-09-29 05:37:32.621993472,413.15994,0.0
2021-09-29,15.461524,108.17623,2021-09-29 05:37:32.648989952,413.33023,0.0
2021-09-29,15.397843,108.26254,2021-09-29 05:37:32.793024512,412.53568,0.0
2021-09-29,15.409371,108.25217,2021-09-29 05:37:32.820020992,412.5378,0.0
2021-09-29,15.420884,108.24174,2021-09-29 05:37:32.847017216,412.76962,0.0
2021-09-29,15.414429,108.275505,2021-09-29 05:37:33.126999808,412.95142,0.0
2021-09-29,15.459124,108.2911,2021-09-29 05:37:33.820015360,412.66858,0.0
2021-09-29,15.470641,108.28066,2021-09-29 05:37:33.847012096,411.65067,0.0
2021-09-29,15.527856,108.22815,2021-09-29 05:37:33.981994240,413.65765,0.0
2021-09-29,15.464188,108.31445,2021-09-29 05:37:34.126994432,412.32977,0.0
2021-09-29,15.487263,108.29361,2021-09-29 05:37:34.180987136,412.44327,0.0
2021-09-29,15.510241,108.27266,2021-09-29 05:37:34.235020288,412.50842,0.0
2021-09-29,15.521687,108.262146,2021-09-29 05:37:34.262016768,413.1058,0.0
2021-09-29,15.533108,108.251625,2021-09-29 05:37:34.289013248,412.7635,0.0
2021-09-29,15.544512,108.241066,2021-09-29 05:37:34.316009472,413.3811,0.0
2021-09-29,15.4923525,108.31703,2021-09-29 05:37:34.487000576,412.4813,0.0
2021-09-29,15.503869,108.30659,2021-09-29 05:37:34.513996800,413.2573,0.0
2021-09-29,15.538257,108.275154,2021-09-29 05:37:34.595026432,411.8631,0.0
2021-09-29,15.543347,108.29872,2021-09-29 05:37:34.900999424,411.39072,0.0
2021-09-29,15.62736,108.30606,2021-09-29 05:37:35.982023424,412.6855,0.0
2021-09-29,15.641531,108.43396,2021-09-29 05:37:37.487024384,412.9269,0.0
2021-09-29,15.646489,108.4574,2021-09-29 05:37:37.792997376,413.14136,0.0
2021-09-29,15.703995,108.40511,2021-09-29 05:37:37.928019712,410.93488,0.0
2021-09-29,15.663088,108.470406,2021-09-29 05:37:38.127012608,413.11703,0.0
2021-09-29,15.674634,108.46,2021-09-29 05:37:38.154009344,414.08777,0.0
2021-09-29,15.709117,108.42866,2021-09-29 05:37:38.234998784,413.36652,0.0
2021-09-29,15.720561,108.41816,2021-09-29 05:37:38.261995008,414.05145,0.0
2021-09-29,15.731996,108.407616,2021-09-29 05:37:38.288991488,413.68396,0.0
2021-09-29,15.776583,108.42304,2021-09-29 05:37:38.982007296,413.49258,0.0
2021-10-02,18.882769,104.86493,2021-10-02 04:52:30.673019904,413.3615,0.0
2021-10-02,18.920155,104.91592,2021-10-02 04:52:31.646018048,414.49414,0.0
2021-10-02,19.241821,105.30275,2021-10-02 04:52:39.483995904,411.91464,0.0
2021-10-02,19.26558,105.28227,2021-10-02 04:52:39.537988864,413.733,0.0
2021-10-02,19.258102,105.31636,2021-10-02 04:52:39.818011648,412.26587,0.0
2021-10-02,19.269993,105.306145,2021-10-02 04:52:39.845007872,413.1037,0.0
2021-10-02,19.281864,105.2959,2021-10-02 04:52:39.872004608,411.9495,0.0
2021-10-02,20.138376,106.05456,2021-10-02 04:52:57.817994240,411.83508,0.0
2021-10-02,20.18285,106.07185,2021-10-02 04:52:58.511010048,412.96817,0.0
2021-10-02,20.187176,106.09581,2021-10-02 04:52:58.817988864,413.32086,0.0
2021-10-02,20.37359,106.21318,2021-10-02 04:53:02.205015296,412.548,0.0
2021-10-02,20.385515,106.20289,2021-10-02 04:53:02.232011776,414.21933,0.0
2021-10-02,20.409262,106.18225,2021-10-02 04:53:02.286004736,412.88354,0.0
2021-10-02,20.377817,106.23727,2021-10-02 04:53:02.510988544,411.8191,0.0
2021-10-02,20.417976,106.23048,2021-10-02 04:53:02.898996736,413.8283,0.0
2021-10-02,20.410414,106.26478,2021-10-02 04:53:03.178013440,413.39136,0.0
2021-10-02,20.422358,106.25452,2021-10-02 04:53:03.205009920,413.77295,0.0
2021-10-02,20.434277,106.24423,2021-10-02 04:53:03.232006656,414.02982,0.0
2021-10-02,20.438572,106.26835,2021-10-02 04:53:03.538019584,413.95444,0.0
2021-10-02,20.450474,106.25807,2021-10-02 04:53:03.565016064,414.10828,0.0
2021-10-02,20.60416,106.34805,2021-10-02 04:53:06.286023168,413.90652,0.0
2021-10-02,20.616001,106.33769,2021-10-02 04:53:06.313019648,413.42456,0.0
2021-10-02,20.658157,106.49633,2021-10-02 04:53:08.483999744,413.3625,0.0
2021-10-02,20.670135,106.4861,2021-10-02 04:53:08.510996224,413.30554,0.0
2021-10-02,20.67441,106.510155,2021-10-02 04:53:08.818014976,413.48407,0.0
2021-10-02,20.686388,106.49992,2021-10-02 04:53:08.845011712,413.9673,0.0
2021-10-02,20.690596,106.52404,2021-10-02 04:53:09.151024896,413.40207,0.0
2021-10-02,20.726437,106.49331,2021-10-02 04:53:09.232014080,413.83,0.0
2021-10-02,20.706863,106.53788,2021-10-02 04:53:09.483994368,413.0829,0.0
2021-10-02,20.734985,106.541565,2021-10-02 04:53:09.845006336,413.57892,0.0
2021-10-02,20.746939,106.53132,2021-10-02 04:53:09.872002560,413.50415,0.0
2021-10-02,20.77077,106.51074,2021-10-02 04:53:09.925995264,413.83353,0.0
2021-10-02,20.78265,106.50041,2021-10-02 04:53:09.952992000,413.26553,0.0
2021-10-02,20.794504,106.49006,2021-10-02 04:53:09.979988224,413.32605,0.0
2021-10-02,20.775112,106.53487,2021-10-02 04:53:10.232008704,413.98346,0.0
2021-10-02,20.787024,106.52455,2021-10-02 04:53:10.259005184,413.81555,0.0
2021-10-02,20.822573,106.49351,2021-10-02 04:53:10.339994368,411.87427,0.0
2021-10-02,20.791317,106.548744,2021-10-02 04:53:10.565018368,413.91025,0.0
2021-10-02,20.803236,106.53842,2021-10-02 04:53:10.592014848,412.56815,0.0
2021-10-02,20.815132,106.52807,2021-10-02 04:53:10.619011072,413.98874,0.0
2021-10-02,20.827003,106.51769,2021-10-02 04:53:10.646007552,414.12888,0.0
2021-10-02,20.838844,106.5073,2021-10-02 04:53:10.673004032,413.6072,0.0
2021-10-02,20.771658,106.5934,2021-10-02 04:53:10.818004480,414.1607,0.0
2021-10-02,20.795582,106.572945,2021-10-02 04:53:10.871997184,413.03888,0.0
2021-10-02,20.84318,106.531654,2021-10-02 04:53:10.980023040,413.5637,0.0
2021-10-02,20.835659,106.56624,2021-10-02 04:53:11.258999808,413.0866,0.0
2021-10-02,20.847551,106.5559,2021-10-02 04:53:11.285996288,412.6512,0.0
2021-10-02,20.859423,106.545525,2021-10-02 04:53:11.312992512,413.595,0.0
2021-10-02,20.87127,106.535126,2021-10-02 04:53:11.339988992,413.97003,0.0
2021-10-02,20.82808,106.60063,2021-10-02 04:53:11.538016512,411.0042,0.0
2021-10-02,20.875633,106.559395,2021-10-02 04:53:11.646002176,412.81152,0.0
2021-10-02,20.820372,106.63498,2021-10-02 04:53:11.817998848,412.7441,0.0
2021-10-02,20.832367,106.62475,2021-10-02 04:53:11.844995328,414.20535,0.0
2021-10-02,20.844334,106.61449,2021-10-02 04:53:11.871991552,413.18466,0.0
2021-10-02,20.937313,106.673706,2021-10-02 04:53:13.565001984,411.97458,0.0
2021-10-02,20.929586,106.70815,2021-10-02 04:53:13.845024512,413.0958,0.0
2021-10-02,20.933695,106.73235,2021-10-02 04:53:14.150997760,414.19043,0.0
2021-10-02,20.945684,106.72214,2021-10-02 04:53:14.177994240,412.36777,0.0
2021-10-02,20.95765,106.7119,2021-10-02 04:53:14.204990720,413.30356,0.0
2021-10-02,20.961897,106.736015,2021-10-02 04:53:14.511003648,413.69907,0.0
2021-10-02,20.966043,106.76019,2021-10-02 04:53:14.818022656,415.48672,0.0
2021-10-02,21.030117,106.73303,2021-10-02 04:53:15.259018240,414.07394,0.0
2021-10-02,21.236307,106.889946,2021-10-02 04:53:19.285993216,413.64786,0.0
2021-10-02,21.248182,106.87959,2021-10-02 04:53:19.312989440,414.28058,0.0
2021-10-02,21.228683,106.92453,2021-10-02 04:53:19.565009920,412.07574,0.0
2021-10-02,21.252506,106.903915,2021-10-02 04:53:19.619002624,413.20572,0.0
2021-10-02,21.264359,106.89358,2021-10-02 04:53:19.645998848,414.33548,0.0
2021-10-02,21.276217,106.8832,2021-10-02 04:53:19.672995584,411.42975,0.0
2021-10-02,21.256783,106.928215,2021-10-02 04:53:19.926021632,413.6434,0.0
2021-10-02,21.268682,106.91789,2021-10-02 04:53:19.953018112,413.83286,0.0
2021-10-02,21.225075,106.98322,2021-10-02 04:53:20.151005184,414.6929,0.0
2021-10-02,21.324783,106.92511,2021-10-02 04:53:20.672990208,413.49805,0.0
2021-10-02,21.269434,107.00096,2021-10-02 04:53:20.844986624,414.87692,0.0
2021-10-02,21.341015,106.93905,2021-10-02 04:53:21.007005696,413.02158,0.0
2021-10-02,21.289799,107.03912,2021-10-02 04:53:21.484009728,414.0281,0.0
2021-10-02,21.301802,107.02889,2021-10-02 04:53:21.511006208,414.35004,0.0
2021-10-02,21.317968,107.042885,2021-10-02 04:53:21.845021440,413.35532,0.0
2021-10-02,21.322084,107.067116,2021-10-02 04:53:22.150994432,413.33176,0.0
2021-10-02,21.3341,107.05688,2021-10-02 04:53:22.177990912,414.31586,0.0
2021-10-02,21.346085,107.04664,2021-10-02 04:53:22.204987648,412.3527,0.0
2021-10-02,21.35029,107.07089,2021-10-02 04:53:22.511000576,414.38242,0.0
2021-10-02,21.362263,107.06065,2021-10-02 04:53:22.537997056,413.93823,0.0
2021-10-02,21.374216,107.0504,2021-10-02 04:53:22.564993280,413.64056,0.0
2021-10-02,21.386145,107.0401,2021-10-02 04:53:22.591990016,414.25995,0.0
2021-10-02,21.39804,107.02978,2021-10-02 04:53:22.618986496,414.4807,0.0
2021-10-02,21.366438,107.08487,2021-10-02 04:53:22.845016064,413.13913,0.0
2021-10-02,21.37843,107.07463,2021-10-02 04:53:22.872012544,412.59195,0.0
2021-10-02,21.390404,107.06436,2021-10-02 04:53:22.899009024,414.55438,0.0
2021-10-02,21.426153,107.03339,2021-10-02 04:53:22.979998464,411.2684,0.0
2021-10-02,21.39459,107.08863,2021-10-02 04:53:23.205022208,414.53998,0.0
2021-10-02,21.418476,107.06807,2021-10-02 04:53:23.259015168,415.07925,0.0
2021-10-02,21.414953,107.12687,2021-10-02 04:53:23.845010688,413.74478,0.0
2021-10-02,21.46702,107.11002,2021-10-02 04:53:24.259009536,413.6624,0.0
2021-10-02,21.475426,107.15863,2021-10-02 04:53:24.872001536,414.10626,0.0
2021-10-02,21.467548,107.193115,2021-10-02 04:53:25.151018496,413.808,0.0
2021-10-02,21.55113,107.121086,2021-10-02 04:53:25.339993600,413.4395,0.0
2021-10-02,21.483702,107.207146,2021-10-02 04:53:25.483987712,414.62085,0.0
2021-10-02,21.495708,107.19693,2021-10-02 04:53:25.511024384,414.43423,0.0
2021-10-02,21.50769,107.18672,2021-10-02 04:53:25.538021120,414.4181,0.0
2021-10-02,21.51966,107.17645,2021-10-02 04:53:25.565017344,413.01526,0.0
2021-10-02,21.555386,107.14548,2021-10-02 04:53:25.646006784,413.75156,0.0
2021-10-02,21.56724,107.13511,2021-10-02 04:53:25.673003264,414.0162,0.0
2021-10-02,21.511864,107.21099,2021-10-02 04:53:25.844999680,414.37366,0.0
2021-10-02,21.547747,107.180214,2021-10-02 04:53:25.925989120,414.55826,0.0
2021-10-02,21.559633,107.1699,2021-10-02 04:53:25.953025792,414.1192,0.0
2021-10-02,21.571497,107.15956,2021-10-02 04:53:25.980022272,413.17007,0.0
2021-10-02,21.58335,107.14919,2021-10-02 04:53:26.007018496,412.56183,0.0
2021-10-02,21.539963,107.214806,2021-10-02 04:53:26.205005824,413.38287,0.0
2021-10-02,21.56391,107.19425,2021-10-02 04:53:26.258998784,413.75464,0.0
2021-10-02,21.575819,107.18392,2021-10-02 04:53:26.285995264,413.10626,0.0
2021-10-02,21.58769,107.17358,2021-10-02 04:53:26.312991744,413.74533,0.0
2021-10-02,21.532139,107.24923,2021-10-02 04:53:26.484022528,413.4032,0.0
2021-10-02,21.55614,107.228775,2021-10-02 04:53:26.538015488,413.40677,0.0
2021-10-02,21.568117,107.21855,2021-10-02 04:53:26.565011968,414.1387,0.0
2021-10-02,21.580067,107.20825,2021-10-02 04:53:26.592008704,413.22006,0.0
2021-10-02,21.591963,107.19794,2021-10-02 04:53:26.619004928,413.28314,0.0
2021-10-02,21.56028,107.253044,2021-10-02 04:53:26.844994560,412.67612,0.0
2021-10-02,21.572262,107.24282,2021-10-02 04:53:26.871991040,413.21378,0.0
2021-10-02,21.596197,107.22229,2021-10-02 04:53:26.926023936,412.74918,0.0
2021-10-02,21.63187,107.19125,2021-10-02 04:53:27.007013376,413.55038,0.0
2021-10-02,21.564457,107.27726,2021-10-02 04:53:27.151007744,413.3548,0.0
2021-10-02,21.57647,107.26706,2021-10-02 04:53:27.178003968,413.49173,0.0
2021-10-02,21.588459,107.256836,2021-10-02 04:53:27.205000448,413.5392,0.0
2021-10-02,21.600443,107.24659,2021-10-02 04:53:27.231996928,414.02032,0.0
2021-10-02,21.612402,107.23629,2021-10-02 04:53:27.258993408,412.65106,0.0
2021-10-02,21.624292,107.22597,2021-10-02 04:53:27.285989888,412.18973,0.0
2021-10-02,21.592592,107.28108,2021-10-02 04:53:27.511013632,413.86215,0.0
2021-10-02,21.604568,107.270874,2021-10-02 04:53:27.538010112,414.23495,0.0
2021-10-02,21.61654,107.26064,2021-10-02 04:53:27.565006848,413.4487,0.0
2021-10-02,21.628487,107.25035,2021-10-02 04:53:27.592003072,413.83716,0.0
2021-10-02,21.640375,107.24004,2021-10-02 04:53:27.618999552,413.84314,0.0
2021-10-02,21.65224,107.22972,2021-10-02 04:53:27.645995776,410.81302,0.0
2021-10-02,21.664133,107.219345,2021-10-02 04:53:27.672992256,413.3575,0.0
2021-10-02,21.60873,107.295135,2021-10-02 04:53:27.844989184,413.6152,0.0
2021-10-02,21.620714,107.28494,2021-10-02 04:53:27.872025856,414.50146,0.0
2021-10-02,21.632689,107.2747,2021-10-02 04:53:27.899022080,413.72263,0.0
2021-10-02,21.644638,107.264404,2021-10-02 04:53:27.926018560,413.39185,0.0
2021-10-02,21.656517,107.2541,2021-10-02 04:53:27.953014784,413.74695,0.0
2021-10-02,21.680267,107.2334,2021-10-02 04:53:28.007007744,413.32663,0.0
2021-10-02,21.61282,107.31942,2021-10-02 04:53:28.151002112,414.17,0.0
2021-10-02,21.648804,107.28876,2021-10-02 04:53:28.231991552,412.9296,0.0
2021-10-02,21.66076,107.27846,2021-10-02 04:53:28.258987776,413.99103,0.0
2021-10-02,21.672665,107.26814,2021-10-02 04:53:28.286024448,412.96057,0.0
2021-10-02,21.641,107.32329,2021-10-02 04:53:28.511008256,414.49066,0.0
2021-10-02,21.65299,107.31306,2021-10-02 04:53:28.538004992,412.0196,0.0
2021-10-02,21.664968,107.30282,2021-10-02 04:53:28.565001216,413.90652,0.0
2021-10-02,21.676922,107.29252,2021-10-02 04:53:28.591997696,413.6537,0.0
2021-10-02,21.688808,107.2822,2021-10-02 04:53:28.618993920,412.66867,0.0
2021-10-02,21.669159,107.3271,2021-10-02 04:53:28.872020224,413.37347,0.0
2021-10-02,21.681149,107.31686,2021-10-02 04:53:28.899016704,413.25046,0.0
2021-10-02,21.693113,107.30656,2021-10-02 04:53:28.926012928,412.8324,0.0
2021-10-02,21.704998,107.296234,2021-10-02 04:53:28.953009664,412.50717,0.0
2021-10-02,21.716911,107.28589,2021-10-02 04:53:28.980005888,412.91827,0.0
2021-10-02,21.68531,107.341156,2021-10-02 04:53:29.204989696,413.87177,0.0
2021-10-02,21.70924,107.32064,2021-10-02 04:53:29.259022592,412.76758,0.0
2021-10-02,21.721127,107.31032,2021-10-02 04:53:29.286019328,413.28897,0.0
2021-10-02,21.733036,107.299965,2021-10-02 04:53:29.313015808,414.1624,0.0
2021-10-06,21.443623,106.95895,2021-10-06 03:20:42.950007552,416.37222,0.0
2021-10-06,21.463797,106.996994,2021-10-06 03:20:43.589995776,415.2398,0.0
2021-10-06,21.467688,107.02113,2021-10-06 03:20:43.896008960,412.55,0.0
2021-10-06,21.51221,107.039116,2021-10-06 03:20:44.589990400,416.6879,0.0
2021-10-06,21.528337,107.05314,2021-10-06 03:20:44.923000064,417.51602,0.0
2021-10-06,21.556654,107.0571,2021-10-06 03:20:45.283006208,415.90753,0.0
2021-10-06,21.697811,107.07665,2021-10-06 03:20:47.085008128,414.6869,0.0
2021-10-18,10.725549,106.72598,2021-10-18 08:36:28.882005248,415.3241,0.0
2021-10-18,10.698818,107.05152,2021-10-18 08:36:57.710012160,412.43842,0.0
2021-10-18,10.66741,107.05606,2021-10-18 08:36:58.016991232,413.2066,0.0
2021-10-18,10.681981,107.06397,2021-10-18 08:36:58.043987456,414.16125,0.0
2021-10-18,10.542319,107.07445,2021-10-18 08:36:59.242009600,414.2449,0.0
2021-10-18,10.540058,107.09505,2021-10-18 08:36:59.602015488,414.27792,0.0
2021-10-18,10.570137,107.18221,2021-10-18 08:37:21.548024064,415.5905,0.0
2021-10-18,10.554751,107.211075,2021-10-18 08:37:22.242005248,416.54477,0.0
2021-10-18,10.573011,107.21494,2021-10-18 08:37:22.269001984,416.2918,0.0
2021-10-18,10.591291,107.21881,2021-10-18 08:37:22.295998208,416.29422,0.0
2021-10-18,10.919731,107.533165,2021-10-18 08:37:24.214998272,414.75537,0.0
2021-10-19,13.220408,108.64198,2021-10-19 07:49:25.326006528,413.09323,0.0
2021-10-19,13.208012,108.6735,2021-10-19 07:49:26.019987968,414.21536,0.0
2021-10-19,13.1094675,108.66366,2021-10-19 07:49:26.245011968,417.43906,0.0
2021-10-19,13.175181,108.6995,2021-10-19 07:49:26.686007552,416.43478,0.0
2021-10-19,13.080855,108.70842,2021-10-19 07:49:27.272002816,415.93832,0.0
2021-10-19,13.1423235,108.72534,2021-10-19 07:49:27.352992256,414.73627,0.0
2021-10-19,13.043771,108.71552,2021-10-19 07:49:27.578016256,415.82678,0.0
2021-10-19,13.064461,108.72144,2021-10-19 07:49:27.605012736,415.18515,0.0
2021-10-19,13.105558,108.73295,2021-10-19 07:49:27.659005696,415.5901,0.0
2021-10-19,13.0685625,108.73993,2021-10-19 07:49:27.966024704,415.1244,0.0
2021-10-19,13.031775,108.747604,2021-10-19 07:49:28.271997440,416.70547,0.0
2021-10-19,13.072674,108.75863,2021-10-19 07:49:28.325990400,415.8719,0.0
2021-10-19,13.015655,108.76127,2021-10-19 07:49:28.605007104,416.9761,0.0
2021-10-19,13.0197525,108.77994,2021-10-19 07:49:28.966019072,416.58835,0.0
2021-10-23,21.075983,105.4979,2021-10-23 06:14:10.843986944,418.33606,0.0
2021-10-23,20.966576,105.71434,2021-10-23 06:14:12.672019456,416.5445,0.0
2021-10-23,20.96191,105.73909,2021-10-23 06:14:12.699016192,416.2429,0.0
2021-10-23,20.950583,105.72848,2021-10-23 06:14:13.005994752,417.51755,0.0
2021-10-23,20.943909,105.69326,2021-10-23 06:14:13.285011712,413.12097,0.0
2021-10-23,20.939133,105.71777,2021-10-23 06:14:13.312008192,416.73267,0.0
2021-10-23,20.929653,105.7671,2021-10-23 06:14:13.366000896,416.49652,0.0
2021-10-23,20.921188,105.672295,2021-10-23 06:14:13.898003456,417.1792,0.0
2021-10-23,20.911583,105.72111,2021-10-23 06:14:13.951996672,417.16208,0.0
2021-10-23,20.902079,105.770294,2021-10-23 06:14:14.005989632,417.58426,0.0
2021-10-23,20.897402,105.795,2021-10-23 06:14:14.033026304,418.52927,0.0
2021-10-23,20.900532,105.71099,2021-10-23 06:14:14.258009856,417.35034,0.0
2021-10-23,20.895752,105.73546,2021-10-23 06:14:14.285006336,415.7064,0.0
2021-10-23,20.890997,105.76,2021-10-23 06:14:14.312002560,417.68228,0.0
2021-10-23,20.886274,105.78464,2021-10-23 06:14:14.338999040,416.67352,0.0
2021-10-23,20.881542,105.809395,2021-10-23 06:14:14.365995520,417.3371,0.0
2021-10-23,20.884468,105.725075,2021-10-23 06:14:14.591019520,417.6393,0.0
2021-10-23,20.879652,105.74949,2021-10-23 06:14:14.618015744,418.36737,0.0
2021-10-23,20.874838,105.77401,2021-10-23 06:14:14.645012480,418.06693,0.0
2021-10-23,20.870071,105.798615,2021-10-23 06:14:14.672008704,419.1206,0.0
2021-10-23,20.86826,105.73895,2021-10-23 06:14:14.924994816,417.18457,0.0
2021-10-23,20.863415,105.76339,2021-10-23 06:14:14.951991040,417.19046,0.0
2021-10-23,20.853853,105.81248,2021-10-23 06:14:15.006024448,416.38034,0.0
2021-10-23,20.849102,105.83711,2021-10-23 06:14:15.033020672,416.76154,0.0
2021-10-23,20.856966,105.728485,2021-10-23 06:14:15.231008000,417.56607,0.0
2021-10-23,20.852144,105.75286,2021-10-23 06:14:15.258004480,416.95544,0.0
2021-10-23,20.837757,105.826416,2021-10-23 06:14:15.338993664,416.89062,0.0
2021-10-23,20.83307,105.851074,2021-10-23 06:14:15.365990144,417.11655,0.0
2021-10-23,20.84568,105.718254,2021-10-23 06:14:15.537021184,417.0314,0.0
2021-10-23,20.840796,105.74248,2021-10-23 06:14:15.564017408,416.8636,0.0
2021-10-23,20.835941,105.76679,2021-10-23 06:14:15.591013888,416.99847,0.0
2021-10-23,20.821527,105.84027,2021-10-23 06:14:15.672003328,417.30515,0.0
2021-10-23,20.816814,105.86493,2021-10-23 06:14:15.698999808,417.77063,0.0
2021-10-23,20.824572,105.756294,2021-10-23 06:14:15.897992960,416.77805,0.0
2021-10-23,20.819727,105.78062,2021-10-23 06:14:15.924989184,417.3085,0.0
2021-10-23,20.814901,105.805046,2021-10-23 06:14:15.952025856,417.8701,0.0
2021-10-23,20.800667,105.87884,2021-10-23 06:14:16.033015296,417.58496,0.0
2021-10-23,20.81841,105.72202,2021-10-23 06:14:16.177009664,416.6842,0.0
2021-10-23,20.813515,105.7462,2021-10-23 06:14:16.204006144,417.5866,0.0
2021-10-23,20.808624,105.77048,2021-10-23 06:14:16.231002624,415.54224,0.0
2021-10-23,20.797447,105.7604,2021-10-23 06:14:16.537015552,417.70566,0.0
2021-10-23,20.786203,105.7501,2021-10-23 06:14:16.843994624,416.70157,0.0
2021-10-23,20.781256,105.77419,2021-10-23 06:14:16.870991104,417.03433,0.0
2021-10-23,20.769947,105.76377,2021-10-23 06:14:17.177004288,417.2207,0.0
2021-10-23,20.724857,105.923996,2021-10-23 06:14:17.671992576,416.31055,0.0
2021-10-23,20.70881,105.93812,2021-10-23 06:14:18.006007808,417.9138,0.0
2021-10-23,20.704084,105.96276,2021-10-23 06:14:18.033004288,416.91086,0.0
2021-10-23,20.702187,105.90302,2021-10-23 06:14:18.285024768,417.63577,0.0
2021-10-23,20.692654,105.952065,2021-10-23 06:14:18.339017728,417.47635,0.0
2021-10-23,20.687902,105.97674,2021-10-23 06:14:18.366013952,417.56345,0.0
2021-10-23,20.681074,105.94126,2021-10-23 06:14:18.644990720,417.5816,0.0
2021-10-23,20.6763,105.96583,2021-10-23 06:14:18.672027392,417.15344,0.0
2021-10-23,20.67157,105.99046,2021-10-23 06:14:18.699023616,415.6305,0.0
2021-10-23,20.674566,105.906265,2021-10-23 06:14:18.925013248,416.6833,0.0
2021-10-23,20.660122,105.97966,2021-10-23 06:14:19.006002432,416.5653,0.0
2021-10-23,20.655376,106.0043,2021-10-23 06:14:19.032998912,417.763,0.0
2021-10-23,20.648935,105.96919,2021-10-23 06:14:19.312015872,417.4645,0.0
2021-10-23,20.644176,105.9938,2021-10-23 06:14:19.339012096,417.19043,0.0
2021-10-23,20.639479,106.01848,2021-10-23 06:14:19.366008832,417.22025,0.0
2021-10-23,20.657267,105.8618,2021-10-23 06:14:19.510003200,417.71716,0.0
2021-10-23,20.652338,105.8859,2021-10-23 06:14:19.536999424,416.72522,0.0
2021-10-23,20.647373,105.91014,2021-10-23 06:14:19.563995904,416.68518,0.0
2021-10-23,20.632868,105.98323,2021-10-23 06:14:19.645025536,417.24228,0.0
2021-10-23,20.628109,106.00776,2021-10-23 06:14:19.672021760,417.91275,0.0
2021-10-23,20.641098,105.87565,2021-10-23 06:14:19.844018432,416.36484,0.0
2021-10-23,20.631182,105.92402,2021-10-23 06:14:19.898011392,416.78308,0.0
2021-10-23,20.611938,106.02168,2021-10-23 06:14:20.005997056,417.15353,0.0
2021-10-23,21.06048,105.76954,2021-10-23 06:14:31.979016192,415.2674,0.0
2021-10-23,21.06192,105.788956,2021-10-23 06:14:32.006012416,416.32736,0.0
2021-10-23,21.04045,105.72519,2021-10-23 06:14:32.230996224,415.65082,0.0
2021-10-23,21.041681,105.74459,2021-10-23 06:14:32.257992704,417.81375,0.0
2021-10-23,21.025524,105.75866,2021-10-23 06:14:32.591002112,415.84204,0.0
2021-10-23,21.02688,105.77806,2021-10-23 06:14:32.617998592,415.47183,0.0
2021-10-23,21.02979,105.816864,2021-10-23 06:14:32.671991552,413.647,0.0
2021-10-23,21.008116,105.75331,2021-10-23 06:14:32.898021120,414.38004,0.0
2021-10-23,21.00936,105.77269,2021-10-23 06:14:32.925017856,416.95557,0.0
2021-10-23,21.010614,105.7921,2021-10-23 06:14:32.952014080,417.02252,0.0
2021-10-23,21.011969,105.8115,2021-10-23 06:14:32.979010560,416.34152,0.0
2021-10-23,21.013311,105.83094,2021-10-23 06:14:33.006007296,415.80627,0.0
2021-10-23,21.01478,105.85035,2021-10-23 06:14:33.033003520,415.48288,0.0
2021-10-23,20.989344,105.728615,2021-10-23 06:14:33.176997888,415.334,0.0
2021-10-23,20.99051,105.74798,2021-10-23 06:14:33.203994368,416.31094,0.0
2021-10-23,20.991808,105.76731,2021-10-23 06:14:33.230990848,417.06314,0.0
2021-10-23,20.993143,105.78665,2021-10-23 06:14:33.257987328,416.34332,0.0
2021-10-23,20.994564,105.80598,2021-10-23 06:14:33.285024000,417.033,0.0
2021-10-23,20.995987,105.82534,2021-10-23 06:14:33.312020224,416.4416,0.0
2021-10-23,20.997454,105.84472,2021-10-23 06:14:33.339016704,415.8658,0.0
2021-10-23,20.998941,105.86413,2021-10-23 06:14:33.366012928,416.4664,0.0
2021-10-23,20.974665,105.76181,2021-10-23 06:14:33.537004032,416.93994,0.0
2021-10-23,20.97589,105.78119,2021-10-23 06:14:33.564000256,415.71432,0.0
2021-10-23,20.97714,105.8006,2021-10-23 06:14:33.590996736,417.06824,0.0
2021-10-23,20.978474,105.81999,2021-10-23 06:14:33.617993472,416.78278,0.0
2021-10-23,20.981174,105.85889,2021-10-23 06:14:33.672026368,416.63495,0.0
2021-10-23,20.982609,105.878334,2021-10-23 06:14:33.699022848,416.25757,0.0
2021-10-23,20.95717,105.75666,2021-10-23 06:14:33.844023040,416.37488,0.0
2021-10-23,20.95837,105.77599,2021-10-23 06:14:33.871019264,416.42587,0.0
2021-10-23,20.959656,105.79532,2021-10-23 06:14:33.898016000,416.2237,0.0
2021-10-23,20.96098,105.81466,2021-10-23 06:14:33.925012224,416.80905,0.0
2021-10-23,20.96233,105.83403,2021-10-23 06:14:33.952008704,415.80197,0.0
2021-10-23,20.965141,105.872826,2021-10-23 06:14:34.006001664,415.92102,0.0
2021-10-23,20.966616,105.89224,2021-10-23 06:14:34.032998144,416.31058,0.0
2021-10-23,20.941334,105.77039,2021-10-23 06:14:34.176992512,416.40817,0.0
2021-10-23,20.942545,105.789696,2021-10-23 06:14:34.203988992,416.50763,0.0
2021-10-23,20.943745,105.80906,2021-10-23 06:14:34.231025664,416.49652,0.0
2021-10-23,20.944954,105.82845,2021-10-23 06:14:34.258022144,416.66434,0.0
2021-10-23,20.946253,105.84787,2021-10-23 06:14:34.285018368,416.52768,0.0
2021-10-23,20.947557,105.867325,2021-10-23 06:14:34.312014848,417.55508,0.0
2021-10-23,20.948904,105.8868,2021-10-23 06:14:34.339011072,417.0706,0.0
2021-10-23,20.924963,105.78459,2021-10-23 06:14:34.510002176,416.5857,0.0
2021-10-23,20.926178,105.80388,2021-10-23 06:14:34.536998400,417.3965,0.0
2021-10-23,20.927433,105.82319,2021-10-23 06:14:34.563994880,417.2751,0.0
2021-10-23,20.930065,105.86186,2021-10-23 06:14:34.617987840,416.3586,0.0
2021-10-23,20.932878,105.900604,2021-10-23 06:14:34.672020992,417.43915,0.0
2021-10-23,20.934341,105.920044,2021-10-23 06:14:34.699017472,416.86624,0.0
2021-10-23,20.909071,105.79842,2021-10-23 06:14:34.844017408,416.35925,0.0
2021-10-23,20.910246,105.81777,2021-10-23 06:14:34.871014144,416.242,0.0
2021-10-23,20.911448,105.837105,2021-10-23 06:14:34.898010368,417.72137,0.0
2021-10-23,20.91269,105.85645,2021-10-23 06:14:34.925006848,416.06146,0.0
2021-10-23,20.91397,105.87582,2021-10-23 06:14:34.952003584,416.82526,0.0
2021-10-23,20.915295,105.8952,2021-10-23 06:14:34.978999808,417.95496,0.0
2021-10-23,20.91806,105.93402,2021-10-23 06:14:35.032992512,416.0043,0.0
2021-10-23,20.892542,105.812386,2021-10-23 06:14:35.176987136,416.09796,0.0
2021-10-23,20.893713,105.83172,2021-10-23 06:14:35.204023808,416.14874,0.0
2021-10-23,20.896263,105.87038,2021-10-23 06:14:35.258016512,416.7972,0.0
2021-10-23,20.900394,105.92849,2021-10-23 06:14:35.339005952,417.33694,0.0
2021-10-23,20.87666,105.826164,2021-10-23 06:14:35.509996544,416.26974,0.0
2021-10-23,20.877893,105.8455,2021-10-23 06:14:35.536993024,416.88403,0.0
2021-10-23,20.88048,105.88421,2021-10-23 06:14:35.591026432,417.76675,0.0
2021-10-23,20.884447,105.94254,2021-10-23 06:14:35.672015616,417.28024,0.0
2021-10-23,20.885822,105.96199,2021-10-23 06:14:35.699012096,417.2049,0.0
2021-10-23,20.860313,105.840355,2021-10-23 06:14:35.844012288,416.37427,0.0
2021-10-23,20.86153,105.85965,2021-10-23 06:14:35.871008512,417.15872,0.0
2021-10-23,20.862804,105.87899,2021-10-23 06:14:35.898004992,416.92093,0.0
2021-10-23,20.864119,105.89835,2021-10-23 06:14:35.925001728,416.99634,0.0
2021-10-23,20.86831,105.956535,2021-10-23 06:14:36.005990656,415.59183,0.0
2021-10-23,20.86979,105.97596,2021-10-23 06:14:36.033027328,416.7606,0.0
2021-10-23,20.844515,105.854095,2021-10-23 06:14:36.177021952,416.39288,0.0
2021-10-23,20.84569,105.87337,2021-10-23 06:14:36.204018432,416.06366,0.0
2021-10-23,20.84684,105.89271,2021-10-23 06:14:36.231014656,416.40378,0.0
2021-10-23,20.84803,105.912056,2021-10-23 06:14:36.258011136,416.26437,0.0
2021-10-23,20.851974,105.97041,2021-10-23 06:14:36.339000576,417.15152,0.0
2021-10-23,20.853373,105.98991,2021-10-23 06:14:36.365996800,416.65976,0.0
2021-10-23,20.828154,105.86832,2021-10-23 06:14:36.509991168,416.17273,0.0
2021-10-23,20.829348,105.88759,2021-10-23 06:14:36.536987904,415.7416,0.0
2021-10-23,20.83453,105.96485,2021-10-23 06:14:36.645013760,417.04224,0.0
2021-10-23,20.835938,105.98422,2021-10-23 06:14:36.672010240,417.33228,0.0
2021-10-23,20.837408,106.00364,2021-10-23 06:14:36.699006464,416.97806,0.0
2021-10-23,20.812233,105.88208,2021-10-23 06:14:36.844006656,415.75882,0.0
2021-10-23,20.815844,105.94014,2021-10-23 06:14:36.924996096,417.85663,0.0
2021-10-23,20.818445,105.97892,2021-10-23 06:14:36.978988800,417.41147,0.0
2021-10-23,20.819807,105.99834,2021-10-23 06:14:37.006025472,417.3637,0.0
2021-10-23,20.795786,105.89624,2021-10-23 06:14:37.177016576,415.79816,0.0
2021-10-23,20.7982,105.934875,2021-10-23 06:14:37.231009280,416.23624,0.0
2021-10-23,20.79949,105.9542,2021-10-23 06:14:37.258005504,417.0294,0.0
2021-10-23,20.80081,105.97354,2021-10-23 06:14:37.285002240,417.57657,0.0
2021-10-23,20.80217,105.992905,2021-10-23 06:14:37.311998720,416.5716,0.0
2021-10-23,20.80357,106.012276,2021-10-23 06:14:37.338994944,416.3537,0.0
2021-10-23,20.80501,106.03167,2021-10-23 06:14:37.365991680,416.755,0.0
2021-10-23,20.783617,105.96792,2021-10-23 06:14:37.591015424,417.59836,0.0
2021-10-23,20.784903,105.987305,2021-10-23 06:14:37.618011904,417.41562,0.0
2021-10-23,20.786201,106.00673,2021-10-23 06:14:37.645008384,416.9872,0.0
2021-10-23,20.787539,106.02616,2021-10-23 06:14:37.672004608,417.44522,0.0
2021-10-23,20.788904,106.04561,2021-10-23 06:14:37.699001088,417.473,0.0
2021-10-23,20.764668,105.943375,2021-10-23 06:14:37.870998016,417.1334,0.0
2021-10-23,20.76856,106.00139,2021-10-23 06:14:37.951986944,417.1101,0.0
2021-10-23,20.76994,106.02076,2021-10-23 06:14:37.979023616,417.76526,0.0
2021-10-23,20.772823,106.05956,2021-10-23 06:14:38.033016576,417.48373,0.0
2021-10-23,20.747671,105.937874,2021-10-23 06:14:38.177010944,415.84836,0.0
2021-10-23,20.751204,105.99589,2021-10-23 06:14:38.258000384,417.02832,0.0
2021-10-23,20.752455,106.01529,2021-10-23 06:14:38.284996864,417.1642,0.0
2021-10-23,20.753748,106.0347,2021-10-23 06:14:38.311993088,417.79654,0.0
2021-10-23,20.756456,106.07359,2021-10-23 06:14:38.366026496,417.91092,0.0
2021-10-23,20.731266,105.951965,2021-10-23 06:14:38.510020608,417.12238,0.0
2021-10-23,20.733685,105.990524,2021-10-23 06:14:38.564013568,416.82507,0.0
2021-10-23,20.734957,106.00983,2021-10-23 06:14:38.591010048,417.4906,0.0
2021-10-23,20.736267,106.02915,2021-10-23 06:14:38.618006528,417.95938,0.0
2021-10-23,20.73762,106.048485,2021-10-23 06:14:38.645002752,417.15533,0.0
2021-10-23,20.739021,106.067856,2021-10-23 06:14:38.671999232,417.59482,0.0
2021-10-23,20.740486,106.08727,2021-10-23 06:14:38.698995712,417.1672,0.0
2021-10-23,20.71774,106.00446,2021-10-23 06:14:38.897988864,416.17456,0.0
2021-10-23,20.718954,106.0238,2021-10-23 06:14:38.925025536,418.34848,0.0
2021-10-23,20.721506,106.06253,2021-10-23 06:14:38.979018240,417.56998,0.0
2021-10-23,20.722843,106.08192,2021-10-23 06:14:39.006014720,417.32574,0.0
2021-10-23,20.72422,106.101326,2021-10-23 06:14:39.033011200,417.02313,0.0
2021-10-23,20.702604,106.03775,2021-10-23 06:14:39.257995008,417.80563,0.0
2021-10-23,20.703943,106.05705,2021-10-23 06:14:39.284991232,417.3801,0.0
2021-10-23,20.70532,106.07637,2021-10-23 06:14:39.311987968,417.46875,0.0
2021-10-23,20.70674,106.0957,2021-10-23 06:14:39.339024640,416.6425,0.0
2021-10-23,20.708199,106.11506,2021-10-23 06:14:39.366020864,417.37674,0.0
2021-10-23,21.239727,105.70821,2021-10-23 06:14:50.898003968,417.19342,0.0
2021-10-23,21.179186,105.71924,2021-10-23 06:14:51.844005888,415.7338,0.0
2021-10-23,21.167427,105.85398,2021-10-23 06:14:53.006019328,416.5234,0.0
2021-10-23,21.173609,105.86935,2021-10-23 06:14:53.033015808,415.81503,0.0
2021-10-23,21.151266,105.86797,2021-10-23 06:14:53.338988800,417.81656,0.0
2021-10-23,21.157446,105.88333,2021-10-23 06:14:53.366025472,416.96445,0.0
2021-10-23,21.110643,105.82029,2021-10-23 06:14:53.564012544,418.1911,0.0
2021-10-23,21.11671,105.83573,2021-10-23 06:14:53.591009024,417.25433,0.0
2021-10-23,21.122824,105.851135,2021-10-23 06:14:53.618005504,417.26184,0.0
2021-10-23,21.128958,105.86653,2021-10-23 06:14:53.645001984,415.75888,0.0
2021-10-23,21.13511,105.881905,2021-10-23 06:14:53.671998464,417.16803,0.0
2021-10-23,21.100563,105.84966,2021-10-23 06:14:53.925024512,417.1757,0.0
2021-10-23,21.106659,105.865074,2021-10-23 06:14:53.952021248,417.0576,0.0
2021-10-23,21.112797,105.88047,2021-10-23 06:14:53.979017472,417.18082,0.0
2021-10-23,21.118958,105.895836,2021-10-23 06:14:54.006013952,416.9024,0.0
2021-10-23,21.125132,105.9112,2021-10-23 06:14:54.033010176,417.4758,0.0
2021-10-23,21.084398,105.86364,2021-10-23 06:14:54.257993984,417.20444,0.0
2021-10-23,21.090502,105.87906,2021-10-23 06:14:54.284990208,417.49786,0.0
2021-10-23,21.09663,105.894455,2021-10-23 06:14:54.312026880,416.98352,0.0
2021-10-23,21.108969,105.9252,2021-10-23 06:14:54.366019840,416.1223,0.0
2021-10-23,21.086655,105.92382,2021-10-23 06:14:54.671993088,416.91583,0.0
2021-10-23,21.09283,105.939186,2021-10-23 06:14:54.698989312,416.90485,0.0
2021-10-23,21.058239,105.907036,2021-10-23 06:14:54.952015616,417.07156,0.0
2021-10-23,21.064367,105.92243,2021-10-23 06:14:54.979012096,415.60327,0.0
2021-10-23,21.076696,105.95317,2021-10-23 06:14:55.033004800,416.59662,0.0
2021-10-23,21.029924,105.89018,2021-10-23 06:14:55.230992128,416.42453,0.0
2021-10-23,21.036,105.90562,2021-10-23 06:14:55.257988352,416.3873,0.0
2021-10-23,21.042093,105.92103,2021-10-23 06:14:55.285025024,416.16937,0.0
2021-10-23,21.054375,105.95178,2021-10-23 06:14:55.339017984,416.98917,0.0
2021-10-23,21.060543,105.96714,2021-10-23 06:14:55.366014464,416.0986,0.0
2021-10-23,21.00772,105.88868,2021-10-23 06:14:55.537005312,417.5256,0.0
2021-10-23,21.019823,105.919556,2021-10-23 06:14:55.590998272,416.4046,0.0
2021-10-23,21.02591,105.93497,2021-10-23 06:14:55.617994752,416.27368,0.0
2021-10-23,20.985535,105.88715,2021-10-23 06:14:55.844024320,416.15237,0.0
2021-10-23,21.003658,105.933495,2021-10-23 06:14:55.925013760,416.05212,0.0
2021-10-23,21.009748,105.948906,2021-10-23 06:14:55.952010240,415.90988,0.0
2021-10-23,21.01589,105.96429,2021-10-23 06:14:55.979006464,416.05484,0.0
2021-10-23,21.022036,105.97966,2021-10-23 06:14:56.006002944,416.65854,0.0
2021-10-23,20.981468,105.932076,2021-10-23 06:14:56.230986496,416.84012,0.0
2021-10-23,20.993635,105.96292,2021-10-23 06:14:56.285019904,416.61008,0.0
2021-10-23,20.999762,105.97831,2021-10-23 06:14:56.312016128,417.07135,0.0
2021-10-23,21.005913,105.99368,2021-10-23 06:14:56.339012608,416.1171,0.0
2021-10-23,21.012081,106.00904,2021-10-23 06:14:56.366009344,416.53113,0.0
2021-10-23,20.965322,105.94606,2021-10-23 06:14:56.563996416,415.40424,0.0
2021-10-23,20.971392,105.96149,2021-10-23 06:14:56.590992896,416.68942,0.0
2021-10-23,20.9775,105.97689,2021-10-23 06:14:56.617989376,415.7089,0.0
2021-10-23,20.983612,105.99228,2021-10-23 06:14:56.645026048,415.73624,0.0
2021-10-23,20.989756,106.00765,2021-10-23 06:14:56.672022272,416.73746,0.0
2021-10-23,20.995934,106.02301,2021-10-23 06:14:56.699018752,416.20517,0.0
2021-10-23,20.937134,105.929115,2021-10-23 06:14:56.844018944,415.93207,0.0
2021-10-23,20.961315,105.99082,2021-10-23 06:14:56.952004608,416.03162,0.0
2021-10-23,20.97972,106.0369,2021-10-23 06:14:57.032994048,418.0493,0.0
2021-10-23,20.920925,105.94301,2021-10-23 06:14:57.176988416,416.1487,0.0
2021-10-23,20.926931,105.95848,2021-10-23 06:14:57.204025088,416.79102,0.0
2021-10-23,20.932968,105.97392,2021-10-23 06:14:57.231021312,416.39047,0.0
2021-10-23,20.939034,105.98935,2021-10-23 06:14:57.258018048,417.26624,0.0
2021-10-23,20.945126,106.004745,2021-10-23 06:14:57.285014272,416.57852,0.0
2021-10-23,20.951235,106.02013,2021-10-23 06:14:57.312010752,416.31177,0.0
2021-10-23,20.957375,106.035484,2021-10-23 06:14:57.339007488,416.61685,0.0
2021-10-23,20.904732,105.9569,2021-10-23 06:14:57.509998080,416.23483,0.0
2021-10-23,20.91677,105.9878,2021-10-23 06:14:57.563991040,416.95645,0.0
2021-10-23,20.922834,106.00323,2021-10-23 06:14:57.590987520,416.48355,0.0
2021-10-23,20.928919,106.01863,2021-10-23 06:14:57.618024192,416.35107,0.0
2021-10-23,20.935034,106.03401,2021-10-23 06:14:57.645020416,416.40146,0.0
2021-10-23,20.941174,106.04938,2021-10-23 06:14:57.672016896,417.09927,0.0
2021-10-23,20.947342,106.06473,2021-10-23 06:14:57.699013120,418.0885,0.0
2021-10-23,20.888561,105.97084,2021-10-23 06:14:57.844013568,417.1318,0.0
2021-10-23,20.894562,105.986305,2021-10-23 06:14:57.871010048,416.07428,0.0
2021-10-23,20.900597,106.00175,2021-10-23 06:14:57.898006528,417.1919,0.0
2021-10-23,20.90666,106.017166,2021-10-23 06:14:57.925002752,417.5878,0.0
2021-10-23,20.912756,106.03256,2021-10-23 06:14:57.951999232,416.20306,0.0
2021-10-23,20.91887,106.04795,2021-10-23 06:14:57.978995712,417.07242,0.0
2021-10-23,20.925022,106.06331,2021-10-23 06:14:58.005992192,416.36005,0.0
2021-10-23,20.931189,106.07866,2021-10-23 06:14:58.032988672,416.96136,0.0
2021-10-23,20.872429,105.98482,2021-10-23 06:14:58.177023232,417.0456,0.0
2021-10-23,20.878431,106.00029,2021-10-23 06:14:58.204019456,417.0563,0.0
2021-10-23,20.884464,106.01574,2021-10-23 06:14:58.231016192,417.033,0.0
2021-10-23,20.890526,106.031166,2021-10-23 06:14:58.258012416,416.63992,0.0
2021-10-23,20.896612,106.04656,2021-10-23 06:14:58.285008896,417.0859,0.0
2021-10-23,20.90272,106.06193,2021-10-23 06:14:58.312005632,416.9995,0.0
2021-10-23,20.856247,105.99869,2021-10-23 06:14:58.509992704,416.57092,0.0
2021-10-23,20.86225,106.014145,2021-10-23 06:14:58.536989184,417.04526,0.0
2021-10-23,20.868284,106.02958,2021-10-23 06:14:58.564025856,417.46884,0.0
2021-10-23,20.886526,106.07577,2021-10-23 06:14:58.645015040,417.2237,0.0
2021-10-23,20.892662,106.091125,2021-10-23 06:14:58.672011264,415.8192,0.0
2021-10-23,20.898827,106.10647,2021-10-23 06:14:58.699008000,417.3299,0.0
2021-10-23,20.840061,106.01258,2021-10-23 06:14:58.844008192,417.0204,0.0
2021-10-23,20.846066,106.02804,2021-10-23 06:14:58.871004672,416.98843,0.0
2021-10-23,20.852106,106.04349,2021-10-23 06:14:58.898000896,416.70575,0.0
2021-10-23,20.858173,106.05892,2021-10-23 06:14:58.924997376,416.84348,0.0
2021-10-23,20.864267,106.07433,2021-10-23 06:14:58.951993856,417.23846,0.0
2021-10-23,20.870388,106.08973,2021-10-23 06:14:58.978990336,417.32895,0.0
2021-10-23,20.876535,106.1051,2021-10-23 06:14:59.006027008,417.37085,0.0
2021-10-23,20.88271,106.12046,2021-10-23 06:14:59.033023232,417.37256,0.0
2021-10-23,20.83002,106.04219,2021-10-23 06:14:59.204014336,416.4381,0.0
2021-10-23,20.83606,106.05765,2021-10-23 06:14:59.231010560,417.2024,0.0
2021-10-23,20.842123,106.07309,2021-10-23 06:14:59.258007040,417.57202,0.0
2021-10-23,20.848202,106.088486,2021-10-23 06:14:59.285003776,417.42163,0.0
2021-10-23,20.854305,106.10385,2021-10-23 06:14:59.312000000,417.23917,0.0
2021-10-23,20.860435,106.1192,2021-10-23 06:14:59.338996480,417.32446,0.0
2021-10-23,20.866592,106.13454,2021-10-23 06:14:59.365992704,417.47498,0.0
2021-10-23,20.80782,106.04061,2021-10-23 06:14:59.509987328,417.32422,0.0
2021-10-23,20.813816,106.05606,2021-10-23 06:14:59.537024000,417.1675,0.0
2021-10-23,20.825886,106.08689,2021-10-23 06:14:59.591016704,417.3224,0.0
2021-10-23,20.83196,106.10227,2021-10-23 06:14:59.618013184,417.5735,0.0
2021-10-23,20.83806,106.117645,2021-10-23 06:14:59.645009408,417.53174,0.0
2021-10-23,20.844189,106.13299,2021-10-23 06:14:59.672006144,416.9319,0.0
2021-10-23,20.850346,106.14832,2021-10-23 06:14:59.699002624,417.3582,0.0
2021-10-23,20.791584,106.054405,2021-10-23 06:14:59.844002816,417.6931,0.0
2021-10-23,20.79758,106.069855,2021-10-23 06:14:59.870999040,417.5719,0.0
2021-10-23,20.80362,106.08531,2021-10-23 06:14:59.897995520,417.78455,0.0
2021-10-23,20.809683,106.100746,2021-10-23 06:14:59.924992000,417.79544,0.0
2021-10-23,20.815773,106.116165,2021-10-23 06:14:59.951988480,417.64423,0.0
2021-10-23,20.821892,106.13156,2021-10-23 06:14:59.979025152,417.37003,0.0
2021-10-23,20.828037,106.14694,2021-10-23 06:15:00.006021376,417.53903,0.0
2021-10-23,20.83421,106.1623,2021-10-23 06:15:00.033018112,416.53265,0.0
2021-10-23,20.775486,106.06846,2021-10-23 06:15:00.177012480,417.1718,0.0
2021-10-23,20.781483,106.083916,2021-10-23 06:15:00.204008704,417.59622,0.0
2021-10-23,20.787504,106.09934,2021-10-23 06:15:00.231005184,416.79584,0.0
2021-10-23,20.793552,106.11475,2021-10-23 06:15:00.258001920,418.0851,0.0
2021-10-23,20.799627,106.13015,2021-10-23 06:15:00.284998144,417.5412,0.0
2021-10-23,20.805729,106.14552,2021-10-23 06:15:00.311994624,417.0656,0.0
2021-10-23,20.811857,106.16087,2021-10-23 06:15:00.338990848,417.6423,0.0
2021-10-23,20.818012,106.176216,2021-10-23 06:15:00.365987328,417.4086,0.0
2021-10-23,20.759289,106.08236,2021-10-23 06:15:00.510022144,417.4866,0.0
2021-10-23,20.76529,106.09781,2021-10-23 06:15:00.537018624,416.84116,0.0
2021-10-23,20.771313,106.11324,2021-10-23 06:15:00.564014848,417.07602,0.0
2021-10-23,20.777365,106.128654,2021-10-23 06:15:00.591011328,416.98495,0.0
2021-10-23,20.783443,106.14405,2021-10-23 06:15:00.618007552,418.0573,0.0
2021-10-23,20.789547,106.159424,2021-10-23 06:15:00.645004288,417.2197,0.0
2021-10-23,20.79568,106.17478,2021-10-23 06:15:00.672000768,417.54416,0.0
2021-10-23,20.80184,106.19012,2021-10-23 06:15:00.698996992,417.48227,0.0
2021-10-23,21.911688,105.23941,2021-10-23 06:15:21.844004096,419.6663,0.0
2021-10-23,21.92834,105.24625,2021-10-23 06:15:21.871000576,419.822,0.0
2021-10-23,21.944235,105.25384,2021-10-23 06:15:21.897996800,419.1222,0.0
2021-10-23,21.91173,105.260864,2021-10-23 06:15:22.204010240,418.79486,0.0
2021-10-23,21.927643,105.26844,2021-10-23 06:15:22.231006720,419.53748,0.0
2021-10-23,21.943874,105.27574,2021-10-23 06:15:22.258002944,418.41293,0.0
2021-10-23,21.880428,105.26676,2021-10-23 06:15:22.510023424,417.87354,0.0
2021-10-23,21.911394,105.28273,2021-10-23 06:15:22.564016384,416.5991,0.0
2021-10-23,21.926928,105.29069,2021-10-23 06:15:22.591012608,419.46573,0.0
2021-10-23,21.942976,105.29819,2021-10-23 06:15:22.618009088,420.1541,0.0
2021-10-23,21.959394,105.305374,2021-10-23 06:15:22.645005824,417.83243,0.0
2021-10-23,21.976158,105.31229,2021-10-23 06:15:22.672002048,420.02533,0.0
2021-10-23,21.99147,105.320526,2021-10-23 06:15:22.698998528,418.54837,0.0
2021-10-23,21.67012,105.472176,2021-10-23 06:15:27.204023296,416.86395,0.0
2021-10-23,21.68594,105.47983,2021-10-23 06:15:27.231019776,416.66818,0.0
2021-10-23,21.669878,105.515366,2021-10-23 06:15:27.925001216,416.23444,0.0
2021-10-23,21.68601,105.52279,2021-10-23 06:15:27.951997440,414.9163,0.0
2021-10-23,21.733984,105.54559,2021-10-23 06:15:28.033027072,416.0711,0.0
2021-10-23,21.669825,105.53685,2021-10-23 06:15:28.285007360,417.02768,0.0
2021-10-23,21.718088,105.55945,2021-10-23 06:15:28.365996288,417.0705,0.0
2021-10-23,21.637484,105.54362,2021-10-23 06:15:28.591020288,416.13248,0.0
2021-10-23,21.653654,105.55102,2021-10-23 06:15:28.618016768,417.7442,0.0
2021-10-23,21.669655,105.55861,2021-10-23 06:15:28.645013248,415.4679,0.0
2021-10-23,21.620909,105.55804,2021-10-23 06:15:28.924995584,418.12225,0.0
2021-10-23,21.685907,105.5875,2021-10-23 06:15:29.033021696,413.92706,0.0
2021-10-23,21.621038,105.5794,2021-10-23 06:15:29.285001728,416.91614,0.0
2021-10-23,21.637474,105.58659,2021-10-23 06:15:29.311998208,412.96805,0.0
2021-10-23,21.6537,105.594,2021-10-23 06:15:29.338994432,412.7308,0.0
2021-10-23,21.589218,105.58568,2021-10-23 06:15:29.591014912,414.31622,0.0
2021-10-23,21.605257,105.593185,2021-10-23 06:15:29.618011392,415.7336,0.0
2021-10-23,21.573078,105.59963,2021-10-23 06:15:29.924990208,417.3815,0.0
2021-10-23,21.589048,105.60723,2021-10-23 06:15:29.951986688,417.6552,0.0
2021-10-23,21.556858,105.613945,2021-10-23 06:15:30.257999872,418.01755,0.0
2021-10-23,21.573133,105.62122,2021-10-23 06:15:30.284996352,416.61722,0.0
2021-10-23,21.589254,105.62868,2021-10-23 06:15:30.311992576,415.77478,0.0
2021-10-23,21.60532,105.636215,2021-10-23 06:15:30.338989312,412.80026,0.0
2021-10-23,21.556942,105.63514,2021-10-23 06:15:30.618006016,417.34796,0.0
2021-10-23,21.573036,105.642654,2021-10-23 06:15:30.645002240,416.10345,0.0
2021-10-23,21.589058,105.65025,2021-10-23 06:15:30.671998976,416.56058,0.0
2021-10-23,21.540865,105.64926,2021-10-23 06:15:30.952021504,417.2992,0.0
2021-10-23,21.556995,105.65674,2021-10-23 06:15:30.979017984,416.3826,0.0
2021-10-23,21.508404,105.655876,2021-10-23 06:15:31.257994496,417.893,0.0
2021-10-23,21.524586,105.66325,2021-10-23 06:15:31.284990720,416.6196,0.0
2021-10-23,21.539886,105.67146,2021-10-23 06:15:31.311987456,417.00793,0.0
2021-10-23,21.556732,105.67831,2021-10-23 06:15:31.339024128,416.03986,0.0
2021-10-23,21.492373,105.66988,2021-10-23 06:15:31.591004160,416.3219,0.0
2021-10-23,21.508284,105.67753,2021-10-23 06:15:31.618000384,417.2526,0.0
2021-10-23,21.524452,105.68496,2021-10-23 06:15:31.644997120,416.021,0.0
2021-10-23,21.540554,105.69249,2021-10-23 06:15:31.671993600,414.89075,0.0
2021-10-23,21.492254,105.69146,2021-10-23 06:15:31.952016128,414.81744,0.0
2021-10-23,21.508432,105.69886,2021-10-23 06:15:31.979012608,415.40433,0.0
2021-10-23,21.524033,105.70681,2021-10-23 06:15:32.006008832,415.17047,0.0
2021-10-23,21.47614,105.70539,2021-10-23 06:15:32.285025536,414.1635,0.0
2021-10-23,21.49205,105.713066,2021-10-23 06:15:32.312022272,415.32416,0.0
2021-10-23,21.476234,105.726944,2021-10-23 06:15:32.644991744,415.29,0.0
2021-10-23,21.492365,105.73442,2021-10-23 06:15:32.671987968,415.27682,0.0
2021-10-23,21.50845,105.74196,2021-10-23 06:15:32.699024640,415.2034,0.0
2021-10-23,21.459822,105.74096,2021-10-23 06:15:32.979006976,414.75638,0.0
2021-10-23,21.476143,105.74827,2021-10-23 06:15:33.006003456,413.9083,0.0
2021-10-23,21.491625,105.75638,2021-10-23 06:15:33.032999936,415.425,0.0
2021-10-23,21.427189,105.74804,2021-10-23 06:15:33.285020416,418.30588,0.0
2021-10-23,21.444042,105.75486,2021-10-23 06:15:33.312016640,415.2945,0.0
2021-10-23,21.46015,105.76238,2021-10-23 06:15:33.339013120,414.3799,0.0
2021-10-23,21.476284,105.76991,2021-10-23 06:15:33.366009600,416.6705,0.0
2021-10-23,21.427763,105.7688,2021-10-23 06:15:33.645026560,416.69156,0.0
2021-10-23,21.443949,105.77623,2021-10-23 06:15:33.672022784,414.8574,0.0
2021-10-23,21.46012,105.783714,2021-10-23 06:15:33.699019264,415.48453,0.0
2021-10-23,21.379522,105.767815,2021-10-23 06:15:33.925008896,412.77686,0.0
2021-10-23,21.395689,105.77524,2021-10-23 06:15:33.952005120,416.94632,0.0
2021-10-23,21.411722,105.78281,2021-10-23 06:15:33.979001600,416.52582,0.0
2021-10-23,21.427895,105.79028,2021-10-23 06:15:34.005998080,416.04288,0.0
2021-10-23,21.444029,105.79781,2021-10-23 06:15:34.032994560,416.12918,0.0
2021-10-23,21.379604,105.78922,2021-10-23 06:15:34.285014784,416.2742,0.0
2021-10-23,21.395657,105.79675,2021-10-23 06:15:34.312011264,416.7168,0.0
2021-10-23,21.411734,105.80429,2021-10-23 06:15:34.339007744,415.64496,0.0
2021-10-23,21.427847,105.81182,2021-10-23 06:15:34.366004224,416.451,0.0
2021-10-23,21.363348,105.80311,2021-10-23 06:15:34.618024704,416.19284,0.0
2021-10-23,21.379387,105.81065,2021-10-23 06:15:34.645020928,415.8266,0.0
2021-10-23,21.395487,105.818184,2021-10-23 06:15:34.672017408,414.99127,0.0
2021-10-23,21.31467,105.80261,2021-10-23 06:15:34.898007040,416.19608,0.0
2021-10-23,21.34725,105.81719,2021-10-23 06:15:34.951999744,414.6943,0.0
2021-10-23,21.363285,105.82476,2021-10-23 06:15:34.978996224,416.4593,0.0
2021-10-23,21.37942,105.83227,2021-10-23 06:15:35.005992704,415.61475,0.0
2021-10-23,21.395555,105.839775,2021-10-23 06:15:35.032988928,416.16962,0.0
2021-10-23,21.299156,105.81599,2021-10-23 06:15:35.231016704,418.33163,0.0
2021-10-23,21.347122,105.83866,2021-10-23 06:15:35.312005888,416.02347,0.0
2021-10-23,21.363205,105.84618,2021-10-23 06:15:35.339002368,416.7468,0.0
2021-10-23,21.314947,105.84517,2021-10-23 06:15:35.618019072,417.07596,0.0
2021-10-23,21.33093,105.85279,2021-10-23 06:15:35.645015552,416.4254,0.0
2021-10-23,21.251045,105.83636,2021-10-23 06:15:35.871005184,413.58508,0.0
2021-10-23,21.298555,105.90226,2021-10-23 06:15:36.672006656,417.66684,0.0
2021-10-23,21.218407,105.88588,2021-10-23 06:15:36.897996032,417.51,0.0
2021-10-23,21.282383,105.91606,2021-10-23 06:15:37.006021888,416.69348,0.0
2021-10-23,21.298498,105.92359,2021-10-23 06:15:37.033018624,415.943,0.0
2021-10-23,21.170568,105.88447,2021-10-23 06:15:37.177012992,417.2916,0.0
2021-10-23,21.202223,105.899826,2021-10-23 06:15:37.231005696,417.44962,0.0
2021-10-23,21.234129,105.915054,2021-10-23 06:15:37.284998656,417.36673,0.0
2021-10-23,21.26626,105.93018,2021-10-23 06:15:37.338991360,416.63702,0.0
2021-10-23,21.282425,105.9377,2021-10-23 06:15:37.366028032,415.47397,0.0
2021-10-23,21.154455,105.898506,2021-10-23 06:15:37.510022656,417.01514,0.0
2021-10-23,21.170235,105.90618,2021-10-23 06:15:37.537019136,416.3998,0.0
2021-10-23,21.217924,105.92902,2021-10-23 06:15:37.618008064,417.56754,0.0
2021-10-23,21.233967,105.93656,2021-10-23 06:15:37.645004800,416.52988,0.0
2021-10-23,21.266188,105.95159,2021-10-23 06:15:37.698997504,415.98523,0.0
2021-10-23,21.138222,105.91239,2021-10-23 06:15:37.843997696,415.5205,0.0
2021-10-23,21.154018,105.920074,2021-10-23 06:15:37.870994176,415.29797,0.0
2021-10-23,21.169872,105.92773,2021-10-23 06:15:37.897990656,416.10788,0.0
2021-10-23,21.185783,105.93535,2021-10-23 06:15:37.924987136,416.97562,0.0
2021-10-23,21.201767,105.94293,2021-10-23 06:15:37.952023808,416.38464,0.0
2021-10-23,21.2178,105.95049,2021-10-23 06:15:37.979020032,416.02353,0.0
2021-10-23,21.233896,105.95803,2021-10-23 06:15:38.006016768,415.7202,0.0
2021-10-23,21.250069,105.96552,2021-10-23 06:15:38.033012992,415.44977,0.0
2021-10-23,21.137918,105.93421,2021-10-23 06:15:38.204003840,416.45233,0.0
2021-10-23,21.153759,105.94188,2021-10-23 06:15:38.231000320,414.74707,0.0
2021-10-23,21.169659,105.949524,2021-10-23 06:15:38.257996800,416.55652,0.0
2021-10-23,21.185616,105.9571,2021-10-23 06:15:38.284993280,416.34143,0.0
2021-10-23,21.217712,105.97214,2021-10-23 06:15:38.339026176,415.01556,0.0
2021-10-23,21.233894,105.97958,2021-10-23 06:15:38.366022656,415.91922,0.0
2021-10-23,21.105858,105.94031,2021-10-23 06:15:38.510017280,416.8612,0.0
2021-10-23,21.137476,105.95564,2021-10-23 06:15:38.564009984,415.56262,0.0
2021-10-23,21.169363,105.97084,2021-10-23 06:15:38.618002944,416.5506,0.0
2021-10-23,21.201466,105.98599,2021-10-23 06:15:38.671995648,416.23584,0.0
2021-10-23,21.217628,105.993515,2021-10-23 06:15:38.698992128,415.38736,0.0
2021-10-23,21.153301,105.98494,2021-10-23 06:15:38.952018176,416.78964,0.0
2021-10-23,21.169308,105.992546,2021-10-23 06:15:38.979014912,416.59,0.0
2021-10-23,21.185425,106.00007,2021-10-23 06:15:39.006011136,415.14682,0.0
2021-10-23,21.201557,106.00758,2021-10-23 06:15:39.033007616,416.0006,0.0
2021-10-23,21.073536,105.96831,2021-10-23 06:15:39.177001984,415.68756,0.0
2021-10-23,21.089312,105.975975,2021-10-23 06:15:39.203998464,415.59586,0.0
2021-10-23,21.105145,105.98361,2021-10-23 06:15:39.230994944,415.88165,0.0
2021-10-23,21.121037,105.99122,2021-10-23 06:15:39.257991424,415.80646,0.0
2021-10-23,21.136995,105.9988,2021-10-23 06:15:39.284987648,416.50122,0.0
2021-10-23,21.153051,106.00633,2021-10-23 06:15:39.312024320,416.8839,0.0
2021-10-23,21.185282,106.02137,2021-10-23 06:15:39.366017280,415.6663,0.0
2021-10-23,21.057333,105.98221,2021-10-23 06:15:39.510011648,415.80502,0.0
2021-10-23,21.088976,105.99757,2021-10-23 06:15:39.564004352,416.11545,0.0
2021-10-23,21.104887,106.005196,2021-10-23 06:15:39.591001088,416.37573,0.0
2021-10-23,21.136902,106.02036,2021-10-23 06:15:39.644993792,415.96042,0.0
2021-10-23,21.15301,106.0279,2021-10-23 06:15:39.671990272,416.38858,0.0
2021-10-23,21.16914,106.035446,2021-10-23 06:15:39.699026944,416.10098,0.0
2021-10-23,21.041208,105.99628,2021-10-23 06:15:39.844027136,417.11505,0.0
2021-10-23,21.072838,106.01158,2021-10-23 06:15:39.898020096,416.40164,0.0
2021-10-23,21.104586,106.02687,2021-10-23 06:15:39.952013056,416.77573,0.0
2021-10-23,21.120579,106.03444,2021-10-23 06:15:39.979009280,417.15024,0.0
2021-10-23,21.136826,106.04182,2021-10-23 06:15:40.006005760,416.1885,0.0
2021-10-23,21.152983,106.04931,2021-10-23 06:15:40.033002240,416.0011,0.0
2021-10-23,21.025,106.01011,2021-10-23 06:15:40.176996608,417.0375,0.0
2021-10-23,21.040792,106.01779,2021-10-23 06:15:40.203993088,416.74887,0.0
2021-10-23,21.072527,106.03309,2021-10-23 06:15:40.258026240,417.2771,0.0
2021-10-23,21.088491,106.04069,2021-10-23 06:15:40.285022464,416.52402,0.0
2021-10-23,21.104528,106.04825,2021-10-23 06:15:40.312018944,416.38083,0.0
2021-10-23,21.120605,106.0558,2021-10-23 06:15:40.339015424,416.64987,0.0
2021-10-23,21.136757,106.06331,2021-10-23 06:15:40.366011904,416.00592,0.0
2021-10-23,21.008865,106.024086,2021-10-23 06:15:40.510006272,416.85022,0.0
2021-10-23,21.040493,106.03945,2021-10-23 06:15:40.563999232,416.89575,0.0
2021-10-23,21.120607,106.07725,2021-10-23 06:15:40.699021568,416.36215,0.0
2021-10-23,20.992638,106.03792,2021-10-23 06:15:40.844021760,417.27783,0.0
2021-10-23,21.104338,106.091064,2021-10-23 06:15:41.032996608,416.55154,0.0
2021-10-23,20.976469,106.051834,2021-10-23 06:15:41.176991232,417.0948,0.0
2021-10-23,20.992237,106.05956,2021-10-23 06:15:41.203987712,416.7718,0.0
2021-10-23,21.008076,106.067245,2021-10-23 06:15:41.231024384,417.60577,0.0
2021-10-23,21.03998,106.08246,2021-10-23 06:15:41.285017088,416.57944,0.0
2021-10-23,21.055986,106.09004,2021-10-23 06:15:41.312013568,417.28586,0.0
2021-10-23,20.991865,106.0811,2021-10-23 06:15:41.563993600,416.44675,0.0
2021-10-23,21.02375,106.0963,2021-10-23 06:15:41.618026752,417.2983,0.0
2021-10-23,21.071995,106.118935,2021-10-23 06:15:41.699016192,417.48413,0.0
2021-10-23,20.944077,106.079636,2021-10-23 06:15:41.844016384,417.76007,0.0
2021-10-23,20.959845,106.08734,2021-10-23 06:15:41.871012608,416.8181,0.0
2021-10-23,20.9757,106.095,2021-10-23 06:15:41.898009344,417.2955,0.0
2021-10-23,21.007557,106.11026,2021-10-23 06:15:41.952002048,416.60748,0.0
2021-10-23,21.023594,106.11783,2021-10-23 06:15:41.978998528,416.88535,0.0
2021-10-23,21.039684,106.12538,2021-10-23 06:15:42.005994752,417.5528,0.0
2021-10-23,21.05583,106.13292,2021-10-23 06:15:42.032991488,416.8139,0.0
2021-10-23,20.975502,106.11664,2021-10-23 06:15:42.258015232,417.0704,0.0
2021-10-23,20.991447,106.12424,2021-10-23 06:15:42.285011712,416.8619,0.0
2021-10-23,21.00744,106.13183,2021-10-23 06:15:42.312008192,416.84866,0.0
2021-10-23,21.039625,106.1469,2021-10-23 06:15:42.366001152,416.4172,0.0
2021-10-23,20.911695,106.1076,2021-10-23 06:15:42.509995520,416.71783,0.0
2021-10-23,20.927473,106.1153,2021-10-23 06:15:42.536991744,417.16962,0.0
2021-10-23,20.943308,106.12297,2021-10-23 06:15:42.563988224,417.66473,0.0
2021-10-23,20.975159,106.13823,2021-10-23 06:15:42.618021376,417.20786,0.0
2021-10-23,20.991175,106.145805,2021-10-23 06:15:42.645017856,416.76053,0.0
2021-10-23,21.007256,106.15336,2021-10-23 06:15:42.672014336,416.846,0.0
2021-10-23,21.023405,106.16087,2021-10-23 06:15:42.699010560,417.0336,0.0
2021-10-23,20.89553,106.12154,2021-10-23 06:15:42.844010752,416.6976,0.0
2021-10-23,20.911314,106.12923,2021-10-23 06:15:42.871007488,416.86417,0.0
2021-10-23,20.927153,106.136894,2021-10-23 06:15:42.898003712,416.76083,0.0
2021-10-23,20.943048,106.14452,2021-10-23 06:15:42.925000192,417.26547,0.0
2021-10-23,20.959007,106.15213,2021-10-23 06:15:42.951996672,416.67197,0.0
2021-10-23,20.975025,106.1597,2021-10-23 06:15:42.978992896,416.5531,0.0
2021-10-23,20.991083,106.16727,2021-10-23 06:15:43.005989632,416.17203,0.0
2021-10-23,21.007252,106.17477,2021-10-23 06:15:43.033026304,416.22012,0.0
2021-10-23,20.879335,106.135414,2021-10-23 06:15:43.177020672,416.99594,0.0
2021-10-23,20.910921,106.15079,2021-10-23 06:15:43.231013376,416.80585,0.0
2021-10-23,20.942793,106.16601,2021-10-23 06:15:43.285006336,417.2626,0.0
2021-10-23,20.958813,106.173584,2021-10-23 06:15:43.312002560,415.47205,0.0
2021-10-23,20.974895,106.18114,2021-10-23 06:15:43.338999296,416.6945,0.0
2021-10-23,20.991041,106.18866,2021-10-23 06:15:43.365995520,416.3271,0.0
2021-10-23,20.863146,106.149345,2021-10-23 06:15:43.509989888,417.30212,0.0
2021-10-23,20.878922,106.15704,2021-10-23 06:15:43.536986368,417.6416,0.0
2021-10-23,20.894743,106.16472,2021-10-23 06:15:43.564023040,416.5774,0.0
2021-10-23,20.910646,106.17234,2021-10-23 06:15:43.591019520,417.28687,0.0
2021-10-23,20.926563,106.17998,2021-10-23 06:15:43.618016000,416.89383,0.0
2021-10-23,20.942614,106.18752,2021-10-23 06:15:43.645012480,417.7201,0.0
2021-10-23,20.958693,106.19507,2021-10-23 06:15:43.672008704,416.94202,0.0
2021-10-23,20.97484,106.20258,2021-10-23 06:15:43.699005184,415.68567,0.0
2021-10-23,20.846964,106.16322,2021-10-23 06:15:43.844005632,416.23505,0.0
2021-10-23,20.862732,106.17092,2021-10-23 06:15:43.871001856,416.85327,0.0
2021-10-23,20.878576,106.17858,2021-10-23 06:15:43.897998336,417.14554,0.0
2021-10-23,20.894455,106.186226,2021-10-23 06:15:43.924994816,416.67923,0.0
2021-10-23,20.92643,106.2014,2021-10-23 06:15:43.978987776,417.4888,0.0
2021-10-23,20.94248,106.20898,2021-10-23 06:15:44.006024448,415.80823,0.0
2021-10-23,20.958643,106.21648,2021-10-23 06:15:44.033020672,416.6869,0.0
2021-10-23,20.846506,106.184845,2021-10-23 06:15:44.204011520,417.15134,0.0
2021-10-23,20.862337,106.19252,2021-10-23 06:15:44.231008000,416.69275,0.0
2021-10-23,20.89418,106.20776,2021-10-23 06:15:44.285000704,416.7958,0.0
2021-10-23,20.92626,106.22288,2021-10-23 06:15:44.338993664,416.85303,0.0
2021-10-23,20.942413,106.23038,2021-10-23 06:15:44.365990144,416.6691,0.0
2021-10-23,20.81451,106.191,2021-10-23 06:15:44.510024704,416.4987,0.0
2021-10-23,20.830282,106.19871,2021-10-23 06:15:44.537021184,416.6275,0.0
2021-10-23,20.846117,106.206375,2021-10-23 06:15:44.564017664,416.0646,0.0
2021-10-23,20.877964,106.221634,2021-10-23 06:15:44.618010624,417.2054,0.0
2021-10-23,20.89398,106.22922,2021-10-23 06:15:44.645006848,416.84067,0.0
2021-10-23,20.926186,106.24428,2021-10-23 06:15:44.698999808,416.93094,0.0
2021-10-23,20.798315,106.20483,2021-10-23 06:15:44.844000000,416.9453,0.0
2021-10-23,20.81409,106.21252,2021-10-23 06:15:44.870996480,417.3942,0.0
2021-10-23,20.829924,106.2202,2021-10-23 06:15:44.897992960,416.7903,0.0
2021-10-23,20.86177,106.23549,2021-10-23 06:15:44.952025856,416.88074,0.0
2021-10-23,20.782108,106.21881,2021-10-23 06:15:45.177009664,417.11713,0.0
2021-10-23,20.79788,106.2265,2021-10-23 06:15:45.204006144,416.85416,0.0
2021-10-23,21.734762,105.56806,2021-10-23 06:15:48.203990016,414.517,0.0
2021-10-23,21.518147,105.733925,2021-10-23 06:15:52.177011968,417.6802,0.0
2021-10-23,21.565292,105.73737,2021-10-23 06:15:52.231004672,415.76672,0.0
2021-10-23,21.501917,105.748375,2021-10-23 06:15:52.510021632,416.75183,0.0
2021-10-23,21.524698,105.750786,2021-10-23 06:15:52.537018112,415.8565,0.0
2021-10-23,21.484615,105.76371,2021-10-23 06:15:52.843996928,416.29608,0.0
2021-10-23,21.50929,105.7644,2021-10-23 06:15:52.870993408,415.95306,0.0
2021-10-23,21.653814,105.773285,2021-10-23 06:15:53.033012224,412.74722,0.0
2021-10-23,21.613438,105.78563,2021-10-23 06:15:53.339025408,414.1872,0.0
2021-10-23,21.453703,105.79011,2021-10-23 06:15:53.510016256,416.01953,0.0
2021-10-23,21.476921,105.79206,2021-10-23 06:15:53.537012480,417.37613,0.0
2021-10-23,21.596703,105.79975,2021-10-23 06:15:53.671994624,413.84085,0.0
2021-10-23,21.621181,105.80106,2021-10-23 06:15:53.698991360,416.73645,0.0
2021-10-23,21.437506,105.8036,2021-10-23 06:15:53.843991552,416.10843,0.0
2021-10-23,21.460886,105.80541,2021-10-23 06:15:53.870987776,416.3892,0.0
2021-10-23,21.484556,105.80707,2021-10-23 06:15:53.898024448,415.9082,0.0
2021-10-23,21.508335,105.8087,2021-10-23 06:15:53.925020928,415.9836,0.0
2021-10-23,21.421106,105.81797,2021-10-23 06:15:54.177000960,415.12216,0.0
2021-10-23,21.444641,105.819725,2021-10-23 06:15:54.203997696,416.65955,0.0
2021-10-23,21.516079,105.82459,2021-10-23 06:15:54.284986880,416.5558,0.0
2021-10-23,21.42845,105.83383,2021-10-23 06:15:54.537007360,416.91498,0.0
2021-10-23,21.452002,105.83562,2021-10-23 06:15:54.564003584,414.049,0.0
2021-10-23,21.572327,105.84355,2021-10-23 06:15:54.699026176,415.45523,0.0
2021-10-23,21.388739,105.84638,2021-10-23 06:15:54.844026368,415.1026,0.0
2021-10-23,21.412184,105.84821,2021-10-23 06:15:54.871022592,416.08292,0.0
2021-10-23,21.435781,105.84999,2021-10-23 06:15:54.898019072,416.23865,0.0
2021-10-23,21.48352,105.8533,2021-10-23 06:15:54.952012032,416.59344,0.0
2021-10-23,21.507544,105.854935,2021-10-23 06:15:54.979008512,415.91495,0.0
2021-10-23,21.531866,105.8564,2021-10-23 06:15:55.006004736,413.00513,0.0
2021-10-23,21.41983,105.864075,2021-10-23 06:15:55.230988544,413.93222,0.0
2021-10-23,21.467548,105.86728,2021-10-23 06:15:55.285021696,416.46896,0.0
2021-10-23,21.491625,105.86881,2021-10-23 06:15:55.312018176,415.66943,0.0
2021-10-23,21.515947,105.87022,2021-10-23 06:15:55.339014656,414.72137,0.0
2021-10-23,21.54034,105.87164,2021-10-23 06:15:55.366010880,415.10132,0.0
2021-10-23,21.380306,105.87579,2021-10-23 06:15:55.537001728,411.60828,0.0
2021-10-23,21.451612,105.880745,2021-10-23 06:15:55.617990912,414.2364,0.0
2021-10-23,21.475595,105.88236,2021-10-23 06:15:55.644987648,415.78946,0.0
2021-10-23,21.499903,105.88378,2021-10-23 06:15:55.672024320,415.80936,0.0
2021-10-23,21.410934,105.89314,2021-10-23 06:15:55.925010176,412.32925,0.0
2021-10-23,21.483028,105.8978,2021-10-23 06:15:56.005999616,416.19272,0.0
2021-10-23,21.507471,105.899185,2021-10-23 06:15:56.032995840,415.66006,0.0
2021-10-23,21.442617,105.9102,2021-10-23 06:15:56.312012800,415.3399,0.0
2021-10-23,21.466824,105.91176,2021-10-23 06:15:56.339009024,415.8842,0.0
2021-10-23,21.491291,105.91317,2021-10-23 06:15:56.366005504,415.85315,0.0
2021-10-23,21.402927,105.92245,2021-10-23 06:15:56.618025728,416.36688,0.0
2021-10-23,21.426908,105.924126,2021-10-23 06:15:56.645022464,415.83643,0.0
2021-10-23,21.451109,105.9257,2021-10-23 06:15:56.672018688,415.1166,0.0
2021-10-23,21.475538,105.92715,2021-10-23 06:15:56.699015168,414.71152,0.0
2021-10-23,21.315113,105.93195,2021-10-23 06:15:56.871011840,416.29846,0.0
2021-10-23,21.338795,105.933685,2021-10-23 06:15:56.898008320,416.37692,0.0
2021-10-23,21.386606,105.93699,2021-10-23 06:15:56.952001024,416.65417,0.0
2021-10-23,21.410778,105.93853,2021-10-23 06:15:56.978997760,415.9909,0.0
2021-10-23,21.435022,105.94007,2021-10-23 06:15:57.005993984,415.79016,0.0
2021-10-23,21.37049,105.951,2021-10-23 06:15:57.285010688,416.13715,0.0
2021-10-23,21.394695,105.95247,2021-10-23 06:15:57.312007168,415.67847,0.0
2021-10-23,21.419073,105.95388,2021-10-23 06:15:57.339003648,415.4997,0.0
2021-10-23,21.44364,105.95521,2021-10-23 06:15:57.366000128,414.90192,0.0
2021-10-23,21.3307,105.962975,2021-10-23 06:15:57.591023872,415.7428,0.0
2021-10-23,21.354624,105.964584,2021-10-23 06:15:57.618020608,415.73282,0.0
2021-10-23,21.378725,105.966125,2021-10-23 06:15:57.645016832,415.66696,0.0
2021-10-23,21.402996,105.96759,2021-10-23 06:15:57.672013312,415.0497,0.0
2021-10-23,21.427439,105.96899,2021-10-23 06:15:57.699009792,415.4762,0.0
2021-10-23,21.243517,105.97155,2021-10-23 06:15:57.844009984,416.40512,0.0
2021-10-23,21.29046,105.975105,2021-10-23 06:15:57.898002944,416.39368,0.0
2021-10-23,21.314173,105.97679,2021-10-23 06:15:57.924999168,415.96472,0.0
2021-10-23,21.361998,105.98004,2021-10-23 06:15:57.978992128,414.71762,0.0
2021-10-23,21.38628,105.981476,2021-10-23 06:15:58.005988608,415.19388,0.0
2021-10-23,21.321754,105.9924,2021-10-23 06:15:58.285005312,415.8466,0.0
2021-10-23,21.37015,105.99552,2021-10-23 06:15:58.338998272,415.57037,0.0
2021-10-23,21.394623,105.99696,2021-10-23 06:15:58.365994752,414.7905,0.0
2021-10-23,21.257713,106.00334,2021-10-23 06:15:58.564022016,416.4406,0.0
2021-10-23,21.2814,106.005104,2021-10-23 06:15:58.591018752,415.64282,0.0
2021-10-23,21.329504,106.00824,2021-10-23 06:15:58.645011456,414.37585,0.0
2021-10-23,21.353807,106.00971,2021-10-23 06:15:58.672007936,414.08975,0.0
2021-10-23,21.378292,106.011116,2021-10-23 06:15:58.699004416,415.29196,0.0
2021-10-23,21.194624,106.01365,2021-10-23 06:15:58.844004608,416.09946,0.0
2021-10-23,21.265375,106.01905,2021-10-23 06:15:58.924994048,416.21628,0.0
2021-10-23,21.28933,106.02069,2021-10-23 06:15:58.951990272,415.51733,0.0
2021-10-23,21.337576,106.02391,2021-10-23 06:15:59.006023424,415.04987,0.0
2021-10-23,21.362116,106.025314,2021-10-23 06:15:59.033019904,414.94928,0.0
2021-10-23,21.178732,106.02781,2021-10-23 06:15:59.177014272,415.70694,0.0
2021-10-23,21.202244,106.02963,2021-10-23 06:15:59.204010752,415.9428,0.0
2021-10-23,21.273499,106.03484,2021-10-23 06:15:59.284999936,415.3369,0.0
2021-10-23,21.297556,106.03648,2021-10-23 06:15:59.311996416,414.63928,0.0
2021-10-23,21.321808,106.03803,2021-10-23 06:15:59.338992896,414.83615,0.0
2021-10-23,21.346178,106.03956,2021-10-23 06:15:59.365989120,415.27286,0.0
2021-10-23,21.185755,106.04376,2021-10-23 06:15:59.537020160,416.69257,0.0
2021-10-23,21.25697,106.04879,2021-10-23 06:15:59.618009600,416.68854,0.0
2021-10-23,21.30557,106.05166,2021-10-23 06:15:59.672002560,415.64676,0.0
2021-10-23,21.33002,106.05309,2021-10-23 06:15:59.698999040,415.05252,0.0
2021-10-23,21.146461,106.05538,2021-10-23 06:15:59.843999232,417.33725,0.0
2021-10-23,21.169836,106.05724,2021-10-23 06:15:59.870995456,415.82254,0.0
2021-10-23,21.289326,106.06541,2021-10-23 06:16:00.006018048,415.2134,0.0
2021-10-23,21.313765,106.06682,2021-10-23 06:16:00.033014272,415.697,0.0
2021-10-23,21.129894,106.06931,2021-10-23 06:16:00.177008896,416.35962,0.0
2021-10-23,21.153347,106.07113,2021-10-23 06:16:00.204005120,417.00604,0.0
2021-10-23,21.176981,106.07286,2021-10-23 06:16:00.231001600,415.73544,0.0
2021-10-23,21.248928,106.07758,2021-10-23 06:16:00.311991040,415.3675,0.0
2021-10-23,21.273256,106.07901,2021-10-23 06:16:00.338987264,415.25323,0.0
2021-10-23,21.297731,106.0804,2021-10-23 06:16:00.366023936,415.63525,0.0
2021-10-23,21.11361,106.08322,2021-10-23 06:16:00.510018304,416.82602,0.0
2021-10-23,21.13706,106.085075,2021-10-23 06:16:00.537015040,416.31668,0.0
2021-10-23,21.16062,106.086914,2021-10-23 06:16:00.564011264,416.69666,0.0
2021-10-23,21.25673,106.093376,2021-10-23 06:16:00.671997184,415.57657,0.0
2021-10-23,21.281172,106.09482,2021-10-23 06:16:00.698993408,415.5415,0.0
2021-10-23,21.240688,106.10714,2021-10-23 06:16:01.006012416,416.00558,0.0
2021-10-23,21.265078,106.10866,2021-10-23 06:16:01.033009152,416.2125,0.0
2021-10-23,21.17598,106.11838,2021-10-23 06:16:01.284989184,417.26978,0.0
2021-10-23,21.200047,106.12004,2021-10-23 06:16:01.312025856,415.43185,0.0
2021-10-23,21.248821,106.123055,2021-10-23 06:16:01.366018816,415.8751,0.0
2021-10-23,21.065289,106.12523,2021-10-23 06:16:01.510013184,417.22058,0.0
2021-10-23,21.112442,106.128716,2021-10-23 06:16:01.564005888,417.46545,0.0
2021-10-23,21.160309,106.13192,2021-10-23 06:16:01.617998848,416.38443,0.0
2021-10-23,21.072754,106.14087,2021-10-23 06:16:01.871025152,416.69412,0.0
2021-10-23,21.096298,106.14268,2021-10-23 06:16:01.898021376,417.06668,0.0
2021-10-23,21.143946,106.14603,2021-10-23 06:16:01.952014080,416.44016,0.0
2021-10-23,21.19224,106.14915,2021-10-23 06:16:02.006007296,416.40204,0.0
2021-10-23,21.12746,106.159805,2021-10-23 06:16:02.285024000,416.35394,0.0
2021-10-23,21.151527,106.16138,2021-10-23 06:16:02.312020224,416.3026,0.0
2021-10-23,21.016384,106.16658,2021-10-23 06:16:02.510007552,417.20667,0.0
2021-10-23,21.039824,106.16841,2021-10-23 06:16:02.537004032,416.16656,0.0
2021-10-27,21.640924,105.21062,2021-10-27 04:42:11.495006208,412.82965,0.0
2021-10-27,21.642275,105.230156,2021-10-27 04:42:11.522002688,414.44043,0.0
2021-10-27,21.643692,105.249695,2021-10-27 04:42:11.548999424,414.77457,0.0
2021-10-27,21.646826,105.28871,2021-10-27 04:42:11.602992128,414.56052,0.0
2021-10-27,21.648369,105.30836,2021-10-27 04:42:11.629988608,415.69977,0.0
2021-10-27,21.62314,105.18682,2021-10-27 04:42:11.774023168,413.38995,0.0
2021-10-27,21.624449,105.206314,2021-10-27 04:42:11.801019648,414.01785,0.0
2021-10-27,21.625656,105.22578,2021-10-27 04:42:11.828016128,414.8284,0.0
2021-10-27,21.628437,105.26459,2021-10-27 04:42:11.882009088,415.00348,0.0
2021-10-27,21.608286,105.220345,2021-10-27 04:42:12.134994944,414.51395,0.0
2021-10-27,21.321815,105.531456,2021-10-27 04:42:18.215992064,417.44897,0.0
2021-10-27,21.676508,105.31755,2021-10-27 04:42:33.468011264,414.78485,0.0
2021-10-27,21.68237,105.33327,2021-10-27 04:42:33.495007744,414.9895,0.0
2021-10-27,21.688393,105.34886,2021-10-27 04:42:33.522004224,414.1167,0.0
2021-10-27,21.69453,105.364365,2021-10-27 04:42:33.549000704,414.49045,0.0
2021-10-27,21.70075,105.3798,2021-10-27 04:42:33.575997184,415.58466,0.0
2021-10-27,21.706923,105.3953,2021-10-27 04:42:33.602993408,415.2325,0.0
2021-10-27,21.713127,105.41075,2021-10-27 04:42:33.629989888,414.84998,0.0
2021-10-27,21.654383,105.31709,2021-10-27 04:42:33.774024448,414.22256,0.0
2021-10-27,21.66651,105.34803,2021-10-27 04:42:33.828017408,414.31146,0.0
2021-10-27,21.672737,105.36335,2021-10-27 04:42:33.855013888,414.74304,0.0
2021-10-27,21.678848,105.37881,2021-10-27 04:42:33.882010112,414.48306,0.0
2021-10-27,21.68505,105.39419,2021-10-27 04:42:33.909006592,414.75613,0.0
2021-10-27,21.691288,105.40955,2021-10-27 04:42:33.936003328,414.59262,0.0
2021-10-27,21.697544,105.42492,2021-10-27 04:42:33.962999552,414.14142,0.0
2021-10-27,21.638933,105.330956,2021-10-27 04:42:34.107999744,414.05276,0.0
2021-10-27,21.644897,105.34645,2021-10-27 04:42:34.134996224,414.98917,0.0
2021-10-27,21.650663,105.362144,2021-10-27 04:42:34.161992448,413.95605,0.0
2021-10-27,21.656729,105.377594,2021-10-27 04:42:34.188989184,415.0909,0.0
2021-10-27,21.662886,105.39297,2021-10-27 04:42:34.216025856,415.21906,0.0
2021-10-27,21.669004,105.40839,2021-10-27 04:42:34.243022080,415.2554,0.0
2021-10-27,21.675291,105.423645,2021-10-27 04:42:34.270018560,415.78867,0.0
2021-10-27,21.681536,105.43896,2021-10-27 04:42:34.297015296,415.47098,0.0
2021-10-27,21.634676,105.37602,2021-10-27 04:42:34.495002368,414.5151,0.0
2021-10-27,21.64063,105.39154,2021-10-27 04:42:34.521998848,414.44904,0.0
2021-10-27,21.646648,105.40701,2021-10-27 04:42:34.548995328,414.5798,0.0
2021-10-27,21.652842,105.42233,2021-10-27 04:42:34.575991552,415.43597,0.0
2021-10-27,21.659052,105.43765,2021-10-27 04:42:34.602988032,414.57492,0.0
2021-10-27,21.665232,105.45305,2021-10-27 04:42:34.630024704,414.32916,0.0
2021-10-27,21.602201,105.40426,2021-10-27 04:42:35.161987328,414.85214,0.0
2021-10-27,21.608265,105.41969,2021-10-27 04:42:35.189024000,414.4738,0.0
2021-10-27,21.32169,105.6273,2021-10-27 04:42:40.801023232,418.19028,0.0
2021-10-27,22.494268,104.86427,2021-10-27 04:43:00.603008000,412.67285,0.0
2021-10-27,22.509958,104.87237,2021-10-27 04:43:00.630004480,413.2058,0.0
2021-10-27,22.38455,104.82983,2021-10-27 04:43:00.773998848,408.74973,0.0
2021-10-27,22.400246,104.837776,2021-10-27 04:43:00.800995328,412.6769,0.0
2021-10-27,22.399536,104.86011,2021-10-27 04:43:01.162007040,413.26624,0.0
2021-10-27,22.383724,104.87427,2021-10-27 04:43:01.495016704,412.91006,0.0
2021-10-27,22.39914,104.8825,2021-10-27 04:43:01.522013184,413.11768,0.0
2021-10-27,22.445583,104.92899,2021-10-27 04:43:01.963008768,411.8608,0.0
2021-10-27,22.397772,104.949356,2021-10-27 04:43:02.602996992,412.49652,0.0
2021-10-27,21.96547,105.19792,2021-10-27 04:43:09.441020672,415.05252,0.0
2021-10-27,22.043072,105.26041,2021-10-27 04:43:09.936008960,409.9021,0.0
2021-10-27,21.803293,105.33942,2021-10-27 04:43:12.774014208,413.6258,0.0
2021-10-27,21.819117,105.347275,2021-10-27 04:43:12.801010688,412.99106,0.0
2021-10-27,21.835032,105.35509,2021-10-27 04:43:12.828006912,413.1664,0.0
2021-10-27,21.850618,105.36319,2021-10-27 04:43:12.855003392,406.51462,0.0
2021-10-27,21.802963,105.36122,2021-10-27 04:43:13.135025920,414.3581,0.0
2021-10-27,21.81898,105.368935,2021-10-27 04:43:13.162022656,413.5844,0.0
2021-10-27,21.864794,105.39397,2021-10-27 04:43:13.243011840,412.56723,0.0
2021-10-27,21.881227,105.40151,2021-10-27 04:43:13.270008320,412.94666,0.0
2021-10-27,21.771685,105.36682,2021-10-27 04:43:13.440998912,413.2443,0.0
2021-10-27,21.787079,105.37502,2021-10-27 04:43:13.467995648,413.26337,0.0
2021-10-27,21.802834,105.382965,2021-10-27 04:43:13.494992128,413.7857,0.0
2021-10-27,21.818316,105.39114,2021-10-27 04:43:13.521988352,414.1764,0.0
2021-10-27,21.833519,105.39955,2021-10-27 04:43:13.549025024,413.84927,0.0
2021-10-27,21.848982,105.40778,2021-10-27 04:43:13.576021504,413.7254,0.0
2021-10-27,21.864616,105.41591,2021-10-27 04:43:13.603017728,413.47604,0.0
2021-10-27,21.880535,105.42385,2021-10-27 04:43:13.630014464,414.20685,0.0
2021-10-27,21.77098,105.38904,2021-10-27 04:43:13.801005056,413.93204,0.0
2021-10-27,21.786325,105.39732,2021-10-27 04:43:13.828001536,413.981,0.0
2021-10-27,21.801676,105.405624,2021-10-27 04:43:13.854998016,413.51868,0.0
2021-10-27,21.817207,105.41381,2021-10-27 04:43:13.881994496,414.1632,0.0
2021-10-27,21.833275,105.421616,2021-10-27 04:43:13.908990976,412.68396,0.0
2021-10-27,21.848907,105.42977,2021-10-27 04:43:13.935987456,413.10458,0.0
2021-10-27,21.864979,105.43764,2021-10-27 04:43:13.963024128,414.4597,0.0
2021-10-27,21.75529,105.402916,2021-10-27 04:43:14.135020800,414.29904,0.0
2021-10-27,21.770735,105.41111,2021-10-27 04:43:14.162017024,414.2882,0.0
2021-10-27,21.786371,105.419174,2021-10-27 04:43:14.189013504,413.98865,0.0
2021-10-27,21.801954,105.4273,2021-10-27 04:43:14.216009984,414.3023,0.0
2021-10-27,21.817598,105.43541,2021-10-27 04:43:14.243006464,413.84622,0.0
2021-10-27,21.833035,105.44369,2021-10-27 04:43:14.270002944,413.3735,0.0
2021-10-27,21.84887,105.4517,2021-10-27 04:43:14.296999168,413.38644,0.0
2021-10-27,21.753939,105.44719,2021-10-27 04:43:14.854992640,413.70413,0.0
2021-10-27,21.769278,105.455505,2021-10-27 04:43:14.881989120,413.39133,0.0
2021-10-27,21.78504,105.46352,2021-10-27 04:43:14.909025792,413.2703,0.0
2021-10-27,21.69083,105.437164,2021-10-27 04:43:15.108018944,414.64008,0.0
2021-10-27,21.706566,105.44509,2021-10-27 04:43:15.135015168,414.46088,0.0
2021-10-27,21.721935,105.45334,2021-10-27 04:43:15.162011648,413.61697,0.0
2021-10-27,21.737574,105.461395,2021-10-27 04:43:15.189008128,413.69235,0.0
2021-10-27,21.675093,105.45106,2021-10-27 04:43:15.440988416,413.67673,0.0
2021-10-27,21.69042,105.45931,2021-10-27 04:43:15.468025088,414.69913,0.0
2021-10-27,21.705793,105.46755,2021-10-27 04:43:15.495021312,414.24326,0.0
2021-10-27,21.72141,105.475624,2021-10-27 04:43:15.522017792,414.1495,0.0
2021-10-27,21.73704,105.48372,2021-10-27 04:43:15.549014016,414.5268,0.0
2021-10-27,21.751945,105.49236,2021-10-27 04:43:15.576010752,415.16913,0.0
2021-10-27,21.67412,105.47328,2021-10-27 04:43:15.800994304,413.95624,0.0
2021-10-27,21.689182,105.48176,2021-10-27 04:43:15.827990784,414.3179,0.0
2021-10-27,21.705221,105.48951,2021-10-27 04:43:15.854987264,414.2935,0.0
2021-10-27,21.720325,105.49799,2021-10-27 04:43:15.882023936,414.66556,0.0
2021-10-27,21.75045,105.51505,2021-10-27 04:43:15.936016896,415.32916,0.0
2021-10-27,21.673325,105.49557,2021-10-27 04:43:16.162006272,414.85773,0.0
2021-10-27,21.68918,105.50346,2021-10-27 04:43:16.189002752,414.51306,0.0
2021-10-27,21.704824,105.51155,2021-10-27 04:43:16.215999232,415.37595,0.0
2021-10-27,21.673098,105.51758,2021-10-27 04:43:16.522012160,414.36044,0.0
2021-10-27,21.688812,105.52562,2021-10-27 04:43:16.549008896,414.62704,0.0
2021-10-27,21.704252,105.53389,2021-10-27 04:43:16.576005120,414.04202,0.0
2021-10-27,21.719685,105.54218,2021-10-27 04:43:16.603001600,413.92163,0.0
2021-10-27,21.735865,105.54994,2021-10-27 04:43:16.629998080,412.604,0.0
2021-10-27,21.656763,105.531746,2021-10-27 04:43:16.855022080,414.6271,0.0
2021-10-27,21.672573,105.539696,2021-10-27 04:43:16.882018560,414.43878,0.0
2021-10-27,21.688276,105.547745,2021-10-27 04:43:16.909015040,413.29874,0.0
2021-10-27,21.703934,105.555855,2021-10-27 04:43:16.936011264,413.61246,0.0
2021-10-27,21.719711,105.563896,2021-10-27 04:43:16.963007744,413.81827,0.0
2021-10-27,21.625051,105.53765,2021-10-27 04:43:17.162000896,414.2019,0.0
2021-10-27,21.640526,105.54585,2021-10-27 04:43:17.188997376,414.347,0.0
2021-10-27,21.656334,105.55382,2021-10-27 04:43:17.215993600,414.1745,0.0
2021-10-27,21.671991,105.56191,2021-10-27 04:43:17.242990080,413.81293,0.0
2021-10-27,21.68787,105.56987,2021-10-27 04:43:17.270026752,413.3522,0.0
2021-10-27,21.703598,105.577965,2021-10-27 04:43:17.297023232,413.98444,0.0
2021-10-27,21.624205,105.55998,2021-10-27 04:43:17.522007040,414.2687,0.0
2021-10-27,21.64023,105.56777,2021-10-27 04:43:17.549003264,414.16248,0.0
2021-10-27,21.65592,105.575836,2021-10-27 04:43:17.575999744,413.80875,0.0
2021-10-27,21.67173,105.58385,2021-10-27 04:43:17.602996224,413.77527,0.0
2021-10-27,21.687428,105.59196,2021-10-27 04:43:17.629992704,412.72028,0.0
2021-10-27,21.607592,105.57429,2021-10-27 04:43:17.855016704,414.73505,0.0
2021-10-27,21.623854,105.581894,2021-10-27 04:43:17.882013184,414.50958,0.0
2021-10-27,21.639648,105.58988,2021-10-27 04:43:17.909009408,413.311,0.0
2021-10-27,21.655472,105.59788,2021-10-27 04:43:17.936005888,413.67972,0.0
2021-10-27,21.671278,105.60591,2021-10-27 04:43:17.963002112,413.969,0.0
2021-10-27,21.592188,105.58768,2021-10-27 04:43:18.188991744,413.12592,0.0
2021-10-27,21.607758,105.59581,2021-10-27 04:43:18.215988224,413.7066,0.0
2021-10-27,21.623526,105.60382,2021-10-27 04:43:18.243024896,413.3294,0.0
2021-10-27,21.639265,105.61188,2021-10-27 04:43:18.270021376,414.1663,0.0
2021-10-27,21.655087,105.619896,2021-10-27 04:43:18.297017856,414.10367,0.0
2021-10-27,21.575958,105.601685,2021-10-27 04:43:18.522001408,414.48218,0.0
2021-10-27,21.591593,105.609764,2021-10-27 04:43:18.548997888,414.92953,0.0
2021-10-27,21.607388,105.61776,2021-10-27 04:43:18.575994368,413.68582,0.0
2021-10-27,21.623127,105.62582,2021-10-27 04:43:18.602990848,413.7418,0.0
2021-10-27,21.638935,105.63386,2021-10-27 04:43:18.629987328,414.39377,0.0
2021-10-27,21.559847,105.61564,2021-10-27 04:43:18.855011328,414.49252,0.0
2021-10-27,21.575428,105.623764,2021-10-27 04:43:18.882007552,414.2817,0.0
2021-10-27,21.591307,105.6317,2021-10-27 04:43:18.909004032,413.90533,0.0
2021-10-27,21.60698,105.63982,2021-10-27 04:43:18.936000256,414.3052,0.0
2021-10-27,21.559538,105.63774,2021-10-27 04:43:19.216023040,414.34763,0.0
2021-10-27,21.5752,105.64584,2021-10-27 04:43:19.243019520,414.95538,0.0
2021-10-27,21.511318,105.65765,2021-10-27 04:43:19.855005696,414.8677,0.0
2021-10-27,21.527046,105.66567,2021-10-27 04:43:19.882002176,413.83862,0.0
2021-10-27,21.541714,105.67449,2021-10-27 04:43:19.908998400,414.45584,0.0
2021-10-27,21.479296,105.66389,2021-10-27 04:43:20.162024704,414.14276,0.0
2021-10-27,21.495152,105.67181,2021-10-27 04:43:20.189021184,414.19827,0.0
2021-10-27,21.510923,105.67981,2021-10-27 04:43:20.216017664,414.21246,0.0
2021-10-27,21.526527,105.68794,2021-10-27 04:43:20.243014144,416.0839,0.0
2021-10-27,21.478695,105.68602,2021-10-27 04:43:20.521990656,415.2084,0.0
2021-10-27,21.494701,105.69383,2021-10-27 04:43:20.548987136,414.6527,0.0
2021-10-27,21.510454,105.701866,2021-10-27 04:43:20.576023808,413.962,0.0
2021-10-27,21.47849,105.707664,2021-10-27 04:43:20.881996544,414.39716,0.0
2021-10-27,21.49397,105.7159,2021-10-27 04:43:20.908993280,413.9387,0.0
2021-10-27,21.509747,105.72393,2021-10-27 04:43:20.935989504,415.19705,0.0
2021-10-27,21.525545,105.73197,2021-10-27 04:43:20.963026176,415.12155,0.0
2021-10-27,21.400446,105.68896,2021-10-27 04:43:21.108026624,414.28345,0.0
2021-10-27,21.415491,105.69745,2021-10-27 04:43:21.135022848,414.62534,0.0
2021-10-27,21.430637,105.70588,2021-10-27 04:43:21.162019328,415.06894,0.0
2021-10-27,21.462168,105.721855,2021-10-27 04:43:21.216012288,414.7136,0.0
2021-10-27,21.478045,105.729805,2021-10-27 04:43:21.243008512,415.66608,0.0
2021-10-27,21.493826,105.737854,2021-10-27 04:43:21.270005248,415.115,0.0
2021-10-27,21.509438,105.74604,2021-10-27 04:43:21.297001728,415.8614,0.0
2021-10-27,21.413477,105.72071,2021-10-27 04:43:21.494988800,416.64966,0.0
2021-10-27,21.446068,105.73586,2021-10-27 04:43:21.549021952,416.089,0.0
2021-10-27,21.461885,105.74384,2021-10-27 04:43:21.576018432,414.3892,0.0
2021-10-27,21.477646,105.751884,2021-10-27 04:43:21.603014656,415.56293,0.0
2021-10-27,21.42926,105.75012,2021-10-27 04:43:21.881991424,415.475,0.0
2021-10-27,21.445724,105.75763,2021-10-27 04:43:21.908987648,415.32376,0.0
2021-10-27,21.461487,105.76567,2021-10-27 04:43:21.936024320,415.50693,0.0
2021-10-27,21.476913,105.77399,2021-10-27 04:43:21.963020800,416.38998,0.0
2021-10-27,21.429632,105.771645,2021-10-27 04:43:22.243003392,415.75522,0.0
2021-10-27,21.44533,105.77975,2021-10-27 04:43:22.269999616,415.935,0.0
2021-10-27,21.690216,105.61076,2021-10-27 04:43:35.801006592,414.2171,0.0
2021-10-27,21.71206,105.61437,2021-10-27 04:43:35.828002816,413.95325,0.0
2021-10-27,21.734615,105.6175,2021-10-27 04:43:35.854999552,413.7459,0.0
2021-10-27,21.757181,105.62068,2021-10-27 04:43:35.881996032,414.08386,0.0
2021-10-27,21.77979,105.6239,2021-10-27 04:43:35.908992256,414.61285,0.0
2021-10-27,21.802725,105.62694,2021-10-27 04:43:35.935988736,414.41418,0.0
2021-10-27,21.825708,105.630005,2021-10-27 04:43:35.963025408,413.68524,0.0
2021-10-27,21.657356,105.63893,2021-10-27 04:43:36.467991296,414.16495,0.0
2021-10-27,21.679533,105.642265,2021-10-27 04:43:36.494988032,414.2748,0.0
2021-10-27,21.723316,105.64953,2021-10-27 04:43:36.549020928,414.80936,0.0
2021-10-27,21.747362,105.65168,2021-10-27 04:43:36.576017408,413.4895,0.0
2021-10-27,21.770742,105.65438,2021-10-27 04:43:36.603013888,414.10614,0.0
2021-10-27,21.793638,105.6575,2021-10-27 04:43:36.630010368,413.45874,0.0
2021-10-27,21.61956,105.64899,2021-10-27 04:43:36.774004736,414.60916,0.0
2021-10-27,21.641407,105.65253,2021-10-27 04:43:36.801000960,413.99484,0.0
2021-10-27,21.663849,105.655685,2021-10-27 04:43:36.827997696,414.21765,0.0
2021-10-27,21.707787,105.66287,2021-10-27 04:43:36.881990400,414.96896,0.0
2021-10-27,21.73072,105.66585,2021-10-27 04:43:36.909027072,413.4847,0.0
2021-10-27,21.754057,105.6686,2021-10-27 04:43:36.936023552,413.2952,0.0
2021-10-27,21.777393,105.67142,2021-10-27 04:43:36.963019776,413.8582,0.0
2021-10-27,21.62408,105.66747,2021-10-27 04:43:37.135016704,414.81415,0.0
2021-10-27,21.669535,105.67348,2021-10-27 04:43:37.189009408,416.0592,0.0
2021-10-27,21.691286,105.67728,2021-10-27 04:43:37.216005888,415.34204,0.0
2021-10-27,21.737968,105.68271,2021-10-27 04:43:37.269998848,413.2187,0.0
2021-10-27,21.761328,105.68552,2021-10-27 04:43:37.296995072,413.59442,0.0
2021-10-27,21.608261,105.68123,2021-10-27 04:43:37.467986176,416.43338,0.0
2021-10-27,21.63095,105.68421,2021-10-27 04:43:37.495022848,414.16473,0.0
2021-10-27,21.65367,105.68724,2021-10-27 04:43:37.522019072,414.17746,0.0
2021-10-27,21.676418,105.69031,2021-10-27 04:43:37.549015552,414.6,0.0
2021-10-27,21.698809,105.693695,2021-10-27 04:43:37.576012032,413.5444,0.0
2021-10-27,21.72226,105.69637,2021-10-27 04:43:37.603008512,414.08008,0.0
2021-10-27,21.745237,105.699486,2021-10-27 04:43:37.630004992,413.937,0.0
2021-10-27,21.614164,105.698814,2021-10-27 04:43:37.827992320,414.04202,0.0
2021-10-27,21.637316,105.701515,2021-10-27 04:43:37.854988544,414.89407,0.0
2021-10-27,21.66012,105.704544,2021-10-27 04:43:37.882025216,414.9864,0.0
2021-10-27,21.682913,105.70764,2021-10-27 04:43:37.909021696,413.20334,0.0
2021-10-27,21.705818,105.71072,2021-10-27 04:43:37.936017920,413.36008,0.0
2021-10-27,21.728895,105.71373,2021-10-27 04:43:37.963014656,413.7598,0.0
2021-10-27,21.598618,105.71262,2021-10-27 04:43:38.162007552,414.52094,0.0
2021-10-27,21.621065,105.7159,2021-10-27 04:43:38.189004032,414.7044,0.0
2021-10-27,21.6443,105.718636,2021-10-27 04:43:38.216000512,414.1776,0.0
2021-10-27,21.667398,105.721535,2021-10-27 04:43:38.242996992,413.44675,0.0
2021-10-27,21.690279,105.72465,2021-10-27 04:43:38.269993216,413.8447,0.0
2021-10-27,21.713202,105.7278,2021-10-27 04:43:38.296989952,413.72696,0.0
2021-10-27,21.628206,105.7327,2021-10-27 04:43:38.549010176,414.92874,0.0
2021-10-27,21.65086,105.7359,2021-10-27 04:43:38.576006656,413.96326,0.0
2021-10-27,21.697025,105.74182,2021-10-27 04:43:38.629999360,413.53464,0.0
2021-10-27,21.52221,105.7336,2021-10-27 04:43:38.773993984,416.3648,0.0
2021-10-27,21.56679,105.74005,2021-10-27 04:43:38.827986688,414.85718,0.0
2021-10-27,21.589195,105.7433,2021-10-27 04:43:38.855023360,414.83548,0.0
2021-10-27,21.611732,105.746506,2021-10-27 04:43:38.882019840,415.35458,0.0
2021-10-27,21.634657,105.74949,2021-10-27 04:43:38.909016064,414.35812,0.0
2021-10-27,21.657583,105.75253,2021-10-27 04:43:38.936012800,414.61746,0.0
2021-10-27,21.680681,105.75552,2021-10-27 04:43:38.963009024,413.64514,0.0
2021-10-27,21.488632,105.76258,2021-10-27 04:43:39.441019136,415.4002,0.0
2021-10-27,21.512093,105.76493,2021-10-27 04:43:39.468015360,416.36008,0.0
2021-10-27,21.534521,105.76812,2021-10-27 04:43:39.495011840,415.14227,0.0
2021-10-27,21.556921,105.77139,2021-10-27 04:43:39.522008320,415.22186,0.0
2021-10-27,21.579605,105.77452,2021-10-27 04:43:39.549004800,415.243,0.0
2021-10-27,21.602413,105.77761,2021-10-27 04:43:39.576001280,415.21808,0.0
2021-10-27,21.495514,105.77887,2021-10-27 04:43:39.801025280,415.75027,0.0
2021-10-27,21.518177,105.781906,2021-10-27 04:43:39.828021504,415.63318,0.0
2021-10-27,21.54068,105.785126,2021-10-27 04:43:39.855017984,415.61746,0.0
2021-10-27,21.56325,105.78836,2021-10-27 04:43:39.882014208,415.43332,0.0
2021-10-27,21.58612,105.79143,2021-10-27 04:43:39.909010944,415.45734,0.0
2021-10-27,21.609093,105.794495,2021-10-27 04:43:39.936007168,415.30438,0.0
2021-10-27,21.632193,105.79752,2021-10-27 04:43:39.963003648,414.67383,0.0
2021-10-27,21.547197,105.802475,2021-10-27 04:43:40.215989504,416.09262,0.0
2021-10-27,21.569942,105.805595,2021-10-27 04:43:40.243026176,415.35535,0.0
2021-10-27,21.59295,105.80859,2021-10-27 04:43:40.270022912,415.62592,0.0
2021-10-27,21.616049,105.811584,2021-10-27 04:43:40.297019136,415.18826,0.0
2021-10-27,21.48588,105.809845,2021-10-27 04:43:40.495006464,415.75122,0.0
2021-10-27,21.508364,105.813034,2021-10-27 04:43:40.522002944,415.4347,0.0
2021-10-27,21.53089,105.81626,2021-10-27 04:43:40.548999424,415.17844,0.0
2021-10-27,21.553646,105.819374,2021-10-27 04:43:40.575995648,414.1513,0.0
2021-10-27,21.576588,105.822426,2021-10-27 04:43:40.602992128,414.51486,0.0
2021-10-27,21.599768,105.82543,2021-10-27 04:43:40.629988608,414.77774,0.0
2021-10-27,21.492235,105.82722,2021-10-27 04:43:40.855012352,416.4317,0.0
2021-10-27,21.51485,105.8304,2021-10-27 04:43:40.882009088,414.91293,0.0
2021-10-27,21.53763,105.83352,2021-10-27 04:43:40.909005312,415.2852,0.0
2021-10-27,21.560537,105.83662,2021-10-27 04:43:40.936001792,414.10165,0.0
2021-10-27,21.583656,105.839615,2021-10-27 04:43:40.962998272,413.4303,0.0
2021-10-27,21.498425,105.844215,2021-10-27 04:43:41.216024320,416.6424,0.0
2021-10-27,21.551256,105.86756,2021-10-27 04:43:41.630023424,413.7475,0.0
2021-10-27,21.511942,105.87851,2021-10-27 04:43:41.935996416,414.16516,0.0
2021-10-27,21.535131,105.88147,2021-10-27 04:43:41.962992896,414.20435,0.0
2021-11-03,11.039325,106.32562,2021-11-03 02:26:45.740006144,414.95068,0.0
2021-11-03,10.982674,106.31104,2021-11-03 02:26:46.993027072,416.09103,0.0
2021-11-03,10.979202,106.332596,2021-11-03 02:26:47.020023296,416.02695,0.0
2021-11-03,10.9492235,106.33614,2021-11-03 02:26:47.659006208,416.1082,0.0
2021-11-03,10.94572,106.35771,2021-11-03 02:26:47.686002432,415.97296,0.0
2021-11-03,10.932482,106.3487,2021-11-03 02:26:47.993021440,416.26453,0.0
2021-11-03,10.925545,106.39187,2021-11-03 02:26:48.047014400,416.1015,0.0
2021-11-03,10.912263,106.38281,2021-11-03 02:26:48.353027840,415.6601,0.0
2021-11-03,11.407149,106.218124,2021-11-03 02:27:01.766996480,415.19724,0.0
2021-11-03,11.365058,106.18881,2021-11-03 02:27:02.352992000,416.21924,0.0
2021-11-03,11.353748,106.23647,2021-11-03 02:27:02.739994624,414.9303,0.0
2021-11-03,11.320344,106.26176,2021-11-03 02:27:03.407019520,414.47018,0.0
2021-11-03,11.298169,106.23942,2021-11-03 02:27:03.685996288,414.5395,0.0
2021-11-03,11.306441,106.291916,2021-11-03 02:27:03.767025664,413.65817,0.0
2021-11-03,11.289714,106.30448,2021-11-03 02:27:04.101000960,414.0875,0.0
2021-11-03,11.270195,106.29957,2021-11-03 02:27:04.407014400,413.72153,0.0
2021-11-03,11.247993,106.27712,2021-11-03 02:27:04.685990912,414.50494,0.0
2021-11-03,11.223326,106.23707,2021-11-03 02:27:04.939016960,414.5943,0.0
2021-11-03,11.231268,106.28969,2021-11-03 02:27:05.020006144,414.0092,0.0
2021-11-03,11.204025,106.23206,2021-11-03 02:27:05.244989952,415.09018,0.0
2021-11-03,11.209197,106.26719,2021-11-03 02:27:05.299023104,414.5183,0.0
2021-11-03,11.137105,106.28232,2021-11-03 02:27:06.577994240,414.93713,0.0
2021-11-03,11.136336,106.400055,2021-11-03 02:27:07.073988352,414.5628,0.0
2021-11-03,11.092112,106.35511,2021-11-03 02:27:07.632022016,413.852,0.0
2021-11-03,11.078019,106.3852,2021-11-03 02:27:07.992993536,414.62363,0.0
2021-11-03,11.055455,106.48028,2021-11-03 02:27:08.766998784,415.51456,0.0
2021-11-03,11.035863,106.47536,2021-11-03 02:27:09.074017792,416.46896,0.0
2021-11-03,11.038702,106.49282,2021-11-03 02:27:09.101014016,415.6733,0.0
2021-11-03,11.0058155,106.400314,2021-11-03 02:27:09.272005120,413.16284,0.0
2021-11-03,11.021977,106.50536,2021-11-03 02:27:09.434023936,415.25906,0.0
2021-11-03,10.99969,106.48295,2021-11-03 02:27:09.713000192,415.1599,0.0
2021-11-03,11.002446,106.500435,2021-11-03 02:27:09.739996928,415.35474,0.0
2021-11-03,10.980263,106.47799,2021-11-03 02:27:10.020019456,414.8369,0.0
2021-11-03,10.982952,106.49549,2021-11-03 02:27:10.047015936,414.09332,0.0
2021-11-03,10.985723,106.51297,2021-11-03 02:27:10.074012160,415.65607,0.0
2021-11-03,10.868497,106.60071,2021-11-03 02:27:12.407011072,413.24786,0.0
2021-11-03,11.400198,106.22549,2021-11-03 02:27:23.911997952,415.23315,0.0
2021-11-03,11.339814,106.29064,2021-11-03 02:27:25.271998720,414.90936,0.0
2021-11-03,11.312287,106.429665,2021-11-03 02:27:26.767021568,416.12512,0.0
2021-11-03,11.278772,106.45483,2021-11-03 02:27:27.434006784,415.48578,0.0
2021-11-03,11.255469,106.45263,2021-11-03 02:27:27.740019712,416.99216,0.0
2021-11-03,11.2620735,106.46732,2021-11-03 02:27:27.767016448,415.8766,0.0
2021-11-03,11.232112,106.45052,2021-11-03 02:27:28.046998784,415.41238,0.0
2021-11-03,11.195065,106.51754,2021-11-03 02:27:29.101026304,415.78793,0.0
2021-11-03,11.158594,106.485855,2021-11-03 02:27:29.353006336,415.4524,0.0
2021-11-03,11.171751,106.515366,2021-11-03 02:27:29.406999296,416.03394,0.0
2021-11-03,11.178309,106.53003,2021-11-03 02:27:29.433995776,415.87534,0.0
2021-11-03,11.122255,106.453865,2021-11-03 02:27:29.604986624,415.71988,0.0
2021-11-03,11.128782,106.46877,2021-11-03 02:27:29.632023296,416.6458,0.0
2021-11-03,11.141813,106.49841,2021-11-03 02:27:29.686016000,415.43628,0.0
2021-11-03,11.148411,106.51322,2021-11-03 02:27:29.713012736,415.74252,0.0
2021-11-03,11.161576,106.54266,2021-11-03 02:27:29.767005440,416.3654,0.0
2021-11-03,11.098983,106.45155,2021-11-03 02:27:29.912005632,415.2842,0.0
2021-11-03,11.105494,106.46649,2021-11-03 02:27:29.939002112,415.33124,0.0
2021-11-03,11.112024,106.48139,2021-11-03 02:27:29.965998592,415.9778,0.0
2021-11-03,11.118551,106.49623,2021-11-03 02:27:29.992995072,415.23245,0.0
2021-11-03,11.144836,106.55523,2021-11-03 02:27:30.101020928,415.62735,0.0
2021-11-03,11.082256,106.46409,2021-11-03 02:27:30.245015296,415.77252,0.0
2021-11-03,11.088741,106.47899,2021-11-03 02:27:30.272011776,415.88254,0.0
2021-11-03,11.09526,106.49386,2021-11-03 02:27:30.299008256,415.86444,0.0
2021-11-03,11.101798,106.5087,2021-11-03 02:27:30.326004480,415.69855,0.0
2021-11-03,11.065516,106.47655,2021-11-03 02:27:30.578024960,416.08463,0.0
2021-11-03,11.072013,106.49148,2021-11-03 02:27:30.605021440,415.7585,0.0
2021-11-03,11.01526,106.514145,2021-11-03 02:27:31.578019584,415.21786,0.0
2021-11-03,11.346973,106.43129,2021-11-03 02:27:59.245018880,415.4091,0.0
2021-11-03,11.403808,106.46519,2021-11-03 02:27:59.353004800,414.65698,0.0
2021-11-03,11.38712,106.47765,2021-11-03 02:27:59.686014464,415.55203,0.0
2021-11-03,11.415675,106.49447,2021-11-03 02:27:59.740007168,416.08838,0.0
2021-11-03,11.310914,106.47744,2021-11-03 02:28:00.272009728,415.0338,0.0
2021-11-03,11.339417,106.49426,2021-11-03 02:28:00.326002944,415.46307,0.0
2021-11-03,11.353666,106.50269,2021-11-03 02:28:00.352999168,415.987,0.0
2021-11-03,11.280068,106.48135,2021-11-03 02:28:00.578023168,415.8284,0.0
2021-11-03,11.305868,106.519424,2021-11-03 02:28:00.992987648,415.6044,0.0
2021-11-03,11.320125,106.52785,2021-11-03 02:28:01.020024320,415.3457,0.0
2021-11-03,11.317637,106.548805,2021-11-03 02:28:01.379990272,414.7096,0.0
2021-11-03,11.27235,106.54453,2021-11-03 02:28:01.659006976,416.06403,0.0
2021-11-03,11.31519,106.569725,2021-11-03 02:28:01.739996416,416.01025,0.0
2021-11-03,11.267364,106.58645,2021-11-03 02:28:02.380025088,413.853,0.0
2021-11-03,11.382643,106.62184,2021-11-03 02:28:22.353000704,414.91888,0.0
2021-11-03,11.391287,106.653694,2021-11-03 02:28:23.074018816,415.30316,0.0
2021-11-03,11.31565,106.67184,2021-11-03 02:28:23.686004992,414.71002,0.0
2021-11-03,11.102529,106.77421,2021-11-03 02:28:26.604999424,414.9821,0.0
2021-11-04,21.080824,105.39189,2021-11-04 01:37:57.400025856,419.6826,0.0
2021-11-04,21.056759,105.39193,2021-11-04 01:37:57.707004672,418.4199,0.0
2021-11-04,21.040585,105.40587,2021-11-04 01:37:58.040014336,419.86426,0.0
2021-11-04,21.00872,105.39196,2021-11-04 01:37:58.318990592,418.42126,0.0
2021-11-04,21.016548,105.40588,2021-11-04 01:37:58.346027264,418.66196,0.0
2021-11-04,21.000349,105.41981,2021-11-04 01:37:58.680002816,418.60327,0.0
2021-11-04,21.047888,105.503,2021-11-04 01:37:58.842021376,418.4295,0.0
2021-11-04,20.934536,105.60039,2021-11-04 01:38:01.175020288,417.59348,0.0
2021-11-04,20.910364,105.60047,2021-11-04 01:38:01.480993280,417.62036,0.0
2021-11-04,20.854671,105.54502,2021-11-04 01:38:01.680026624,417.63632,0.0
2021-11-04,20.89417,105.61437,2021-11-04 01:38:01.815008768,418.07214,0.0
2021-11-04,20.90215,105.62818,2021-11-04 01:38:01.842005248,417.82147,0.0
2021-11-04,20.838484,105.55892,2021-11-04 01:38:02.012996096,417.06134,0.0
2021-11-04,20.877977,105.628265,2021-11-04 01:38:02.148018432,417.82642,0.0
2021-11-04,20.885956,105.642075,2021-11-04 01:38:02.175014912,416.45166,0.0
2021-11-04,20.86976,105.65597,2021-11-04 01:38:02.508024576,417.3637,0.0
2021-11-04,20.837355,105.68374,2021-11-04 01:38:03.175009536,417.53036,0.0
2021-11-04,20.821144,105.69762,2021-11-04 01:38:03.508019200,417.47342,0.0
2021-11-04,20.789017,105.68386,2021-11-04 01:38:03.788001536,416.85208,0.0
2021-11-04,20.804932,105.71149,2021-11-04 01:38:03.841994240,416.40253,0.0
2021-11-04,20.74914,105.65614,2021-11-04 01:38:04.040022016,416.11902,0.0
2021-11-04,20.764889,105.68389,2021-11-04 01:38:04.094014720,416.38852,0.0
2021-11-04,20.780746,105.711555,2021-11-04 01:38:04.148007680,416.97937,0.0
2021-11-04,20.748674,105.69776,2021-11-04 01:38:04.427024384,416.81046,0.0
2021-11-04,20.75659,105.7116,2021-11-04 01:38:04.454020864,417.94394,0.0
2021-11-04,20.724573,105.69777,2021-11-04 01:38:04.734003200,417.68137,0.0
2021-11-04,20.73246,105.71163,2021-11-04 01:38:04.760999680,416.28607,0.0
2021-11-04,20.740374,105.72547,2021-11-04 01:38:04.787996160,416.9201,0.0
2021-11-04,20.748314,105.739296,2021-11-04 01:38:04.814992384,414.91785,0.0
2021-11-04,20.68485,105.66992,2021-11-04 01:38:04.986023680,416.91977,0.0
2021-11-04,20.700499,105.697754,2021-11-04 01:38:05.040016384,416.7717,0.0
2021-11-04,20.72416,105.739334,2021-11-04 01:38:05.121005824,415.75137,0.0
2021-11-04,20.732098,105.75316,2021-11-04 01:38:05.148002048,416.29193,0.0
2021-11-04,20.740063,105.76696,2021-11-04 01:38:05.174998784,415.51837,0.0
2021-11-04,20.700031,105.73936,2021-11-04 01:38:05.427019008,414.3182,0.0
2021-11-04,20.707943,105.7532,2021-11-04 01:38:05.454015488,416.11923,0.0
2021-11-04,20.71588,105.76702,2021-11-04 01:38:05.481011968,416.37476,0.0
2021-11-04,20.723845,105.78082,2021-11-04 01:38:05.508008192,417.15005,0.0
2021-11-04,20.652428,105.69765,2021-11-04 01:38:05.653008384,416.3289,0.0
2021-11-04,20.67593,105.73936,2021-11-04 01:38:05.733997824,416.44736,0.0
2021-11-04,20.683815,105.75321,2021-11-04 01:38:05.760994304,416.9335,0.0
2021-11-04,20.691725,105.76705,2021-11-04 01:38:05.787990528,417.06567,0.0
2021-11-04,20.707624,105.79468,2021-11-04 01:38:05.842023936,418.04453,0.0
2021-11-04,20.659714,105.753204,2021-11-04 01:38:06.067007488,417.58444,0.0
2021-11-04,20.667599,105.76707,2021-11-04 01:38:06.094003968,416.73972,0.0
2021-11-04,20.675507,105.78091,2021-11-04 01:38:06.121000192,417.094,0.0
2021-11-04,20.620014,105.725365,2021-11-04 01:38:06.318987520,416.66818,0.0
2021-11-04,20.627811,105.73928,2021-11-04 01:38:06.346024192,417.118,0.0
2021-11-04,20.635641,105.75318,2021-11-04 01:38:06.373020672,417.8365,0.0
2021-11-04,20.643497,105.76706,2021-11-04 01:38:06.400017152,417.08026,0.0
2021-11-04,20.65138,105.780914,2021-11-04 01:38:06.427013632,416.862,0.0
2021-11-04,20.659288,105.794754,2021-11-04 01:38:06.454010112,418.5887,0.0
2021-11-04,20.667223,105.80857,2021-11-04 01:38:06.481006336,417.66882,0.0
2021-11-04,20.675184,105.82237,2021-11-04 01:38:06.508002816,417.80554,0.0
2021-11-04,20.603815,105.73923,2021-11-04 01:38:06.653003264,416.81067,0.0
2021-11-04,20.611599,105.75313,2021-11-04 01:38:06.679999488,416.22504,0.0
2021-11-04,20.627281,105.78091,2021-11-04 01:38:06.733992448,417.74036,0.0
2021-11-04,20.635162,105.79476,2021-11-04 01:38:06.760988672,418.13712,0.0
2021-11-04,20.643068,105.8086,2021-11-04 01:38:06.788025344,416.71988,0.0
2021-11-04,20.651001,105.82242,2021-11-04 01:38:06.815022080,417.8863,0.0
2021-11-04,20.65896,105.83622,2021-11-04 01:38:06.842018304,417.85825,0.0
2021-11-04,20.587595,105.75307,2021-11-04 01:38:06.986012672,415.1855,0.0
2021-11-04,20.595379,105.766975,2021-11-04 01:38:07.013009152,417.03506,0.0
2021-11-04,20.603209,105.78087,2021-11-04 01:38:07.040005632,416.35593,0.0
2021-11-04,20.611063,105.79475,2021-11-04 01:38:07.067002112,416.944,0.0
2021-11-04,20.618942,105.80861,2021-11-04 01:38:07.093998336,416.7767,0.0
2021-11-04,20.626848,105.82244,2021-11-04 01:38:07.120995072,417.2354,0.0
2021-11-04,20.634779,105.83626,2021-11-04 01:38:07.147991296,417.72852,0.0
2021-11-04,20.642736,105.85006,2021-11-04 01:38:07.174987776,418.4479,0.0
2021-11-04,20.571373,105.76691,2021-11-04 01:38:07.319022336,416.02655,0.0
2021-11-04,20.594843,105.808586,2021-11-04 01:38:07.400011776,417.77896,0.0
2021-11-04,20.602722,105.82245,2021-11-04 01:38:07.427008256,417.0448,0.0
2021-11-04,20.610626,105.83628,2021-11-04 01:38:07.454004480,418.4886,0.0
2021-11-04,20.618557,105.8501,2021-11-04 01:38:07.481000960,417.66068,0.0
2021-11-04,20.626513,105.8639,2021-11-04 01:38:07.507997440,418.6751,0.0
2021-11-04,20.555151,105.78075,2021-11-04 01:38:07.652997632,417.25735,0.0
2021-11-04,20.57077,105.80855,2021-11-04 01:38:07.706990592,414.72092,0.0
2021-11-04,20.578623,105.822426,2021-11-04 01:38:07.734027264,417.55878,0.0
2021-11-04,20.5865,105.83628,2021-11-04 01:38:07.761023488,417.3622,0.0
2021-11-04,20.594402,105.85012,2021-11-04 01:38:07.788020224,418.71854,0.0
2021-11-04,20.602331,105.86394,2021-11-04 01:38:07.815016448,418.4405,0.0
2021-11-04,20.610287,105.87773,2021-11-04 01:38:07.842012928,419.5379,0.0
2021-11-04,20.538929,105.79458,2021-11-04 01:38:07.986007296,416.22287,0.0
2021-11-04,20.546724,105.808495,2021-11-04 01:38:08.013003776,416.1302,0.0
2021-11-04,20.55455,105.82239,2021-11-04 01:38:08.040000256,419.08762,0.0
2021-11-04,20.562399,105.836266,2021-11-04 01:38:08.066996480,417.42407,0.0
2021-11-04,20.570274,105.85012,2021-11-04 01:38:08.093993216,414.7253,0.0
2021-11-04,20.578176,105.86395,2021-11-04 01:38:08.120989440,418.1372,0.0
2021-11-04,20.586103,105.87777,2021-11-04 01:38:08.148026112,418.06744,0.0
2021-11-04,20.594057,105.89156,2021-11-04 01:38:08.175022592,420.0994,0.0
2021-11-04,20.522707,105.80842,2021-11-04 01:38:08.319016960,414.1223,0.0
2021-11-04,20.530506,105.82233,2021-11-04 01:38:08.346013440,417.8628,0.0
2021-11-04,20.538334,105.83622,2021-11-04 01:38:08.373009920,417.03766,0.0
2021-11-04,20.554047,105.86395,2021-11-04 01:38:08.427002624,415.2053,0.0
2021-11-04,20.561949,105.877785,2021-11-04 01:38:08.453999104,418.22665,0.0
2021-11-04,20.569874,105.8916,2021-11-04 01:38:08.480995584,418.25833,0.0
2021-11-04,20.577827,105.905396,2021-11-04 01:38:08.507992064,419.69193,0.0
2021-11-04,20.545717,105.89161,2021-11-04 01:38:08.788014592,419.29385,0.0
2021-11-04,20.553642,105.905426,2021-11-04 01:38:08.815011072,418.51358,0.0
2021-11-04,20.561594,105.91922,2021-11-04 01:38:08.842007552,418.63977,0.0
2021-11-04,20.521587,105.8916,2021-11-04 01:38:09.093987584,420.3679,0.0
2021-11-04,20.529486,105.90543,2021-11-04 01:38:09.121024256,419.61044,0.0
2021-11-04,20.537409,105.91925,2021-11-04 01:38:09.148020736,417.8748,0.0
2021-11-04,20.54536,105.933044,2021-11-04 01:38:09.175017216,417.06973,0.0
2021-11-04,20.497486,105.89158,2021-11-04 01:38:09.400000768,419.5344,0.0
2021-11-04,20.505356,105.905426,2021-11-04 01:38:09.426997248,419.00574,0.0
2021-11-04,20.521175,105.933075,2021-11-04 01:38:09.480990208,417.33487,0.0
2021-11-04,20.529125,105.94687,2021-11-04 01:38:09.508026880,417.1179,0.0
2021-11-04,20.457813,105.86373,2021-11-04 01:38:09.652986880,415.57928,0.0
2021-11-04,20.465609,105.87764,2021-11-04 01:38:09.680023552,418.5464,0.0
2021-11-04,20.47341,105.891525,2021-11-04 01:38:09.707019776,418.47742,0.0
2021-11-04,20.489124,105.91924,2021-11-04 01:38:09.761012736,418.53918,0.0
2021-11-04,20.50494,105.94689,2021-11-04 01:38:09.815005696,418.05347,0.0
2021-11-04,20.512888,105.960686,2021-11-04 01:38:09.842002176,417.39,0.0
2021-11-04,20.472893,105.93306,2021-11-04 01:38:10.094022400,417.9905,0.0
2021-11-04,20.480787,105.94689,2021-11-04 01:38:10.121018880,416.98947,0.0
2021-11-04,20.488707,105.9607,2021-11-04 01:38:10.148015360,417.1731,0.0
2021-11-04,20.496655,105.974495,2021-11-04 01:38:10.175011584,416.5111,0.0
2021-11-04,20.448793,105.93302,2021-11-04 01:38:10.399995392,417.71906,0.0
2021-11-04,20.45666,105.94687,2021-11-04 01:38:10.426991872,417.64285,0.0
2021-11-04,20.464554,105.9607,2021-11-04 01:38:10.453988352,416.8457,0.0
2021-11-04,20.472473,105.97451,2021-11-04 01:38:10.481025024,417.25223,0.0
2021-11-04,20.48042,105.988304,2021-11-04 01:38:10.508021248,417.8261,0.0
2021-11-04,20.440428,105.96068,2021-11-04 01:38:10.761007360,417.17374,0.0
2021-11-04,20.44832,105.97451,2021-11-04 01:38:10.788003840,416.98102,0.0
2021-11-04,20.456238,105.98832,2021-11-04 01:38:10.815000320,417.573,0.0
2021-11-04,20.464182,106.00211,2021-11-04 01:38:10.841996544,416.8821,0.0
2021-11-04,20.416327,105.96063,2021-11-04 01:38:11.067020544,418.65698,0.0
2021-11-04,20.42419,105.97449,2021-11-04 01:38:11.094017024,416.5704,0.0
2021-11-04,20.439999,106.00212,2021-11-04 01:38:11.148009728,413.41965,0.0
2021-11-04,20.44794,106.015915,2021-11-04 01:38:11.175006464,415.5951,0.0
2021-11-04,20.37665,105.93277,2021-11-04 01:38:11.319000832,417.2413,0.0
2021-11-04,20.384438,105.946686,2021-11-04 01:38:11.345997056,417.15375,0.0
2021-11-04,20.39225,105.96057,2021-11-04 01:38:11.372993536,416.4401,0.0
2021-11-04,20.40009,105.97444,2021-11-04 01:38:11.399990016,416.49203,0.0
2021-11-04,20.423756,106.01592,2021-11-04 01:38:11.481019392,413.13943,0.0
2021-11-04,20.383848,105.988235,2021-11-04 01:38:11.734005504,416.21255,0.0
2021-11-04,20.3996,106.015915,2021-11-04 01:38:11.787998464,413.74533,0.0
2021-11-04,20.391264,106.04352,2021-11-04 01:38:12.148004608,414.94797,0.0
2021-11-04,20.327932,105.974174,2021-11-04 01:38:12.318995200,413.36224,0.0
2021-11-04,20.335716,105.98808,2021-11-04 01:38:12.345991680,414.00766,0.0
2021-11-04,20.351358,106.01583,2021-11-04 01:38:12.400024832,415.40805,0.0
2021-11-04,20.31169,105.98797,2021-11-04 01:38:12.653010944,413.56943,0.0
2021-11-04,20.350454,106.09867,2021-11-04 01:38:13.174995456,413.17438,0.0
2021-11-04,20.334202,106.11246,2021-11-04 01:38:13.508005120,411.69263,0.0
2021-11-04,20.22199,106.084564,2021-11-04 01:38:14.679996416,413.8211,0.0
2021-11-04,20.245468,106.12615,2021-11-04 01:38:14.761025792,413.1225,0.0
2021-11-04,20.197966,106.084435,2021-11-04 01:38:14.986009600,414.31873,0.0
2021-11-04,20.21354,106.11222,2021-11-04 01:38:15.040002304,413.62616,0.0
2021-11-04,20.229214,106.139915,2021-11-04 01:38:15.093995264,414.97192,0.0
2021-11-04,20.237091,106.15374,2021-11-04 01:38:15.120991744,413.61072,0.0
2021-11-04,20.197287,106.125984,2021-11-04 01:38:15.373011968,413.40088,0.0
2021-11-04,20.220835,106.1675,2021-11-04 01:38:15.454001408,414.3623,0.0
2021-11-04,20.173237,106.12587,2021-11-04 01:38:15.679991040,412.19818,0.0
2021-11-04,20.204576,106.18127,2021-11-04 01:38:15.788016896,414.35437,0.0
2021-11-04,20.180445,106.181206,2021-11-04 01:38:16.093989888,415.4676,0.0
2021-11-04,20.172056,106.20878,2021-11-04 01:38:16.453996032,410.6391,0.0
2021-11-04,20.179953,106.22258,2021-11-04 01:38:16.480992256,412.23962,0.0
2021-11-04,20.187878,106.23636,2021-11-04 01:38:16.507988992,414.16766,0.0
2021-11-04,20.116701,106.15325,2021-11-04 01:38:16.652989184,410.40704,0.0
2021-11-04,20.147924,106.20872,2021-11-04 01:38:16.761015040,411.9858,0.0
2021-11-04,20.131664,106.222466,2021-11-04 01:38:17.094024704,416.04916,0.0
2021-11-04,20.139532,106.23628,2021-11-04 01:38:17.121021184,413.70813,0.0
2021-11-04,20.099745,106.20852,2021-11-04 01:38:17.373001216,413.6626,0.0
2021-11-04,20.107561,106.222374,2021-11-04 01:38:17.399997696,415.51102,0.0
2021-11-04,20.082872,106.26369,2021-11-04 01:38:18.094019328,415.95462,0.0
2021-11-07,11.154933,106.3088,2021-11-07 00:54:16.808003840,417.18573,0.0
2021-11-20,13.723734,109.13529,2021-11-20 08:51:12.458987008,414.92215,0.0
2021-11-20,13.735149,109.12453,2021-11-20 08:51:12.486023680,414.97614,0.0
2021-11-20,13.728895,109.15881,2021-11-20 08:51:12.765000192,416.14954,0.0
2021-11-20,13.740349,109.14807,2021-11-20 08:51:12.791996416,416.4545,0.0
2021-11-20,13.751769,109.1373,2021-11-20 08:51:12.818993152,415.86032,0.0
2021-11-20,13.745482,109.17159,2021-11-20 08:51:13.098009856,417.6689,0.0
2021-11-20,13.756944,109.16084,2021-11-20 08:51:13.125006080,414.8693,0.0
2021-11-20,13.768379,109.15006,2021-11-20 08:51:13.152002816,412.60437,0.0
2021-11-20,13.779784,109.13927,2021-11-20 08:51:13.178999296,414.0997,0.0
2021-11-20,13.773615,109.17357,2021-11-20 08:51:13.459021824,416.41788,0.0
2021-11-20,13.785045,109.162796,2021-11-20 08:51:13.486018304,416.7444,0.0
2021-11-20,13.790306,109.18625,2021-11-20 08:51:13.791991296,414.62637,0.0
2021-11-20,13.801716,109.1755,2021-11-20 08:51:13.818987520,414.82703,0.0
2021-11-20,13.807012,109.19895,2021-11-20 08:51:14.125000960,415.27316,0.0
2021-11-20,13.818433,109.18819,2021-11-20 08:51:14.151997440,414.8559,0.0
2021-11-22,21.719673,103.55256,2021-11-22 08:54:35.233022976,416.17508,0.0
2021-11-22,21.731432,103.54177,2021-11-22 08:54:35.260019200,415.07886,0.0
2021-11-22,21.747606,103.55582,2021-11-22 08:54:35.592988672,413.03003,0.0
2021-11-22,21.696827,103.65895,2021-11-22 08:54:36.070998784,419.03638,0.0
2021-11-22,21.72482,103.66237,2021-11-22 08:54:36.431004672,416.4373,0.0
2021-11-22,21.748621,103.64104,2021-11-22 08:54:36.484997632,417.24854,0.0
2021-11-22,21.72898,103.68705,2021-11-22 08:54:36.737017856,415.69333,0.0
2021-11-22,21.764708,103.65507,2021-11-22 08:54:36.818007296,414.74136,0.0
2021-11-22,21.744999,103.70109,2021-11-22 08:54:37.070993152,416.24603,0.0
2021-11-22,21.761112,103.71513,2021-11-22 08:54:37.404002816,414.97083,0.0
2021-11-22,21.773046,103.70448,2021-11-22 08:54:37.430999296,415.64255,0.0
2021-11-22,21.832293,103.65091,2021-11-22 08:54:37.566021632,414.99796,0.0
2021-11-22,21.844042,103.64014,2021-11-22 08:54:37.593018112,415.2177,0.0
2021-11-22,21.83655,103.67575,2021-11-22 08:54:37.871994624,415.8237,0.0
2021-11-22,21.848356,103.66498,2021-11-22 08:54:37.898991104,413.73367,0.0
2021-11-22,21.86011,103.6542,2021-11-22 08:54:37.925987584,415.03723,0.0
2021-11-22,21.80521,103.732605,2021-11-22 08:54:38.098024448,414.36438,0.0
2021-11-22,21.81712,103.72193,2021-11-22 08:54:38.125020928,415.3589,0.0
2021-11-22,21.864477,103.679016,2021-11-22 08:54:38.233006592,414.15854,0.0
2021-11-22,21.876251,103.66822,2021-11-22 08:54:38.260003072,414.2567,0.0
2021-11-22,21.821348,103.74669,2021-11-22 08:54:38.430993920,414.42105,0.0
2021-11-22,21.892323,103.68238,2021-11-22 08:54:38.593012736,411.30328,0.0
2021-11-22,21.861242,103.7395,2021-11-22 08:54:38.817996544,416.52942,0.0
2021-11-22,21.877321,103.75358,2021-11-22 08:54:39.152011776,414.10187,0.0
2021-11-22,21.901,103.732086,2021-11-22 08:54:39.206004736,412.5242,0.0
2021-11-22,21.973856,103.83806,2021-11-22 08:54:41.152001024,415.1769,0.0
2021-11-22,21.989864,103.85222,2021-11-22 08:54:41.485010688,415.7357,0.0
2021-11-22,22.025381,103.81997,2021-11-22 08:54:41.565999872,414.4433,0.0
2021-11-22,22.005941,103.866264,2021-11-22 08:54:41.818020352,415.61603,0.0
2021-11-22,22.017817,103.85555,2021-11-22 08:54:41.845016832,415.78708,0.0
2021-11-22,22.05752,103.84816,2021-11-22 08:54:42.233025024,411.1519,0.0
2021-11-30,21.69798,102.739204,2021-11-30 05:51:04.175990016,416.02356,0.0
2021-11-30,21.819302,102.88701,2021-11-30 05:51:07.122021120,414.10638,0.0
2021-11-30,21.92769,102.96087,2021-11-30 05:51:09.149006848,416.28763,0.0
2021-11-30,21.939505,102.95024,2021-11-30 05:51:09.176003584,414.42572,0.0
2021-11-30,21.908081,103.00675,2021-11-30 05:51:09.401992704,417.08853,0.0
2021-11-30,21.943748,102.97498,2021-11-30 05:51:09.483022336,415.4044,0.0
2021-11-30,21.955578,102.96435,2021-11-30 05:51:09.510018816,415.41714,0.0
2021-11-30,21.924158,103.02084,2021-11-30 05:51:09.735002624,415.68756,0.0
2021-11-30,21.947996,102.99968,2021-11-30 05:51:09.788995328,415.22702,0.0
2021-11-30,21.940254,103.03494,2021-11-30 05:51:10.068012288,414.47003,0.0
2021-11-30,21.9522,103.02437,2021-11-30 05:51:10.095008512,415.1044,0.0
2021-11-30,21.956392,103.04903,2021-11-30 05:51:10.401987584,414.55978,0.0
2021-11-30,21.960466,103.073715,2021-11-30 05:51:10.708000768,415.04178,0.0
2021-11-30,21.96455,103.09839,2021-11-30 05:51:11.014013696,414.97665,0.0
2021-11-30,22.012833,103.140686,2021-11-30 05:51:12.014008576,414.50485,0.0
2021-11-30,22.028881,103.15484,2021-11-30 05:51:12.348023808,413.90182,0.0
2021-11-30,22.052872,103.13372,2021-11-30 05:51:12.402016768,413.93716,0.0
2021-11-30,22.12492,103.154976,2021-11-30 05:51:13.456004096,414.77304,0.0
2021-11-30,22.14109,103.16903,2021-11-30 05:51:13.789013760,414.98816,0.0
2021-11-30,22.152983,103.158394,2021-11-30 05:51:13.816010496,416.31854,0.0
2021-11-30,22.164892,103.14771,2021-11-30 05:51:13.843006976,415.31335,0.0
2021-11-30,22.176712,103.13704,2021-11-30 05:51:13.870003200,413.45828,0.0
2021-11-30,22.180944,103.16187,2021-11-30 05:51:14.176016384,413.62314,0.0
2021-11-30,22.192812,103.15118,2021-11-30 05:51:14.203012864,414.44485,0.0
2021-11-30,22.185087,103.18672,2021-11-30 05:51:14.482995200,417.1987,0.0
2021-11-30,22.196962,103.176056,2021-11-30 05:51:14.509991680,415.05624,0.0
2021-11-30,22.2088,103.16538,2021-11-30 05:51:14.536988160,413.82767,0.0
2021-11-30,22.201105,103.200874,2021-11-30 05:51:14.816004864,414.45764,0.0
2021-11-30,22.23772,103.33872,2021-11-30 05:51:16.681011968,413.66837,0.0
2021-11-30,22.24974,103.328186,2021-11-30 05:51:16.708008192,414.96088,0.0
2021-11-30,22.35757,103.31773,2021-11-30 05:51:17.843025152,415.53568,0.0
2021-11-30,22.441902,103.41353,2021-11-30 05:51:19.816018176,416.54944,0.0
2021-11-30,22.45377,103.4029,2021-11-30 05:51:19.843014400,415.47488,0.0
2021-11-30,22.457972,103.42772,2021-11-30 05:51:20.148987648,416.35788,0.0
2021-11-30,22.469818,103.4171,2021-11-30 05:51:20.176024320,415.01285,0.0
2021-12-04,21.839535,102.67861,2021-12-04 04:19:00.727011840,416.4952,0.0
2021-12-04,21.851511,102.668106,2021-12-04 04:19:00.754008320,415.50543,0.0
2021-12-04,21.887312,102.63651,2021-12-04 04:19:00.834997760,415.45984,0.0
2021-12-04,21.867586,102.682236,2021-12-04 04:19:01.087017984,416.26996,0.0
2021-12-04,21.87952,102.67172,2021-12-04 04:19:01.114014464,416.49637,0.0
2021-12-04,21.891449,102.66122,2021-12-04 04:19:01.141010688,417.28375,0.0
2021-12-04,21.903353,102.65064,2021-12-04 04:19:01.168007424,415.89722,0.0
2021-12-04,21.915167,102.64005,2021-12-04 04:19:01.195003648,416.83487,0.0
2021-12-04,21.926987,102.62945,2021-12-04 04:19:01.222000128,417.79456,0.0
2021-12-04,21.938787,102.61882,2021-12-04 04:19:01.248996608,417.78186,0.0
2021-12-04,21.871658,102.706856,2021-12-04 04:19:01.392990976,417.51495,0.0
2021-12-04,21.883612,102.696396,2021-12-04 04:19:01.419987456,416.76062,0.0
2021-12-04,21.895548,102.68589,2021-12-04 04:19:01.447024128,416.77762,0.0
2021-12-04,21.90748,102.67538,2021-12-04 04:19:01.474020608,416.50485,0.0
2021-12-04,21.919397,102.66479,2021-12-04 04:19:01.501016832,416.6263,0.0
2021-12-04,21.931225,102.65419,2021-12-04 04:19:01.528013312,416.91934,0.0
2021-12-04,21.94308,102.64356,2021-12-04 04:19:01.555009792,417.1006,0.0
2021-12-04,21.95491,102.632904,2021-12-04 04:19:01.582006272,416.72348,0.0
2021-12-04,21.887806,102.72092,2021-12-04 04:19:01.727006464,416.64557,0.0
2021-12-04,21.899775,102.71044,2021-12-04 04:19:01.754002688,415.49106,0.0
2021-12-04,21.911722,102.69992,2021-12-04 04:19:01.780999168,416.61826,0.0
2021-12-04,21.923658,102.68941,2021-12-04 04:19:01.807995904,417.02228,0.0
2021-12-04,21.947363,102.66824,2021-12-04 04:19:01.861988608,415.34528,0.0
2021-12-04,21.9592,102.65764,2021-12-04 04:19:01.889025280,416.98846,0.0
2021-12-04,21.970997,102.64701,2021-12-04 04:19:01.916021760,415.3561,0.0
2021-12-04,21.915787,102.724594,2021-12-04 04:19:02.087012608,417.32468,0.0
2021-12-04,21.927753,102.71405,2021-12-04 04:19:02.114008832,416.49423,0.0
2021-12-04,21.93971,102.70353,2021-12-04 04:19:02.141005568,416.13672,0.0
2021-12-04,21.963469,102.68233,2021-12-04 04:19:02.194998272,414.64435,0.0
2021-12-04,21.975325,102.67171,2021-12-04 04:19:02.221994752,416.33395,0.0
2021-12-04,21.987183,102.66104,2021-12-04 04:19:02.248990976,416.7789,0.0
2021-12-04,21.943926,102.728065,2021-12-04 04:19:02.447018496,416.47598,0.0
2021-12-04,21.95586,102.71756,2021-12-04 04:19:02.474014976,415.7321,0.0
2021-12-04,21.967773,102.706985,2021-12-04 04:19:02.501011456,416.16647,0.0
2021-12-04,21.979586,102.696396,2021-12-04 04:19:02.528007936,415.597,0.0
2021-12-04,21.991432,102.68578,2021-12-04 04:19:02.555004416,416.14496,0.0
2021-12-04,22.003271,102.67513,2021-12-04 04:19:02.582000640,416.25308,0.0
2021-12-04,22.141,102.922226,2021-12-04 04:19:06.754016000,414.12558,0.0
2021-12-04,22.180902,102.91541,2021-12-04 04:19:07.141018368,415.4748,0.0
2021-12-04,22.177174,102.97523,2021-12-04 04:19:07.727014144,416.08377,0.0
2021-12-04,22.225046,102.9331,2021-12-04 04:19:07.834999808,417.21802,0.0
2021-12-04,22.23693,102.92249,2021-12-04 04:19:07.861996288,417.32043,0.0
2021-12-04,22.19324,102.989395,2021-12-04 04:19:08.060023808,417.57065,0.0
2021-12-04,22.293402,103.014496,2021-12-04 04:19:09.474017280,415.88437,0.0
2021-12-04,22.285547,103.049736,2021-12-04 04:19:09.753999616,414.59045,0.0
2021-12-04,22.356825,102.986374,2021-12-04 04:19:09.916018432,417.35587,0.0
2021-12-04,22.497915,103.17433,2021-12-04 04:19:13.500992000,416.98306,0.0
2021-12-04,22.513908,103.188614,2021-12-04 04:19:13.835007744,416.25803,0.0
2021-12-04,22.55375,103.18158,2021-12-04 04:19:14.222010112,416.25473,0.0
2021-12-04,22.534111,103.22755,2021-12-04 04:19:14.473990144,417.0935,0.0
2021-12-04,22.55794,103.20642,2021-12-04 04:19:14.528023296,414.8423,0.0
2021-12-04,22.56982,103.19581,2021-12-04 04:19:14.555019776,416.7558,0.0
2021-12-04,22.58166,103.18518,2021-12-04 04:19:14.582016256,415.9548,0.0
2021-12-04,22.56213,103.23119,2021-12-04 04:19:14.835002112,416.71802,0.0
2021-12-04,22.574036,103.220604,2021-12-04 04:19:14.861998592,415.9649,0.0
2021-12-04,22.585888,103.21,2021-12-04 04:19:14.888994816,414.38086,0.0
2021-12-04,22.54223,103.277084,2021-12-04 04:19:15.087022592,416.5634,0.0
2021-12-04,22.546194,103.30189,2021-12-04 04:19:15.392995328,417.70047,0.0
2021-12-04,22.55822,103.29138,2021-12-04 04:19:15.419992064,417.3299,0.0
2021-12-04,22.582169,103.270325,2021-12-04 04:19:15.474024960,417.49225,0.0
2021-12-04,22.594122,103.259766,2021-12-04 04:19:15.501021440,416.82742,0.0
2021-12-04,22.606033,103.24916,2021-12-04 04:19:15.528017920,416.60385,0.0
2021-12-04,22.617928,103.23854,2021-12-04 04:19:15.555014400,416.67487,0.0
2021-12-04,22.562237,103.316086,2021-12-04 04:19:15.727011072,415.91476,0.0
2021-12-04,22.574247,103.30559,2021-12-04 04:19:15.754007296,416.11078,0.0
2021-12-04,22.586224,103.2951,2021-12-04 04:19:15.781004032,417.28094,0.0
2021-12-04,22.598179,103.28458,2021-12-04 04:19:15.808000256,416.76633,0.0
2021-12-04,22.59035,103.31977,2021-12-04 04:19:16.087016960,415.5599,0.0
2021-12-04,22.646349,103.327225,2021-12-04 04:19:16.807994880,416.32266,0.0
2021-12-04,22.670244,103.306076,2021-12-04 04:19:16.861987584,416.5342,0.0
2021-12-04,22.725935,103.313446,2021-12-04 04:19:17.581999872,415.09097,0.0
2021-12-04,22.757969,103.341934,2021-12-04 04:19:18.249025024,415.47467,0.0
2021-12-05,18.347412,105.47934,2021-12-05 03:31:23.519013120,418.35895,0.0
2021-12-05,18.363844,105.49267,2021-12-05 03:31:23.852022784,419.45886,0.0
2021-12-05,18.387096,105.47138,2021-12-05 03:31:23.906016000,419.82,0.0
2021-12-05,18.40352,105.48477,2021-12-05 03:31:24.239991040,418.6424,0.0
2021-12-05,18.361528,105.551285,2021-12-05 03:31:24.438018560,420.2038,0.0
2021-12-05,18.37323,105.54074,2021-12-05 03:31:24.465015040,419.41452,0.0
2021-12-05,18.3849,105.530174,2021-12-05 03:31:24.492011264,419.70474,0.0
2021-12-05,18.396545,105.51958,2021-12-05 03:31:24.519007744,418.94965,0.0
2021-12-05,18.408165,105.50896,2021-12-05 03:31:24.546004224,419.5361,0.0
2021-12-05,18.419764,105.498314,2021-12-05 03:31:24.573000704,419.34964,0.0
2021-12-05,18.389572,105.5542,2021-12-05 03:31:24.798024704,419.18246,0.0
2021-12-05,18.401281,105.5436,2021-12-05 03:31:24.825020928,418.5719,0.0
2021-12-05,18.412964,105.53298,2021-12-05 03:31:24.852017408,418.67624,0.0
2021-12-05,18.424616,105.52233,2021-12-05 03:31:24.879013888,417.68097,0.0
2021-12-05,18.43624,105.511665,2021-12-05 03:31:24.906010368,417.97903,0.0
2021-12-05,18.394352,105.578064,2021-12-05 03:31:25.105003264,419.7433,0.0
2021-12-05,18.40606,105.56751,2021-12-05 03:31:25.132000000,419.744,0.0
2021-12-05,18.41774,105.55694,2021-12-05 03:31:25.158996224,418.3524,0.0
2021-12-05,18.429398,105.54633,2021-12-05 03:31:25.185992704,419.19113,0.0
2021-12-05,18.441029,105.535706,2021-12-05 03:31:25.212989184,418.32513,0.0
2021-12-05,18.452637,105.525055,2021-12-05 03:31:25.240025856,418.8254,0.0
2021-12-05,18.398897,105.60207,2021-12-05 03:31:25.411016704,420.00888,0.0
2021-12-05,18.410633,105.591545,2021-12-05 03:31:25.438013184,419.5808,0.0
2021-12-05,18.422344,105.580986,2021-12-05 03:31:25.465009408,419.3377,0.0
2021-12-05,18.45739,105.54914,2021-12-05 03:31:25.545998848,418.82486,0.0
2021-12-05,18.46902,105.538475,2021-12-05 03:31:25.572995072,418.19272,0.0
2021-12-05,18.415329,105.615486,2021-12-05 03:31:25.744026112,419.32236,0.0
2021-12-05,18.427055,105.60497,2021-12-05 03:31:25.771022848,419.82788,0.0
2021-12-05,18.438759,105.59443,2021-12-05 03:31:25.798019072,419.2874,0.0
2021-12-05,18.473734,105.56262,2021-12-05 03:31:25.879008512,418.61804,0.0
2021-12-05,18.419981,105.63936,2021-12-05 03:31:26.051005184,419.62387,0.0
2021-12-05,18.443491,105.618324,2021-12-05 03:31:26.104998144,419.06427,0.0
2021-12-05,18.455202,105.60777,2021-12-05 03:31:26.131994368,419.57504,0.0
2021-12-05,18.466885,105.59719,2021-12-05 03:31:26.158990848,418.88678,0.0
2021-12-05,18.478546,105.586586,2021-12-05 03:31:26.186027520,417.94595,0.0
2021-12-05,18.490181,105.57596,2021-12-05 03:31:26.213024000,419.00082,0.0
2021-12-05,18.501793,105.5653,2021-12-05 03:31:26.240020224,417.64575,0.0
2021-12-05,18.483261,105.610596,2021-12-05 03:31:26.492000512,418.96436,0.0
2021-12-05,18.506552,105.58936,2021-12-05 03:31:26.545993216,418.8438,0.0
2021-12-05,18.464434,105.65575,2021-12-05 03:31:26.744020992,419.24915,0.0
2021-12-05,18.476189,105.64521,2021-12-05 03:31:26.771017216,418.7886,0.0
2021-12-05,18.48792,105.63464,2021-12-05 03:31:26.798013696,418.65332,0.0
2021-12-05,18.499624,105.62406,2021-12-05 03:31:26.825010176,418.86935,0.0
2021-12-05,18.511305,105.61344,2021-12-05 03:31:26.852006656,418.8832,0.0
2021-12-05,18.522951,105.60281,2021-12-05 03:31:26.879003136,418.0821,0.0
2021-12-05,18.534565,105.592155,2021-12-05 03:31:26.905999360,417.3592,0.0
2021-12-05,18.480808,105.66921,2021-12-05 03:31:27.077996288,418.99707,0.0
2021-12-05,18.492561,105.65867,2021-12-05 03:31:27.104992512,417.86423,0.0
2021-12-05,18.504288,105.648094,2021-12-05 03:31:27.131988992,418.86142,0.0
2021-12-05,18.51599,105.6375,2021-12-05 03:31:27.159025664,418.7409,0.0
2021-12-05,18.527666,105.62688,2021-12-05 03:31:27.186022144,418.19107,0.0
2021-12-05,18.539318,105.616234,2021-12-05 03:31:27.213018368,418.06253,0.0
2021-12-05,18.550945,105.60555,2021-12-05 03:31:27.240015104,417.77283,0.0
2021-12-05,18.485504,105.69304,2021-12-05 03:31:27.384009472,419.11523,0.0
2021-12-05,18.49729,105.682526,2021-12-05 03:31:27.411005696,418.78952,0.0
2021-12-05,18.50905,105.67198,2021-12-05 03:31:27.438002176,418.92474,0.0
2021-12-05,18.520784,105.661415,2021-12-05 03:31:27.464998656,418.22272,0.0
2021-12-05,18.513649,105.69601,2021-12-05 03:31:27.744015360,418.93796,0.0
2021-12-05,18.525387,105.68547,2021-12-05 03:31:27.771011840,419.12018,0.0
2021-12-05,18.537102,105.67491,2021-12-05 03:31:27.798008320,418.83362,0.0
2021-12-05,18.548788,105.66433,2021-12-05 03:31:27.825004800,418.5,0.0
2021-12-05,18.530039,105.709404,2021-12-05 03:31:28.077990656,419.08826,0.0
2021-12-05,18.541773,105.69888,2021-12-05 03:31:28.104987136,417.9554,0.0
2021-12-05,18.553482,105.68834,2021-12-05 03:31:28.132023808,418.65094,0.0
2021-12-05,18.588457,105.65655,2021-12-05 03:31:28.213013248,418.7906,0.0
2021-12-05,18.600067,105.6459,2021-12-05 03:31:28.240009472,417.7325,0.0
2021-12-05,18.534567,105.73343,2021-12-05 03:31:28.384003840,416.49738,0.0
2021-12-05,18.569845,105.70182,2021-12-05 03:31:28.464993280,419.07016,0.0
2021-12-05,18.593206,105.68063,2021-12-05 03:31:28.519026176,419.04962,0.0
2021-12-05,18.60485,105.67,2021-12-05 03:31:28.546022912,418.2104,0.0
2021-12-05,18.61647,105.65934,2021-12-05 03:31:28.573019392,417.49353,0.0
2021-12-05,18.574442,105.72582,2021-12-05 03:31:28.771006464,418.99225,0.0
2021-12-05,18.586168,105.71527,2021-12-05 03:31:28.798002944,419.97177,0.0
2021-12-05,18.621193,105.68343,2021-12-05 03:31:28.878992128,417.7374,0.0
2021-12-05,18.632816,105.67278,2021-12-05 03:31:28.905988608,418.54092,0.0
2021-12-05,18.649218,105.686195,2021-12-05 03:31:29.240004096,418.40295,0.0
2021-12-05,18.583628,105.773796,2021-12-05 03:31:29.383998464,419.78882,0.0
2021-12-05,18.607136,105.75279,2021-12-05 03:31:29.437991424,418.96893,0.0
2021-12-05,18.618853,105.74225,2021-12-05 03:31:29.464987648,418.97815,0.0
2021-12-05,18.63056,105.73166,2021-12-05 03:31:29.492024320,419.37524,0.0
2021-12-05,18.665533,105.69973,2021-12-05 03:31:29.573013760,418.6941,0.0
2021-12-05,18.59998,105.78727,2021-12-05 03:31:29.717008128,418.34073,0.0
2021-12-05,18.611752,105.776764,2021-12-05 03:31:29.744004608,418.84882,0.0
2021-12-05,18.623497,105.766235,2021-12-05 03:31:29.771001088,418.25867,0.0
2021-12-05,18.635218,105.755684,2021-12-05 03:31:29.797997568,418.21365,0.0
2021-12-05,18.670238,105.72386,2021-12-05 03:31:29.878986752,418.7692,0.0
2021-12-05,18.616375,105.800644,2021-12-05 03:31:30.051023616,418.84573,0.0
2021-12-05,18.628159,105.79014,2021-12-05 03:31:30.078020096,418.42523,0.0
2021-12-05,18.639904,105.779625,2021-12-05 03:31:30.105016576,418.23898,0.0
2021-12-05,18.68664,105.737305,2021-12-05 03:31:30.213002240,418.436,0.0
2021-12-05,18.656324,105.793106,2021-12-05 03:31:30.438026240,418.45053,0.0
2021-12-05,18.696087,105.78543,2021-12-05 03:31:30.824988416,418.59943,0.0
2021-12-06,10.179712,106.49271,2021-12-06 02:41:34.086022656,419.00885,0.0
2021-12-06,10.3813,106.57552,2021-12-06 02:41:36.193997568,419.06845,0.0
2021-12-06,10.506949,106.68569,2021-12-06 02:41:39.167025152,419.2144,0.0
2021-12-06,10.532323,106.68764,2021-12-06 02:41:39.194021376,418.80905,0.0
2021-12-06,10.523677,106.69817,2021-12-06 02:41:39.499994624,418.11365,0.0
2021-12-06,10.616068,106.75002,2021-12-06 02:41:40.859995136,417.84497,0.0
2021-12-06,10.682918,106.80008,2021-12-06 02:41:42.194005248,419.55136,0.0
2021-12-06,10.699816,106.812515,2021-12-06 02:41:42.527014912,417.83206,0.0
2021-12-06,10.665838,106.82102,2021-12-06 02:41:42.805991424,419.21094,0.0
2021-12-06,10.691128,106.82303,2021-12-06 02:41:42.832987904,417.8849,0.0
2021-12-06,10.716442,106.824905,2021-12-06 02:41:42.860024576,418.4331,0.0
2021-12-06,10.5823,106.824974,2021-12-06 02:41:43.032021248,418.9843,0.0
2021-12-06,10.657415,106.83146,2021-12-06 02:41:43.113010432,419.08838,0.0
2021-12-06,10.682609,106.83351,2021-12-06 02:41:43.140006912,417.2654,0.0
2021-12-06,10.707817,106.83542,2021-12-06 02:41:43.167003392,418.22925,0.0
2021-12-06,10.674275,106.84383,2021-12-06 02:41:43.446020096,418.36508,0.0
2021-12-06,10.665849,106.85426,2021-12-06 02:41:43.751993088,418.20013,0.0
2021-12-06,10.690933,106.85631,2021-12-06 02:41:43.778989568,418.69644,0.0
2021-12-06,10.716031,106.85821,2021-12-06 02:41:43.806026240,418.31595,0.0
2021-12-06,10.657497,106.86478,2021-12-06 02:41:44.059012096,418.64633,0.0
2021-12-06,10.682546,106.866905,2021-12-06 02:41:44.086008576,418.6889,0.0
2021-12-06,10.707563,106.868805,2021-12-06 02:41:44.113005056,418.5904,0.0
2021-12-06,10.732768,106.870804,2021-12-06 02:41:44.140001536,417.6542,0.0
2021-12-06,10.649365,106.87485,2021-12-06 02:41:44.365025536,419.1535,0.0
2021-12-06,10.699256,106.87917,2021-12-06 02:41:44.419018240,415.94424,0.0
2021-12-06,10.724308,106.88123,2021-12-06 02:41:44.446014976,418.67877,0.0
2021-12-06,10.749629,106.88348,2021-12-06 02:41:44.473011200,417.3317,0.0
2021-12-06,10.666223,106.88732,2021-12-06 02:41:44.697995008,419.79138,0.0
2021-12-06,10.716079,106.891556,2021-12-06 02:41:44.751987712,418.8125,0.0
2021-12-06,10.68287,106.89968,2021-12-06 02:41:45.032010240,420.25293,0.0
2021-12-06,10.732826,106.904015,2021-12-06 02:41:45.086003200,417.5825,0.0
2021-12-06,10.833705,106.912186,2021-12-06 02:41:45.193989120,417.4171,0.0
2021-12-06,10.674695,106.91001,2021-12-06 02:41:45.338023680,419.85614,0.0
2021-12-06,10.699508,106.91216,2021-12-06 02:41:45.365020160,419.94745,0.0
2021-12-06,10.724434,106.91431,2021-12-06 02:41:45.392016384,417.8814,0.0
2021-12-06,10.825034,106.92256,2021-12-06 02:41:45.500002048,417.76773,0.0
2021-12-06,10.850454,106.92462,2021-12-06 02:41:45.526998528,417.41492,0.0
2021-12-06,10.691395,106.922485,2021-12-06 02:41:45.670993152,419.01508,0.0
2021-12-06,10.716229,106.92466,2021-12-06 02:41:45.697989376,419.56293,0.0
2021-12-06,10.791528,106.93134,2021-12-06 02:41:45.779018752,417.5794,0.0
2021-12-06,10.816658,106.93327,2021-12-06 02:41:45.806015488,417.38968,0.0
2021-12-06,10.841871,106.93516,2021-12-06 02:41:45.833011968,417.68277,0.0
2021-12-06,10.867187,106.93701,2021-12-06 02:41:45.860008192,416.4639,0.0
2021-12-06,10.708067,106.934875,2021-12-06 02:41:46.005008384,417.25113,0.0
2021-12-06,10.732897,106.937126,2021-12-06 02:41:46.032004864,417.86554,0.0
2021-12-06,10.757958,106.93955,2021-12-06 02:41:46.059001344,415.9697,0.0
2021-12-06,10.782991,106.941696,2021-12-06 02:41:46.085997824,417.6357,0.0
2021-12-06,10.808133,106.94381,2021-12-06 02:41:46.112994304,416.93567,0.0
2021-12-06,10.833256,106.94573,2021-12-06 02:41:46.139990784,417.22168,0.0
2021-12-06,10.85846,106.9476,2021-12-06 02:41:46.166987264,417.87473,0.0
2021-12-06,10.883856,106.94957,2021-12-06 02:41:46.194023936,418.08072,0.0
2021-12-06,10.724875,106.94742,2021-12-06 02:41:46.338018304,417.30325,0.0
2021-12-06,10.774775,106.9521,2021-12-06 02:41:46.392011264,417.0707,0.0
2021-12-06,10.799731,106.9542,2021-12-06 02:41:46.419007488,414.20273,0.0
2021-12-06,10.875064,106.96007,2021-12-06 02:41:46.499996672,417.25574,0.0
2021-12-06,10.900472,106.96207,2021-12-06 02:41:46.526993152,417.3663,0.0
2021-12-06,10.741721,106.96011,2021-12-06 02:41:46.671027968,416.58188,0.0
2021-12-06,10.766521,106.96232,2021-12-06 02:41:46.698024192,416.64447,0.0
2021-12-06,10.791456,106.96456,2021-12-06 02:41:46.725020672,417.16678,0.0
2021-12-06,10.841405,106.96865,2021-12-06 02:41:46.779013632,418.78848,0.0
2021-12-06,10.86653,106.970665,2021-12-06 02:41:46.806010112,416.58725,0.0
2021-12-06,10.891798,106.9727,2021-12-06 02:41:46.833006336,417.75195,0.0
2021-12-06,10.91729,106.974884,2021-12-06 02:41:46.860003072,418.31833,0.0
2021-12-06,10.758281,106.97265,2021-12-06 02:41:47.005003008,417.55597,0.0
2021-12-06,10.783132,106.974884,2021-12-06 02:41:47.031999488,417.20996,0.0
2021-12-06,10.808026,106.97702,2021-12-06 02:41:47.058995968,418.36655,0.0
2021-12-06,10.832952,106.979004,2021-12-06 02:41:47.085992448,417.63016,0.0
2021-12-06,10.908614,106.9852,2021-12-06 02:41:47.167022080,417.81732,0.0
2021-12-06,10.933925,106.987045,2021-12-06 02:41:47.194018304,418.14185,0.0
2021-12-06,10.775096,106.98503,2021-12-06 02:41:47.338012672,416.60428,0.0
2021-12-06,10.799807,106.9871,2021-12-06 02:41:47.365009408,417.66965,0.0
2021-12-06,10.824836,106.98947,2021-12-06 02:41:47.392005632,417.65735,0.0
2021-12-06,10.849726,106.99146,2021-12-06 02:41:47.419002112,418.07098,0.0
2021-12-06,10.874809,106.99357,2021-12-06 02:41:47.445998336,417.72348,0.0
2021-12-06,10.925301,106.99766,2021-12-06 02:41:47.499991296,417.7242,0.0
2021-12-06,10.950605,106.999504,2021-12-06 02:41:47.526987776,417.2266,0.0
2021-12-06,10.791693,106.99722,2021-12-06 02:41:47.671022336,418.04053,0.0
2021-12-06,10.841485,107.00179,2021-12-06 02:41:47.725015040,417.55298,0.0
2021-12-06,10.866406,107.00387,2021-12-06 02:41:47.752011776,418.0786,0.0
2021-12-06,10.89158,107.00613,2021-12-06 02:41:47.779008256,417.3442,0.0
2021-12-06,10.91678,107.00826,2021-12-06 02:41:47.806004480,416.86664,0.0
2021-12-06,10.941933,107.010155,2021-12-06 02:41:47.833001216,416.99368,0.0
2021-12-06,10.967382,107.0123,2021-12-06 02:41:47.859997440,417.2488,0.0
2021-12-06,10.808344,107.00978,2021-12-06 02:41:48.004997632,415.8841,0.0
2021-12-06,10.833306,107.01215,2021-12-06 02:41:48.031994112,416.04846,0.0
2021-12-06,10.858086,107.01409,2021-12-06 02:41:48.058990592,417.9557,0.0
2021-12-06,10.883276,107.01651,2021-12-06 02:41:48.085987072,416.42184,0.0
2021-12-06,10.908369,107.01863,2021-12-06 02:41:48.113023744,417.53503,0.0
2021-12-06,10.933451,107.02057,2021-12-06 02:41:48.140020224,417.32083,0.0
2021-12-06,10.958721,107.0226,2021-12-06 02:41:48.167016448,417.17743,0.0
2021-12-06,10.984137,107.024666,2021-12-06 02:41:48.194012928,416.8463,0.0
2021-12-06,10.849823,107.024414,2021-12-06 02:41:48.365003776,415.65698,0.0
2021-12-06,10.874874,107.02677,2021-12-06 02:41:48.392000256,417.70087,0.0
2021-12-06,10.899935,107.02898,2021-12-06 02:41:48.418996480,417.3556,0.0
2021-12-06,10.975561,107.03526,2021-12-06 02:41:48.500026112,416.4319,0.0
2021-12-06,11.000888,107.0372,2021-12-06 02:41:48.527022592,416.08316,0.0
2021-12-06,10.866545,107.03702,2021-12-06 02:41:48.698013184,418.10196,0.0
2021-12-06,10.891536,107.03931,2021-12-06 02:41:48.725009920,417.27066,0.0
2021-12-06,10.916593,107.04152,2021-12-06 02:41:48.752006400,417.36572,0.0
2021-12-06,10.966939,107.04577,2021-12-06 02:41:48.805999360,416.21097,0.0
2021-12-06,10.992171,107.04772,2021-12-06 02:41:48.832995584,416.61285,0.0
2021-12-06,11.017548,107.04971,2021-12-06 02:41:48.859992064,416.7518,0.0
2021-12-06,10.858457,107.04734,2021-12-06 02:41:49.004992256,415.68976,0.0
2021-12-06,10.883291,107.04958,2021-12-06 02:41:49.031988736,415.92438,0.0
2021-12-06,10.908253,107.05184,2021-12-06 02:41:49.058985216,417.13434,0.0
2021-12-06,10.958403,107.056114,2021-12-06 02:41:49.113018368,416.32806,0.0
2021-12-06,10.983619,107.05819,2021-12-06 02:41:49.140014592,416.39505,0.0
2021-12-06,11.034221,107.06208,2021-12-06 02:41:49.194007296,417.08618,0.0
2021-12-06,10.875202,107.0598,2021-12-06 02:41:49.338001920,416.30307,0.0
2021-12-06,10.900055,107.06211,2021-12-06 02:41:49.364998400,416.39093,0.0
2021-12-06,10.924916,107.064255,2021-12-06 02:41:49.391994624,416.34085,0.0
2021-12-06,10.949969,107.06652,2021-12-06 02:41:49.418991104,417.4555,0.0
2021-12-06,11.050815,107.07464,2021-12-06 02:41:49.527017216,417.1613,0.0
2021-12-06,10.916676,107.074486,2021-12-06 02:41:49.698008064,416.56778,0.0
2021-12-06,10.941617,107.07669,2021-12-06 02:41:49.725004544,416.6007,0.0
2021-12-06,10.966696,107.07892,2021-12-06 02:41:49.752000768,416.49908,0.0
2021-12-06,10.433096,106.46422,2021-12-06 02:41:57.860023808,418.20966,0.0
2021-12-06,10.548392,106.56858,2021-12-06 02:42:00.500001536,419.39856,0.0
2021-12-06,10.583762,106.57655,2021-12-06 02:42:00.860007168,419.61456,0.0
2021-12-06,10.600513,106.58908,2021-12-06 02:42:01.194022912,419.85272,0.0
2021-12-06,10.486957,106.63215,2021-12-06 02:42:01.338017280,418.42038,0.0
2021-12-06,10.542807,106.61933,2021-12-06 02:42:01.419006464,419.22336,0.0
2021-12-06,10.56142,106.61496,2021-12-06 02:42:01.446002944,419.3829,0.0
2021-12-06,10.598649,106.60608,2021-12-06 02:42:01.499995904,419.42462,0.0
2021-12-06,10.578174,106.62745,2021-12-06 02:42:01.779012608,419.3583,0.0
2021-12-06,10.648915,106.64347,2021-12-06 02:42:02.499990528,418.36276,0.0
2021-12-06,10.66754,106.63896,2021-12-06 02:42:02.526986752,418.69067,0.0
2021-12-06,10.609858,106.66921,2021-12-06 02:42:02.752010752,418.73825,0.0
2021-12-06,10.647076,106.66043,2021-12-06 02:42:02.806003456,418.76535,0.0
2021-12-06,10.665684,106.65597,2021-12-06 02:42:02.833000192,417.6589,0.0
2021-12-06,10.6248045,106.69844,2021-12-06 02:42:03.391999232,418.67316,0.0
2021-12-06,10.680669,106.68533,2021-12-06 02:42:03.472988672,420.6281,0.0
2021-12-06,10.7178755,106.676384,2021-12-06 02:42:03.527021568,419.76044,0.0
2021-12-06,10.734572,106.688965,2021-12-06 02:42:03.859991040,417.4447,0.0
2021-12-06,10.621067,106.73192,2021-12-06 02:42:04.004991232,418.57083,0.0
2021-12-06,10.639701,106.72768,2021-12-06 02:42:04.031987712,418.08444,0.0
2021-12-06,10.658334,106.72339,2021-12-06 02:42:04.059024384,416.89206,0.0
2021-12-06,10.714151,106.710335,2021-12-06 02:42:04.140013568,418.8836,0.0
2021-12-06,10.732734,106.70586,2021-12-06 02:42:04.167010304,418.25537,0.0
2021-12-06,10.751357,106.7014,2021-12-06 02:42:04.194006784,417.68106,0.0
2021-12-06,10.73089,106.72288,2021-12-06 02:42:04.473023488,418.47513,0.0
2021-12-06,10.74951,106.7184,2021-12-06 02:42:04.500019712,417.4269,0.0
2021-12-06,10.729012,106.73975,2021-12-06 02:42:04.778996480,419.10413,0.0
2021-12-06,10.764341,106.74785,2021-12-06 02:42:05.140008448,416.55334,0.0
2021-12-06,10.782954,106.74339,2021-12-06 02:42:05.167004928,418.9479,0.0
2021-12-06,10.706633,106.77767,2021-12-06 02:42:05.364992256,419.41403,0.0
2021-12-06,10.781116,106.76027,2021-12-06 02:42:05.473017856,417.81488,0.0
2021-12-06,10.704596,106.7945,2021-12-06 02:42:05.671005184,418.8097,0.0
2021-12-06,10.723248,106.79025,2021-12-06 02:42:05.698001664,418.25116,0.0
2021-12-06,10.779195,106.77724,2021-12-06 02:42:05.778991104,418.24762,0.0
2021-12-06,10.797842,106.772804,2021-12-06 02:42:05.805987328,417.81033,0.0
2021-12-06,10.795895,106.78981,2021-12-06 02:42:06.113006592,417.2575,0.0
2021-12-06,10.814527,106.785385,2021-12-06 02:42:06.140003072,417.91483,0.0
2021-12-06,10.833127,106.78086,2021-12-06 02:42:06.166999296,416.95163,0.0
2021-12-06,10.8517,106.77624,2021-12-06 02:42:06.193995776,417.8335,0.0
2021-12-06,10.738215,106.8194,2021-12-06 02:42:06.337990400,416.85535,0.0
2021-12-06,10.7940445,106.80661,2021-12-06 02:42:06.419019776,417.4963,0.0
2021-12-06,10.812656,106.80227,2021-12-06 02:42:06.446016000,417.58725,0.0
2021-12-06,10.831281,106.79788,2021-12-06 02:42:06.473012480,418.98404,0.0
2021-12-06,10.86848,106.78881,2021-12-06 02:42:06.527005440,417.34085,0.0
2021-12-06,10.792204,106.82341,2021-12-06 02:42:06.724992768,418.59134,0.0
2021-12-06,10.810807,106.81911,2021-12-06 02:42:06.751989248,417.7951,0.0
2021-12-06,10.829423,106.81478,2021-12-06 02:42:06.779025920,418.72934,0.0
2021-12-06,10.84801,106.81035,2021-12-06 02:42:06.806022144,418.1896,0.0
2021-12-06,10.827605,106.83159,2021-12-06 02:42:07.086004736,417.3098,0.0
2021-12-06,10.846158,106.82716,2021-12-06 02:42:07.113001216,418.0257,0.0
2021-12-06,10.864723,106.82273,2021-12-06 02:42:07.139997440,418.44284,0.0
2021-12-06,10.883381,106.81841,2021-12-06 02:42:07.166993920,418.70877,0.0
2021-12-06,10.901974,106.813934,2021-12-06 02:42:07.193990144,416.6822,0.0
2021-12-06,10.788365,106.85694,2021-12-06 02:42:07.338025216,419.0581,0.0
2021-12-06,10.807007,106.85271,2021-12-06 02:42:07.365021440,418.45145,0.0
2021-12-06,10.825646,106.84843,2021-12-06 02:42:07.392017920,418.28003,0.0
2021-12-06,10.844285,106.8441,2021-12-06 02:42:07.419014144,418.71616,0.0
2021-12-06,10.917041,106.84333,2021-12-06 02:42:07.833013248,418.20776,0.0
2021-12-06,10.859201,106.87343,2021-12-06 02:42:08.059002880,419.42352,0.0
2021-12-06,10.877811,106.8691,2021-12-06 02:42:08.085999360,417.89203,0.0
2021-12-06,10.896419,106.86471,2021-12-06 02:42:08.112995584,418.3964,0.0
2021-12-06,10.9150095,106.860245,2021-12-06 02:42:08.139992064,418.10007,0.0
2021-12-06,10.933678,106.85588,2021-12-06 02:42:08.166988288,417.6104,0.0
2021-12-06,10.952319,106.85142,2021-12-06 02:42:08.194024960,417.30173,0.0
2021-12-06,10.838707,106.89445,2021-12-06 02:42:08.338019584,418.9244,0.0
2021-12-06,10.857311,106.89022,2021-12-06 02:42:08.365016064,417.90656,0.0
2021-12-06,10.875919,106.88596,2021-12-06 02:42:08.392012288,418.6211,0.0
2021-12-06,10.913072,106.8772,2021-12-06 02:42:08.446005248,418.05112,0.0
2021-12-06,10.931674,106.87279,2021-12-06 02:42:08.473001728,417.1275,0.0
2021-12-06,10.950315,106.868385,2021-12-06 02:42:08.499998208,416.88947,0.0
2021-12-06,10.968957,106.86393,2021-12-06 02:42:08.526994688,417.33246,0.0
2021-12-06,10.855388,106.90699,2021-12-06 02:42:08.670989056,419.18768,0.0
2021-12-06,10.874004,106.90278,2021-12-06 02:42:08.698025728,417.28427,0.0
2021-12-06,10.8926,106.898476,2021-12-06 02:42:08.725021952,418.42432,0.0
2021-12-06,10.9111595,106.894066,2021-12-06 02:42:08.752018432,417.47964,0.0
2021-12-06,10.929757,106.889694,2021-12-06 02:42:08.779015168,417.23624,0.0
2021-12-06,10.966986,106.88086,2021-12-06 02:42:08.833007872,417.29904,0.0
2021-12-06,10.985633,106.876434,2021-12-06 02:42:08.860004096,417.0026,0.0
2021-12-06,10.872106,106.9194,2021-12-06 02:42:09.005004288,417.641,0.0
2021-12-06,10.96513,106.89767,2021-12-06 02:42:09.140026880,417.15173,0.0
2021-12-06,10.983765,106.893265,2021-12-06 02:42:09.167023104,417.31628,0.0
2021-12-06,11.002415,106.88883,2021-12-06 02:42:09.194019840,416.8911,0.0
2021-12-06,10.888887,106.93193,2021-12-06 02:42:09.338014208,417.10205,0.0
2021-12-06,10.907485,106.92765,2021-12-06 02:42:09.365010432,417.86136,0.0
2021-12-06,11.000604,106.905914,2021-12-06 02:42:09.499992832,417.5506,0.0
2021-12-06,10.924156,106.94013,2021-12-06 02:42:09.698020096,417.01083,0.0
2021-12-06,10.942721,106.93574,2021-12-06 02:42:09.725016576,417.59354,0.0
2021-12-06,10.961288,106.93131,2021-12-06 02:42:09.752013312,416.23727,0.0
2021-12-06,10.9800825,106.92728,2021-12-06 02:42:09.779009536,416.81845,0.0
2021-12-06,10.9222355,106.95674,2021-12-06 02:42:10.004999168,417.4297,0.0
2021-12-06,10.940836,106.95251,2021-12-06 02:42:10.031995648,416.79715,0.0
2021-12-06,10.959421,106.9482,2021-12-06 02:42:10.058991872,416.70557,0.0
2021-12-06,10.978123,106.94408,2021-12-06 02:42:10.085988352,416.8742,0.0
2021-12-06,10.99677,106.939804,2021-12-06 02:42:10.113025024,416.63654,0.0
2021-12-06,11.015426,106.93549,2021-12-06 02:42:10.140021248,418.9976,0.0
2021-12-06,11.052646,106.92656,2021-12-06 02:42:10.194014208,418.1698,0.0
2021-12-06,10.938865,106.96927,2021-12-06 02:42:10.338008576,417.2635,0.0
2021-12-06,10.994807,106.95668,2021-12-06 02:42:10.418998016,417.60464,0.0
2021-12-06,11.032102,106.948044,2021-12-06 02:42:10.472990976,417.24313,0.0
2021-12-06,11.0506525,106.94344,2021-12-06 02:42:10.499987456,416.4618,0.0
2021-12-06,11.069369,106.93911,2021-12-06 02:42:10.527024128,417.2225,0.0
2021-12-06,10.955733,106.981895,2021-12-06 02:42:10.671018240,416.39236,0.0
2021-12-06,11.030146,106.964714,2021-12-06 02:42:10.779004160,417.0169,0.0
2021-12-06,11.0488,106.9604,2021-12-06 02:42:10.806000384,416.89746,0.0
2021-12-06,11.009888,106.986046,2021-12-06 02:42:11.059026688,416.0815,0.0
2021-12-06,11.06559,106.97279,2021-12-06 02:42:11.140016128,416.7893,0.0
2021-12-06,11.084232,106.96844,2021-12-06 02:42:11.167012352,417.28455,0.0
2021-12-06,10.465232,106.38131,2021-12-06 02:42:19.473022464,418.03622,0.0
2021-12-06,10.565807,106.45613,2021-12-06 02:42:21.473011712,418.50302,0.0
2021-12-06,10.53884,106.49399,2021-12-06 02:42:21.724991744,417.54587,0.0
2021-12-06,10.582522,106.46862,2021-12-06 02:42:21.806021120,417.8358,0.0
2021-12-06,10.613698,106.47267,2021-12-06 02:42:22.166993152,418.65262,0.0
2021-12-06,10.630424,106.48513,2021-12-06 02:42:22.500002560,417.3689,0.0
2021-12-06,10.632781,106.506065,2021-12-06 02:42:22.806016000,416.87692,0.0
2021-12-06,10.66167,106.48911,2021-12-06 02:42:22.860008704,418.42926,0.0
2021-12-06,10.620453,106.53545,2021-12-06 02:42:23.085998336,418.7112,0.0
2021-12-06,10.634999,106.527,2021-12-06 02:42:23.112994560,417.00418,0.0
2021-12-06,10.64951,106.518555,2021-12-06 02:42:23.139991296,418.52106,0.0
2021-12-06,10.663983,106.510086,2021-12-06 02:42:23.166987776,418.58188,0.0
2021-12-06,10.678419,106.501595,2021-12-06 02:42:23.194024448,418.0418,0.0
2021-12-06,10.593312,106.573135,2021-12-06 02:42:23.338018560,418.9253,0.0
2021-12-06,10.622613,106.55635,2021-12-06 02:42:23.392011520,418.5295,0.0
2021-12-06,10.65176,106.53949,2021-12-06 02:42:23.446004480,417.70135,0.0
2021-12-06,10.680754,106.52256,2021-12-06 02:42:23.499997184,418.29242,0.0
2021-12-06,10.62476,106.5772,2021-12-06 02:42:23.698024704,419.16858,0.0
2021-12-06,10.6539755,106.56039,2021-12-06 02:42:23.752017408,417.936,0.0
2021-12-06,10.668527,106.55195,2021-12-06 02:42:23.779014144,417.92407,0.0
2021-12-06,10.6975155,106.53503,2021-12-06 02:42:23.833006848,418.40292,0.0
2021-12-06,10.711955,106.52654,2021-12-06 02:42:23.860003584,417.8901,0.0
2021-12-06,10.64145,106.58971,2021-12-06 02:42:24.032000000,418.29248,0.0
2021-12-06,10.670666,106.57288,2021-12-06 02:42:24.085992704,418.17444,0.0
2021-12-06,10.685229,106.564445,2021-12-06 02:42:24.112989440,418.7105,0.0
2021-12-06,10.699755,106.55599,2021-12-06 02:42:24.140026112,417.93622,0.0
2021-12-06,10.714243,106.547516,2021-12-06 02:42:24.167022592,418.58646,0.0
2021-12-06,10.643602,106.61054,2021-12-06 02:42:24.338013184,418.0955,0.0
2021-12-06,10.65827,106.60215,2021-12-06 02:42:24.365009664,418.0022,0.0
2021-12-06,10.687487,106.58532,2021-12-06 02:42:24.419002624,418.07123,0.0
2021-12-06,10.702038,106.57687,2021-12-06 02:42:24.445998848,418.731,0.0
2021-12-06,10.716557,106.56842,2021-12-06 02:42:24.472995328,417.28583,0.0
2021-12-06,10.731048,106.559944,2021-12-06 02:42:24.499991808,419.21402,0.0
2021-12-06,10.745502,106.55145,2021-12-06 02:42:24.526988288,418.07614,0.0
2021-12-06,10.675093,106.61462,2021-12-06 02:42:24.698019328,419.2171,0.0
2021-12-06,10.718796,106.58939,2021-12-06 02:42:24.779008512,419.1929,0.0
2021-12-06,10.733288,106.580956,2021-12-06 02:42:24.806004992,418.67053,0.0
2021-12-06,10.747743,106.572495,2021-12-06 02:42:24.833001728,418.935,0.0
2021-12-06,10.762161,106.56402,2021-12-06 02:42:24.859997952,418.3374,0.0
2021-12-06,10.677136,106.63552,2021-12-06 02:42:25.004998144,418.02286,0.0
2021-12-06,10.691825,106.62713,2021-12-06 02:42:25.031994624,418.79117,0.0
2021-12-06,10.706475,106.61872,2021-12-06 02:42:25.058990848,418.1895,0.0
2021-12-06,10.721051,106.61029,2021-12-06 02:42:25.085987584,417.82712,0.0
2021-12-06,10.735582,106.601875,2021-12-06 02:42:25.113024256,417.4912,0.0
2021-12-06,10.750075,106.59342,2021-12-06 02:42:25.140020736,417.62085,0.0
2021-12-06,10.764532,106.58497,2021-12-06 02:42:25.167016960,419.30286,0.0
2021-12-06,10.778951,106.57647,2021-12-06 02:42:25.194013440,418.5441,0.0
2021-12-06,10.69376,106.648056,2021-12-06 02:42:25.338007808,417.70267,0.0
2021-12-06,10.723058,106.63128,2021-12-06 02:42:25.392000768,418.2192,0.0
2021-12-06,10.737647,106.62285,2021-12-06 02:42:25.418996992,417.68564,0.0
2021-12-06,10.7522,106.614426,2021-12-06 02:42:25.445993472,417.69342,0.0
2021-12-06,10.766715,106.60597,2021-12-06 02:42:25.472989952,417.38138,0.0
2021-12-06,10.781193,106.597496,2021-12-06 02:42:25.500026624,417.42584,0.0
2021-12-06,10.795633,106.589005,2021-12-06 02:42:25.527023104,417.6454,0.0
2021-12-06,10.710499,106.660545,2021-12-06 02:42:25.671017472,417.95065,0.0
2021-12-06,10.725177,106.65214,2021-12-06 02:42:25.698013696,418.64444,0.0
2021-12-06,10.739817,106.64374,2021-12-06 02:42:25.725010432,417.54288,0.0
2021-12-06,10.783506,106.61845,2021-12-06 02:42:25.805999872,416.71207,0.0
2021-12-06,10.797995,106.60998,2021-12-06 02:42:25.832996096,417.427,0.0
2021-12-06,10.812446,106.601494,2021-12-06 02:42:25.859992576,417.00143,0.0
2021-12-06,10.727308,106.673035,2021-12-06 02:42:26.004992768,418.78564,0.0
2021-12-06,10.741977,106.66462,2021-12-06 02:42:26.031988992,417.53888,0.0
2021-12-06,10.756606,106.65619,2021-12-06 02:42:26.059025664,417.63208,0.0
2021-12-06,10.771208,106.64778,2021-12-06 02:42:26.086022400,418.13306,0.0
2021-12-06,10.785773,106.63934,2021-12-06 02:42:26.113018624,417.0049,0.0
2021-12-06,10.800302,106.63088,2021-12-06 02:42:26.140015104,417.47665,0.0
2021-12-06,10.814792,106.622406,2021-12-06 02:42:26.167011584,417.99402,0.0
2021-12-06,10.829245,106.613914,2021-12-06 02:42:26.194007808,416.81787,0.0
2021-12-06,10.758766,106.677086,2021-12-06 02:42:26.364998912,417.65253,0.0
2021-12-06,10.773386,106.66869,2021-12-06 02:42:26.391995136,417.31165,0.0
2021-12-06,10.78797,106.66031,2021-12-06 02:42:26.418991616,417.66962,0.0
2021-12-06,10.802513,106.651886,2021-12-06 02:42:26.445988096,418.1075,0.0
2021-12-06,10.817027,106.64343,2021-12-06 02:42:26.473024768,418.04535,0.0
2021-12-06,10.831517,106.63496,2021-12-06 02:42:26.500021248,417.4544,0.0
2021-12-06,10.845971,106.62646,2021-12-06 02:42:26.527017472,417.896,0.0
2021-12-06,10.775528,106.68955,2021-12-06 02:42:26.698008576,417.40524,0.0
2021-12-06,10.790139,106.68121,2021-12-06 02:42:26.725004800,416.61533,0.0
2021-12-06,10.8047085,106.672775,2021-12-06 02:42:26.752001280,417.88647,0.0
2021-12-06,10.819242,106.66437,2021-12-06 02:42:26.778998016,418.10236,0.0
2021-12-06,10.833736,106.65594,2021-12-06 02:42:26.805994240,417.3925,0.0
2021-12-06,10.848194,106.64748,2021-12-06 02:42:26.832990720,417.215,0.0
2021-12-06,10.862616,106.63901,2021-12-06 02:42:26.860027392,417.71082,0.0
2021-12-06,10.792084,106.702194,2021-12-06 02:42:27.032023808,417.74252,0.0
2021-12-06,10.806705,106.69377,2021-12-06 02:42:27.059020544,417.08566,0.0
2021-12-06,10.821312,106.68535,2021-12-06 02:42:27.086016768,418.1705,0.0
2021-12-06,10.835884,106.6769,2021-12-06 02:42:27.113013248,416.3124,0.0
2021-12-06,10.850422,106.66847,2021-12-06 02:42:27.140009728,417.4883,0.0
2021-12-06,10.864921,106.66001,2021-12-06 02:42:27.167005952,416.66827,0.0
2021-12-06,10.879379,106.65148,2021-12-06 02:42:27.194002688,416.99365,0.0
2021-12-06,10.794266,106.72302,2021-12-06 02:42:27.337997056,416.7791,0.0
2021-12-06,10.808934,106.714645,2021-12-06 02:42:27.364993280,416.87283,0.0
2021-12-06,10.823564,106.70625,2021-12-06 02:42:27.391989760,417.14456,0.0
2021-12-06,10.838156,106.697876,2021-12-06 02:42:27.419026432,415.78427,0.0
2021-12-06,10.852709,106.68945,2021-12-06 02:42:27.446022912,417.73386,0.0
2021-12-06,10.867226,106.681,2021-12-06 02:42:27.473019392,418.21603,0.0
2021-12-06,10.881708,106.67252,2021-12-06 02:42:27.500015616,417.82697,0.0
2021-12-06,10.896155,106.66404,2021-12-06 02:42:27.527012352,417.01062,0.0
2021-12-06,10.840333,106.71875,2021-12-06 02:42:27.724999424,417.3293,0.0
2021-12-06,10.854937,106.71034,2021-12-06 02:42:27.751996160,416.90558,0.0
2021-12-06,10.898516,106.68495,2021-12-06 02:42:27.833025536,417.91373,0.0
2021-12-06,10.912969,106.67645,2021-12-06 02:42:27.860021760,417.99747,0.0
2021-12-06,10.842469,106.739655,2021-12-06 02:42:28.032018688,417.1759,0.0
2021-12-06,10.8571005,106.73127,2021-12-06 02:42:28.059014912,417.5196,0.0
2021-12-06,10.8862295,106.71443,2021-12-06 02:42:28.113007872,417.95163,0.0
2021-12-06,10.900735,106.705956,2021-12-06 02:42:28.140004096,417.02338,0.0
2021-12-06,10.915204,106.69749,2021-12-06 02:42:28.167000832,418.1625,0.0
2021-12-06,10.929637,106.689,2021-12-06 02:42:28.193997056,418.4372,0.0
2021-12-06,10.844466,106.760544,2021-12-06 02:42:28.337991424,418.17554,0.0
2021-12-06,10.859145,106.75213,2021-12-06 02:42:28.364987904,417.839,0.0
2021-12-06,10.888388,106.735275,2021-12-06 02:42:28.419021056,418.20987,0.0
2021-12-06,10.902954,106.72687,2021-12-06 02:42:28.446017536,416.83502,0.0
2021-12-06,10.91748,106.718414,2021-12-06 02:42:28.473013760,416.3932,0.0
2021-12-06,10.931967,106.70992,2021-12-06 02:42:28.500010496,418.0365,0.0
2021-12-06,10.946422,106.701485,2021-12-06 02:42:28.527006976,417.435,0.0
2021-12-06,10.861283,106.77294,2021-12-06 02:42:28.671001088,417.97552,0.0
2021-12-06,10.875938,106.76458,2021-12-06 02:42:28.697997568,417.15997,0.0
2021-12-06,10.890553,106.75616,2021-12-06 02:42:28.724994304,417.02838,0.0
2021-12-06,10.90513,106.74774,2021-12-06 02:42:28.751990528,416.73987,0.0
2021-12-06,10.919671,106.73934,2021-12-06 02:42:28.778987008,417.35175,0.0
2021-12-06,10.934174,106.7309,2021-12-06 02:42:28.806023680,416.82315,0.0
2021-12-06,10.948638,106.72244,2021-12-06 02:42:28.833019904,417.9671,0.0
2021-12-06,10.963065,106.71395,2021-12-06 02:42:28.860016384,417.82364,0.0
2021-12-06,10.892621,106.77709,2021-12-06 02:42:29.032013056,416.77765,0.0
2021-12-06,10.907262,106.76868,2021-12-06 02:42:29.059009536,416.41446,0.0
2021-12-06,10.921852,106.76026,2021-12-06 02:42:29.086006016,416.9321,0.0
2021-12-06,10.9364,106.75182,2021-12-06 02:42:29.113002240,416.83795,0.0
2021-12-06,10.950912,106.74338,2021-12-06 02:42:29.139998976,416.39053,0.0
2021-12-06,10.965386,106.73491,2021-12-06 02:42:29.166995200,417.37683,0.0
2021-12-06,10.979823,106.72642,2021-12-06 02:42:29.193991680,417.044,0.0
2021-12-06,10.894647,106.798,2021-12-06 02:42:29.338026240,417.82056,0.0
2021-12-06,10.909322,106.78958,2021-12-06 02:42:29.365022720,417.36578,0.0
2021-12-06,10.923961,106.78122,2021-12-06 02:42:29.392019200,417.2533,0.0
2021-12-06,10.967646,106.75595,2021-12-06 02:42:29.473008640,416.26312,0.0
2021-12-06,10.982134,106.7475,2021-12-06 02:42:29.500005120,417.52155,0.0
2021-12-06,10.911434,106.81056,2021-12-06 02:42:29.670995712,416.9108,0.0
2021-12-06,10.969964,106.7769,2021-12-06 02:42:29.779021824,417.68045,0.0
2021-12-06,10.984502,106.76845,2021-12-06 02:42:29.806018048,415.1489,0.0
2021-12-06,11.0300865,106.764046,2021-12-06 02:42:30.194026496,417.34445,0.0
2021-12-06,10.944909,106.83561,2021-12-06 02:42:30.338020864,416.92206,0.0
2021-12-06,10.959575,106.82719,2021-12-06 02:42:30.365017344,417.03296,0.0
2021-12-06,10.974202,106.81881,2021-12-06 02:42:30.392013824,417.36166,0.0
2021-12-06,10.98879,106.81038,2021-12-06 02:42:30.419010048,417.59113,0.0
2021-12-06,11.046801,106.77652,2021-12-06 02:42:30.526995968,417.15192,0.0
2021-12-06,10.976328,106.83971,2021-12-06 02:42:30.698027008,416.87067,0.0
2021-12-06,10.990966,106.83128,2021-12-06 02:42:30.725023488,417.19055,0.0
2021-12-06,11.005568,106.822914,2021-12-06 02:42:30.752019968,416.21274,0.0
2021-12-06,11.020131,106.814514,2021-12-06 02:42:30.779016192,417.56454,0.0
2021-12-06,11.034655,106.80605,2021-12-06 02:42:30.806012672,415.74808,0.0
2021-12-06,11.063591,106.789085,2021-12-06 02:42:30.860005632,416.67154,0.0
2021-12-06,10.978391,106.86057,2021-12-06 02:42:31.005005824,416.94186,0.0
2021-12-06,10.993062,106.85211,2021-12-06 02:42:31.032002304,416.46292,0.0
2021-12-06,11.007698,106.84377,2021-12-06 02:42:31.058998528,416.93512,0.0
2021-12-06,11.022293,106.83544,2021-12-06 02:42:31.085995264,417.37802,0.0
2021-12-06,11.080279,106.801605,2021-12-06 02:42:31.194021120,418.9266,0.0
2021-12-06,10.995105,106.87306,2021-12-06 02:42:31.338015488,416.81198,0.0
2021-12-06,11.009796,106.864746,2021-12-06 02:42:31.365011968,415.75717,0.0
2021-12-06,11.024448,106.85639,2021-12-06 02:42:31.392008192,415.99435,0.0
2021-12-06,11.039061,106.84795,2021-12-06 02:42:31.419004928,417.10046,0.0
2021-12-06,11.053636,106.83952,2021-12-06 02:42:31.446001408,417.2397,0.0
2021-12-06,11.082622,106.82246,2021-12-06 02:42:31.499994112,417.67065,0.0
2021-12-06,11.097056,106.814,2021-12-06 02:42:31.526990336,418.12326,0.0
2021-12-06,11.0411215,106.86894,2021-12-06 02:42:31.725018112,417.75363,0.0
2021-12-06,11.070291,106.852066,2021-12-06 02:42:31.779010816,416.15295,0.0
2021-12-06,11.084811,106.84353,2021-12-06 02:42:31.806007296,416.38123,0.0
2021-12-06,11.099298,106.83502,2021-12-06 02:42:31.833003776,416.59418,0.0
2021-12-06,11.11375,106.82654,2021-12-06 02:42:31.860000256,418.46414,0.0
2021-12-06,11.043251,106.88984,2021-12-06 02:42:32.031996672,417.0316,0.0
2021-12-06,11.05789,106.881386,2021-12-06 02:42:32.058993408,417.02655,0.0
2021-12-06,11.07248,106.87283,2021-12-06 02:42:32.085989632,417.36505,0.0
2021-12-06,11.087039,106.864456,2021-12-06 02:42:32.112986112,417.48108,0.0
2021-12-06,11.116037,106.847496,2021-12-06 02:42:32.167019264,416.72873,0.0
2021-12-06,11.13048,106.83899,2021-12-06 02:42:32.194015744,417.29852,0.0
2021-12-06,11.0452795,106.91073,2021-12-06 02:42:32.338010112,416.49985,0.0
2021-12-06,11.059956,106.90237,2021-12-06 02:42:32.365006336,415.36935,0.0
2021-12-06,11.074586,106.8938,2021-12-06 02:42:32.392003072,417.67697,0.0
2021-12-06,11.08919,106.88553,2021-12-06 02:42:32.418999552,417.6034,0.0
2021-12-06,11.103747,106.877075,2021-12-06 02:42:32.445995776,416.76355,0.0
2021-12-06,11.118276,106.86861,2021-12-06 02:42:32.472992256,416.5288,0.0
2021-12-06,11.132777,106.86006,2021-12-06 02:42:32.499988480,417.1331,0.0
2021-12-06,11.147239,106.85148,2021-12-06 02:42:32.527025152,416.84818,0.0
2021-12-06,10.398462,106.24362,2021-12-06 02:42:46.698020608,417.89468,0.0
2021-12-06,10.522878,106.316475,2021-12-06 02:42:49.059021824,417.94138,0.0
2021-12-06,10.625758,106.43259,2021-12-06 02:42:51.338027776,417.3375,0.0
2021-12-06,10.647398,106.389435,2021-12-06 02:42:51.419016960,417.97638,0.0
2021-12-06,10.685347,106.35881,2021-12-06 02:42:51.833015808,418.55756,0.0
2021-12-06,10.704751,106.41251,2021-12-06 02:42:52.446008064,418.12418,0.0
2021-12-06,10.711834,106.39813,2021-12-06 02:42:52.473004288,416.96844,0.0
2021-12-06,10.718862,106.38376,2021-12-06 02:42:52.500001024,417.64517,0.0
2021-12-06,10.714349,106.43936,2021-12-06 02:42:52.752021248,417.59506,0.0
2021-12-06,10.721492,106.42499,2021-12-06 02:42:52.779017728,417.07776,0.0
2021-12-06,10.735645,106.39624,2021-12-06 02:42:52.833010688,417.2569,0.0
2021-12-06,10.7239065,106.46625,2021-12-06 02:42:53.059000064,417.19568,0.0
2021-12-06,10.73823,106.43748,2021-12-06 02:42:53.112993024,416.89105,0.0
2021-12-06,10.726274,106.50746,2021-12-06 02:42:53.338017024,416.8801,0.0
2021-12-06,10.76212,106.43556,2021-12-06 02:42:53.472999168,418.16867,0.0
2021-12-06,10.776173,106.406815,2021-12-06 02:42:53.526991872,417.90836,0.0
2021-12-06,10.743055,106.519966,2021-12-06 02:42:53.671026432,417.27197,0.0
2021-12-06,10.750298,106.50558,2021-12-06 02:42:53.698022912,418.20157,0.0
2021-12-06,10.7646475,106.47682,2021-12-06 02:42:53.752015872,417.18594,0.0
2021-12-06,10.771756,106.46245,2021-12-06 02:42:53.779012096,417.17383,0.0
2021-12-06,10.778822,106.448074,2021-12-06 02:42:53.806008832,418.25406,0.0
2021-12-06,10.75973,106.53249,2021-12-06 02:42:54.005001728,417.48254,0.0
2021-12-06,10.767017,106.51811,2021-12-06 02:42:54.031998208,417.1721,0.0
2021-12-06,10.788535,106.47497,2021-12-06 02:42:54.112987392,417.5364,0.0
2021-12-06,10.802654,106.44621,2021-12-06 02:42:54.167020544,418.2484,0.0
2021-12-06,10.776502,106.54497,2021-12-06 02:42:54.338011392,417.59586,0.0
2021-12-06,10.783773,106.53058,2021-12-06 02:42:54.365007872,417.50427,0.0
2021-12-06,10.791,106.5162,2021-12-06 02:42:54.392004352,418.00327,0.0
2021-12-06,10.798183,106.501816,2021-12-06 02:42:54.419000576,417.08118,0.0
2021-12-06,10.805322,106.487434,2021-12-06 02:42:54.445997312,417.14078,0.0
2021-12-06,10.81241,106.47305,2021-12-06 02:42:54.472993536,418.51566,0.0
2021-12-06,10.819443,106.45868,2021-12-06 02:42:54.499990016,417.3908,0.0
2021-12-06,10.826433,106.444305,2021-12-06 02:42:54.527026688,419.08694,0.0
2021-12-06,10.8220625,106.49993,2021-12-06 02:42:54.779006976,417.13312,0.0
2021-12-06,10.829161,106.48555,2021-12-06 02:42:54.806003456,417.97357,0.0
2021-12-06,10.836215,106.47117,2021-12-06 02:42:54.832999680,416.7273,0.0
2021-12-06,10.843226,106.456795,2021-12-06 02:42:54.859996160,419.02716,0.0
2021-12-06,10.809997,106.56996,2021-12-06 02:42:55.004996352,418.32507,0.0
2021-12-06,10.817249,106.55557,2021-12-06 02:42:55.031992832,417.11908,0.0
2021-12-06,10.831634,106.52681,2021-12-06 02:42:55.085985536,417.03125,0.0
2021-12-06,10.859917,106.4693,2021-12-06 02:42:55.194011648,417.64056,0.0
2021-12-06,10.826742,106.58245,2021-12-06 02:42:55.338006016,417.54434,0.0
2021-12-06,10.834004,106.56806,2021-12-06 02:42:55.365002496,417.43262,0.0
2021-12-06,10.841221,106.55367,2021-12-06 02:42:55.391998720,418.0421,0.0
2021-12-06,10.8483925,106.53929,2021-12-06 02:42:55.418995456,418.93427,0.0
2021-12-06,10.85552,106.5249,2021-12-06 02:42:55.445991680,417.90042,0.0
2021-12-06,10.86965,106.49615,2021-12-06 02:42:55.500024832,417.4555,0.0
2021-12-06,10.876651,106.48177,2021-12-06 02:42:55.527021312,417.34772,0.0
2021-12-06,10.843465,106.59496,2021-12-06 02:42:55.671015680,417.1809,0.0
2021-12-06,10.850728,106.58057,2021-12-06 02:42:55.698012160,417.98877,0.0
2021-12-06,10.857947,106.566185,2021-12-06 02:42:55.725008384,417.28616,0.0
2021-12-06,10.8722515,106.537415,2021-12-06 02:42:55.779001600,418.2488,0.0
2021-12-06,10.860135,106.60748,2021-12-06 02:42:56.004990976,417.0263,0.0
2021-12-06,10.86739,106.5931,2021-12-06 02:42:56.032027648,417.68085,0.0
2021-12-06,10.874588,106.57872,2021-12-06 02:42:56.059024128,417.30676,0.0
2021-12-06,10.881773,106.56433,2021-12-06 02:42:56.086020352,418.66644,0.0
2021-12-06,10.903077,106.52116,2021-12-06 02:42:56.167009792,416.37683,0.0
2021-12-06,10.876913,106.61994,2021-12-06 02:42:56.338000640,417.05685,0.0
2021-12-06,10.884173,106.60556,2021-12-06 02:42:56.364996864,416.71527,0.0
2021-12-06,10.891388,106.59118,2021-12-06 02:42:56.391993600,417.0788,0.0
2021-12-06,10.898559,106.576805,2021-12-06 02:42:56.418989824,417.7108,0.0
2021-12-06,10.919803,106.533676,2021-12-06 02:42:56.500019456,418.3465,0.0
2021-12-06,10.926812,106.519295,2021-12-06 02:42:56.527015936,418.37845,0.0
2021-12-06,10.893651,106.63246,2021-12-06 02:42:56.671010304,417.59482,0.0
2021-12-06,10.900906,106.61807,2021-12-06 02:42:56.698006528,417.24948,0.0
2021-12-06,10.908131,106.60369,2021-12-06 02:42:56.725003264,416.86105,0.0
2021-12-06,10.936611,106.54618,2021-12-06 02:42:56.832988672,417.07178,0.0
2021-12-06,10.943618,106.53181,2021-12-06 02:42:56.860025344,418.22562,0.0
2021-12-06,10.910356,106.64499,2021-12-06 02:42:57.005025792,417.21213,0.0
2021-12-06,10.917574,106.63059,2021-12-06 02:42:57.032022272,416.95532,0.0
2021-12-06,10.924787,106.6162,2021-12-06 02:42:57.059018496,417.65988,0.0
2021-12-06,10.927043,106.657524,2021-12-06 02:42:57.337995008,416.9323,0.0
2021-12-06,10.934316,106.64313,2021-12-06 02:42:57.364991744,417.7114,0.0
2021-12-06,10.941551,106.62873,2021-12-06 02:42:57.391987968,418.05185,0.0
2021-12-06,10.948743,106.61434,2021-12-06 02:42:57.419024640,417.84326,0.0
2021-12-06,10.963011,106.58557,2021-12-06 02:42:57.473017600,418.60147,0.0
2021-12-06,10.970045,106.57119,2021-12-06 02:42:57.500014080,417.6496,0.0
2021-12-06,10.977043,106.556816,2021-12-06 02:42:57.527010560,417.35272,0.0
2021-12-06,10.958301,106.64125,2021-12-06 02:42:57.724997632,417.7347,0.0
2021-12-06,10.96548,106.62686,2021-12-06 02:42:57.751994112,419.323,0.0
2021-12-06,10.972614,106.61248,2021-12-06 02:42:57.778990592,417.4561,0.0
2021-12-06,10.979698,106.5981,2021-12-06 02:42:57.805986816,417.69193,0.0
2021-12-06,10.986746,106.58372,2021-12-06 02:42:57.833023488,418.26785,0.0
2021-12-06,10.960609,106.682526,2021-12-06 02:42:58.005020416,417.44543,0.0
2021-12-06,10.975158,106.65374,2021-12-06 02:42:58.059013120,416.89328,0.0
2021-12-06,10.989413,106.62498,2021-12-06 02:42:58.113006080,417.85965,0.0
2021-12-06,11.00353,106.59622,2021-12-06 02:42:58.166998784,417.7132,0.0
2021-12-06,11.01049,106.58184,2021-12-06 02:42:58.193995520,417.6065,0.0
2021-12-06,10.9773035,106.69505,2021-12-06 02:42:58.337989888,417.19202,0.0
2021-12-06,10.984637,106.680664,2021-12-06 02:42:58.365026560,417.63272,0.0
2021-12-06,10.991858,106.666275,2021-12-06 02:42:58.392022784,416.98517,0.0
2021-12-06,10.998997,106.651886,2021-12-06 02:42:58.419019264,417.89813,0.0
2021-12-06,11.006136,106.637505,2021-12-06 02:42:58.446015744,417.62604,0.0
2021-12-06,11.013248,106.62312,2021-12-06 02:42:58.473012224,417.13965,0.0
2021-12-06,10.994163,106.707535,2021-12-06 02:42:58.670999552,416.33643,0.0
2021-12-06,11.001429,106.69315,2021-12-06 02:42:58.697995776,418.1119,0.0
2021-12-06,11.008657,106.67877,2021-12-06 02:42:58.724992256,416.85376,0.0
2021-12-06,11.015753,106.66439,2021-12-06 02:42:58.751988736,417.95673,0.0
2021-12-06,11.022923,106.65002,2021-12-06 02:42:58.779025408,417.7974,0.0
2021-12-06,11.030042,106.63564,2021-12-06 02:42:58.806021632,417.84833,0.0
2021-12-06,11.037058,106.62127,2021-12-06 02:42:58.833018368,417.3951,0.0
2021-12-06,11.044039,106.60689,2021-12-06 02:42:58.860014592,418.37445,0.0
2021-12-06,11.010837,106.720085,2021-12-06 02:42:59.005014784,417.0876,0.0
2021-12-06,11.018136,106.70569,2021-12-06 02:42:59.032011264,417.8023,0.0
2021-12-06,11.025375,106.69129,2021-12-06 02:42:59.059007744,416.94315,0.0
2021-12-06,11.032557,106.6769,2021-12-06 02:42:59.086004224,417.9963,0.0
2021-12-06,11.039703,106.66252,2021-12-06 02:42:59.113000704,417.25436,0.0
2021-12-06,11.046813,106.64814,2021-12-06 02:42:59.139996928,417.5415,0.0
2021-12-06,11.053865,106.63376,2021-12-06 02:42:59.166993664,418.28537,0.0
2021-12-06,11.060851,106.61938,2021-12-06 02:42:59.193989888,418.10068,0.0
2021-12-06,11.0275545,106.73259,2021-12-06 02:42:59.338024704,416.55545,0.0
2021-12-06,11.034846,106.71819,2021-12-06 02:42:59.365020928,417.44946,0.0
2021-12-06,11.049281,106.689415,2021-12-06 02:42:59.419013888,417.26096,0.0
2021-12-06,11.056409,106.675026,2021-12-06 02:42:59.446010368,416.57986,0.0
2021-12-06,11.063531,106.660645,2021-12-06 02:42:59.473006848,417.30655,0.0
2021-12-06,11.077556,106.63188,2021-12-06 02:42:59.526999552,417.15887,0.0
2021-12-06,11.051571,106.73072,2021-12-06 02:42:59.697990400,415.78934,0.0
2021-12-06,11.058839,106.716324,2021-12-06 02:42:59.724986880,416.80505,0.0
2021-12-06,11.07319,106.687546,2021-12-06 02:42:59.779019776,417.751,0.0
2021-12-06,11.080281,106.673164,2021-12-06 02:42:59.806016512,417.7185,0.0
2021-12-06,11.094332,106.64439,2021-12-06 02:42:59.860009216,418.0679,0.0
2021-12-06,11.061101,106.75763,2021-12-06 02:43:00.005009408,416.95737,0.0
2021-12-06,11.068304,106.74324,2021-12-06 02:43:00.032005888,416.68735,0.0
2021-12-06,11.075553,106.72886,2021-12-06 02:43:00.059002368,417.0457,0.0
2021-12-06,11.089865,106.70009,2021-12-06 02:43:00.112995072,415.7548,0.0
2021-12-06,11.096982,106.68571,2021-12-06 02:43:00.139991808,417.55414,0.0
2021-12-06,11.104019,106.671326,2021-12-06 02:43:00.166988032,417.20148,0.0
2021-12-06,11.111029,106.656944,2021-12-06 02:43:00.194024704,417.2933,0.0
2021-12-06,11.077798,106.770164,2021-12-06 02:43:00.338019072,417.01547,0.0
2021-12-06,11.120916,106.683815,2021-12-06 02:43:00.499997696,418.82135,0.0
2021-12-06,11.1279125,106.66943,2021-12-06 02:43:00.526994176,416.08215,0.0
2021-12-06,11.101845,106.76828,2021-12-06 02:43:00.698025216,417.90045,0.0
2021-12-06,11.109077,106.75389,2021-12-06 02:43:00.725021696,417.12088,0.0
2021-12-06,11.116252,106.7395,2021-12-06 02:43:00.752017920,417.36304,0.0
2021-12-06,11.123404,106.72512,2021-12-06 02:43:00.779014656,417.4733,0.0
2021-12-06,11.130452,106.71073,2021-12-06 02:43:00.806010880,417.90823,0.0
2021-12-06,11.137525,106.69635,2021-12-06 02:43:00.833007360,418.15045,0.0
2021-12-06,11.118629,106.780785,2021-12-06 02:43:01.032000512,416.94714,0.0
2021-12-06,11.125806,106.766396,2021-12-06 02:43:01.058996992,417.2068,0.0
2021-12-06,11.132997,106.75201,2021-12-06 02:43:01.085993216,417.55447,0.0
2021-12-06,11.161321,106.694466,2021-12-06 02:43:01.194019328,418.3065,0.0
2021-12-06,11.12813,106.8077,2021-12-06 02:43:01.338013696,416.45898,0.0
2021-12-06,11.142623,106.778915,2021-12-06 02:43:01.392006656,416.7514,0.0
2021-12-06,11.149807,106.76453,2021-12-06 02:43:01.419003136,417.12323,0.0
2021-12-06,11.15691,106.750145,2021-12-06 02:43:01.445999360,416.97855,0.0
2021-12-06,11.164014,106.735756,2021-12-06 02:43:01.472995840,417.113,0.0
2021-12-06,11.17807,106.70699,2021-12-06 02:43:01.526988800,417.0711,0.0
2021-12-06,11.144887,106.820244,2021-12-06 02:43:01.671023360,416.7784,0.0
2021-12-06,11.15218,106.80585,2021-12-06 02:43:01.698019840,417.39447,0.0
2021-12-06,11.159375,106.79145,2021-12-06 02:43:01.725016064,417.5661,0.0
2021-12-06,11.173685,106.76267,2021-12-06 02:43:01.779009024,417.7854,0.0
2021-12-06,11.180771,106.74829,2021-12-06 02:43:01.806005504,417.0622,0.0
2021-12-06,11.187798,106.7339,2021-12-06 02:43:01.833001984,418.2123,0.0
2021-12-06,11.278142,106.316505,2021-12-06 02:43:04.004987648,418.1564,0.0
2021-12-06,11.285086,106.30193,2021-12-06 02:43:04.032024320,418.09448,0.0
2021-12-06,11.298862,106.27273,2021-12-06 02:43:04.086017280,417.807,0.0
2021-12-06,11.305693,106.25811,2021-12-06 02:43:04.113013760,416.9669,0.0
2021-12-06,11.319241,106.2288,2021-12-06 02:43:04.167006464,417.68,0.0
2021-12-06,11.325986,106.214134,2021-12-06 02:43:04.194003200,418.43652,0.0
2021-12-06,10.76802,106.341965,2021-12-06 02:43:15.752017152,417.8279,0.0
2021-12-06,10.770252,106.32375,2021-12-06 02:43:15.779013632,418.73508,0.0
2021-12-06,10.801482,106.36693,2021-12-06 02:43:16.419002112,417.35922,0.0
2021-12-06,10.822632,106.3429,2021-12-06 02:43:16.806004480,417.6706,0.0
2021-12-06,10.84361,106.318756,2021-12-06 02:43:17.194013184,418.0583,0.0
2021-12-06,10.844665,106.45889,2021-12-06 02:43:17.338007552,418.32315,0.0
2021-12-06,10.853982,106.38619,2021-12-06 02:43:17.445993216,417.93954,0.0
2021-12-06,10.863814,106.45319,2021-12-06 02:43:17.698013440,418.1548,0.0
2021-12-06,10.872912,106.38042,2021-12-06 02:43:17.805999360,418.1787,0.0
2021-12-06,10.878149,106.483986,2021-12-06 02:43:18.004992256,417.357,0.0
2021-12-06,10.887466,106.41125,2021-12-06 02:43:18.113018368,417.5749,0.0
2021-12-06,10.889657,106.39296,2021-12-06 02:43:18.140014592,417.94174,0.0
2021-12-06,10.891792,106.37463,2021-12-06 02:43:18.167011328,418.735,0.0
2021-12-06,10.893873,106.356255,2021-12-06 02:43:18.194007552,418.72552,0.0
2021-12-06,10.897333,106.4782,2021-12-06 02:43:18.364998400,417.2765,0.0
2021-12-06,10.904257,106.42359,2021-12-06 02:43:18.445987584,417.17764,0.0
2021-12-06,10.908609,106.387,2021-12-06 02:43:18.500020736,418.15454,0.0
2021-12-06,10.91068,106.36864,2021-12-06 02:43:18.527017216,417.8068,0.0
2021-12-06,10.9231825,106.41794,2021-12-06 02:43:18.805993728,418.15024,0.0
2021-12-06,10.925314,106.399635,2021-12-06 02:43:18.832990208,417.96912,0.0
2021-12-06,10.927364,106.38127,2021-12-06 02:43:18.860026880,417.8296,0.0
2021-12-06,10.937726,106.44877,2021-12-06 02:43:19.113012736,417.79904,0.0
2021-12-06,10.942059,106.41213,2021-12-06 02:43:19.167005696,417.6283,0.0
2021-12-06,10.944188,106.393776,2021-12-06 02:43:19.194002176,417.70612,0.0
2021-12-06,10.945212,106.53387,2021-12-06 02:43:19.337996544,418.08136,0.0
2021-12-06,10.94762,106.515724,2021-12-06 02:43:19.364993024,417.31506,0.0
2021-12-06,10.958795,106.42454,2021-12-06 02:43:19.500015360,416.50006,0.0
2021-12-06,10.961908,106.54648,2021-12-06 02:43:19.671006208,417.9534,0.0
2021-12-06,10.964265,106.528336,2021-12-06 02:43:19.698002688,417.89154,0.0
2021-12-06,10.966674,106.5102,2021-12-06 02:43:19.724998912,417.74203,0.0
2021-12-06,10.9712305,106.47377,2021-12-06 02:43:19.778991872,417.73422,0.0
2021-12-06,10.973402,106.45548,2021-12-06 02:43:19.805988352,416.70956,0.0
2021-12-06,10.975556,106.43718,2021-12-06 02:43:19.833025024,417.20093,0.0
2021-12-06,10.977628,106.41882,2021-12-06 02:43:19.860021504,417.47662,0.0
2021-12-06,10.980988,106.540924,2021-12-06 02:43:20.032018176,417.87515,0.0
2021-12-06,10.985703,106.504555,2021-12-06 02:43:20.086010880,417.95346,0.0
2021-12-06,10.990143,106.467995,2021-12-06 02:43:20.140003840,417.68686,0.0
2021-12-06,10.99229,106.44965,2021-12-06 02:43:20.167000320,418.03296,0.0
2021-12-06,10.994368,106.43126,2021-12-06 02:43:20.193996544,418.0547,0.0
2021-12-06,11.00014,106.535065,2021-12-06 02:43:20.392024320,417.0089,0.0
2021-12-06,11.002444,106.51688,2021-12-06 02:43:20.419020544,418.09854,0.0
2021-12-06,11.004701,106.49865,2021-12-06 02:43:20.446017024,417.8326,0.0
2021-12-06,11.006909,106.48039,2021-12-06 02:43:20.473013504,417.49573,0.0
2021-12-06,11.009038,106.462074,2021-12-06 02:43:20.500009984,418.42526,0.0
2021-12-06,11.0111265,106.443726,2021-12-06 02:43:20.527006464,417.6412,0.0
2021-12-06,11.011987,106.583984,2021-12-06 02:43:20.671000832,417.5523,0.0
2021-12-06,11.021397,106.51137,2021-12-06 02:43:20.778986496,418.72748,0.0
2021-12-06,11.023609,106.4931,2021-12-06 02:43:20.806023168,417.2833,0.0
2021-12-06,11.027797,106.4564,2021-12-06 02:43:20.860016128,417.38876,0.0
2021-12-06,11.028708,106.59655,2021-12-06 02:43:21.005016320,418.0102,0.0
2021-12-06,11.031125,106.57841,2021-12-06 02:43:21.032012800,418.41138,0.0
2021-12-06,11.03358,106.56026,2021-12-06 02:43:21.059009024,417.41528,0.0
2021-12-06,11.038209,106.52382,2021-12-06 02:43:21.113001984,418.37997,0.0
2021-12-06,11.040292,106.50548,2021-12-06 02:43:21.139998464,417.49936,0.0
2021-12-06,11.042451,106.487144,2021-12-06 02:43:21.166994688,417.72974,0.0
2021-12-06,11.044515,106.46875,2021-12-06 02:43:21.193991168,416.82672,0.0
2021-12-06,11.047893,106.59076,2021-12-06 02:43:21.365022464,416.9927,0.0
2021-12-06,11.050266,106.572586,2021-12-06 02:43:21.392018688,417.96198,0.0
2021-12-06,11.052579,106.55439,2021-12-06 02:43:21.419015168,418.25586,0.0
2021-12-06,11.057228,106.51797,2021-12-06 02:43:21.473008128,419.0469,0.0
2021-12-06,11.059219,106.49959,2021-12-06 02:43:21.500004608,417.8964,0.0
2021-12-06,11.061336,106.48124,2021-12-06 02:43:21.527000832,417.75772,0.0
2021-12-06,11.062277,106.62154,2021-12-06 02:43:21.670995200,417.49664,0.0
2021-12-06,11.064619,106.6034,2021-12-06 02:43:21.697991936,418.50806,0.0
2021-12-06,11.06709,106.585304,2021-12-06 02:43:21.724988160,418.05124,0.0
2021-12-06,11.069294,106.56708,2021-12-06 02:43:21.752024832,418.31577,0.0
2021-12-06,11.071589,106.548874,2021-12-06 02:43:21.779021312,418.6275,0.0
2021-12-06,11.073738,106.53058,2021-12-06 02:43:21.806017792,418.65265,0.0
2021-12-06,11.075957,106.51229,2021-12-06 02:43:21.833014272,418.22653,0.0
2021-12-06,11.078039,106.49392,2021-12-06 02:43:21.860010496,418.78384,0.0
2021-12-06,11.079049,106.634186,2021-12-06 02:43:22.005010944,417.98044,0.0
2021-12-06,11.081311,106.61598,2021-12-06 02:43:22.032007168,417.6795,0.0
2021-12-06,11.083673,106.5978,2021-12-06 02:43:22.059003904,417.948,0.0
2021-12-06,11.086084,106.57962,2021-12-06 02:43:22.086000128,418.95728,0.0
2021-12-06,11.088417,106.561386,2021-12-06 02:43:22.112996608,417.8809,0.0
2021-12-06,11.090586,106.54307,2021-12-06 02:43:22.139992832,418.24127,0.0
2021-12-06,11.092622,106.52467,2021-12-06 02:43:22.166989312,419.14243,0.0
2021-12-06,11.094933,106.50637,2021-12-06 02:43:22.194025984,417.69873,0.0
2021-12-06,11.095908,106.64654,2021-12-06 02:43:22.338020608,418.11334,0.0
2021-12-06,11.09813,106.62833,2021-12-06 02:43:22.365016832,417.87183,0.0
2021-12-06,11.100588,106.610176,2021-12-06 02:43:22.392013312,417.80957,0.0
2021-12-06,11.102802,106.59194,2021-12-06 02:43:22.419009792,417.42126,0.0
2021-12-06,11.105238,106.573784,2021-12-06 02:43:22.446006272,418.4428,0.0
2021-12-06,11.109511,106.53717,2021-12-06 02:43:22.499998976,418.9254,0.0
2021-12-06,11.111526,106.518776,2021-12-06 02:43:22.526995712,417.92947,0.0
2021-12-06,11.117225,106.62285,2021-12-06 02:43:22.725022976,418.22046,0.0
2021-12-06,11.124133,106.568214,2021-12-06 02:43:22.806012416,418.2435,0.0
2021-12-06,11.126294,106.54987,2021-12-06 02:43:22.833008640,418.45746,0.0
2021-12-06,11.1283865,106.53149,2021-12-06 02:43:22.860005120,417.5289,0.0
2021-12-06,11.129416,106.671715,2021-12-06 02:43:23.005005312,416.9083,0.0
2021-12-06,11.131655,106.65351,2021-12-06 02:43:23.032002048,417.5719,0.0
2021-12-06,11.134016,106.635345,2021-12-06 02:43:23.058998272,417.44763,0.0
2021-12-06,11.136339,106.61714,2021-12-06 02:43:23.085994752,417.32852,0.0
2021-12-06,11.138578,106.598885,2021-12-06 02:43:23.112990976,417.406,0.0
2021-12-06,11.140867,106.58063,2021-12-06 02:43:23.139987456,418.7948,0.0
2021-12-06,11.143047,106.5623,2021-12-06 02:43:23.167024128,418.29257,0.0
2021-12-06,11.148602,106.666016,2021-12-06 02:43:23.365011456,418.4496,0.0
2021-12-06,11.153242,106.62962,2021-12-06 02:43:23.419004416,417.0386,0.0
2021-12-06,11.155436,106.61137,2021-12-06 02:43:23.446000896,417.7395,0.0
2021-12-06,11.157569,106.593056,2021-12-06 02:43:23.472997120,418.41785,0.0
2021-12-06,11.159704,106.57473,2021-12-06 02:43:23.499993856,416.81693,0.0
2021-12-06,11.161814,106.55637,2021-12-06 02:43:23.526990080,417.1827,0.0
2021-12-06,11.162831,106.69677,2021-12-06 02:43:23.671024896,418.3352,0.0
2021-12-06,11.165306,106.67868,2021-12-06 02:43:23.698021120,417.3706,0.0
2021-12-06,11.167681,106.66054,2021-12-06 02:43:23.725017600,418.037,0.0
2021-12-06,11.170017,106.64236,2021-12-06 02:43:23.752014080,417.36728,0.0
2021-12-06,11.172064,106.62404,2021-12-06 02:43:23.779010560,417.41644,0.0
2021-12-06,11.176414,106.58741,2021-12-06 02:43:23.833003264,418.40237,0.0
2021-12-06,11.17862,106.56906,2021-12-06 02:43:23.859999744,419.1438,0.0
2021-12-06,11.179745,106.70933,2021-12-06 02:43:24.005000192,416.85715,0.0
2021-12-06,11.1821375,106.691185,2021-12-06 02:43:24.031996416,417.69568,0.0
2021-12-06,11.184461,106.673,2021-12-06 02:43:24.058992896,417.56775,0.0
2021-12-06,11.186742,106.65477,2021-12-06 02:43:24.085989120,417.26474,0.0
2021-12-06,11.189044,106.636536,2021-12-06 02:43:24.113025792,417.63025,0.0
2021-12-06,11.191259,106.618256,2021-12-06 02:43:24.140022272,417.41223,0.0
2021-12-06,11.19316,106.59981,2021-12-06 02:43:24.167019008,418.0686,0.0
2021-12-06,11.195376,106.58148,2021-12-06 02:43:24.194015232,417.2623,0.0
2021-12-06,11.201258,106.68545,2021-12-06 02:43:24.392002560,419.65964,0.0
2021-12-06,11.20356,106.667244,2021-12-06 02:43:24.418999040,417.0212,0.0
2021-12-06,11.205837,106.64902,2021-12-06 02:43:24.445995264,418.5239,0.0
2021-12-06,11.207965,106.630714,2021-12-06 02:43:24.472992000,417.50912,0.0
2021-12-06,11.21005,106.612366,2021-12-06 02:43:24.499988224,417.90228,0.0
2021-12-06,11.212107,106.59398,2021-12-06 02:43:24.527024896,418.04037,0.0
2021-12-06,11.217892,106.69813,2021-12-06 02:43:24.725012224,416.94025,0.0
2021-12-06,11.220209,106.67994,2021-12-06 02:43:24.752008704,418.17197,0.0
2021-12-06,11.222437,106.66169,2021-12-06 02:43:24.779004928,418.66818,0.0
2021-12-06,11.224565,106.64337,2021-12-06 02:43:24.806001408,418.04453,0.0
2021-12-06,11.226698,106.625015,2021-12-06 02:43:24.832997888,417.87524,0.0
2021-12-06,11.228776,106.60661,2021-12-06 02:43:24.859994368,418.84927,0.0
2021-12-06,11.232214,106.728775,2021-12-06 02:43:25.031991040,417.58075,0.0
2021-12-06,11.234569,106.7106,2021-12-06 02:43:25.058987264,418.28738,0.0
2021-12-06,11.236888,106.69239,2021-12-06 02:43:25.086023936,417.55615,0.0
2021-12-06,11.239184,106.67415,2021-12-06 02:43:25.113020416,417.6525,0.0
2021-12-06,11.241379,106.65585,2021-12-06 02:43:25.140017152,417.72778,0.0
2021-12-06,11.243522,106.63751,2021-12-06 02:43:25.167013376,417.35794,0.0
2021-12-06,11.245555,106.619095,2021-12-06 02:43:25.194009856,417.40826,0.0
2021-12-06,11.246519,106.75938,2021-12-06 02:43:25.338004224,416.45303,0.0
2021-12-06,11.248908,106.74121,2021-12-06 02:43:25.365000704,418.4915,0.0
2021-12-06,11.251366,106.72306,2021-12-06 02:43:25.391997184,417.56403,0.0
2021-12-06,11.453555,106.50979,2021-12-06 02:43:27.005024000,418.134,0.0
2021-12-06,11.455692,106.49119,2021-12-06 02:43:27.032020224,418.23398,0.0
2021-12-06,11.457712,106.472496,2021-12-06 02:43:27.059016704,417.93872,0.0
2021-12-06,11.459544,106.45368,2021-12-06 02:43:27.086013440,418.4489,0.0
2021-12-18,21.221247,105.41407,2021-12-18 07:55:59.977014272,421.56085,0.0
2021-12-18,20.962856,105.73597,2021-12-18 07:56:05.418022912,419.8415,0.0
2021-12-18,20.94723,105.750534,2021-12-18 07:56:05.751998208,419.9738,0.0
2021-12-18,20.888231,105.71257,2021-12-18 07:56:06.977016576,419.83533,0.0
2021-12-18,20.884695,105.783394,2021-12-18 07:56:07.058005760,419.88702,0.0
2021-12-18,20.853088,105.81173,2021-12-18 07:56:07.724990720,419.69043,0.0
2021-12-18,20.823532,105.792946,2021-12-18 07:56:08.337017344,420.5572,0.0
2021-12-18,20.808825,105.78343,2021-12-18 07:56:08.643996160,420.59665,0.0
2021-12-18,20.795668,105.750465,2021-12-18 07:56:08.923012864,419.4501,0.0
2021-12-18,21.187178,105.67512,2021-12-18 07:56:24.057994240,420.33435,0.0
2021-12-18,21.112099,105.76635,2021-12-18 07:56:25.752010240,420.06006,0.0
2021-12-18,21.08354,105.72055,2021-12-18 07:56:26.003990528,420.16998,0.0
2021-12-18,21.055267,105.6744,2021-12-18 07:56:26.256010752,420.5041,0.0
2021-12-18,21.063461,105.714645,2021-12-18 07:56:26.310003712,420.23145,0.0
2021-12-18,21.067608,105.734695,2021-12-18 07:56:26.337000192,419.62625,0.0
2021-12-18,21.075993,105.77468,2021-12-18 07:56:26.390993152,419.78864,0.0
2021-12-18,21.047577,105.72883,2021-12-18 07:56:26.644019200,419.58316,0.0
2021-12-18,21.051756,105.748924,2021-12-18 07:56:26.671015680,419.178,0.0
2021-12-18,21.023516,105.70285,2021-12-18 07:56:26.922995712,419.15933,0.0
2021-12-18,21.03172,105.74311,2021-12-18 07:56:26.976988672,419.42633,0.0
2021-12-18,21.003613,105.69675,2021-12-18 07:56:27.229008896,419.90067,0.0
2021-12-18,21.015833,105.75723,2021-12-18 07:56:27.309998336,419.6626,0.0
2021-12-18,20.991772,105.731186,2021-12-18 07:56:27.590020864,418.94522,0.0
2021-12-18,20.99586,105.75132,2021-12-18 07:56:27.617017344,418.3314,0.0
2021-12-18,20.975847,105.74534,2021-12-18 07:56:27.922990336,419.3682,0.0
2021-12-18,20.97989,105.76547,2021-12-18 07:56:27.950027008,419.3612,0.0
2021-12-18,20.984032,105.78557,2021-12-18 07:56:27.977023488,419.06375,0.0
2021-12-18,20.955849,105.73926,2021-12-18 07:56:28.229003520,419.82855,0.0
2021-12-18,20.959919,105.75947,2021-12-18 07:56:28.256000000,419.0866,0.0
2021-12-18,20.964005,105.77962,2021-12-18 07:56:28.282996480,418.85483,0.0
2021-12-18,20.972239,105.8198,2021-12-18 07:56:28.336989440,419.6821,0.0
2021-12-18,21.719753,105.3561,2021-12-18 07:56:37.058004224,418.23392,0.0
2021-12-18,21.697268,105.35196,2021-12-18 07:56:37.364017408,417.48996,0.0
2021-12-18,21.69509,105.4026,2021-12-18 07:56:37.752025600,417.14987,0.0
2021-12-18,21.642887,105.37621,2021-12-18 07:56:38.337015552,418.9465,0.0
2021-12-18,21.29085,105.74062,2021-12-18 07:56:46.057995520,420.34055,0.0
2021-12-18,21.254705,105.69973,2021-12-18 07:56:46.310016000,421.62042,0.0
2021-12-18,21.238792,105.71392,2021-12-18 07:56:46.643991296,420.09424,0.0
2021-12-18,21.258972,105.768875,2021-12-18 07:56:46.725020672,419.63284,0.0
2021-12-18,21.26572,105.78706,2021-12-18 07:56:46.752016896,420.02957,0.0
2021-12-18,21.222914,105.72816,2021-12-18 07:56:46.977000704,420.99802,0.0
2021-12-18,21.236355,105.76484,2021-12-18 07:56:47.030993664,419.51266,0.0
2021-12-18,21.243086,105.78308,2021-12-18 07:56:47.057990144,419.96494,0.0
2021-12-18,21.249838,105.80128,2021-12-18 07:56:47.084986624,419.1551,0.0
2021-12-18,21.213703,105.76071,2021-12-18 07:56:47.337007104,419.39108,0.0
2021-12-18,21.220432,105.779015,2021-12-18 07:56:47.364003328,419.53677,0.0
2021-12-18,21.233896,105.815414,2021-12-18 07:56:47.417996288,419.10828,0.0
2021-12-18,21.191092,105.75646,2021-12-18 07:56:47.644026112,420.10272,0.0
2021-12-18,21.197813,105.77485,2021-12-18 07:56:47.671022336,418.66074,0.0
2021-12-18,21.204542,105.79317,2021-12-18 07:56:47.698018816,418.41818,0.0
2021-12-18,21.211267,105.8114,2021-12-18 07:56:47.725015040,418.58395,0.0
2021-12-18,21.217993,105.82956,2021-12-18 07:56:47.752011776,418.78174,0.0
2021-12-18,21.181896,105.78906,2021-12-18 07:56:48.003991808,419.3741,0.0
2021-12-18,21.19534,105.82564,2021-12-18 07:56:48.058024960,418.76553,0.0
2021-12-18,21.202076,105.8438,2021-12-18 07:56:48.085021440,418.99716,0.0
2021-12-18,21.172695,105.82148,2021-12-18 07:56:48.363997952,419.40085,0.0
2021-12-18,21.179438,105.83975,2021-12-18 07:56:48.390994432,418.2318,0.0
2021-12-18,21.18615,105.85792,2021-12-18 07:56:48.417990656,419.33026,0.0
2021-12-18,21.163517,105.85395,2021-12-18 07:56:48.725009920,419.0535,0.0
2021-12-18,21.170202,105.872086,2021-12-18 07:56:48.752006400,418.3838,0.0
2021-12-18,21.140793,105.84984,2021-12-18 07:56:49.031023104,417.50714,0.0
2021-12-18,21.14749,105.86806,2021-12-18 07:56:49.058019584,419.62872,0.0
2021-12-18,21.154215,105.88622,2021-12-18 07:56:49.085016064,418.07062,0.0
2021-12-18,21.118176,105.84576,2021-12-18 07:56:49.336996096,419.2189,0.0
2021-12-18,21.124899,105.86408,2021-12-18 07:56:49.363992576,419.36307,0.0
2021-12-18,21.131603,105.88231,2021-12-18 07:56:49.390988800,419.43817,0.0
2021-12-18,21.138329,105.90048,2021-12-18 07:56:49.418025472,418.6399,0.0
2021-12-18,21.115705,105.89649,2021-12-18 07:56:49.725004544,418.85318,0.0
2021-12-18,21.122437,105.91468,2021-12-18 07:56:49.752000768,418.14792,0.0
2021-12-18,21.674883,105.54266,2021-12-18 07:57:04.004025600,417.10394,0.0
2021-12-18,21.719976,105.565834,2021-12-18 07:57:04.085015040,416.57028,0.0
2021-12-18,21.628105,105.56371,2021-12-18 07:57:04.644014336,417.69962,0.0
2021-12-18,21.658169,105.579,2021-12-18 07:57:04.698007040,417.11478,0.0
2021-12-18,21.688196,105.5944,2021-12-18 07:57:04.751999744,416.09763,0.0
2021-12-18,21.65735,105.601006,2021-12-18 07:57:05.058013184,415.8531,0.0
2021-12-18,21.672369,105.60854,2021-12-18 07:57:05.085009664,416.3569,0.0
2021-12-18,21.641466,105.61521,2021-12-18 07:57:05.391022848,416.69495,0.0
2021-12-18,21.625572,105.62941,2021-12-18 07:57:05.724997888,416.38763,0.0
2021-12-18,21.640581,105.63706,2021-12-18 07:57:05.751994624,416.55505,0.0
2021-12-18,21.466335,105.771515,2021-12-18 07:57:09.057991424,417.3947,0.0
2021-12-18,21.450438,105.78578,2021-12-18 07:57:09.391001344,418.2702,0.0
2021-12-18,21.38946,105.776436,2021-12-18 07:57:09.643987200,417.5189,0.0
2021-12-18,21.4345,105.79996,2021-12-18 07:57:09.725016576,418.70615,0.0
2021-12-18,21.373539,105.79069,2021-12-18 07:57:09.976996864,417.73187,0.0
2021-12-18,21.35758,105.804855,2021-12-18 07:57:10.310006272,417.58694,0.0
2021-12-18,21.372606,105.812706,2021-12-18 07:57:10.337002752,418.46692,0.0
2021-12-18,21.402632,105.8283,2021-12-18 07:57:10.390995712,417.09018,0.0
2021-12-18,21.326626,105.81136,2021-12-18 07:57:10.617025280,419.42535,0.0
2021-12-18,21.341656,105.81904,2021-12-18 07:57:10.644022016,418.80438,0.0
2021-12-18,21.356674,105.826904,2021-12-18 07:57:10.671018240,418.27628,0.0
2021-12-18,21.371689,105.83472,2021-12-18 07:57:10.698014720,418.49457,0.0
2021-12-18,21.386696,105.84247,2021-12-18 07:57:10.725011456,418.04657,0.0
2021-12-18,21.401695,105.85019,2021-12-18 07:57:10.752007680,418.0948,0.0
2021-12-18,21.310705,105.82531,2021-12-18 07:57:10.949995008,419.93854,0.0
2021-12-18,21.325731,105.83323,2021-12-18 07:57:10.976991488,419.06796,0.0
2021-12-18,21.355757,105.84895,2021-12-18 07:57:11.031024384,418.55597,0.0
2021-12-18,21.385754,105.86445,2021-12-18 07:57:11.085017088,417.9462,0.0
2021-12-18,21.294752,105.83962,2021-12-18 07:57:11.283004416,419.2883,0.0
2021-12-18,21.309782,105.84739,2021-12-18 07:57:11.310000896,419.19983,0.0
2021-12-18,21.324797,105.855286,2021-12-18 07:57:11.336997632,419.43335,0.0
2021-12-18,21.339806,105.863106,2021-12-18 07:57:11.363993856,418.83563,0.0
2021-12-18,21.354807,105.87089,2021-12-18 07:57:11.390990336,418.87967,0.0
2021-12-18,21.369799,105.87863,2021-12-18 07:57:11.418027008,419.01117,0.0
2021-12-18,21.248737,105.83763,2021-12-18 07:57:11.562986752,418.66058,0.0
2021-12-18,21.278824,105.853645,2021-12-18 07:57:11.617020160,419.79056,0.0
2021-12-18,21.293854,105.86157,2021-12-18 07:57:11.644016384,418.83395,0.0
2021-12-18,21.308872,105.86944,2021-12-18 07:57:11.671012864,418.64777,0.0
2021-12-18,21.32388,105.87727,2021-12-18 07:57:11.698009600,419.05515,0.0
2021-12-18,21.338879,105.88505,2021-12-18 07:57:11.725005824,418.08914,0.0
2021-12-18,21.35387,105.89279,2021-12-18 07:57:11.752002304,418.56638,0.0
2021-12-18,21.232796,105.85185,2021-12-18 07:57:11.895996672,419.27176,0.0
2021-12-18,21.247843,105.85988,2021-12-18 07:57:11.922993152,417.8429,0.0
2021-12-18,21.262878,105.86786,2021-12-18 07:57:11.949989632,419.67294,0.0
2021-12-18,21.277905,105.875786,2021-12-18 07:57:11.977026304,419.10733,0.0
2021-12-18,21.292923,105.88361,2021-12-18 07:57:12.004022528,418.34467,0.0
2021-12-18,21.307932,105.89145,2021-12-18 07:57:12.031019008,419.06342,0.0
2021-12-18,21.322935,105.89919,2021-12-18 07:57:12.058015232,419.34836,0.0
2021-12-18,21.337933,105.90693,2021-12-18 07:57:12.085011968,418.66138,0.0
2021-12-18,21.216888,105.86601,2021-12-18 07:57:12.229006336,418.71048,0.0
2021-12-18,21.231937,105.87409,2021-12-18 07:57:12.256002560,418.49948,0.0
2021-12-18,21.246973,105.882065,2021-12-18 07:57:12.282999040,419.02548,0.0
2021-12-18,21.277012,105.897835,2021-12-18 07:57:12.336992000,418.74445,0.0
2021-12-18,21.292019,105.90566,2021-12-18 07:57:12.363988480,419.3614,0.0
2021-12-18,21.307016,105.91343,2021-12-18 07:57:12.391025152,419.62,0.0
2021-12-18,21.322008,105.921165,2021-12-18 07:57:12.418021632,417.78964,0.0
2021-12-18,21.200947,105.88017,2021-12-18 07:57:12.563021568,418.7466,0.0
2021-12-18,21.215992,105.888214,2021-12-18 07:57:12.590018304,418.28537,0.0
2021-12-18,21.231026,105.896225,2021-12-18 07:57:12.617014528,418.41068,0.0
2021-12-18,21.306068,105.93537,2021-12-18 07:57:12.751996672,418.94485,0.0
2021-12-18,21.185022,105.89432,2021-12-18 07:57:12.895991296,419.00592,0.0
2021-12-18,21.215096,105.91035,2021-12-18 07:57:12.950024448,418.1077,0.0
2021-12-18,21.230118,105.91829,2021-12-18 07:57:12.977020672,418.1884,0.0
2021-12-18,21.275131,105.94178,2021-12-18 07:57:13.058010112,418.92215,0.0
2021-12-18,21.290121,105.94951,2021-12-18 07:57:13.085006592,419.10648,0.0
2021-12-18,21.169054,105.90848,2021-12-18 07:57:13.229000704,417.84494,0.0
2021-12-18,21.199125,105.92456,2021-12-18 07:57:13.282993920,418.39783,0.0
2021-12-18,21.259176,105.955956,2021-12-18 07:57:13.391019776,418.89597,0.0
2021-12-18,21.27417,105.963684,2021-12-18 07:57:13.418016256,418.55142,0.0
2021-12-18,21.213215,105.95445,2021-12-18 07:57:13.671002112,419.09796,0.0
2021-12-18,21.228216,105.96229,2021-12-18 07:57:13.697998592,418.14398,0.0
2021-12-18,21.24321,105.97006,2021-12-18 07:57:13.724994816,418.34064,0.0
2021-12-18,21.258196,105.97779,2021-12-18 07:57:13.751991296,418.66232,0.0
2021-12-18,21.212273,105.976425,2021-12-18 07:57:14.031008256,418.37546,0.0
2021-12-18,21.227274,105.98421,2021-12-18 07:57:14.058004736,418.86505,0.0
2021-12-18,21.166286,105.97485,2021-12-18 07:57:14.310024960,417.47687,0.0
2021-12-18,21.19534,106.01261,2021-12-18 07:57:14.724989440,419.29196,0.0
2021-12-18,21.210335,106.020325,2021-12-18 07:57:14.752026112,418.79117,0.0
2021-12-18,21.098572,106.11953,2021-12-18 07:57:17.085025024,420.44705,0.0
2021-12-18,21.06766,106.12583,2021-12-18 07:57:17.390997760,420.6555,0.0
2021-12-18,21.082647,106.13356,2021-12-18 07:57:17.417994496,419.66885,0.0
2021-12-18,21.006746,106.116394,2021-12-18 07:57:17.644024064,420.32126,0.0
2021-12-18,21.051722,106.13993,2021-12-18 07:57:17.725013504,418.85358,0.0
2021-12-18,20.975758,106.122536,2021-12-18 07:57:17.949997312,420.251,0.0
2021-12-18,20.99077,106.1305,2021-12-18 07:57:17.976993536,419.9366,0.0
2021-12-18,21.020773,106.14623,2021-12-18 07:57:18.031026944,419.58392,0.0
2021-12-18,21.035763,106.154015,2021-12-18 07:57:18.058023168,419.8095,0.0
2021-12-18,21.05074,106.16176,2021-12-18 07:57:18.085019648,419.55988,0.0
2021-12-18,20.974783,106.14467,2021-12-18 07:57:18.310003200,419.2955,0.0
2021-12-18,21.019756,106.16821,2021-12-18 07:57:18.390992640,419.76202,0.0
2021-12-18,21.034735,106.17595,2021-12-18 07:57:18.417989120,418.7279,0.0
2021-12-18,21.002768,106.20421,2021-12-18 07:57:19.085014016,419.07294,0.0
2021-12-18,21.818384,105.5289,2021-12-18 07:57:23.950004736,416.70172,0.0
2021-12-18,21.821491,105.54613,2021-12-18 07:57:24.310010880,417.6473,0.0
2021-12-18,21.840145,105.549484,2021-12-18 07:57:24.337007616,417.2475,0.0
2021-12-18,21.858892,105.552666,2021-12-18 07:57:24.364003840,418.0174,0.0
2021-12-18,21.805288,105.56033,2021-12-18 07:57:24.644026624,416.39014,0.0
2021-12-18,21.823969,105.563614,2021-12-18 07:57:24.671022848,418.26196,0.0
2021-12-18,21.842724,105.56676,2021-12-18 07:57:24.698019328,417.25412,0.0
2021-12-18,21.86155,105.569786,2021-12-18 07:57:24.725015552,417.59805,0.0
2021-12-18,21.880398,105.57283,2021-12-18 07:57:24.752012288,417.13385,0.0
2021-12-18,21.752308,105.56796,2021-12-18 07:57:24.923002880,416.32257,0.0
2021-12-18,21.789606,105.574554,2021-12-18 07:57:24.976995840,416.2344,0.0
2021-12-18,21.826765,105.58153,2021-12-18 07:57:25.030988800,417.08716,0.0
2021-12-18,21.845753,105.58407,2021-12-18 07:57:25.058025472,416.67197,0.0
2021-12-18,21.864573,105.587074,2021-12-18 07:57:25.085021952,415.90756,0.0
2021-12-18,21.763275,105.63778,2021-12-18 07:57:26.363992832,416.59366,0.0
2021-12-18,21.766315,105.65498,2021-12-18 07:57:26.725004800,416.0654,0.0
2021-12-18,21.640835,105.66742,2021-12-18 07:57:27.256002048,417.89478,0.0
2021-12-18,21.64379,105.68492,2021-12-18 07:57:27.617013760,417.0363,0.0
2021-12-18,21.662458,105.68814,2021-12-18 07:57:27.644009984,417.0218,0.0
2021-12-18,21.686562,105.72609,2021-12-18 07:57:28.391018752,416.87497,0.0
2021-12-18,21.670898,105.74034,2021-12-18 07:57:28.724994304,416.22958,0.0
2021-12-18,21.622915,105.78294,2021-12-18 07:57:29.724988672,417.64853,0.0
2021-12-18,21.607113,105.79726,2021-12-18 07:57:30.057998080,417.3867,0.0
2021-12-18,21.516214,105.79854,2021-12-18 07:57:30.283022080,417.81058,0.0
2021-12-18,21.534815,105.80186,2021-12-18 07:57:30.310018560,416.73834,0.0
2021-12-18,21.553469,105.8051,2021-12-18 07:57:30.337015040,417.59995,0.0
2021-12-18,21.572157,105.80832,2021-12-18 07:57:30.364011520,417.0854,0.0
2021-12-18,21.59093,105.811386,2021-12-18 07:57:30.391008000,416.50702,0.0
2021-12-18,21.60977,105.81442,2021-12-18 07:57:30.418004480,416.54062,0.0
2021-12-18,21.500177,105.81268,2021-12-18 07:57:30.616997376,418.04044,0.0
2021-12-18,21.575,105.82563,2021-12-18 07:57:30.725023488,418.0504,0.0
2021-12-18,21.593847,105.828674,2021-12-18 07:57:30.752019968,416.48416,0.0
2021-12-18,21.484415,105.827034,2021-12-18 07:57:30.950007296,417.86877,0.0
2021-12-18,21.503096,105.83035,2021-12-18 07:57:30.977003520,417.92764,0.0
2021-12-18,21.45001,105.837814,2021-12-18 07:57:31.256020224,418.6623,0.0
2021-12-18,21.468588,105.841225,2021-12-18 07:57:31.283016704,418.331,0.0
2021-12-18,21.415264,105.84856,2021-12-18 07:57:31.562999296,418.94824,0.0
2021-12-18,21.452381,105.855316,2021-12-18 07:57:31.616992000,418.5104,0.0
2021-12-18,21.471031,105.85861,2021-12-18 07:57:31.643988736,418.91547,0.0
2021-12-18,21.489681,105.86196,2021-12-18 07:57:31.671025152,417.86618,0.0
2021-12-18,21.383492,105.87693,2021-12-18 07:57:32.229018368,418.54352,0.0
2021-12-18,21.402006,105.880356,2021-12-18 07:57:32.256014848,417.6793,0.0
2021-12-18,21.420574,105.883705,2021-12-18 07:57:32.283011328,418.99658,0.0
2021-12-18,21.439182,105.88701,2021-12-18 07:57:32.310007808,419.26984,0.0
2021-12-18,21.457832,105.890274,2021-12-18 07:57:32.337004288,418.69162,0.0
2021-12-18,21.476536,105.89346,2021-12-18 07:57:32.364000768,418.06467,0.0
2021-12-18,21.495323,105.89651,2021-12-18 07:57:32.390997248,418.04156,0.0
2021-12-18,21.36736,105.89097,2021-12-18 07:57:32.562993664,418.7399,0.0
2021-12-18,21.38589,105.89445,2021-12-18 07:57:32.589990144,418.47012,0.0
2021-12-18,21.40446,105.897865,2021-12-18 07:57:32.617026816,419.22644,0.0
2021-12-18,21.423105,105.90115,2021-12-18 07:57:32.644023296,419.1602,0.0
2021-12-18,21.441788,105.90441,2021-12-18 07:57:32.671019776,419.15662,0.0
2021-12-18,21.460499,105.90768,2021-12-18 07:57:32.698016256,418.46005,0.0
2021-12-18,21.351473,105.90519,2021-12-18 07:57:32.896003584,418.57275,0.0
2021-12-18,21.407314,105.91536,2021-12-18 07:57:32.976992512,418.5929,0.0
2021-12-18,21.463537,105.92498,2021-12-18 07:57:33.058022144,417.7607,0.0
2021-12-18,21.482368,105.928055,2021-12-18 07:57:33.085018624,418.304,0.0
2021-12-18,21.335506,105.9195,2021-12-18 07:57:33.229012992,419.21793,0.0
2021-12-18,21.35405,105.922935,2021-12-18 07:57:33.256009472,418.44434,0.0
2021-12-18,21.372665,105.926254,2021-12-18 07:57:33.283005952,419.83713,0.0
2021-12-18,21.391285,105.92963,2021-12-18 07:57:33.310002432,418.64127,0.0
2021-12-18,21.409971,105.932884,2021-12-18 07:57:33.336998912,418.1054,0.0
2021-12-18,21.466343,105.94227,2021-12-18 07:57:33.417988096,417.23727,0.0
2021-12-18,21.319538,105.933655,2021-12-18 07:57:33.562988288,418.38184,0.0
2021-12-18,21.338078,105.9371,2021-12-18 07:57:33.590024960,419.16028,0.0
2021-12-18,21.356663,105.94049,2021-12-18 07:57:33.617021440,418.87885,0.0
2021-12-18,21.375294,105.943825,2021-12-18 07:57:33.644017920,417.54126,0.0
2021-12-18,21.412718,105.95029,2021-12-18 07:57:33.698010624,417.4713,0.0
2021-12-18,21.43153,105.95338,2021-12-18 07:57:33.725007104,418.3167,0.0
2021-12-18,21.303621,105.9478,2021-12-18 07:57:33.895997952,419.19864,0.0
2021-12-18,21.32214,105.9513,2021-12-18 07:57:33.922994432,418.7384,0.0
2021-12-18,21.340721,105.95469,2021-12-18 07:57:33.949990656,419.25012,0.0
2021-12-18,21.359383,105.95793,2021-12-18 07:57:33.977027328,419.09186,0.0
2021-12-18,21.378052,105.96122,2021-12-18 07:57:34.004024064,418.80573,0.0
2021-12-18,21.39674,105.96451,2021-12-18 07:57:34.031020288,417.7595,0.0
2021-12-18,21.43436,105.97071,2021-12-18 07:57:34.085013504,417.81296,0.0
2021-12-18,21.28767,105.96194,2021-12-18 07:57:34.229007616,419.74124,0.0
2021-12-18,21.306221,105.9654,2021-12-18 07:57:34.256004096,418.82877,0.0
2021-12-18,21.324799,105.968834,2021-12-18 07:57:34.283000576,418.77563,0.0
2021-12-18,21.343458,105.97211,2021-12-18 07:57:34.309997056,419.1304,0.0
2021-12-18,21.362112,105.97546,2021-12-18 07:57:34.336993536,418.66705,0.0
2021-12-18,21.418516,105.984764,2021-12-18 07:57:34.418022912,418.1444,0.0
2021-12-18,21.27171,105.97608,2021-12-18 07:57:34.563023104,419.58,0.0
2021-12-18,21.346142,105.98952,2021-12-18 07:57:34.671008768,418.68176,0.0
2021-12-18,21.38367,105.99586,2021-12-18 07:57:34.725001728,418.31567,0.0
2021-12-18,21.274292,105.99369,2021-12-18 07:57:34.922988800,419.1832,0.0
2021-12-18,21.292883,105.99708,2021-12-18 07:57:34.950025472,419.05856,0.0
2021-12-18,21.311533,106.00038,2021-12-18 07:57:34.977022208,419.1887,0.0
2021-12-18,21.348934,106.00689,2021-12-18 07:57:35.031014912,418.60086,0.0
2021-12-18,21.367731,106.01,2021-12-18 07:57:35.058011648,418.7622,0.0
2021-12-18,21.279608,106.02872,2021-12-18 07:57:35.644006912,419.4029,0.0
2021-12-18,21.317,106.03527,2021-12-18 07:57:35.697999872,418.90192,0.0
2021-12-18,21.354656,106.04143,2021-12-18 07:57:35.751992576,418.4987,0.0
2021-12-18,21.301102,106.049355,2021-12-18 07:57:36.031009792,419.32083,0.0
2021-12-18,21.319891,106.0525,2021-12-18 07:57:36.058006016,419.22498,0.0
2021-12-18,21.33871,106.055626,2021-12-18 07:57:36.085002496,418.00006,0.0
2021-12-18,21.24772,106.057,2021-12-18 07:57:36.310026496,419.1489,0.0
2021-12-18,21.266375,106.06033,2021-12-18 07:57:36.337022720,420.09265,0.0
2021-12-18,21.28514,106.06345,2021-12-18 07:57:36.364019200,419.18286,0.0
2021-12-18,21.32275,106.06968,2021-12-18 07:57:36.418012160,418.23022,0.0
2021-12-18,21.269117,106.07763,2021-12-18 07:57:36.697994496,418.92755,0.0
2021-12-18,21.306747,106.083855,2021-12-18 07:57:36.751987456,418.80063,0.0
2021-12-18,21.271982,106.09486,2021-12-18 07:57:37.058000640,418.81857,0.0
2021-12-18,21.290815,106.097946,2021-12-18 07:57:37.084996864,419.38885,0.0
2021-12-18,21.218437,106.10272,2021-12-18 07:57:37.337017344,419.7354,0.0
2021-12-18,21.237175,106.10593,2021-12-18 07:57:37.364013568,420.72452,0.0
2021-12-18,21.165098,106.11031,2021-12-18 07:57:37.616999680,418.73807,0.0
2021-12-18,21.202414,106.11693,2021-12-18 07:57:37.670992640,419.93558,0.0
2021-12-18,21.221155,106.12013,2021-12-18 07:57:37.697988864,421.3039,0.0
2021-12-18,21.239946,106.12328,2021-12-18 07:57:37.724985600,418.7177,0.0
2021-12-18,21.25879,106.126366,2021-12-18 07:57:37.752022272,419.60965,0.0
2021-12-18,21.242811,106.140495,2021-12-18 07:57:38.084991488,419.78006,0.0
2021-12-18,21.048035,106.17416,2021-12-18 07:57:39.229020928,420.25015,0.0
2021-12-18,21.06657,106.17763,2021-12-18 07:57:39.256017152,418.99728,0.0
2021-12-18,21.03204,106.188194,2021-12-18 07:57:39.562995968,419.68097,0.0
2021-12-18,21.050589,106.191666,2021-12-18 07:57:39.589992448,419.7681,0.0
2021-12-18,21.069181,106.19507,2021-12-18 07:57:39.616988928,419.87173,0.0
2021-12-18,21.016066,106.20228,2021-12-18 07:57:39.896005632,420.3321,0.0
2021-12-18,21.053192,106.20917,2021-12-18 07:57:39.949998592,420.8563,0.0
2021-12-18,21.071825,106.212524,2021-12-18 07:57:39.976995072,420.60635,0.0
2021-12-18,21.128012,106.22223,2021-12-18 07:57:40.058024448,419.9052,0.0
2021-12-18,21.018602,106.219955,2021-12-18 07:57:40.256011776,420.1919,0.0
2021-12-18,21.037193,106.223366,2021-12-18 07:57:40.283008000,420.1627,0.0
2021-12-18,21.05583,106.226715,2021-12-18 07:57:40.310004736,420.92242,0.0
2021-12-18,21.074514,106.23,2021-12-18 07:57:40.337000960,420.26685,0.0
2021-12-18,21.13081,106.23964,2021-12-18 07:57:40.417990400,419.53622,0.0
2021-12-18,21.021318,106.23737,2021-12-18 07:57:40.617023744,421.14627,0.0
2021-12-18,21.039976,106.2407,2021-12-18 07:57:40.644019968,421.81448,0.0
2021-12-18,21.05867,106.24397,2021-12-18 07:57:40.671016704,420.4744,0.0
2021-12-18,21.077381,106.24722,2021-12-18 07:57:40.698013184,421.29468,0.0
2021-12-18,21.06131,106.261444,2021-12-18 07:57:41.031022592,420.51892,0.0
2021-12-18,21.080101,106.2646,2021-12-18 07:57:41.058019072,419.07272,0.0
2021-12-18,21.371004,106.66925,2021-12-18 07:57:45.057997568,416.9003,0.0
2021-12-18,21.90553,105.66623,2021-12-18 07:57:46.364005120,417.05795,0.0
2021-12-18,21.67577,105.797585,2021-12-18 07:57:48.922993664,417.3849,0.0
2021-12-18,21.6693,105.82189,2021-12-18 07:57:49.617015040,417.4274,0.0
2021-12-18,21.523092,105.91532,2021-12-18 07:57:51.563011328,418.28925,0.0
2021-12-18,21.475239,105.957886,2021-12-18 07:57:52.563005952,419.41492,0.0
2021-12-18,21.459019,105.972015,2021-12-18 07:57:52.896015616,418.7928,0.0
2021-12-18,21.484203,105.96783,2021-12-18 07:57:52.923012096,417.38058,0.0
2021-12-20,9.411081,105.423515,2021-12-20 08:01:07.390997760,422.21564,0.0
2021-12-20,9.3852415,105.4613,2021-12-20 08:01:08.085019392,423.35364,0.0
2021-12-20,9.360556,105.46037,2021-12-20 08:01:08.390992128,422.22968,0.0
2021-12-20,9.343795,105.47283,2021-12-20 08:01:08.725007872,422.04898,0.0
2021-12-20,9.351678,105.4861,2021-12-20 08:01:08.752004096,423.1197,0.0
2021-12-20,9.31021,105.4976,2021-12-20 08:01:09.390987008,421.72897,0.0
2021-12-20,9.277664,105.48322,2021-12-20 08:01:09.671009536,423.48886,0.0
2021-12-20,9.285484,105.49654,2021-12-20 08:01:09.698006016,421.79965,0.0
2021-12-20,9.293332,105.50983,2021-12-20 08:01:09.725002240,421.57703,0.0
2021-12-20,9.301207,105.5231,2021-12-20 08:01:09.751998976,421.85306,0.0
2021-12-20,9.245274,105.46886,2021-12-20 08:01:09.950026240,422.05548,0.0
2021-12-20,9.268606,105.508766,2021-12-20 08:01:10.031015680,421.17435,0.0
2021-12-20,9.276441,105.52203,2021-12-20 08:01:10.058011904,420.27005,0.0
2021-12-20,9.259636,105.53447,2021-12-20 08:01:10.391021824,420.42416,0.0
2021-12-20,9.267487,105.54771,2021-12-20 08:01:10.418018048,419.37442,0.0
2021-12-20,9.22595,105.55893,2021-12-20 08:01:11.058006528,420.8519,0.0
2021-12-25,12.899873,108.74789,2021-12-25 05:39:33.229024000,417.83057,0.0
2021-12-25,12.921891,108.86627,2021-12-25 05:39:34.085024000,416.91592,0.0
2021-12-25,12.83312,108.79853,2021-12-25 05:39:34.562993408,417.87634,0.0
2021-12-25,12.838413,108.92955,2021-12-25 05:39:35.752003328,418.74265,0.0
2021-12-25,12.63793,109.0812,2021-12-25 05:39:39.752022016,416.84277,0.0
2021-12-25,12.581484,109.02739,2021-12-25 05:39:39.950009344,415.69153,0.0
2021-12-25,12.597273,109.054,2021-12-25 05:39:40.004002048,416.30957,0.0
2021-12-25,12.605199,109.06726,2021-12-25 05:39:40.030998784,417.45847,0.0
2021-12-25,12.613163,109.08053,2021-12-25 05:39:40.057995008,416.59195,0.0
2021-12-25,12.621154,109.093765,2021-12-25 05:39:40.084991488,418.0284,0.0
2021-12-25,12.580575,109.066605,2021-12-25 05:39:40.337011712,417.26993,0.0
2021-12-25,12.588509,109.07987,2021-12-25 05:39:40.364008192,418.3361,0.0
2021-12-25,12.5964775,109.09314,2021-12-25 05:39:40.391004672,417.1135,0.0
2021-12-25,12.604472,109.10639,2021-12-25 05:39:40.418001152,417.5687,0.0
2021-12-25,12.540254,109.039314,2021-12-25 05:39:40.589997824,416.59637,0.0
2021-12-25,12.548119,109.05266,2021-12-25 05:39:40.616994048,417.57217,0.0
2021-12-25,12.556011,109.06599,2021-12-25 05:39:40.643990528,416.9199,0.0
2021-12-25,12.563927,109.07929,2021-12-25 05:39:40.671027200,417.3788,0.0
2021-12-25,12.571858,109.09256,2021-12-25 05:39:40.698023680,417.63,0.0
2021-12-25,12.57982,109.10582,2021-12-25 05:39:40.725020160,417.40317,0.0
2021-12-25,12.587808,109.11906,2021-12-25 05:39:40.752016640,417.7315,0.0
2021-12-25,12.539266,109.07854,2021-12-25 05:39:40.977000192,417.7085,0.0
2021-12-25,12.5471735,109.09183,2021-12-25 05:39:41.003996928,416.9536,0.0
2021-12-25,12.555107,109.105095,2021-12-25 05:39:41.030993152,417.47525,0.0
2021-12-25,12.563068,109.118355,2021-12-25 05:39:41.057989632,417.8321,0.0
2021-12-25,12.571058,109.13159,2021-12-25 05:39:41.084985856,416.72076,0.0
2021-12-25,12.538406,109.11775,2021-12-25 05:39:41.364002816,417.771,0.0
2021-12-25,12.546376,109.13102,2021-12-25 05:39:41.390999296,416.80716,0.0
2021-12-25,12.554372,109.14427,2021-12-25 05:39:41.417995776,417.23767,0.0
2021-12-25,12.482275,109.06375,2021-12-25 05:39:41.562995968,417.3031,0.0
2021-12-25,12.490098,109.077095,2021-12-25 05:39:41.589992192,416.7907,0.0
2021-12-25,12.505822,109.10372,2021-12-25 05:39:41.644025344,416.98956,0.0
2021-12-25,12.513723,109.117004,2021-12-25 05:39:41.671021824,417.02304,0.0
2021-12-25,12.521653,109.13028,2021-12-25 05:39:41.698018304,418.2749,0.0
2021-12-25,12.529608,109.14354,2021-12-25 05:39:41.725014784,417.36868,0.0
2021-12-25,12.537593,109.15678,2021-12-25 05:39:41.752011264,418.32852,0.0
2021-12-25,12.465505,109.07631,2021-12-25 05:39:41.896005632,417.00302,0.0
2021-12-25,12.489102,109.11637,2021-12-25 05:39:41.976995072,417.2012,0.0
2021-12-25,12.49702,109.12969,2021-12-25 05:39:42.003991296,417.3266,0.0
2021-12-25,12.504965,109.14298,2021-12-25 05:39:42.030987776,416.57993,0.0
2021-12-25,12.512938,109.15626,2021-12-25 05:39:42.058024448,418.27808,0.0
2021-12-25,12.520919,109.16949,2021-12-25 05:39:42.085020672,416.40433,0.0
2021-12-25,12.464457,109.11559,2021-12-25 05:39:42.283008000,418.32928,0.0
2021-12-25,12.47235,109.12894,2021-12-25 05:39:42.310004480,416.96637,0.0
2021-12-25,12.48027,109.14226,2021-12-25 05:39:42.337000960,416.80554,0.0
2021-12-25,12.488217,109.155556,2021-12-25 05:39:42.363997440,417.57962,0.0
2021-12-25,12.496192,109.16884,2021-12-25 05:39:42.390993920,418.54868,0.0
2021-12-25,12.50419,109.1821,2021-12-25 05:39:42.417990144,418.7762,0.0
2021-12-25,12.198023,109.27795,2021-12-25 05:39:47.228988160,416.50925,0.0
2021-12-25,12.196888,109.31712,2021-12-25 05:39:47.616996608,417.55878,0.0
2021-12-28,10.485599,105.06952,2021-12-28 04:51:45.229009664,414.83673,0.0
2021-12-28,10.43521,105.106766,2021-12-28 04:51:46.229004288,418.6209,0.0
2021-12-28,10.425835,105.132744,2021-12-28 04:51:46.590016000,419.83908,0.0
2021-12-28,9.541219,105.8406,2021-12-28 04:52:04.670988288,418.4721,0.0
2021-12-29,15.064337,107.70097,2021-12-29 04:03:03.951996416,415.69452,0.0
2021-12-29,15.072257,107.71439,2021-12-29 04:03:03.978992640,417.7537,0.0
2021-12-29,15.080205,107.727806,2021-12-29 04:03:04.005989120,417.08606,0.0
2021-12-29,15.05567,107.72732,2021-12-29 04:03:04.312002304,417.9825,0.0
2021-12-29,15.063617,107.74073,2021-12-29 04:03:04.338998784,417.5416,0.0
2021-12-29,15.07159,107.75411,2021-12-29 04:03:04.365995264,414.6268,0.0
2021-12-29,15.039083,107.740234,2021-12-29 04:03:04.646017792,417.52695,0.0
2021-12-29,15.0470295,107.75364,2021-12-29 04:03:04.673014272,417.37778,0.0
2021-12-29,15.055002,107.76702,2021-12-29 04:03:04.700010752,416.38504,0.0
2021-12-29,14.998809,107.7128,2021-12-29 04:03:04.897997824,417.99817,0.0
2021-12-29,15.00668,107.72627,2021-12-29 04:03:04.924994560,417.88818,0.0
2021-12-29,15.014574,107.739716,2021-12-29 04:03:04.951990784,417.33072,0.0
2021-12-29,15.022497,107.75314,2021-12-29 04:03:04.978987264,417.13214,0.0
2021-12-29,15.030442,107.76655,2021-12-29 04:03:05.006023936,417.23157,0.0
2021-12-29,15.038407,107.77992,2021-12-29 04:03:05.033020416,417.09134,0.0
2021-12-29,15.046388,107.79325,2021-12-29 04:03:05.060016896,416.9967,0.0
2021-12-29,14.98222,107.72571,2021-12-29 04:03:05.231007488,416.02536,0.0
2021-12-29,14.997995,107.75263,2021-12-29 04:03:05.285000448,417.90994,0.0
2021-12-29,15.005911,107.76605,2021-12-29 04:03:05.311996928,416.47754,0.0
2021-12-29,15.013853,107.77945,2021-12-29 04:03:05.338993408,417.26773,0.0
2021-12-29,14.965642,107.738625,2021-12-29 04:03:05.565023232,415.87012,0.0
2021-12-29,14.973517,107.7521,2021-12-29 04:03:05.592019456,417.27158,0.0
2021-12-29,14.98141,107.76554,2021-12-29 04:03:05.619015936,417.05737,0.0
2021-12-29,14.989327,107.77895,2021-12-29 04:03:05.646012416,418.11014,0.0
2021-12-29,14.964825,107.77844,2021-12-29 04:03:05.952025600,417.84845,0.0
2021-12-29,14.956151,107.80477,2021-12-29 04:03:06.311991552,416.77902,0.0
2021-12-29,14.964091,107.81817,2021-12-29 04:03:06.338987776,416.8964,0.0
2021-12-29,14.988042,107.85821,2021-12-29 04:03:06.420017408,418.34882,0.0
2021-12-29,14.931649,107.80425,2021-12-29 04:03:06.619010560,417.52792,0.0
2021-12-29,14.947497,107.831055,2021-12-29 04:03:06.673003520,417.12955,0.0
2021-12-29,14.955461,107.84444,2021-12-29 04:03:06.699999744,417.50998,0.0
2021-12-29,14.922972,107.830574,2021-12-29 04:03:06.979016704,417.48874,0.0
2021-12-29,14.930908,107.843956,2021-12-29 04:03:07.006013184,416.4305,0.0
2021-12-29,14.938855,107.8573,2021-12-29 04:03:07.033009408,418.0157,0.0
2021-12-29,14.8905945,107.81662,2021-12-29 04:03:07.257993216,418.1456,0.0
2021-12-29,14.898472,107.83005,2021-12-29 04:03:07.284989696,416.3579,0.0
2021-12-29,14.906382,107.84347,2021-12-29 04:03:07.312026368,417.01407,0.0
2021-12-29,14.881886,107.84295,2021-12-29 04:03:07.619005184,417.75806,0.0
2021-12-29,14.8897915,107.85636,2021-12-29 04:03:07.646001664,417.01187,0.0
2021-12-29,14.865289,107.855835,2021-12-29 04:03:07.952014848,417.15588,0.0
2021-12-29,14.873198,107.869255,2021-12-29 04:03:07.979011328,416.7042,0.0
2021-12-29,14.90504,107.92262,2021-12-29 04:03:08.086996992,418.8636,0.0
2021-12-29,14.832969,107.84184,2021-12-29 04:03:08.230991360,418.2297,0.0
2021-12-29,14.840811,107.855286,2021-12-29 04:03:08.257987840,417.40005,0.0
2021-12-29,14.848693,107.86872,2021-12-29 04:03:08.285024512,417.41788,0.0
2021-12-29,14.856604,107.88214,2021-12-29 04:03:08.312020736,416.07428,0.0
2021-12-29,14.872489,107.90889,2021-12-29 04:03:08.366013696,419.19,0.0
2021-12-29,14.816359,107.85471,2021-12-29 04:03:08.565006848,417.2569,0.0
2021-12-29,14.824215,107.86817,2021-12-29 04:03:08.592003328,417.32373,0.0
2021-12-29,14.832104,107.881615,2021-12-29 04:03:08.618999808,415.97443,0.0
2021-12-29,14.840008,107.89503,2021-12-29 04:03:08.645996032,414.8026,0.0
2021-12-29,14.86386,107.935104,2021-12-29 04:03:08.727025664,415.91522,0.0
2021-12-29,14.799757,107.8676,2021-12-29 04:03:08.898016512,416.13593,0.0
2021-12-29,14.847272,107.94801,2021-12-29 04:03:09.059995136,417.6722,0.0
2021-12-29,14.855267,107.96132,2021-12-29 04:03:09.086991616,416.38834,0.0
2021-12-29,14.783162,107.880486,2021-12-29 04:03:09.231026176,416.46155,0.0
2021-12-29,14.791034,107.89395,2021-12-29 04:03:09.258022656,415.91788,0.0
2021-12-29,14.806818,107.92079,2021-12-29 04:03:09.312015616,416.9018,0.0
2021-12-29,14.814741,107.93417,2021-12-29 04:03:09.339011840,417.63422,0.0
2021-12-29,14.822696,107.94755,2021-12-29 04:03:09.366008320,417.71988,0.0
2021-12-29,14.8306675,107.960884,2021-12-29 04:03:09.393004800,416.06256,0.0
2021-12-29,14.774459,107.90685,2021-12-29 04:03:09.591997952,416.75473,0.0
2021-12-29,14.790216,107.93368,2021-12-29 04:03:09.645990912,416.04303,0.0
2021-12-29,14.798142,107.94707,2021-12-29 04:03:09.673027584,416.24454,0.0
2021-12-29,14.806086,107.96041,2021-12-29 04:03:09.700023808,417.87616,0.0
2021-12-29,14.750007,107.90628,2021-12-29 04:03:09.898011136,416.3263,0.0
2021-12-29,14.797478,107.98668,2021-12-29 04:03:10.059989760,417.9783,0.0
2021-12-29,14.772899,107.98621,2021-12-29 04:03:10.366002944,415.1563,0.0
2021-12-29,14.780883,107.99957,2021-12-29 04:03:10.392999424,416.82437,0.0
2021-12-29,14.732507,107.9589,2021-12-29 04:03:10.618989056,414.33063,0.0
2021-12-29,14.700179,107.94489,2021-12-29 04:03:10.898005760,417.8457,0.0
2021-12-29,14.708014,107.958336,2021-12-29 04:03:10.925001984,414.81177,0.0
2021-12-29,14.666957,107.97061,2021-12-29 04:03:11.564990464,416.7014,0.0
2021-12-29,14.67483,107.98408,2021-12-29 04:03:11.591987200,417.1835,0.0
2021-12-29,14.65038,107.98348,2021-12-29 04:03:11.898000128,417.6152,0.0
2021-12-29,14.658231,107.99694,2021-12-29 04:03:11.924996608,417.32404,0.0
2021-12-29,14.666104,108.01037,2021-12-29 04:03:11.951993088,416.47055,0.0
2021-12-29,14.67401,108.023766,2021-12-29 04:03:11.978989568,417.0759,0.0
2021-12-29,14.649512,108.023224,2021-12-29 04:03:12.285002752,418.31488,0.0
2021-12-29,14.657408,108.03663,2021-12-29 04:03:12.311999232,418.71484,0.0
2021-12-29,14.6171875,108.00921,2021-12-29 04:03:12.565025280,416.28036,0.0
2021-12-29,14.625033,108.02266,2021-12-29 04:03:12.592022016,416.5838,0.0
2021-12-29,14.632912,108.03609,2021-12-29 04:03:12.619018240,417.96744,0.0
2021-12-29,14.640804,108.04949,2021-12-29 04:03:12.646014720,417.23105,0.0
2021-12-29,14.608428,108.03552,2021-12-29 04:03:12.924991232,416.3617,0.0
2021-12-29,14.534139,108.073494,2021-12-29 04:03:14.230999040,415.08923,0.0
2021-12-29,14.541988,108.08695,2021-12-29 04:03:14.257995520,416.16003,0.0
2021-12-29,14.484309,108.112045,2021-12-29 04:03:15.230993664,417.03824,0.0
2021-12-29,14.492141,108.12549,2021-12-29 04:03:15.257990144,418.57474,0.0
2021-12-29,14.500011,108.138916,2021-12-29 04:03:15.285026816,416.22754,0.0
2021-12-29,14.467682,108.12488,2021-12-29 04:03:15.565009152,417.4403,0.0
2021-12-29,14.475525,108.13833,2021-12-29 04:03:15.592005376,418.49936,0.0
