latitude,longitude,time,date,xco2,xco2_quality_flag
21.371294,105.3475,2023-01-01 02:00:44.955996,2023-01-01,421.98654,0
21.36844,105.37165,2023-01-01 02:00:44.982992,2023-01-01,420.92252,0
21.355185,105.361786,2023-01-01 02:00:45.290011,2023-01-01,421.64285,0
21.352543,105.385895,2023-01-01 02:00:45.317008,2023-01-01,422.36514,0
21.344742,105.32796,2023-01-01 02:00:45.568988,2023-01-01,421.26105,0
21.341993,105.35196,2023-01-01 02:00:45.596025,2023-01-01,421.0355,0
21.339197,105.37602,2023-01-01 02:00:45.623021,2023-01-01,420.78586,0
21.3366,105.40008,2023-01-01 02:00:45.650017,2023-01-01,421.27457,0
21.323463,105.39035,2023-01-01 02:00:45.955990,2023-01-01,421.2045,0
21.320728,105.41446,2023-01-01 02:00:45.983027,2023-01-01,420.60468,0
21.312721,105.35645,2023-01-01 02:00:46.236013,2023-01-01,421.9903,0
21.307463,105.404434,2023-01-01 02:00:46.290006,2023-01-01,421.96017,0
21.304752,105.428535,2023-01-01 02:00:46.317002,2023-01-01,421.3048,0
21.302374,105.32272,2023-01-01 02:00:46.514989,2023-01-01,422.15732,0
21.278105,105.40885,2023-01-01 02:00:46.928988,2023-01-01,422.29626,0
21.251644,105.38939,2023-01-01 02:00:47.542021,2023-01-01,421.2857,0
21.248896,105.41334,2023-01-01 02:00:47.569017,2023-01-01,421.69363,0
21.240913,105.48542,2023-01-01 02:00:47.650006,2023-01-01,421.1295,0
21.238546,105.379555,2023-01-01 02:00:47.847994,2023-01-01,421.74802,0
21.235737,105.40347,2023-01-01 02:00:47.874990,2023-01-01,422.62567,0
21.227646,105.47556,2023-01-01 02:00:47.956020,2023-01-01,421.2208,0
21.225046,105.499664,2023-01-01 02:00:47.983016,2023-01-01,420.75668,0
21.222704,105.39402,2023-01-01 02:00:48.182009,2023-01-01,421.31216,0
21.219881,105.41791,2023-01-01 02:00:48.209006,2023-01-01,422.35263,0
21.214405,105.46578,2023-01-01 02:00:48.262999,2023-01-01,421.19107,0
21.211748,105.489815,2023-01-01 02:00:48.289995,2023-01-01,421.2123,0
21.209145,105.513885,2023-01-01 02:00:48.316991,2023-01-01,421.73288,0
21.206831,105.408295,2023-01-01 02:00:48.515019,2023-01-01,421.32672,0
21.195848,105.5041,2023-01-01 02:00:48.623004,2023-01-01,420.81882,0
21.190937,105.422485,2023-01-01 02:00:48.847988,2023-01-01,421.29587,0
21.174974,105.43659,2023-01-01 02:00:49.182004,2023-01-01,421.0131,0
21.161386,105.5565,2023-01-01 02:00:49.317026,2023-01-01,421.97638,0
21.140312,105.488976,2023-01-01 02:00:49.875020,2023-01-01,421.25244,0
21.137556,105.51292,2023-01-01 02:00:49.902016,2023-01-01,421.59836,0
21.134836,105.53691,2023-01-01 02:00:49.929012,2023-01-01,421.13614,0
21.13217,105.560936,2023-01-01 02:00:49.956009,2023-01-01,421.8932,0
21.129553,105.585,2023-01-01 02:00:49.983005,2023-01-01,421.53833,0
21.108406,105.51731,2023-01-01 02:00:50.542004,2023-01-01,419.54092,0
21.105646,105.54124,2023-01-01 02:00:50.569001,2023-01-01,421.72275,0
21.102922,105.56521,2023-01-01 02:00:50.595997,2023-01-01,421.54553,0
21.100248,105.58921,2023-01-01 02:00:50.622994,2023-01-01,421.47098,0
21.097628,105.61325,2023-01-01 02:00:50.649990,2023-01-01,421.31985,0
21.09531,105.50761,2023-01-01 02:00:50.848018,2023-01-01,421.5866,0
21.092472,105.531494,2023-01-01 02:00:50.875014,2023-01-01,421.05283,0
21.086987,105.5794,2023-01-01 02:00:50.929007,2023-01-01,421.2023,0
21.084312,105.60342,2023-01-01 02:00:50.956003,2023-01-01,420.9742,0
21.076645,105.54588,2023-01-01 02:00:51.208989,2023-01-01,421.51688,0
21.073874,105.5698,2023-01-01 02:00:51.236026,2023-01-01,422.11453,0
21.07114,105.593765,2023-01-01 02:00:51.263022,2023-01-01,421.23367,0
21.068453,105.617744,2023-01-01 02:00:51.290019,2023-01-01,421.47006,0
21.065815,105.641754,2023-01-01 02:00:51.317015,2023-01-01,420.4256,0
21.066519,105.51225,2023-01-01 02:00:51.488006,2023-01-01,420.6004,0
21.063564,105.536125,2023-01-01 02:00:51.515002,2023-01-01,421.3701,0
21.060724,105.56002,2023-01-01 02:00:51.541999,2023-01-01,422.029,0
21.057888,105.58396,2023-01-01 02:00:51.568995,2023-01-01,421.8584,0
21.052494,105.63192,2023-01-01 02:00:51.622988,2023-01-01,422.01062,0
21.04989,105.65595,2023-01-01 02:00:51.650025,2023-01-01,421.65466,0
21.044731,105.574165,2023-01-01 02:00:51.875009,2023-01-01,421.6722,0
21.041847,105.59809,2023-01-01 02:00:51.902005,2023-01-01,421.22345,0
21.036486,105.645996,2023-01-01 02:00:51.955998,2023-01-01,421.15668,0
21.033834,105.67001,2023-01-01 02:00:51.982994,2023-01-01,420.99426,0
21.03727,105.51684,2023-01-01 02:00:52.127995,2023-01-01,420.63867,0
21.034206,105.54065,2023-01-01 02:00:52.154991,2023-01-01,420.68793,0
21.03126,105.564476,2023-01-01 02:00:52.181988,2023-01-01,420.7533,0
21.028393,105.58833,2023-01-01 02:00:52.209024,2023-01-01,421.02847,0
21.025652,105.6122,2023-01-01 02:00:52.236021,2023-01-01,420.57437,0
21.022919,105.636116,2023-01-01 02:00:52.263017,2023-01-01,420.97998,0
21.0203,105.66009,2023-01-01 02:00:52.290013,2023-01-01,421.7616,0
21.017687,105.68411,2023-01-01 02:00:52.317010,2023-01-01,420.71735,0
21.018538,105.55477,2023-01-01 02:00:52.488001,2023-01-01,421.53406,0
21.01565,105.57861,2023-01-01 02:00:52.514997,2023-01-01,421.41647,0
21.012814,105.602486,2023-01-01 02:00:52.541994,2023-01-01,422.07272,0
21.010042,105.626396,2023-01-01 02:00:52.568990,2023-01-01,421.8354,0
21.007292,105.65035,2023-01-01 02:00:52.596027,2023-01-01,421.30856,0
21.005634,105.545235,2023-01-01 02:00:52.794014,2023-01-01,421.00693,0
21.002659,105.56903,2023-01-01 02:00:52.821010,2023-01-01,421.925,0
20.996897,105.61673,2023-01-01 02:00:52.875003,2023-01-01,420.99484,0
20.994118,105.64063,2023-01-01 02:00:52.902000,2023-01-01,421.07578,0
20.991375,105.66458,2023-01-01 02:00:52.928996,2023-01-01,421.9327,0
20.988682,105.68856,2023-01-01 02:00:52.955992,2023-01-01,421.6339,0
20.989704,105.55947,2023-01-01 02:00:53.127989,2023-01-01,420.1916,0
20.98674,105.58326,2023-01-01 02:00:53.155026,2023-01-01,421.58514,0
20.983809,105.607086,2023-01-01 02:00:53.182022,2023-01-01,421.75348,0
20.978148,105.65483,2023-01-01 02:00:53.236015,2023-01-01,421.90897,0
20.975403,105.67876,2023-01-01 02:00:53.263011,2023-01-01,421.28674,0
20.972689,105.7027,2023-01-01 02:00:53.290008,2023-01-01,421.93607,0
20.969933,105.7267,2023-01-01 02:00:53.317004,2023-01-01,421.29462,0
20.973593,105.57339,2023-01-01 02:00:53.460999,2023-01-01,419.7184,0
20.97069,105.59719,2023-01-01 02:00:53.487995,2023-01-01,420.6984,0
20.962065,105.66891,2023-01-01 02:00:53.569025,2023-01-01,421.3323,0
20.956718,105.71686,2023-01-01 02:00:53.623018,2023-01-01,420.86154,0
20.954035,105.74092,2023-01-01 02:00:53.650014,2023-01-01,421.24725,0
20.954796,105.61154,2023-01-01 02:00:53.821005,2023-01-01,421.45502,0
20.951885,105.635345,2023-01-01 02:00:53.848001,2023-01-01,420.09695,0
20.946245,105.68306,2023-01-01 02:00:53.901994,2023-01-01,421.7326,0
20.94345,105.70699,2023-01-01 02:00:53.928991,2023-01-01,420.82257,0
20.940742,105.73095,2023-01-01 02:00:53.956027,2023-01-01,421.3782,0
20.938084,105.75495,2023-01-01 02:00:53.983024,2023-01-01,422.00027,0
20.941822,105.60189,2023-01-01 02:00:54.128024,2023-01-01,419.91205,0
20.93887,105.62569,2023-01-01 02:00:54.155020,2023-01-01,420.41473,0
20.933115,105.67338,2023-01-01 02:00:54.209013,2023-01-01,421.37198,0
20.930313,105.69728,2023-01-01 02:00:54.236010,2023-01-01,421.61566,0
20.927565,105.72122,2023-01-01 02:00:54.263006,2023-01-01,420.7923,0
20.924849,105.745186,2023-01-01 02:00:54.290003,2023-01-01,420.1593,0
20.922165,105.769196,2023-01-01 02:00:54.316999,2023-01-01,421.81024,0
20.925875,105.61614,2023-01-01 02:00:54.460993,2023-01-01,420.70465,0
20.92291,105.63991,2023-01-01 02:00:54.487990,2023-01-01,420.65024,0
20.91714,105.687546,2023-01-01 02:00:54.542023,2023-01-01,421.57138,0
20.91433,105.71142,2023-01-01 02:00:54.569019,2023-01-01,422.48843,0
20.908863,105.75927,2023-01-01 02:00:54.623012,2023-01-01,421.21133,0
20.906208,105.78326,2023-01-01 02:00:54.650009,2023-01-01,420.99655,0
20.904089,105.67784,2023-01-01 02:00:54.847996,2023-01-01,421.08215,0
20.901222,105.70168,2023-01-01 02:00:54.874992,2023-01-01,422.01154,0
20.898403,105.72554,2023-01-01 02:00:54.901989,2023-01-01,421.6278,0
20.892918,105.77337,2023-01-01 02:00:54.956022,2023-01-01,421.20822,0
20.878029,105.658615,2023-01-01 02:00:55.460988,2023-01-01,421.0408,0
20.875078,105.68236,2023-01-01 02:00:55.488025,2023-01-01,421.59467,0
20.869259,105.72999,2023-01-01 02:00:55.542017,2023-01-01,421.73526,0
20.866426,105.75385,2023-01-01 02:00:55.569014,2023-01-01,422.2977,0
20.863613,105.77777,2023-01-01 02:00:55.596010,2023-01-01,421.64752,0
20.860899,105.801704,2023-01-01 02:00:55.623007,2023-01-01,422.097,0
20.858234,105.82568,2023-01-01 02:00:55.650003,2023-01-01,422.54745,0
20.862095,105.67272,2023-01-01 02:00:55.793998,2023-01-01,420.86005,0
20.859125,105.69647,2023-01-01 02:00:55.820994,2023-01-01,421.53314,0
20.856203,105.72025,2023-01-01 02:00:55.847991,2023-01-01,421.48825,0
20.853323,105.74407,2023-01-01 02:00:55.874987,2023-01-01,422.0452,0
20.847662,105.79183,2023-01-01 02:00:55.929020,2023-01-01,421.47678,0
20.844908,105.815765,2023-01-01 02:00:55.956017,2023-01-01,421.47684,0
20.84224,105.83973,2023-01-01 02:00:55.983013,2023-01-01,421.36502,0
20.846092,105.68678,2023-01-01 02:00:56.128013,2023-01-01,420.3209,0
20.840214,105.73437,2023-01-01 02:00:56.182006,2023-01-01,421.7818,0
20.83735,105.75821,2023-01-01 02:00:56.209002,2023-01-01,421.3435,0
20.834538,105.78209,2023-01-01 02:00:56.235999,2023-01-01,421.42264,0
20.831776,105.80601,2023-01-01 02:00:56.262995,2023-01-01,421.2894,0
20.828997,105.82996,2023-01-01 02:00:56.289992,2023-01-01,421.50946,0
20.826345,105.85393,2023-01-01 02:00:56.317029,2023-01-01,421.42273,0
20.830141,105.700935,2023-01-01 02:00:56.461023,2023-01-01,420.93915,0
20.827173,105.72472,2023-01-01 02:00:56.488019,2023-01-01,421.7994,0
20.82426,105.74854,2023-01-01 02:00:56.515016,2023-01-01,421.1376,0
20.815779,105.820244,2023-01-01 02:00:56.596005,2023-01-01,422.5892,0
20.81307,105.84422,2023-01-01 02:00:56.623001,2023-01-01,421.06598,0
20.810413,105.86823,2023-01-01 02:00:56.649998,2023-01-01,422.23285,0
20.814243,105.7152,2023-01-01 02:00:56.793992,2023-01-01,420.74014,0
20.811245,105.73894,2023-01-01 02:00:56.820989,2023-01-01,421.04022,0
20.808298,105.76271,2023-01-01 02:00:56.848025,2023-01-01,421.25766,0
20.805384,105.78654,2023-01-01 02:00:56.875022,2023-01-01,422.38083,0
20.802603,105.81041,2023-01-01 02:00:56.902018,2023-01-01,421.33344,0
20.799793,105.83434,2023-01-01 02:00:56.929015,2023-01-01,421.90002,0
20.797083,105.8583,2023-01-01 02:00:56.956011,2023-01-01,421.54572,0
20.794456,105.88228,2023-01-01 02:00:56.983007,2023-01-01,419.8873,0
20.798325,105.729324,2023-01-01 02:00:57.128008,2023-01-01,420.91568,0
20.795311,105.75304,2023-01-01 02:00:57.155004,2023-01-01,421.0171,0
20.792349,105.77679,2023-01-01 02:00:57.182001,2023-01-01,420.95453,0
20.789389,105.80058,2023-01-01 02:00:57.208997,2023-01-01,420.57626,0
20.786543,105.8244,2023-01-01 02:00:57.235993,2023-01-01,421.06827,0
20.780996,105.87222,2023-01-01 02:00:57.290027,2023-01-01,421.58316,0
20.778364,105.89622,2023-01-01 02:00:57.317023,2023-01-01,421.45685,0
20.782331,105.74345,2023-01-01 02:00:57.461017,2023-01-01,420.15906,0
20.776384,105.79102,2023-01-01 02:00:57.515010,2023-01-01,420.86203,0
20.773485,105.814865,2023-01-01 02:00:57.542007,2023-01-01,421.1047,0
20.767859,105.862656,2023-01-01 02:00:57.595999,2023-01-01,422.03796,0
20.765097,105.88662,2023-01-01 02:00:57.622996,2023-01-01,422.0685,0
20.762516,105.910576,2023-01-01 02:00:57.649992,2023-01-01,420.64304,0
20.766417,105.75769,2023-01-01 02:00:57.793987,2023-01-01,420.71884,0
20.760458,105.80522,2023-01-01 02:00:57.848020,2023-01-01,421.30518,0
20.754734,105.852905,2023-01-01 02:00:57.902013,2023-01-01,422.10535,0
20.751884,105.87682,2023-01-01 02:00:57.929009,2023-01-01,420.79202,0
20.749184,105.90076,2023-01-01 02:00:57.956006,2023-01-01,420.92865,0
20.746517,105.92473,2023-01-01 02:00:57.983002,2023-01-01,421.07278,0
20.75048,105.77186,2023-01-01 02:00:58.128002,2023-01-01,420.86197,0
20.741611,105.84318,2023-01-01 02:00:58.208992,2023-01-01,423.03015,0
20.738821,105.86701,2023-01-01 02:00:58.235988,2023-01-01,422.42313,0
20.736034,105.89089,2023-01-01 02:00:58.263025,2023-01-01,422.19193,0
20.733284,105.91481,2023-01-01 02:00:58.290021,2023-01-01,421.37225,0
20.730537,105.93879,2023-01-01 02:00:58.317018,2023-01-01,420.61118,0
20.734426,105.785904,2023-01-01 02:00:58.461012,2023-01-01,420.91122,0
20.7314,105.80964,2023-01-01 02:00:58.488008,2023-01-01,421.3694,0
20.728424,105.83342,2023-01-01 02:00:58.515005,2023-01-01,421.002,0
20.725582,105.85721,2023-01-01 02:00:58.542001,2023-01-01,420.53888,0
20.72274,105.88105,2023-01-01 02:00:58.568998,2023-01-01,422.38702,0
20.717213,105.92884,2023-01-01 02:00:58.622991,2023-01-01,420.5798,0
20.714556,105.95278,2023-01-01 02:00:58.650027,2023-01-01,420.31796,0
20.71847,105.8,2023-01-01 02:00:58.794022,2023-01-01,419.96188,0
20.71541,105.82376,2023-01-01 02:00:58.821018,2023-01-01,420.11386,0
20.712513,105.847534,2023-01-01 02:00:58.848014,2023-01-01,421.7638,0
20.709614,105.871346,2023-01-01 02:00:58.875011,2023-01-01,422.67438,0
20.706795,105.89518,2023-01-01 02:00:58.902007,2023-01-01,420.76865,0
20.703978,105.91906,2023-01-01 02:00:58.929004,2023-01-01,422.02808,0
20.70121,105.94298,2023-01-01 02:00:58.956000,2023-01-01,421.51398,0
20.698559,105.96692,2023-01-01 02:00:58.982997,2023-01-01,421.22296,0
20.690758,105.9093,2023-01-01 02:00:59.236023,2023-01-01,421.8039,0
20.68798,105.93319,2023-01-01 02:00:59.263019,2023-01-01,421.02707,0
20.683458,105.851814,2023-01-01 02:00:59.488003,2023-01-01,421.58896,0
20.680475,105.8756,2023-01-01 02:00:59.514999,2023-01-01,421.52844,0
20.671976,105.94715,2023-01-01 02:00:59.595989,2023-01-01,421.29855,0
20.669245,105.97108,2023-01-01 02:00:59.623025,2023-01-01,419.93784,0
20.666565,105.99504,2023-01-01 02:00:59.650022,2023-01-01,421.3184,0
20.667517,105.86601,2023-01-01 02:00:59.821012,2023-01-01,421.45532,0
20.664595,105.88977,2023-01-01 02:00:59.848009,2023-01-01,421.00388,0
20.661627,105.91358,2023-01-01 02:00:59.875005,2023-01-01,421.71362,0
20.658823,105.9374,2023-01-01 02:00:59.902002,2023-01-01,422.11606,0
20.65602,105.96127,2023-01-01 02:00:59.928998,2023-01-01,421.82178,0
20.653284,105.985176,2023-01-01 02:00:59.955995,2023-01-01,420.75092,0
20.654537,105.85634,2023-01-01 02:01:00.127991,2023-01-01,421.63434,0
20.651558,105.88005,2023-01-01 02:01:00.154988,2023-01-01,420.70898,0
20.648565,105.90381,2023-01-01 02:01:00.182024,2023-01-01,422.68942,0
20.64567,105.9276,2023-01-01 02:01:00.209021,2023-01-01,421.735,0
20.642794,105.95142,2023-01-01 02:01:00.236017,2023-01-01,421.29083,0
20.639969,105.975296,2023-01-01 02:01:00.263014,2023-01-01,421.38504,0
20.637285,105.99919,2023-01-01 02:01:00.290010,2023-01-01,420.61526,0
20.638601,105.87047,2023-01-01 02:01:00.461001,2023-01-01,420.3882,0
20.63557,105.894196,2023-01-01 02:01:00.487998,2023-01-01,421.35983,0
20.63262,105.91795,2023-01-01 02:01:00.514994,2023-01-01,421.21234,0
20.623976,105.98947,2023-01-01 02:01:00.596024,2023-01-01,420.9546,0
20.621294,106.01336,2023-01-01 02:01:00.623020,2023-01-01,420.05237,0
20.622572,105.88463,2023-01-01 02:01:00.794011,2023-01-01,419.02347,0
21.598173,105.307816,2023-01-01 02:01:03.623004,2023-01-01,419.50922,0
21.57849,105.30235,2023-01-01 02:01:03.929017,2023-01-01,421.67352,0
21.581907,105.32192,2023-01-01 02:01:03.956013,2023-01-01,421.00482,0
21.586393,105.34139,2023-01-01 02:01:03.983010,2023-01-01,420.89777,0
21.56296,105.31669,2023-01-01 02:01:04.262992,2023-01-01,421.93835,0
21.566463,105.33626,2023-01-01 02:01:04.289989,2023-01-01,421.9031,0
21.543303,105.31133,2023-01-01 02:01:04.569005,2023-01-01,422.40448,0
21.546638,105.33093,2023-01-01 02:01:04.596002,2023-01-01,422.7579,0
21.550087,105.350494,2023-01-01 02:01:04.622998,2023-01-01,421.29224,0
21.55369,105.370026,2023-01-01 02:01:04.649995,2023-01-01,421.1065,0
21.521135,105.28619,2023-01-01 02:01:04.848022,2023-01-01,421.583,0
21.524336,105.30584,2023-01-01 02:01:04.875019,2023-01-01,422.2502,0
21.527758,105.325455,2023-01-01 02:01:04.902015,2023-01-01,421.365,0
21.534431,105.36463,2023-01-01 02:01:04.956008,2023-01-01,422.14804,0
21.537943,105.38417,2023-01-01 02:01:04.983004,2023-01-01,420.66968,0
21.50204,105.280846,2023-01-01 02:01:05.155001,2023-01-01,421.4064,0
21.51222,105.339874,2023-01-01 02:01:05.235990,2023-01-01,422.74185,0
21.522572,105.39859,2023-01-01 02:01:05.317020,2023-01-01,421.85794,0
21.482924,105.2755,2023-01-01 02:01:05.461014,2023-01-01,421.91983,0
21.486073,105.29521,2023-01-01 02:01:05.488011,2023-01-01,420.0854,0
21.496002,105.35419,2023-01-01 02:01:05.569000,2023-01-01,423.07703,0
21.498999,105.37382,2023-01-01 02:01:05.595996,2023-01-01,420.78198,0
21.503185,105.39333,2023-01-01 02:01:05.622993,2023-01-01,422.5504,0
21.479977,105.368355,2023-01-01 02:01:05.902009,2023-01-01,422.0886,0
21.48332,105.38793,2023-01-01 02:01:05.929006,2023-01-01,423.57153,0
21.45079,105.30397,2023-01-01 02:01:06.127999,2023-01-01,420.38156,0
21.453873,105.323715,2023-01-01 02:01:06.154995,2023-01-01,420.95435,0
21.460379,105.363106,2023-01-01 02:01:06.208988,2023-01-01,421.763,0
21.444672,105.37726,2023-01-01 02:01:06.541998,2023-01-01,421.9758,0
21.44798,105.39688,2023-01-01 02:01:06.568995,2023-01-01,423.2627,0
21.451454,105.41647,2023-01-01 02:01:06.595991,2023-01-01,423.2337,0
21.454836,105.43604,2023-01-01 02:01:06.622987,2023-01-01,422.247,0
21.458265,105.45559,2023-01-01 02:01:06.650024,2023-01-01,422.54855,0
21.431973,105.41115,2023-01-01 02:01:06.902004,2023-01-01,422.21158,0
21.435448,105.43072,2023-01-01 02:01:06.929001,2023-01-01,423.2959,0
21.43903,105.45026,2023-01-01 02:01:06.955997,2023-01-01,422.8542,0
21.442467,105.46979,2023-01-01 02:01:06.982994,2023-01-01,422.2447,0
21.40311,105.34676,2023-01-01 02:01:07.127994,2023-01-01,421.57654,0
21.40635,105.36647,2023-01-01 02:01:07.154990,2023-01-01,421.82504,0
21.416107,105.42542,2023-01-01 02:01:07.236020,2023-01-01,423.5604,0
21.419485,105.445015,2023-01-01 02:01:07.263016,2023-01-01,422.79742,0
21.422901,105.46457,2023-01-01 02:01:07.290013,2023-01-01,422.92172,0
21.426321,105.4841,2023-01-01 02:01:07.317009,2023-01-01,422.2165,0
21.387182,105.36103,2023-01-01 02:01:07.461003,2023-01-01,421.81323,0
21.390402,105.38072,2023-01-01 02:01:07.488000,2023-01-01,420.99185,0
21.393646,105.40039,2023-01-01 02:01:07.514996,2023-01-01,423.08765,0
21.396957,105.42003,2023-01-01 02:01:07.541993,2023-01-01,422.49783,0
21.400366,105.43964,2023-01-01 02:01:07.568989,2023-01-01,422.90524,0
21.403742,105.45921,2023-01-01 02:01:07.596026,2023-01-01,423.26553,0
21.407114,105.47878,2023-01-01 02:01:07.623022,2023-01-01,423.73428,0
21.410566,105.49832,2023-01-01 02:01:07.650019,2023-01-01,422.22266,0
21.37122,105.375465,2023-01-01 02:01:07.794013,2023-01-01,421.84668,0
21.374397,105.395195,2023-01-01 02:01:07.821009,2023-01-01,421.72653,0
21.38095,105.43453,2023-01-01 02:01:07.875002,2023-01-01,422.04968,0
21.38428,105.454124,2023-01-01 02:01:07.901999,2023-01-01,422.57074,0
21.38775,105.47369,2023-01-01 02:01:07.928995,2023-01-01,423.78186,0
21.391022,105.49323,2023-01-01 02:01:07.955992,2023-01-01,422.62555,0
21.394392,105.51276,2023-01-01 02:01:07.982988,2023-01-01,422.4837,0
21.355421,105.38964,2023-01-01 02:01:08.127988,2023-01-01,420.94705,0
21.358667,105.40932,2023-01-01 02:01:08.155025,2023-01-01,422.58765,0
21.361917,105.42896,2023-01-01 02:01:08.182021,2023-01-01,420.2019,0
21.378359,105.52687,2023-01-01 02:01:08.317003,2023-01-01,422.2512,0
21.34245,105.423485,2023-01-01 02:01:08.487994,2023-01-01,421.81076,0
21.34586,105.44311,2023-01-01 02:01:08.514991,2023-01-01,418.55637,0
21.349073,105.462715,2023-01-01 02:01:08.541987,2023-01-01,422.01102,0
21.352415,105.48229,2023-01-01 02:01:08.569024,2023-01-01,422.70184,0
21.355833,105.50184,2023-01-01 02:01:08.596020,2023-01-01,423.2975,0
21.359266,105.52136,2023-01-01 02:01:08.623017,2023-01-01,422.1359,0
21.362614,105.54087,2023-01-01 02:01:08.650013,2023-01-01,421.90234,0
21.333256,105.47689,2023-01-01 02:01:08.874997,2023-01-01,422.07425,0
21.336458,105.49649,2023-01-01 02:01:08.901993,2023-01-01,422.90237,0
21.339735,105.51606,2023-01-01 02:01:08.928990,2023-01-01,423.51816,0
21.343052,105.53561,2023-01-01 02:01:08.956027,2023-01-01,423.0488,0
21.307533,105.43216,2023-01-01 02:01:09.128023,2023-01-01,422.21744,0
21.31403,105.471565,2023-01-01 02:01:09.182016,2023-01-01,421.7931,0
21.317297,105.491234,2023-01-01 02:01:09.209013,2023-01-01,423.53198,0
21.320532,105.51089,2023-01-01 02:01:09.236009,2023-01-01,422.62158,0
21.330435,105.569565,2023-01-01 02:01:09.316998,2023-01-01,422.12314,0
21.297913,105.48576,2023-01-01 02:01:09.515026,2023-01-01,423.02902,0
21.301235,105.50539,2023-01-01 02:01:09.542022,2023-01-01,422.60007,0
21.304596,105.52499,2023-01-01 02:01:09.569018,2023-01-01,422.4338,0
21.307981,105.544556,2023-01-01 02:01:09.596015,2023-01-01,423.7776,0
21.311293,105.56412,2023-01-01 02:01:09.623011,2023-01-01,421.66843,0
21.314657,105.58366,2023-01-01 02:01:09.650008,2023-01-01,422.19385,0
21.27524,105.4606,2023-01-01 02:01:09.794002,2023-01-01,421.6515,0
21.278397,105.48026,2023-01-01 02:01:09.820999,2023-01-01,422.56906,0
21.281605,105.49989,2023-01-01 02:01:09.847995,2023-01-01,422.68527,0
21.284857,105.51951,2023-01-01 02:01:09.874991,2023-01-01,421.9917,0
21.288155,105.539116,2023-01-01 02:01:09.901988,2023-01-01,422.2182,0
21.291483,105.5587,2023-01-01 02:01:09.929025,2023-01-01,421.8085,0
21.294844,105.57826,2023-01-01 02:01:09.956021,2023-01-01,423.13318,0
21.259336,105.47489,2023-01-01 02:01:10.128018,2023-01-01,422.54117,0
21.26252,105.49459,2023-01-01 02:01:10.155014,2023-01-01,423.1603,0
21.272285,105.55352,2023-01-01 02:01:10.236003,2023-01-01,423.14798,0
21.275608,105.57311,2023-01-01 02:01:10.263000,2023-01-01,422.34534,0
21.27898,105.59265,2023-01-01 02:01:10.289996,2023-01-01,422.97183,0
21.282364,105.61217,2023-01-01 02:01:10.316993,2023-01-01,422.60678,0
21.243608,105.48914,2023-01-01 02:01:10.461027,2023-01-01,422.35562,0
21.24685,105.508804,2023-01-01 02:01:10.488024,2023-01-01,422.051,0
21.250124,105.528435,2023-01-01 02:01:10.515020,2023-01-01,421.80856,0
21.253435,105.54804,2023-01-01 02:01:10.542017,2023-01-01,423.0379,0
21.256783,105.56762,2023-01-01 02:01:10.569013,2023-01-01,422.49414,0
21.260157,105.58717,2023-01-01 02:01:10.596009,2023-01-01,422.64822,0
21.263454,105.60672,2023-01-01 02:01:10.623006,2023-01-01,422.65924,0
21.266773,105.62624,2023-01-01 02:01:10.650002,2023-01-01,421.2415,0
21.227497,105.503456,2023-01-01 02:01:10.793997,2023-01-01,422.07275,0
21.230665,105.52316,2023-01-01 02:01:10.820993,2023-01-01,422.11823,0
21.233883,105.54284,2023-01-01 02:01:10.847990,2023-01-01,422.3393,0
21.23713,105.56246,2023-01-01 02:01:10.875026,2023-01-01,422.57846,0
21.240402,105.58202,2023-01-01 02:01:10.902023,2023-01-01,421.62564,0
21.24369,105.601555,2023-01-01 02:01:10.929019,2023-01-01,421.43753,0
21.250422,105.64055,2023-01-01 02:01:10.983012,2023-01-01,422.05563,0
21.195637,105.53177,2023-01-01 02:01:11.461022,2023-01-01,421.80298,0
21.198847,105.55144,2023-01-01 02:01:11.488018,2023-01-01,421.5569,0
21.202091,105.571075,2023-01-01 02:01:11.515015,2023-01-01,422.84744,0
21.205374,105.5907,2023-01-01 02:01:11.542011,2023-01-01,421.12296,0
21.20869,105.61028,2023-01-01 02:01:11.569008,2023-01-01,422.59143,0
21.212034,105.62985,2023-01-01 02:01:11.596004,2023-01-01,423.00815,0
21.21536,105.6494,2023-01-01 02:01:11.623001,2023-01-01,421.70364,0
21.218718,105.66892,2023-01-01 02:01:11.649997,2023-01-01,421.32327,0
21.179626,105.545944,2023-01-01 02:01:11.793991,2023-01-01,422.43665,0
21.182785,105.565605,2023-01-01 02:01:11.820988,2023-01-01,422.75992,0
21.185986,105.58523,2023-01-01 02:01:11.848024,2023-01-01,422.2514,0
21.189224,105.604836,2023-01-01 02:01:11.875021,2023-01-01,421.66464,0
21.1925,105.624435,2023-01-01 02:01:11.902017,2023-01-01,422.54797,0
21.195807,105.644005,2023-01-01 02:01:11.929014,2023-01-01,421.38773,0
21.199144,105.66354,2023-01-01 02:01:11.956010,2023-01-01,421.78305,0
21.202528,105.68306,2023-01-01 02:01:11.983006,2023-01-01,420.71173,0
21.163641,105.56017,2023-01-01 02:01:12.128007,2023-01-01,422.2811,0
21.166807,105.57984,2023-01-01 02:01:12.155003,2023-01-01,422.39404,0
21.169977,105.59949,2023-01-01 02:01:12.182000,2023-01-01,422.30737,0
21.179823,105.658264,2023-01-01 02:01:12.262989,2023-01-01,422.0584,0
21.18317,105.6778,2023-01-01 02:01:12.290026,2023-01-01,422.03336,0
21.186563,105.69731,2023-01-01 02:01:12.317022,2023-01-01,420.30682,0
21.163916,105.67244,2023-01-01 02:01:12.595999,2023-01-01,422.48846,0
21.167225,105.69197,2023-01-01 02:01:12.622995,2023-01-01,422.051,0
21.170597,105.71147,2023-01-01 02:01:12.649992,2023-01-01,421.68097,0
21.131779,105.58863,2023-01-01 02:01:12.794026,2023-01-01,422.26028,0
21.134953,105.60831,2023-01-01 02:01:12.821023,2023-01-01,420.9605,0
21.13816,105.62796,2023-01-01 02:01:12.848019,2023-01-01,421.36996,0
21.147963,105.68669,2023-01-01 02:01:12.929008,2023-01-01,422.80826,0
21.151293,105.706215,2023-01-01 02:01:12.956005,2023-01-01,422.89545,0
21.1547,105.72571,2023-01-01 02:01:12.983001,2023-01-01,422.05392,0
21.116083,105.602715,2023-01-01 02:01:13.128001,2023-01-01,422.27066,0
21.119337,105.622345,2023-01-01 02:01:13.154998,2023-01-01,421.421,0
21.122597,105.64196,2023-01-01 02:01:13.181994,2023-01-01,422.2,0
21.138868,105.73976,2023-01-01 02:01:13.317017,2023-01-01,421.74466,0
21.100016,105.617,2023-01-01 02:01:13.461011,2023-01-01,423.0169,0
21.103237,105.63662,2023-01-01 02:01:13.488008,2023-01-01,421.93268,0
21.106495,105.65621,2023-01-01 02:01:13.515004,2023-01-01,421.0692,0
21.109787,105.67577,2023-01-01 02:01:13.542000,2023-01-01,421.99652,0
21.113066,105.69532,2023-01-01 02:01:13.568997,2023-01-01,422.25443,0
21.12303,105.753815,2023-01-01 02:01:13.650026,2023-01-01,421.97073,0
21.083841,105.63106,2023-01-01 02:01:13.794021,2023-01-01,421.80936,0
21.087,105.650734,2023-01-01 02:01:13.821017,2023-01-01,421.62524,0
21.090158,105.67038,2023-01-01 02:01:13.848014,2023-01-01,421.82724,0
21.093376,105.689995,2023-01-01 02:01:13.875010,2023-01-01,420.66016,0
21.096651,105.70957,2023-01-01 02:01:13.902006,2023-01-01,421.58832,0
21.067963,105.6453,2023-01-01 02:01:14.127996,2023-01-01,421.1418,0
21.07112,105.66497,2023-01-01 02:01:14.154992,2023-01-01,421.8671,0
21.07431,105.68461,2023-01-01 02:01:14.181989,2023-01-01,421.68326,0
21.07749,105.70422,2023-01-01 02:01:14.209025,2023-01-01,421.6126,0
21.080753,105.72381,2023-01-01 02:01:14.236022,2023-01-01,421.0909,0
21.052107,105.65951,2023-01-01 02:01:14.461006,2023-01-01,422.315,0
21.055317,105.67916,2023-01-01 02:01:14.488002,2023-01-01,422.5027,0
21.058567,105.6988,2023-01-01 02:01:14.514998,2023-01-01,421.88593,0
21.061884,105.7184,2023-01-01 02:01:14.541995,2023-01-01,422.48386,0
21.065237,105.737976,2023-01-01 02:01:14.568991,2023-01-01,421.90875,0
21.068563,105.75753,2023-01-01 02:01:14.595988,2023-01-01,421.5679,0
21.071955,105.77706,2023-01-01 02:01:14.623024,2023-01-01,421.80063,0
21.075264,105.796585,2023-01-01 02:01:14.650021,2023-01-01,422.15332,0
21.036089,105.67368,2023-01-01 02:01:14.794015,2023-01-01,422.59943,0
21.039148,105.69331,2023-01-01 02:01:14.821012,2023-01-01,422.41473,0
21.042332,105.71291,2023-01-01 02:01:14.848008,2023-01-01,422.07523,0
21.045551,105.732506,2023-01-01 02:01:14.875005,2023-01-01,421.59372,0
21.052095,105.771645,2023-01-01 02:01:14.928998,2023-01-01,420.73148,0
21.055422,105.79117,2023-01-01 02:01:14.955994,2023-01-01,420.7498,0
21.020266,105.68778,2023-01-01 02:01:15.127990,2023-01-01,422.77777,0
21.023476,105.707405,2023-01-01 02:01:15.154987,2023-01-01,422.31766,0
21.026722,105.727,2023-01-01 02:01:15.182024,2023-01-01,421.66287,0
21.030005,105.74657,2023-01-01 02:01:15.209020,2023-01-01,421.4938,0
21.033308,105.76611,2023-01-01 02:01:15.236017,2023-01-01,420.37466,0
21.036577,105.78564,2023-01-01 02:01:15.263013,2023-01-01,421.80096,0
21.03993,105.80517,2023-01-01 02:01:15.290009,2023-01-01,422.1624,0
21.004484,105.70197,2023-01-01 02:01:15.461000,2023-01-01,421.23102,0
21.007591,105.7216,2023-01-01 02:01:15.487997,2023-01-01,421.52097,0
21.0107,105.7412,2023-01-01 02:01:15.514993,2023-01-01,421.79117,0
21.013876,105.76078,2023-01-01 02:01:15.541990,2023-01-01,421.76822,0
21.017105,105.78033,2023-01-01 02:01:15.569026,2023-01-01,421.08093,0
21.020386,105.79985,2023-01-01 02:01:15.596023,2023-01-01,421.76166,0
21.02367,105.81935,2023-01-01 02:01:15.623019,2023-01-01,421.42264,0
21.026989,105.83882,2023-01-01 02:01:15.650015,2023-01-01,422.12665,0
20.988083,105.71612,2023-01-01 02:01:15.794010,2023-01-01,421.68137,0
20.991215,105.73579,2023-01-01 02:01:15.821006,2023-01-01,422.41727,0
20.994438,105.755424,2023-01-01 02:01:15.848003,2023-01-01,421.59216,0
20.997612,105.77503,2023-01-01 02:01:15.874999,2023-01-01,421.4804,0
21.000895,105.79459,2023-01-01 02:01:15.901996,2023-01-01,421.18585,0
21.004196,105.814125,2023-01-01 02:01:15.928992,2023-01-01,421.13928,0
21.007517,105.83363,2023-01-01 02:01:15.955988,2023-01-01,422.41284,0
20.972387,105.73029,2023-01-01 02:01:16.128025,2023-01-01,420.8766,0
20.975603,105.74994,2023-01-01 02:01:16.155022,2023-01-01,421.14053,0
20.978857,105.76956,2023-01-01 02:01:16.182018,2023-01-01,421.40613,0
20.982172,105.789154,2023-01-01 02:01:16.209015,2023-01-01,420.37454,0
20.985376,105.80873,2023-01-01 02:01:16.236011,2023-01-01,420.92218,0
20.988699,105.82828,2023-01-01 02:01:16.263008,2023-01-01,421.61545,0
20.992037,105.847786,2023-01-01 02:01:16.290004,2023-01-01,421.19937,0
20.99536,105.86728,2023-01-01 02:01:16.317000,2023-01-01,421.96228,0
20.95643,105.74453,2023-01-01 02:01:16.460995,2023-01-01,421.35822,0
20.959547,105.76418,2023-01-01 02:01:16.487991,2023-01-01,421.82993,0
20.962667,105.78381,2023-01-01 02:01:16.514988,2023-01-01,420.7307,0
20.96579,105.80341,2023-01-01 02:01:16.542024,2023-01-01,422.08954,0
20.969015,105.82299,2023-01-01 02:01:16.569021,2023-01-01,420.788,0
20.972208,105.842545,2023-01-01 02:01:16.596017,2023-01-01,421.25812,0
20.975588,105.86205,2023-01-01 02:01:16.623013,2023-01-01,421.29108,0
20.979038,105.88153,2023-01-01 02:01:16.650010,2023-01-01,421.62137,0
20.940596,105.758606,2023-01-01 02:01:16.794004,2023-01-01,421.27094,0
20.943737,105.77823,2023-01-01 02:01:16.821001,2023-01-01,422.19046,0
20.9469,105.79782,2023-01-01 02:01:16.847997,2023-01-01,422.20038,0
20.950106,105.81739,2023-01-01 02:01:16.874994,2023-01-01,421.77365,0
20.953394,105.83695,2023-01-01 02:01:16.901990,2023-01-01,420.165,0
20.956636,105.85649,2023-01-01 02:01:16.929027,2023-01-01,420.38397,0
20.959995,105.87599,2023-01-01 02:01:16.956023,2023-01-01,421.47327,0
20.924314,105.77269,2023-01-01 02:01:17.128020,2023-01-01,420.99124,0
20.92737,105.79231,2023-01-01 02:01:17.155016,2023-01-01,421.95508,0
20.93046,105.81191,2023-01-01 02:01:17.182013,2023-01-01,421.56308,0
20.933632,105.831474,2023-01-01 02:01:17.209009,2023-01-01,420.97955,0
20.936934,105.851,2023-01-01 02:01:17.236006,2023-01-01,420.68817,0
20.940304,105.8705,2023-01-01 02:01:17.263002,2023-01-01,423.29526,0
20.908674,105.786896,2023-01-01 02:01:17.460989,2023-01-01,422.8176,0
20.91181,105.806526,2023-01-01 02:01:17.488026,2023-01-01,421.73053,0
20.91498,105.826126,2023-01-01 02:01:17.515023,2023-01-01,422.09198,0
20.918186,105.845695,2023-01-01 02:01:17.542019,2023-01-01,421.24576,0
20.921444,105.865234,2023-01-01 02:01:17.569015,2023-01-01,421.93918,0
20.931366,105.92371,2023-01-01 02:01:17.650005,2023-01-01,421.90057,0
20.892693,105.80105,2023-01-01 02:01:17.793999,2023-01-01,421.69952,0
20.895779,105.82071,2023-01-01 02:01:17.820995,2023-01-01,421.94165,0
20.89889,105.84035,2023-01-01 02:01:17.847992,2023-01-01,421.3143,0
20.905195,105.87948,2023-01-01 02:01:17.902025,2023-01-01,421.16882,0
20.908396,105.89899,2023-01-01 02:01:17.929021,2023-01-01,422.4014,0
20.914906,105.93794,2023-01-01 02:01:17.983014,2023-01-01,420.79794,0
20.876488,105.81513,2023-01-01 02:01:18.128015,2023-01-01,422.22598,0
20.879705,105.83478,2023-01-01 02:01:18.155011,2023-01-01,421.1496,0
20.882961,105.85439,2023-01-01 02:01:18.182007,2023-01-01,420.9851,0
20.896082,105.932594,2023-01-01 02:01:18.289993,2023-01-01,421.84875,0
20.89943,105.95205,2023-01-01 02:01:18.316989,2023-01-01,421.3443,0
20.860565,105.82924,2023-01-01 02:01:18.461024,2023-01-01,421.89038,0
20.863611,105.848885,2023-01-01 02:01:18.488021,2023-01-01,422.04663,0
20.866724,105.8685,2023-01-01 02:01:18.515017,2023-01-01,421.57755,0
20.869886,105.88809,2023-01-01 02:01:18.542013,2023-01-01,421.0508,0
20.87301,105.90766,2023-01-01 02:01:18.569010,2023-01-01,421.97992,0
20.879599,105.9467,2023-01-01 02:01:18.623003,2023-01-01,421.61136,0
20.882984,105.96617,2023-01-01 02:01:18.649999,2023-01-01,421.92276,0
20.844742,105.84347,2023-01-01 02:01:18.793993,2023-01-01,422.6689,0
20.847797,105.86312,2023-01-01 02:01:18.820990,2023-01-01,420.94427,0
20.850866,105.88275,2023-01-01 02:01:18.847986,2023-01-01,421.6359,0
20.853968,105.90235,2023-01-01 02:01:18.875023,2023-01-01,422.03497,0
20.857132,105.92191,2023-01-01 02:01:18.902020,2023-01-01,421.40912,0
20.863476,105.96097,2023-01-01 02:01:18.956012,2023-01-01,421.14005,0
20.86673,105.98045,2023-01-01 02:01:18.983009,2023-01-01,422.25735,0
20.834822,105.89696,2023-01-01 02:01:19.182002,2023-01-01,422.20184,0
20.844492,105.955635,2023-01-01 02:01:19.262991,2023-01-01,421.67047,0
20.847744,105.97513,2023-01-01 02:01:19.290028,2023-01-01,421.6191,0
20.851048,105.99458,2023-01-01 02:01:19.317024,2023-01-01,422.45807,0
20.812286,105.8718,2023-01-01 02:01:19.461019,2023-01-01,421.25592,0
20.815403,105.891426,2023-01-01 02:01:19.488015,2023-01-01,421.4352,0
20.821787,105.9306,2023-01-01 02:01:19.542008,2023-01-01,421.20508,0
20.824982,105.95015,2023-01-01 02:01:19.569005,2023-01-01,421.9199,0
20.828226,105.96967,2023-01-01 02:01:19.596001,2023-01-01,421.71173,0
20.83158,105.98916,2023-01-01 02:01:19.622997,2023-01-01,422.18695,0
20.834982,106.00862,2023-01-01 02:01:19.649994,2023-01-01,421.82578,0
20.79676,105.88585,2023-01-01 02:01:19.793988,2023-01-01,421.25876,0
20.80627,105.94462,2023-01-01 02:01:19.875018,2023-01-01,421.5625,0
20.8095,105.96414,2023-01-01 02:01:19.902014,2023-01-01,422.27075,0
20.812765,105.98365,2023-01-01 02:01:19.929011,2023-01-01,421.7622,0
20.816067,106.00313,2023-01-01 02:01:19.956007,2023-01-01,421.49377,0
20.819408,106.02258,2023-01-01 02:01:19.983003,2023-01-01,421.692,0
20.780638,105.8999,2023-01-01 02:01:20.128004,2023-01-01,421.63193,0
20.790047,105.95872,2023-01-01 02:01:20.208993,2023-01-01,421.8777,0
20.793196,105.97828,2023-01-01 02:01:20.235989,2023-01-01,421.72424,0
20.796425,105.9978,2023-01-01 02:01:20.263026,2023-01-01,421.9766,0
20.7997,106.017334,2023-01-01 02:01:20.290022,2023-01-01,422.2317,0
20.803015,106.03684,2023-01-01 02:01:20.317019,2023-01-01,423.00974,0
20.764387,105.914375,2023-01-01 02:01:20.461013,2023-01-01,421.7478,0
20.767487,105.933945,2023-01-01 02:01:20.488010,2023-01-01,422.27896,0
20.777018,105.99247,2023-01-01 02:01:20.568999,2023-01-01,421.27896,0
20.780226,106.011925,2023-01-01 02:01:20.595995,2023-01-01,421.61902,0
20.783558,106.03135,2023-01-01 02:01:20.622992,2023-01-01,421.37622,0
20.786938,106.05074,2023-01-01 02:01:20.649988,2023-01-01,421.50214,0
20.748775,105.92813,2023-01-01 02:01:20.794023,2023-01-01,421.89246,0
20.751919,105.94778,2023-01-01 02:01:20.821019,2023-01-01,422.4278,0
20.761477,106.00647,2023-01-01 02:01:20.902009,2023-01-01,422.74692,0
20.764717,106.02595,2023-01-01 02:01:20.929005,2023-01-01,422.1779,0
20.767992,106.045395,2023-01-01 02:01:20.956002,2023-01-01,421.3711,0
20.771307,106.06483,2023-01-01 02:01:20.982998,2023-01-01,422.2423,0
20.741722,106.00103,2023-01-01 02:01:21.208987,2023-01-01,421.01666,0
20.74496,106.02059,2023-01-01 02:01:21.236024,2023-01-01,421.91083,0
20.748236,106.04013,2023-01-01 02:01:21.263021,2023-01-01,420.9011,0
20.716253,105.956375,2023-01-01 02:01:21.461008,2023-01-01,421.50848,0
20.72252,105.99555,2023-01-01 02:01:21.515001,2023-01-01,421.93793,0
20.728905,106.03462,2023-01-01 02:01:21.568994,2023-01-01,422.24518,0
20.732185,106.054115,2023-01-01 02:01:21.595990,2023-01-01,422.1381,0
20.700737,105.97032,2023-01-01 02:01:21.794018,2023-01-01,421.36813,0
20.70703,106.00952,2023-01-01 02:01:21.848011,2023-01-01,422.41718,0
20.710234,106.02909,2023-01-01 02:01:21.875007,2023-01-01,422.1549,0
20.713434,106.048645,2023-01-01 02:01:21.902003,2023-01-01,421.3902,0
20.716702,106.06818,2023-01-01 02:01:21.929000,2023-01-01,422.7696,0
20.720003,106.087685,2023-01-01 02:01:21.955996,2023-01-01,420.74545,0
20.723345,106.10716,2023-01-01 02:01:21.982993,2023-01-01,422.48428,0
20.693798,106.043365,2023-01-01 02:01:22.209022,2023-01-01,419.96518,0
21.681442,105.36773,2023-01-01 02:01:25.929018,2023-01-01,419.45932,0
21.688091,105.38465,2023-01-01 02:01:25.956015,2023-01-01,421.58807,0
21.694836,105.401566,2023-01-01 02:01:25.983011,2023-01-01,422.7182,0
21.652313,105.34812,2023-01-01 02:01:26.209001,2023-01-01,420.12143,0
21.672733,105.39932,2023-01-01 02:01:26.289990,2023-01-01,420.77048,0
21.679832,105.41646,2023-01-01 02:01:26.316986,2023-01-01,421.27457,0
21.6365,105.362465,2023-01-01 02:01:26.542010,2023-01-01,423.7711,0
21.656225,105.41317,2023-01-01 02:01:26.623000,2023-01-01,421.6886,0
21.663101,105.43015,2023-01-01 02:01:26.649996,2023-01-01,421.382,0
21.600351,105.3251,2023-01-01 02:01:26.793990,2023-01-01,422.22183,0
21.620438,105.376656,2023-01-01 02:01:26.875020,2023-01-01,422.25214,0
21.627178,105.39372,2023-01-01 02:01:26.902016,2023-01-01,421.31775,0
21.633629,105.41053,2023-01-01 02:01:26.929013,2023-01-01,420.99487,0
21.640488,105.42755,2023-01-01 02:01:26.956009,2023-01-01,421.50446,0
21.584549,105.33931,2023-01-01 02:01:27.128006,2023-01-01,421.0565,0
21.610874,105.407555,2023-01-01 02:01:27.235992,2023-01-01,421.2217,0
21.617453,105.42446,2023-01-01 02:01:27.262988,2023-01-01,422.10138,0
21.62496,105.44198,2023-01-01 02:01:27.290025,2023-01-01,422.93933,0
21.56841,105.35374,2023-01-01 02:01:27.461016,2023-01-01,421.6344,0
21.575525,105.37126,2023-01-01 02:01:27.488012,2023-01-01,420.48993,0
21.594963,105.42211,2023-01-01 02:01:27.569001,2023-01-01,422.4587,0
21.601633,105.439064,2023-01-01 02:01:27.595998,2023-01-01,421.9319,0
21.552372,105.36786,2023-01-01 02:01:27.794025,2023-01-01,421.5231,0
21.559072,105.38515,2023-01-01 02:01:27.821022,2023-01-01,421.8182,0
21.566326,105.402756,2023-01-01 02:01:27.848018,2023-01-01,420.5251,0
21.5792,105.436584,2023-01-01 02:01:27.902011,2023-01-01,423.80347,0
21.585655,105.453415,2023-01-01 02:01:27.929008,2023-01-01,421.16022,0
21.53641,105.38215,2023-01-01 02:01:28.128000,2023-01-01,421.30548,0
21.543108,105.39942,2023-01-01 02:01:28.154997,2023-01-01,422.13336,0
21.549759,105.416595,2023-01-01 02:01:28.181993,2023-01-01,421.38824,0
21.556595,105.43383,2023-01-01 02:01:28.208990,2023-01-01,420.39096,0
21.563429,105.451004,2023-01-01 02:01:28.236027,2023-01-01,421.6672,0
21.569695,105.46773,2023-01-01 02:01:28.263023,2023-01-01,421.57953,0
21.576458,105.48471,2023-01-01 02:01:28.290019,2023-01-01,421.77487,0
21.533869,105.430954,2023-01-01 02:01:28.515003,2023-01-01,421.98087,0
21.540392,105.44795,2023-01-01 02:01:28.541999,2023-01-01,422.0303,0
21.547123,105.465034,2023-01-01 02:01:28.568996,2023-01-01,421.3885,0
21.553705,105.48196,2023-01-01 02:01:28.595992,2023-01-01,422.03674,0
21.517862,105.44503,2023-01-01 02:01:28.848013,2023-01-01,423.2626,0
21.531147,105.47916,2023-01-01 02:01:28.902006,2023-01-01,422.14227,0
21.537752,105.49611,2023-01-01 02:01:28.929002,2023-01-01,421.83624,0
21.495203,105.44214,2023-01-01 02:01:29.154992,2023-01-01,423.74567,0
21.501987,105.45939,2023-01-01 02:01:29.181988,2023-01-01,423.1401,0
21.508474,105.476364,2023-01-01 02:01:29.209025,2023-01-01,421.52692,0
21.515106,105.49337,2023-01-01 02:01:29.236021,2023-01-01,421.05243,0
21.521833,105.51038,2023-01-01 02:01:29.263017,2023-01-01,421.82742,0
21.472836,105.4393,2023-01-01 02:01:29.461005,2023-01-01,421.71,0
21.47927,105.45638,2023-01-01 02:01:29.488001,2023-01-01,422.5235,0
21.485884,105.47352,2023-01-01 02:01:29.514997,2023-01-01,421.69168,0
21.492449,105.49057,2023-01-01 02:01:29.541994,2023-01-01,421.42844,0
21.499096,105.50761,2023-01-01 02:01:29.568990,2023-01-01,421.91165,0
21.505793,105.52462,2023-01-01 02:01:29.596027,2023-01-01,422.60687,0
21.463312,105.470695,2023-01-01 02:01:29.821011,2023-01-01,423.06693,0
21.483181,105.5219,2023-01-01 02:01:29.902000,2023-01-01,421.8644,0
21.489828,105.53885,2023-01-01 02:01:29.928997,2023-01-01,421.08664,0
21.440687,105.467606,2023-01-01 02:01:30.127990,2023-01-01,422.51108,0
21.453896,105.50195,2023-01-01 02:01:30.182023,2023-01-01,421.7438,0
21.460543,105.51906,2023-01-01 02:01:30.209019,2023-01-01,421.90308,0
21.46723,105.53613,2023-01-01 02:01:30.236016,2023-01-01,422.82132,0
21.473927,105.55315,2023-01-01 02:01:30.263012,2023-01-01,423.27737,0
21.480623,105.57006,2023-01-01 02:01:30.290009,2023-01-01,423.8814,0
21.424665,105.481735,2023-01-01 02:01:30.460999,2023-01-01,421.67538,0
21.431267,105.49893,2023-01-01 02:01:30.487996,2023-01-01,421.16412,0
21.437876,105.51607,2023-01-01 02:01:30.514992,2023-01-01,421.85568,0
21.444508,105.53316,2023-01-01 02:01:30.541989,2023-01-01,422.70206,0
21.451185,105.55022,2023-01-01 02:01:30.569025,2023-01-01,422.85895,0
21.457912,105.567245,2023-01-01 02:01:30.596022,2023-01-01,422.41772,0
21.40866,105.495964,2023-01-01 02:01:30.794009,2023-01-01,423.2979,0
21.415243,105.51314,2023-01-01 02:01:30.821005,2023-01-01,422.42453,0
21.421875,105.53028,2023-01-01 02:01:30.848002,2023-01-01,422.4537,0
21.428562,105.5474,2023-01-01 02:01:30.874998,2023-01-01,422.8048,0
21.435253,105.564476,2023-01-01 02:01:30.901995,2023-01-01,422.74792,0
21.4419,105.58146,2023-01-01 02:01:30.928991,2023-01-01,422.72476,0
21.3927,105.51028,2023-01-01 02:01:31.128025,2023-01-01,422.0873,0
21.399326,105.52747,2023-01-01 02:01:31.155021,2023-01-01,423.51288,0
21.405975,105.544624,2023-01-01 02:01:31.182017,2023-01-01,422.65814,0
21.412615,105.5617,2023-01-01 02:01:31.209014,2023-01-01,422.2928,0
21.419304,105.57875,2023-01-01 02:01:31.236010,2023-01-01,422.64835,0
21.425955,105.5957,2023-01-01 02:01:31.263007,2023-01-01,422.7251,0
21.376757,105.52461,2023-01-01 02:01:31.460994,2023-01-01,422.77838,0
21.383366,105.54179,2023-01-01 02:01:31.487990,2023-01-01,422.73007,0
21.39002,105.55892,2023-01-01 02:01:31.514987,2023-01-01,422.53436,0
21.396671,105.576,2023-01-01 02:01:31.542023,2023-01-01,422.7272,0
21.403316,105.593,2023-01-01 02:01:31.569020,2023-01-01,422.1171,0
21.409971,105.60995,2023-01-01 02:01:31.596016,2023-01-01,422.50342,0
21.417128,105.62716,2023-01-01 02:01:31.623013,2023-01-01,423.82617,0
21.36074,105.53866,2023-01-01 02:01:31.794003,2023-01-01,421.89926,0
21.36737,105.55588,2023-01-01 02:01:31.821000,2023-01-01,422.8641,0
21.374031,105.57305,2023-01-01 02:01:31.847996,2023-01-01,423.029,0
21.38068,105.59016,2023-01-01 02:01:31.874993,2023-01-01,421.61438,0
21.38731,105.607185,2023-01-01 02:01:31.901989,2023-01-01,422.43665,0
21.393997,105.62418,2023-01-01 02:01:31.929026,2023-01-01,422.64798,0
21.344755,105.552956,2023-01-01 02:01:32.128019,2023-01-01,422.3846,0
21.351393,105.57017,2023-01-01 02:01:32.155015,2023-01-01,422.00314,0
21.358034,105.587326,2023-01-01 02:01:32.182012,2023-01-01,421.5543,0
21.36466,105.6044,2023-01-01 02:01:32.209008,2023-01-01,421.96945,0
21.371323,105.621445,2023-01-01 02:01:32.236005,2023-01-01,422.20288,0
21.384745,105.6554,2023-01-01 02:01:32.289998,2023-01-01,422.65567,0
21.39158,105.67237,2023-01-01 02:01:32.316994,2023-01-01,422.7781,0
21.328829,105.56724,2023-01-01 02:01:32.460989,2023-01-01,422.242,0
21.33548,105.584465,2023-01-01 02:01:32.488025,2023-01-01,422.18793,0
21.342148,105.60164,2023-01-01 02:01:32.515022,2023-01-01,422.55643,0
21.348747,105.6187,2023-01-01 02:01:32.542018,2023-01-01,422.53467,0
21.355389,105.63573,2023-01-01 02:01:32.569015,2023-01-01,422.957,0
21.362011,105.65269,2023-01-01 02:01:32.596011,2023-01-01,422.64664,0
21.368902,105.66975,2023-01-01 02:01:32.623007,2023-01-01,422.58002,0
21.312859,105.58142,2023-01-01 02:01:32.793998,2023-01-01,422.08838,0
21.319494,105.598625,2023-01-01 02:01:32.820995,2023-01-01,421.81595,0
21.32613,105.61577,2023-01-01 02:01:32.847991,2023-01-01,421.7255,0
21.339397,105.64988,2023-01-01 02:01:32.902024,2023-01-01,422.9257,0
21.352737,105.6838,2023-01-01 02:01:32.956017,2023-01-01,421.66116,0
21.359451,105.70069,2023-01-01 02:01:32.983013,2023-01-01,421.81848,0
21.303497,105.61283,2023-01-01 02:01:33.155010,2023-01-01,421.6501,0
21.316729,105.64702,2023-01-01 02:01:33.209003,2023-01-01,421.4566,0
21.323364,105.66403,2023-01-01 02:01:33.235999,2023-01-01,420.88177,0
21.329998,105.68098,2023-01-01 02:01:33.262996,2023-01-01,422.0188,0
21.336668,105.69789,2023-01-01 02:01:33.289992,2023-01-01,421.44806,0
21.343374,105.714775,2023-01-01 02:01:33.316989,2023-01-01,422.08157,0
21.287493,105.62697,2023-01-01 02:01:33.488020,2023-01-01,422.28714,0
21.29415,105.644135,2023-01-01 02:01:33.515016,2023-01-01,421.58563,0
21.307386,105.67822,2023-01-01 02:01:33.569009,2023-01-01,421.39917,0
21.264898,105.623924,2023-01-01 02:01:33.793993,2023-01-01,422.30948,0
21.284763,105.675316,2023-01-01 02:01:33.875022,2023-01-01,421.92676,0
21.291386,105.692345,2023-01-01 02:01:33.902019,2023-01-01,421.13208,0
21.262156,105.67254,2023-01-01 02:01:34.182001,2023-01-01,421.16052,0
21.275383,105.70663,2023-01-01 02:01:34.235994,2023-01-01,421.4051,0
21.282078,105.723625,2023-01-01 02:01:34.262990,2023-01-01,420.55386,0
21.288694,105.74051,2023-01-01 02:01:34.290027,2023-01-01,422.02933,0
21.295374,105.75737,2023-01-01 02:01:34.317024,2023-01-01,421.123,0
21.232965,105.65241,2023-01-01 02:01:34.461018,2023-01-01,421.6852,0
21.23959,105.66962,2023-01-01 02:01:34.488014,2023-01-01,422.42026,0
21.246193,105.686745,2023-01-01 02:01:34.515011,2023-01-01,421.45654,0
21.252813,105.70383,2023-01-01 02:01:34.542007,2023-01-01,421.63892,0
21.259438,105.72084,2023-01-01 02:01:34.569004,2023-01-01,421.30426,0
21.266077,105.7378,2023-01-01 02:01:34.596000,2023-01-01,421.23227,0
21.272753,105.75473,2023-01-01 02:01:34.622996,2023-01-01,420.92288,0
21.279411,105.77158,2023-01-01 02:01:34.649993,2023-01-01,421.34357,0
21.223581,105.68384,2023-01-01 02:01:34.821024,2023-01-01,422.02182,0
21.230207,105.70099,2023-01-01 02:01:34.848020,2023-01-01,421.58612,0
21.236834,105.71806,2023-01-01 02:01:34.875017,2023-01-01,421.2825,0
21.243464,105.73508,2023-01-01 02:01:34.902013,2023-01-01,420.35934,0
21.263397,105.785774,2023-01-01 02:01:34.983003,2023-01-01,421.27298,0
21.207588,105.69797,2023-01-01 02:01:35.154999,2023-01-01,421.2871,0
21.214218,105.7151,2023-01-01 02:01:35.181996,2023-01-01,422.12033,0
21.220852,105.73218,2023-01-01 02:01:35.208992,2023-01-01,421.09732,0
21.227463,105.749176,2023-01-01 02:01:35.235989,2023-01-01,421.44858,0
21.234116,105.766136,2023-01-01 02:01:35.263025,2023-01-01,421.66522,0
21.240759,105.78304,2023-01-01 02:01:35.290022,2023-01-01,420.9067,0
21.247427,105.7999,2023-01-01 02:01:35.317018,2023-01-01,421.98572,0
21.185015,105.69492,2023-01-01 02:01:35.461012,2023-01-01,421.0732,0
21.19162,105.71213,2023-01-01 02:01:35.488009,2023-01-01,421.74744,0
21.198233,105.72927,2023-01-01 02:01:35.515005,2023-01-01,422.15988,0
21.211477,105.76338,2023-01-01 02:01:35.568998,2023-01-01,422.0075,0
21.218132,105.780365,2023-01-01 02:01:35.595994,2023-01-01,421.29425,0
21.231432,105.81413,2023-01-01 02:01:35.650028,2023-01-01,421.00388,0
21.169016,105.70913,2023-01-01 02:01:35.794022,2023-01-01,421.93698,0
21.175623,105.72632,2023-01-01 02:01:35.821018,2023-01-01,422.15094,0
21.182232,105.74344,2023-01-01 02:01:35.848015,2023-01-01,421.36475,0
21.202097,105.79447,2023-01-01 02:01:35.929004,2023-01-01,421.56628,0
21.208736,105.81137,2023-01-01 02:01:35.956001,2023-01-01,421.29123,0
21.215385,105.82822,2023-01-01 02:01:35.982997,2023-01-01,421.91296,0
21.15302,105.723305,2023-01-01 02:01:36.127997,2023-01-01,421.13226,0
21.159636,105.74051,2023-01-01 02:01:36.154994,2023-01-01,421.6452,0
21.172865,105.774734,2023-01-01 02:01:36.208987,2023-01-01,421.90826,0
21.179493,105.791756,2023-01-01 02:01:36.236023,2023-01-01,421.87906,0
21.186117,105.808716,2023-01-01 02:01:36.263020,2023-01-01,421.3727,0
21.19942,105.84244,2023-01-01 02:01:36.317013,2023-01-01,420.9433,0
21.13707,105.73743,2023-01-01 02:01:36.461007,2023-01-01,421.35718,0
21.143663,105.75463,2023-01-01 02:01:36.488003,2023-01-01,421.65848,0
21.150259,105.77177,2023-01-01 02:01:36.515000,2023-01-01,421.85892,0
21.156862,105.78886,2023-01-01 02:01:36.541996,2023-01-01,421.38278,0
21.163494,105.80589,2023-01-01 02:01:36.568993,2023-01-01,421.19824,0
21.170122,105.82286,2023-01-01 02:01:36.595989,2023-01-01,421.4562,0
21.17676,105.83978,2023-01-01 02:01:36.623026,2023-01-01,421.40414,0
21.183405,105.85664,2023-01-01 02:01:36.650022,2023-01-01,421.0672,0
21.121037,105.75166,2023-01-01 02:01:36.794017,2023-01-01,422.04962,0
21.127642,105.768845,2023-01-01 02:01:36.821013,2023-01-01,421.3433,0
21.134228,105.78595,2023-01-01 02:01:36.848010,2023-01-01,421.79236,0
21.160742,105.85387,2023-01-01 02:01:36.955995,2023-01-01,422.22803,0
21.167376,105.8707,2023-01-01 02:01:36.982992,2023-01-01,422.05844,0
21.111643,105.782974,2023-01-01 02:01:37.154988,2023-01-01,421.4888,0
21.118217,105.80009,2023-01-01 02:01:37.182025,2023-01-01,421.54724,0
21.124823,105.817154,2023-01-01 02:01:37.209022,2023-01-01,422.22266,0
21.131443,105.83417,2023-01-01 02:01:37.236018,2023-01-01,421.7241,0
21.138079,105.851135,2023-01-01 02:01:37.263014,2023-01-01,421.16647,0
21.151337,105.88486,2023-01-01 02:01:37.317007,2023-01-01,420.70187,0
21.122084,105.86528,2023-01-01 02:01:37.596024,2023-01-01,421.90906,0
21.12871,105.882164,2023-01-01 02:01:37.623020,2023-01-01,421.64716,0
21.135326,105.89898,2023-01-01 02:01:37.650017,2023-01-01,421.6768,0
21.073069,105.794106,2023-01-01 02:01:37.794011,2023-01-01,422.0294,0
21.099478,105.86252,2023-01-01 02:01:37.901997,2023-01-01,421.49875,0
21.106085,105.87948,2023-01-01 02:01:37.928993,2023-01-01,422.2818,0
21.112734,105.8964,2023-01-01 02:01:37.955990,2023-01-01,421.84012,0
21.11936,105.913246,2023-01-01 02:01:37.983027,2023-01-01,422.05258,0
21.083473,105.87679,2023-01-01 02:01:38.236012,2023-01-01,421.62442,0
21.096718,105.91061,2023-01-01 02:01:38.290005,2023-01-01,421.78802,0
21.060848,105.87374,2023-01-01 02:01:38.542026,2023-01-01,421.27472,0
21.087341,105.94147,2023-01-01 02:01:38.650012,2023-01-01,421.81723,0
21.051435,105.9048,2023-01-01 02:01:38.901992,2023-01-01,421.7335,0
21.058065,105.921776,2023-01-01 02:01:38.928988,2023-01-01,421.8034,0
21.064686,105.93868,2023-01-01 02:01:38.956025,2023-01-01,421.5282,0
21.071327,105.95554,2023-01-01 02:01:38.983021,2023-01-01,421.8396,0
21.028885,105.90215,2023-01-01 02:01:39.209011,2023-01-01,421.4965,0
21.035482,105.91915,2023-01-01 02:01:39.236007,2023-01-01,421.6865,0
21.055342,105.96981,2023-01-01 02:01:39.316996,2023-01-01,420.88892,0
21.00623,105.89915,2023-01-01 02:01:39.515024,2023-01-01,422.7787,0
21.019403,105.93316,2023-01-01 02:01:39.569017,2023-01-01,421.91885,0
21.026037,105.950096,2023-01-01 02:01:39.596013,2023-01-01,422.03992,0
21.032673,105.96698,2023-01-01 02:01:39.623010,2023-01-01,422.0457,0
20.98739,105.96142,2023-01-01 02:01:40.236001,2023-01-01,421.20193,0
20.994028,105.978386,2023-01-01 02:01:40.262998,2023-01-01,422.0966,0
21.000618,105.99527,2023-01-01 02:01:40.289994,2023-01-01,421.38754,0
21.007265,106.01212,2023-01-01 02:01:40.316991,2023-01-01,421.97485,0
20.951649,105.92451,2023-01-01 02:01:40.488022,2023-01-01,422.05975,0
20.958206,105.9416,2023-01-01 02:01:40.515018,2023-01-01,422.71326,0
20.971418,105.975655,2023-01-01 02:01:40.569011,2023-01-01,422.06168,0
20.978014,105.992584,2023-01-01 02:01:40.596008,2023-01-01,421.6316,0
20.98464,106.00947,2023-01-01 02:01:40.623004,2023-01-01,421.353,0
20.991255,106.02628,2023-01-01 02:01:40.650001,2023-01-01,421.69058,0
20.929071,105.921455,2023-01-01 02:01:40.793995,2023-01-01,422.40833,0
20.935637,105.93863,2023-01-01 02:01:40.820992,2023-01-01,421.77188,0
20.94223,105.95576,2023-01-01 02:01:40.847988,2023-01-01,422.20053,0
20.96199,106.00669,2023-01-01 02:01:40.929017,2023-01-01,422.36572,0
20.968607,106.02356,2023-01-01 02:01:40.956014,2023-01-01,421.77725,0
20.975245,106.04038,2023-01-01 02:01:40.983010,2023-01-01,421.0896,0
20.91305,105.93551,2023-01-01 02:01:41.128011,2023-01-01,420.96042,0
20.91962,105.95269,2023-01-01 02:01:41.155007,2023-01-01,422.24503,0
20.93939,106.00389,2023-01-01 02:01:41.235996,2023-01-01,420.96936,0
20.945995,106.020836,2023-01-01 02:01:41.262993,2023-01-01,421.1598,0
20.95261,106.037735,2023-01-01 02:01:41.289989,2023-01-01,420.53555,0
20.959232,106.05457,2023-01-01 02:01:41.317026,2023-01-01,421.70605,0
20.89703,105.94978,2023-01-01 02:01:41.461020,2023-01-01,420.21927,0
20.903603,105.966965,2023-01-01 02:01:41.488017,2023-01-01,422.24237,0
20.910189,105.98409,2023-01-01 02:01:41.515013,2023-01-01,422.09442,0
20.929981,106.035126,2023-01-01 02:01:41.596002,2023-01-01,421.67734,0
20.936598,106.052025,2023-01-01 02:01:41.622999,2023-01-01,420.6067,0
20.943224,106.06886,2023-01-01 02:01:41.649995,2023-01-01,421.59674,0
20.881012,105.96383,2023-01-01 02:01:41.793990,2023-01-01,421.31662,0
20.887573,105.98095,2023-01-01 02:01:41.821026,2023-01-01,422.26004,0
20.907322,106.032074,2023-01-01 02:01:41.902015,2023-01-01,421.07266,0
20.913923,106.04903,2023-01-01 02:01:41.929012,2023-01-01,421.45853,0
20.920534,106.06593,2023-01-01 02:01:41.956008,2023-01-01,420.9386,0
20.927155,106.08278,2023-01-01 02:01:41.983005,2023-01-01,421.54782,0
20.86499,105.978,2023-01-01 02:01:42.128005,2023-01-01,422.228,0
20.871563,105.99516,2023-01-01 02:01:42.155001,2023-01-01,420.82602,0
20.878149,106.012276,2023-01-01 02:01:42.181998,2023-01-01,421.72018,0
20.891335,106.04632,2023-01-01 02:01:42.235991,2023-01-01,421.11185,0
20.89794,106.063255,2023-01-01 02:01:42.263027,2023-01-01,422.2536,0
20.911154,106.096924,2023-01-01 02:01:42.317020,2023-01-01,421.34335,0
20.848946,105.99199,2023-01-01 02:01:42.461015,2023-01-01,422.90814,0
20.862093,106.02625,2023-01-01 02:01:42.515007,2023-01-01,422.08563,0
20.868664,106.04329,2023-01-01 02:01:42.542004,2023-01-01,422.07318,0
20.88186,106.07721,2023-01-01 02:01:42.595997,2023-01-01,421.6237,0
20.888472,106.094086,2023-01-01 02:01:42.622993,2023-01-01,421.14395,0
20.895086,106.1109,2023-01-01 02:01:42.649990,2023-01-01,421.41684,0
20.832981,106.00615,2023-01-01 02:01:42.794024,2023-01-01,421.775,0
20.839548,106.02333,2023-01-01 02:01:42.821021,2023-01-01,421.93948,0
20.846128,106.04045,2023-01-01 02:01:42.848017,2023-01-01,422.0164,0
20.852701,106.05751,2023-01-01 02:01:42.875014,2023-01-01,420.6336,0
20.859282,106.0745,2023-01-01 02:01:42.902010,2023-01-01,421.85065,0
20.865864,106.09144,2023-01-01 02:01:42.929007,2023-01-01,421.18402,0
20.872463,106.10833,2023-01-01 02:01:42.956003,2023-01-01,421.69165,0
20.879065,106.12515,2023-01-01 02:01:42.982999,2023-01-01,421.83813,0
20.83664,106.07162,2023-01-01 02:01:43.208989,2023-01-01,421.33734,0
20.843208,106.088585,2023-01-01 02:01:43.236026,2023-01-01,421.14038,0
20.849825,106.105515,2023-01-01 02:01:43.263022,2023-01-01,421.38916,0
20.86302,106.13919,2023-01-01 02:01:43.317015,2023-01-01,421.02478,0
20.800898,106.03436,2023-01-01 02:01:43.461009,2023-01-01,421.69693,0
20.807455,106.05152,2023-01-01 02:01:43.488006,2023-01-01,421.90158,0
20.814026,106.06863,2023-01-01 02:01:43.515002,2023-01-01,421.0756,0
20.820599,106.08566,2023-01-01 02:01:43.541999,2023-01-01,421.5528,0
20.82717,106.10264,2023-01-01 02:01:43.568995,2023-01-01,421.4206,0
20.833754,106.11956,2023-01-01 02:01:43.595991,2023-01-01,421.85086,0
20.846987,106.15326,2023-01-01 02:01:43.650024,2023-01-01,422.07993,0
20.78486,106.048416,2023-01-01 02:01:43.794019,2023-01-01,421.42148,0
20.791416,106.065575,2023-01-01 02:01:43.821015,2023-01-01,421.3321,0
20.797985,106.08268,2023-01-01 02:01:43.848012,2023-01-01,421.2113,0
20.80454,106.0997,2023-01-01 02:01:43.875008,2023-01-01,421.23795,0
20.811132,106.116684,2023-01-01 02:01:43.902005,2023-01-01,421.42496,0
20.824339,106.15048,2023-01-01 02:01:43.955997,2023-01-01,422.18365,0
20.83097,106.16731,2023-01-01 02:01:43.982994,2023-01-01,421.81165,0
20.8149,106.18134,2023-01-01 02:01:44.317009,2023-01-01,421.34222,0
20.752836,106.07653,2023-01-01 02:01:44.461004,2023-01-01,421.7914,0
20.765959,106.11079,2023-01-01 02:01:44.514997,2023-01-01,421.23938,0
20.779099,106.1448,2023-01-01 02:01:44.568990,2023-01-01,421.1469,0
20.785686,106.16172,2023-01-01 02:01:44.596026,2023-01-01,421.67917,0
21.742844,105.39598,2023-01-01 02:01:53.460995,2023-01-01,419.40738,0
21.757027,105.40439,2023-01-01 02:01:53.487992,2023-01-01,418.35156,0
21.77123,105.412605,2023-01-01 02:01:53.514988,2023-01-01,418.9196,0
21.785437,105.42076,2023-01-01 02:01:53.542025,2023-01-01,419.17947,0
21.799646,105.42887,2023-01-01 02:01:53.569021,2023-01-01,419.31808,0
21.726965,105.41018,2023-01-01 02:01:53.794005,2023-01-01,420.04443,0
21.741137,105.418465,2023-01-01 02:01:53.821001,2023-01-01,419.73575,0
21.755295,105.426765,2023-01-01 02:01:53.847998,2023-01-01,420.08047,0
21.769457,105.43502,2023-01-01 02:01:53.874994,2023-01-01,419.42252,0
21.78362,105.44323,2023-01-01 02:01:53.901991,2023-01-01,420.4574,0
21.797789,105.45138,2023-01-01 02:01:53.929027,2023-01-01,419.84103,0
21.72505,105.43281,2023-01-01 02:01:54.155017,2023-01-01,421.12146,0
21.739197,105.441216,2023-01-01 02:01:54.182013,2023-01-01,419.48474,0
21.7534,105.44924,2023-01-01 02:01:54.209010,2023-01-01,420.6943,0
21.767532,105.457756,2023-01-01 02:01:54.236006,2023-01-01,420.32523,0
21.781746,105.465744,2023-01-01 02:01:54.263003,2023-01-01,419.87305,0
21.79591,105.47395,2023-01-01 02:01:54.289999,2023-01-01,419.8561,0
21.809969,105.48266,2023-01-01 02:01:54.316995,2023-01-01,421.01562,0
21.69493,105.439125,2023-01-01 02:01:54.460990,2023-01-01,420.8097,0
21.709093,105.44757,2023-01-01 02:01:54.487986,2023-01-01,419.82425,0
21.723314,105.455574,2023-01-01 02:01:54.515023,2023-01-01,419.3195,0
21.737514,105.4637,2023-01-01 02:01:54.542019,2023-01-01,420.26297,0
21.751724,105.47173,2023-01-01 02:01:54.569016,2023-01-01,420.58597,0
21.780037,105.488205,2023-01-01 02:01:54.623009,2023-01-01,420.40372,0
21.67891,105.4536,2023-01-01 02:01:54.793999,2023-01-01,419.16245,0
21.693094,105.46179,2023-01-01 02:01:54.820996,2023-01-01,421.61157,0
21.707266,105.470055,2023-01-01 02:01:54.847992,2023-01-01,419.77567,0
21.721428,105.47833,2023-01-01 02:01:54.874989,2023-01-01,420.722,0
21.763756,105.503746,2023-01-01 02:01:54.956018,2023-01-01,420.9791,0
21.662912,105.467705,2023-01-01 02:01:55.128015,2023-01-01,420.4775,0
21.677103,105.47581,2023-01-01 02:01:55.155011,2023-01-01,420.17126,0
21.691101,105.48511,2023-01-01 02:01:55.182008,2023-01-01,419.35336,0
21.70543,105.49231,2023-01-01 02:01:55.209004,2023-01-01,419.62534,0
21.719505,105.50109,2023-01-01 02:01:55.236001,2023-01-01,420.39896,0
21.689598,105.50638,2023-01-01 02:01:55.542014,2023-01-01,420.54303,0
21.703785,105.51454,2023-01-01 02:01:55.569010,2023-01-01,421.261,0
21.746305,105.53888,2023-01-01 02:01:55.650000,2023-01-01,419.48434,0
21.6735,105.52077,2023-01-01 02:01:55.875024,2023-01-01,420.35596,0
21.716019,105.54504,2023-01-01 02:01:55.956013,2023-01-01,418.77664,0
21.730207,105.552986,2023-01-01 02:01:55.983009,2023-01-01,419.1902,0
21.62885,105.52089,2023-01-01 02:01:56.155006,2023-01-01,417.94843,0
21.643286,105.52739,2023-01-01 02:01:56.182003,2023-01-01,420.41275,0
21.657566,105.53498,2023-01-01 02:01:56.208999,2023-01-01,422.58896,0
21.67177,105.54302,2023-01-01 02:01:56.235995,2023-01-01,420.7219,0
21.685965,105.5511,2023-01-01 02:01:56.262992,2023-01-01,421.0236,0
21.700157,105.55916,2023-01-01 02:01:56.289988,2023-01-01,419.4848,0
21.714317,105.56735,2023-01-01 02:01:56.317025,2023-01-01,419.73703,0
21.627356,105.54149,2023-01-01 02:01:56.515012,2023-01-01,419.88083,0
21.641552,105.54943,2023-01-01 02:01:56.542008,2023-01-01,420.062,0
21.655748,105.55737,2023-01-01 02:01:56.569005,2023-01-01,420.64877,0
21.669909,105.56548,2023-01-01 02:01:56.596001,2023-01-01,420.1835,0
21.684124,105.57333,2023-01-01 02:01:56.622998,2023-01-01,420.2544,0
21.69827,105.58151,2023-01-01 02:01:56.649994,2023-01-01,419.42786,0
21.625511,105.56367,2023-01-01 02:01:56.875018,2023-01-01,419.74954,0
21.639704,105.57164,2023-01-01 02:01:56.902015,2023-01-01,419.99435,0
21.653873,105.57971,2023-01-01 02:01:56.929011,2023-01-01,420.94153,0
21.668049,105.58774,2023-01-01 02:01:56.956007,2023-01-01,420.31317,0
21.682222,105.59575,2023-01-01 02:01:56.983004,2023-01-01,419.88806,0
21.609411,105.57868,2023-01-01 02:01:57.208993,2023-01-01,420.39542,0
21.62372,105.58606,2023-01-01 02:01:57.235990,2023-01-01,419.82617,0
21.637938,105.59399,2023-01-01 02:01:57.263026,2023-01-01,420.33353,0
21.65215,105.60194,2023-01-01 02:01:57.290023,2023-01-01,420.15988,0
21.666353,105.60991,2023-01-01 02:01:57.317019,2023-01-01,419.93756,0
21.579401,105.58408,2023-01-01 02:01:57.515007,2023-01-01,420.37683,0
21.593607,105.59198,2023-01-01 02:01:57.542003,2023-01-01,419.8055,0
21.607761,105.60016,2023-01-01 02:01:57.569000,2023-01-01,420.17648,0
21.621948,105.60813,2023-01-01 02:01:57.595996,2023-01-01,420.4426,0
21.636127,105.61617,2023-01-01 02:01:57.622993,2023-01-01,419.8432,0
21.65032,105.62413,2023-01-01 02:01:57.649989,2023-01-01,419.791,0
21.57756,105.60661,2023-01-01 02:01:57.875013,2023-01-01,420.65524,0
21.591793,105.61436,2023-01-01 02:01:57.902009,2023-01-01,420.0588,0
21.605942,105.62255,2023-01-01 02:01:57.929006,2023-01-01,420.32416,0
21.620153,105.63039,2023-01-01 02:01:57.956002,2023-01-01,419.53314,0
21.634336,105.63836,2023-01-01 02:01:57.982998,2023-01-01,419.86343,0
21.561628,105.620255,2023-01-01 02:01:58.208988,2023-01-01,421.00006,0
21.575808,105.62837,2023-01-01 02:01:58.236025,2023-01-01,420.08826,0
21.59001,105.63635,2023-01-01 02:01:58.263021,2023-01-01,420.0505,0
21.604185,105.64444,2023-01-01 02:01:58.290018,2023-01-01,419.5611,0
21.618374,105.65244,2023-01-01 02:01:58.317014,2023-01-01,419.88687,0
21.5314,105.6268,2023-01-01 02:01:58.515001,2023-01-01,419.94504,0
21.559814,105.64258,2023-01-01 02:01:58.568994,2023-01-01,421.06955,0
21.57399,105.65062,2023-01-01 02:01:58.595991,2023-01-01,420.8738,0
21.529541,105.64898,2023-01-01 02:01:58.875007,2023-01-01,419.98218,0
21.543776,105.65681,2023-01-01 02:01:58.902004,2023-01-01,422.12943,0
21.557924,105.66511,2023-01-01 02:01:58.929000,2023-01-01,422.05325,0
21.513674,105.66304,2023-01-01 02:01:59.209023,2023-01-01,419.9969,0
21.527853,105.67106,2023-01-01 02:01:59.236019,2023-01-01,421.04498,0
21.483377,105.6695,2023-01-01 02:01:59.514996,2023-01-01,419.4909,0
21.497608,105.67728,2023-01-01 02:01:59.541992,2023-01-01,420.35007,0
21.511786,105.68536,2023-01-01 02:01:59.568989,2023-01-01,419.83447,0
21.48153,105.69201,2023-01-01 02:01:59.875002,2023-01-01,421.9516,0
21.495804,105.699524,2023-01-01 02:01:59.901998,2023-01-01,420.30472,0
21.509972,105.70765,2023-01-01 02:01:59.928995,2023-01-01,420.71793,0
21.465616,105.705574,2023-01-01 02:02:00.209017,2023-01-01,420.29172,0
21.479794,105.71365,2023-01-01 02:02:00.236014,2023-01-01,421.35342,0
21.493963,105.72173,2023-01-01 02:02:00.263010,2023-01-01,421.26492,0
21.507982,105.73061,2023-01-01 02:02:00.290007,2023-01-01,420.47626,0
21.522318,105.73782,2023-01-01 02:02:00.317003,2023-01-01,421.68024,0
21.407122,105.69497,2023-01-01 02:02:00.460998,2023-01-01,420.58505,0
21.42118,105.703926,2023-01-01 02:02:00.487994,2023-01-01,419.05847,0
21.435204,105.71298,2023-01-01 02:02:00.514990,2023-01-01,420.72632,0
21.463736,105.727974,2023-01-01 02:02:00.569024,2023-01-01,421.5322,0
21.477905,105.73604,2023-01-01 02:02:00.596020,2023-01-01,420.5239,0
21.492096,105.74405,2023-01-01 02:02:00.623016,2023-01-01,420.016,0
21.506258,105.752205,2023-01-01 02:02:00.650013,2023-01-01,420.42197,0
21.375172,105.72332,2023-01-01 02:02:01.128023,2023-01-01,420.40866,0
21.389282,105.73186,2023-01-01 02:02:01.155019,2023-01-01,420.4088,0
21.403332,105.740715,2023-01-01 02:02:01.182015,2023-01-01,419.86615,0
21.417519,105.74865,2023-01-01 02:02:01.209012,2023-01-01,419.96384,0
21.43165,105.75693,2023-01-01 02:02:01.236008,2023-01-01,420.76572,0
21.445929,105.76437,2023-01-01 02:02:01.263005,2023-01-01,421.3404,0
21.460114,105.77239,2023-01-01 02:02:01.290001,2023-01-01,419.9448,0
21.474241,105.78067,2023-01-01 02:02:01.316998,2023-01-01,420.93332,0
21.359072,105.7379,2023-01-01 02:02:01.460992,2023-01-01,420.31284,0
21.373087,105.74708,2023-01-01 02:02:01.487988,2023-01-01,421.57495,0
21.38742,105.75408,2023-01-01 02:02:01.515025,2023-01-01,421.37848,0
21.40153,105.76253,2023-01-01 02:02:01.542022,2023-01-01,420.64487,0
21.415745,105.7703,2023-01-01 02:02:01.569018,2023-01-01,420.2598,0
21.429895,105.77843,2023-01-01 02:02:01.596014,2023-01-01,420.80753,0
21.444063,105.78652,2023-01-01 02:02:01.623011,2023-01-01,420.9415,0
21.458197,105.79478,2023-01-01 02:02:01.650007,2023-01-01,420.9114,0
21.343128,105.75155,2023-01-01 02:02:01.794002,2023-01-01,420.97308,0
21.357235,105.76028,2023-01-01 02:02:01.820998,2023-01-01,420.73096,0
21.371393,105.76859,2023-01-01 02:02:01.847995,2023-01-01,420.08212,0
21.385633,105.776375,2023-01-01 02:02:01.874991,2023-01-01,420.9341,0
21.399809,105.78453,2023-01-01 02:02:01.901988,2023-01-01,420.98056,0
21.413979,105.7927,2023-01-01 02:02:01.929024,2023-01-01,420.68637,0
21.428152,105.800804,2023-01-01 02:02:01.956021,2023-01-01,420.35962,0
21.442333,105.80885,2023-01-01 02:02:01.983017,2023-01-01,420.81894,0
21.327105,105.76604,2023-01-01 02:02:02.128017,2023-01-01,420.28574,0
21.341194,105.77471,2023-01-01 02:02:02.155014,2023-01-01,420.6323,0
21.355335,105.78298,2023-01-01 02:02:02.182010,2023-01-01,421.48114,0
21.369574,105.790634,2023-01-01 02:02:02.209007,2023-01-01,420.63852,0
21.383743,105.79874,2023-01-01 02:02:02.236003,2023-01-01,420.46893,0
21.397902,105.80687,2023-01-01 02:02:02.263000,2023-01-01,420.68683,0
21.412075,105.814926,2023-01-01 02:02:02.289996,2023-01-01,420.1953,0
21.311,105.78062,2023-01-01 02:02:02.461027,2023-01-01,422.46545,0
21.33932,105.79716,2023-01-01 02:02:02.515020,2023-01-01,420.7625,0
21.3536,105.80464,2023-01-01 02:02:02.542016,2023-01-01,421.2466,0
21.367762,105.812836,2023-01-01 02:02:02.569013,2023-01-01,420.68137,0
21.381933,105.820946,2023-01-01 02:02:02.596009,2023-01-01,420.62756,0
21.396097,105.82906,2023-01-01 02:02:02.623005,2023-01-01,420.6972,0
21.410276,105.83708,2023-01-01 02:02:02.650002,2023-01-01,420.4748,0
21.295,105.79491,2023-01-01 02:02:02.793996,2023-01-01,420.88983,0
21.309208,105.80281,2023-01-01 02:02:02.820993,2023-01-01,419.3106,0
21.323359,105.8111,2023-01-01 02:02:02.847989,2023-01-01,421.54037,0
21.337584,105.81888,2023-01-01 02:02:02.875026,2023-01-01,421.32928,0
21.351742,105.82706,2023-01-01 02:02:02.902022,2023-01-01,420.4707,0
21.365902,105.83519,2023-01-01 02:02:02.929019,2023-01-01,420.77042,0
21.38007,105.843254,2023-01-01 02:02:02.956015,2023-01-01,421.38715,0
21.394238,105.851295,2023-01-01 02:02:02.983012,2023-01-01,420.7699,0
21.27898,105.80896,2023-01-01 02:02:03.128012,2023-01-01,420.6705,0
21.30736,105.825,2023-01-01 02:02:03.182005,2023-01-01,423.10858,0
21.321533,105.83308,2023-01-01 02:02:03.209001,2023-01-01,421.00244,0
21.33568,105.841255,2023-01-01 02:02:03.235998,2023-01-01,420.89307,0
21.34983,105.849365,2023-01-01 02:02:03.262994,2023-01-01,419.92496,0
21.363981,105.85745,2023-01-01 02:02:03.289990,2023-01-01,420.41864,0
21.37813,105.86552,2023-01-01 02:02:03.316987,2023-01-01,420.98068,0
21.27713,105.83083,2023-01-01 02:02:03.488018,2023-01-01,420.1495,0
21.291304,105.83908,2023-01-01 02:02:03.515014,2023-01-01,420.31625,0
21.31966,105.85542,2023-01-01 02:02:03.569007,2023-01-01,421.0004,0
21.348017,105.871635,2023-01-01 02:02:03.623000,2023-01-01,420.72284,0
21.247116,105.836586,2023-01-01 02:02:03.793991,2023-01-01,421.4219,0
21.289545,105.86144,2023-01-01 02:02:03.875021,2023-01-01,421.08475,0
21.30369,105.86961,2023-01-01 02:02:03.902017,2023-01-01,420.82224,0
21.317833,105.87775,2023-01-01 02:02:03.929013,2023-01-01,420.78473,0
21.331987,105.8858,2023-01-01 02:02:03.956010,2023-01-01,419.98944,0
21.34614,105.89384,2023-01-01 02:02:03.983006,2023-01-01,421.229,0
21.23099,105.85074,2023-01-01 02:02:04.128006,2023-01-01,421.6211,0
21.259289,105.867386,2023-01-01 02:02:04.181999,2023-01-01,421.3121,0
21.273453,105.875534,2023-01-01 02:02:04.208996,2023-01-01,420.77838,0
21.287598,105.88372,2023-01-01 02:02:04.235992,2023-01-01,421.32675,0
21.301746,105.89185,2023-01-01 02:02:04.262989,2023-01-01,421.5995,0
21.330048,105.90801,2023-01-01 02:02:04.317022,2023-01-01,420.19174,0
21.214912,105.86493,2023-01-01 02:02:04.461016,2023-01-01,420.24695,0
21.229078,105.87326,2023-01-01 02:02:04.488013,2023-01-01,421.5174,0
21.243242,105.881546,2023-01-01 02:02:04.515009,2023-01-01,420.75986,0
21.257416,105.88973,2023-01-01 02:02:04.542005,2023-01-01,420.7531,0
21.271584,105.89792,2023-01-01 02:02:04.569002,2023-01-01,420.74805,0
21.285755,105.90605,2023-01-01 02:02:04.595998,2023-01-01,421.06918,0
21.299929,105.91415,2023-01-01 02:02:04.622995,2023-01-01,420.6532,0
21.314106,105.92219,2023-01-01 02:02:04.649991,2023-01-01,420.66333,0
21.199022,105.879074,2023-01-01 02:02:04.794026,2023-01-01,420.48624,0
21.241436,105.90395,2023-01-01 02:02:04.875015,2023-01-01,420.94052,0
21.269732,105.92024,2023-01-01 02:02:04.929008,2023-01-01,420.36176,0
21.283884,105.92833,2023-01-01 02:02:04.956004,2023-01-01,420.31085,0
21.298035,105.93638,2023-01-01 02:02:04.983001,2023-01-01,420.58447,0
21.239527,105.92625,2023-01-01 02:02:05.236027,2023-01-01,421.5121,0
21.253681,105.93439,2023-01-01 02:02:05.263023,2023-01-01,420.37512,0
21.267845,105.94248,2023-01-01 02:02:05.290020,2023-01-01,420.63202,0
21.282013,105.95053,2023-01-01 02:02:05.317016,2023-01-01,421.13965,0
21.166939,105.907394,2023-01-01 02:02:05.461011,2023-01-01,420.77414,0
21.181082,105.91576,2023-01-01 02:02:05.488007,2023-01-01,421.34488,0
21.25185,105.95665,2023-01-01 02:02:05.622989,2023-01-01,420.94766,0
21.26601,105.96469,2023-01-01 02:02:05.650026,2023-01-01,420.51855,0
21.165041,105.929855,2023-01-01 02:02:05.821017,2023-01-01,420.24896,0
21.179186,105.93814,2023-01-01 02:02:05.848013,2023-01-01,421.14783,0
21.207478,105.95459,2023-01-01 02:02:05.902006,2023-01-01,421.181,0
21.221628,105.96275,2023-01-01 02:02:05.929003,2023-01-01,421.18518,0
21.235779,105.970856,2023-01-01 02:02:05.955999,2023-01-01,421.11414,0
21.249935,105.97892,2023-01-01 02:02:05.982995,2023-01-01,421.2309,0
21.1348,105.93577,2023-01-01 02:02:06.127995,2023-01-01,421.2303,0
21.148954,105.944046,2023-01-01 02:02:06.154992,2023-01-01,421.50867,0
21.163103,105.9523,2023-01-01 02:02:06.181988,2023-01-01,420.4264,0
21.205603,105.9768,2023-01-01 02:02:06.263018,2023-01-01,420.20605,0
21.219763,105.98489,2023-01-01 02:02:06.290014,2023-01-01,420.3438,0
21.11886,105.94982,2023-01-01 02:02:06.461005,2023-01-01,420.64813,0
21.13302,105.95814,2023-01-01 02:02:06.488002,2023-01-01,421.34253,0
21.147182,105.96642,2023-01-01 02:02:06.514998,2023-01-01,420.35944,0
21.161343,105.97466,2023-01-01 02:02:06.541995,2023-01-01,420.80792,0
21.175507,105.98285,2023-01-01 02:02:06.568991,2023-01-01,421.63736,0
21.189672,105.99099,2023-01-01 02:02:06.595987,2023-01-01,421.46637,0
21.203825,105.99908,2023-01-01 02:02:06.623024,2023-01-01,421.03003,0
21.21798,106.007126,2023-01-01 02:02:06.650021,2023-01-01,420.9715,0
21.10282,105.96384,2023-01-01 02:02:06.794015,2023-01-01,420.247,0
21.116955,105.97217,2023-01-01 02:02:06.821011,2023-01-01,420.40558,0
21.131098,105.98042,2023-01-01 02:02:06.848008,2023-01-01,420.8643,0
21.187696,106.01311,2023-01-01 02:02:06.955993,2023-01-01,420.565,0
21.201855,106.021164,2023-01-01 02:02:06.982990,2023-01-01,420.76566,0
21.097113,106.03131,2023-01-01 02:02:07.874999,2023-01-01,420.32776,0
21.111258,106.03949,2023-01-01 02:02:07.901995,2023-01-01,421.13916,0
21.139566,106.05564,2023-01-01 02:02:07.955988,2023-01-01,420.47452,0
21.15372,106.06368,2023-01-01 02:02:07.983025,2023-01-01,421.3882,0
21.03865,106.02042,2023-01-01 02:02:08.128025,2023-01-01,420.97717,0
21.066936,106.03705,2023-01-01 02:02:08.182018,2023-01-01,420.1191,0
21.08108,106.04529,2023-01-01 02:02:08.209014,2023-01-01,420.38785,0
21.095224,106.05348,2023-01-01 02:02:08.236011,2023-01-01,421.75647,0
21.109373,106.06163,2023-01-01 02:02:08.263007,2023-01-01,421.43054,0
21.12352,106.069725,2023-01-01 02:02:08.290004,2023-01-01,421.20648,0
21.137667,106.0778,2023-01-01 02:02:08.317000,2023-01-01,421.49097,0
21.022604,106.03454,2023-01-01 02:02:08.460994,2023-01-01,420.47824,0
21.036757,106.04288,2023-01-01 02:02:08.487991,2023-01-01,420.99478,0
21.050909,106.05116,2023-01-01 02:02:08.514987,2023-01-01,421.89883,0
21.093374,106.07572,2023-01-01 02:02:08.596017,2023-01-01,420.9099,0
21.10752,106.08382,2023-01-01 02:02:08.623013,2023-01-01,420.81796,0
21.121666,106.091866,2023-01-01 02:02:08.650010,2023-01-01,421.75815,0
21.006535,106.0487,2023-01-01 02:02:08.794004,2023-01-01,421.13013,0
21.020666,106.05705,2023-01-01 02:02:08.821001,2023-01-01,420.54846,0
21.077253,106.08993,2023-01-01 02:02:08.929026,2023-01-01,420.9747,0
21.091412,106.098015,2023-01-01 02:02:08.956023,2023-01-01,421.22382,0
21.105574,106.10606,2023-01-01 02:02:08.983019,2023-01-01,420.86057,0
21.004677,106.0711,2023-01-01 02:02:09.155016,2023-01-01,420.99844,0
21.018814,106.079384,2023-01-01 02:02:09.182012,2023-01-01,421.06738,0
21.03295,106.087616,2023-01-01 02:02:09.209009,2023-01-01,421.11823,0
21.047089,106.09581,2023-01-01 02:02:09.236005,2023-01-01,421.5362,0
21.089529,106.12011,2023-01-01 02:02:09.316995,2023-01-01,420.2575,0
20.972569,106.099335,2023-01-01 02:02:09.820995,2023-01-01,420.41043,0
21.014956,106.12408,2023-01-01 02:02:09.902025,2023-01-01,421.57388,0
21.043215,106.14034,2023-01-01 02:02:09.956017,2023-01-01,421.05167,0
21.05735,106.14841,2023-01-01 02:02:09.983014,2023-01-01,421.09204,0
20.942337,106.105156,2023-01-01 02:02:10.128014,2023-01-01,420.37827,0
20.956478,106.11352,2023-01-01 02:02:10.155010,2023-01-01,421.262,0
20.970623,106.12181,2023-01-01 02:02:10.182007,2023-01-01,421.31772,0
20.98477,106.13006,2023-01-01 02:02:10.209003,2023-01-01,421.42282,0
20.998917,106.13826,2023-01-01 02:02:10.236000,2023-01-01,420.29398,0
21.013067,106.146416,2023-01-01 02:02:10.262996,2023-01-01,420.8119,0
21.041386,106.16255,2023-01-01 02:02:10.316989,2023-01-01,420.981,0
20.940495,106.12757,2023-01-01 02:02:10.488020,2023-01-01,420.4334,0
20.954615,106.13588,2023-01-01 02:02:10.515017,2023-01-01,420.6717,0
20.968737,106.144135,2023-01-01 02:02:10.542013,2023-01-01,420.84207,0
20.996986,106.1605,2023-01-01 02:02:10.596006,2023-01-01,420.9493,0
21.011124,106.16862,2023-01-01 02:02:10.623002,2023-01-01,421.38876,0
20.924374,106.14176,2023-01-01 02:02:10.820990,2023-01-01,420.68857,0
20.95263,106.158295,2023-01-01 02:02:10.875023,2023-01-01,421.0794,0
20.96676,106.16648,2023-01-01 02:02:10.902019,2023-01-01,419.91302,0
20.980894,106.17462,2023-01-01 02:02:10.929016,2023-01-01,420.8923,0
20.995031,106.18271,2023-01-01 02:02:10.956012,2023-01-01,420.2133,0
21.009172,106.19076,2023-01-01 02:02:10.983008,2023-01-01,421.70728,0
20.894186,106.14742,2023-01-01 02:02:11.128009,2023-01-01,420.34607,0
20.908325,106.15577,2023-01-01 02:02:11.155005,2023-01-01,420.514,0
20.922462,106.16407,2023-01-01 02:02:11.182002,2023-01-01,420.3839,0
20.936602,106.17232,2023-01-01 02:02:11.208998,2023-01-01,420.64157,0
20.950743,106.18052,2023-01-01 02:02:11.235994,2023-01-01,420.87692,0
20.964888,106.188675,2023-01-01 02:02:11.262991,2023-01-01,421.57352,0
20.979044,106.19678,2023-01-01 02:02:11.289987,2023-01-01,420.2892,0
20.993204,106.20484,2023-01-01 02:02:11.317024,2023-01-01,420.16132,0
20.878218,106.16154,2023-01-01 02:02:11.461018,2023-01-01,421.09198,0
20.89234,106.16988,2023-01-01 02:02:11.488015,2023-01-01,420.62906,0
20.906462,106.17818,2023-01-01 02:02:11.515011,2023-01-01,420.6243,0
20.920586,106.186424,2023-01-01 02:02:11.542008,2023-01-01,420.44592,0
20.934711,106.194626,2023-01-01 02:02:11.569004,2023-01-01,420.73447,0
20.948837,106.202774,2023-01-01 02:02:11.596000,2023-01-01,420.48132,0
20.962978,106.210884,2023-01-01 02:02:11.622997,2023-01-01,420.50165,0
20.977123,106.21894,2023-01-01 02:02:11.649993,2023-01-01,420.47897,0
20.862099,106.17567,2023-01-01 02:02:11.793988,2023-01-01,421.15323,0
20.890343,106.19232,2023-01-01 02:02:11.848021,2023-01-01,421.32996,0
20.904465,106.20057,2023-01-01 02:02:11.875017,2023-01-01,421.2483,0
20.946844,106.22501,2023-01-01 02:02:11.956007,2023-01-01,421.0362,0
20.960978,106.23307,2023-01-01 02:02:11.983003,2023-01-01,420.77094,0
20.846024,106.189705,2023-01-01 02:02:12.128003,2023-01-01,420.47025,0
20.860172,106.198044,2023-01-01 02:02:12.155000,2023-01-01,420.4839,0
20.874321,106.20633,2023-01-01 02:02:12.181996,2023-01-01,420.93652,0
20.888472,106.21457,2023-01-01 02:02:12.208992,2023-01-01,421.34457,0
20.902622,106.222755,2023-01-01 02:02:12.235989,2023-01-01,420.85,0
20.916777,106.2309,2023-01-01 02:02:12.263026,2023-01-01,421.80185,0
20.945074,106.24707,2023-01-01 02:02:12.317019,2023-01-01,420.98215,0
20.83006,106.20376,2023-01-01 02:02:12.461013,2023-01-01,421.25775,0
20.844177,106.212105,2023-01-01 02:02:12.488009,2023-01-01,421.38974,0
20.858297,106.22041,2023-01-01 02:02:12.515006,2023-01-01,420.73895,0
20.914793,106.25315,2023-01-01 02:02:12.622992,2023-01-01,420.93243,0
20.928923,106.26123,2023-01-01 02:02:12.649988,2023-01-01,420.53232,0
20.870438,106.251,2023-01-01 02:02:12.902008,2023-01-01,420.99197,0
20.884584,106.25914,2023-01-01 02:02:12.929005,2023-01-01,421.57404,0
20.898733,106.267235,2023-01-01 02:02:12.956001,2023-01-01,420.27316,0
21.816502,105.52906,2023-01-01 02:02:16.182015,2023-01-01,417.71817,0
21.85334,105.53593,2023-01-01 02:02:16.236007,2023-01-01,419.01294,0
21.87255,105.53795,2023-01-01 02:02:16.263004,2023-01-01,418.6588,0
21.890121,105.54303,2023-01-01 02:02:16.290000,2023-01-01,419.04303,0
21.90901,105.54576,2023-01-01 02:02:16.316997,2023-01-01,418.38095,0
21.781837,105.539696,2023-01-01 02:02:16.488028,2023-01-01,420.11505,0
21.800396,105.54291,2023-01-01 02:02:16.515024,2023-01-01,419.63773,0
21.818962,105.54616,2023-01-01 02:02:16.542021,2023-01-01,419.9338,0
21.83753,105.54946,2023-01-01 02:02:16.569017,2023-01-01,419.977,0
21.856169,105.55269,2023-01-01 02:02:16.596014,2023-01-01,420.2047,0
21.875034,105.5556,2023-01-01 02:02:16.623010,2023-01-01,418.71216,0
21.893835,105.5587,2023-01-01 02:02:16.650007,2023-01-01,420.10635,0
21.7479,105.55048,2023-01-01 02:02:16.794001,2023-01-01,419.10095,0
21.766321,105.55382,2023-01-01 02:02:16.820997,2023-01-01,419.60596,0
21.784748,105.55715,2023-01-01 02:02:16.847994,2023-01-01,419.3701,0
21.803308,105.56028,2023-01-01 02:02:16.874990,2023-01-01,419.50912,0
21.821846,105.56353,2023-01-01 02:02:16.902027,2023-01-01,420.4745,0
21.840542,105.566536,2023-01-01 02:02:16.929023,2023-01-01,420.07834,0
21.859303,105.56948,2023-01-01 02:02:16.956020,2023-01-01,419.58563,0
21.878069,105.57248,2023-01-01 02:02:16.983016,2023-01-01,419.73688,0
21.731287,105.565445,2023-01-01 02:02:17.128016,2023-01-01,419.55692,0
21.750072,105.56815,2023-01-01 02:02:17.155013,2023-01-01,420.22348,0
21.768597,105.57144,2023-01-01 02:02:17.182009,2023-01-01,419.98987,0
21.787151,105.57469,2023-01-01 02:02:17.209006,2023-01-01,420.44916,0
21.824327,105.58115,2023-01-01 02:02:17.262999,2023-01-01,419.5156,0
21.843231,105.58389,2023-01-01 02:02:17.289995,2023-01-01,419.29276,0
21.862082,105.5868,2023-01-01 02:02:17.316991,2023-01-01,420.03778,0
21.71562,105.57908,2023-01-01 02:02:17.461026,2023-01-01,419.51605,0
21.770954,105.58949,2023-01-01 02:02:17.542015,2023-01-01,420.91287,0
21.808718,105.59507,2023-01-01 02:02:17.596008,2023-01-01,420.2512,0
21.827404,105.59825,2023-01-01 02:02:17.623005,2023-01-01,419.21063,0
21.846214,105.60125,2023-01-01 02:02:17.650001,2023-01-01,419.76224,0
21.69978,105.593346,2023-01-01 02:02:17.793995,2023-01-01,419.6877,0
21.718224,105.596695,2023-01-01 02:02:17.820992,2023-01-01,419.8415,0
21.736725,105.59999,2023-01-01 02:02:17.847988,2023-01-01,420.0095,0
21.755402,105.60301,2023-01-01 02:02:17.875025,2023-01-01,419.8314,0
21.774008,105.60623,2023-01-01 02:02:17.902021,2023-01-01,420.57693,0
21.792667,105.60941,2023-01-01 02:02:17.929018,2023-01-01,419.51987,0
21.811285,105.61272,2023-01-01 02:02:17.956014,2023-01-01,418.412,0
21.701818,105.61131,2023-01-01 02:02:18.155007,2023-01-01,420.24686,0
21.720436,105.614296,2023-01-01 02:02:18.182004,2023-01-01,419.96048,0
21.73909,105.617294,2023-01-01 02:02:18.209000,2023-01-01,419.97137,0
21.757671,105.62054,2023-01-01 02:02:18.235997,2023-01-01,420.25372,0
21.776466,105.623436,2023-01-01 02:02:18.262993,2023-01-01,420.26743,0
21.795168,105.62659,2023-01-01 02:02:18.289989,2023-01-01,419.59174,0
21.814064,105.62945,2023-01-01 02:02:18.317026,2023-01-01,419.96988,0
21.667608,105.621666,2023-01-01 02:02:18.461020,2023-01-01,420.28207,0
21.685991,105.62517,2023-01-01 02:02:18.488017,2023-01-01,419.81412,0
21.704557,105.62838,2023-01-01 02:02:18.515013,2023-01-01,420.34955,0
21.72271,105.632416,2023-01-01 02:02:18.542010,2023-01-01,421.0182,0
21.74183,105.6347,2023-01-01 02:02:18.569006,2023-01-01,419.752,0
21.760674,105.63756,2023-01-01 02:02:18.596003,2023-01-01,419.8473,0
21.651749,105.6361,2023-01-01 02:02:18.793990,2023-01-01,419.4592,0
21.670311,105.63925,2023-01-01 02:02:18.820987,2023-01-01,419.63095,0
21.688786,105.64262,2023-01-01 02:02:18.848023,2023-01-01,420.1282,0
21.706968,105.64657,2023-01-01 02:02:18.875020,2023-01-01,419.2716,0
21.725246,105.650375,2023-01-01 02:02:18.902016,2023-01-01,420.5259,0
21.744694,105.65207,2023-01-01 02:02:18.929012,2023-01-01,420.15872,0
21.763626,105.6548,2023-01-01 02:02:18.956009,2023-01-01,419.9141,0
21.782324,105.658005,2023-01-01 02:02:18.983005,2023-01-01,420.38675,0
21.635826,105.65,2023-01-01 02:02:19.128006,2023-01-01,420.07996,0
21.654144,105.65358,2023-01-01 02:02:19.155002,2023-01-01,419.8152,0
21.672667,105.65682,2023-01-01 02:02:19.181998,2023-01-01,420.08316,0
21.709248,105.66437,2023-01-01 02:02:19.235991,2023-01-01,418.0382,0
21.728436,105.666565,2023-01-01 02:02:19.262988,2023-01-01,420.2095,0
21.747517,105.669014,2023-01-01 02:02:19.290024,2023-01-01,419.4052,0
21.619558,105.66447,2023-01-01 02:02:19.461015,2023-01-01,419.90717,0
21.637957,105.66786,2023-01-01 02:02:19.488012,2023-01-01,421.70206,0
21.656643,105.67076,2023-01-01 02:02:19.515008,2023-01-01,420.18692,0
21.731308,105.683174,2023-01-01 02:02:19.622994,2023-01-01,419.42606,0
21.75016,105.68614,2023-01-01 02:02:19.649990,2023-01-01,419.84793,0
21.603712,105.67844,2023-01-01 02:02:19.794025,2023-01-01,419.2799,0
21.621595,105.682945,2023-01-01 02:02:19.821021,2023-01-01,420.2729,0
21.640715,105.68511,2023-01-01 02:02:19.848018,2023-01-01,420.08347,0
21.65941,105.68814,2023-01-01 02:02:19.875014,2023-01-01,419.8913,0
21.678066,105.69129,2023-01-01 02:02:19.902010,2023-01-01,420.22318,0
21.69665,105.694626,2023-01-01 02:02:19.929007,2023-01-01,419.17178,0
21.715557,105.697426,2023-01-01 02:02:19.956003,2023-01-01,419.95578,0
21.734404,105.70039,2023-01-01 02:02:19.983000,2023-01-01,419.87497,0
21.606052,105.69638,2023-01-01 02:02:20.154996,2023-01-01,418.71402,0
21.623938,105.70085,2023-01-01 02:02:20.181993,2023-01-01,420.55878,0
21.643238,105.70267,2023-01-01 02:02:20.208989,2023-01-01,420.87054,0
21.661983,105.70554,2023-01-01 02:02:20.236026,2023-01-01,421.01413,0
21.69943,105.71161,2023-01-01 02:02:20.290019,2023-01-01,419.3162,0
21.718214,105.71464,2023-01-01 02:02:20.317015,2023-01-01,419.6966,0
21.59003,105.71026,2023-01-01 02:02:20.488006,2023-01-01,419.37146,0
21.608316,105.71396,2023-01-01 02:02:20.515003,2023-01-01,420.049,0
21.645824,105.71975,2023-01-01 02:02:20.568995,2023-01-01,419.964,0
21.664604,105.722694,2023-01-01 02:02:20.595992,2023-01-01,420.84683,0
21.68338,105.72576,2023-01-01 02:02:20.622988,2023-01-01,419.53302,0
21.59273,105.72784,2023-01-01 02:02:20.848012,2023-01-01,419.76764,0
21.611002,105.73163,2023-01-01 02:02:20.875009,2023-01-01,420.1432,0
21.630049,105.734024,2023-01-01 02:02:20.902005,2023-01-01,421.2097,0
21.648645,105.73732,2023-01-01 02:02:20.929002,2023-01-01,420.56177,0
21.66754,105.74013,2023-01-01 02:02:20.955998,2023-01-01,419.7324,0
21.686375,105.7431,2023-01-01 02:02:20.982995,2023-01-01,419.18484,0
21.57664,105.74191,2023-01-01 02:02:21.181988,2023-01-01,420.42517,0
21.59506,105.74539,2023-01-01 02:02:21.209024,2023-01-01,420.74347,0
21.613863,105.74821,2023-01-01 02:02:21.236021,2023-01-01,420.0959,0
21.63263,105.75116,2023-01-01 02:02:21.263017,2023-01-01,419.9625,0
21.651304,105.75434,2023-01-01 02:02:21.290014,2023-01-01,419.9785,0
21.67026,105.75709,2023-01-01 02:02:21.317010,2023-01-01,419.04117,0
21.523264,105.75021,2023-01-01 02:02:21.461004,2023-01-01,420.62854,0
21.542135,105.75282,2023-01-01 02:02:21.488001,2023-01-01,420.9292,0
21.598036,105.7624,2023-01-01 02:02:21.568990,2023-01-01,421.19717,0
21.616825,105.76541,2023-01-01 02:02:21.596027,2023-01-01,420.33762,0
21.635443,105.76874,2023-01-01 02:02:21.623023,2023-01-01,419.72342,0
21.654474,105.77137,2023-01-01 02:02:21.650020,2023-01-01,420.0269,0
21.507648,105.763985,2023-01-01 02:02:21.794014,2023-01-01,420.40488,0
21.526049,105.76737,2023-01-01 02:02:21.821010,2023-01-01,421.19666,0
21.54472,105.77029,2023-01-01 02:02:21.848007,2023-01-01,420.2967,0
21.563251,105.77352,2023-01-01 02:02:21.875003,2023-01-01,420.97864,0
21.581923,105.77657,2023-01-01 02:02:21.902000,2023-01-01,420.66864,0
21.600605,105.779655,2023-01-01 02:02:21.928996,2023-01-01,420.2559,0
21.619352,105.78268,2023-01-01 02:02:21.955993,2023-01-01,419.55756,0
21.638216,105.78555,2023-01-01 02:02:21.982989,2023-01-01,419.8259,0
21.491442,105.77809,2023-01-01 02:02:22.127989,2023-01-01,420.41443,0
21.510033,105.78118,2023-01-01 02:02:22.155026,2023-01-01,420.27246,0
21.52862,105.78433,2023-01-01 02:02:22.182022,2023-01-01,420.65216,0
21.547228,105.78753,2023-01-01 02:02:22.209019,2023-01-01,420.90115,0
21.565893,105.79072,2023-01-01 02:02:22.236015,2023-01-01,420.59464,0
21.584654,105.79379,2023-01-01 02:02:22.263012,2023-01-01,420.6114,0
21.603445,105.79686,2023-01-01 02:02:22.290008,2023-01-01,419.2832,0
21.622328,105.79982,2023-01-01 02:02:22.317004,2023-01-01,420.43344,0
21.494242,105.795395,2023-01-01 02:02:22.487995,2023-01-01,421.1986,0
21.51273,105.798744,2023-01-01 02:02:22.514992,2023-01-01,420.86005,0
21.53135,105.801895,2023-01-01 02:02:22.541988,2023-01-01,420.66614,0
21.587498,105.811104,2023-01-01 02:02:22.623018,2023-01-01,420.0422,0
21.606333,105.81403,2023-01-01 02:02:22.650014,2023-01-01,420.7578,0
21.44345,105.820404,2023-01-01 02:02:23.128024,2023-01-01,420.9106,0
21.461975,105.82364,2023-01-01 02:02:23.155020,2023-01-01,419.84418,0
21.480518,105.8269,2023-01-01 02:02:23.182017,2023-01-01,419.79767,0
21.49908,105.83019,2023-01-01 02:02:23.209013,2023-01-01,420.66354,0
21.517725,105.83344,2023-01-01 02:02:23.236010,2023-01-01,420.0575,0
21.53653,105.83645,2023-01-01 02:02:23.263006,2023-01-01,419.9098,0
21.574211,105.84246,2023-01-01 02:02:23.316999,2023-01-01,419.71146,0
21.427713,105.83456,2023-01-01 02:02:23.460994,2023-01-01,420.69495,0
21.446178,105.83789,2023-01-01 02:02:23.487990,2023-01-01,420.90076,0
21.464685,105.8412,2023-01-01 02:02:23.514986,2023-01-01,420.66586,0
21.539373,105.85375,2023-01-01 02:02:23.623012,2023-01-01,419.06293,0
21.5582,105.85672,2023-01-01 02:02:23.650009,2023-01-01,419.7581,0
21.4116,105.84875,2023-01-01 02:02:23.794003,2023-01-01,420.45428,0
21.430086,105.85202,2023-01-01 02:02:23.821000,2023-01-01,420.10303,0
21.448612,105.85528,2023-01-01 02:02:23.847996,2023-01-01,420.35815,0
21.467197,105.85846,2023-01-01 02:02:23.874992,2023-01-01,419.9396,0
21.485783,105.86169,2023-01-01 02:02:23.901989,2023-01-01,419.96964,0
21.504469,105.86478,2023-01-01 02:02:23.929026,2023-01-01,419.90732,0
21.523262,105.86774,2023-01-01 02:02:23.956022,2023-01-01,419.49362,0
21.542034,105.87079,2023-01-01 02:02:23.983018,2023-01-01,419.73788,0
21.395514,105.86286,2023-01-01 02:02:24.128019,2023-01-01,420.26062,0
21.413992,105.86621,2023-01-01 02:02:24.155015,2023-01-01,420.162,0
21.432535,105.869484,2023-01-01 02:02:24.182012,2023-01-01,420.1575,0
21.45114,105.87271,2023-01-01 02:02:24.209008,2023-01-01,420.46402,0
21.469778,105.875916,2023-01-01 02:02:24.236004,2023-01-01,420.80063,0
21.488497,105.879036,2023-01-01 02:02:24.263001,2023-01-01,420.54312,0
21.507298,105.882065,2023-01-01 02:02:24.289997,2023-01-01,420.0298,0
21.526136,105.88507,2023-01-01 02:02:24.316994,2023-01-01,419.84335,0
21.379522,105.877106,2023-01-01 02:02:24.460988,2023-01-01,420.92282,0
21.397959,105.88042,2023-01-01 02:02:24.488025,2023-01-01,421.06958,0
21.416462,105.88366,2023-01-01 02:02:24.515021,2023-01-01,420.35953,0
21.435032,105.886826,2023-01-01 02:02:24.542017,2023-01-01,420.22134,0
21.472305,105.89309,2023-01-01 02:02:24.596010,2023-01-01,420.15076,0
21.491112,105.89606,2023-01-01 02:02:24.623007,2023-01-01,419.92557,0
21.50999,105.898964,2023-01-01 02:02:24.650003,2023-01-01,420.00424,0
21.363354,105.89111,2023-01-01 02:02:24.793998,2023-01-01,420.28857,0
21.381802,105.89454,2023-01-01 02:02:24.820994,2023-01-01,420.5448,0
21.400347,105.89785,2023-01-01 02:02:24.847991,2023-01-01,420.91257,0
21.418982,105.901054,2023-01-01 02:02:24.874987,2023-01-01,420.3048,0
21.437647,105.90426,2023-01-01 02:02:24.902024,2023-01-01,421.30518,0
21.4564,105.907364,2023-01-01 02:02:24.929020,2023-01-01,420.43356,0
21.475225,105.9104,2023-01-01 02:02:24.956017,2023-01-01,420.30112,0
21.494106,105.91338,2023-01-01 02:02:24.983013,2023-01-01,420.1247,0
21.347534,105.90546,2023-01-01 02:02:25.128013,2023-01-01,420.00003,0
21.366014,105.90875,2023-01-01 02:02:25.155010,2023-01-01,421.2373,0
21.384539,105.91203,2023-01-01 02:02:25.182006,2023-01-01,420.56464,0
21.4217,105.91844,2023-01-01 02:02:25.235999,2023-01-01,420.49515,0
21.440374,105.92153,2023-01-01 02:02:25.262995,2023-01-01,420.2917,0
21.477964,105.92749,2023-01-01 02:02:25.316988,2023-01-01,419.66846,0
21.331308,105.91951,2023-01-01 02:02:25.461023,2023-01-01,420.81058,0
21.349798,105.922806,2023-01-01 02:02:25.488019,2023-01-01,420.4296,0
21.368324,105.92608,2023-01-01 02:02:25.515016,2023-01-01,420.54337,0
21.386892,105.92934,2023-01-01 02:02:25.542012,2023-01-01,420.90182,0
21.405561,105.93246,2023-01-01 02:02:25.569009,2023-01-01,420.72903,0
21.424276,105.935555,2023-01-01 02:02:25.596005,2023-01-01,420.77982,0
21.443089,105.93859,2023-01-01 02:02:25.623002,2023-01-01,420.2266,0
21.461988,105.941536,2023-01-01 02:02:25.649998,2023-01-01,420.45102,0
21.31551,105.933754,2023-01-01 02:02:25.793992,2023-01-01,420.53528,0
21.33396,105.93712,2023-01-01 02:02:25.820989,2023-01-01,421.03638,0
21.352474,105.94039,2023-01-01 02:02:25.848025,2023-01-01,420.91837,0
21.389687,105.94674,2023-01-01 02:02:25.902018,2023-01-01,420.8188,0
21.408396,105.949814,2023-01-01 02:02:25.929015,2023-01-01,420.49512,0
21.42717,105.95283,2023-01-01 02:02:25.956011,2023-01-01,420.21878,0
21.446,105.955795,2023-01-01 02:02:25.983007,2023-01-01,419.8815,0
21.299303,105.947815,2023-01-01 02:02:26.128008,2023-01-01,420.168,0
21.317795,105.95108,2023-01-01 02:02:26.155004,2023-01-01,420.24576,0
21.336294,105.954384,2023-01-01 02:02:26.182001,2023-01-01,420.20575,0
21.354885,105.9576,2023-01-01 02:02:26.208997,2023-01-01,420.73312,0
21.392294,105.96394,2023-01-01 02:02:26.262990,2023-01-01,419.92395,0
21.411118,105.966965,2023-01-01 02:02:26.290027,2023-01-01,420.23138,0
21.42997,105.96999,2023-01-01 02:02:26.317023,2023-01-01,419.92313,0
21.28341,105.96208,2023-01-01 02:02:26.461017,2023-01-01,420.7753,0
21.301878,105.96541,2023-01-01 02:02:26.488014,2023-01-01,421.04514,0
21.320358,105.96877,2023-01-01 02:02:26.515010,2023-01-01,420.13803,0
21.357561,105.975204,2023-01-01 02:02:26.569003,2023-01-01,420.402,0
21.376263,105.97832,2023-01-01 02:02:26.596000,2023-01-01,420.7365,0
21.395071,105.98124,2023-01-01 02:02:26.622996,2023-01-01,419.89664,0
21.413862,105.984245,2023-01-01 02:02:26.649992,2023-01-01,419.67148,0
21.304169,105.9827,2023-01-01 02:02:26.848020,2023-01-01,420.02322,0
21.360106,105.99224,2023-01-01 02:02:26.929009,2023-01-01,420.48663,0
21.378891,105.995285,2023-01-01 02:02:26.956006,2023-01-01,420.86987,0
21.397724,105.9983,2023-01-01 02:02:26.983002,2023-01-01,419.92245,0
21.269749,105.99368,2023-01-01 02:02:27.154999,2023-01-01,420.01764,0
21.288286,105.996994,2023-01-01 02:02:27.181995,2023-01-01,420.84573,0
21.306904,106.00018,2023-01-01 02:02:27.208992,2023-01-01,421.01678,0
21.363012,106.00953,2023-01-01 02:02:27.290021,2023-01-01,420.49564,0
21.38188,106.012505,2023-01-01 02:02:27.317018,2023-01-01,421.0073,0
21.235298,106.004425,2023-01-01 02:02:27.461012,2023-01-01,420.87576,0
21.290756,106.01424,2023-01-01 02:02:27.542001,2023-01-01,421.5126,0
21.327991,106.020546,2023-01-01 02:02:27.595994,2023-01-01,420.50253,0
21.346777,106.023575,2023-01-01 02:02:27.622991,2023-01-01,419.99875,0
21.365635,106.02655,2023-01-01 02:02:27.649987,2023-01-01,419.94882,0
21.293427,106.03161,2023-01-01 02:02:27.902007,2023-01-01,420.844,0
21.312119,106.034805,2023-01-01 02:02:27.929004,2023-01-01,420.27527,0
21.330908,106.03787,2023-01-01 02:02:27.956000,2023-01-01,419.90622,0
21.349823,106.04079,2023-01-01 02:02:27.982997,2023-01-01,420.69666,0
21.20314,106.03271,2023-01-01 02:02:28.127997,2023-01-01,420.45746,0
21.186937,106.046715,2023-01-01 02:02:28.461007,2023-01-01,421.02655,0
21.205381,106.05012,2023-01-01 02:02:28.488003,2023-01-01,420.81216,0
21.22395,106.053345,2023-01-01 02:02:28.514999,2023-01-01,421.23065,0
21.242527,106.0566,2023-01-01 02:02:28.541996,2023-01-01,420.58362,0
21.170942,106.06091,2023-01-01 02:02:28.794016,2023-01-01,420.5381,0
21.189426,106.06424,2023-01-01 02:02:28.821013,2023-01-01,420.67212,0
21.207962,106.06753,2023-01-01 02:02:28.848009,2023-01-01,422.0401,0
21.226555,106.07076,2023-01-01 02:02:28.875005,2023-01-01,420.42853,0
21.15496,106.07508,2023-01-01 02:02:29.127991,2023-01-01,420.52283,0
21.173422,106.07845,2023-01-01 02:02:29.154988,2023-01-01,420.6233,0
21.138966,106.08927,2023-01-01 02:02:29.461001,2023-01-01,419.2948,0
21.157429,106.09263,2023-01-01 02:02:29.487998,2023-01-01,420.65857,0
21.2132,106.10232,2023-01-01 02:02:29.569027,2023-01-01,419.63876,0
21.250633,106.108536,2023-01-01 02:02:29.623020,2023-01-01,420.27563,0
21.122643,106.10336,2023-01-01 02:02:29.794011,2023-01-01,420.70868,0
21.141083,106.10675,2023-01-01 02:02:29.821007,2023-01-01,420.0396,0
21.15962,106.110016,2023-01-01 02:02:29.848004,2023-01-01,421.05756,0
21.178207,106.11325,2023-01-01 02:02:29.875000,2023-01-01,421.31784,0
21.23437,106.12258,2023-01-01 02:02:29.955989,2023-01-01,421.2974,0
21.106733,106.117584,2023-01-01 02:02:30.128026,2023-01-01,420.53433,0
21.125233,106.12093,2023-01-01 02:02:30.155023,2023-01-01,420.65955,0
21.143791,106.12423,2023-01-01 02:02:30.182019,2023-01-01,419.6562,0
21.237228,106.139946,2023-01-01 02:02:30.317001,2023-01-01,420.02753,0
21.0906,106.13173,2023-01-01 02:02:30.460996,2023-01-01,421.89682,0
21.109064,106.13503,2023-01-01 02:02:30.487992,2023-01-01,420.05548,0
21.164785,106.14466,2023-01-01 02:02:30.569022,2023-01-01,420.14328,0
21.183483,106.14775,2023-01-01 02:02:30.596018,2023-01-01,420.4631,0
21.151287,106.17606,2023-01-01 02:02:31.263003,2023-01-01,421.22375,0
21.042406,106.17391,2023-01-01 02:02:31.460990,2023-01-01,420.6939,0
21.079435,106.18066,2023-01-01 02:02:31.515023,2023-01-01,420.46277,0
21.116726,106.187126,2023-01-01 02:02:31.569016,2023-01-01,420.88422,0
21.135456,106.190285,2023-01-01 02:02:31.596013,2023-01-01,420.60626,0
21.173052,106.19636,2023-01-01 02:02:31.650006,2023-01-01,420.92584,0
21.063421,106.1947,2023-01-01 02:02:31.847993,2023-01-01,420.1648,0
21.047283,106.20881,2023-01-01 02:02:32.182008,2023-01-01,420.7017,0
21.065865,106.212074,2023-01-01 02:02:32.209005,2023-01-01,420.77255,0
21.12202,106.22148,2023-01-01 02:02:32.289994,2023-01-01,421.0383,0
21.01273,106.21967,2023-01-01 02:02:32.488022,2023-01-01,421.24963,0
21.031244,106.22297,2023-01-01 02:02:32.515018,2023-01-01,420.7248,0
21.04981,106.22623,2023-01-01 02:02:32.542014,2023-01-01,420.75647,0
21.068445,106.22941,2023-01-01 02:02:32.569011,2023-01-01,420.71408,0
20.978018,106.23033,2023-01-01 02:02:32.793994,2023-01-01,420.69543,0
20.996506,106.23369,2023-01-01 02:02:32.820991,2023-01-01,421.21548,0
21.015053,106.237,2023-01-01 02:02:32.847987,2023-01-01,421.0029,0
21.071085,106.24662,2023-01-01 02:02:32.929017,2023-01-01,421.16248,0
20.98066,106.24786,2023-01-01 02:02:33.155006,2023-01-01,420.74905,0
20.999172,106.25119,2023-01-01 02:02:33.182003,2023-01-01,420.00565,0
21.073776,106.263794,2023-01-01 02:02:33.289989,2023-01-01,420.15396,0
21.0926,106.26678,2023-01-01 02:02:33.317025,2023-01-01,422.37384,0
20.945938,106.25841,2023-01-01 02:02:33.461020,2023-01-01,420.7676,0
20.964409,106.26176,2023-01-01 02:02:33.488016,2023-01-01,421.5288,0
20.982904,106.265114,2023-01-01 02:02:33.515013,2023-01-01,420.47522,0
21.001484,106.268364,2023-01-01 02:02:33.542009,2023-01-01,421.24844,0
21.020134,106.271545,2023-01-01 02:02:33.569005,2023-01-01,421.9242,0
21.038837,106.27469,2023-01-01 02:02:33.596002,2023-01-01,420.11993,0
21.057629,106.27778,2023-01-01 02:02:33.622998,2023-01-01,421.7778,0
21.076492,106.28082,2023-01-01 02:02:33.649995,2023-01-01,420.95145,0
20.930056,106.2726,2023-01-01 02:02:33.793989,2023-01-01,420.98047,0
20.94853,106.275955,2023-01-01 02:02:33.821026,2023-01-01,420.47766,0
21.060549,106.29497,2023-01-01 02:02:33.983004,2023-01-01,421.8435,0
20.95071,106.29327,2023-01-01 02:02:34.181998,2023-01-01,420.41144,0
20.98793,106.29973,2023-01-01 02:02:34.235990,2023-01-01,421.29504,0
21.006649,106.30289,2023-01-01 02:02:34.263027,2023-01-01,420.8087,0
21.044296,106.30903,2023-01-01 02:02:34.317020,2023-01-01,421.27313,0
20.897831,106.30077,2023-01-01 02:02:34.461014,2023-01-01,421.0399,0
20.91631,106.304146,2023-01-01 02:02:34.488011,2023-01-01,421.0775,0
20.93483,106.30749,2023-01-01 02:02:34.515007,2023-01-01,421.06656,0
20.972109,106.313896,2023-01-01 02:02:34.569000,2023-01-01,420.86584,0
21.009586,106.320114,2023-01-01 02:02:34.622993,2023-01-01,420.17813,0
20.865583,106.32897,2023-01-01 02:02:35.127999,2023-01-01,420.8012,0
20.884075,106.332344,2023-01-01 02:02:35.154996,2023-01-01,420.69366,0
20.902609,106.335686,2023-01-01 02:02:35.181992,2023-01-01,420.94525,0
20.921202,106.33896,2023-01-01 02:02:35.208988,2023-01-01,420.946,0
21.805466,105.66055,2023-01-01 02:02:37.794008,2023-01-01,419.68042,0
21.883575,105.64697,2023-01-01 02:02:37.874997,2023-01-01,420.37057,0
21.91013,105.64195,2023-01-01 02:02:37.901993,2023-01-01,420.70178,0
21.936571,105.637215,2023-01-01 02:02:37.928990,2023-01-01,420.0457,0
21.96308,105.63252,2023-01-01 02:02:37.956027,2023-01-01,419.18896,0
21.789371,105.6755,2023-01-01 02:02:38.128023,2023-01-01,419.54922,0
21.841072,105.66671,2023-01-01 02:02:38.182016,2023-01-01,419.39993,0
21.867086,105.66227,2023-01-01 02:02:38.209013,2023-01-01,419.87253,0
21.893866,105.656906,2023-01-01 02:02:38.236009,2023-01-01,420.8757,0
21.947048,105.64707,2023-01-01 02:02:38.290002,2023-01-01,419.2141,0
21.973873,105.64202,2023-01-01 02:02:38.316998,2023-01-01,419.09134,0
21.772995,105.69033,2023-01-01 02:02:38.460993,2023-01-01,420.8297,0
21.799147,105.685394,2023-01-01 02:02:38.487989,2023-01-01,420.41052,0
21.825195,105.68073,2023-01-01 02:02:38.515026,2023-01-01,420.08,0
21.851322,105.676094,2023-01-01 02:02:38.542022,2023-01-01,420.9043,0
21.877535,105.67147,2023-01-01 02:02:38.569019,2023-01-01,421.00415,0
21.904303,105.666214,2023-01-01 02:02:38.596015,2023-01-01,420.49133,0
21.957994,105.6559,2023-01-01 02:02:38.650008,2023-01-01,420.11374,0
21.757399,105.70371,2023-01-01 02:02:38.794002,2023-01-01,419.6243,0
21.783108,105.69941,2023-01-01 02:02:38.820999,2023-01-01,419.62894,0
21.809055,105.6949,2023-01-01 02:02:38.847995,2023-01-01,420.24295,0
21.861692,105.68523,2023-01-01 02:02:38.901988,2023-01-01,420.5208,0
21.887842,105.680824,2023-01-01 02:02:38.929025,2023-01-01,421.06213,0
21.915287,105.67478,2023-01-01 02:02:38.956021,2023-01-01,419.4363,0
21.741419,105.717636,2023-01-01 02:02:39.128018,2023-01-01,421.23914,0
21.767252,105.713165,2023-01-01 02:02:39.155014,2023-01-01,420.7796,0
21.793163,105.70871,2023-01-01 02:02:39.182011,2023-01-01,419.75586,0
21.819326,105.70403,2023-01-01 02:02:39.209007,2023-01-01,420.75516,0
21.845549,105.6994,2023-01-01 02:02:39.236003,2023-01-01,420.50995,0
21.871992,105.694595,2023-01-01 02:02:39.263000,2023-01-01,418.91342,0
21.898771,105.68946,2023-01-01 02:02:39.289996,2023-01-01,419.82156,0
21.925987,105.683876,2023-01-01 02:02:39.316993,2023-01-01,419.715,0
21.725277,105.73179,2023-01-01 02:02:39.460987,2023-01-01,420.33554,0
21.75119,105.72721,2023-01-01 02:02:39.488024,2023-01-01,420.8317,0
21.777283,105.72251,2023-01-01 02:02:39.515020,2023-01-01,420.71558,0
21.803247,105.71812,2023-01-01 02:02:39.542017,2023-01-01,420.34512,0
21.829422,105.71356,2023-01-01 02:02:39.569013,2023-01-01,421.09415,0
21.909979,105.698006,2023-01-01 02:02:39.650002,2023-01-01,419.3216,0
21.709476,105.74601,2023-01-01 02:02:39.793997,2023-01-01,420.3723,0
21.735325,105.741646,2023-01-01 02:02:39.820993,2023-01-01,419.86526,0
21.761309,105.73722,2023-01-01 02:02:39.847990,2023-01-01,419.89093,0
21.787558,105.73254,2023-01-01 02:02:39.875026,2023-01-01,420.77835,0
21.813131,105.72888,2023-01-01 02:02:39.902023,2023-01-01,419.68817,0
21.893948,105.7131,2023-01-01 02:02:39.983012,2023-01-01,419.9462,0
21.693443,105.76033,2023-01-01 02:02:40.128012,2023-01-01,420.47717,0
21.719154,105.75598,2023-01-01 02:02:40.155009,2023-01-01,419.90686,0
21.745077,105.75146,2023-01-01 02:02:40.182005,2023-01-01,419.6095,0
21.771046,105.747,2023-01-01 02:02:40.209002,2023-01-01,420.2827,0
21.797432,105.742096,2023-01-01 02:02:40.235998,2023-01-01,420.404,0
21.822792,105.73872,2023-01-01 02:02:40.262995,2023-01-01,420.53876,0
21.850815,105.73185,2023-01-01 02:02:40.289991,2023-01-01,419.6401,0
21.877768,105.72658,2023-01-01 02:02:40.317028,2023-01-01,420.1192,0
21.677172,105.77421,2023-01-01 02:02:40.461022,2023-01-01,420.83054,0
21.703047,105.76975,2023-01-01 02:02:40.488019,2023-01-01,420.51672,0
21.729061,105.76523,2023-01-01 02:02:40.515015,2023-01-01,419.6482,0
21.755205,105.76066,2023-01-01 02:02:40.542011,2023-01-01,419.81552,0
21.781443,105.75608,2023-01-01 02:02:40.569008,2023-01-01,420.51263,0
21.807829,105.751434,2023-01-01 02:02:40.596004,2023-01-01,419.6535,0
21.83355,105.74781,2023-01-01 02:02:40.623001,2023-01-01,420.11108,0
21.862036,105.74059,2023-01-01 02:02:40.649997,2023-01-01,421.03983,0
21.661312,105.78865,2023-01-01 02:02:40.793991,2023-01-01,420.5785,0
21.687098,105.78425,2023-01-01 02:02:40.820988,2023-01-01,420.47705,0
21.713114,105.77963,2023-01-01 02:02:40.848024,2023-01-01,420.29984,0
21.739077,105.77523,2023-01-01 02:02:40.875021,2023-01-01,420.40103,0
21.79197,105.765495,2023-01-01 02:02:40.929014,2023-01-01,420.33228,0
21.818361,105.760895,2023-01-01 02:02:40.956010,2023-01-01,420.28967,0
21.843687,105.75785,2023-01-01 02:02:40.983007,2023-01-01,419.2757,0
21.645288,105.80275,2023-01-01 02:02:41.128007,2023-01-01,420.31335,0
21.671171,105.79829,2023-01-01 02:02:41.155003,2023-01-01,419.84692,0
21.697193,105.793755,2023-01-01 02:02:41.182000,2023-01-01,420.23297,0
21.723326,105.789154,2023-01-01 02:02:41.208996,2023-01-01,419.9577,0
21.774899,105.78111,2023-01-01 02:02:41.262989,2023-01-01,420.9056,0
21.80065,105.77732,2023-01-01 02:02:41.290026,2023-01-01,419.90503,0
21.62896,105.81695,2023-01-01 02:02:41.461017,2023-01-01,420.65137,0
21.654932,105.81243,2023-01-01 02:02:41.488013,2023-01-01,420.74142,0
21.680908,105.80804,2023-01-01 02:02:41.515009,2023-01-01,421.17892,0
21.707304,105.80319,2023-01-01 02:02:41.542006,2023-01-01,420.32,0
21.733747,105.798416,2023-01-01 02:02:41.569002,2023-01-01,420.22418,0
21.760117,105.79387,2023-01-01 02:02:41.595999,2023-01-01,418.81946,0
21.784615,105.79191,2023-01-01 02:02:41.622995,2023-01-01,419.72742,0
21.813011,105.78479,2023-01-01 02:02:41.649992,2023-01-01,420.65607,0
21.613348,105.8311,2023-01-01 02:02:41.793986,2023-01-01,420.68533,0
21.638924,105.826965,2023-01-01 02:02:41.821023,2023-01-01,421.03128,0
21.665144,105.82204,2023-01-01 02:02:41.848019,2023-01-01,420.03726,0
21.691236,105.817406,2023-01-01 02:02:41.875015,2023-01-01,420.94183,0
21.717411,105.81279,2023-01-01 02:02:41.902012,2023-01-01,420.55338,0
21.74391,105.80786,2023-01-01 02:02:41.929008,2023-01-01,418.58096,0
21.596802,105.84523,2023-01-01 02:02:42.128001,2023-01-01,420.33218,0
21.622719,105.84071,2023-01-01 02:02:42.154998,2023-01-01,420.65656,0
21.64863,105.836334,2023-01-01 02:02:42.181994,2023-01-01,421.16418,0
21.674952,105.831535,2023-01-01 02:02:42.208991,2023-01-01,420.50806,0
21.701265,105.82694,2023-01-01 02:02:42.235987,2023-01-01,420.21326,0
21.728142,105.82171,2023-01-01 02:02:42.263024,2023-01-01,418.71817,0
