file_date,latitude,longitude,sza,vza,xco2,xco2_sigma,xco2_qual,time,GID_0,COUNTRY,is_rice_area
2023-01-08,22.376911,106.27677,48.346443,0.25800848,420.0743,0.67378086,0.0,2023-01-08 06:17:31.748992512,VNM,Vietnam,False
2023-01-08,22.420078,106.252045,48.377098,0.15992507,418.29233,0.69865954,0.0,2023-01-08 06:17:32.002018816,VNM,Vietnam,False
2023-01-08,22.412457,106.258766,48.372677,0.116249874,419.57642,0.70584923,0.0,2023-01-08 06:17:32.029015040,VNM,Vietnam,False
2023-01-08,22.475477,106.22875,48.42007,0.3571028,418.96695,0.71567184,0.0,2023-01-08 06:17:32.615010816,VNM,Vietnam,False
2023-01-08,22.452742,106.2492,48.407,0.116661884,419.70645,0.67743534,0.0,2023-01-08 06:17:32.696000000,VNM,Vietnam,False
2023-01-08,22.550865,106.200424,48.480022,0.5775763,419.71664,0.71607304,0.0,2023-01-08 06:17:33.562018304,VNM,Vietnam,False
2023-01-08,22.528347,106.221375,48.46731,0.25396988,417.98505,0.6487717,0.0,2023-01-08 06:17:33.642001664,VNM,Vietnam,False
2023-01-08,22.548414,106.21662,48.484432,0.25373322,418.5404,0.6390152,0.0,2023-01-08 06:17:33.975011328,VNM,Vietnam,False
2023-01-08,22.540867,106.22343,48.48009,0.16251218,418.2591,0.6719162,0.0,2023-01-08 06:17:34.002008064,VNM,Vietnam,False
2023-01-08,22.568483,106.21187,48.501556,0.25349674,419.6597,0.6524058,0.0,2023-01-08 06:17:34.308986624,VNM,Vietnam,False
2023-01-08,22.560936,106.21867,48.497215,0.16236812,418.64917,0.5860201,0.0,2023-01-08 06:17:34.336023296,VNM,Vietnam,False
2023-01-08,22.553316,106.225426,48.49279,0.11824335,419.16467,0.6464208,0.0,2023-01-08 06:17:34.363019776,VNM,Vietnam,False
2023-01-08,22.581022,106.213936,48.514362,0.1624429,419.80542,0.7019197,0.0,2023-01-08 06:17:34.668992768,VNM,Vietnam,False
2023-01-08,22.573414,106.220695,48.50995,0.11870314,419.18393,0.625856,0.0,2023-01-08 06:17:34.695989248,VNM,Vietnam,False
2023-01-08,22.631216,106.18144,48.548634,0.57696676,417.69763,0.66276866,0.0,2023-01-08 06:17:34.895022336,VNM,Vietnam,False
2023-01-08,22.623793,106.18849,48.544483,0.46696258,418.32156,0.69653004,0.0,2023-01-08 06:17:34.921012992,VNM,Vietnam,False
2023-01-08,22.608727,106.20245,48.535946,0.25398088,418.37234,0.61430174,0.0,2023-01-08 06:17:34.975006208,VNM,Vietnam,False
2023-01-08,22.593582,106.216034,48.5272,0.120080546,418.40527,0.7143516,0.0,2023-01-08 06:17:35.028998912,VNM,Vietnam,False
2023-01-08,22.578205,106.229324,48.51814,0.25856924,419.8321,0.6447744,0.0,2023-01-08 06:17:35.082991616,VNM,Vietnam,False
2023-01-08,22.643957,106.18382,48.561737,0.4672834,419.24005,0.729748,0.0,2023-01-08 06:17:35.254988544,VNM,Vietnam,False
2023-01-08,22.628893,106.197784,48.553196,0.25461185,419.7843,0.65697384,0.0,2023-01-08 06:17:35.309021440,VNM,Vietnam,False
2023-01-08,22.621357,106.20461,48.548866,0.16443633,419.56418,0.5530697,0.0,2023-01-08 06:17:35.336017920,VNM,Vietnam,False
2023-01-08,22.61375,106.21137,48.544453,0.121461004,419.79105,0.63930213,0.0,2023-01-08 06:17:35.363014144,VNM,Vietnam,False
2023-01-08,22.649035,106.19308,48.570415,0.2550576,420.0373,0.69429946,0.0,2023-01-08 06:17:35.641990912,VNM,Vietnam,False
2023-01-08,22.618454,106.21986,48.5525,0.2589786,419.2183,0.6546354,0.0,2023-01-08 06:17:35.749010944,VNM,Vietnam,False
2023-01-08,22.691515,106.16709,48.6001,0.5772256,418.24228,0.7137661,0.0,2023-01-08 06:17:35.895017216,VNM,Vietnam,False
2023-01-08,22.653812,106.201584,48.578537,0.11907548,418.9114,0.5972153,0.0,2023-01-08 06:17:36.028993280,VNM,Vietnam,False
2023-01-08,22.70401,106.16908,48.61284,0.4667377,419.11978,0.7084078,0.0,2023-01-08 06:17:36.255023360,VNM,Vietnam,False
2023-01-08,22.696507,106.17607,48.60859,0.3578593,419.6515,0.5502829,0.0,2023-01-08 06:17:36.282019584,VNM,Vietnam,False
2023-01-08,22.723957,106.16403,48.629765,0.46631226,418.7875,0.5539443,0.0,2023-01-08 06:17:36.587992576,VNM,Vietnam,False
2023-01-08,22.708902,106.177986,48.621212,0.25208768,419.13724,0.5779489,0.0,2023-01-08 06:17:36.641985536,VNM,Vietnam,False
2023-01-08,22.701368,106.184814,48.616875,0.15996765,418.84912,0.5553293,0.0,2023-01-08 06:17:36.669022208,VNM,Vietnam,False
2023-01-08,22.729029,106.17321,48.638397,0.25247046,419.06696,0.53738976,0.0,2023-01-08 06:17:36.974995200,VNM,Vietnam,False
2023-01-08,22.721498,106.18004,48.634064,0.16039711,419.77106,0.57958007,0.0,2023-01-08 06:17:37.001991424,VNM,Vietnam,False
2023-01-08,22.713894,106.18681,48.629646,0.11493609,419.5525,0.5728975,0.0,2023-01-08 06:17:37.028987904,VNM,Vietnam,False
2023-01-08,22.70624,106.19351,48.625153,0.16252963,419.60025,0.5607967,0.0,2023-01-08 06:17:37.056024576,VNM,Vietnam,False
2023-01-08,22.76421,106.15445,48.664135,0.46693593,417.7888,0.6363473,0.0,2023-01-08 06:17:37.255017728,VNM,Vietnam,False
2023-01-08,22.756712,106.16147,48.659897,0.35794315,418.6849,0.61582804,0.0,2023-01-08 06:17:37.282014208,VNM,Vietnam,False
2023-01-08,22.749157,106.168434,48.655586,0.25285333,419.6351,0.62482786,0.0,2023-01-08 06:17:37.309010432,VNM,Vietnam,False
2023-01-08,22.741627,106.17527,48.651253,0.16082777,418.89728,0.6114631,0.0,2023-01-08 06:17:37.336007168,VNM,Vietnam,False
2023-01-08,22.726372,106.188736,48.64234,0.16260973,418.89838,0.6314535,0.0,2023-01-08 06:17:37.388994304,VNM,Vietnam,False
2023-01-08,22.77684,106.15669,48.677094,0.35830966,420.75137,0.5476907,0.0,2023-01-08 06:17:37.615023872,VNM,Vietnam,False
2023-01-08,22.769295,106.16366,48.67279,0.2533213,420.66675,0.64372665,0.0,2023-01-08 06:17:37.642020352,VNM,Vietnam,False
2023-01-08,22.761772,106.1705,48.668465,0.1614404,419.03604,0.5994213,0.0,2023-01-08 06:17:37.669016832,VNM,Vietnam,False
2023-01-08,22.754179,106.177284,48.664055,0.11591504,419.08496,0.6303801,0.0,2023-01-08 06:17:37.696013312,VNM,Vietnam,False
2023-01-08,22.746532,106.18399,48.65957,0.16283621,419.3682,0.64087707,0.0,2023-01-08 06:17:37.723009536,VNM,Vietnam,False
2023-01-08,22.738832,106.19062,48.655003,0.25526842,418.9111,0.70257187,0.0,2023-01-08 06:17:37.749000192,VNM,Vietnam,False
2023-01-08,22.797052,106.15197,48.694386,0.35931578,421.17557,0.52586675,0.0,2023-01-08 06:17:37.947993344,VNM,Vietnam,False
2023-01-08,22.789507,106.15894,48.690086,0.25447258,421.32242,0.5293367,0.0,2023-01-08 06:17:37.974989568,VNM,Vietnam,False
2023-01-08,22.781986,106.16579,48.68576,0.16281638,419.9416,0.5996162,0.0,2023-01-08 06:17:38.001986048,VNM,Vietnam,False
2023-01-08,22.76675,106.179276,48.67686,0.16333276,419.1439,0.6411267,0.0,2023-01-08 06:17:38.056019200,VNM,Vietnam,False
2023-01-08,22.817265,106.14725,48.71168,0.36032435,420.32797,0.6197401,0.0,2023-01-08 06:17:38.282008576,VNM,Vietnam,False
2023-01-08,22.809721,106.15422,48.707382,0.2556268,421.2862,0.54215634,0.0,2023-01-08 06:17:38.309005312,VNM,Vietnam,False
2023-01-08,22.79461,106.167854,48.698647,0.11854398,422.5245,0.50495225,0.0,2023-01-08 06:17:38.362998016,VNM,Vietnam,False
2023-01-08,22.786966,106.17457,48.69416,0.16384396,421.02563,0.61595696,0.0,2023-01-08 06:17:38.388988672,VNM,Vietnam,False
2023-01-08,22.779266,106.1812,48.689594,0.2553477,419.01453,0.6785514,0.0,2023-01-08 06:17:38.416025344,VNM,Vietnam,False
2023-01-08,22.85237,106.1284,48.737354,0.5799844,421.67395,0.5090164,0.0,2023-01-08 06:17:38.561991168,VNM,Vietnam,False
2023-01-08,22.814732,106.16307,48.71583,0.11877513,420.3808,0.60746175,0.0,2023-01-08 06:17:38.696007680,VNM,Vietnam,False
2023-01-08,22.807062,106.16976,48.71131,0.16368091,422.19275,0.58462447,0.0,2023-01-08 06:17:38.723004160,VNM,Vietnam,False
2023-01-08,22.872227,106.12347,48.754257,0.5789682,419.68332,0.64002407,0.0,2023-01-08 06:17:38.895000832,VNM,Vietnam,False
2023-01-08,22.864801,106.130516,48.750084,0.46868762,420.29202,0.6213945,0.0,2023-01-08 06:17:38.920991488,VNM,Vietnam,False
2023-01-08,22.857334,106.13752,48.745857,0.35970175,419.56036,0.65864265,0.0,2023-01-08 06:17:38.948028160,VNM,Vietnam,False
2023-01-08,22.849766,106.14448,48.74152,0.25456512,421.11606,0.57469326,0.0,2023-01-08 06:17:38.975024384,VNM,Vietnam,False
2023-01-08,22.834604,106.15809,48.73272,0.116099745,418.6439,0.66345966,0.0,2023-01-08 06:17:39.029017344,VNM,Vietnam,False
2023-01-08,22.826937,106.16478,48.7282,0.16229014,419.09073,0.63670033,0.0,2023-01-08 06:17:39.056013824,VNM,Vietnam,False
2023-01-08,22.819227,106.17137,48.723606,0.25456113,419.88852,0.62093693,0.0,2023-01-08 06:17:39.083010304,VNM,Vietnam,False
2023-01-08,22.892082,106.11847,48.771137,0.5777358,419.89612,0.5894998,0.0,2023-01-08 06:17:39.228010496,VNM,Vietnam,False
2023-01-08,22.884655,106.12553,48.76696,0.46732545,419.24426,0.5848326,0.0,2023-01-08 06:17:39.255006720,VNM,Vietnam,False
2023-01-08,22.877203,106.13253,48.762745,0.3581596,419.16595,0.57055354,0.0,2023-01-08 06:17:39.282003456,VNM,Vietnam,False
2023-01-08,22.869635,106.13949,48.758408,0.2527012,418.60553,0.5625085,0.0,2023-01-08 06:17:39.308999680,VNM,Vietnam,False
2023-01-08,22.862091,106.146324,48.75405,0.15998639,419.57257,0.5872143,0.0,2023-01-08 06:17:39.335996160,VNM,Vietnam,False
2023-01-08,22.854477,106.15311,48.749607,0.1134334,420.1944,0.61630607,0.0,2023-01-08 06:17:39.362992640,VNM,Vietnam,False
2023-01-08,22.846811,106.1598,48.74509,0.16093947,419.79202,0.613337,0.0,2023-01-08 06:17:39.389023488,VNM,Vietnam,False
2023-01-08,22.839102,106.1664,48.740498,0.25405347,419.014,0.68657756,0.0,2023-01-08 06:17:39.416019968,VNM,Vietnam,False
2023-01-08,22.911942,106.11347,48.78802,0.576517,419.1711,0.6432321,0.0,2023-01-08 06:17:39.562025984,VNM,Vietnam,False
2023-01-08,22.904526,106.12053,48.783855,0.46599334,419.7756,0.5654847,0.0,2023-01-08 06:17:39.588016384,VNM,Vietnam,False
2023-01-08,22.897074,106.12754,48.77964,0.35666507,420.04065,0.59468514,0.0,2023-01-08 06:17:39.615013120,VNM,Vietnam,False
2023-01-08,22.88952,106.134514,48.77532,0.25099924,419.38803,0.65162724,0.0,2023-01-08 06:17:39.642009600,VNM,Vietnam,False
2023-01-08,22.88199,106.14136,48.770977,0.15789488,420.37152,0.62838,0.0,2023-01-08 06:17:39.669005824,VNM,Vietnam,False
2023-01-08,22.87439,106.14815,48.76655,0.11124616,419.3608,0.6136426,0.0,2023-01-08 06:17:39.696002304,VNM,Vietnam,False
2023-01-08,22.866737,106.15486,48.762047,0.1598958,418.97134,0.62052697,0.0,2023-01-08 06:17:39.722998528,VNM,Vietnam,False
2023-01-08,22.859045,106.16146,48.75747,0.25365558,420.03287,0.6057573,0.0,2023-01-08 06:17:39.748989440,VNM,Vietnam,False
2023-01-08,22.931942,106.10857,48.805073,0.5761028,419.49365,0.5803932,0.0,2023-01-08 06:17:39.894995456,VNM,Vietnam,False
2023-01-08,22.92454,106.11564,48.800922,0.46560115,418.639,0.64014876,0.0,2023-01-08 06:17:39.921026304,VNM,Vietnam,False
2023-01-08,22.917093,106.12266,48.79671,0.35625094,418.79492,0.5848741,0.0,2023-01-08 06:17:39.948022528,VNM,Vietnam,False
2023-01-08,22.90954,106.12964,48.792393,0.25046724,418.9102,0.5722406,0.0,2023-01-08 06:17:39.975019008,VNM,Vietnam,False
2023-01-08,22.902012,106.13649,48.78805,0.15714312,418.4171,0.6053882,0.0,2023-01-08 06:17:40.002015488,VNM,Vietnam,False
2023-01-08,22.894413,106.14328,48.783623,0.11031754,418.7045,0.616782,0.0,2023-01-08 06:17:40.029011968,VNM,Vietnam,False
2023-01-08,22.88676,106.149994,48.77912,0.15935637,418.75333,0.60380733,0.0,2023-01-08 06:17:40.056008448,VNM,Vietnam,False
2023-01-08,22.879068,106.1566,48.77454,0.25338677,419.181,0.66145384,0.0,2023-01-08 06:17:40.083004928,VNM,Vietnam,False
2023-01-08,22.95195,106.10369,48.822144,0.575793,420.66635,0.57380253,0.0,2023-01-08 06:17:40.228004864,VNM,Vietnam,False
2023-01-08,22.944551,106.11076,48.817993,0.46525156,420.0723,0.6005151,0.0,2023-01-08 06:17:40.255001600,VNM,Vietnam,False
2023-01-08,22.93711,106.11778,48.813786,0.3558383,418.4566,0.6296262,0.0,2023-01-08 06:17:40.281997824,VNM,Vietnam,False
2023-01-08,22.92956,106.12476,48.809467,0.24993765,419.02872,0.61329335,0.0,2023-01-08 06:17:40.308994304,VNM,Vietnam,False
2023-01-08,22.922033,106.131615,48.805126,0.15639456,419.82962,0.5902768,0.0,2023-01-08 06:17:40.335990784,VNM,Vietnam,False
2023-01-08,22.914434,106.13841,48.800697,0.10939244,419.345,0.5969269,0.0,2023-01-08 06:17:40.362987264,VNM,Vietnam,False
2023-01-08,22.906784,106.14513,48.796196,0.15882409,419.61566,0.60472137,0.0,2023-01-08 06:17:40.389018112,VNM,Vietnam,False
2023-01-08,22.899094,106.15173,48.79162,0.25311843,419.24673,0.5987697,0.0,2023-01-08 06:17:40.416014336,VNM,Vietnam,False
2023-01-08,22.971958,106.09881,48.839214,0.5754853,418.20004,0.6694882,0.0,2023-01-08 06:17:40.562020608,VNM,Vietnam,False
2023-01-08,22.964561,106.10588,48.835064,0.46489903,419.34717,0.6087964,0.0,2023-01-08 06:17:40.588011264,VNM,Vietnam,False
2023-01-08,22.957132,106.11291,48.830868,0.35543668,419.18347,0.59090596,0.0,2023-01-08 06:17:40.615007744,VNM,Vietnam,False
2023-01-08,22.949593,106.11991,48.82657,0.24948585,420.2316,0.6067668,0.0,2023-01-08 06:17:40.642003968,VNM,Vietnam,False
2023-01-08,22.942076,106.12679,48.82224,0.15592581,418.88,0.6278566,0.0,2023-01-08 06:17:40.669000448,VNM,Vietnam,False
2023-01-08,22.934486,106.133606,48.81783,0.10916946,418.67166,0.5952568,0.0,2023-01-08 06:17:40.695996672,VNM,Vietnam,False
2023-01-08,22.926847,106.14035,48.813343,0.1590339,418.48825,0.628458,0.0,2023-01-08 06:17:40.722993408,VNM,Vietnam,False
2023-01-08,22.919167,106.14698,48.80878,0.25350854,419.64502,0.6700701,0.0,2023-01-08 06:17:40.749024256,VNM,Vietnam,False
2023-01-08,22.99207,106.09415,48.85646,0.5751656,417.479,0.6815588,0.0,2023-01-08 06:17:40.894990080,VNM,Vietnam,False
2023-01-08,22.984682,106.10124,48.85233,0.46465883,417.0464,0.6438459,0.0,2023-01-08 06:17:40.921020672,VNM,Vietnam,False
2023-01-08,22.977262,106.108284,48.848145,0.3553403,418.95062,0.6172883,0.0,2023-01-08 06:17:40.948017152,VNM,Vietnam,False
2023-01-08,22.969723,106.11529,48.84384,0.24964225,419.64078,0.56963426,0.0,2023-01-08 06:17:40.975013632,VNM,Vietnam,False
2023-01-08,22.962208,106.12217,48.839516,0.156631,419.7299,0.66178817,0.0,2023-01-08 06:17:41.002010112,VNM,Vietnam,False
2023-01-08,22.95462,106.12899,48.835102,0.11081437,419.00204,0.63719076,0.0,2023-01-08 06:17:41.029006592,VNM,Vietnam,False
2023-01-08,22.94698,106.135735,48.830616,0.16059595,419.1949,0.60479474,0.0,2023-01-08 06:17:41.056003072,VNM,Vietnam,False
2023-01-08,22.939299,106.14237,48.826054,0.2547588,418.83707,0.6635919,0.0,2023-01-08 06:17:41.082999552,VNM,Vietnam,False
2023-01-08,22.982338,106.117546,48.856792,0.15735298,418.99963,0.639034,0.0,2023-01-08 06:17:41.336025600,VNM,Vietnam,False
2023-01-08,22.974752,106.124374,48.85238,0.11246475,420.3145,0.64323974,0.0,2023-01-08 06:17:41.363022080,VNM,Vietnam,False
2023-01-08,22.967113,106.13112,48.847893,0.16216451,418.79303,0.6584693,0.0,2023-01-08 06:17:41.389012480,VNM,Vietnam,False
2023-01-08,22.959436,106.13775,48.84333,0.2560095,418.1167,0.6788202,0.0,2023-01-08 06:17:41.416008960,VNM,Vietnam,False
2023-01-08,22.987225,106.12646,48.86513,0.16341005,418.21902,0.67196214,0.0,2023-01-08 06:17:41.722987776,VNM,Vietnam,False
2023-01-08,22.979544,106.13309,48.86056,0.25700083,419.12604,0.68177664,0.0,2023-01-08 06:17:41.749018624,VNM,Vietnam,False
2023-01-15,10.749325,107.35288,37.564182,0.5203691,418.9915,0.6108238,0.0,2023-01-15 06:20:27.895009536,VNM,Vietnam,False
2023-01-15,10.761137,107.35366,37.575397,0.4090208,420.47916,0.5795191,0.0,2023-01-15 06:20:28.255015680,VNM,Vietnam,False
2023-01-15,10.752738,107.358864,37.571014,0.29818696,419.9552,0.58811563,0.0,2023-01-15 06:20:28.282011904,VNM,Vietnam,False
2023-01-15,10.809722,107.33949,37.610733,0.52107805,419.0676,0.5680504,0.0,2023-01-15 06:20:28.895004160,VNM,Vietnam,False
2023-01-15,10.829912,107.33509,37.62634,0.5216588,419.30975,0.5970309,0.0,2023-01-15 06:20:29.228013824,VNM,Vietnam,False
2023-01-15,10.850103,107.33069,37.64195,0.5222392,420.01028,0.5403278,0.0,2023-01-15 06:20:29.561989120,VNM,Vietnam,False
2023-01-15,10.833417,107.34118,37.633297,0.2998622,420.17813,0.55264574,0.0,2023-01-15 06:20:29.615016192,VNM,Vietnam,False
2023-01-15,10.816589,107.35138,37.624386,0.10042206,419.37094,0.52982736,0.0,2023-01-15 06:20:29.669009152,VNM,Vietnam,False
2023-01-15,10.870254,107.32625,37.65751,0.5225594,420.08856,0.55221117,0.0,2023-01-15 06:20:29.894998528,VNM,Vietnam,False
2023-01-15,10.853544,107.33672,37.648823,0.29995653,419.55264,0.5556416,0.0,2023-01-15 06:20:29.948025856,VNM,Vietnam,False
2023-01-15,10.836695,107.3469,37.639877,0.09981728,420.42007,0.584251,0.0,2023-01-15 06:20:30.002018816,VNM,Vietnam,False
2023-01-15,10.890288,107.32169,37.672916,0.5221792,419.94553,0.6110891,0.0,2023-01-15 06:20:30.228008192,VNM,Vietnam,False
2023-01-15,10.881978,107.32696,37.66862,0.41047022,420.28702,0.5109808,0.0,2023-01-15 06:20:30.255004928,VNM,Vietnam,False
2023-01-15,10.873583,107.33218,37.66423,0.2993805,420.2658,0.60913,0.0,2023-01-15 06:20:30.282001152,VNM,Vietnam,False
2023-01-15,10.865139,107.337326,37.65977,0.19131832,419.9624,0.55316395,0.0,2023-01-15 06:20:30.308997632,VNM,Vietnam,False
2023-01-15,10.856737,107.34236,37.655285,0.0984009,419.60843,0.5491057,0.0,2023-01-15 06:20:30.335994112,VNM,Vietnam,False
2023-01-15,10.848271,107.34733,37.650715,0.09171687,419.90106,0.5571798,0.0,2023-01-15 06:20:30.362990336,VNM,Vietnam,False
2023-01-15,10.910323,107.31714,37.688328,0.5218034,420.07416,0.5706746,0.0,2023-01-15 06:20:30.562023936,VNM,Vietnam,False
2023-01-15,10.902015,107.3224,37.684032,0.41002244,420.40427,0.55486256,0.0,2023-01-15 06:20:30.588014336,VNM,Vietnam,False
2023-01-15,10.8936205,107.32763,37.679646,0.29881307,420.33804,0.51695645,0.0,2023-01-15 06:20:30.615010816,VNM,Vietnam,False
2023-01-15,10.8851795,107.33278,37.675182,0.1905109,420.17172,0.5794385,0.0,2023-01-15 06:20:30.642007296,VNM,Vietnam,False
2023-01-15,10.876779,107.33782,37.6707,0.09699814,420.4925,0.6050901,0.0,2023-01-15 06:20:30.669003776,VNM,Vietnam,False
2023-01-15,10.868315,107.3428,37.66613,0.09041273,419.0957,0.47379026,0.0,2023-01-15 06:20:30.696000000,VNM,Vietnam,False
2023-01-15,10.859811,107.347694,37.661488,0.18092597,420.4537,0.5766312,0.0,2023-01-15 06:20:30.722996736,VNM,Vietnam,False
2023-01-15,10.851261,107.352516,37.656773,0.28795642,420.50217,0.6205951,0.0,2023-01-15 06:20:30.749027584,VNM,Vietnam,False
2023-01-15,10.930395,107.31263,37.7038,0.5216223,419.71472,0.53770334,0.0,2023-01-15 06:20:30.894993408,VNM,Vietnam,False
2023-01-15,10.922099,107.31792,37.69952,0.4098556,420.01517,0.48969206,0.0,2023-01-15 06:20:30.921024000,VNM,Vietnam,False
2023-01-15,10.913717,107.32315,37.69515,0.29865238,420.4547,0.5588432,0.0,2023-01-15 06:20:30.948020480,VNM,Vietnam,False
2023-01-15,10.905289,107.32832,37.690704,0.19033109,420.27805,0.5852089,0.0,2023-01-15 06:20:30.975016960,VNM,Vietnam,False
2023-01-15,10.88845,107.33837,37.681686,0.090091184,420.2564,0.5631083,0.0,2023-01-15 06:20:31.029009920,VNM,Vietnam,False
2023-01-15,10.879958,107.343285,37.67706,0.18071426,420.48364,0.55868274,0.0,2023-01-15 06:20:31.056006144,VNM,Vietnam,False
2023-01-15,10.871423,107.34812,37.67236,0.28775978,420.86334,0.59453064,0.0,2023-01-15 06:20:31.083002624,VNM,Vietnam,False
2023-01-15,10.950565,107.30824,37.71942,0.5219529,420.35825,0.58103365,0.0,2023-01-15 06:20:31.228003072,VNM,Vietnam,False
2023-01-15,10.942269,107.31353,37.71514,0.4101988,419.9018,0.59719795,0.0,2023-01-15 06:20:31.254999296,VNM,Vietnam,False
2023-01-15,10.933892,107.31877,37.710773,0.29902172,420.32516,0.55180055,0.0,2023-01-15 06:20:31.281995776,VNM,Vietnam,False
2023-01-15,10.925465,107.32395,37.70633,0.19074298,419.67245,0.5720013,0.0,2023-01-15 06:20:31.308992256,VNM,Vietnam,False
2023-01-15,10.917079,107.32901,37.701862,0.09719309,419.60715,0.51483315,0.0,2023-01-15 06:20:31.335988480,VNM,Vietnam,False
2023-01-15,10.891605,107.34376,37.687984,0.28758222,420.2108,0.59161884,0.0,2023-01-15 06:20:31.416012288,VNM,Vietnam,False
2023-01-15,10.970737,107.303856,37.73505,0.5222836,420.04224,0.59830636,0.0,2023-01-15 06:20:31.562018304,VNM,Vietnam,False
2023-01-15,10.962442,107.30915,37.73077,0.4105439,419.58533,0.49010605,0.0,2023-01-15 06:20:31.588008960,VNM,Vietnam,False
2023-01-15,10.954067,107.31439,37.726402,0.29939064,419.93576,0.57260174,0.0,2023-01-15 06:20:31.615005440,VNM,Vietnam,False
2023-01-15,10.9456415,107.31957,37.72196,0.1911555,420.0351,0.55552775,0.0,2023-01-15 06:20:31.642001920,VNM,Vietnam,False
2023-01-15,10.928808,107.329636,37.71294,0.09041289,419.88437,0.56133044,0.0,2023-01-15 06:20:31.695994880,VNM,Vietnam,False
2023-01-15,10.9203205,107.33456,37.708313,0.18051685,419.48203,0.5607178,0.0,2023-01-15 06:20:31.722991104,VNM,Vietnam,False
2023-01-15,10.990886,107.29944,37.75064,0.5225223,419.41727,0.47078693,0.0,2023-01-15 06:20:31.894987776,VNM,Vietnam,False
2023-01-15,10.982585,107.30472,37.746353,0.41074705,419.0486,0.49274763,0.0,2023-01-15 06:20:31.921018624,VNM,Vietnam,False
2023-01-15,10.974204,107.30995,37.74197,0.29953563,419.30994,0.5099234,0.0,2023-01-15 06:20:31.948015104,VNM,Vietnam,False
2023-01-15,10.965773,107.315125,37.737514,0.19118474,419.6256,0.51072675,0.0,2023-01-15 06:20:31.975011584,VNM,Vietnam,False
2023-01-15,10.957382,107.320175,37.733036,0.09737537,419.71274,0.5382106,0.0,2023-01-15 06:20:32.002008064,VNM,Vietnam,False
2023-01-15,10.948929,107.32517,37.728474,0.08972404,420.11514,0.5738274,0.0,2023-01-15 06:20:32.029004288,VNM,Vietnam,False
2023-01-15,10.931897,107.334915,37.719124,0.28700057,419.54886,0.610849,0.0,2023-01-15 06:20:32.082997248,VNM,Vietnam,False
2023-01-15,11.010969,107.29491,37.76613,0.5225169,419.92874,0.523292,0.0,2023-01-15 06:20:32.227997440,VNM,Vietnam,False
2023-01-15,11.002669,107.30019,37.76184,0.41068828,419.44943,0.49178976,0.0,2023-01-15 06:20:32.254993920,VNM,Vietnam,False
2023-01-15,10.99429,107.305435,37.757458,0.29938778,419.6308,0.47002828,0.0,2023-01-15 06:20:32.281990400,VNM,Vietnam,False
2023-01-15,10.985861,107.31061,37.753002,0.19085339,419.02167,0.51893,0.0,2023-01-15 06:20:32.308986624,VNM,Vietnam,False
2023-01-15,10.977472,107.31567,37.748524,0.09654145,419.20532,0.51339626,0.0,2023-01-15 06:20:32.336023296,VNM,Vietnam,False
2023-01-15,10.969021,107.32066,37.74396,0.088626005,420.14493,0.5442672,0.0,2023-01-15 06:20:32.363020032,VNM,Vietnam,False
2023-01-15,10.960529,107.32558,37.739326,0.17937753,419.7101,0.5784311,0.0,2023-01-15 06:20:32.389010432,VNM,Vietnam,False
2023-01-15,10.951992,107.330414,37.734615,0.28655222,420.11227,0.5248828,0.0,2023-01-15 06:20:32.416007168,VNM,Vietnam,False
2023-01-15,11.031054,107.29038,37.781624,0.5225145,419.02737,0.46359402,0.0,2023-01-15 06:20:32.562012928,VNM,Vietnam,False
2023-01-15,11.022755,107.29567,37.777332,0.41063258,420.1114,0.5318346,0.0,2023-01-15 06:20:32.588003584,VNM,Vietnam,False
2023-01-15,11.014378,107.30091,37.77295,0.2992447,419.00732,0.45511043,0.0,2023-01-15 06:20:32.615000064,VNM,Vietnam,False
2023-01-15,11.00595,107.30609,37.768497,0.19053026,419.62033,0.5706728,0.0,2023-01-15 06:20:32.641996288,VNM,Vietnam,False
2023-01-15,10.997562,107.31115,37.76402,0.09572013,420.00873,0.5057015,0.0,2023-01-15 06:20:32.668993024,VNM,Vietnam,False
2023-01-15,10.989113,107.31615,37.759457,0.08753844,419.49088,0.45693383,0.0,2023-01-15 06:20:32.695989248,VNM,Vietnam,False
2023-01-15,10.980622,107.32107,37.75482,0.17875573,419.01663,0.51004726,0.0,2023-01-15 06:20:32.723025920,VNM,Vietnam,False
2023-01-15,10.972088,107.32591,37.75011,0.286112,419.5879,0.5742231,0.0,2023-01-15 06:20:32.749016576,VNM,Vietnam,False
2023-01-15,11.051136,107.28586,37.79712,0.522486,419.55157,0.4929658,0.0,2023-01-15 06:20:32.895022592,VNM,Vietnam,False
2023-01-15,11.034461,107.2964,37.78845,0.29906788,419.60812,0.4895274,0.0,2023-01-15 06:20:32.948009728,VNM,Vietnam,False
2023-01-15,11.026035,107.30158,37.783993,0.19017808,419.22266,0.47631264,0.0,2023-01-15 06:20:32.975006208,VNM,Vietnam,False
2023-01-15,11.01765,107.30665,37.77952,0.09490421,419.41333,0.49669045,0.0,2023-01-15 06:20:33.002002432,VNM,Vietnam,False
2023-01-15,11.0092,107.31165,37.774956,0.086551696,418.85986,0.5001174,0.0,2023-01-15 06:20:33.028998912,VNM,Vietnam,False
2023-01-15,11.000711,107.316574,37.77032,0.17824689,419.7095,0.4880158,0.0,2023-01-15 06:20:33.055995392,VNM,Vietnam,False
2023-01-15,10.992177,107.32142,37.76561,0.28578708,419.60928,0.5212418,0.0,2023-01-15 06:20:33.082991872,VNM,Vietnam,False
2023-01-15,11.071214,107.28134,37.812622,0.5223852,419.18408,0.46465734,0.0,2023-01-15 06:20:33.227992064,VNM,Vietnam,False
2023-01-15,11.012265,107.31693,37.781113,0.28549263,418.548,0.50258714,0.0,2023-01-15 06:20:33.416001536,VNM,Vietnam,False
2023-01-15,11.272336,107.237206,37.96868,0.5210162,419.63992,0.5890171,0.0,2023-01-15 06:20:36.561991168,VNM,Vietnam,False
2023-01-15,11.264065,107.24255,37.964405,0.40904826,419.7936,0.5379889,0.0,2023-01-15 06:20:36.588022272,VNM,Vietnam,False
2023-01-15,11.255713,107.24785,37.960037,0.29751405,419.67126,0.54839736,0.0,2023-01-15 06:20:36.615018496,VNM,Vietnam,False
2023-01-15,11.247313,107.253075,37.9556,0.1885153,418.90875,0.5485243,0.0,2023-01-15 06:20:36.642014976,VNM,Vietnam,False
2023-01-15,11.238953,107.258194,37.951138,0.09308842,418.49808,0.5185446,0.0,2023-01-15 06:20:36.669011456,VNM,Vietnam,False
2023-01-15,11.222066,107.26821,37.94197,0.17884995,419.46634,0.5800543,0.0,2023-01-15 06:20:36.723004416,VNM,Vietnam,False
2023-01-15,11.275848,107.24344,37.975685,0.29755402,418.28406,0.46519607,0.0,2023-01-15 06:20:36.948028160,VNM,Vietnam,False
2023-01-15,11.267442,107.24867,37.971237,0.18848729,418.6671,0.449647,0.0,2023-01-15 06:20:36.975024640,VNM,Vietnam,False
2023-01-15,11.259076,107.253784,37.966766,0.09296514,418.97903,0.47277588,0.0,2023-01-15 06:20:37.002021120,VNM,Vietnam,False
2023-01-15,11.250647,107.258835,37.96221,0.08614175,419.45804,0.4474057,0.0,2023-01-15 06:20:37.029017344,VNM,Vietnam,False
2023-01-15,11.242176,107.2638,37.957584,0.1789039,418.4689,0.5234931,0.0,2023-01-15 06:20:37.056014080,VNM,Vietnam,False
2023-01-15,11.312555,107.22836,37.999928,0.5207948,420.50806,0.57023925,0.0,2023-01-15 06:20:37.228010752,VNM,Vietnam,False
2023-01-15,11.27916,107.24935,37.982353,0.09240569,418.7442,0.4980697,0.0,2023-01-15 06:20:37.335996416,VNM,Vietnam,False
2023-01-15,11.270732,107.25441,37.9778,0.08595647,418.95944,0.5019307,0.0,2023-01-15 06:20:37.362992640,VNM,Vietnam,False
2023-01-15,11.262263,107.259384,37.97317,0.17901579,418.86417,0.5326288,0.0,2023-01-15 06:20:37.389023488,VNM,Vietnam,False
2023-01-15,11.253749,107.26428,37.968468,0.2869533,419.1453,0.5854787,0.0,2023-01-15 06:20:37.416019968,VNM,Vietnam,False
2023-01-15,11.332626,107.22392,38.015514,0.5204229,419.1581,0.54021835,0.0,2023-01-15 06:20:37.562025984,VNM,Vietnam,False
2023-01-15,11.324363,107.22926,38.011234,0.4083787,419.6773,0.5135167,0.0,2023-01-15 06:20:37.588016640,VNM,Vietnam,False
2023-01-15,11.316009,107.234566,38.006863,0.29673266,420.41684,0.506781,0.0,2023-01-15 06:20:37.615013120,VNM,Vietnam,False
2023-01-15,11.282351,107.25496,37.988766,0.17913382,418.2493,0.5237463,0.0,2023-01-15 06:20:37.722998784,VNM,Vietnam,False
2023-01-15,11.273838,107.259865,37.984062,0.28715447,419.30472,0.56473905,0.0,2023-01-15 06:20:37.748989696,VNM,Vietnam,False
2023-01-15,11.32773,107.23547,38.0181,0.18740058,420.07138,0.49023664,0.0,2023-01-15 06:20:37.975019264,VNM,Vietnam,False
2023-01-15,11.314166,107.251396,38.01558,0.28882182,419.97968,0.55602854,0.0,2023-01-15 06:20:38.416014592,VNM,Vietnam,False
2023-01-15,11.342839,107.24225,38.036045,0.18224743,419.4341,0.5682956,0.0,2023-01-15 06:20:38.722993408,VNM,Vietnam,False
2023-01-15,11.334337,107.24718,38.031357,0.2897292,419.5444,0.60511684,0.0,2023-01-15 06:20:38.749024512,VNM,Vietnam,False
2023-01-15,11.573914,107.17133,38.203594,0.51680154,418.72256,0.6105101,0.0,2023-01-15 06:20:41.562004224,VNM,Vietnam,False
2023-01-15,11.565683,107.17672,38.199333,0.40492892,419.61536,0.64980704,0.0,2023-01-15 06:20:41.587995136,VNM,Vietnam,False
2023-01-15,11.557355,107.18207,38.194973,0.293561,420.16135,0.5578907,0.0,2023-01-15 06:20:41.614991360,VNM,Vietnam,False
2023-01-15,11.548977,107.187355,38.190536,0.18501097,419.3033,0.59203416,0.0,2023-01-15 06:20:41.641987840,VNM,Vietnam,False
2023-01-15,11.577529,107.1777,38.210728,0.29388928,418.64832,0.60969365,0.0,2023-01-15 06:20:41.948001024,VNM,Vietnam,False
2023-01-15,11.569159,107.18298,38.2063,0.18546675,419.14255,0.6132259,0.0,2023-01-15 06:20:41.974997504,VNM,Vietnam,False
2023-01-15,11.560828,107.188156,38.201843,0.09221588,418.37622,0.54482484,0.0,2023-01-15 06:20:42.001993984,VNM,Vietnam,False
2023-01-15,11.589373,107.17861,38.22209,0.18625253,418.82346,0.5790584,0.0,2023-01-15 06:20:42.309012992,VNM,Vietnam,False
2023-01-15,11.581044,107.183784,38.217636,0.09313386,418.84982,0.5778203,0.0,2023-01-15 06:20:42.336009472,VNM,Vietnam,False
2023-01-15,11.564218,107.193924,38.20849,0.18351941,418.38623,0.59117687,0.0,2023-01-15 06:20:42.388996608,VNM,Vietnam,False
2023-01-15,11.654655,107.15376,38.266663,0.51844287,417.50418,0.55253744,0.0,2023-01-15 06:20:42.895008512,VNM,Vietnam,False
2023-01-15,11.674636,107.149216,38.282185,0.517474,419.03665,0.5772121,0.0,2023-01-15 06:20:43.228018176,VNM,Vietnam,False
2023-01-15,11.69461,107.14467,38.297707,0.51650274,419.278,0.57303655,0.0,2023-01-15 06:20:43.561993472,VNM,Vietnam,False
2023-01-15,11.714616,107.14017,38.313282,0.51568425,419.2436,0.51291156,0.0,2023-01-15 06:20:43.895003392,VNM,Vietnam,False
2023-01-15,11.706371,107.145584,38.309002,0.40364665,420.4648,0.57409316,0.0,2023-01-15 06:20:43.920993792,VNM,Vietnam,False
2023-01-15,11.6980505,107.150955,38.304638,0.29206398,418.9259,0.5485178,0.0,2023-01-15 06:20:43.947990272,VNM,Vietnam,False
2023-01-15,11.734711,107.13577,38.328995,0.51526785,418.47968,0.5863637,0.0,2023-01-15 06:20:44.228012800,VNM,Vietnam,False
2023-01-15,11.726468,107.1412,38.32472,0.40323916,419.19818,0.56390566,0.0,2023-01-15 06:20:44.255009280,VNM,Vietnam,False
2023-01-15,11.718149,107.146576,38.320354,0.29167348,419.07715,0.5307783,0.0,2023-01-15 06:20:44.282005760,VNM,Vietnam,False
2023-01-15,11.709781,107.151886,38.315918,0.18276855,419.5484,0.5681897,0.0,2023-01-15 06:20:44.309002240,VNM,Vietnam,False
2023-01-15,11.738247,107.1422,38.33607,0.29128233,419.13428,0.5391517,0.0,2023-01-15 06:20:44.615015424,VNM,Vietnam,False
2023-01-15,11.729881,107.14751,38.331635,0.18242168,418.71204,0.540331,0.0,2023-01-15 06:20:44.642011904,VNM,Vietnam,False
2023-01-15,11.721555,107.1527,38.327175,0.088464856,418.927,0.53580505,0.0,2023-01-15 06:20:44.669008128,VNM,Vietnam,False
2023-01-15,11.704732,107.16289,38.318016,0.18464124,417.12906,0.54596364,0.0,2023-01-15 06:20:44.723001088,VNM,Vietnam,False
2023-01-15,17.643381,105.834724,43.097336,0.14624397,418.0653,0.68525594,0.0,2023-01-15 06:22:22.668999680,VNM,Vietnam,False
2023-01-15,17.627474,105.84676,43.08834,0.17023882,419.63208,0.6832202,0.0,2023-01-15 06:22:22.722992640,VNM,Vietnam,False
2023-01-22,19.313034,103.87895,42.968834,0.22983703,418.3108,0.49607486,0.0,2023-01-22 06:29:09.642008576,VNM,Vietnam,False
2023-01-22,19.309814,103.893234,42.972492,0.18404314,417.5831,0.5225562,0.0,2023-01-22 06:29:10.056007424,VNM,Vietnam,False
2023-01-22,20.756388,103.53284,44.175053,0.45357123,417.82144,0.6060322,0.0,2023-01-22 06:29:33.254996480,VNM,Vietnam,False
2023-01-22,20.776562,103.528305,44.192142,0.4536929,416.93976,0.6277775,0.0,2023-01-22 06:29:33.588006144,VNM,Vietnam,False
2023-01-22,20.769014,103.53501,44.187958,0.34516406,417.8028,0.59223336,0.0,2023-01-22 06:29:33.615002624,VNM,Vietnam,False
2023-01-22,20.761324,103.541695,44.183636,0.2410397,417.6792,0.6095294,0.0,2023-01-22 06:29:33.641999104,VNM,Vietnam,False
2023-01-22,20.753658,103.54825,44.17929,0.15223284,419.00507,0.6034413,0.0,2023-01-22 06:29:33.668995328,VNM,Vietnam,False
2023-01-22,20.804287,103.517,44.213394,0.5640763,417.07675,0.6101348,0.0,2023-01-22 06:29:33.895025152,VNM,Vietnam,False
2023-01-22,20.796776,103.52376,44.20926,0.4542319,415.22183,0.63776296,0.0,2023-01-22 06:29:33.921015808,VNM,Vietnam,False
2023-01-22,20.78923,103.530464,44.20508,0.34594712,416.60663,0.62290126,0.0,2023-01-22 06:29:33.948012288,VNM,Vietnam,False
2023-01-22,20.78155,103.53715,44.200764,0.2421877,417.8985,0.609903,0.0,2023-01-22 06:29:33.975008768,VNM,Vietnam,False
2023-01-22,20.773895,103.5437,44.196423,0.15394038,418.9913,0.5757148,0.0,2023-01-22 06:29:34.002004992,VNM,Vietnam,False
2023-01-22,20.76617,103.55019,44.192,0.119296,416.8912,0.57397085,0.0,2023-01-22 06:29:34.029001728,VNM,Vietnam,False
2023-01-22,20.758396,103.55661,44.187504,0.17452443,417.86725,0.58263236,0.0,2023-01-22 06:29:34.055998208,VNM,Vietnam,False
2023-01-22,20.750597,103.5629,44.18293,0.26869762,417.81717,0.61449087,0.0,2023-01-22 06:29:34.082994432,VNM,Vietnam,False
2023-01-22,20.81706,103.519165,44.226433,0.4555348,418.22638,0.58277315,0.0,2023-01-22 06:29:34.254991104,VNM,Vietnam,False
2023-01-22,20.809507,103.52589,44.222244,0.34739104,418.76804,0.5754761,0.0,2023-01-22 06:29:34.282027776,VNM,Vietnam,False
2023-01-22,20.801828,103.53257,44.217926,0.24387835,418.21152,0.5954867,0.0,2023-01-22 06:29:34.309024256,VNM,Vietnam,False
2023-01-22,20.794174,103.53912,44.21359,0.15600732,418.20425,0.6227953,0.0,2023-01-22 06:29:34.336020736,VNM,Vietnam,False
2023-01-22,20.786451,103.54562,44.209164,0.1211934,418.78162,0.59421724,0.0,2023-01-22 06:29:34.363016960,VNM,Vietnam,False
2023-01-22,20.778677,103.55204,44.204666,0.17528844,418.23206,0.6181354,0.0,2023-01-22 06:29:34.389007616,VNM,Vietnam,False
2023-01-22,20.770872,103.55834,44.200092,0.26885357,418.13965,0.6201797,0.0,2023-01-22 06:29:34.416004096,VNM,Vietnam,False
2023-01-22,20.844858,103.50781,44.24774,0.5664921,416.33102,0.5727351,0.0,2023-01-22 06:29:34.562010368,VNM,Vietnam,False
2023-01-22,20.837324,103.51459,44.243587,0.45682156,418.23016,0.6054188,0.0,2023-01-22 06:29:34.588000768,VNM,Vietnam,False
2023-01-22,20.829784,103.5213,44.23941,0.34884173,418.7912,0.5554418,0.0,2023-01-22 06:29:34.614997248,VNM,Vietnam,False
2023-01-22,20.822105,103.52799,44.235096,0.24557655,418.69342,0.55729616,0.0,2023-01-22 06:29:34.641993472,VNM,Vietnam,False
2023-01-22,20.814455,103.534546,44.230755,0.15807867,418.32208,0.60026544,0.0,2023-01-22 06:29:34.668990208,VNM,Vietnam,False
2023-01-22,20.806732,103.54105,44.226334,0.12310402,418.37338,0.59472805,0.0,2023-01-22 06:29:34.695986432,VNM,Vietnam,False
2023-01-22,20.79896,103.54747,44.221832,0.17608024,416.87894,0.5834163,0.0,2023-01-22 06:29:34.723023104,VNM,Vietnam,False
2023-01-22,20.791155,103.55377,44.217262,0.2690173,418.1775,0.62029004,0.0,2023-01-22 06:29:34.749014016,VNM,Vietnam,False
2023-01-22,20.865103,103.5032,44.264874,0.56761825,418.77637,0.6083002,0.0,2023-01-22 06:29:34.895019776,VNM,Vietnam,False
2023-01-22,20.857592,103.50996,44.260735,0.45803344,417.6006,0.59880525,0.0,2023-01-22 06:29:34.921010432,VNM,Vietnam,False
2023-01-22,20.85003,103.51668,44.25653,0.35011563,417.70477,0.6079209,0.0,2023-01-22 06:29:34.948006912,VNM,Vietnam,False
2023-01-22,20.834692,103.52991,44.24786,0.15958016,418.31125,0.6194867,0.0,2023-01-22 06:29:35.001999872,VNM,Vietnam,False
2023-01-22,20.826965,103.5364,44.243427,0.12418173,418.12155,0.5664358,0.0,2023-01-22 06:29:35.028996352,VNM,Vietnam,False
2023-01-22,20.81919,103.542816,44.238922,0.17623127,417.54034,0.5413703,0.0,2023-01-22 06:29:35.055992576,VNM,Vietnam,False
2023-01-22,20.811378,103.54911,44.23434,0.26872027,418.39972,0.54389834,0.0,2023-01-22 06:29:35.082989056,VNM,Vietnam,False
2023-01-22,20.885302,103.4985,44.281937,0.56857103,417.78412,0.5714342,0.0,2023-01-22 06:29:35.227989248,VNM,Vietnam,False
2023-01-22,20.8778,103.50526,44.2778,0.4590265,418.30737,0.62924945,0.0,2023-01-22 06:29:35.255025920,VNM,Vietnam,False
2023-01-22,20.870237,103.51198,44.273594,0.35114816,417.86188,0.5648471,0.0,2023-01-22 06:29:35.282022400,VNM,Vietnam,False
2023-01-22,20.862555,103.51866,44.26927,0.24805547,418.45325,0.5860297,0.0,2023-01-22 06:29:35.309018880,VNM,Vietnam,False
2023-01-22,20.8549,103.52522,44.264923,0.16068819,417.46378,0.62537354,0.0,2023-01-22 06:29:35.336015104,VNM,Vietnam,False
2023-01-22,20.847176,103.531715,44.260494,0.124858856,418.38943,0.6290185,0.0,2023-01-22 06:29:35.363011584,VNM,Vietnam,False
2023-01-22,20.8394,103.53814,44.255985,0.17617667,418.19144,0.55312824,0.0,2023-01-22 06:29:35.389002240,VNM,Vietnam,False
2023-01-22,20.831589,103.54444,44.251404,0.2683389,417.6378,0.611472,0.0,2023-01-22 06:29:35.415998720,VNM,Vietnam,False
2023-01-22,20.897999,103.500565,44.29486,0.46000946,418.65744,0.5652233,0.0,2023-01-22 06:29:35.587995392,VNM,Vietnam,False
2023-01-22,20.890442,103.507286,44.29066,0.35218072,418.3884,0.54657865,0.0,2023-01-22 06:29:35.614991616,VNM,Vietnam,False
2023-01-22,20.882763,103.51398,44.28634,0.2491453,418.14682,0.6253236,0.0,2023-01-22 06:29:35.641988352,VNM,Vietnam,False
2023-01-22,20.875109,103.52053,44.28199,0.16179809,418.23495,0.576267,0.0,2023-01-22 06:29:35.669025024,VNM,Vietnam,False
2023-01-22,20.867384,103.52703,44.277557,0.1255464,417.77722,0.5784317,0.0,2023-01-22 06:29:35.696021248,VNM,Vietnam,False
2023-01-22,20.85961,103.533455,44.273052,0.17613335,418.5102,0.6354895,0.0,2023-01-22 06:29:35.723017728,VNM,Vietnam,False
2023-01-22,20.851799,103.539764,44.26847,0.26796556,418.32874,0.5602792,0.0,2023-01-22 06:29:35.749008384,VNM,Vietnam,False
2023-01-22,20.925709,103.489075,44.31606,0.570415,416.0813,0.63096774,0.0,2023-01-22 06:29:35.895014400,VNM,Vietnam,False
2023-01-22,20.918175,103.49585,44.311897,0.46085966,417.45184,0.59771675,0.0,2023-01-22 06:29:35.921005056,VNM,Vietnam,False
2023-01-22,20.910622,103.50256,44.307697,0.3530242,419.15387,0.5454416,0.0,2023-01-22 06:29:35.948001280,VNM,Vietnam,False
2023-01-22,20.902939,103.50925,44.303364,0.24995129,418.1272,0.5257175,0.0,2023-01-22 06:29:35.974998016,VNM,Vietnam,False
2023-01-22,20.89528,103.51581,44.29901,0.16246435,418.1611,0.59996057,0.0,2023-01-22 06:29:36.001994496,VNM,Vietnam,False
2023-01-22,20.887552,103.5223,44.294575,0.12568249,418.71973,0.5706328,0.0,2023-01-22 06:29:36.028990720,VNM,Vietnam,False
2023-01-22,20.879776,103.528725,44.29006,0.17572922,418.22427,0.5924671,0.0,2023-01-22 06:29:36.055987200,VNM,Vietnam,False
2023-01-22,20.871965,103.53503,44.285473,0.2673745,417.8802,0.64518964,0.0,2023-01-22 06:29:36.083023872,VNM,Vietnam,False
2023-01-22,20.945856,103.48431,44.333054,0.5710528,418.3892,0.52339625,0.0,2023-01-22 06:29:36.228024064,VNM,Vietnam,False
2023-01-22,20.938334,103.49108,44.3289,0.4614941,418.1984,0.5810424,0.0,2023-01-22 06:29:36.255020544,VNM,Vietnam,False
2023-01-22,20.930767,103.4978,44.324684,0.35361692,417.82724,0.5637696,0.0,2023-01-22 06:29:36.282017024,VNM,Vietnam,False
2023-01-22,20.923084,103.50449,44.320354,0.25048596,417.78055,0.57013786,0.0,2023-01-22 06:29:36.309013248,VNM,Vietnam,False
2023-01-22,20.915428,103.511055,44.316,0.16282673,418.84143,0.53641033,0.0,2023-01-22 06:29:36.336009728,VNM,Vietnam,False
2023-01-22,20.899925,103.52397,44.30705,0.17520909,418.75064,0.56255406,0.0,2023-01-22 06:29:36.388996864,VNM,Vietnam,False
2023-01-22,20.89211,103.53029,44.30246,0.26676428,418.35843,0.6047615,0.0,2023-01-22 06:29:36.415993088,VNM,Vietnam,False
2023-01-22,20.965998,103.47954,44.350048,0.5716821,416.54773,0.5547977,0.0,2023-01-22 06:29:36.561999360,VNM,Vietnam,False
2023-01-22,20.958456,103.48633,44.345875,0.46209025,419.8455,0.5620237,0.0,2023-01-22 06:29:36.587989760,VNM,Vietnam,False
2023-01-22,20.95091,103.49304,44.34168,0.35420948,419.69388,0.5532387,0.0,2023-01-22 06:29:36.615026432,VNM,Vietnam,False
2023-01-22,20.935575,103.506294,44.332996,0.16319276,418.39435,0.51137316,0.0,2023-01-22 06:29:36.669019392,VNM,Vietnam,False
2023-01-22,20.92785,103.5128,44.328556,0.12543115,417.65073,0.54040396,0.0,2023-01-22 06:29:36.696015872,VNM,Vietnam,False
2023-01-22,20.912268,103.52553,44.319454,0.26613542,419.35373,0.6519527,0.0,2023-01-22 06:29:36.749003008,VNM,Vietnam,False
2023-01-22,20.986134,103.47476,44.36703,0.57224524,418.06104,0.55588305,0.0,2023-01-22 06:29:36.895009024,VNM,Vietnam,False
2023-01-22,20.971035,103.488266,44.358646,0.35464734,418.0529,0.5660258,0.0,2023-01-22 06:29:36.947996160,VNM,Vietnam,False
2023-01-22,20.963352,103.49496,44.354313,0.25133353,418.6824,0.5734041,0.0,2023-01-22 06:29:36.974992640,VNM,Vietnam,False
2023-01-22,20.947968,103.50802,44.345512,0.124912225,419.66968,0.5865283,0.0,2023-01-22 06:29:37.029025536,VNM,Vietnam,False
2023-01-22,20.94019,103.51444,44.340992,0.17393892,420.94327,0.57441145,0.0,2023-01-22 06:29:37.056022016,VNM,Vietnam,False
2023-01-22,20.932373,103.52076,44.3364,0.26541668,419.62546,0.57312435,0.0,2023-01-22 06:29:37.083018240,VNM,Vietnam,False
2023-01-22,21.006233,103.46995,44.383972,0.5725999,418.60852,0.55158234,0.0,2023-01-22 06:29:37.228018688,VNM,Vietnam,False
2023-01-22,20.998692,103.47673,44.379795,0.46291798,418.75317,0.5570276,0.0,2023-01-22 06:29:37.255015168,VNM,Vietnam,False
2023-01-22,20.99113,103.48346,44.375584,0.3548812,419.261,0.583344,0.0,2023-01-22 06:29:37.282011392,VNM,Vietnam,False
2023-01-22,20.98345,103.49015,44.37125,0.25143322,419.08167,0.5967161,0.0,2023-01-22 06:29:37.309007872,VNM,Vietnam,False
2023-01-22,20.975794,103.49672,44.36689,0.16303092,418.05432,0.5573298,0.0,2023-01-22 06:29:37.336004352,VNM,Vietnam,False
2023-01-22,20.968067,103.50322,44.36245,0.12420274,418.64175,0.56670386,0.0,2023-01-22 06:29:37.363000832,VNM,Vietnam,False
2023-01-22,20.96029,103.50965,44.35793,0.17310822,416.44144,0.6187542,0.0,2023-01-22 06:29:37.388991232,VNM,Vietnam,False
2023-01-22,20.95248,103.51597,44.353336,0.2646578,418.1174,0.6642508,0.0,2023-01-22 06:29:37.415987968,VNM,Vietnam,False
2023-01-22,21.018787,103.471924,44.396736,0.46322593,419.11932,0.5365683,0.0,2023-01-22 06:29:37.588024576,VNM,Vietnam,False
2023-01-22,21.011229,103.47865,44.392525,0.35511652,420.14877,0.49867463,0.0,2023-01-22 06:29:37.615021312,VNM,Vietnam,False
2023-01-22,21.003548,103.48535,44.388187,0.25153604,419.8875,0.5089324,0.0,2023-01-22 06:29:37.642017536,VNM,Vietnam,False
2023-01-22,20.995893,103.49191,44.38383,0.16284257,418.71164,0.51608044,0.0,2023-01-22 06:29:37.669014016,VNM,Vietnam,False
2023-01-22,20.988169,103.49843,44.379387,0.12349922,418.67032,0.5324736,0.0,2023-01-22 06:29:37.696010496,VNM,Vietnam,False
2023-01-22,20.980394,103.50486,44.37487,0.17228192,418.6324,0.556699,0.0,2023-01-22 06:29:37.723006976,VNM,Vietnam,False
2023-01-22,20.972582,103.51118,44.370277,0.26391312,419.49573,0.62234396,0.0,2023-01-22 06:29:37.748997376,VNM,Vietnam,False
2023-01-22,21.031288,103.47384,44.409428,0.35501456,418.14914,0.6071403,0.0,2023-01-22 06:29:37.947990528,VNM,Vietnam,False
2023-01-22,21.023602,103.48054,44.405087,0.25121802,419.42776,0.6039837,0.0,2023-01-22 06:29:37.974987008,VNM,Vietnam,False
2023-01-22,21.015942,103.48711,44.400723,0.16215903,420.75992,0.55699927,0.0,2023-01-22 06:29:38.002023680,VNM,Vietnam,False
2023-01-22,21.000433,103.50005,44.39175,0.17148948,419.785,0.48991996,0.0,2023-01-22 06:29:38.056016384,VNM,Vietnam,False
2023-01-22,20.992613,103.50638,44.38715,0.26342437,418.90155,0.56285614,0.0,2023-01-22 06:29:38.083013120,VNM,Vietnam,False
2023-01-22,21.066353,103.45551,44.43465,0.57266235,418.36682,0.5472684,0.0,2023-01-22 06:29:38.228013312,VNM,Vietnam,False
2023-01-22,21.058823,103.4623,44.43048,0.46277657,420.1837,0.61852896,0.0,2023-01-22 06:29:38.255009536,VNM,Vietnam,False
2023-01-22,21.02045,103.49525,44.408615,0.17071633,418.99368,0.57465386,0.0,2023-01-22 06:29:38.389026048,VNM,Vietnam,False
2023-01-22,21.086405,103.45067,44.451546,0.5723279,417.48843,0.52136093,0.0,2023-01-22 06:29:38.561988352,VNM,Vietnam,False
2023-01-22,21.063627,103.4709,44.438816,0.24978268,418.28287,0.60265124,0.0,2023-01-22 06:29:38.642012160,VNM,Vietnam,False
2023-01-22,21.055971,103.47748,44.434452,0.16011599,420.06067,0.64303076,0.0,2023-01-22 06:29:38.669008640,VNM,Vietnam,False
2023-01-22,21.048244,103.484,44.430004,0.1199883,419.51236,0.6403038,0.0,2023-01-22 06:29:38.696005120,VNM,Vietnam,False
2023-01-22,21.040468,103.49044,44.42548,0.16995324,419.50995,0.6494752,0.0,2023-01-22 06:29:38.723001600,VNM,Vietnam,False
2023-01-22,21.032656,103.496765,44.420883,0.2625583,418.4075,0.5982172,0.0,2023-01-22 06:29:38.748992000,VNM,Vietnam,False
2023-01-22,21.106428,103.44584,44.468426,0.5720261,418.94513,0.5055,0.0,2023-01-22 06:29:38.894998016,VNM,Vietnam,False
2023-01-22,21.091333,103.45938,44.460033,0.35349628,418.534,0.5433657,0.0,2023-01-22 06:29:38.948025344,VNM,Vietnam,False
2023-01-22,21.083656,103.46609,44.455696,0.24921739,419.43265,0.5508374,0.0,2023-01-22 06:29:38.975021824,VNM,Vietnam,False
2023-01-22,21.076002,103.472664,44.451336,0.1592682,420.29514,0.59338933,0.0,2023-01-22 06:29:39.002018304,VNM,Vietnam,False
2023-01-22,21.06828,103.47919,44.446888,0.11887156,419.21292,0.57559717,0.0,2023-01-22 06:29:39.029014528,VNM,Vietnam,False
2023-01-22,21.060507,103.485634,44.442368,0.16916157,418.50906,0.5802361,0.0,2023-01-22 06:29:39.056011264,VNM,Vietnam,False
2023-01-22,21.126474,103.441,44.48533,0.5719198,419.00513,0.540705,0.0,2023-01-22 06:29:39.228007680,VNM,Vietnam,False
2023-01-22,21.118935,103.447815,44.481148,0.4618524,418.60757,0.4976727,0.0,2023-01-22 06:29:39.255004160,VNM,Vietnam,False
2023-01-22,21.111374,103.45456,44.47693,0.35323238,419.55133,0.5518558,0.0,2023-01-22 06:29:39.282000640,VNM,Vietnam,False
2023-01-22,21.146503,103.43618,44.50222,0.57179356,418.99835,0.5809225,0.0,2023-01-22 06:29:39.562023168,VNM,Vietnam,False
2023-01-22,21.138973,103.442986,44.498047,0.46168044,419.46036,0.5598783,0.0,2023-01-22 06:29:39.588013824,VNM,Vietnam,False
2023-01-22,21.131414,103.44974,44.493828,0.35297108,420.1367,0.54548275,0.0,2023-01-22 06:29:39.615010304,VNM,Vietnam,False
2023-01-22,21.12374,103.45645,44.48949,0.24837835,418.9642,0.4944398,0.0,2023-01-22 06:29:39.642006784,VNM,Vietnam,False
2023-01-22,21.116089,103.463036,44.48513,0.1578185,419.55643,0.5183322,0.0,2023-01-22 06:29:39.669003264,VNM,Vietnam,False
2023-01-22,21.10837,103.46957,44.480686,0.11675073,419.28198,0.53836143,0.0,2023-01-22 06:29:39.695999744,VNM,Vietnam,False
2023-01-22,21.1006,103.47601,44.476166,0.16757484,419.05286,0.6103135,0.0,2023-01-22 06:29:39.722995968,VNM,Vietnam,False
2023-01-22,21.166508,103.43135,44.51909,0.57160324,418.17117,0.58798707,0.0,2023-01-22 06:29:39.894992896,VNM,Vietnam,False
2023-01-22,21.151438,103.4449,44.510704,0.3525971,418.91885,0.5239733,0.0,2023-01-22 06:29:39.948019968,VNM,Vietnam,False
2023-01-22,21.143759,103.451614,44.506363,0.24778695,419.48477,0.53224945,0.0,2023-01-22 06:29:39.975016448,VNM,Vietnam,False
2023-01-22,21.136108,103.4582,44.502,0.15680888,419.61166,0.5290002,0.0,2023-01-22 06:29:40.002012672,VNM,Vietnam,False
2023-01-22,21.128386,103.46472,44.497547,0.11529617,419.56192,0.5580326,0.0,2023-01-22 06:29:40.029009408,VNM,Vietnam,False
2023-01-22,21.120613,103.471176,44.493023,0.1665253,418.79352,0.58176816,0.0,2023-01-22 06:29:40.056005632,VNM,Vietnam,False
2023-01-22,21.112806,103.47751,44.488426,0.2602614,419.87668,0.5934284,0.0,2023-01-22 06:29:40.083002112,VNM,Vietnam,False
2023-01-22,21.186539,103.42646,44.53596,0.57133824,420.00748,0.50711304,0.0,2023-01-22 06:29:40.228002304,VNM,Vietnam,False
2023-01-22,21.16376,103.44675,44.523212,0.24703304,419.65485,0.5583568,0.0,2023-01-22 06:29:40.308991744,VNM,Vietnam,False
2023-01-22,21.14839,103.45986,44.514397,0.11365105,419.33478,0.5404384,0.0,2023-01-22 06:29:40.363024640,VNM,Vietnam,False
2023-01-22,21.14062,103.46632,44.509872,0.16540056,418.46155,0.55038154,0.0,2023-01-22 06:29:40.389015552,VNM,Vietnam,False
2023-01-22,21.132809,103.472664,44.505272,0.25955933,419.8827,0.59543324,0.0,2023-01-22 06:29:40.416011776,VNM,Vietnam,False
2023-01-22,21.20654,103.421585,44.552814,0.57104295,420.36282,0.4618204,0.0,2023-01-22 06:29:40.562017792,VNM,Vietnam,False
2023-01-22,21.199001,103.4284,44.54863,0.46066704,420.4205,0.45999545,0.0,2023-01-22 06:29:40.588008448,VNM,Vietnam,False
2023-01-22,21.191435,103.43516,44.544403,0.35156113,420.253,0.5101687,0.0,2023-01-22 06:29:40.615004928,VNM,Vietnam,False
2023-01-22,21.18376,103.44188,44.540062,0.24628817,420.05515,0.56011814,0.0,2023-01-22 06:29:40.642001408,VNM,Vietnam,False
2023-01-22,21.168392,103.455,44.531246,0.11201031,419.62146,0.5329402,0.0,2023-01-22 06:29:40.695994112,VNM,Vietnam,False
2023-01-22,21.152813,103.46781,44.522125,0.25886947,419.42688,0.5364049,0.0,2023-01-22 06:29:40.749021440,VNM,Vietnam,False
2023-01-22,21.226574,103.41672,44.569706,0.57099324,419.02435,0.45736223,0.0,2023-01-22 06:29:40.895027712,VNM,Vietnam,False
2023-01-22,21.211485,103.43031,44.56131,0.35148072,417.95502,0.5174462,0.0,2023-01-22 06:29:40.948014592,VNM,Vietnam,False
2023-01-22,21.196184,103.443634,44.552624,0.15396336,419.838,0.5518147,0.0,2023-01-22 06:29:41.002007552,VNM,Vietnam,False
2023-01-22,21.172924,103.46299,44.539085,0.2579943,419.0911,0.6169422,0.0,2023-01-22 06:29:41.082996736,VNM,Vietnam,False
2023-01-22,21.24669,103.41189,44.58669,0.5715871,418.80713,0.4899078,0.0,2023-01-22 06:29:41.227996928,VNM,Vietnam,False
2023-01-22,21.239164,103.41872,44.582516,0.4611772,419.54202,0.49219817,0.0,2023-01-22 06:29:41.254993408,VNM,Vietnam,False
2023-01-22,21.231602,103.42548,44.57829,0.35197058,418.11774,0.48548737,0.0,2023-01-22 06:29:41.281989888,VNM,Vietnam,False
2023-01-22,21.22394,103.43221,44.57396,0.24647985,419.34933,0.54871184,0.0,2023-01-22 06:29:41.308986112,VNM,Vietnam,False
2023-01-22,21.20084,103.45183,44.560654,0.16238804,419.20554,0.53029823,0.0,2023-01-22 06:29:41.389009920,VNM,Vietnam,False
2023-01-22,21.19304,103.45819,44.556065,0.25711048,419.12454,0.57132155,0.0,2023-01-22 06:29:41.416006400,VNM,Vietnam,False
2023-01-22,21.266806,103.40705,44.603672,0.5721776,419.34637,0.5028165,0.0,2023-01-22 06:29:41.562012416,VNM,Vietnam,False
2023-01-22,21.259275,103.41389,44.599495,0.46172386,419.67844,0.50531304,0.0,2023-01-22 06:29:41.588003072,VNM,Vietnam,False
2023-01-22,21.251717,103.42066,44.595272,0.35246167,419.22986,0.54337627,0.0,2023-01-22 06:29:41.614999552,VNM,Vietnam,False
2023-01-22,21.244057,103.4274,44.590942,0.24684961,418.24158,0.56351954,0.0,2023-01-22 06:29:41.641996032,VNM,Vietnam,False
2023-01-22,21.22096,103.447014,44.577637,0.16146475,419.1972,0.52247363,0.0,2023-01-22 06:29:41.723025408,VNM,Vietnam,False
2023-01-22,21.213161,103.453384,44.573048,0.25622556,419.61035,0.54164094,0.0,2023-01-22 06:29:41.749016064,VNM,Vietnam,False
2023-01-22,21.286919,103.40224,44.62066,0.57265544,419.73376,0.509631,0.0,2023-01-22 06:29:41.895022080,VNM,Vietnam,False
2023-01-22,21.279398,103.40907,44.61649,0.46214873,419.02158,0.52515566,0.0,2023-01-22 06:29:41.921012736,VNM,Vietnam,False
2023-01-22,21.271822,103.41586,44.612255,0.35278448,419.3126,0.49916816,0.0,2023-01-22 06:29:41.948008960,VNM,Vietnam,False
2023-01-22,21.284252,103.41783,44.62491,0.24709201,418.83923,0.4901908,0.0,2023-01-22 06:29:42.309020928,VNM,Vietnam,False
2023-01-22,21.276619,103.424446,44.620556,0.15397872,418.9788,0.47191766,0.0,2023-01-22 06:29:42.336017664,VNM,Vietnam,False
2023-01-22,21.268915,103.43101,44.616116,0.10896776,418.71234,0.49358875,0.0,2023-01-22 06:29:42.363013888,VNM,Vietnam,False
2023-01-22,21.26116,103.437485,44.611603,0.16056082,419.32306,0.54528844,0.0,2023-01-22 06:29:42.389004544,VNM,Vietnam,False
2023-01-22,21.28901,103.42624,44.633102,0.10862214,418.23813,0.5211178,0.0,2023-01-22 06:29:42.696023552,VNM,Vietnam,False
2023-01-22,21.33209,103.401566,44.663223,0.35299373,418.56854,0.5425775,0.0,2023-01-22 06:29:42.948003840,VNM,Vietnam,False
2023-01-22,21.316803,103.41495,44.65454,0.15385088,420.243,0.53890365,0.0,2023-01-22 06:29:43.001996544,VNM,Vietnam,False
2023-01-22,21.367298,103.38318,44.68866,0.57294106,418.62137,0.5323115,0.0,2023-01-22 06:29:43.228026368,VNM,Vietnam,False
2023-01-22,21.344524,103.40362,44.675907,0.24704601,419.3963,0.53440684,0.0,2023-01-22 06:29:43.309015808,VNM,Vietnam,False
2023-01-22,21.336895,103.41025,44.67156,0.1538481,420.24606,0.5518337,0.0,2023-01-22 06:29:43.336012032,VNM,Vietnam,False
2023-01-22,21.329193,103.41682,44.66712,0.10876458,419.44522,0.5439425,0.0,2023-01-22 06:29:43.363008512,VNM,Vietnam,False
2023-01-22,21.313637,103.429726,44.65802,0.25546402,420.2734,0.5559203,0.0,2023-01-22 06:29:43.415995648,VNM,Vietnam,False
2023-01-22,21.364613,103.39891,44.692924,0.24697523,418.46585,0.5412258,0.0,2023-01-22 06:29:43.642025216,VNM,Vietnam,False
2023-01-22,21.356985,103.40554,44.688572,0.15384692,417.70245,0.50576377,0.0,2023-01-22 06:29:43.669021696,VNM,Vietnam,False
2023-01-22,21.349287,103.41212,44.68414,0.10892236,417.87445,0.4986162,0.0,2023-01-22 06:29:43.696018176,VNM,Vietnam,False
2023-01-22,21.407473,103.37375,44.7227,0.5727194,419.9004,0.5178343,0.0,2023-01-22 06:29:43.895011072,VNM,Vietnam,False
2023-01-22,21.399958,103.380615,44.71853,0.46217436,418.50195,0.5486073,0.0,2023-01-22 06:29:43.921001984,VNM,Vietnam,False
2023-01-22,21.38471,103.3942,44.70995,0.24697149,418.89886,0.51951605,0.0,2023-01-22 06:29:43.974994688,VNM,Vietnam,False
2023-01-22,21.377085,103.40084,44.7056,0.15394433,419.29306,0.53098565,0.0,2023-01-22 06:29:44.001991168,VNM,Vietnam,False
2023-01-22,21.369389,103.407425,44.701168,0.10919478,419.24323,0.526954,0.0,2023-01-22 06:29:44.028987648,VNM,Vietnam,False
2023-01-22,21.35384,103.42035,44.692074,0.25587946,419.76956,0.49212554,0.0,2023-01-22 06:29:44.083020800,VNM,Vietnam,False
2023-01-22,21.404814,103.38951,44.72699,0.24703212,419.67206,0.49121088,0.0,2023-01-22 06:29:44.309010176,VNM,Vietnam,False
2023-01-22,21.389496,103.40273,44.71821,0.10952515,418.56796,0.5266889,0.0,2023-01-22 06:29:44.363003136,VNM,Vietnam,False
2023-01-22,21.37395,103.41566,44.70911,0.25609925,418.23718,0.54083693,0.0,2023-01-22 06:29:44.415990016,VNM,Vietnam,False
2023-01-22,21.409603,103.39804,44.73525,0.10985974,419.54324,0.5686796,0.0,2023-01-22 06:29:44.696012800,VNM,Vietnam,False
2023-01-22,21.467775,103.359634,44.773823,0.5726257,419.23904,0.51519775,0.0,2023-01-22 06:29:44.895005696,VNM,Vietnam,False
2023-01-22,21.41418,103.40631,44.743217,0.25666347,420.37256,0.53390145,0.0,2023-01-22 06:29:45.083015168,VNM,Vietnam,False
2023-01-22,21.480381,103.36183,44.786728,0.4621609,418.7464,0.5417516,0.0,2023-01-22 06:29:45.255012096,VNM,Vietnam,False
2023-01-22,21.465147,103.37545,44.778152,0.24736834,418.9442,0.49892008,0.0,2023-01-22 06:29:45.309004800,VNM,Vietnam,False
2023-01-22,21.485266,103.37077,44.795223,0.24753232,417.91324,0.4936435,0.0,2023-01-22 06:29:45.642014464,VNM,Vietnam,False
2023-01-22,21.477648,103.377426,44.79088,0.1552602,419.60037,0.4907531,0.0,2023-01-22 06:29:45.669010944,VNM,Vietnam,False
2023-01-22,21.46996,103.384026,44.786446,0.111621626,419.36646,0.5174384,0.0,2023-01-22 06:29:45.696007168,VNM,Vietnam,False
2023-01-22,21.462221,103.39054,44.78194,0.1629715,417.5651,0.5685086,0.0,2023-01-22 06:29:45.723003904,VNM,Vietnam,False
2023-01-22,21.528118,103.34555,44.825024,0.57274586,420.64578,0.51566905,0.0,2023-01-22 06:29:45.895000576,VNM,Vietnam,False
2023-01-22,21.47458,103.39219,44.794407,0.25691575,418.6475,0.5500295,0.0,2023-01-22 06:29:46.083009792,VNM,Vietnam,False
2023-01-22,21.540743,103.34763,44.8379,0.46291527,419.45117,0.5404479,0.0,2023-01-22 06:29:46.255006464,VNM,Vietnam,False
2023-01-22,21.52552,103.36125,44.829323,0.24828702,418.1669,0.52132666,0.0,2023-01-22 06:29:46.308999424,VNM,Vietnam,False
2023-01-22,21.54565,103.35646,44.846367,0.24873431,420.10764,0.49719933,0.0,2023-01-22 06:29:46.642009088,VNM,Vietnam,False
2023-01-22,21.538038,103.36311,44.84202,0.1561362,420.03027,0.49932095,0.0,2023-01-22 06:29:46.669005312,VNM,Vietnam,False
2023-01-22,21.530355,103.36971,44.837585,0.11126883,419.6879,0.5268171,0.0,2023-01-22 06:29:46.696002048,VNM,Vietnam,False
2023-01-22,21.580988,103.33799,44.871964,0.46407214,419.4154,0.5500767,0.0,2023-01-22 06:29:46.921025792,VNM,Vietnam,False
2023-01-22,21.56577,103.3516,44.863377,0.2491714,418.77667,0.5470071,0.0,2023-01-22 06:29:46.975018752,VNM,Vietnam,False
2023-01-22,21.558157,103.358246,44.859024,0.15616539,418.9493,0.5770077,0.0,2023-01-22 06:29:47.002015232,VNM,Vietnam,False
2023-01-22,21.550474,103.36484,44.854584,0.11027673,418.19632,0.5454072,0.0,2023-01-22 06:29:47.029011456,VNM,Vietnam,False
2023-01-22,21.534952,103.377785,44.84548,0.25430453,419.12286,0.54523593,0.0,2023-01-22 06:29:47.083004416,VNM,Vietnam,False
2023-01-22,21.585876,103.34667,44.880356,0.24960779,419.15363,0.522548,0.0,2023-01-22 06:29:47.308993792,VNM,Vietnam,False
2023-01-22,21.578266,103.353325,44.876,0.15603428,419.02032,0.522107,0.0,2023-01-22 06:29:47.335990528,VNM,Vietnam,False
2023-01-22,21.570585,103.35992,44.871563,0.10891102,418.9705,0.55779946,0.0,2023-01-22 06:29:47.362986752,VNM,Vietnam,False
2023-01-22,21.555065,103.37286,44.862457,0.25271305,418.83176,0.5544655,0.0,2023-01-22 06:29:47.416014080,VNM,Vietnam,False
2023-01-22,21.621132,103.32815,44.905872,0.46561205,420.07657,0.56361955,0.0,2023-01-22 06:29:47.588010752,VNM,Vietnam,False
2023-01-22,21.613619,103.33496,44.901665,0.35615402,418.6663,0.5504161,0.0,2023-01-22 06:29:47.615007232,VNM,Vietnam,False
2023-01-22,21.605986,103.34174,44.897335,0.25005594,418.10614,0.50607395,0.0,2023-01-22 06:29:47.642003456,VNM,Vietnam,False
2023-01-22,21.598375,103.3484,44.892982,0.15592456,419.0359,0.52862656,0.0,2023-01-22 06:29:47.669000192,VNM,Vietnam,False
2023-01-22,21.590696,103.354996,44.888542,0.10756126,419.30527,0.5107281,0.0,2023-01-22 06:29:47.695996416,VNM,Vietnam,False
2023-01-22,21.57518,103.36795,44.87944,0.25112736,419.214,0.51900864,0.0,2023-01-22 06:29:47.749023744,VNM,Vietnam,False
2023-01-22,21.633764,103.33009,44.918705,0.35703325,418.64282,0.56111217,0.0,2023-01-22 06:29:47.948016896,VNM,Vietnam,False
2023-01-22,21.626139,103.33689,44.914387,0.25085,417.86844,0.5594536,0.0,2023-01-22 06:29:47.975013376,VNM,Vietnam,False
2023-01-22,21.61854,103.34356,44.910046,0.15648128,418.8285,0.5429268,0.0,2023-01-22 06:29:48.002009600,VNM,Vietnam,False
2023-01-22,21.610868,103.350174,44.90562,0.10733415,418.01422,0.5178387,0.0,2023-01-22 06:29:48.029006080,VNM,Vietnam,False
2023-01-22,21.646338,103.33211,44.93151,0.25196648,418.2109,0.5525829,0.0,2023-01-22 06:29:48.308988672,VNM,Vietnam,False
2023-01-22,21.638739,103.33878,44.92717,0.15748926,418.6048,0.565111,0.0,2023-01-22 06:29:48.336025344,VNM,Vietnam,False
2023-01-22,21.63107,103.3454,44.922745,0.10766072,418.4759,0.55325675,0.0,2023-01-22 06:29:48.363021568,VNM,Vietnam,False
2023-01-22,21.615574,103.35839,44.913662,0.24930474,419.33057,0.508012,0.0,2023-01-22 06:29:48.416008704,VNM,Vietnam,False
2023-01-22,21.674091,103.32055,44.9529,0.35922077,418.06284,0.6123552,0.0,2023-01-22 06:29:48.615001600,VNM,Vietnam,False
2023-01-22,21.666536,103.327324,44.948635,0.253083,417.24884,0.60438186,0.0,2023-01-22 06:29:48.641998336,VNM,Vietnam,False
2023-01-22,21.635777,103.353615,44.93079,0.24846278,421.2328,0.49518445,0.0,2023-01-22 06:29:48.749018112,VNM,Vietnam,False
2023-01-22,21.686666,103.32259,44.96572,0.2534422,418.25735,0.58787113,0.0,2023-01-22 06:29:48.975007744,VNM,Vietnam,False
2023-01-22,21.67906,103.32928,44.961376,0.15880379,418.51868,0.57047397,0.0,2023-01-22 06:29:49.002004224,VNM,Vietnam,False
2023-01-22,21.729334,103.29735,44.99544,0.5795223,418.92184,0.6107407,0.0,2023-01-22 06:29:49.227993600,VNM,Vietnam,False
2023-01-22,21.691448,103.33123,44.973988,0.10864605,417.86987,0.54849225,0.0,2023-01-22 06:29:49.363016192,VNM,Vietnam,False
2023-01-22,21.726795,103.31323,44.999817,0.2527111,418.34082,0.5396652,0.0,2023-01-22 06:29:49.641992704,VNM,Vietnam,False
2023-01-22,21.83481,103.282845,45.08944,0.35770184,419.07016,0.5443793,0.0,2023-01-22 06:29:51.282016000,VNM,Vietnam,False
2023-01-22,21.847189,103.28485,45.102066,0.25103375,420.89072,0.52658165,0.0,2023-01-22 06:29:51.642022144,VNM,Vietnam,False
2023-01-22,21.816418,103.31124,45.084164,0.25161415,420.36523,0.517565,0.0,2023-01-22 06:29:51.749001984,VNM,Vietnam,False
2023-01-22,21.932442,103.2744,45.17865,0.108789206,419.41498,0.5113909,0.0,2023-01-22 06:29:53.362994432,VNM,Vietnam,False
2023-01-22,21.924732,103.28098,45.174145,0.15692905,419.01843,0.51758957,0.0,2023-01-22 06:29:53.389025280,VNM,Vietnam,False
2023-01-22,21.916967,103.2875,45.169563,0.25107145,417.7729,0.53970337,0.0,2023-01-22 06:29:53.416021760,VNM,Vietnam,False
2023-01-22,21.944813,103.276306,45.191235,0.15760997,419.46756,0.57506555,0.0,2023-01-22 06:29:53.723000576,VNM,Vietnam,False
2023-01-22,21.937048,103.28282,45.186653,0.2517173,418.5592,0.5641463,0.0,2023-01-22 06:29:53.748991232,VNM,Vietnam,False
2023-01-22,21.964817,103.271515,45.208214,0.15739167,418.78522,0.56370056,0.0,2023-01-22 06:29:54.056010240,VNM,Vietnam,False
2023-01-22,22.465017,103.12876,45.623817,0.4642923,419.1459,0.6111772,0.0,2023-01-22 06:30:01.588015360,VNM,Vietnam,False
2023-01-22,22.497963,103.12612,45.654076,0.35834858,419.2113,0.5878032,0.0,2023-01-22 06:30:02.281996800,VNM,Vietnam,False
2023-01-22,22.467592,103.153244,45.63652,0.16372235,417.31967,0.6081329,0.0,2023-01-22 06:30:02.389016576,VNM,Vietnam,False
2023-01-22,22.49548,103.14176,45.658253,0.117485166,419.0991,0.58452845,0.0,2023-01-22 06:30:02.695995648,VNM,Vietnam,False
2023-01-31,10.010845,105.53814,32.43308,25.68845,419.38248,0.4167778,0.0,2023-01-31 06:21:04.723013376,VNM,Vietnam,False
2023-01-31,22.183994,102.408134,42.34769,33.152695,418.13416,0.7408433,0.0,2023-01-31 06:24:44.281991424,VNM,Vietnam,False
2023-01-31,22.1912,102.41069,42.355778,33.22493,420.3652,0.66108054,0.0,2023-01-31 06:24:44.641997568,VNM,Vietnam,False
2023-01-31,22.19879,102.4133,42.36424,33.29724,420.12143,0.5831082,0.0,2023-01-31 06:24:45.002003712,VNM,Vietnam,False
2023-01-31,22.237604,102.39254,42.3935,33.18924,417.02023,0.5722807,0.0,2023-01-31 06:24:45.282026240,VNM,Vietnam,False
2023-01-31,22.217066,102.408295,42.379948,33.308964,418.72046,0.55147576,0.0,2023-01-31 06:24:45.336018944,VNM,Vietnam,False
2023-01-31,22.206575,102.416,42.37291,33.370403,418.74445,0.574234,0.0,2023-01-31 06:24:45.363015680,VNM,Vietnam,False
2023-01-31,22.23509,102.403145,42.39538,33.321423,419.23065,0.57676345,0.0,2023-01-31 06:24:45.668988416,VNM,Vietnam,False
2023-01-31,22.224625,102.41086,42.388363,33.382885,418.2324,0.53693974,0.0,2023-01-31 06:24:45.696025088,VNM,Vietnam,False
2023-01-31,22.27375,102.38225,42.424465,33.214077,417.33768,0.72288364,0.0,2023-01-31 06:24:45.948005120,VNM,Vietnam,False
2023-01-31,22.232637,102.41356,42.397247,33.45729,417.99734,0.59860003,0.0,2023-01-31 06:24:46.055991296,VNM,Vietnam,False
2023-01-31,22.221888,102.42107,42.3899,33.520786,417.98358,0.62344664,0.0,2023-01-31 06:24:46.082987520,VNM,Vietnam,False
2023-01-31,22.27203,102.3932,42.42719,33.34562,418.2325,0.6292052,0.0,2023-01-31 06:24:46.336013824,VNM,Vietnam,False
2023-01-31,22.240778,102.41628,42.406258,33.532402,417.6351,0.6151531,0.0,2023-01-31 06:24:46.415996928,VNM,Vietnam,False
2023-01-31,22.338575,102.358986,42.47805,33.1912,418.70746,0.6423262,0.0,2023-01-31 06:24:46.921003264,VNM,Vietnam,False
2023-01-31,22.277636,102.40639,42.438004,33.554737,419.06516,0.7069658,0.0,2023-01-31 06:24:47.083022336,VNM,Vietnam,False
2023-01-31,22.367695,102.346214,42.501156,33.144604,417.4767,0.77179945,0.0,2023-01-31 06:24:47.228022528,VNM,Vietnam,False
2023-01-31,22.326408,102.37792,42.473846,33.380272,419.10483,0.68895763,0.0,2023-01-31 06:24:47.336008192,VNM,Vietnam,False
2023-01-31,22.295527,102.40121,42.453304,33.566498,419.03064,0.5774923,0.0,2023-01-31 06:24:47.415991808,VNM,Vietnam,False
2023-01-31,22.35504,102.36509,42.496464,33.331818,418.7457,0.7389065,0.0,2023-01-31 06:24:47.642021376,VNM,Vietnam,False
2023-01-31,22.393373,102.34384,42.52518,33.226135,417.7457,0.5897212,0.0,2023-01-31 06:24:47.920998144,VNM,Vietnam,False
2023-01-31,22.37337,102.36008,42.51224,33.343708,417.5156,0.72376585,0.0,2023-01-31 06:24:47.974990848,VNM,Vietnam,False
2023-01-31,22.391464,102.354965,42.527767,33.35585,417.7841,0.5690996,0.0,2023-01-31 06:24:48.309006336,VNM,Vietnam,False
2023-01-31,22.452703,102.353096,42.5865,33.600906,417.92657,0.6001804,0.0,2023-01-31 06:24:50.056009472,VNM,Vietnam,False
2023-02-09,11.234437,108.72246,32.033886,0.524618,419.16223,0.41609424,0.0,2023-02-09 06:14:53.895010816,VNM,Vietnam,False
2023-02-09,11.225721,108.72693,32.02951,0.41256362,419.474,0.3738485,0.0,2023-02-09 06:14:53.921001216,VNM,Vietnam,False
2023-02-09,11.216935,108.731346,32.02505,0.3008751,420.8681,0.3876285,0.0,2023-02-09 06:14:53.947997696,VNM,Vietnam,False
2023-02-09,11.2546015,108.718056,32.048405,0.524931,419.1343,0.43294364,0.0,2023-02-09 06:14:54.228020224,VNM,Vietnam,False
2023-02-09,11.2371025,108.72695,32.039574,0.30119509,419.57178,0.4343023,0.0,2023-02-09 06:14:54.282013184,VNM,Vietnam,False
2023-02-09,11.274764,108.71366,32.062935,0.52519834,419.84503,0.46755338,0.0,2023-02-09 06:14:54.561995520,VNM,Vietnam,False
2023-02-09,11.266053,108.71814,32.058563,0.41315654,420.09897,0.43991676,0.0,2023-02-09 06:14:54.588026624,VNM,Vietnam,False
2023-02-09,11.25727,108.722565,32.054104,0.30149704,418.68958,0.43188122,0.0,2023-02-09 06:14:54.615022848,VNM,Vietnam,False
2023-02-09,11.248444,108.72692,32.049572,0.19218466,418.99103,0.43338287,0.0,2023-02-09 06:14:54.642019328,VNM,Vietnam,False
2023-02-09,11.239668,108.73116,32.04502,0.095337115,419.6498,0.41844586,0.0,2023-02-09 06:14:54.669015552,VNM,Vietnam,False
2023-02-09,11.230834,108.735344,32.040382,0.08292476,420.522,0.39265886,0.0,2023-02-09 06:14:54.696012032,VNM,Vietnam,False
2023-02-09,11.277436,108.71818,32.06864,0.30179885,420.813,0.44952965,0.0,2023-02-09 06:14:54.947992320,VNM,Vietnam,False
2023-02-09,11.268613,108.72254,32.064114,0.1925283,419.34457,0.42800966,0.0,2023-02-09 06:14:54.974988800,VNM,Vietnam,False
2023-02-09,11.259838,108.72679,32.05956,0.095765874,419.4554,0.44307804,0.0,2023-02-09 06:14:55.002025472,VNM,Vietnam,False
2023-02-09,11.250999,108.73097,32.054916,0.08317656,419.2279,0.40742204,0.0,2023-02-09 06:14:55.029021696,VNM,Vietnam,False
2023-02-09,11.242126,108.73508,32.050205,0.17465965,420.31784,0.4133055,0.0,2023-02-09 06:14:55.056018432,VNM,Vietnam,False
2023-02-09,11.233214,108.739105,32.045418,0.2824015,420.37787,0.4304986,0.0,2023-02-09 06:14:55.083014656,VNM,Vietnam,False
2023-02-09,11.288699,108.71822,32.07863,0.19202542,418.50964,0.55964535,0.0,2023-02-09 06:14:55.309004288,VNM,Vietnam,False
2023-02-09,11.27992,108.72249,32.074074,0.095652655,420.49274,0.4163184,0.0,2023-02-09 06:14:55.336000768,VNM,Vietnam,False
2023-02-09,11.271082,108.72668,32.06943,0.08426086,419.98032,0.4016341,0.0,2023-02-09 06:14:55.362996992,VNM,Vietnam,False
2023-02-09,11.262211,108.73078,32.06472,0.17575186,419.66174,0.43167138,0.0,2023-02-09 06:14:55.388987648,VNM,Vietnam,False
2023-02-09,11.2533,108.73482,32.059933,0.2834322,419.4696,0.43933362,0.0,2023-02-09 06:14:55.416024320,VNM,Vietnam,False
2023-02-09,11.291164,108.722374,32.083954,0.08535415,420.57678,0.45049322,0.0,2023-02-09 06:14:55.696006656,VNM,Vietnam,False
2023-02-09,11.282295,108.726494,32.079243,0.17684986,420.34363,0.41670838,0.0,2023-02-09 06:14:55.723003136,VNM,Vietnam,False
2023-02-09,11.273387,108.73053,32.074455,0.2844669,419.82977,0.39390647,0.0,2023-02-09 06:14:55.748993792,VNM,Vietnam,False
2023-02-09,11.293462,108.726234,32.088974,0.28555813,420.40723,0.46485564,0.0,2023-02-09 06:14:56.083009280,VNM,Vietnam,False
2023-02-09,11.395219,108.687614,32.15001,0.5211644,419.15244,0.47957808,0.0,2023-02-09 06:14:56.562024960,VNM,Vietnam,False
2023-02-09,11.4065485,108.68778,32.160133,0.40803137,419.74985,0.47071025,0.0,2023-02-09 06:14:56.921025280,VNM,Vietnam,False
2023-02-09,11.397791,108.69224,32.155685,0.29660118,419.54788,0.45184603,0.0,2023-02-09 06:14:56.948021760,VNM,Vietnam,False
2023-02-09,11.96254,108.567474,32.56505,0.309748,418.11737,0.58666515,0.0,2023-02-09 06:15:06.281988352,VNM,Vietnam,False
2023-02-09,11.99128,108.55845,32.58409,0.4208042,418.1035,0.5552487,0.0,2023-02-09 06:15:06.588001536,VNM,Vietnam,False
2023-02-09,11.982595,108.56303,32.579662,0.3089387,417.07224,0.5587373,0.0,2023-02-09 06:15:06.614997760,VNM,Vietnam,False
2023-02-09,11.97387,108.56753,32.575165,0.19913827,418.77203,0.54792726,0.0,2023-02-09 06:15:06.641994496,VNM,Vietnam,False
2023-02-09,11.965152,108.57193,32.570618,0.10008919,418.84094,0.5229327,0.0,2023-02-09 06:15:06.668990976,VNM,Vietnam,False
2023-02-09,11.956374,108.57627,32.565987,0.07764373,419.23868,0.57134295,0.0,2023-02-09 06:15:06.695987200,VNM,Vietnam,False
2023-02-09,12.00261,108.558586,32.594254,0.30808598,420.3768,0.56905705,0.0,2023-02-09 06:15:06.948007680,VNM,Vietnam,False
2023-02-09,11.993914,108.56309,32.58978,0.19827662,419.25897,0.5529814,0.0,2023-02-09 06:15:06.975004160,VNM,Vietnam,False
2023-02-09,11.985197,108.5675,32.585228,0.09920566,418.58365,0.57038087,0.0,2023-02-09 06:15:07.002000640,VNM,Vietnam,False
2023-02-09,11.976424,108.57184,32.5806,0.07761971,419.2033,0.5509313,0.0,2023-02-09 06:15:07.028996864,VNM,Vietnam,False
2023-02-09,11.967637,108.57608,32.57591,0.1674675,419.17224,0.5783601,0.0,2023-02-09 06:15:07.055993344,VNM,Vietnam,False
2023-02-09,11.958818,108.580246,32.571148,0.2751296,420.419,0.5986889,0.0,2023-02-09 06:15:07.082989568,VNM,Vietnam,False
2023-02-09,12.039996,108.544945,32.617702,0.53158575,420.2952,0.5392882,0.0,2023-02-09 06:15:07.227990272,VNM,Vietnam,False
2023-02-09,12.0313835,108.54958,32.613358,0.41942236,420.24496,0.55442715,0.0,2023-02-09 06:15:07.255026944,VNM,Vietnam,False
2023-02-09,12.02269,108.55418,32.608925,0.3075454,419.01575,0.579376,0.0,2023-02-09 06:15:07.282023168,VNM,Vietnam,False
2023-02-09,12.013996,108.558685,32.60445,0.19778003,419.0577,0.5516589,0.0,2023-02-09 06:15:07.309019648,VNM,Vietnam,False
2023-02-09,11.987737,108.571686,32.590588,0.16794863,418.61047,0.6143439,0.0,2023-02-09 06:15:07.389003008,VNM,Vietnam,False
2023-02-09,12.060077,108.540535,32.63238,0.5310838,418.77756,0.53852457,0.0,2023-02-09 06:15:07.562005504,VNM,Vietnam,False
2023-02-09,12.0514555,108.54518,32.628033,0.41891485,419.9244,0.5481038,0.0,2023-02-09 06:15:07.587995904,VNM,Vietnam,False
2023-02-09,12.042764,108.549774,32.6236,0.30704755,420.35275,0.53739524,0.0,2023-02-09 06:15:07.614992640,VNM,Vietnam,False
2023-02-09,12.034083,108.55429,32.619133,0.19731973,419.35632,0.5643647,0.0,2023-02-09 06:15:07.641989120,VNM,Vietnam,False
2023-02-09,12.025373,108.55871,32.61459,0.0985257,418.51047,0.6120356,0.0,2023-02-09 06:15:07.669025536,VNM,Vietnam,False
2023-02-09,12.080157,108.536125,32.64707,0.5305814,418.71365,0.5195579,0.0,2023-02-09 06:15:07.895015168,VNM,Vietnam,False
2023-02-09,12.071543,108.54077,32.642723,0.4184226,421.20627,0.52474105,0.0,2023-02-09 06:15:07.921005824,VNM,Vietnam,False
2023-02-09,12.062855,108.54537,32.63829,0.30656698,419.5693,0.53369904,0.0,2023-02-09 06:15:07.948002304,VNM,Vietnam,False
2023-02-09,12.045463,108.55431,32.62928,0.09819543,418.53406,0.5960224,0.0,2023-02-09 06:15:08.001995008,VNM,Vietnam,False
2023-02-09,12.100196,108.53175,32.66175,0.5295898,419.75012,0.49538592,0.0,2023-02-09 06:15:08.228024832,VNM,Vietnam,False
2023-02-09,12.091581,108.53641,32.657406,0.41739175,419.9439,0.49077773,0.0,2023-02-09 06:15:08.255021312,VNM,Vietnam,False
2023-02-09,12.082892,108.541016,32.652973,0.30551088,419.47083,0.5113178,0.0,2023-02-09 06:15:08.282017792,VNM,Vietnam,False
2023-02-09,12.0742035,108.54555,32.648502,0.19582973,418.71716,0.53910273,0.0,2023-02-09 06:15:08.309014016,VNM,Vietnam,False
2023-02-09,12.065493,108.54998,32.64396,0.09749281,417.1941,0.6225569,0.0,2023-02-09 06:15:08.336010496,VNM,Vietnam,False
2023-02-09,12.120223,108.5274,32.676437,0.52836657,418.3368,0.51023525,0.0,2023-02-09 06:15:08.562000128,VNM,Vietnam,False
2023-02-09,12.111606,108.53206,32.67209,0.41618133,418.79916,0.52118075,0.0,2023-02-09 06:15:08.587990784,VNM,Vietnam,False
2023-02-09,12.102917,108.53667,32.667656,0.30433592,420.00906,0.46218553,0.0,2023-02-09 06:15:08.614987008,VNM,Vietnam,False
2023-02-09,12.094232,108.54121,32.663185,0.1947461,419.613,0.4651693,0.0,2023-02-09 06:15:08.642023680,VNM,Vietnam,False
2023-02-09,12.085524,108.54564,32.65864,0.09680187,418.91446,0.4993506,0.0,2023-02-09 06:15:08.669020160,VNM,Vietnam,False
2023-02-09,12.076756,108.55001,32.654015,0.080596045,418.7463,0.54417753,0.0,2023-02-09 06:15:08.696016896,VNM,Vietnam,False
2023-02-09,12.131629,108.52771,32.686775,0.4149701,419.1655,0.5163903,0.0,2023-02-09 06:15:08.921000448,VNM,Vietnam,False
2023-02-09,12.122946,108.532326,32.682346,0.30316505,418.51596,0.4656559,0.0,2023-02-09 06:15:08.947996928,VNM,Vietnam,False
2023-02-09,12.11426,108.536865,32.677876,0.19366571,419.31277,0.50107294,0.0,2023-02-09 06:15:08.974993152,VNM,Vietnam,False
2023-02-09,12.105554,108.541306,32.673332,0.096129075,418.7384,0.4804867,0.0,2023-02-09 06:15:09.001989632,VNM,Vietnam,False
2023-02-09,12.096796,108.54568,32.668713,0.081543885,419.55447,0.44563928,0.0,2023-02-09 06:15:09.029026304,VNM,Vietnam,False
2023-02-09,12.088031,108.549934,32.664024,0.17279758,419.1355,0.51128566,0.0,2023-02-09 06:15:09.056022528,VNM,Vietnam,False
2023-02-09,12.079225,108.55414,32.65927,0.28050557,418.69852,0.5588377,0.0,2023-02-09 06:15:09.083019264,VNM,Vietnam,False
2023-02-09,12.1430645,108.52793,32.69709,0.30302784,417.34634,0.57933545,0.0,2023-02-09 06:15:09.282012160,VNM,Vietnam,False
2023-02-09,12.134395,108.53247,32.692627,0.19368233,417.30643,0.49649906,0.0,2023-02-09 06:15:09.309008640,VNM,Vietnam,False
2023-02-09,12.1257,108.53691,32.68809,0.096358865,418.75183,0.46202686,0.0,2023-02-09 06:15:09.336005120,VNM,Vietnam,False
2023-02-09,12.116944,108.54129,32.68347,0.08181202,418.58923,0.47896674,0.0,2023-02-09 06:15:09.363001600,VNM,Vietnam,False
2023-02-09,12.108182,108.54555,32.678783,0.17291547,418.96844,0.4942882,0.0,2023-02-09 06:15:09.388992256,VNM,Vietnam,False
2023-02-09,12.099376,108.54976,32.67403,0.28057426,419.38928,0.49115506,0.0,2023-02-09 06:15:09.415988736,VNM,Vietnam,False
2023-02-09,12.145847,108.532524,32.702858,0.09660279,419.3001,0.5147931,0.0,2023-02-09 06:15:09.669015040,VNM,Vietnam,False
2023-02-09,12.137094,108.5369,32.69824,0.08208874,418.08417,0.47874936,0.0,2023-02-09 06:15:09.696011264,VNM,Vietnam,False
2023-02-09,12.128333,108.54117,32.69355,0.17304014,418.43463,0.48652038,0.0,2023-02-09 06:15:09.723007744,VNM,Vietnam,False
2023-02-09,12.11953,108.54538,32.688797,0.28064537,418.98373,0.4770486,0.0,2023-02-09 06:15:09.748998144,VNM,Vietnam,False
2023-02-09,12.148493,108.5368,32.70834,0.17322074,417.99203,0.5089613,0.0,2023-02-09 06:15:10.056017408,VNM,Vietnam,False
2023-02-09,12.139691,108.54102,32.703594,0.28076407,418.18655,0.5174203,0.0,2023-02-09 06:15:10.083013888,VNM,Vietnam,False
2023-02-09,12.508224,108.45312,32.969177,0.09758081,417.9949,0.5028501,0.0,2023-02-09 06:15:15.669022464,VNM,Vietnam,False
2023-02-09,12.51968,108.45315,32.979435,0.08474739,417.73312,0.5032996,0.0,2023-02-09 06:15:16.028988416,VNM,Vietnam,False
2023-02-09,12.510926,108.45753,32.974754,0.17486553,418.644,0.48435628,0.0,2023-02-09 06:15:16.056025088,VNM,Vietnam,False
2023-02-09,12.5021305,108.46184,32.969994,0.28213528,419.64572,0.5087882,0.0,2023-02-09 06:15:16.083021312,VNM,Vietnam,False
2023-02-09,12.583155,108.42565,33.01675,0.5264584,418.4579,0.49328747,0.0,2023-02-09 06:15:16.228021504,VNM,Vietnam,False
2023-02-09,12.565908,108.43514,33.007977,0.30306423,418.59503,0.49233985,0.0,2023-02-09 06:15:16.282014720,VNM,Vietnam,False
2023-02-09,12.557205,108.4398,33.003475,0.19417545,419.31808,0.4780653,0.0,2023-02-09 06:15:16.309010944,VNM,Vietnam,False
2023-02-09,12.531079,108.45319,32.989655,0.17535134,418.64682,0.46465114,0.0,2023-02-09 06:15:16.388994560,VNM,Vietnam,False
2023-02-09,12.522285,108.457504,32.984898,0.28250375,418.28604,0.49736214,0.0,2023-02-09 06:15:16.415990784,VNM,Vietnam,False
2023-02-09,12.594712,108.42606,33.027313,0.41448,418.37982,0.4978934,0.0,2023-02-09 06:15:16.587987456,VNM,Vietnam,False
2023-02-09,12.586055,108.430786,33.022884,0.30307657,418.52606,0.4748039,0.0,2023-02-09 06:15:16.615024128,VNM,Vietnam,False
2023-02-09,12.577353,108.43544,33.018383,0.19430697,418.6023,0.47873795,0.0,2023-02-09 06:15:16.642020608,VNM,Vietnam,False
2023-02-09,12.568697,108.43998,33.013855,0.098898545,418.7046,0.48187685,0.0,2023-02-09 06:15:16.669017088,VNM,Vietnam,False
2023-02-09,12.559982,108.44446,33.009247,0.08629827,418.56046,0.47959104,0.0,2023-02-09 06:15:16.696013568,VNM,Vietnam,False
2023-02-09,12.551232,108.44885,33.004562,0.17584525,419.08383,0.48752087,0.0,2023-02-09 06:15:16.723010048,VNM,Vietnam,False
2023-02-09,12.542439,108.45316,32.999805,0.28287867,418.63504,0.5071956,0.0,2023-02-09 06:15:16.749000448,VNM,Vietnam,False
2023-02-09,12.623439,108.416916,33.04657,0.52629966,418.58484,0.522181,0.0,2023-02-09 06:15:16.895006720,VNM,Vietnam,False
2023-02-09,12.6062,108.42643,33.037796,0.30309045,417.67917,0.48766816,0.0,2023-02-09 06:15:16.947993856,VNM,Vietnam,False
2023-02-09,12.5975,108.43109,33.033295,0.19444245,418.0544,0.45763004,0.0,2023-02-09 06:15:16.974990080,VNM,Vietnam,False
2023-02-09,12.588846,108.43563,33.02877,0.099375725,418.4025,0.4860936,0.0,2023-02-09 06:15:17.002026752,VNM,Vietnam,False
2023-02-09,12.580131,108.4401,33.024155,0.087000825,418.60553,0.47568265,0.0,2023-02-09 06:15:17.029023232,VNM,Vietnam,False
2023-02-09,12.57138,108.44449,33.019463,0.17623895,417.56625,0.48454872,0.0,2023-02-09 06:15:17.056019456,VNM,Vietnam,False
2023-02-09,12.562587,108.4488,33.014698,0.28314087,417.90176,0.45722958,0.0,2023-02-09 06:15:17.083015936,VNM,Vietnam,False
2023-02-09,12.626316,108.42197,33.05263,0.30301404,418.1348,0.4785898,0.0,2023-02-09 06:15:17.282009088,VNM,Vietnam,False
2023-02-09,12.600246,108.43563,33.03897,0.08661246,418.18027,0.4580466,0.0,2023-02-09 06:15:17.362998528,VNM,Vietnam,False
2023-02-09,12.591497,108.440025,33.034283,0.17604288,418.58978,0.4843032,0.0,2023-02-09 06:15:17.388988928,VNM,Vietnam,False
2023-02-09,12.5827055,108.444336,33.02952,0.28301707,418.05127,0.51740575,0.0,2023-02-09 06:15:17.416025600,VNM,Vietnam,False
2023-02-09,12.65508,108.41275,33.07189,0.41431263,418.20026,0.47141546,0.0,2023-02-09 06:15:17.588022272,VNM,Vietnam,False
2023-02-09,12.637727,108.422134,33.062946,0.19415316,418.6249,0.48052606,0.0,2023-02-09 06:15:17.642015232,VNM,Vietnam,False
2023-02-09,12.620362,108.43116,33.0538,0.08623322,418.66782,0.48547253,0.0,2023-02-09 06:15:17.696008192,VNM,Vietnam,False
2023-02-09,12.611614,108.435555,33.04911,0.17585337,417.916,0.4704529,0.0,2023-02-09 06:15:17.723004672,VNM,Vietnam,False
2023-02-09,12.602825,108.43987,33.044346,0.28289837,418.79565,0.51320934,0.0,2023-02-09 06:15:17.748995072,VNM,Vietnam,False
2023-02-09,12.683767,108.40347,33.09107,0.5261521,418.48624,0.5082154,0.0,2023-02-09 06:15:17.895001088,VNM,Vietnam,False
2023-02-09,12.657838,108.417656,33.077774,0.19399823,417.67935,0.49240014,0.0,2023-02-09 06:15:17.975024896,VNM,Vietnam,False
2023-02-09,12.649188,108.4222,33.073242,0.09842205,418.7529,0.49789634,0.0,2023-02-09 06:15:18.002021376,VNM,Vietnam,False
2023-02-09,12.640486,108.42669,33.068634,0.08584843,417.7199,0.4541849,0.0,2023-02-09 06:15:18.029017600,VNM,Vietnam,False
2023-02-09,12.631748,108.43109,33.063953,0.17555924,417.97076,0.4802517,0.0,2023-02-09 06:15:18.056014080,VNM,Vietnam,False
2023-02-09,12.622969,108.43542,33.059196,0.28258857,418.1573,0.5165431,0.0,2023-02-09 06:15:18.083010560,VNM,Vietnam,False
2023-02-09,12.686732,108.40851,33.097187,0.30358848,418.23935,0.5230482,0.0,2023-02-09 06:15:18.282003712,VNM,Vietnam,False
2023-02-09,12.678045,108.41317,33.092686,0.19479674,418.85217,0.4917796,0.0,2023-02-09 06:15:18.308999936,VNM,Vietnam,False
2023-02-09,12.651971,108.42662,33.078873,0.1746545,418.34076,0.50434405,0.0,2023-02-09 06:15:18.389023744,VNM,Vietnam,False
2023-02-09,12.643193,108.43095,33.07412,0.28163618,418.67154,0.4999547,0.0,2023-02-09 06:15:18.416020480,VNM,Vietnam,False
2023-02-09,12.698261,108.40869,33.10761,0.19569023,418.9028,0.52744883,0.0,2023-02-09 06:15:18.642009856,VNM,Vietnam,False
2023-02-09,12.663418,108.42648,33.089046,0.28068858,418.12012,0.512258,0.0,2023-02-09 06:15:18.748989696,VNM,Vietnam,False
2023-02-09,12.744364,108.389984,33.135807,0.52870274,419.0655,0.52830416,0.0,2023-02-09 06:15:18.894995712,VNM,Vietnam,False
2023-02-09,12.718478,108.404205,33.12254,0.19658534,418.4459,0.5473585,0.0,2023-02-09 06:15:18.975019520,VNM,Vietnam,False
2023-02-09,12.721427,108.40889,33.128452,0.08462099,419.2826,0.523875,0.0,2023-02-09 06:15:19.363027712,VNM,Vietnam,False
2023-02-09,12.712701,108.413315,33.123783,0.17237477,419.77142,0.5362888,0.0,2023-02-09 06:15:19.389018624,VNM,Vietnam,False
2023-02-09,12.703934,108.41767,33.119038,0.2790038,419.64072,0.5808971,0.0,2023-02-09 06:15:19.416014848,VNM,Vietnam,False
2023-02-09,12.724214,108.4133,33.13408,0.2782363,418.73993,0.54724485,0.0,2023-02-09 06:15:19.749024512,VNM,Vietnam,False
2023-02-09,12.946426,108.3449,33.285305,0.5381887,418.2101,0.50830674,0.0,2023-02-09 06:15:22.227989248,VNM,Vietnam,False
2023-02-09,12.949478,108.3501,33.291565,0.31549364,419.04385,0.5125048,0.0,2023-02-09 06:15:22.614991616,VNM,Vietnam,False
2023-02-09,12.961034,108.350395,33.302094,0.20699762,418.14896,0.5185047,0.0,2023-02-09 06:15:22.974997760,VNM,Vietnam,False
2023-02-09,12.989889,108.34141,33.3217,0.31660736,418.59494,0.51423234,0.0,2023-02-09 06:15:23.282016768,VNM,Vietnam,False
2023-02-09,13.4632225,108.240486,33.677242,0.19613685,418.9822,0.5842633,0.0,2023-02-09 06:15:31.309009920,VNM,Vietnam,False
2023-02-09,13.560648,108.2125,33.74605,0.41305408,419.38562,0.4777541,0.0,2023-02-09 06:15:32.588021504,VNM,Vietnam,False
2023-02-09,13.528907,108.23627,33.733566,0.28575876,419.16568,0.5256027,0.0,2023-02-09 06:15:33.083009792,VNM,Vietnam,False
2023-02-09,13.583597,108.213264,33.76718,0.19247112,420.5853,0.5420557,0.0,2023-02-09 06:15:33.308999424,VNM,Vietnam,False
2023-02-09,13.549049,108.231834,33.74868,0.2857936,419.25546,0.5183795,0.0,2023-02-09 06:15:33.416019456,VNM,Vietnam,False
2023-02-09,13.985025,108.11806,34.06524,0.4321211,419.84473,0.5210022,0.0,2023-02-09 06:15:39.588023552,VNM,Vietnam,False
2023-02-09,13.979565,108.12826,34.06701,0.11521455,420.36642,0.57282966,0.0,2023-02-09 06:15:40.002022656,VNM,Vietnam,False
2023-02-09,13.973893,108.13791,34.068314,0.26771778,419.83945,0.5616378,0.0,2023-02-09 06:15:40.416021504,VNM,Vietnam,False
2023-02-09,14.205833,108.06876,34.232174,0.42697188,419.40613,0.5359362,0.0,2023-02-09 06:15:43.254992384,VNM,Vietnam,False
2023-02-09,14.188809,108.078804,34.22332,0.20704761,419.3892,0.5506779,0.0,2023-02-09 06:15:43.308985344,VNM,Vietnam,False
2023-02-09,14.200361,108.0792,34.23401,0.10987634,419.1623,0.39096174,0.0,2023-02-09 06:15:43.668991232,VNM,Vietnam,False
2023-02-09,14.191789,108.084015,34.229424,0.08458307,419.78812,0.4415195,0.0,2023-02-09 06:15:43.695987712,VNM,Vietnam,False
2023-02-09,14.254373,108.05467,34.266872,0.5376025,417.8955,0.44841588,0.0,2023-02-09 06:15:43.895021056,VNM,Vietnam,False
2023-02-09,14.203259,108.0843,34.23998,0.16790746,418.9934,0.5072272,0.0,2023-02-09 06:15:44.055993856,VNM,Vietnam,False
2023-02-09,14.214783,108.08456,34.25057,0.27385896,417.73807,0.566441,0.0,2023-02-09 06:15:44.416000000,VNM,Vietnam,False
2023-02-09,14.234935,108.08016,34.26588,0.2741734,417.97876,0.50935924,0.0,2023-02-09 06:15:44.749009664,VNM,Vietnam,False
2023-02-09,14.297901,108.05159,34.3041,0.3145563,418.98688,0.52542925,0.0,2023-02-09 06:15:44.948002816,VNM,Vietnam,False
2023-02-09,14.334863,108.03686,34.328007,0.5371611,417.07343,0.49517205,0.0,2023-02-09 06:15:45.228025344,VNM,Vietnam,False
2023-02-09,14.33806,108.0425,34.334503,0.3139706,419.69012,0.4853776,0.0,2023-02-09 06:15:45.615027968,VNM,Vietnam,False
2023-02-09,14.329518,108.047516,34.330025,0.2053686,418.0318,0.50154406,0.0,2023-02-09 06:15:45.642024192,VNM,Vietnam,False
2023-02-09,14.295238,108.066666,34.311554,0.27417734,418.15686,0.54450846,0.0,2023-02-09 06:15:45.749004032,VNM,Vietnam,False
2023-02-09,14.366594,108.03287,34.354084,0.42490244,418.30292,0.49294204,0.0,2023-02-09 06:15:45.921000960,VNM,Vietnam,False
2023-02-09,14.349594,108.04297,34.345222,0.204942,420.40796,0.39891452,0.0,2023-02-09 06:15:45.974993664,VNM,Vietnam,False
2023-02-09,14.341098,108.04787,34.340725,0.108466096,419.56622,0.3979434,0.0,2023-02-09 06:15:46.001990144,VNM,Vietnam,False
2023-02-09,14.332543,108.05271,34.336147,0.08453174,419.63074,0.5203642,0.0,2023-02-09 06:15:46.028986368,VNM,Vietnam,False
2023-02-09,14.323952,108.05747,34.331497,0.16833012,419.8607,0.474912,0.0,2023-02-09 06:15:46.056023040,VNM,Vietnam,False
2023-02-09,14.395112,108.02322,34.373657,0.53671175,417.40646,0.51104605,0.0,2023-02-09 06:15:46.228019968,VNM,Vietnam,False
2023-02-09,14.3612385,108.04339,34.356018,0.10860999,419.38226,0.445239,0.0,2023-02-09 06:15:46.336005632,VNM,Vietnam,False
2023-02-09,14.352687,108.04824,34.35144,0.08453518,419.73547,0.38334754,0.0,2023-02-09 06:15:46.363002112,VNM,Vietnam,False
2023-02-09,14.344097,108.05301,34.34679,0.1682361,419.57794,0.42758724,0.0,2023-02-09 06:15:46.388992768,VNM,Vietnam,False
2023-02-09,14.335481,108.05768,34.34207,0.27396163,419.7478,0.4650576,0.0,2023-02-09 06:15:46.415989248,VNM,Vietnam,False
2023-02-09,14.406847,108.02387,34.38465,0.42509666,418.21564,0.43718067,0.0,2023-02-09 06:15:46.588026112,VNM,Vietnam,False
2023-02-09,14.364243,108.04854,34.36209,0.1681476,417.97363,0.47900096,0.0,2023-02-09 06:15:46.723008256,VNM,Vietnam,False
2023-02-09,14.435374,108.01423,34.404255,0.5370002,419.17487,0.52252674,0.0,2023-02-09 06:15:46.895004672,VNM,Vietnam,False
2023-02-09,14.426985,108.01938,34.399956,0.42524862,420.4714,0.4943401,0.0,2023-02-09 06:15:46.920995584,VNM,Vietnam,False
2023-02-09,14.418538,108.024475,34.395584,0.31403106,419.43494,0.49406737,0.0,2023-02-09 06:15:46.947991808,VNM,Vietnam,False
2023-02-09,14.410008,108.02952,34.391113,0.20536737,418.71338,0.49333858,0.0,2023-02-09 06:15:46.974988288,VNM,Vietnam,False
2023-02-09,14.446993,108.014824,34.415123,0.42439178,417.96576,0.5946056,0.0,2023-02-09 06:15:47.255010816,VNM,Vietnam,False
2023-02-09,14.429997,108.024956,34.406254,0.20409174,419.1559,0.5512062,0.0,2023-02-09 06:15:47.309003776,VNM,Vietnam,False
2023-02-09,14.449971,108.02038,34.421383,0.2026808,416.77274,0.56857324,0.0,2023-02-09 06:15:47.642013440,VNM,Vietnam,False
2023-02-09,14.424322,108.03494,34.407623,0.16860811,417.88297,0.5564469,0.0,2023-02-09 06:15:47.723002624,VNM,Vietnam,False
2023-02-09,14.495338,108.00051,34.4497,0.5340272,418.8631,0.49777877,0.0,2023-02-09 06:15:47.894999552,VNM,Vietnam,False
2023-02-09,14.4614525,108.02074,34.43201,0.103922665,417.36044,0.5276219,0.0,2023-02-09 06:15:48.002019328,VNM,Vietnam,False
2023-02-09,14.515504,107.99606,34.465073,0.534314,419.11026,0.51665103,0.0,2023-02-09 06:15:48.228008960,VNM,Vietnam,False
2023-02-09,14.507123,108.001236,34.46078,0.42251018,417.72598,0.52906907,0.0,2023-02-09 06:15:48.255005440,VNM,Vietnam,False
2023-02-09,14.498698,108.006355,34.45643,0.31120822,416.59186,0.55085355,0.0,2023-02-09 06:15:48.282001920,VNM,Vietnam,False
2023-02-09,14.46462,108.026054,34.4383,0.16881277,417.4156,0.5683986,0.0,2023-02-09 06:15:48.389022208,VNM,Vietnam,False
2023-02-09,14.527385,107.99686,34.476276,0.42355582,418.379,0.49346364,0.0,2023-02-09 06:15:48.588015104,VNM,Vietnam,False
2023-02-09,14.547691,107.99246,34.491802,0.42465156,418.61703,0.5218928,0.0,2023-02-09 06:15:48.921024768,VNM,Vietnam,False
2023-02-09,14.53923,107.997604,34.48742,0.3135043,417.39456,0.5351251,0.0,2023-02-09 06:15:48.948021248,VNM,Vietnam,False
2023-02-09,14.576246,107.982735,34.51144,0.5369473,419.6726,0.54393053,0.0,2023-02-09 06:15:49.228003584,VNM,Vietnam,False
2023-02-09,14.559381,107.99304,34.502728,0.31395054,418.16504,0.49663362,0.0,2023-02-09 06:15:49.281996544,VNM,Vietnam,False
2023-02-09,14.550863,107.9981,34.498253,0.20527017,417.0883,0.5296144,0.0,2023-02-09 06:15:49.308992768,VNM,Vietnam,False
2023-02-09,14.579508,107.988434,34.517998,0.3142549,421.37897,0.49852407,0.0,2023-02-09 06:15:49.615006208,VNM,Vietnam,False
2023-02-09,14.570992,107.9935,34.513527,0.20542842,418.8118,0.47915915,0.0,2023-02-09 06:15:49.642002688,VNM,Vietnam,False
2023-02-09,14.562521,107.99844,34.509033,0.108453855,418.29324,0.4722676,0.0,2023-02-09 06:15:49.668998912,VNM,Vietnam,False
2023-02-09,14.553987,108.00332,34.504456,0.083107606,416.68716,0.5196373,0.0,2023-02-09 06:15:49.695995392,VNM,Vietnam,False
2023-02-09,14.608102,107.9787,34.537678,0.42594653,419.40155,0.5430449,0.0,2023-02-09 06:15:49.921019392,VNM,Vietnam,False
2023-02-09,14.599635,107.98383,34.533276,0.31456235,419.43692,0.5027263,0.0,2023-02-09 06:15:49.948015616,VNM,Vietnam,False
2023-02-09,14.582652,107.99384,34.52431,0.108202964,419.04083,0.49045736,0.0,2023-02-09 06:15:50.002008576,VNM,Vietnam,False
2023-02-09,14.574125,107.99874,34.519745,0.082147695,419.19638,0.48176366,0.0,2023-02-09 06:15:50.029005056,VNM,Vietnam,False
2023-02-09,14.565561,108.003555,34.515106,0.16609763,418.99084,0.48170283,0.0,2023-02-09 06:15:50.056001536,VNM,Vietnam,False
2023-02-09,14.556952,108.0083,34.51039,0.27206743,418.58185,0.5314247,0.0,2023-02-09 06:15:50.082998016,VNM,Vietnam,False
2023-02-09,14.619834,107.97936,34.54869,0.31525615,418.9084,0.50428975,0.0,2023-02-09 06:15:50.281990912,VNM,Vietnam,False
2023-02-09,14.611329,107.98444,34.54423,0.20639096,419.8748,0.5218539,0.0,2023-02-09 06:15:50.308987648,VNM,Vietnam,False
2023-02-09,14.602868,107.98941,34.53975,0.10920791,420.4475,0.5020826,0.0,2023-02-09 06:15:50.336024320,VNM,Vietnam,False
2023-02-09,14.594344,107.994316,34.535183,0.08267091,418.8216,0.44220904,0.0,2023-02-09 06:15:50.363020544,VNM,Vietnam,False
2023-02-09,14.577174,108.003876,34.525833,0.2717256,417.46576,0.50521195,0.0,2023-02-09 06:15:50.416007424,VNM,Vietnam,False
2023-02-09,14.640047,107.97492,34.564133,0.3160292,418.63773,0.5054309,0.0,2023-02-09 06:15:50.615000832,VNM,Vietnam,False
2023-02-09,14.631544,107.98001,34.559677,0.20725194,419.87085,0.487793,0.0,2023-02-09 06:15:50.641997056,VNM,Vietnam,False
2023-02-09,14.623084,107.98498,34.555195,0.1102284,420.52237,0.50830203,0.0,2023-02-09 06:15:50.668993536,VNM,Vietnam,False
2023-02-09,14.614562,107.98988,34.55063,0.083211765,420.04422,0.5021033,0.0,2023-02-09 06:15:50.695990016,VNM,Vietnam,False
2023-02-09,14.606002,107.994705,34.545994,0.16581202,418.07986,0.49056643,0.0,2023-02-09 06:15:50.722986496,VNM,Vietnam,False
2023-02-09,14.626234,107.99027,34.561447,0.16554263,418.258,0.5218259,0.0,2023-02-09 06:15:51.055996160,VNM,Vietnam,False
2023-02-09,14.617636,107.99502,34.556736,0.27083835,418.68286,0.52689886,0.0,2023-02-09 06:15:51.082992640,VNM,Vietnam,False
2023-02-09,14.697353,107.95562,34.603745,0.5410812,417.11304,0.4812743,0.0,2023-02-09 06:15:51.227992832,VNM,Vietnam,False
2023-02-09,14.71764,107.9511,34.619232,0.54269964,417.61212,0.43804568,0.0,2023-02-09 06:15:51.562008320,VNM,Vietnam,False
2023-02-09,14.7092705,107.95632,34.614937,0.43107688,418.34244,0.46997327,0.0,2023-02-09 06:15:51.587998976,VNM,Vietnam,False
2023-02-09,14.700827,107.96149,34.610554,0.31997383,416.02347,0.4844582,0.0,2023-02-09 06:15:51.614995200,VNM,Vietnam,False
2023-02-09,14.737926,107.946594,34.634727,0.54431695,419.54398,0.45748544,0.0,2023-02-09 06:15:51.895017984,VNM,Vietnam,False
2023-02-09,14.729559,107.95181,34.630432,0.4327128,420.50598,0.50774825,0.0,2023-02-09 06:15:51.921008640,VNM,Vietnam,False
2023-02-09,14.721117,107.95698,34.626053,0.3216342,419.63867,0.4752468,0.0,2023-02-09 06:15:51.948004864,VNM,Vietnam,False
2023-02-09,14.712627,107.96208,34.621597,0.21309774,419.19226,0.470259,0.0,2023-02-09 06:15:51.975001344,VNM,Vietnam,False
2023-02-09,14.749725,107.94727,34.645817,0.43326804,421.17856,0.5398926,0.0,2023-02-09 06:15:52.255023872,VNM,Vietnam,False
2023-02-09,14.741272,107.952446,34.641422,0.32205537,421.19455,0.51706856,0.0,2023-02-09 06:15:52.282020608,VNM,Vietnam,False
2023-02-09,14.732772,107.95754,34.636955,0.21334937,421.10065,0.50341904,0.0,2023-02-09 06:15:52.309016832,VNM,Vietnam,False
2023-02-09,14.724315,107.962524,34.63247,0.11598693,419.2875,0.44726458,0.0,2023-02-09 06:15:52.336013312,VNM,Vietnam,False
2023-02-09,14.715795,107.967445,34.627895,0.08344551,418.47067,0.4761598,0.0,2023-02-09 06:15:52.363009792,VNM,Vietnam,False
2023-02-09,14.707235,107.97228,34.62325,0.16212189,418.70346,0.49759,0.0,2023-02-09 06:15:52.389000448,VNM,Vietnam,False
2023-02-09,14.752902,107.95301,34.652306,0.21346177,416.94598,0.5497937,0.0,2023-02-09 06:15:52.641986304,VNM,Vietnam,False
2023-02-09,14.744447,107.95799,34.64782,0.115942635,418.9938,0.5071563,0.0,2023-02-09 06:15:52.669022976,VNM,Vietnam,False
2023-02-09,14.735929,107.96291,34.643246,0.08303312,420.20355,0.5058651,0.0,2023-02-09 06:15:52.696019456,VNM,Vietnam,False
2023-02-09,14.727371,107.96776,34.6386,0.16173358,420.3646,0.4700522,0.0,2023-02-09 06:15:52.723015680,VNM,Vietnam,False
2023-02-09,14.718769,107.97252,34.633877,0.26650167,419.85727,0.46572766,0.0,2023-02-09 06:15:52.749006592,VNM,Vietnam,False
2023-02-09,14.74751,107.96323,34.653957,0.16130346,418.70956,0.5130109,0.0,2023-02-09 06:15:53.056025600,VNM,Vietnam,False
2023-02-09,14.818393,107.92843,34.69613,0.5457091,417.84277,0.52134085,0.0,2023-02-09 06:15:53.228022016,VNM,Vietnam,False
2023-02-09,14.810046,107.93365,34.691837,0.43398526,419.38464,0.5204257,0.0,2023-02-09 06:15:53.255018752,VNM,Vietnam,False
2023-02-09,14.801619,107.93882,34.687454,0.32273027,417.7156,0.5293405,0.0,2023-02-09 06:15:53.282014976,VNM,Vietnam,False
2023-02-09,14.793183,107.94392,34.68303,0.21392605,417.33127,0.518731,0.0,2023-02-09 06:15:53.309011456,VNM,Vietnam,False
2023-02-09,14.759073,107.963455,34.664608,0.2654373,414.02124,0.5368721,0.0,2023-02-09 06:15:53.415991296,VNM,Vietnam,False
2023-02-09,14.821768,107.93426,34.702827,0.32317597,418.23672,0.50457305,0.0,2023-02-09 06:15:53.615024640,VNM,Vietnam,False
2023-02-09,14.813337,107.939354,34.698406,0.21430188,419.3976,0.5071308,0.0,2023-02-09 06:15:53.642021120,VNM,Vietnam,False
2023-02-09,14.80489,107.94435,34.693916,0.11618938,418.7882,0.4171143,0.0,2023-02-09 06:15:53.669017600,VNM,Vietnam,False
2023-02-09,14.796379,107.94929,34.689346,0.081466876,418.35376,0.47715402,0.0,2023-02-09 06:15:53.696013824,VNM,Vietnam,False
2023-02-09,14.787847,107.95411,34.684704,0.15990362,418.1521,0.55442023,0.0,2023-02-09 06:15:53.723010560,VNM,Vietnam,False
2023-02-09,14.833491,107.9348,34.713783,0.21467973,418.23645,0.5270396,0.0,2023-02-09 06:15:53.974990592,VNM,Vietnam,False
2023-02-09,14.825046,107.9398,34.709297,0.11634497,417.58994,0.52732027,0.0,2023-02-09 06:15:54.001987072,VNM,Vietnam,False
2023-02-09,14.81654,107.94474,34.70473,0.08096092,418.3038,0.42663485,0.0,2023-02-09 06:15:54.029023744,VNM,Vietnam,False
2023-02-09,14.799445,107.95435,34.695396,0.26413032,419.30634,0.55576414,0.0,2023-02-09 06:15:54.083016448,VNM,Vietnam,False
2023-02-09,14.8452425,107.93532,34.724754,0.11707379,416.766,0.58670664,0.0,2023-02-09 06:15:54.336002304,VNM,Vietnam,False
2023-02-09,14.83674,107.94026,34.72019,0.08114951,415.28745,0.56828386,0.0,2023-02-09 06:15:54.362999040,VNM,Vietnam,False
2023-02-09,14.882287,107.9207,34.7491,0.32495925,418.7069,0.57128394,0.0,2023-02-09 06:15:54.615019264,VNM,Vietnam,False
2023-02-09,14.8398485,107.94541,34.726315,0.26318827,417.20096,0.54110336,0.0,2023-02-09 06:15:54.748995584,VNM,Vietnam,False
2023-02-09,14.894076,107.92133,34.760162,0.21681836,417.8833,0.57558715,0.0,2023-02-09 06:15:54.975025408,VNM,Vietnam,False
2023-02-09,14.860066,107.94095,34.741795,0.26276344,420.64035,0.5718786,0.0,2023-02-09 06:15:55.083011072,VNM,Vietnam,False
2023-02-09,14.914291,107.91689,34.775673,0.21767387,419.46207,0.60301363,0.0,2023-02-09 06:15:55.309000448,VNM,Vietnam,False
2023-02-09,14.934507,107.91246,34.791195,0.21854465,419.17255,0.60520864,0.0,2023-02-09 06:15:55.642010112,VNM,Vietnam,False
2023-02-09,14.926076,107.917496,34.78672,0.12069528,418.7926,0.6040845,0.0,2023-02-09 06:15:55.669006848,VNM,Vietnam,False
2023-02-09,14.917582,107.92246,34.78216,0.083227485,418.65076,0.58694273,0.0,2023-02-09 06:15:55.696003072,VNM,Vietnam,False
2023-02-09,14.909068,107.927315,34.77753,0.15835421,417.35257,0.6392226,0.0,2023-02-09 06:15:55.722999552,VNM,Vietnam,False
2023-02-09,14.954724,107.908035,34.806725,0.2194181,416.5714,0.5964338,0.0,2023-02-09 06:15:55.975020032,VNM,Vietnam,False
2023-02-09,14.946294,107.91307,34.802246,0.1217708,418.04407,0.62976354,0.0,2023-02-09 06:15:56.002016256,VNM,Vietnam,False
2023-02-09,14.937788,107.91803,34.797672,0.08394634,417.28836,0.58442134,0.0,2023-02-09 06:15:56.029012736,VNM,Vietnam,False
2023-02-09,14.920694,107.92767,34.788315,0.26221907,418.2782,0.63196915,0.0,2023-02-09 06:15:56.083005696,VNM,Vietnam,False
2023-02-09,14.957818,107.91349,34.81298,0.08324708,417.19498,0.5771917,0.0,2023-02-09 06:15:56.362988032,VNM,Vietnam,False
2023-02-09,14.949292,107.91834,34.808334,0.1584772,418.10834,0.56540006,0.0,2023-02-09 06:15:56.389019136,VNM,Vietnam,False
2023-02-09,14.960759,107.9186,34.818935,0.2628586,418.2681,0.569558,0.0,2023-02-09 06:15:56.749024768,VNM,Vietnam,False
2023-02-09,15.292816,107.82637,35.0626,0.4299818,419.95157,0.4749188,0.0,2023-02-09 06:16:01.255015424,VNM,Vietnam,False
2023-02-09,15.284415,107.83166,35.05822,0.3193075,419.48755,0.47530213,0.0,2023-02-09 06:16:01.282011904,VNM,Vietnam,False
2023-02-09,15.275968,107.836876,35.05377,0.21172349,419.3283,0.4631852,0.0,2023-02-09 06:16:01.309008384,VNM,Vietnam,False
2023-02-09,15.267561,107.84197,35.049294,0.117540665,420.70645,0.5513303,0.0,2023-02-09 06:16:01.336004608,VNM,Vietnam,False
2023-02-09,15.321286,107.81656,35.082424,0.5415416,417.63873,0.51585066,0.0,2023-02-09 06:16:01.561994240,VNM,Vietnam,False
2023-02-09,15.3129635,107.8219,35.078133,0.43015262,419.42465,0.4896557,0.0,2023-02-09 06:16:01.588025088,VNM,Vietnam,False
2023-02-09,15.304565,107.82719,35.073753,0.31951368,421.72537,0.5252281,0.0,2023-02-09 06:16:01.615021568,VNM,Vietnam,False
2023-02-09,15.296119,107.83241,35.0693,0.21199638,421.2785,0.50390685,0.0,2023-02-09 06:16:01.642017792,VNM,Vietnam,False
2023-02-09,15.287715,107.83751,35.064827,0.11796028,420.71027,0.4654767,0.0,2023-02-09 06:16:01.669014528,VNM,Vietnam,False
2023-02-09,15.279247,107.84255,35.06027,0.092036836,420.1656,0.4655968,0.0,2023-02-09 06:16:01.696010752,VNM,Vietnam,False
2023-02-09,15.341432,107.81208,35.09796,0.54168946,420.46848,0.5277275,0.0,2023-02-09 06:16:01.895003904,VNM,Vietnam,False
2023-02-09,15.333111,107.81743,35.09367,0.4303228,420.55353,0.4897609,0.0,2023-02-09 06:16:01.920994560,VNM,Vietnam,False
2023-02-09,15.324715,107.822716,35.08929,0.31971988,420.04095,0.4666448,0.0,2023-02-09 06:16:01.947990784,VNM,Vietnam,False
2023-02-09,15.290888,107.84305,35.071167,0.16995989,418.42886,0.48505813,0.0,2023-02-09 06:16:02.056016896,VNM,Vietnam,False
2023-02-09,15.361538,107.80758,35.113457,0.5415345,418.24127,0.48802218,0.0,2023-02-09 06:16:02.228013568,VNM,Vietnam,False
2023-02-09,15.336369,107.82345,35.100323,0.21202973,420.5302,0.4729669,0.0,2023-02-09 06:16:02.309002752,VNM,Vietnam,False
2023-02-09,15.327963,107.82855,35.095844,0.11815533,421.02954,0.4374869,0.0,2023-02-09 06:16:02.335999232,VNM,Vietnam,False
2023-02-09,15.381625,107.80307,35.128937,0.5412294,418.97473,0.5019787,0.0,2023-02-09 06:16:02.561988864,VNM,Vietnam,False
2023-02-09,15.373303,107.80842,35.124638,0.42983362,419.43948,0.43537194,0.0,2023-02-09 06:16:02.588019712,VNM,Vietnam,False
2023-02-09,15.364906,107.81372,35.120255,0.31920362,419.35898,0.43108892,0.0,2023-02-09 06:16:02.615015936,VNM,Vietnam,False
2023-02-09,15.356461,107.81895,35.115803,0.21173899,420.25104,0.4910562,0.0,2023-02-09 06:16:02.642012672,VNM,Vietnam,False
2023-02-09,15.348057,107.82406,35.111324,0.11792508,419.25378,0.49541876,0.0,2023-02-09 06:16:02.669008896,VNM,Vietnam,False
2023-02-09,15.33959,107.82911,35.106762,0.09261648,420.0272,0.45040086,0.0,2023-02-09 06:16:02.696005376,VNM,Vietnam,False
2023-02-09,15.331083,107.834076,35.102127,0.17045037,419.22736,0.47417805,0.0,2023-02-09 06:16:02.723001856,VNM,Vietnam,False
2023-02-09,15.322532,107.83897,35.097416,0.27411902,419.86707,0.5288754,0.0,2023-02-09 06:16:02.748992512,VNM,Vietnam,False
2023-02-09,15.401712,107.79856,35.14442,0.5409229,418.916,0.5247542,0.0,2023-02-09 06:16:02.894998528,VNM,Vietnam,False
2023-02-09,15.393392,107.80391,35.14012,0.4295282,419.76825,0.48567772,0.0,2023-02-09 06:16:02.920988928,VNM,Vietnam,False
2023-02-09,15.384996,107.80922,35.135742,0.31890154,419.21994,0.4649479,0.0,2023-02-09 06:16:02.948025600,VNM,Vietnam,False
2023-02-09,15.376554,107.81445,35.131287,0.21144885,418.1161,0.45814008,0.0,2023-02-09 06:16:02.975022336,VNM,Vietnam,False
2023-02-09,15.368152,107.819565,35.12681,0.11769889,418.74194,0.4319328,0.0,2023-02-09 06:16:03.002018816,VNM,Vietnam,False
2023-02-09,15.359689,107.824615,35.122246,0.09268379,418.79816,0.47142664,0.0,2023-02-09 06:16:03.029015040,VNM,Vietnam,False
2023-02-09,15.351186,107.82958,35.117615,0.17063293,418.84515,0.50401276,0.0,2023-02-09 06:16:03.056011520,VNM,Vietnam,False
2023-02-09,15.342638,107.83448,35.112904,0.27429456,419.19263,0.5127363,0.0,2023-02-09 06:16:03.083007744,VNM,Vietnam,False
2023-02-09,15.42182,107.79403,35.159912,0.54089105,417.65448,0.5556149,0.0,2023-02-09 06:16:03.228008192,VNM,Vietnam,False
2023-02-09,15.413505,107.79938,35.155617,0.4295224,418.81918,0.54257476,0.0,2023-02-09 06:16:03.255004672,VNM,Vietnam,False
2023-02-09,15.405113,107.80468,35.151237,0.3189152,417.9146,0.50793666,0.0,2023-02-09 06:16:03.282000896,VNM,Vietnam,False
2023-02-09,15.396674,107.80992,35.146782,0.21146433,418.36343,0.49202168,0.0,2023-02-09 06:16:03.308997376,VNM,Vietnam,False
2023-02-09,15.388277,107.81503,35.142307,0.117650464,420.1619,0.49192995,0.0,2023-02-09 06:16:03.335993856,VNM,Vietnam,False
2023-02-09,15.379816,107.82009,35.137745,0.09246168,419.3899,0.48104408,0.0,2023-02-09 06:16:03.362990336,VNM,Vietnam,False
2023-02-09,15.371315,107.825066,35.133114,0.1704259,418.8422,0.4928911,0.0,2023-02-09 06:16:03.389021184,VNM,Vietnam,False
2023-02-09,15.362769,107.829956,35.128403,0.27411258,418.60925,0.5223122,0.0,2023-02-09 06:16:03.416017408,VNM,Vietnam,False
2023-02-09,15.441938,107.78948,35.175415,0.54099417,419.89105,0.47146773,0.0,2023-02-09 06:16:03.562023680,VNM,Vietnam,False
2023-02-09,15.416799,107.80538,35.162285,0.21151067,418.1153,0.5228712,0.0,2023-02-09 06:16:03.642007040,VNM,Vietnam,False
2023-02-09,15.391445,107.82054,35.148617,0.17022435,419.9956,0.55328333,0.0,2023-02-09 06:16:03.722996480,VNM,Vietnam,False
2023-02-09,15.3829,107.82544,35.143906,0.27393493,419.33908,0.55726916,0.0,2023-02-09 06:16:03.748986880,VNM,Vietnam,False
2023-02-09,15.436922,107.80085,35.17779,0.21155785,417.66623,0.47933668,0.0,2023-02-09 06:16:03.975016960,VNM,Vietnam,False
2023-02-09,15.403046,107.820915,35.159424,0.273618,419.2615,0.60489833,0.0,2023-02-09 06:16:04.083002624,VNM,Vietnam,False
2023-02-09,15.448716,107.80142,35.18887,0.11803391,420.20795,0.49580267,0.0,2023-02-09 06:16:04.335988480,VNM,Vietnam,False
2023-02-09,15.440266,107.80648,35.18431,0.091641076,419.53152,0.53546447,0.0,2023-02-09 06:16:04.363025152,VNM,Vietnam,False
2023-02-09,15.431775,107.81146,35.179684,0.16920625,418.3205,0.59390426,0.0,2023-02-09 06:16:04.389015552,VNM,Vietnam,False
2023-02-09,15.451966,107.806915,35.19524,0.16847421,419.86917,0.54946005,0.0,2023-02-09 06:16:04.722991104,VNM,Vietnam,False
2023-02-09,15.443433,107.81183,35.190536,0.27204964,421.1368,0.5867567,0.0,2023-02-09 06:16:04.749021696,VNM,Vietnam,False
2023-02-09,15.463607,107.80727,35.206074,0.27130497,418.6975,0.53976804,0.0,2023-02-09 06:16:05.082996992,VNM,Vietnam,False
2023-02-09,22.743952,106.12583,41.063885,0.12854375,420.58203,0.5997445,0.0,2023-02-09 06:18:05.363012608,VNM,Vietnam,False
2023-02-09,22.779715,106.10805,41.08949,0.25542647,420.4678,0.59568363,0.0,2023-02-09 06:18:05.641989120,VNM,Vietnam,False
2023-02-09,22.756245,106.12726,41.07613,0.17424676,421.25864,0.6065847,0.0,2023-02-09 06:18:05.723018752,VNM,Vietnam,False
2023-02-11,14.3182125,109.12202,32.828556,25.58266,416.10257,0.42273772,0.0,2023-02-11 06:04:06.562010112,VNM,Vietnam,False
2023-02-11,14.298396,109.133385,32.817276,25.695301,417.50952,0.4001809,0.0,2023-02-11 06:04:06.614997248,VNM,Vietnam,False
2023-02-11,14.316811,109.12891,32.831562,25.706785,416.62817,0.38664088,0.0,2023-02-11 06:04:06.948006656,VNM,Vietnam,False
2023-02-11,14.325175,109.13001,32.840042,25.776592,417.34445,0.38672,0.0,2023-02-11 06:04:07.309018624,VNM,Vietnam,False
2023-02-11,14.315173,109.135475,32.834213,25.835545,417.8191,0.39911667,0.0,2023-02-11 06:04:07.336015104,VNM,Vietnam,False
2023-02-11,14.294912,109.14618,32.822227,25.956993,417.40454,0.41093388,0.0,2023-02-11 06:04:07.389001984,VNM,Vietnam,False
2023-02-11,14.353597,109.11985,32.860065,25.730255,416.96164,0.37839988,0.0,2023-02-11 06:04:07.614991616,VNM,Vietnam,False
2023-02-11,14.333579,109.13091,32.848454,25.847618,418.09924,0.38985127,0.0,2023-02-11 06:04:07.669024768,VNM,Vietnam,False
2023-02-11,14.323452,109.136284,32.84247,25.907923,418.03506,0.37869123,0.0,2023-02-11 06:04:07.696020992,VNM,Vietnam,False
2023-02-11,14.313289,109.14159,32.836422,25.969221,418.6572,0.3786161,0.0,2023-02-11 06:04:07.723017728,VNM,Vietnam,False
2023-02-11,14.35196,109.126305,32.86265,25.859867,417.94812,0.4142738,0.0,2023-02-11 06:04:08.001994240,VNM,Vietnam,False
2023-02-11,14.3316965,109.137,32.85065,25.981443,417.94556,0.38023177,0.0,2023-02-11 06:04:08.055987200,VNM,Vietnam,False
2023-02-11,14.321479,109.142235,32.84452,26.04377,418.00607,0.39075652,0.0,2023-02-11 06:04:08.083023872,VNM,Vietnam,False
2023-02-11,14.370276,109.12166,32.876785,25.872187,418.6138,0.3900769,0.0,2023-02-11 06:04:08.336009728,VNM,Vietnam,False
2023-02-11,14.339823,109.13762,32.858685,26.056032,417.7005,0.4173562,0.0,2023-02-11 06:04:08.415993088,VNM,Vietnam,False
2023-02-11,14.423828,109.11446,32.922127,26.038221,418.85016,0.41129965,0.0,2023-02-11 06:04:09.723006720,VNM,Vietnam,False
2023-02-11,14.492551,109.08241,32.965862,25.753263,417.89444,0.40337786,0.0,2023-02-11 06:04:09.920994048,VNM,Vietnam,False
2023-02-11,14.501082,109.08365,32.974556,25.820919,418.33643,0.39356777,0.0,2023-02-11 06:04:10.282006016,VNM,Vietnam,False
2023-02-11,14.491056,109.08929,32.968754,25.879204,418.39526,0.38537282,0.0,2023-02-11 06:04:10.309002496,VNM,Vietnam,False
2023-02-11,14.582998,109.06614,33.039967,25.939785,418.00873,0.38595885,0.0,2023-02-11 06:04:11.975016448,VNM,Vietnam,False
2023-02-11,14.581552,109.072685,33.042725,26.069834,418.0415,0.4161559,0.0,2023-02-11 06:04:12.363024640,VNM,Vietnam,False
2023-02-11,14.579465,109.07869,33.04467,26.205761,417.58612,0.43865776,0.0,2023-02-11 06:04:12.749021184,VNM,Vietnam,False
2023-02-11,14.778642,109.00753,33.186012,25.873854,417.94598,0.40052146,0.0,2023-02-11 06:04:14.895016704,VNM,Vietnam,False
2023-02-11,14.748835,109.02483,33.16888,26.044937,418.33038,0.4013078,0.0,2023-02-11 06:04:14.974999808,VNM,Vietnam,False
2023-02-11,14.718627,109.041336,33.15104,26.225376,418.17474,0.44343048,0.0,2023-02-11 06:04:15.055989248,VNM,Vietnam,False
2023-02-11,14.787258,109.00887,33.19484,25.940464,419.1604,0.40112245,0.0,2023-02-11 06:04:15.255022592,VNM,Vietnam,False
2023-02-11,14.757308,109.02595,33.17747,26.114864,418.5391,0.39681157,0.0,2023-02-11 06:04:15.336011776,VNM,Vietnam,False
2023-02-11,14.74722,109.031456,33.171505,26.175102,418.29938,0.40307325,0.0,2023-02-11 06:04:15.363008512,VNM,Vietnam,False
2023-02-11,14.726799,109.042175,33.15923,26.298717,418.11493,0.4343293,0.0,2023-02-11 06:04:15.415995392,VNM,Vietnam,False
2023-02-11,14.815571,108.9985,33.214863,25.895782,419.03156,0.4271413,0.0,2023-02-11 06:04:15.562001408,VNM,Vietnam,False
2023-02-11,14.795805,109.0101,33.20355,26.00855,418.22305,0.40094772,0.0,2023-02-11 06:04:15.614988544,VNM,Vietnam,False
2023-02-11,14.785788,109.0158,33.19773,26.066904,418.162,0.3944988,0.0,2023-02-11 06:04:15.642025216,VNM,Vietnam,False
2023-02-11,14.775797,109.02137,33.191875,26.125902,418.7643,0.39908627,0.0,2023-02-11 06:04:15.669021696,VNM,Vietnam,False
2023-02-11,14.765715,109.02687,33.185913,26.186148,419.00024,0.39726308,0.0,2023-02-11 06:04:15.696017920,VNM,Vietnam,False
2023-02-11,14.814305,109.00549,33.21796,26.019598,417.54388,0.42997772,0.0,2023-02-11 06:04:15.947997952,VNM,Vietnam,False
2023-02-11,14.804301,109.01121,33.21216,26.077938,417.49176,0.44013795,0.0,2023-02-11 06:04:15.974994688,VNM,Vietnam,False
2023-02-11,14.794325,109.01679,33.206318,26.13692,418.40677,0.42423686,0.0,2023-02-11 06:04:16.001990912,VNM,Vietnam,False
2023-02-11,14.784243,109.02229,33.20035,26.197168,418.42242,0.3999803,0.0,2023-02-11 06:04:16.028987392,VNM,Vietnam,False
2023-02-11,14.76387,109.03304,33.188118,26.320753,418.0862,0.41272888,0.0,2023-02-11 06:04:16.083020800,VNM,Vietnam,False
2023-02-23,9.336546,106.02097,27.278242,0.510583,421.60138,0.67527986,0.0,2023-02-23 06:26:58.895021056,VNM,Vietnam,False
2023-02-23,9.356679,106.0166,27.290228,0.5105266,419.617,0.61065763,0.0,2023-02-23 06:26:59.227990528,VNM,Vietnam,False
2023-02-23,9.337909,106.02191,27.280993,0.28531855,420.98093,0.6603122,0.0,2023-02-23 06:26:59.282023680,VNM,Vietnam,False
2023-02-23,9.339212,106.0225,27.28346,0.07381075,420.30176,0.62710494,0.0,2023-02-23 06:26:59.668985856,VNM,Vietnam,False
2023-02-23,9.340474,106.02279,27.28568,0.18139882,420.48227,0.64422727,0.0,2023-02-23 06:27:00.055988224,VNM,Vietnam,False
2023-02-23,9.331004,106.025,27.280699,0.29192752,420.88904,0.6250981,0.0,2023-02-23 06:27:00.083024896,VNM,Vietnam,False
2023-02-23,9.398273,106.00872,27.316883,0.28487465,420.95395,0.5420742,0.0,2023-02-23 06:27:00.282018304,VNM,Vietnam,False
2023-02-23,9.388829,106.01128,27.31215,0.17375124,421.0489,0.63359,0.0,2023-02-23 06:27:00.309014528,VNM,Vietnam,False
2023-02-23,9.360586,106.01841,27.297642,0.1815713,419.97876,0.59331816,0.0,2023-02-23 06:27:00.388998144,VNM,Vietnam,False
2023-02-23,10.585902,105.74866,28.038319,0.5204434,418.23376,0.55522287,0.0,2023-02-23 06:27:19.562018048,VNM,Vietnam,False
2023-02-23,10.596894,105.74747,28.046482,0.40893948,418.99408,0.55626357,0.0,2023-02-23 06:27:19.921018624,VNM,Vietnam,False
2023-02-23,10.598483,105.749146,28.04986,0.18804607,418.46924,0.54062927,0.0,2023-02-23 06:27:20.309026816,VNM,Vietnam,False
2023-02-23,10.637332,105.738884,28.071815,0.41033247,420.9966,0.5767499,0.0,2023-02-23 06:27:20.588003328,VNM,Vietnam,True
2023-02-23,10.628035,105.74191,28.06721,0.29853663,421.0081,0.57870084,0.0,2023-02-23 06:27:20.614999808,VNM,Vietnam,True
2023-02-23,10.590783,105.75316,28.048187,0.17563221,417.70505,0.5189637,0.0,2023-02-23 06:27:20.723025920,VNM,Vietnam,False
2023-02-23,10.648253,105.73762,28.079885,0.2993057,420.67645,0.58019197,0.0,2023-02-23 06:27:20.948009472,VNM,Vietnam,True
2023-02-23,10.638925,105.74058,28.075207,0.18988456,420.67047,0.5726643,0.0,2023-02-23 06:27:20.975005952,VNM,Vietnam,False
2023-02-23,10.659154,105.73629,28.087896,0.1908874,420.26523,0.5725408,0.0,2023-02-23 06:27:21.309021440,VNM,Vietnam,False
2023-02-23,10.65148,105.74036,28.08626,0.17551552,420.82394,0.5925402,0.0,2023-02-23 06:27:21.723020288,VNM,Vietnam,False
2023-02-23,10.828329,105.69651,28.190214,0.5274283,421.2089,0.57801044,0.0,2023-02-23 06:27:23.561996544,VNM,Vietnam,True
2023-02-23,10.800501,105.70571,28.176397,0.19495341,421.28284,0.60731757,0.0,2023-02-23 06:27:23.642020352,VNM,Vietnam,False
2023-02-23,10.829975,105.698296,28.193705,0.30417132,421.07642,0.57318753,0.0,2023-02-23 06:27:23.947993344,VNM,Vietnam,False
2023-02-23,10.820657,105.7013,28.18902,0.19513702,420.9455,0.5600608,0.0,2023-02-23 06:27:23.974989568,VNM,Vietnam,False
2023-02-23,10.840814,105.69697,28.201704,0.1954026,421.39578,0.58620274,0.0,2023-02-23 06:27:24.309005312,VNM,Vietnam,False
2023-02-23,10.831561,105.699875,28.197004,0.09933002,420.7986,0.5732093,0.0,2023-02-23 06:27:24.336001536,VNM,Vietnam,False
2023-02-23,10.812933,105.70546,28.187366,0.17409979,420.94238,0.57667375,0.0,2023-02-23 06:27:24.388988416,VNM,Vietnam,False
2023-02-23,10.803577,105.70813,28.18244,0.2811735,420.29807,0.5906376,0.0,2023-02-23 06:27:24.416025088,VNM,Vietnam,False
2023-02-23,10.888783,105.683365,28.2282,0.52783495,421.7269,0.5820947,0.0,2023-02-23 06:27:24.561991168,VNM,Vietnam,True
2023-02-23,10.860971,105.69264,28.214401,0.19568077,421.06635,0.5818909,0.0,2023-02-23 06:27:24.642014720,VNM,Vietnam,False
2023-02-23,10.84242,105.698395,28.20492,0.08543673,420.97916,0.57843566,0.0,2023-02-23 06:27:24.696007680,VNM,Vietnam,True
2023-02-23,10.833096,105.70115,28.200068,0.17443378,421.79184,0.6024612,0.0,2023-02-23 06:27:24.723004160,VNM,Vietnam,False
2023-02-23,10.823742,105.70383,28.19514,0.281381,420.99365,0.5976237,0.0,2023-02-23 06:27:24.748994816,VNM,Vietnam,True
2023-02-23,10.890442,105.68529,28.231787,0.30468708,422.28824,0.594416,0.0,2023-02-23 06:27:24.947987712,VNM,Vietnam,False
2023-02-23,10.87188,105.69123,28.22241,0.10046926,421.36435,0.5803612,0.0,2023-02-23 06:27:25.002020864,VNM,Vietnam,False
2023-02-23,10.853272,105.696846,28.212788,0.17468452,422.09332,0.57973176,0.0,2023-02-23 06:27:25.056013824,VNM,Vietnam,False
2023-02-23,10.843927,105.69953,28.207869,0.28142872,421.4215,0.62572926,0.0,2023-02-23 06:27:25.083010304,VNM,Vietnam,True
2023-02-23,10.90137,105.684006,28.239895,0.19708696,422.48846,0.5933439,0.0,2023-02-23 06:27:25.308999680,VNM,Vietnam,False
2023-02-23,10.864183,105.695244,28.220663,0.2809353,421.23508,0.6077838,0.0,2023-02-23 06:27:25.416019968,VNM,Vietnam,True
2023-02-23,10.9247875,105.68233,28.258942,0.28061208,423.12387,0.7009852,0.0,2023-02-23 06:27:26.416014336,VNM,Vietnam,False
2023-02-25,10.566954,107.01916,26.3887,20.780376,419.4015,0.58838624,0.0,2023-02-25 06:15:24.669014016,VNM,Vietnam,False
2023-02-25,10.546212,107.02498,26.377329,20.900515,421.39148,0.56657463,0.0,2023-02-25 06:15:24.723006720,VNM,Vietnam,False
2023-02-25,10.575313,107.01774,26.394947,20.84849,418.56357,0.5992336,0.0,2023-02-25 06:15:25.029020160,VNM,Vietnam,False
2023-02-25,10.573194,107.01903,26.39529,20.979448,419.0537,0.60870767,0.0,2023-02-25 06:15:25.416022528,VNM,Vietnam,False
2023-02-25,10.832018,106.95281,26.552816,20.66571,420.43524,0.55924344,0.0,2023-02-25 06:15:28.562012160,VNM,Vietnam,False
2023-02-25,10.869182,106.94392,26.57655,20.6855,421.3014,0.50533396,0.0,2023-02-25 06:15:29.227991296,VNM,Vietnam,False
2023-02-25,10.887703,106.939415,26.58835,20.695469,421.08682,0.5352959,0.0,2023-02-25 06:15:29.562007040,VNM,Vietnam,False
2023-02-25,10.877522,106.94282,26.583042,20.750116,420.81146,0.50919753,0.0,2023-02-25 06:15:29.587997440,VNM,Vietnam,False
2023-02-25,10.906273,106.9349,26.600183,20.70477,420.77377,0.55294913,0.0,2023-02-25 06:15:29.895016704,VNM,Vietnam,False
2023-02-25,10.896155,106.93836,26.594955,20.759277,420.91733,0.53136957,0.0,2023-02-25 06:15:29.921007104,VNM,Vietnam,False
2023-02-25,10.885882,106.94169,26.589527,20.815378,421.6046,0.5016514,0.0,2023-02-25 06:15:29.948003584,VNM,Vietnam,False
2023-02-25,10.875583,106.94496,26.584045,20.872793,420.58282,0.51794463,0.0,2023-02-25 06:15:29.974999808,VNM,Vietnam,False
2023-02-25,10.865326,106.94811,26.578516,20.93096,419.37344,0.5994312,0.0,2023-02-25 06:15:30.001996544,VNM,Vietnam,False
2023-02-25,10.9045,106.93722,26.601423,20.824516,419.78156,0.59536403,0.0,2023-02-25 06:15:30.282019072,VNM,Vietnam,False
2023-02-25,10.883972,106.94368,26.59045,20.940058,420.78055,0.57277507,0.0,2023-02-25 06:15:30.336011776,VNM,Vietnam,False
2023-02-25,10.873643,106.94675,26.584816,20.999561,420.68442,0.52703846,0.0,2023-02-25 06:15:30.363008512,VNM,Vietnam,False
2023-02-25,10.94371,106.92612,26.624264,20.722761,419.22696,0.5086846,0.0,2023-02-25 06:15:30.562001408,VNM,Vietnam,False
2023-02-25,10.902561,106.93922,26.60233,20.94935,420.28506,0.5663652,0.0,2023-02-25 06:15:30.669021696,VNM,Vietnam,False
2023-02-25,10.892261,106.94233,26.596739,21.008867,421.1874,0.53738797,0.0,2023-02-25 06:15:30.696017920,VNM,Vietnam,False
2023-02-25,10.881849,106.94528,26.590967,21.069586,420.7658,0.5715386,0.0,2023-02-25 06:15:30.723014400,VNM,Vietnam,False
2023-02-25,10.962278,106.92171,26.636187,20.732502,419.49542,0.49592775,0.0,2023-02-25 06:15:30.895011072,VNM,Vietnam,False
2023-02-25,10.952095,106.92513,26.63087,20.787155,419.31604,0.558645,0.0,2023-02-25 06:15:30.921001728,VNM,Vietnam,False
2023-02-25,10.900395,106.9409,26.602863,21.079454,420.61105,0.52427757,0.0,2023-02-25 06:15:31.056024064,VNM,Vietnam,False
2023-02-25,10.889968,106.9438,26.59704,21.141254,421.0787,0.5848286,0.0,2023-02-25 06:15:31.083020800,VNM,Vietnam,False
2023-02-25,10.980684,106.91715,26.647905,20.742537,419.79166,0.48257726,0.0,2023-02-25 06:15:31.228020736,VNM,Vietnam,False
2023-02-25,10.970577,106.92066,26.642693,20.797089,419.79498,0.49345902,0.0,2023-02-25 06:15:31.255017216,VNM,Vietnam,False
2023-02-25,10.960314,106.924034,26.63728,20.853235,419.25378,0.48472258,0.0,2023-02-25 06:15:31.282013696,VNM,Vietnam,False
2023-02-25,10.9499855,106.92731,26.63176,20.910748,419.83597,0.59419256,0.0,2023-02-25 06:15:31.309009920,VNM,Vietnam,False
2023-02-25,10.939661,106.93043,26.626143,20.96906,415.97784,0.46144205,0.0,2023-02-25 06:15:31.336006656,VNM,Vietnam,False
2023-02-25,10.999193,106.912704,26.659775,20.752424,419.82135,0.49778208,0.0,2023-02-25 06:15:31.561996032,VNM,Vietnam,False
2023-02-25,10.988999,106.91613,26.654444,20.807096,419.64597,0.5173753,0.0,2023-02-25 06:15:31.587986688,VNM,Vietnam,False
2023-02-25,10.978748,106.919525,26.649046,20.863214,419.37292,0.4856452,0.0,2023-02-25 06:15:31.615023360,VNM,Vietnam,False
2023-02-25,10.968524,106.9229,26.643663,20.920555,419.07138,0.4873258,0.0,2023-02-25 06:15:31.642019840,VNM,Vietnam,False
2023-02-25,10.958271,106.92609,26.63814,20.978743,418.90393,0.5026115,0.0,2023-02-25 06:15:31.669016064,VNM,Vietnam,False
2023-02-25,10.947893,106.929146,26.632442,21.038334,419.95837,0.48818883,0.0,2023-02-25 06:15:31.696012544,VNM,Vietnam,False
2023-02-25,11.00757,106.911736,26.666395,20.816484,419.18173,0.553073,0.0,2023-02-25 06:15:31.920996096,VNM,Vietnam,False
2023-02-25,10.997312,106.915115,26.660984,20.872597,419.65723,0.48596916,0.0,2023-02-25 06:15:31.947992832,VNM,Vietnam,False
2023-02-25,10.986972,106.918396,26.655447,20.930094,419.835,0.48741668,0.0,2023-02-25 06:15:31.974989056,VNM,Vietnam,False
2023-02-25,10.976729,106.9216,26.649937,20.988268,419.1514,0.47997025,0.0,2023-02-25 06:15:32.002025728,VNM,Vietnam,False
2023-02-25,10.96652,106.92482,26.644463,21.047638,418.8014,0.479231,0.0,2023-02-25 06:15:32.029022208,VNM,Vietnam,False
2023-02-25,10.956139,106.927826,26.638725,21.10829,419.05966,0.50343454,0.0,2023-02-25 06:15:32.056018944,VNM,Vietnam,False
2023-02-25,10.945643,106.93069,26.63281,21.17015,418.63965,0.51872706,0.0,2023-02-25 06:15:32.083015168,VNM,Vietnam,False
2023-02-25,11.005547,106.91402,26.667408,20.939453,419.2397,0.5117145,0.0,2023-02-25 06:15:32.309004800,VNM,Vietnam,False
2023-02-25,10.995289,106.917206,26.661877,20.99765,419.78256,0.49204862,0.0,2023-02-25 06:15:32.336001280,VNM,Vietnam,False
2023-02-25,10.984934,106.9203,26.65621,21.057217,419.13095,0.5017495,0.0,2023-02-25 06:15:32.362997504,VNM,Vietnam,False
2023-02-25,10.974592,106.92335,26.650524,21.117819,419.46292,0.51645464,0.0,2023-02-25 06:15:32.388987904,VNM,Vietnam,False
2023-02-25,10.964301,106.9264,26.644878,21.17941,418.97086,0.52998316,0.0,2023-02-25 06:15:32.416024576,VNM,Vietnam,False
2023-02-25,11.024117,106.90962,26.679373,20.948805,417.5109,0.55948013,0.0,2023-02-25 06:15:32.642014208,VNM,Vietnam,False
2023-02-25,11.01385,106.91282,26.673828,21.007013,418.51044,0.5302287,0.0,2023-02-25 06:15:32.669010688,VNM,Vietnam,False
2023-02-25,11.003519,106.91594,26.66819,21.066547,419.30515,0.50100213,0.0,2023-02-25 06:15:32.696007168,VNM,Vietnam,False
2023-02-25,10.993139,106.91895,26.66245,21.127197,419.94357,0.5360132,0.0,2023-02-25 06:15:32.723003648,VNM,Vietnam,False
2023-02-25,10.98273,106.921906,26.656649,21.188944,419.89114,0.5599197,0.0,2023-02-25 06:15:32.748994304,VNM,Vietnam,False
2023-02-25,11.05304,106.90195,26.696898,20.900585,419.57474,0.57423335,0.0,2023-02-25 06:15:32.948027648,VNM,Vietnam,False
2023-02-25,11.022112,106.91157,26.680183,21.075825,418.3175,0.57262844,0.0,2023-02-25 06:15:33.029017088,VNM,Vietnam,False
2023-02-25,11.011727,106.91459,26.674437,21.136484,419.46994,0.5659233,0.0,2023-02-25 06:15:33.056013312,VNM,Vietnam,False
2023-02-25,11.0013075,106.917534,26.66862,21.198248,419.97366,0.5359998,0.0,2023-02-25 06:15:33.083009792,VNM,Vietnam,False
2023-02-25,11.05104,106.90408,26.69783,21.025549,419.12308,0.58187133,0.0,2023-02-25 06:15:33.335995648,VNM,Vietnam,False
2023-02-25,11.0198965,106.91318,26.680614,21.20753,419.4556,0.5443087,0.0,2023-02-25 06:15:33.416019456,VNM,Vietnam,False
2023-02-25,11.129435,106.88202,26.74389,20.817343,420.06863,0.59848773,0.0,2023-02-25 06:15:33.894994688,VNM,Vietnam,False
2023-02-25,11.148017,106.87756,26.75587,20.826609,419.74927,0.54320824,0.0,2023-02-25 06:15:34.228004352,VNM,Vietnam,False
2023-02-25,11.137867,106.881065,26.750582,20.881214,421.0874,0.570698,0.0,2023-02-25 06:15:34.255001088,VNM,Vietnam,False
2023-02-25,11.166685,106.873184,26.767975,20.83575,420.43176,0.53981835,0.0,2023-02-25 06:15:34.562020096,VNM,Vietnam,False
2023-02-25,11.156521,106.876686,26.762667,20.890377,419.9542,0.46880373,0.0,2023-02-25 06:15:34.588010496,VNM,Vietnam,False
2023-02-25,11.146191,106.88004,26.757145,20.946571,420.46738,0.53424126,0.0,2023-02-25 06:15:34.615006976,VNM,Vietnam,False
2023-02-25,11.135922,106.88343,26.751692,21.003902,420.57224,0.58675635,0.0,2023-02-25 06:15:34.642003456,VNM,Vietnam,False
2023-02-25,11.185265,106.8688,26.780016,20.844032,419.79468,0.5196542,0.0,2023-02-25 06:15:34.894989568,VNM,Vietnam,False
2023-02-25,11.175155,106.87236,26.774782,20.898502,420.14432,0.5412034,0.0,2023-02-25 06:15:34.921020160,VNM,Vietnam,False
2023-02-25,11.164924,106.87582,26.769396,20.954514,420.2533,0.47332323,0.0,2023-02-25 06:15:34.948016640,VNM,Vietnam,False
2023-02-25,11.154638,106.879196,26.763918,21.011873,419.7693,0.4632014,0.0,2023-02-25 06:15:34.975013376,VNM,Vietnam,False
2023-02-25,11.144275,106.88235,26.758236,21.07014,420.68732,0.6069335,0.0,2023-02-25 06:15:35.002009600,VNM,Vietnam,False
2023-02-25,11.203943,106.86452,26.792204,20.852028,419.06766,0.5280787,0.0,2023-02-25 06:15:35.227999232,VNM,Vietnam,False
2023-02-25,11.1938,106.86805,26.786924,20.90655,419.186,0.49568775,0.0,2023-02-25 06:15:35.254995712,VNM,Vietnam,False
2023-02-25,11.183526,106.871475,26.781479,20.962624,419.2093,0.48229128,0.0,2023-02-25 06:15:35.281991936,VNM,Vietnam,False
2023-02-25,11.173259,106.87488,26.776026,21.019962,420.4931,0.5570167,0.0,2023-02-25 06:15:35.308988416,VNM,Vietnam,False
2023-02-25,11.152736,106.88135,26.764923,21.137474,420.20288,0.47505227,0.0,2023-02-25 06:15:35.363021312,VNM,Vietnam,False
2023-02-25,11.142295,106.88436,26.759096,21.19814,419.93167,0.5546547,0.0,2023-02-25 06:15:35.389012224,VNM,Vietnam,False
2023-02-25,11.222733,106.86034,26.804552,20.859865,419.6289,0.5374142,0.0,2023-02-25 06:15:35.562014464,VNM,Vietnam,False
2023-02-25,11.212497,106.86379,26.799145,20.914518,419.60745,0.5406619,0.0,2023-02-25 06:15:35.588005120,VNM,Vietnam,False
2023-02-25,11.202206,106.8672,26.793673,20.97065,419.22858,0.52724797,0.0,2023-02-25 06:15:35.615001600,VNM,Vietnam,False
2023-02-25,11.191883,106.87055,26.78814,21.028145,419.12604,0.48541272,0.0,2023-02-25 06:15:35.641998080,VNM,Vietnam,False
2023-02-25,11.181666,106.87384,26.782646,21.086302,419.1708,0.51115876,0.0,2023-02-25 06:15:35.668994304,VNM,Vietnam,False
2023-02-25,11.171354,106.877014,26.77702,21.145823,419.75827,0.55568576,0.0,2023-02-25 06:15:35.695991040,VNM,Vietnam,False
2023-02-25,11.241295,106.85588,26.816557,20.868818,419.3675,0.5320969,0.0,2023-02-25 06:15:35.895024384,VNM,Vietnam,False
2023-02-25,11.231151,106.85942,26.811268,20.923426,419.95563,0.49403507,0.0,2023-02-25 06:15:35.921014784,VNM,Vietnam,False
2023-02-25,11.220944,106.862915,26.805906,20.979494,419.7811,0.4886543,0.0,2023-02-25 06:15:35.948011520,VNM,Vietnam,False
2023-02-25,11.21052,106.86617,26.800234,21.037128,419.51392,0.54346794,0.0,2023-02-25 06:15:35.975007744,VNM,Vietnam,False
2023-02-25,11.200277,106.86944,26.794706,21.095324,418.959,0.5009129,0.0,2023-02-25 06:15:36.002004224,VNM,Vietnam,False
2023-02-25,11.18993,106.8726,26.78903,21.154892,419.47986,0.5122642,0.0,2023-02-25 06:15:36.029000448,VNM,Vietnam,False
2023-02-25,11.179598,106.87571,26.78334,21.215492,419.42743,0.5300725,0.0,2023-02-25 06:15:36.055996928,VNM,Vietnam,False
2023-02-25,11.16921,106.87873,26.777552,21.277222,419.49896,0.5271445,0.0,2023-02-25 06:15:36.082993408,VNM,Vietnam,False
2023-02-25,11.259937,106.851494,26.828672,20.877779,419.51907,0.53838605,0.0,2023-02-25 06:15:36.227993600,VNM,Vietnam,False
2023-02-25,11.249707,106.85496,26.823267,20.932505,418.80902,0.51613986,0.0,2023-02-25 06:15:36.254990080,VNM,Vietnam,False
2023-02-25,11.239485,106.858444,26.817883,20.988598,419.75446,0.5459014,0.0,2023-02-25 06:15:36.282026752,VNM,Vietnam,False
2023-02-25,11.229235,106.86187,26.812443,21.046001,419.79767,0.47472745,0.0,2023-02-25 06:15:36.309023232,VNM,Vietnam,False
2023-02-25,11.218994,106.865135,26.806913,21.104197,419.0936,0.48349085,0.0,2023-02-25 06:15:36.336019456,VNM,Vietnam,False
2023-02-25,11.20856,106.868225,26.80112,21.163883,419.31955,0.5262218,0.0,2023-02-25 06:15:36.363016192,VNM,Vietnam,False
2023-02-25,11.198201,106.871315,26.795397,21.22452,419.44818,0.54161024,0.0,2023-02-25 06:15:36.389006592,VNM,Vietnam,False
2023-02-25,11.187782,106.87431,26.789566,21.28629,418.8895,0.5613522,0.0,2023-02-25 06:15:36.416003328,VNM,Vietnam,False
2023-02-25,11.278588,106.847115,26.840807,20.88672,419.12363,0.5230731,0.0,2023-02-25 06:15:36.562009088,VNM,Vietnam,False
2023-02-25,11.268412,106.85063,26.83547,20.941378,420.01288,0.59583074,0.0,2023-02-25 06:15:36.587999744,VNM,Vietnam,False
2023-02-25,11.258078,106.85402,26.829937,20.99761,419.47934,0.5357108,0.0,2023-02-25 06:15:36.614996224,VNM,Vietnam,False
2023-02-25,11.247811,106.857445,26.824478,21.055002,418.9652,0.5281346,0.0,2023-02-25 06:15:36.641992448,VNM,Vietnam,False
2023-02-25,11.237555,106.86071,26.81893,21.113186,419.3076,0.5387346,0.0,2023-02-25 06:15:36.668989184,VNM,Vietnam,False
2023-02-25,11.227316,106.863976,26.813398,21.17258,418.8786,0.48274854,0.0,2023-02-25 06:15:36.696025856,VNM,Vietnam,False
2023-02-25,11.216879,106.86701,26.807571,21.233288,419.3531,0.54120713,0.0,2023-02-25 06:15:36.723022336,VNM,Vietnam,False
2023-02-25,11.206431,106.869995,26.801704,21.295067,419.31772,0.56650776,0.0,2023-02-25 06:15:36.749012736,VNM,Vietnam,False
2023-02-25,11.297239,106.84278,26.852982,20.89527,420.48315,0.57183635,0.0,2023-02-25 06:15:36.895018752,VNM,Vietnam,False
2023-02-25,11.287065,106.84631,26.84765,20.949894,418.75134,0.50168324,0.0,2023-02-25 06:15:36.921009664,VNM,Vietnam,False
2023-02-25,11.276811,106.849785,26.842222,21.006002,419.15524,0.51438886,0.0,2023-02-25 06:15:36.948005888,VNM,Vietnam,False
2023-02-25,11.266467,106.85314,26.836658,21.063503,419.6884,0.5416487,0.0,2023-02-25 06:15:36.975002368,VNM,Vietnam,False
2023-02-25,11.256185,106.85639,26.831076,21.121725,419.0684,0.5080324,0.0,2023-02-25 06:15:37.001998592,VNM,Vietnam,False
2023-02-25,11.245885,106.859604,26.825462,21.181206,419.4303,0.5402024,0.0,2023-02-25 06:15:37.028995072,VNM,Vietnam,False
2023-02-25,11.235524,106.86272,26.819735,21.241816,419.55746,0.55734557,0.0,2023-02-25 06:15:37.055991552,VNM,Vietnam,False
2023-02-25,11.225199,106.86581,26.814026,21.303436,419.40533,0.56337976,0.0,2023-02-25 06:15:37.082988032,VNM,Vietnam,False
2023-02-25,11.30571,106.84199,26.859829,20.958391,419.85892,0.545183,0.0,2023-02-25 06:15:37.255024896,VNM,Vietnam,False
2023-02-25,11.295457,106.84547,26.8544,21.014502,419.89227,0.5526859,0.0,2023-02-25 06:15:37.282021376,VNM,Vietnam,False
2023-02-25,11.28515,106.84886,26.848885,21.07196,419.18423,0.5036191,0.0,2023-02-25 06:15:37.309017600,VNM,Vietnam,False
2023-02-25,11.274903,106.85215,26.843348,21.130138,419.60544,0.5234397,0.0,2023-02-25 06:15:37.336014336,VNM,Vietnam,False
2023-02-25,11.264543,106.855316,26.837652,21.189705,419.24588,0.54247797,0.0,2023-02-25 06:15:37.363010560,VNM,Vietnam,False
2023-02-25,11.254107,106.85837,26.831825,21.250418,419.34836,0.5306689,0.0,2023-02-25 06:15:37.389001472,VNM,Vietnam,False
2023-02-25,11.243759,106.86145,26.826086,21.31207,419.145,0.58122075,0.0,2023-02-25 06:15:37.415997696,VNM,Vietnam,False
2023-02-25,11.334537,106.83414,26.877357,20.912233,419.43625,0.5695413,0.0,2023-02-25 06:15:37.562003712,VNM,Vietnam,False
2023-02-25,11.324372,106.837685,26.872038,20.966856,420.33176,0.5635493,0.0,2023-02-25 06:15:37.587994368,VNM,Vietnam,False
2023-02-25,11.314124,106.84117,26.866615,21.023027,419.82016,0.5427415,0.0,2023-02-25 06:15:37.614990592,VNM,Vietnam,False
2023-02-25,11.303796,106.84454,26.861065,21.080683,420.3799,0.5624025,0.0,2023-02-25 06:15:37.641987328,VNM,Vietnam,False
2023-02-25,11.29351,106.8478,26.855473,21.139084,419.41922,0.53417593,0.0,2023-02-25 06:15:37.669024000,VNM,Vietnam,False
2023-02-25,11.283181,106.851,26.849815,21.198776,419.3473,0.4925115,0.0,2023-02-25 06:15:37.696020480,VNM,Vietnam,False
2023-02-25,11.272814,106.85411,26.844074,21.259565,420.31744,0.5561637,0.0,2023-02-25 06:15:37.723016704,VNM,Vietnam,False
2023-02-25,11.262382,106.85712,26.83822,21.321495,419.11032,0.57911307,0.0,2023-02-25 06:15:37.749007104,VNM,Vietnam,False
2023-02-25,11.353044,106.82964,26.889343,20.922678,419.8095,0.5472533,0.0,2023-02-25 06:15:37.895013376,VNM,Vietnam,False
2023-02-25,11.34291,106.83323,26.884062,20.977423,419.67917,0.55913067,0.0,2023-02-25 06:15:37.921004032,VNM,Vietnam,False
2023-02-25,11.332576,106.83664,26.878521,21.033815,420.00168,0.5844574,0.0,2023-02-25 06:15:37.948000512,VNM,Vietnam,False
2023-02-25,11.322239,106.84001,26.87296,21.091482,419.73514,0.52986246,0.0,2023-02-25 06:15:37.974996736,VNM,Vietnam,False
2023-02-25,11.311998,106.843315,26.867426,21.149824,419.86255,0.54792976,0.0,2023-02-25 06:15:38.001993216,VNM,Vietnam,False
2023-02-25,11.3016615,106.84651,26.861757,21.209528,420.0265,0.55820996,0.0,2023-02-25 06:15:38.028989696,VNM,Vietnam,False
2023-02-25,11.291259,106.849594,26.855968,21.270365,419.37048,0.50644666,0.0,2023-02-25 06:15:38.056026368,VNM,Vietnam,False
2023-02-25,11.280863,106.85264,26.850163,21.332247,419.4696,0.5613158,0.0,2023-02-25 06:15:38.083022848,VNM,Vietnam,False
2023-02-25,11.371545,106.82515,26.901329,20.933384,419.28818,0.53793466,0.0,2023-02-25 06:15:38.228023040,VNM,Vietnam,False
2023-02-25,11.361369,106.8287,26.895988,20.98819,420.10596,0.535191,0.0,2023-02-25 06:15:38.255019520,VNM,Vietnam,False
2023-02-25,11.351089,106.83216,26.890518,21.044512,420.0692,0.54241717,0.0,2023-02-25 06:15:38.282015744,VNM,Vietnam,False
2023-02-25,11.340788,106.83557,26.885002,21.102133,420.5717,0.55453175,0.0,2023-02-25 06:15:38.309012480,VNM,Vietnam,False
2023-02-25,11.330478,106.83881,26.879375,21.160568,419.89783,0.5606496,0.0,2023-02-25 06:15:38.336008704,VNM,Vietnam,False
2023-02-25,11.320124,106.842,26.873682,21.220295,419.83588,0.5593527,0.0,2023-02-25 06:15:38.363005184,VNM,Vietnam,False
2023-02-25,11.299354,106.848175,26.862122,21.342978,419.24728,0.60313815,0.0,2023-02-25 06:15:38.415992320,VNM,Vietnam,False
2023-02-25,11.37982,106.82416,26.907911,20.998959,419.10245,0.48473015,0.0,2023-02-25 06:15:38.587988736,VNM,Vietnam,False
2023-02-25,11.36957,106.82765,26.90248,21.055214,419.55743,0.5148659,0.0,2023-02-25 06:15:38.615025408,VNM,Vietnam,False
2023-02-25,11.359277,106.831085,26.896975,21.11275,419.82767,0.5474058,0.0,2023-02-25 06:15:38.642022144,VNM,Vietnam,False
2023-02-25,11.349019,106.83438,26.891415,21.171038,419.59967,0.56088173,0.0,2023-02-25 06:15:38.669018624,VNM,Vietnam,False
2023-02-25,11.338638,106.83755,26.885685,21.230724,419.90765,0.5665829,0.0,2023-02-25 06:15:38.696014848,VNM,Vietnam,False
2023-02-25,11.328289,106.84069,26.879965,21.291416,420.57315,0.57758415,0.0,2023-02-25 06:15:38.723011328,VNM,Vietnam,False
2023-02-25,11.317866,106.84373,26.87412,21.353258,420.5297,0.60211456,0.0,2023-02-25 06:15:38.749001984,VNM,Vietnam,False
2023-02-25,11.408525,106.81613,26.92529,20.953972,419.9419,0.51890695,0.0,2023-02-25 06:15:38.895008000,VNM,Vietnam,False
2023-02-25,11.398385,106.819725,26.919992,21.008657,418.27747,0.560765,0.0,2023-02-25 06:15:38.920998656,VNM,Vietnam,False
2023-02-25,11.367557,106.82993,26.903456,21.180733,419.46793,0.53819335,0.0,2023-02-25 06:15:39.001987840,VNM,Vietnam,False
2023-02-25,11.357247,106.833176,26.89782,21.240328,419.67633,0.55467606,0.0,2023-02-25 06:15:39.029024512,VNM,Vietnam,False
2023-02-25,11.346908,106.83633,26.89211,21.301008,419.21115,0.5565736,0.0,2023-02-25 06:15:39.056020992,VNM,Vietnam,False
2023-02-25,11.336458,106.83935,26.88623,21.362886,420.03192,0.5717689,0.0,2023-02-25 06:15:39.083017472,VNM,Vietnam,False
2023-02-25,11.416972,106.81531,26.932112,21.01827,420.00717,0.5827086,0.0,2023-02-25 06:15:39.255013888,VNM,Vietnam,False
2023-02-25,11.396446,106.822266,26.921192,21.132,419.20142,0.5538222,0.0,2023-02-25 06:15:39.309006848,VNM,Vietnam,False
2023-02-25,11.386128,106.82552,26.91555,21.190374,418.7115,0.45333475,0.0,2023-02-25 06:15:39.336003328,VNM,Vietnam,False
2023-02-25,11.375811,106.82876,26.909903,21.24998,419.9786,0.4836483,0.0,2023-02-25 06:15:39.362999808,VNM,Vietnam,False
2023-02-25,11.365445,106.8319,26.904158,21.310698,420.40036,0.59017694,0.0,2023-02-25 06:15:39.388990464,VNM,Vietnam,False
2023-02-25,11.35506,106.83498,26.898361,21.372494,419.86746,0.61459607,0.0,2023-02-25 06:15:39.416027136,VNM,Vietnam,False
2023-02-25,11.445697,106.80729,26.949535,20.973185,419.49567,0.60947955,0.0,2023-02-25 06:15:39.561992960,VNM,Vietnam,False
2023-02-25,11.425292,106.81439,26.938782,21.084084,420.46152,0.5850602,0.0,2023-02-25 06:15:39.615020288,VNM,Vietnam,False
2023-02-25,11.414959,106.817795,26.933216,21.141603,419.52692,0.55015916,0.0,2023-02-25 06:15:39.642016768,VNM,Vietnam,False
2023-02-25,11.404703,106.821106,26.927654,21.199821,419.0218,0.5335368,0.0,2023-02-25 06:15:39.669012992,VNM,Vietnam,False
2023-02-25,11.394458,106.82441,26.922098,21.259258,418.56223,0.53761107,0.0,2023-02-25 06:15:39.696009472,VNM,Vietnam,False
2023-02-25,11.384102,106.82756,26.916363,21.31989,419.22647,0.47891307,0.0,2023-02-25 06:15:39.723005696,VNM,Vietnam,False
2023-02-25,11.46435,106.8029,26.961742,20.981865,420.7123,0.58052987,0.0,2023-02-25 06:15:39.895002624,VNM,Vietnam,False
2023-02-25,11.454177,106.80648,26.956398,21.03653,420.5626,0.580379,0.0,2023-02-25 06:15:39.920993024,VNM,Vietnam,False
2023-02-25,11.443978,106.81004,26.951027,21.092604,419.95233,0.59113836,0.0,2023-02-25 06:15:39.947989504,VNM,Vietnam,False
2023-02-25,11.433672,106.81348,26.945498,21.150091,419.45108,0.5888873,0.0,2023-02-25 06:15:39.974985984,VNM,Vietnam,False
2023-02-25,11.423418,106.816795,26.939936,21.20831,419.9743,0.5390505,0.0,2023-02-25 06:15:40.002022656,VNM,Vietnam,False
2023-02-25,11.413075,106.82002,26.93425,21.267878,419.2293,0.51559335,0.0,2023-02-25 06:15:40.029019136,VNM,Vietnam,False
2023-02-25,11.402738,106.8232,26.928537,21.328485,418.87448,0.52493626,0.0,2023-02-25 06:15:40.056015616,VNM,Vietnam,False
2023-02-25,11.392335,106.82626,26.922714,21.390234,419.07516,0.5126498,0.0,2023-02-25 06:15:40.083012096,VNM,Vietnam,False
2023-02-25,11.483025,106.79854,26.973986,20.990385,419.68048,0.5332766,0.0,2023-02-25 06:15:40.228012032,VNM,Vietnam,False
2023-02-25,11.472871,106.80214,26.968664,21.045027,420.5882,0.539153,0.0,2023-02-25 06:15:40.255008768,VNM,Vietnam,False
2023-02-25,11.462621,106.80566,26.963224,21.101173,421.18842,0.5764536,0.0,2023-02-25 06:15:40.282004992,VNM,Vietnam,False
2023-02-25,11.4523325,106.80911,26.957716,21.15864,420.37872,0.581441,0.0,2023-02-25 06:15:40.309001472,VNM,Vietnam,False
2023-02-25,11.442088,106.81245,26.952166,21.216848,419.0928,0.59503216,0.0,2023-02-25 06:15:40.335997952,VNM,Vietnam,False
2023-02-25,11.431808,106.81573,26.946564,21.276337,419.99966,0.5502014,0.0,2023-02-25 06:15:40.362994432,VNM,Vietnam,False
2023-02-25,11.42141,106.818855,26.94077,21.337029,419.51114,0.5639248,0.0,2023-02-25 06:15:40.389025280,VNM,Vietnam,False
2023-02-25,11.411026,106.82195,26.934969,21.398754,419.42053,0.57151854,0.0,2023-02-25 06:15:40.416021504,VNM,Vietnam,False
2023-02-25,11.481268,106.80128,26.975437,21.109758,419.76544,0.5270601,0.0,2023-02-25 06:15:40.615014912,VNM,Vietnam,False
2023-02-25,11.471024,106.80478,26.969988,21.167252,421.27588,0.55076444,0.0,2023-02-25 06:15:40.642011136,VNM,Vietnam,False
2023-02-25,11.460703,106.80806,26.96434,21.225643,419.7308,0.5780027,0.0,2023-02-25 06:15:40.669007616,VNM,Vietnam,False
2023-02-25,11.450392,106.811325,26.958696,21.285257,419.67715,0.5606286,0.0,2023-02-25 06:15:40.696003840,VNM,Vietnam,False
2023-02-25,11.440055,106.814514,26.952986,21.34595,419.91385,0.5842002,0.0,2023-02-25 06:15:40.723000576,VNM,Vietnam,False
2023-02-25,11.429653,106.817604,26.947163,21.40778,420.07825,0.58758837,0.0,2023-02-25 06:15:40.748990976,VNM,Vietnam,False
2023-02-25,11.520232,106.78973,26.998339,21.008453,419.64667,0.5899837,0.0,2023-02-25 06:15:40.894996992,VNM,Vietnam,False
2023-02-25,11.510097,106.79336,26.99304,21.06316,418.26172,0.5839635,0.0,2023-02-25 06:15:40.921027840,VNM,Vietnam,False
2023-02-25,11.4586115,106.810135,26.965115,21.355623,420.02515,0.56026536,0.0,2023-02-25 06:15:41.056010240,VNM,Vietnam,False
2023-02-25,11.448181,106.8132,26.959255,21.417492,419.68503,0.6012947,0.0,2023-02-25 06:15:41.083006720,VNM,Vietnam,False
2023-02-25,11.518389,106.79248,26.999725,21.129066,419.79248,0.56121737,0.0,2023-02-25 06:15:41.281999616,VNM,Vietnam,False
2023-02-25,11.477161,106.80575,26.977245,21.365295,420.56406,0.51347506,0.0,2023-02-25 06:15:41.389019648,VNM,Vietnam,False
2023-02-25,11.536956,106.788086,27.01189,21.138687,418.62466,0.5553378,0.0,2023-02-25 06:15:41.615009280,VNM,Vietnam,False
2023-02-25,11.526627,106.791534,27.006325,21.19627,419.93027,0.5783129,0.0,2023-02-25 06:15:41.642005760,VNM,Vietnam,False
2023-02-25,11.516348,106.79486,27.000729,21.254583,418.33472,0.58720225,0.0,2023-02-25 06:15:41.669001984,VNM,Vietnam,False
2023-02-25,11.48532,106.804474,26.98357,21.436617,419.0538,0.5701564,0.0,2023-02-25 06:15:41.749025792,VNM,Vietnam,False
2023-02-25,11.575898,106.77648,27.034792,21.037043,420.25644,0.6126083,0.0,2023-02-25 06:15:41.894991616,VNM,Vietnam,False
2023-02-25,11.555484,106.78365,27.024008,21.147978,418.61353,0.5640582,0.0,2023-02-25 06:15:41.948018944,VNM,Vietnam,False
2023-02-25,11.545274,106.78721,27.0186,21.205406,418.70337,0.58775264,0.0,2023-02-25 06:15:41.975015424,VNM,Vietnam,False
2023-02-25,11.5350065,106.79056,27.013016,21.263708,419.3566,0.6095833,0.0,2023-02-25 06:15:42.002011648,VNM,Vietnam,False
2023-02-25,11.524658,106.793816,27.00732,21.323349,420.25528,0.58560586,0.0,2023-02-25 06:15:42.029008384,VNM,Vietnam,False
2023-02-25,11.51432,106.79703,27.001604,21.38402,417.75516,0.58027965,0.0,2023-02-25 06:15:42.056004864,VNM,Vietnam,False
2023-02-25,11.5945015,106.77211,27.047022,21.046215,420.03738,0.5897499,0.0,2023-02-25 06:15:42.228001280,VNM,Vietnam,False
2023-02-25,11.584367,106.775764,27.04172,21.100904,420.07953,0.5867752,0.0,2023-02-25 06:15:42.254997760,VNM,Vietnam,False
2023-02-25,11.574124,106.77933,27.036283,21.15711,420.43326,0.5691315,0.0,2023-02-25 06:15:42.281994240,VNM,Vietnam,False
2023-02-25,11.563827,106.782814,27.030758,21.214659,420.64166,0.5520924,0.0,2023-02-25 06:15:42.308990720,VNM,Vietnam,False
2023-02-25,11.55359,106.78619,27.025213,21.272924,419.5181,0.5938758,0.0,2023-02-25 06:15:42.335987200,VNM,Vietnam,False
2023-02-25,11.543293,106.7895,27.019583,21.3325,419.06183,0.6085511,0.0,2023-02-25 06:15:42.363023872,VNM,Vietnam,False
2023-02-25,11.613101,106.76774,27.059256,21.055387,419.79886,0.5999221,0.0,2023-02-25 06:15:42.562017024,VNM,Vietnam,False
2023-02-25,11.602938,106.77137,27.053913,21.110119,419.78445,0.5722474,0.0,2023-02-25 06:15:42.588007424,VNM,Vietnam,False
2023-02-25,11.592728,106.77496,27.04852,21.16627,420.33865,0.6063574,0.0,2023-02-25 06:15:42.615003904,VNM,Vietnam,False
2023-02-25,11.582425,106.77845,27.042986,21.223782,420.51575,0.60373676,0.0,2023-02-25 06:15:42.642000128,VNM,Vietnam,False
2023-02-25,11.572205,106.781845,27.03746,21.281984,419.88873,0.58717257,0.0,2023-02-25 06:15:42.668996864,VNM,Vietnam,False
2023-02-25,11.561833,106.785095,27.031729,21.341616,420.5921,0.5709523,0.0,2023-02-25 06:15:42.695993088,VNM,Vietnam,False
2023-02-25,11.551532,106.788345,27.026058,21.4022,419.88004,0.5776458,0.0,2023-02-25 06:15:42.722989568,VNM,Vietnam,False
2023-02-25,11.541134,106.79147,27.020233,21.463964,419.81537,0.61631393,0.0,2023-02-25 06:15:42.749020672,VNM,Vietnam,False
2023-02-25,11.6317625,106.763405,27.07157,21.063992,419.7436,0.5857769,0.0,2023-02-25 06:15:42.895026432,VNM,Vietnam,False
2023-02-25,11.621606,106.767044,27.066233,21.118673,420.03464,0.6318502,0.0,2023-02-25 06:15:42.921017088,VNM,Vietnam,False
2023-02-25,11.61138,106.77064,27.060816,21.17482,420.1245,0.5702851,0.0,2023-02-25 06:15:42.948013568,VNM,Vietnam,False
2023-02-25,11.6010685,106.77412,27.05527,21.232347,419.8755,0.5865587,0.0,2023-02-25 06:15:42.975009792,VNM,Vietnam,False
2023-02-25,11.590864,106.777534,27.049765,21.290533,420.1645,0.5682394,0.0,2023-02-25 06:15:43.002006528,VNM,Vietnam,False
2023-02-25,11.580508,106.7808,27.044054,21.350147,419.3013,0.5835095,0.0,2023-02-25 06:15:43.029003008,VNM,Vietnam,False
2023-02-25,11.5701885,106.78404,27.038357,21.410759,420.8474,0.6182228,0.0,2023-02-25 06:15:43.055999232,VNM,Vietnam,False
2023-02-25,11.559729,106.78712,27.032452,21.472603,420.0807,0.58967507,0.0,2023-02-25 06:15:43.082995712,VNM,Vietnam,False
2023-02-25,11.650437,106.75909,27.083908,21.072498,420.19812,0.62036353,0.0,2023-02-25 06:15:43.227995904,VNM,Vietnam,False
2023-02-25,11.640247,106.7627,27.078527,21.127228,419.23593,0.6186873,0.0,2023-02-25 06:15:43.254992384,VNM,Vietnam,False
2023-02-25,11.630033,106.766304,27.073124,21.183365,420.2339,0.6040627,0.0,2023-02-25 06:15:43.281988864,VNM,Vietnam,False
2023-02-25,11.619742,106.76981,27.067602,21.240868,420.428,0.6085281,0.0,2023-02-25 06:15:43.308985344,VNM,Vietnam,False
2023-02-25,11.609493,106.77319,27.062038,21.299112,419.81723,0.55443203,0.0,2023-02-25 06:15:43.336022016,VNM,Vietnam,False
2023-02-25,11.599179,106.7765,27.05638,21.358675,420.8395,0.5739493,0.0,2023-02-25 06:15:43.363018240,VNM,Vietnam,False
2023-02-25,11.588844,106.77974,27.050663,21.419308,419.53802,0.5889966,0.0,2023-02-25 06:15:43.389008896,VNM,Vietnam,False
2023-02-25,11.578437,106.78287,27.044823,21.481089,420.58682,0.5825448,0.0,2023-02-25 06:15:43.416005376,VNM,Vietnam,False
2023-02-25,11.6486845,106.76198,27.085436,21.191917,419.39832,0.61654973,0.0,2023-02-25 06:15:43.614998272,VNM,Vietnam,False
2023-02-25,11.638365,106.76545,27.07987,21.249512,420.0072,0.6081864,0.0,2023-02-25 06:15:43.641995008,VNM,Vietnam,False
2023-02-25,11.628156,106.76887,27.074352,21.307756,420.67245,0.5955522,0.0,2023-02-25 06:15:43.668991232,VNM,Vietnam,False
2023-02-25,11.617822,106.772156,27.06866,21.367395,419.65112,0.6160465,0.0,2023-02-25 06:15:43.695987712,VNM,Vietnam,False
2023-02-25,11.607462,106.77537,27.062906,21.428112,420.48566,0.56465256,0.0,2023-02-25 06:15:43.723024384,VNM,Vietnam,False
2023-02-25,11.597105,106.77854,27.057127,21.489874,420.22482,0.6193646,0.0,2023-02-25 06:15:43.749015040,VNM,Vietnam,False
2023-02-25,11.646805,106.764465,27.086613,21.316896,419.13986,0.55685717,0.0,2023-02-25 06:15:44.002001152,VNM,Vietnam,False
2023-02-25,11.6364765,106.76776,27.080929,21.37653,420.25226,0.56767076,0.0,2023-02-25 06:15:44.028997376,VNM,Vietnam,False
2023-02-25,11.626133,106.770996,27.075191,21.437223,419.35773,0.5722997,0.0,2023-02-25 06:15:44.055993856,VNM,Vietnam,False
2023-02-25,11.6157055,106.77411,27.06932,21.499079,420.07892,0.60473347,0.0,2023-02-25 06:15:44.082990080,VNM,Vietnam,False
2023-02-25,11.706345,106.745865,27.120716,21.099266,419.344,0.58379316,0.0,2023-02-25 06:15:44.227990528,VNM,Vietnam,False
2023-02-25,11.696225,106.74956,27.11542,21.153957,416.8662,0.60854954,0.0,2023-02-25 06:15:44.255027200,VNM,Vietnam,False
2023-02-25,11.655167,106.7634,27.09325,21.385607,420.28156,0.56735057,0.0,2023-02-25 06:15:44.363012864,VNM,Vietnam,False
2023-02-25,11.644789,106.76661,27.087467,21.446348,419.74374,0.5648953,0.0,2023-02-25 06:15:44.389003520,VNM,Vietnam,False
2023-02-25,11.634362,106.76973,27.081596,21.508202,420.7421,0.61663556,0.0,2023-02-25 06:15:44.416000000,VNM,Vietnam,False
2023-02-25,11.724995,106.74144,27.133,21.108385,419.97607,0.5336722,0.0,2023-02-25 06:15:44.562006016,VNM,Vietnam,False
2023-02-25,11.714842,106.74511,27.127657,21.163122,420.3247,0.58110356,0.0,2023-02-25 06:15:44.587996416,VNM,Vietnam,False
2023-02-25,11.70458,106.74868,27.12218,21.219395,418.4606,0.5617194,0.0,2023-02-25 06:15:44.614993152,VNM,Vietnam,False
2023-02-25,11.6530485,106.76536,27.093906,21.517538,419.34772,0.593563,0.0,2023-02-25 06:15:44.749009664,VNM,Vietnam,False
2023-02-25,11.733477,106.74064,27.139906,21.17283,419.37027,0.5554251,0.0,2023-02-25 06:15:44.921006080,VNM,Vietnam,False
2023-02-25,11.723214,106.74422,27.134424,21.229136,419.7034,0.536502,0.0,2023-02-25 06:15:44.948002816,VNM,Vietnam,False
2023-02-25,11.71291,106.747734,27.128872,21.28676,419.5465,0.6235548,0.0,2023-02-25 06:15:44.974999296,VNM,Vietnam,False
2023-02-25,11.702687,106.75115,27.12333,21.345074,417.01343,0.6008821,0.0,2023-02-25 06:15:45.001995520,VNM,Vietnam,False
2023-02-25,11.710955,106.749985,27.129837,21.414536,419.43472,0.60161155,0.0,2023-02-25 06:15:45.363007488,VNM,Vietnam,False
2023-02-25,11.727554,106.74765,27.142899,21.555185,420.554,0.5789393,0.0,2023-02-25 06:15:46.083019776,VNM,Vietnam,False
2023-02-25,11.818187,106.71918,27.194391,21.155178,420.14185,0.5712096,0.0,2023-02-25 06:15:46.228019968,VNM,Vietnam,True
2023-02-25,11.911123,106.69672,27.25564,21.204542,419.76526,0.55955935,0.0,2023-02-25 06:15:47.894999552,VNM,Vietnam,False
2023-02-25,11.929712,106.69222,27.267914,21.214352,419.58112,0.5408756,0.0,2023-02-25 06:15:48.228008960,VNM,Vietnam,False
2023-02-25,11.919577,106.69595,27.262577,21.269138,419.36023,0.5279673,0.0,2023-02-25 06:15:48.255005440,VNM,Vietnam,False
2023-02-25,11.909353,106.69962,27.257132,21.325415,418.0618,0.6112227,0.0,2023-02-25 06:15:48.282001920,VNM,Vietnam,False
2023-02-25,11.92794,106.695145,27.269411,21.335241,419.37085,0.51032364,0.0,2023-02-25 06:15:48.615011584,VNM,Vietnam,False
2023-02-25,11.946425,106.69067,27.281616,21.345772,420.1152,0.5456802,0.0,2023-02-25 06:15:48.948021248,VNM,Vietnam,False
2023-02-25,11.936132,106.69425,27.276066,21.403456,419.4331,0.52761286,0.0,2023-02-25 06:15:48.975017472,VNM,Vietnam,False
2023-02-25,11.915586,106.70114,27.264816,21.521584,419.1791,0.56125957,0.0,2023-02-25 06:15:49.029010432,VNM,Vietnam,False
2023-02-25,11.9443655,106.69325,27.282682,21.472408,419.52252,0.52466,0.0,2023-02-25 06:15:49.335989504,VNM,Vietnam,False
2023-02-25,11.934078,106.696686,27.277037,21.532108,419.54666,0.4932026,0.0,2023-02-25 06:15:49.363026176,VNM,Vietnam,False
2023-02-25,11.923724,106.7,27.271269,21.592934,419.43088,0.47786608,0.0,2023-02-25 06:15:49.389016576,VNM,Vietnam,False
2023-02-25,11.942222,106.69546,27.283443,21.603857,419.68442,0.5382597,0.0,2023-02-25 06:15:49.722991872,VNM,Vietnam,False
2023-02-25,11.931827,106.698685,27.277584,21.665873,419.3841,0.50666094,0.0,2023-02-25 06:15:49.749022720,VNM,Vietnam,False
2023-02-25,11.950348,106.694,27.28969,21.677504,418.41855,0.6246876,0.0,2023-02-25 06:15:50.082998016,VNM,Vietnam,False
2023-02-25,20.897196,104.436035,33.837852,26.336174,417.82678,0.79837877,0.0,2023-02-25 06:18:29.561996288,VNM,Vietnam,False
2023-02-25,20.905537,104.437294,33.8464,26.402555,422.1007,0.6866807,0.0,2023-02-25 06:18:29.920996352,VNM,Vietnam,False
2023-02-25,20.913975,104.438644,33.85508,26.470133,422.327,0.626102,0.0,2023-02-25 06:18:30.282008320,VNM,Vietnam,False
2023-02-25,20.950315,104.42021,33.879147,26.369741,421.48117,0.6534024,0.0,2023-02-25 06:18:30.561990656,VNM,Vietnam,False
2023-02-25,20.931845,104.43349,33.869034,26.481194,421.34647,0.6516156,0.0,2023-02-25 06:18:30.615017984,VNM,Vietnam,False
2023-02-25,20.922354,104.43993,33.86367,26.539124,422.53018,0.7277044,0.0,2023-02-25 06:18:30.642014464,VNM,Vietnam,False
2023-02-25,20.940474,104.43477,33.877846,26.551435,422.33716,0.75617075,0.0,2023-02-25 06:18:30.975024128,VNM,Vietnam,False
2023-02-25,20.930399,104.44073,33.87175,26.610699,422.64056,0.65491253,0.0,2023-02-25 06:18:31.002020608,VNM,Vietnam,False
2023-02-25,20.910234,104.45255,33.85952,26.73244,422.82834,0.766092,0.0,2023-02-25 06:18:31.056013312,VNM,Vietnam,False
2023-02-25,20.928705,104.44762,33.874096,26.744345,422.53067,0.74947083,0.0,2023-02-25 06:18:31.389022976,VNM,Vietnam,False
2023-02-25,21.005121,104.404976,33.92222,26.405949,422.6566,0.6481363,0.0,2023-02-25 06:18:31.562025472,VNM,Vietnam,False
2023-02-25,21.070704,104.39188,33.97641,26.509268,421.2196,0.61356723,0.0,2023-02-25 06:18:32.921020416,VNM,Vietnam,False
2023-02-25,21.069271,104.39933,33.979214,26.6379,421.39612,0.6063287,0.0,2023-02-25 06:18:33.308988672,VNM,Vietnam,False
2023-02-25,21.059425,104.40545,33.973366,26.696953,421.06635,0.6324921,0.0,2023-02-25 06:18:33.336025344,VNM,Vietnam,False
2023-02-25,21.067646,104.40638,33.981667,26.770334,422.07596,0.7011067,0.0,2023-02-25 06:18:33.695991040,VNM,Vietnam,False
2023-02-25,21.057726,104.4124,33.975716,26.831532,420.79758,0.685494,0.0,2023-02-25 06:18:33.722987520,VNM,Vietnam,False
2023-02-25,21.04809,104.41854,33.970066,26.893356,420.8841,0.70410043,0.0,2023-02-25 06:18:33.749018112,VNM,Vietnam,False
2023-02-25,21.075825,104.40732,33.98993,26.844616,423.9068,0.616496,0.0,2023-02-25 06:18:34.055997184,VNM,Vietnam,False
2023-02-25,21.082962,104.40763,33.997,26.92102,422.84555,0.693078,0.0,2023-02-25 06:18:34.416003328,VNM,Vietnam,False
2023-02-25,21.727108,104.21369,34.49682,26.858152,418.48364,0.73176634,0.0,2023-02-25 06:18:44.561995264,VNM,Vietnam,False
2023-02-25,21.717728,104.2204,34.491512,26.913631,420.14508,0.66499025,0.0,2023-02-25 06:18:44.588026112,VNM,Vietnam,False
2023-02-25,21.707785,104.22678,34.485573,26.970964,420.89914,0.71810335,0.0,2023-02-25 06:18:44.615022592,VNM,Vietnam,False
2023-02-25,21.745476,104.20881,34.511513,26.868881,419.87427,0.7362043,0.0,2023-02-25 06:18:44.895004928,VNM,Vietnam,False
2023-02-25,21.735655,104.21527,34.505707,26.924706,420.29663,0.74959105,0.0,2023-02-25 06:18:44.920995584,VNM,Vietnam,False
2023-02-25,21.716642,104.22858,34.494827,27.039335,419.8735,0.7083233,0.0,2023-02-25 06:18:44.974988544,VNM,Vietnam,False
2023-02-25,21.724989,104.22993,34.503437,27.108952,419.24432,0.79597235,0.0,2023-02-25 06:18:45.336000512,VNM,Vietnam,False
2023-02-25,21.715275,104.23628,34.49769,27.168875,419.12015,0.71879077,0.0,2023-02-25 06:18:45.362996736,VNM,Vietnam,False
2023-03-13,10.5244465,108.94036,24.274277,0.51964134,422.57755,0.6243345,0.0,2023-03-13 06:14:45.895013888,VNM,Vietnam,False
2023-03-13,10.534871,108.93636,24.277868,0.40670806,421.95364,0.5368314,0.0,2023-03-13 06:14:46.255019776,VNM,Vietnam,False
2023-03-13,11.31037,108.76914,24.61385,0.5249335,421.98947,0.5137065,0.0,2023-03-13 06:14:58.895023872,VNM,Vietnam,False
2023-03-13,11.330474,108.76464,24.622705,0.5245919,419.2588,0.4465972,0.0,2023-03-13 06:14:59.227993344,VNM,Vietnam,False
2023-03-13,11.320775,108.76538,24.617905,0.41185844,420.94144,0.49652085,0.0,2023-03-13 06:14:59.254989568,VNM,Vietnam,False
2023-03-13,11.311025,108.76604,24.61301,0.29904178,420.28625,0.47456765,0.0,2023-03-13 06:14:59.282026240,VNM,Vietnam,False
2023-03-13,11.331191,108.76169,24.622026,0.29936916,419.97336,0.47120094,0.0,2023-03-13 06:14:59.614995712,VNM,Vietnam,False
2023-03-13,11.321424,108.76227,24.617058,0.18772589,420.87027,0.40556902,0.0,2023-03-13 06:14:59.641992192,VNM,Vietnam,False
2023-03-13,11.37079,108.75591,24.64074,0.5251341,420.94135,0.5135842,0.0,2023-03-13 06:14:59.895018240,VNM,Vietnam,False
2023-03-13,11.341591,108.75793,24.62609,0.18812399,417.96933,0.4291466,0.0,2023-03-13 06:14:59.975001856,VNM,Vietnam,False
2023-03-13,11.331909,108.75842,24.621101,0.0844245,419.29553,0.38096362,0.0,2023-03-13 06:15:00.001998080,VNM,Vietnam,False
2023-03-13,11.322194,108.75884,24.616032,0.06718524,420.44522,0.37702614,0.0,2023-03-13 06:15:00.028994560,VNM,Vietnam,False
2023-03-13,11.381273,108.75229,24.644974,0.41276386,420.0919,0.624321,0.0,2023-03-13 06:15:00.255024384,VNM,Vietnam,False
2023-03-13,11.371526,108.75296,24.640076,0.3000349,420.37744,0.55990505,0.0,2023-03-13 06:15:00.282020864,VNM,Vietnam,False
2023-03-13,11.342367,108.754456,24.62503,0.06704609,418.4294,0.4616478,0.0,2023-03-13 06:15:00.363010048,VNM,Vietnam,False
2023-03-13,11.332649,108.75479,24.619884,0.1662172,419.93246,0.4472597,0.0,2023-03-13 06:15:00.389000960,VNM,Vietnam,False
2023-03-13,11.322919,108.75504,24.61467,0.27640542,420.05887,0.3808683,0.0,2023-03-13 06:15:00.415997184,VNM,Vietnam,False
2023-03-13,11.38194,108.74908,24.644058,0.1887484,419.2517,0.50049174,0.0,2023-03-13 06:15:00.642027008,VNM,Vietnam,False
2023-03-13,11.37226,108.74958,24.639065,0.084816694,419.67645,0.45502785,0.0,2023-03-13 06:15:00.669023488,VNM,Vietnam,False
2023-03-13,11.362547,108.75001,24.63399,0.06635087,418.65353,0.47463983,0.0,2023-03-13 06:15:00.696019968,VNM,Vietnam,False
2023-03-13,11.352829,108.75034,24.628845,0.16565135,418.68912,0.4925483,0.0,2023-03-13 06:15:00.723016192,VNM,Vietnam,False
2023-03-13,11.343101,108.7506,24.623632,0.27589336,418.96652,0.4366438,0.0,2023-03-13 06:15:00.749006848,VNM,Vietnam,False
2023-03-13,11.392439,108.745125,24.648037,0.084856264,419.87103,0.4814484,0.0,2023-03-13 06:15:01.001992704,VNM,Vietnam,False
2023-03-13,11.382727,108.74555,24.642963,0.06566638,419.8051,0.61452955,0.0,2023-03-13 06:15:01.028989440,VNM,Vietnam,False
2023-03-13,11.373009,108.7459,24.637821,0.16508962,420.31628,0.4803162,0.0,2023-03-13 06:15:01.056025856,VNM,Vietnam,False
2023-03-13,11.363281,108.74617,24.632608,0.27538353,418.86615,0.4771516,0.0,2023-03-13 06:15:01.083022336,VNM,Vietnam,False
2023-03-13,11.432055,108.73956,24.667011,0.3010353,420.91467,0.63170606,0.0,2023-03-13 06:15:01.282015232,VNM,Vietnam,False
2023-03-13,11.422292,108.74019,24.66205,0.18933852,421.68436,0.7002889,0.0,2023-03-13 06:15:01.309011968,VNM,Vietnam,False
2023-03-13,11.393181,108.74154,24.646872,0.16489723,420.12347,0.5416672,0.0,2023-03-13 06:15:01.388995328,VNM,Vietnam,False
2023-03-13,11.383452,108.74183,24.64167,0.27518892,419.98215,0.5352988,0.0,2023-03-13 06:15:01.415991808,VNM,Vietnam,False
2023-03-13,11.4327755,108.73641,24.66618,0.08582272,419.57666,0.59323615,0.0,2023-03-13 06:15:01.669018112,VNM,Vietnam,False
2023-03-13,11.423063,108.73687,24.661118,0.06615358,421.02982,0.6499863,0.0,2023-03-13 06:15:01.696014336,VNM,Vietnam,False
2023-03-13,11.734248,108.676285,24.804869,0.53493166,420.78864,0.60532707,0.0,2023-03-13 06:15:05.895025920,VNM,Vietnam,False
2023-03-13,11.754439,108.671936,24.814173,0.5354818,421.86923,0.64679325,0.0,2023-03-13 06:15:06.227995392,VNM,Vietnam,False
2023-03-13,11.744756,108.67284,24.809381,0.42287174,420.95978,0.5760767,0.0,2023-03-13 06:15:06.254992128,VNM,Vietnam,False
2023-03-13,11.735021,108.67365,24.804499,0.31023738,421.16196,0.55255467,0.0,2023-03-13 06:15:06.281988352,VNM,Vietnam,False
2023-03-13,11.755179,108.669174,24.813679,0.31039777,421.39948,0.58318526,0.0,2023-03-13 06:15:06.614997760,VNM,Vietnam,False
2023-03-13,11.745427,108.669914,24.808723,0.1989215,421.47452,0.57748187,0.0,2023-03-13 06:15:06.641994496,VNM,Vietnam,False
2023-03-13,11.735758,108.67056,24.803745,0.09473115,420.59482,0.5695786,0.0,2023-03-13 06:15:06.668990976,VNM,Vietnam,False
2023-03-13,11.855866,108.64681,24.859732,0.31054136,420.30603,0.63886553,0.0,2023-03-13 06:15:08.282017792,VNM,Vietnam,False
2023-03-13,11.895316,108.64048,24.87856,0.53572464,420.0215,0.5620468,0.0,2023-03-13 06:15:08.562000128,VNM,Vietnam,False
2023-03-13,11.866261,108.64309,24.864,0.19843283,420.4544,0.6443985,0.0,2023-03-13 06:15:08.642023680,VNM,Vietnam,False
2023-03-13,11.856592,108.64378,24.859024,0.09329937,419.02066,0.5652014,0.0,2023-03-13 06:15:08.669020160,VNM,Vietnam,False
2023-03-13,11.90578,108.63691,24.883001,0.42272162,420.11246,0.5926854,0.0,2023-03-13 06:15:08.921000448,VNM,Vietnam,False
2023-03-13,11.896102,108.63779,24.878155,0.30989552,418.46698,0.5733858,0.0,2023-03-13 06:15:08.947996928,VNM,Vietnam,False
2023-03-13,11.8573,108.64044,24.858057,0.15650399,419.7191,0.62733364,0.0,2023-03-13 06:15:09.056022528,VNM,Vietnam,False
2023-03-13,11.935534,108.63143,24.896997,0.53521955,421.58545,0.7069416,0.0,2023-03-13 06:15:09.228019456,VNM,Vietnam,False
2023-03-13,11.925875,108.63239,24.892221,0.42247596,421.88028,0.66435736,0.0,2023-03-13 06:15:09.255015936,VNM,Vietnam,False
2023-03-13,11.906495,108.63409,24.882456,0.19777153,420.74023,0.6148133,0.0,2023-03-13 06:15:09.309008640,VNM,Vietnam,False
2023-03-13,11.896831,108.6348,24.877485,0.09226944,420.18677,0.531388,0.0,2023-03-13 06:15:09.336005120,VNM,Vietnam,False
2023-03-13,11.955693,108.62693,24.906286,0.5353661,421.28653,0.697013,0.0,2023-03-13 06:15:09.561994496,VNM,Vietnam,False
2023-03-13,11.946044,108.6279,24.901518,0.42261627,419.44742,0.6289898,0.0,2023-03-13 06:15:09.588025600,VNM,Vietnam,False
2023-03-13,11.926645,108.62961,24.89174,0.1978167,422.28436,0.6119717,0.0,2023-03-13 06:15:09.642018304,VNM,Vietnam,False
2023-03-13,11.907284,108.630974,24.881718,0.05897574,420.84485,0.543596,0.0,2023-03-13 06:15:09.696011264,VNM,Vietnam,False
2023-03-13,11.897588,108.63152,24.8766,0.1559747,420.17606,0.62908036,0.0,2023-03-13 06:15:09.723007744,VNM,Vietnam,False
2023-03-13,11.956519,108.62431,24.905972,0.3098628,422.52426,0.6028146,0.0,2023-03-13 06:15:09.947991296,VNM,Vietnam,False
2023-03-13,11.946796,108.62514,24.90104,0.19786814,421.37256,0.5916131,0.0,2023-03-13 06:15:09.974987776,VNM,Vietnam,False
2023-03-13,11.937134,108.62586,24.89607,0.0920412,421.13235,0.60757923,0.0,2023-03-13 06:15:10.002024448,VNM,Vietnam,False
2023-03-13,11.927436,108.62651,24.89102,0.058464624,420.89514,0.63483274,0.0,2023-03-13 06:15:10.029020672,VNM,Vietnam,False
2023-03-13,11.917743,108.627075,24.885902,0.155655,422.38498,0.62742424,0.0,2023-03-13 06:15:10.056017408,VNM,Vietnam,False
2023-03-13,11.908058,108.62755,24.880728,0.26583302,420.68155,0.54139674,0.0,2023-03-13 06:15:10.083013888,VNM,Vietnam,False
2023-03-13,11.947565,108.622055,24.900322,0.058106247,421.77014,0.5301379,0.0,2023-03-13 06:15:10.362996224,VNM,Vietnam,False
2023-03-13,11.937883,108.62262,24.895208,0.15558633,421.3418,0.64843124,0.0,2023-03-13 06:15:10.389027072,VNM,Vietnam,False
2023-03-13,11.928188,108.62311,24.890032,0.26587638,419.6221,0.607512,0.0,2023-03-13 06:15:10.416023552,VNM,Vietnam,False
2023-03-13,11.957994,108.61817,24.904514,0.15574023,419.92853,0.6232967,0.0,2023-03-13 06:15:10.723002112,VNM,Vietnam,False
2023-03-13,11.948296,108.61867,24.899336,0.26610577,420.7258,0.62474215,0.0,2023-03-13 06:15:10.748993024,VNM,Vietnam,False
2023-03-13,12.016802,108.61087,24.933853,0.30903825,421.99973,0.65213436,0.0,2023-03-13 06:15:10.948026112,VNM,Vietnam,False
2023-03-13,12.500214,108.503975,25.162142,0.3097233,421.50192,0.55840886,0.0,2023-03-13 06:15:18.948023040,VNM,Vietnam,False
2023-03-20,20.592896,105.107,28.0297,0.5773976,420.8347,0.49459225,0.0,2023-03-20 06:23:48.895005696,VNM,Vietnam,False
2023-03-20,20.58364,105.11008,28.025158,0.46533334,419.4276,0.46311024,0.0,2023-03-20 06:23:48.920996096,VNM,Vietnam,False
2023-03-20,20.603752,105.1055,28.03746,0.4654543,421.6854,0.4700279,0.0,2023-03-20 06:23:49.255011584,VNM,Vietnam,False
2023-03-20,20.594473,105.10849,28.032848,0.3536772,420.19757,0.4112379,0.0,2023-03-20 06:23:49.282008064,VNM,Vietnam,False
2023-03-20,20.585098,105.111404,28.028124,0.24345672,420.21487,0.45632893,0.0,2023-03-20 06:23:49.309004544,VNM,Vietnam,False
2023-03-20,20.614553,105.103745,28.045025,0.35348555,419.3051,0.42482653,0.0,2023-03-20 06:23:49.615017984,VNM,Vietnam,False
2023-03-20,20.60518,105.10667,28.0403,0.24322729,420.61072,0.4308291,0.0,2023-03-20 06:23:49.642014208,VNM,Vietnam,False
2023-03-20,20.595873,105.10948,28.035555,0.13998005,420.15802,0.39499775,0.0,2023-03-20 06:23:49.669010688,VNM,Vietnam,False
2023-03-20,20.625263,105.10193,28.052488,0.24300095,418.72296,0.5480907,0.0,2023-03-20 06:23:49.975023872,VNM,Vietnam,False
2023-03-20,20.615957,105.10475,28.047743,0.13967516,419.00366,0.42430204,0.0,2023-03-20 06:23:50.002020352,VNM,Vietnam,False
2023-03-20,20.606604,105.10749,28.042913,0.074281044,420.04898,0.41486475,0.0,2023-03-20 06:23:50.029016832,VNM,Vietnam,False
2023-03-20,20.62672,105.10283,28.055174,0.07453012,418.0028,0.5620177,0.0,2023-03-20 06:23:50.362992128,VNM,Vietnam,False
2023-03-20,20.617352,105.10551,28.050287,0.131946,418.9992,0.44334152,0.0,2023-03-20 06:23:50.389022720,VNM,Vietnam,False
2023-03-20,20.69342,105.08353,28.09093,0.5774049,420.90417,0.49569058,0.0,2023-03-20 06:23:50.562025216,VNM,Vietnam,False
2023-03-20,20.704308,105.08201,28.098732,0.46573266,423.1466,0.5527007,0.0,2023-03-20 06:23:50.921025536,VNM,Vietnam,False
2023-03-20,20.695019,105.08505,28.09412,0.3540288,421.18054,0.48458996,0.0,2023-03-20 06:23:50.948022016,VNM,Vietnam,False
2023-03-20,20.696497,105.08621,28.096989,0.14154707,421.15845,0.56667894,0.0,2023-03-20 06:23:51.335990272,VNM,Vietnam,False
2023-03-20,20.687153,105.08898,28.092163,0.07688416,421.6869,0.58783066,0.0,2023-03-20 06:23:51.362986496,VNM,Vietnam,False
2023-03-20,20.688528,105.08954,28.094564,0.23414713,420.73605,0.5942635,0.0,2023-03-20 06:23:51.749023488,VNM,Vietnam,False
2023-03-22,12.342689,108.29388,22.152407,17.194504,421.76712,0.72395307,0.0,2023-03-22 06:09:25.895019520,VNM,Vietnam,False
2023-03-22,12.332124,108.29341,22.146702,17.248348,420.4867,0.69640267,0.0,2023-03-22 06:09:25.921009920,VNM,Vietnam,False
2023-03-22,12.321644,108.293106,22.141184,17.303493,421.5085,0.64718497,0.0,2023-03-22 06:09:25.948006656,VNM,Vietnam,False
2023-03-22,12.3403015,108.28856,22.148073,17.3094,420.97406,0.70966285,0.0,2023-03-22 06:09:26.282021888,VNM,Vietnam,False
2023-03-22,12.3298645,108.28829,22.142601,17.36585,421.64984,0.6977008,0.0,2023-03-22 06:09:26.309018368,VNM,Vietnam,False
2023-03-22,12.348419,108.28357,22.149305,17.371939,420.25223,0.67731637,0.0,2023-03-22 06:09:26.641987840,VNM,Vietnam,False
2023-03-22,12.327376,108.282265,22.137623,17.488506,421.96408,0.66474396,0.0,2023-03-22 06:09:26.696020992,VNM,Vietnam,False
2023-03-22,12.316639,108.28116,22.131298,17.549055,420.67953,0.63835937,0.0,2023-03-22 06:09:26.723017472,VNM,Vietnam,False
2023-03-22,12.346199,108.27813,22.144957,17.493128,420.15732,0.66011655,0.0,2023-03-22 06:09:27.028990208,VNM,Vietnam,False
2023-03-22,12.335732,108.277504,22.139162,17.55305,421.1405,0.6874474,0.0,2023-03-22 06:09:27.055986944,VNM,Vietnam,False
2023-03-22,12.32486,108.27613,22.132542,17.614927,420.68585,0.5916671,0.0,2023-03-22 06:09:27.083023616,VNM,Vietnam,False
2023-03-22,12.3542185,108.272865,22.145905,17.557869,420.95364,0.6742602,0.0,2023-03-22 06:09:27.388996608,VNM,Vietnam,False
2023-03-22,12.343648,108.27201,22.139864,17.619167,419.66046,0.6697344,0.0,2023-03-22 06:09:27.415993088,VNM,Vietnam,False
2023-03-22,12.436137,108.27166,22.187597,17.220474,422.37177,0.7675589,0.0,2023-03-22 06:09:27.561998848,VNM,Vietnam,False
2023-03-22,12.383901,108.270065,22.159857,17.501347,421.42474,0.72832334,0.0,2023-03-22 06:09:27.696015616,VNM,Vietnam,False
2023-03-22,12.44407,108.266556,22.188667,17.279446,421.92572,0.665502,0.0,2023-03-22 06:09:27.920999168,VNM,Vietnam,False
2023-03-22,12.433636,108.26641,22.18326,17.334482,420.92096,0.6938746,0.0,2023-03-22 06:09:27.947995648,VNM,Vietnam,False
2023-03-22,12.402292,108.26522,22.166414,17.507225,420.40738,0.6880506,0.0,2023-03-22 06:09:28.029025024,VNM,Vietnam,False
2023-03-22,12.45225,108.261894,22.19024,17.340364,421.7971,0.69405276,0.0,2023-03-22 06:09:28.282011136,VNM,Vietnam,False
2023-03-22,12.410437,108.26015,22.167608,17.57313,422.50162,0.7305339,0.0,2023-03-22 06:09:28.388991232,VNM,Vietnam,False
2023-03-22,12.399865,108.259315,22.161568,17.634535,420.90067,0.7135705,0.0,2023-03-22 06:09:28.415987456,VNM,Vietnam,False
2023-03-22,12.491433,108.2571,22.207449,17.238247,420.01004,0.4777462,0.0,2023-03-22 06:09:28.561993472,VNM,Vietnam,False
2023-03-22,12.449654,108.2562,22.185486,17.460758,420.4569,0.6152895,0.0,2023-03-22 06:09:28.669013760,VNM,Vietnam,False
2023-03-22,12.4390955,108.25555,22.17959,17.519773,419.30942,0.5445049,0.0,2023-03-22 06:09:28.696010240,VNM,Vietnam,False
2023-03-22,12.42875,108.25518,22.174042,17.579557,421.29633,0.6286087,0.0,2023-03-22 06:09:28.723006464,VNM,Vietnam,False
2023-03-22,12.418444,108.2548,22.168512,17.640451,421.85135,0.6794291,0.0,2023-03-22 06:09:28.748997120,VNM,Vietnam,False
2023-03-22,12.510057,108.25263,22.214508,17.244036,419.72998,0.48865825,0.0,2023-03-22 06:09:28.895003392,VNM,Vietnam,False
2023-03-22,12.499684,108.25263,22.209234,17.29745,419.1788,0.5366396,0.0,2023-03-22 06:09:28.920993792,VNM,Vietnam,False
2023-03-22,12.447269,108.25065,22.18096,17.585474,420.2213,0.62417084,0.0,2023-03-22 06:09:29.056016128,VNM,Vietnam,False
2023-03-22,12.436645,108.24977,22.174837,17.646957,418.92987,0.5910935,0.0,2023-03-22 06:09:29.083012608,VNM,Vietnam,False
2023-03-22,12.528654,108.2482,22.221601,17.249752,418.60806,0.45601374,0.0,2023-03-22 06:09:29.228012800,VNM,Vietnam,False
2023-03-22,12.518228,108.248116,22.21622,17.303274,419.09357,0.57082117,0.0,2023-03-22 06:09:29.255009280,VNM,Vietnam,False
2023-03-22,12.507665,108.2478,22.21058,17.358543,418.4063,0.52775407,0.0,2023-03-22 06:09:29.282005760,VNM,Vietnam,False
2023-03-22,12.547275,108.243805,22.228756,17.255404,419.17935,0.5795006,0.0,2023-03-22 06:09:29.561988096,VNM,Vietnam,False
2023-03-22,12.5368395,108.24372,22.22336,17.308945,418.33524,0.5279636,0.0,2023-03-22 06:09:29.588018944,VNM,Vietnam,False
2023-03-22,12.526274,108.24341,22.217714,17.364223,419.1248,0.46775734,0.0,2023-03-22 06:09:29.615015424,VNM,Vietnam,False
2023-03-22,12.515734,108.243095,22.212082,17.420843,418.85986,0.51048,0.0,2023-03-22 06:09:29.642011904,VNM,Vietnam,False
2023-03-22,12.565902,108.23939,22.235903,17.261002,419.28616,0.46837482,0.0,2023-03-22 06:09:29.894997760,VNM,Vietnam,False
2023-03-22,12.555427,108.23923,22.23042,17.314615,418.63275,0.5632589,0.0,2023-03-22 06:09:29.920988416,VNM,Vietnam,False
2023-03-22,12.544917,108.23901,22.224876,17.369772,419.05862,0.5634557,0.0,2023-03-22 06:09:29.948025088,VNM,Vietnam,False
2023-03-22,12.534447,108.238815,22.219372,17.426247,419.34244,0.59142464,0.0,2023-03-22 06:09:29.975021312,VNM,Vietnam,False
2023-03-22,12.523934,108.23831,22.213593,17.4838,418.10577,0.48218754,0.0,2023-03-22 06:09:30.002018048,VNM,Vietnam,False
2023-03-22,12.513422,108.23778,22.207794,17.5427,419.66727,0.61225456,0.0,2023-03-22 06:09:30.029014272,VNM,Vietnam,False
2023-03-22,12.5846,108.234985,22.24311,17.266369,418.9741,0.5256476,0.0,2023-03-22 06:09:30.228007424,VNM,Vietnam,False
2023-03-22,12.574137,108.23485,22.23765,17.319956,418.91934,0.5400703,0.0,2023-03-22 06:09:30.255003904,VNM,Vietnam,False
2023-03-22,12.563619,108.234634,22.232094,17.375128,418.4231,0.4600479,0.0,2023-03-22 06:09:30.282000384,VNM,Vietnam,False
2023-03-22,12.553069,108.23431,22.226437,17.431755,419.11502,0.51433575,0.0,2023-03-22 06:09:30.308996608,VNM,Vietnam,False
2023-03-22,12.542616,108.23392,22.220772,17.489191,419.11758,0.4831374,0.0,2023-03-22 06:09:30.335993344,VNM,Vietnam,False
2023-03-22,12.521607,108.23283,22.209152,17.608128,418.337,0.45617378,0.0,2023-03-22 06:09:30.389020416,VNM,Vietnam,False
2023-03-22,12.511092,108.23216,22.20324,17.669382,419.59747,0.48201224,0.0,2023-03-22 06:09:30.416016896,VNM,Vietnam,True
2023-03-22,12.60331,108.2306,22.250357,17.271696,418.61108,0.5472527,0.0,2023-03-22 06:09:30.562022912,VNM,Vietnam,False
2023-03-22,12.58231,108.23023,22.239305,17.38049,418.0455,0.51895595,0.0,2023-03-22 06:09:30.615010048,VNM,Vietnam,False
2023-03-22,12.571768,108.229935,22.233662,17.4371,419.42926,0.46594554,0.0,2023-03-22 06:09:30.642006272,VNM,Vietnam,False
2023-03-22,12.561298,108.22952,22.22797,17.494566,420.52386,0.4177212,0.0,2023-03-22 06:09:30.669002752,VNM,Vietnam,False
2023-03-22,12.550797,108.22903,22.222198,17.553434,419.03137,0.46371332,0.0,2023-03-22 06:09:30.695999232,VNM,Vietnam,False
2023-03-22,12.540297,108.22846,22.216366,17.613482,419.5615,0.6002729,0.0,2023-03-22 06:09:30.722995712,VNM,Vietnam,False
2023-03-22,12.52978,108.227806,22.210455,17.674734,418.5416,0.55145043,0.0,2023-03-22 06:09:30.749026560,VNM,Vietnam,False
2023-03-22,12.62204,108.22626,22.257664,17.277021,419.26263,0.5712608,0.0,2023-03-22 06:09:30.894992384,VNM,Vietnam,False
2023-03-22,12.611548,108.2261,22.252151,17.330679,418.85443,0.5365045,0.0,2023-03-22 06:09:30.921023232,VNM,Vietnam,False
2023-03-22,12.601028,108.2259,22.246595,17.385866,419.201,0.54037845,0.0,2023-03-22 06:09:30.948019456,VNM,Vietnam,False
2023-03-22,12.590461,108.22556,22.240906,17.44254,418.42526,0.4830698,0.0,2023-03-22 06:09:30.975016192,VNM,Vietnam,False
2023-03-22,12.579989,108.22516,22.23521,17.500025,418.77884,0.539024,0.0,2023-03-22 06:09:31.002012416,VNM,Vietnam,False
2023-03-22,12.569506,108.22471,22.229477,17.558874,418.42688,0.43695322,0.0,2023-03-22 06:09:31.029008896,VNM,Vietnam,False
2023-03-22,12.558983,108.22412,22.223604,17.618979,419.77585,0.43640867,0.0,2023-03-22 06:09:31.056005376,VNM,Vietnam,False
2023-03-22,12.619718,108.22153,22.253855,17.391396,418.83896,0.6014225,0.0,2023-03-22 06:09:31.281994752,VNM,Vietnam,False
2023-03-22,12.609135,108.221176,22.248137,17.448101,418.1691,0.48891076,0.0,2023-03-22 06:09:31.308991488,VNM,Vietnam,False
2023-03-22,12.598682,108.22081,22.242481,17.505547,418.50708,0.4583472,0.0,2023-03-22 06:09:31.335987712,VNM,Vietnam,False
2023-03-22,12.588179,108.22034,22.23671,17.564434,418.80972,0.5423147,0.0,2023-03-22 06:09:31.363024384,VNM,Vietnam,False
2023-03-22,12.648965,108.21741,22.26676,17.341648,419.1133,0.57148445,0.0,2023-03-22 06:09:31.588008192,VNM,Vietnam,False
2023-03-22,12.638438,108.21721,22.26119,17.39685,419.2714,0.5195996,0.0,2023-03-22 06:09:31.615004416,VNM,Vietnam,False
2023-03-22,12.627844,108.21685,22.25545,17.453577,419.10956,0.5043901,0.0,2023-03-22 06:09:31.642000896,VNM,Vietnam,False
2023-03-22,12.617382,108.21648,22.249777,17.511042,419.68637,0.5516642,0.0,2023-03-22 06:09:31.668997376,VNM,Vietnam,False
2023-03-22,12.606844,108.21596,22.24394,17.569994,418.73068,0.59127593,0.0,2023-03-22 06:09:31.695993856,VNM,Vietnam,False
2023-03-22,12.596353,108.21544,22.238132,17.630035,419.15393,0.5639955,0.0,2023-03-22 06:09:31.722990336,VNM,Vietnam,False
2023-03-22,12.66766,108.213,22.274025,17.34732,418.68402,0.55885184,0.0,2023-03-22 06:09:31.921017600,VNM,Vietnam,False
2023-03-22,12.604523,108.210396,22.239437,17.69722,419.3246,0.52656627,0.0,2023-03-22 06:09:32.082996480,VNM,Vietnam,False
2023-03-22,12.696878,108.20871,22.286823,17.299555,419.4142,0.53832805,0.0,2023-03-22 06:09:32.227996672,VNM,Vietnam,False
2023-03-22,12.686394,108.20858,22.281319,17.35324,419.39508,0.56330717,0.0,2023-03-22 06:09:32.254992896,VNM,Vietnam,False
2023-03-22,12.675865,108.2084,22.27574,17.408484,418.877,0.5357514,0.0,2023-03-22 06:09:32.281989632,VNM,Vietnam,False
2023-03-22,12.665304,108.2081,22.270058,17.465181,418.65204,0.5605975,0.0,2023-03-22 06:09:32.308985856,VNM,Vietnam,False
2023-03-22,12.654819,108.207695,22.264334,17.522728,419.094,0.57838243,0.0,2023-03-22 06:09:32.336022528,VNM,Vietnam,False
2023-03-22,12.6232195,108.20597,22.246668,17.703188,419.33243,0.5939814,0.0,2023-03-22 06:09:32.416006144,VNM,Vietnam,False
2023-03-22,12.715567,108.20421,22.294043,17.305552,419.52643,0.5805454,0.0,2023-03-22 06:09:32.562012160,VNM,Vietnam,False
2023-03-22,12.705109,108.20414,22.28859,17.35918,419.16028,0.59940624,0.0,2023-03-22 06:09:32.588002560,VNM,Vietnam,False
2023-03-22,12.694584,108.203964,22.28302,17.414413,418.80646,0.55997056,0.0,2023-03-22 06:09:32.614999040,VNM,Vietnam,False
2023-03-22,12.684038,108.203705,22.277369,17.471079,419.12857,0.5778499,0.0,2023-03-22 06:09:32.641995520,VNM,Vietnam,False
2023-03-22,12.673541,108.20329,22.271622,17.528646,418.31516,0.57654846,0.0,2023-03-22 06:09:32.668992000,VNM,Vietnam,False
2023-03-22,12.663024,108.20282,22.26582,17.587593,419.0657,0.60920864,0.0,2023-03-22 06:09:32.695988480,VNM,Vietnam,False
2023-03-22,12.652497,108.20226,22.259941,17.64773,418.50095,0.5866761,0.0,2023-03-22 06:09:32.723025152,VNM,Vietnam,False
2023-03-22,12.713319,108.199554,22.290339,17.420158,418.9357,0.57670915,0.0,2023-03-22 06:09:32.948008704,VNM,Vietnam,False
2023-03-22,12.70276,108.19928,22.284662,17.476822,419.2066,0.54382426,0.0,2023-03-22 06:09:32.975005184,VNM,Vietnam,False
2023-03-22,12.692301,108.198944,22.27899,17.534285,419.44147,0.56375897,0.0,2023-03-22 06:09:33.002001664,VNM,Vietnam,False
2023-03-22,12.671249,108.197914,22.267292,17.653324,418.67804,0.5882627,0.0,2023-03-22 06:09:33.055994624,VNM,Vietnam,False
2023-03-22,12.7215185,108.194916,22.292038,17.482317,419.83267,0.59301984,0.0,2023-03-22 06:09:33.309020672,VNM,Vietnam,False
2023-03-22,12.711056,108.19458,22.286358,17.539783,418.61578,0.51689106,0.0,2023-03-22 06:09:33.336017152,VNM,Vietnam,False
2023-03-22,12.700537,108.19412,22.280552,17.598701,419.10532,0.54401416,0.0,2023-03-22 06:09:33.363013632,VNM,Vietnam,False
2023-03-22,12.690012,108.19358,22.27468,17.658802,419.67624,0.60153764,0.0,2023-03-22 06:09:33.389004288,VNM,Vietnam,False
2023-03-22,12.729795,108.19019,22.29371,17.5453,419.3603,0.5793598,0.0,2023-03-22 06:09:33.668986624,VNM,Vietnam,False
2023-03-22,12.790476,108.18645,22.323334,17.328138,420.16058,0.64548564,0.0,2023-03-22 06:09:33.895016192,VNM,Vietnam,False
2023-03-22,12.758951,108.186066,22.306683,17.493656,418.12616,0.4686199,0.0,2023-03-22 06:09:33.974999808,VNM,Vietnam,False
2023-03-22,12.748491,108.18575,22.301014,17.551147,419.64008,0.5310523,0.0,2023-03-22 06:09:34.001996288,VNM,Vietnam,False
2023-03-22,12.8092,108.18204,22.330717,17.334118,419.36496,0.5059244,0.0,2023-03-22 06:09:34.228025856,VNM,Vietnam,False
2023-03-22,12.798722,108.181984,22.32523,17.387783,419.23923,0.58314884,0.0,2023-03-22 06:09:34.255022592,VNM,Vietnam,False
2023-03-22,12.788117,108.181725,22.31951,17.443165,419.33658,0.5624129,0.0,2023-03-22 06:09:34.282018816,VNM,Vietnam,False
2023-03-22,12.777645,108.18163,22.314007,17.499683,421.12473,0.57010734,0.0,2023-03-22 06:09:34.309015296,VNM,Vietnam,False
2023-03-22,12.767178,108.18132,22.308325,17.557182,419.80737,0.45729443,0.0,2023-03-22 06:09:34.336011776,VNM,Vietnam,False
2023-03-22,12.75667,108.180916,22.302547,17.6161,419.59665,0.5667873,0.0,2023-03-22 06:09:34.363008000,VNM,Vietnam,False
2023-03-22,12.746153,108.18042,22.296696,17.676208,419.552,0.62801975,0.0,2023-03-22 06:09:34.388998656,VNM,Vietnam,False
2023-03-22,12.827753,108.17733,22.337774,17.34042,419.28317,0.55933416,0.0,2023-03-22 06:09:34.562001152,VNM,Vietnam,False
2023-03-22,12.817412,108.17753,22.33256,17.39381,419.6627,0.56232643,0.0,2023-03-22 06:09:34.587991808,VNM,Vietnam,False
2023-03-22,12.79626,108.17707,22.321196,17.505846,418.6369,0.57184815,0.0,2023-03-22 06:09:34.642024960,VNM,Vietnam,False
2023-03-22,12.775372,108.17651,22.309906,17.622086,419.87863,0.5711601,0.0,2023-03-22 06:09:34.696017664,VNM,Vietnam,False
2023-03-22,12.764777,108.1759,22.303907,17.682335,419.7463,0.49294874,0.0,2023-03-22 06:09:34.723014400,VNM,Vietnam,False
2023-03-22,12.754293,108.175415,22.298069,17.743547,419.91107,0.5992552,0.0,2023-03-22 06:09:34.749004800,VNM,Vietnam,False
2023-03-22,12.846501,108.17296,22.34522,17.346235,419.33295,0.66543394,0.0,2023-03-22 06:09:34.895011072,VNM,Vietnam,False
2023-03-22,12.836037,108.17294,22.339762,17.399837,419.4553,0.52960765,0.0,2023-03-22 06:09:34.921001472,VNM,Vietnam,False
2023-03-22,12.81504,108.17276,22.328695,17.51151,419.83264,0.5632009,0.0,2023-03-22 06:09:34.974994432,VNM,Vietnam,False
2023-03-22,12.80451,108.17236,22.322895,17.569092,419.7125,0.5931477,0.0,2023-03-22 06:09:35.001990912,VNM,Vietnam,False
2023-03-22,12.783515,108.17155,22.311323,17.68799,420.2229,0.5253786,0.0,2023-03-22 06:09:35.056023808,VNM,Vietnam,False
2023-03-22,12.773022,108.17104,22.305466,17.74919,419.69272,0.53811234,0.0,2023-03-22 06:09:35.083020288,VNM,Vietnam,False
2023-03-22,12.844265,108.16845,22.341644,17.460575,420.00174,0.6130193,0.0,2023-03-22 06:09:35.282013440,VNM,Vietnam,False
2023-03-22,12.833617,108.16809,22.335804,17.517391,419.47174,0.54770154,0.0,2023-03-22 06:09:35.309009664,VNM,Vietnam,False
2023-03-22,12.823215,108.167915,22.33025,17.574724,419.12906,0.5361663,0.0,2023-03-22 06:09:35.336006144,VNM,Vietnam,False
2023-03-22,12.812794,108.16768,22.32464,17.633436,420.25183,0.5669529,0.0,2023-03-22 06:09:35.363002880,VNM,Vietnam,False
2023-03-22,12.802238,108.16715,22.318716,17.693577,420.14404,0.6183563,0.0,2023-03-22 06:09:35.388993280,VNM,Vietnam,False
2023-03-22,12.884005,108.16416,22.36012,17.357327,419.3157,0.59259224,0.0,2023-03-22 06:09:35.561995776,VNM,Vietnam,False
2023-03-22,12.852422,108.16381,22.343363,17.52282,419.60706,0.5613643,0.0,2023-03-22 06:09:35.642019584,VNM,Vietnam,False
2023-03-22,12.841948,108.16352,22.337671,17.580288,419.69785,0.564869,0.0,2023-03-22 06:09:35.669015808,VNM,Vietnam,False
2023-03-22,12.850059,108.1587,22.339218,17.644447,419.21338,0.6202627,0.0,2023-03-22 06:09:36.029021952,VNM,Vietnam,False
2023-03-22,12.839567,108.15831,22.333431,17.704401,419.6768,0.5958982,0.0,2023-03-22 06:09:36.056018432,VNM,Vietnam,False
2023-03-22,12.889847,108.1552,22.358387,17.53291,419.4606,0.5784477,0.0,2023-03-22 06:09:36.309004288,VNM,Vietnam,False
2023-03-22,12.89806,108.15064,22.360226,17.59522,419.13535,0.5654025,0.0,2023-03-22 06:09:36.669010688,VNM,Vietnam,False
2023-03-22,12.887554,108.15032,22.354473,17.654032,418.92194,0.6074602,0.0,2023-03-22 06:09:36.696006912,VNM,Vietnam,False
2023-03-22,12.958773,108.14669,22.390059,17.377752,419.64243,0.5837951,0.0,2023-03-22 06:09:36.895000064,VNM,Vietnam,False
2023-03-22,12.906225,108.14592,22.361906,17.659758,419.8914,0.5750683,0.0,2023-03-22 06:09:37.029016576,VNM,Vietnam,False
2023-03-22,12.895702,108.14549,22.356052,17.71987,419.82532,0.60810107,0.0,2023-03-22 06:09:37.056013056,VNM,Vietnam,False
2023-03-22,12.956446,108.1422,22.386438,17.492762,420.0225,0.56702244,0.0,2023-03-22 06:09:37.282002432,VNM,Vietnam,False
2023-03-22,12.914321,108.140976,22.363369,17.726065,419.72464,0.5989143,0.0,2023-03-22 06:09:37.389022720,VNM,Vietnam,False
2023-03-22,12.964532,108.13754,22.388151,17.55559,419.52625,0.6039629,0.0,2023-03-22 06:09:37.642008832,VNM,Vietnam,False
2023-03-22,13.01461,108.132965,22.41201,17.396204,419.34302,0.5886375,0.0,2023-03-22 06:09:37.894994688,VNM,Vietnam,False
2023-03-22,12.983088,108.13298,22.395443,17.561453,419.82077,0.62757033,0.0,2023-03-22 06:09:37.975018240,VNM,Vietnam,False
2023-03-22,12.972715,108.13294,22.389969,17.618685,419.42795,0.5278239,0.0,2023-03-22 06:09:38.002014720,VNM,Vietnam,False
2023-03-22,12.962157,108.13258,22.384127,17.677607,420.45197,0.5973698,0.0,2023-03-22 06:09:38.029011200,VNM,Vietnam,False
2023-03-22,12.951685,108.132286,22.378387,17.737541,418.92914,0.60208994,0.0,2023-03-22 06:09:38.056007680,VNM,Vietnam,False
2023-03-22,13.033241,108.128586,22.419525,17.401482,420.48312,0.6144318,0.0,2023-03-22 06:09:38.228004096,VNM,Vietnam,False
2023-03-22,13.022818,108.12875,22.41417,17.454962,420.0726,0.5693078,0.0,2023-03-22 06:09:38.255000576,VNM,Vietnam,False
2023-03-22,13.01228,108.12874,22.40861,17.510132,419.5254,0.62187093,0.0,2023-03-22 06:09:38.281997312,VNM,Vietnam,False
2023-03-22,13.001777,108.12873,22.403072,17.566626,419.14127,0.58448976,0.0,2023-03-22 06:09:38.308993536,VNM,Vietnam,False
2023-03-22,12.991292,108.12852,22.397387,17.624073,418.8338,0.6238756,0.0,2023-03-22 06:09:38.335990016,VNM,Vietnam,False
2023-03-22,13.051751,108.12401,22.426817,17.406982,419.75214,0.4766139,0.0,2023-03-22 06:09:38.562019840,VNM,Vietnam,False
2023-03-22,13.041333,108.12419,22.421478,17.46045,419.95206,0.62196517,0.0,2023-03-22 06:09:38.588010240,VNM,Vietnam,False
2023-03-22,13.009915,108.12417,22.40491,17.629356,418.3783,0.60464483,0.0,2023-03-22 06:09:38.668999680,VNM,Vietnam,False
2023-03-22,13.05992,108.11972,22.428911,17.465637,419.7617,0.52475363,0.0,2023-03-22 06:09:38.921019904,VNM,Vietnam,False
2023-03-22,13.049418,108.11978,22.423418,17.520704,419.37564,0.47616622,0.0,2023-03-22 06:09:38.948016384,VNM,Vietnam,False
2023-03-22,13.038951,108.11984,22.41795,17.577097,420.0279,0.5639528,0.0,2023-03-22 06:09:38.975012864,VNM,Vietnam,False
2023-03-22,13.028587,108.11984,22.412489,17.634281,418.69424,0.60137117,0.0,2023-03-22 06:09:39.002009344,VNM,Vietnam,False
2023-03-22,13.007561,108.11923,22.400913,17.753065,420.28717,0.6362498,0.0,2023-03-22 06:09:39.056002048,VNM,Vietnam,False
2023-03-22,13.068177,108.11555,22.431147,17.52527,419.06302,0.49767777,0.0,2023-03-22 06:09:39.281991680,VNM,Vietnam,False
2023-03-22,13.057562,108.11537,22.425398,17.581944,419.4249,0.52834934,0.0,2023-03-22 06:09:39.308988160,VNM,Vietnam,False
2023-03-22,13.04712,108.11526,22.419794,17.639277,419.9044,0.46626022,0.0,2023-03-22 06:09:39.336024832,VNM,Vietnam,False
2023-03-22,13.076272,108.11107,22.433048,17.586594,419.44852,0.46261755,0.0,2023-03-22 06:09:39.641997824,VNM,Vietnam,False
2023-03-22,13.065847,108.11099,22.427479,17.643894,418.583,0.49789014,0.0,2023-03-22 06:09:39.668994304,VNM,Vietnam,False
2023-03-22,13.055308,108.1107,22.421677,17.702747,419.2427,0.4735613,0.0,2023-03-22 06:09:39.695990528,VNM,Vietnam,False
2023-03-22,13.044793,108.11038,22.415861,17.762728,419.7543,0.5904717,0.0,2023-03-22 06:09:39.722987264,VNM,Vietnam,False
2023-03-22,13.074092,108.10649,22.429443,17.707233,418.99973,0.45857963,0.0,2023-03-22 06:09:40.029000192,VNM,Vietnam,False
2023-03-22,13.063556,108.10614,22.423584,17.767252,419.10388,0.5703083,0.0,2023-03-22 06:09:40.055996928,VNM,Vietnam,False
2023-03-22,13.053002,108.1057,22.417648,17.828468,419.54193,0.5730238,0.0,2023-03-22 06:09:40.082993152,VNM,Vietnam,False
2023-03-22,13.145321,108.102356,22.465076,17.430456,419.12906,0.58979756,0.0,2023-03-22 06:09:40.227993600,VNM,Vietnam,False
2023-03-22,13.071822,108.10154,22.425478,17.832867,419.23575,0.5424061,0.0,2023-03-22 06:09:40.416002816,VNM,Vietnam,False
2023-03-22,13.153649,108.09825,22.467432,17.488426,418.7554,0.5682136,0.0,2023-03-22 06:09:40.587999488,VNM,Vietnam,False
2023-03-22,13.143089,108.09825,22.461824,17.54361,418.99484,0.53978795,0.0,2023-03-22 06:09:40.614995968,VNM,Vietnam,False
2023-03-22,13.11976,108.09317,22.446585,17.78171,418.69772,0.50685984,0.0,2023-03-22 06:09:41.055991296,VNM,Vietnam,False
2023-03-22,13.109249,108.09281,22.440723,17.842928,418.61862,0.63477933,0.0,2023-03-22 06:09:41.082987776,VNM,Vietnam,False
2023-03-22,13.149054,108.08913,22.46012,17.727194,418.2962,0.58026385,0.0,2023-03-22 06:09:41.363010304,VNM,Vietnam,False
2023-03-22,13.138496,108.088776,22.454222,17.787325,418.49466,0.52851176,0.0,2023-03-22 06:09:41.389000960,VNM,Vietnam,False
2023-03-22,13.127974,108.08842,22.448341,17.84856,419.9276,0.49187702,0.0,2023-03-22 06:09:41.415997440,VNM,Vietnam,False
2023-03-22,13.2202,108.08462,22.495586,17.451233,417.86456,0.49813417,0.0,2023-03-22 06:09:41.562003712,VNM,Vietnam,False
2023-03-22,13.20986,108.085,22.490385,17.504606,418.85828,0.6057307,0.0,2023-03-22 06:09:41.587994112,VNM,Vietnam,False
2023-03-22,13.157229,108.08438,22.461868,17.792934,418.37045,0.60213864,0.0,2023-03-22 06:09:41.723016448,VNM,Vietnam,False
2023-03-22,13.146765,108.084114,22.456093,17.854061,420.34512,0.59225625,0.0,2023-03-22 06:09:41.749007104,VNM,Vietnam,False
2023-03-22,13.228409,108.080284,22.497719,17.5106,418.4651,0.49625322,0.0,2023-03-22 06:09:41.921003776,VNM,Vietnam,False
2023-03-22,13.217921,108.080444,22.492256,17.565727,418.3198,0.46989512,0.0,2023-03-22 06:09:41.948000256,VNM,Vietnam,False
2023-03-22,13.207424,108.08054,22.486736,17.622261,419.5223,0.50515884,0.0,2023-03-22 06:09:41.974996480,VNM,Vietnam,False
2023-03-22,13.196881,108.08033,22.480947,17.679861,419.1095,0.4486808,0.0,2023-03-22 06:09:42.001993216,VNM,Vietnam,False
2023-03-22,13.186407,108.08021,22.475271,17.73867,419.9622,0.5125913,0.0,2023-03-22 06:09:42.028989440,VNM,Vietnam,False
2023-03-22,13.236548,108.07595,22.499813,17.571602,419.48236,0.51490206,0.0,2023-03-22 06:09:42.282015744,VNM,Vietnam,False
2023-03-22,13.226035,108.07603,22.494265,17.628162,418.5164,0.44290465,0.0,2023-03-22 06:09:42.309012224,VNM,Vietnam,False
2023-03-22,13.194524,108.0755,22.477037,17.804579,419.55396,0.53090614,0.0,2023-03-22 06:09:42.388995584,VNM,Vietnam,False
2023-03-22,13.183961,108.07511,22.471094,17.865885,419.66797,0.5093025,0.0,2023-03-22 06:09:42.415992064,VNM,Vietnam,False
2023-03-22,13.276359,108.07145,22.518717,17.468279,420.26712,0.49962914,0.0,2023-03-22 06:09:42.561998080,VNM,Vietnam,False
2023-03-22,13.244739,108.07166,22.50198,17.633877,419.91748,0.48801336,0.0,2023-03-22 06:09:42.642021632,VNM,Vietnam,False
2023-03-22,13.234191,108.071465,22.496187,17.691483,418.73227,0.46786746,0.0,2023-03-22 06:09:42.669018368,VNM,Vietnam,False
2023-03-22,13.213193,108.071106,22.484694,17.81035,418.68134,0.46563804,0.0,2023-03-22 06:09:42.723011072,VNM,Vietnam,False
2023-03-22,13.202638,108.07075,22.478765,17.871641,419.20416,0.55612004,0.0,2023-03-22 06:09:42.749001728,VNM,Vietnam,False
2023-03-22,13.294891,108.06677,22.526114,17.474373,419.81503,0.4846097,0.0,2023-03-22 06:09:42.895007488,VNM,Vietnam,False
2023-03-22,13.284454,108.06703,22.520735,17.527952,421.6006,0.5696834,0.0,2023-03-22 06:09:42.920998400,VNM,Vietnam,False
2023-03-22,13.253038,108.06733,22.504173,17.697056,419.38025,0.48816776,0.0,2023-03-22 06:09:43.001987584,VNM,Vietnam,False
2023-03-22,13.242402,108.06698,22.498201,17.756178,419.0178,0.50525856,0.0,2023-03-22 06:09:43.029024256,VNM,Vietnam,False
2023-03-22,13.23185,108.06669,22.492327,17.816313,418.63892,0.50201035,0.0,2023-03-22 06:09:43.056020736,VNM,Vietnam,False
2023-03-22,13.221293,108.06633,22.486399,17.877619,418.4515,0.44145983,0.0,2023-03-22 06:09:43.083017216,VNM,Vietnam,False
2023-03-22,13.29265,108.06279,22.52296,17.589062,419.68268,0.58004826,0.0,2023-03-22 06:09:43.282010368,VNM,Vietnam,False
2023-03-22,13.239917,108.06186,22.493984,17.883684,419.2103,0.4748803,0.0,2023-03-22 06:09:43.416026880,VNM,Vietnam,False
2023-03-22,13.329894,108.05375,22.538147,17.601553,421.37827,0.47156087,0.0,2023-03-22 06:09:43.947989504,VNM,Vietnam,False
2023-03-22,13.308809,108.05367,22.526768,17.715929,420.20355,0.6107334,0.0,2023-03-22 06:09:44.002022400,VNM,Vietnam,False
2023-03-22,13.298284,108.05352,22.521004,17.77491,420.60327,0.49949455,0.0,2023-03-22 06:09:44.029018880,VNM,Vietnam,False
2023-03-22,13.369242,108.04837,22.556211,17.49999,420.11673,0.5335935,0.0,2023-03-22 06:09:44.228012032,VNM,Vietnam,False
2023-03-22,13.348283,108.04884,22.54532,17.6089,421.5977,0.49606138,0.0,2023-03-22 06:09:44.282004736,VNM,Vietnam,False
2023-03-22,13.337971,108.0493,22.540154,17.665165,421.7782,0.6224697,0.0,2023-03-22 06:09:44.309001216,VNM,Vietnam,False
2023-03-22,13.317017,108.0492,22.52882,17.781605,420.30447,0.54255295,0.0,2023-03-22 06:09:44.362994176,VNM,Vietnam,False
2023-03-22,13.306278,108.04866,22.522614,17.842133,420.4085,0.48193055,0.0,2023-03-22 06:09:44.389025024,VNM,Vietnam,False
2023-03-22,13.387858,108.043816,22.563826,17.506903,418.36063,0.55252427,0.0,2023-03-22 06:09:44.561987072,VNM,Vietnam,False
2023-03-22,13.377399,108.04409,22.558413,17.560581,420.11612,0.38582692,0.0,2023-03-22 06:09:44.588017920,VNM,Vietnam,False
2023-03-22,13.366854,108.044235,22.55285,17.61589,418.16302,0.41220212,0.0,2023-03-22 06:09:44.615014656,VNM,Vietnam,False
2023-03-22,13.345919,108.04444,22.54176,17.729967,420.7701,0.50422186,0.0,2023-03-22 06:09:44.669007360,VNM,Vietnam,False
2023-03-22,13.324924,108.04421,22.530289,17.848969,421.4341,0.5660783,0.0,2023-03-22 06:09:44.723000320,VNM,Vietnam,False
2023-03-22,13.396002,108.03954,22.566023,17.567286,419.25485,0.5042671,0.0,2023-03-22 06:09:44.921027584,VNM,Vietnam,False
2023-03-22,13.385469,108.03972,22.560488,17.622519,419.0229,0.4190655,0.0,2023-03-22 06:09:44.948024320,VNM,Vietnam,False
2023-03-22,13.374953,108.03986,22.554945,17.679106,417.01987,0.5077431,0.0,2023-03-22 06:09:44.975020544,VNM,Vietnam,False
2023-03-22,13.364432,108.03979,22.549215,17.73668,418.07684,0.3662188,0.0,2023-03-22 06:09:45.002017024,VNM,Vietnam,False
2023-03-22,13.353927,108.0397,22.543497,17.795559,418.85403,0.44639078,0.0,2023-03-22 06:09:45.029013504,VNM,Vietnam,False
2023-03-22,13.343477,108.03964,22.537823,17.855503,419.28436,0.57095015,0.0,2023-03-22 06:09:45.056009728,VNM,Vietnam,False
2023-03-22,13.332955,108.0394,22.53197,17.916744,419.0344,0.5527772,0.0,2023-03-22 06:09:45.083006464,VNM,Vietnam,False
2023-03-22,13.393549,108.03534,22.56257,17.685406,419.40775,0.44209635,0.0,2023-03-22 06:09:45.308995840,VNM,Vietnam,False
2023-03-22,13.383057,108.03531,22.556894,17.742924,418.41608,0.40204597,0.0,2023-03-22 06:09:45.335992320,VNM,Vietnam,False
2023-03-22,13.372554,108.03525,22.551184,17.801796,418.18677,0.3838026,0.0,2023-03-22 06:09:45.362988800,VNM,Vietnam,False
2023-03-22,13.36203,108.03507,22.545378,17.861874,419.5511,0.4099799,0.0,2023-03-22 06:09:45.389019392,VNM,Vietnam,False
2023-03-22,13.443779,108.03035,22.586927,17.526007,419.39044,0.46760648,0.0,2023-03-22 06:09:45.562021888,VNM,Vietnam,False
2023-03-22,13.433336,108.03068,22.58155,17.579605,418.99432,0.46082476,0.0,2023-03-22 06:09:45.588012800,VNM,Vietnam,False
2023-03-22,13.391185,108.03079,22.558891,17.808014,419.18546,0.38832924,0.0,2023-03-22 06:09:45.695998464,VNM,Vietnam,False
2023-03-22,13.380661,108.03063,22.553085,17.86809,418.0749,0.40700525,0.0,2023-03-22 06:09:45.722994688,VNM,Vietnam,False
2023-03-22,13.462408,108.025894,22.594677,17.531828,419.66452,0.4322875,0.0,2023-03-22 06:09:45.894991360,VNM,Vietnam,False
2023-03-22,13.451934,108.02619,22.589252,17.58537,419.0028,0.46198025,0.0,2023-03-22 06:09:45.921022464,VNM,Vietnam,False
2023-03-22,13.441442,108.026474,22.583805,17.640415,419.1009,0.4682575,0.0,2023-03-22 06:09:45.948018688,VNM,Vietnam,False
2023-03-22,13.420369,108.02657,22.572496,17.75441,418.35846,0.44224858,0.0,2023-03-22 06:09:46.002011648,VNM,Vietnam,False
2023-03-22,13.409845,108.026505,22.56676,17.813208,417.27063,0.48172343,0.0,2023-03-22 06:09:46.029007872,VNM,Vietnam,False
2023-03-22,13.3993,108.02633,22.560926,17.873213,418.22556,0.45204264,0.0,2023-03-22 06:09:46.056004608,VNM,Vietnam,False
2023-03-22,13.388749,108.02609,22.55504,17.934393,418.51254,0.4521482,0.0,2023-03-22 06:09:46.083000832,VNM,Vietnam,False
2023-03-22,13.481036,108.02156,22.602541,17.536572,418.8132,0.49416512,0.0,2023-03-22 06:09:46.228001024,VNM,Vietnam,False
2023-03-22,13.47058,108.021904,22.59715,17.590088,418.87225,0.47055438,0.0,2023-03-22 06:09:46.254997504,VNM,Vietnam,False
2023-03-22,13.460073,108.02217,22.591677,17.645166,419.27594,0.40559357,0.0,2023-03-22 06:09:46.281993984,VNM,Vietnam,False
2023-03-22,13.449514,108.0223,22.58607,17.701725,419.16,0.48530012,0.0,2023-03-22 06:09:46.308990464,VNM,Vietnam,False
2023-03-22,13.439062,108.022385,22.580482,17.759062,418.30722,0.481959,0.0,2023-03-22 06:09:46.335986944,VNM,Vietnam,False
2023-03-22,13.428513,108.022285,22.5747,17.817913,418.3925,0.47240463,0.0,2023-03-22 06:09:46.363023616,VNM,Vietnam,False
2023-03-22,13.407401,108.021866,22.562954,17.939135,415.04227,0.5215886,0.0,2023-03-22 06:09:46.416010496,VNM,Vietnam,False
2023-03-22,13.478681,108.01782,22.599518,17.649952,418.63086,0.51655644,0.0,2023-03-22 06:09:46.615003648,VNM,Vietnam,False
2023-03-22,13.468139,108.018,22.593943,17.706484,418.75064,0.43971705,0.0,2023-03-22 06:09:46.642000128,VNM,Vietnam,False
2023-03-22,13.457668,108.01806,22.588322,17.76386,418.61682,0.46203387,0.0,2023-03-22 06:09:46.668996608,VNM,Vietnam,False
2023-03-22,13.447169,108.01804,22.582634,17.822622,417.49442,0.45085037,0.0,2023-03-22 06:09:46.695992832,VNM,Vietnam,False
2023-03-22,13.436657,108.017944,22.576862,17.88258,417.36038,0.44938082,0.0,2023-03-22 06:09:46.722989312,VNM,Vietnam,False
2023-03-22,13.426081,108.01768,22.57093,17.943815,417.56927,0.48298824,0.0,2023-03-22 06:09:46.749020160,VNM,Vietnam,False
2023-03-22,13.518447,108.0131,22.61855,17.546215,419.1223,0.5192026,0.0,2023-03-22 06:09:46.895026176,VNM,Vietnam,False
2023-03-22,13.486781,108.0136,22.601768,17.712091,418.35165,0.4751413,0.0,2023-03-22 06:09:46.975009792,VNM,Vietnam,False
2023-03-22,13.476302,108.01364,22.596119,17.769625,418.2565,0.4659759,0.0,2023-03-22 06:09:47.002006016,VNM,Vietnam,False
2023-03-22,13.465785,108.013596,22.590384,17.828564,418.64163,0.46971443,0.0,2023-03-22 06:09:47.029002752,VNM,Vietnam,False
2023-03-22,13.455272,108.01348,22.584597,17.888659,416.27563,0.49170882,0.0,2023-03-22 06:09:47.055998976,VNM,Vietnam,False
2023-03-22,13.537072,108.00854,22.626263,17.552708,419.22433,0.4712551,0.0,2023-03-22 06:09:47.227995648,VNM,Vietnam,False
2023-03-22,13.526588,108.00884,22.620808,17.606426,418.31305,0.49468666,0.0,2023-03-22 06:09:47.254992128,VNM,Vietnam,False
2023-03-22,13.484434,108.00912,22.598146,17.835,419.25778,0.54439974,0.0,2023-03-22 06:09:47.363017984,VNM,Vietnam,False
2023-03-22,13.473901,108.00899,22.592327,17.895124,419.15005,0.45809183,0.0,2023-03-22 06:09:47.389008640,VNM,Vietnam,False
2023-03-22,13.463353,108.008766,22.586435,17.95644,418.46442,0.46142033,0.0,2023-03-22 06:09:47.416005120,VNM,Vietnam,False
2023-03-22,13.5558195,108.00418,22.63422,17.558954,418.25525,0.55747586,0.0,2023-03-22 06:09:47.562011136,VNM,Vietnam,False
2023-03-22,13.545291,108.00442,22.628681,17.612757,417.74637,0.51397413,0.0,2023-03-22 06:09:47.588001792,VNM,Vietnam,False
2023-03-22,13.534703,108.00457,22.623043,17.668133,418.5004,0.4417566,0.0,2023-03-22 06:09:47.614998272,VNM,Vietnam,False
2023-03-22,13.524192,108.0048,22.61751,17.72475,418.74686,0.44670066,0.0,2023-03-22 06:09:47.641994752,VNM,Vietnam,False
2023-03-22,13.4819975,108.00431,22.594206,17.96286,418.37485,0.57608056,0.0,2023-03-22 06:09:47.749014784,VNM,Vietnam,False
2023-03-22,13.5745,107.99973,22.642078,17.56537,419.39148,0.54851675,0.0,2023-03-22 06:09:47.895021056,VNM,Vietnam,False
2023-03-22,13.553432,108.00022,22.630997,17.674494,415.88623,0.56305957,0.0,2023-03-22 06:09:47.948007936,VNM,Vietnam,False
2023-03-22,13.542813,108.00029,22.62527,17.731325,417.85553,0.51891655,0.0,2023-03-22 06:09:47.975004160,VNM,Vietnam,False
2023-03-22,13.532321,108.000336,22.619602,17.788897,418.66107,0.48950523,0.0,2023-03-22 06:09:48.002000896,VNM,Vietnam,False
2023-03-22,13.593148,107.99527,22.649921,17.571991,419.00674,0.5223141,0.0,2023-03-22 06:09:48.227990272,VNM,Vietnam,False
2023-03-22,13.582675,107.99561,22.644485,17.62571,419.3443,0.5764239,0.0,2023-03-22 06:09:48.255026944,VNM,Vietnam,False
2023-03-22,13.5721245,107.99585,22.638922,17.681034,418.6465,0.46101132,0.0,2023-03-22 06:09:48.282023424,VNM,Vietnam,False
2023-03-22,13.561521,107.99594,22.633223,17.737839,417.04968,0.5249291,0.0,2023-03-22 06:09:48.309019904,VNM,Vietnam,False
2023-03-22,13.550978,107.99592,22.627462,17.795502,417.6944,0.5006789,0.0,2023-03-22 06:09:48.336016128,VNM,Vietnam,False
2023-03-22,13.54041,107.995834,22.621641,17.854542,418.8075,0.49321568,0.0,2023-03-22 06:09:48.363012864,VNM,Vietnam,False
2023-03-22,13.519433,107.995705,22.610125,17.975824,418.46176,0.52651465,0.0,2023-03-22 06:09:48.415999744,VNM,Vietnam,False
2023-03-22,13.611902,107.990974,22.657974,17.5784,420.24854,0.5243248,0.0,2023-03-22 06:09:48.562005760,VNM,Vietnam,False
2023-03-22,13.590745,107.991356,22.646729,17.687693,418.51672,0.5057576,0.0,2023-03-22 06:09:48.614992896,VNM,Vietnam,False
2023-03-22,13.580185,107.99153,22.64111,17.744417,419.1313,0.533509,0.0,2023-03-22 06:09:48.641989120,VNM,Vietnam,False
2023-03-22,13.569691,107.99159,22.635437,17.80199,417.02264,0.57256025,0.0,2023-03-22 06:09:48.668985600,VNM,Vietnam,False
2023-03-22,13.559108,107.99149,22.62959,17.861057,417.0843,0.5451489,0.0,2023-03-22 06:09:48.696022272,VNM,Vietnam,False
2023-03-22,13.537957,107.99112,22.617767,17.982645,419.0055,0.57238245,0.0,2023-03-22 06:09:48.749009408,VNM,Vietnam,False
2023-03-22,13.630525,107.986496,22.665815,17.584845,418.2045,0.5190204,0.0,2023-03-22 06:09:48.895015424,VNM,Vietnam,False
2023-03-22,13.6200285,107.98683,22.660343,17.63855,417.66324,0.6169097,0.0,2023-03-22 06:09:48.921006080,VNM,Vietnam,False
2023-03-22,13.588322,107.98719,22.643318,17.808195,418.66562,0.5045127,0.0,2023-03-22 06:09:49.001995264,VNM,Vietnam,False
2023-03-22,13.567258,107.98711,22.631762,17.927198,417.7621,0.5495353,0.0,2023-03-22 06:09:49.055988224,VNM,Vietnam,False
2023-03-22,13.55664,107.98684,22.625757,17.988598,418.0367,0.52833176,0.0,2023-03-22 06:09:49.083024896,VNM,Vietnam,False
2023-03-22,13.649131,107.982056,22.673689,17.590778,419.45123,0.5739312,0.0,2023-03-22 06:09:49.228024832,VNM,Vietnam,False
2023-03-22,13.638641,107.98241,22.668228,17.644476,418.59656,0.5122553,0.0,2023-03-22 06:09:49.255021568,VNM,Vietnam,False
2023-03-22,13.628106,107.9827,22.662699,17.699722,418.02658,0.51987725,0.0,2023-03-22 06:09:49.282018048,VNM,Vietnam,False
2023-03-22,13.617528,107.982864,22.657053,17.75643,418.18094,0.5484013,0.0,2023-03-22 06:09:49.309014272,VNM,Vietnam,False
2023-03-22,13.575308,107.98255,22.633745,17.994448,418.82397,0.5911633,0.0,2023-03-22 06:09:49.415994112,VNM,Vietnam,False
2023-03-22,13.667783,107.977684,22.68166,17.596613,419.1353,0.61470246,0.0,2023-03-22 06:09:49.562000384,VNM,Vietnam,False
2023-03-22,13.657304,107.97806,22.676222,17.650297,419.39264,0.59863573,0.0,2023-03-22 06:09:49.587991040,VNM,Vietnam,False
2023-03-22,13.646766,107.978355,22.670685,17.705555,419.4234,0.5836275,0.0,2023-03-22 06:09:49.615027712,VNM,Vietnam,False
2023-03-22,13.636152,107.97848,22.664976,17.762331,418.02118,0.53411144,0.0,2023-03-22 06:09:49.642023936,VNM,Vietnam,False
2023-03-22,13.62565,107.97855,22.659296,17.819872,417.89374,0.47207406,0.0,2023-03-22 06:09:49.669020416,VNM,Vietnam,False
2023-03-22,13.615294,107.978836,22.65386,17.878485,418.95245,0.5485092,0.0,2023-03-22 06:09:49.696016896,VNM,Vietnam,False
2023-03-22,13.686408,107.973236,22.689564,17.602896,418.64996,0.5973722,0.0,2023-03-22 06:09:49.895010048,VNM,Vietnam,False
2023-03-22,13.67592,107.973595,22.684097,17.656721,419.3005,0.6306733,0.0,2023-03-22 06:09:49.921000448,VNM,Vietnam,False
2023-03-22,13.665348,107.97383,22.678492,17.712162,418.0502,0.4909715,0.0,2023-03-22 06:09:49.947997184,VNM,Vietnam,False
2023-03-22,13.654768,107.974,22.672834,17.769001,418.5574,0.58199126,0.0,2023-03-22 06:09:49.974993408,VNM,Vietnam,False
2023-03-22,13.644296,107.97412,22.667198,17.826612,418.13165,0.59175056,0.0,2023-03-22 06:09:50.001989888,VNM,Vietnam,False
2023-03-22,13.633768,107.97414,22.661448,17.885653,418.6922,0.5087825,0.0,2023-03-22 06:09:50.028986368,VNM,Vietnam,False
2023-03-22,13.70495,107.968544,22.69724,17.610428,419.74054,0.5039522,0.0,2023-03-22 06:09:50.228019712,VNM,Vietnam,False
2023-03-22,13.694485,107.96895,22.691816,17.66421,418.46613,0.56725544,0.0,2023-03-22 06:09:50.255016192,VNM,Vietnam,False
2023-03-22,13.683952,107.96925,22.686283,17.71958,420.36584,0.59470564,0.0,2023-03-22 06:09:50.282012416,VNM,Vietnam,False
2023-03-22,13.673415,107.969505,22.680704,17.776337,419.378,0.5918331,0.0,2023-03-22 06:09:50.309009152,VNM,Vietnam,False
2023-03-22,13.662904,107.969574,22.674997,17.834017,419.01443,0.517877,0.0,2023-03-22 06:09:50.336005376,VNM,Vietnam,False
2023-03-22,13.652388,107.96961,22.66927,17.893036,419.26437,0.5780327,0.0,2023-03-22 06:09:50.363001856,VNM,Vietnam,False
2023-03-22,13.641811,107.96949,22.663376,17.953321,419.55627,0.5716891,0.0,2023-03-22 06:09:50.388992256,VNM,Vietnam,False
2023-03-22,13.723665,107.964134,22.705252,17.617626,418.60022,0.5626683,0.0,2023-03-22 06:09:50.561995008,VNM,Vietnam,False
2023-03-22,13.713135,107.96444,22.699707,17.671528,418.79196,0.59009945,0.0,2023-03-22 06:09:50.588025856,VNM,Vietnam,False
2023-03-22,13.70254,107.96466,22.69406,17.72701,419.3978,0.5389915,0.0,2023-03-22 06:09:50.615022080,VNM,Vietnam,False
2023-03-22,13.691956,107.96484,22.688396,17.783852,419.32693,0.5270041,0.0,2023-03-22 06:09:50.642018560,VNM,Vietnam,False
2023-03-22,13.681479,107.96497,22.682755,17.841467,419.05157,0.5411723,0.0,2023-03-22 06:09:50.669015040,VNM,Vietnam,False
2023-03-22,13.671007,107.965096,22.677105,17.900402,419.09583,0.59808964,0.0,2023-03-22 06:09:50.696011520,VNM,Vietnam,False
2023-03-22,13.66039,107.96492,22.67114,17.96076,419.55142,0.5456147,0.0,2023-03-22 06:09:50.723008000,VNM,Vietnam,False
2023-03-22,13.649858,107.96481,22.665285,18.022121,419.79758,0.6147576,0.0,2023-03-22 06:09:50.748998656,VNM,Vietnam,False
2023-03-22,13.742371,107.95966,22.713224,17.624828,420.1793,0.5706369,0.0,2023-03-22 06:09:50.895004416,VNM,Vietnam,False
2023-03-22,13.731805,107.95991,22.707605,17.678793,419.03635,0.5510237,0.0,2023-03-22 06:09:50.920995328,VNM,Vietnam,False
2023-03-22,13.721186,107.96008,22.701902,17.734318,418.17496,0.5809595,0.0,2023-03-22 06:09:50.947991552,VNM,Vietnam,False
2023-03-22,13.710644,107.960335,22.696304,17.79108,419.0987,0.5691637,0.0,2023-03-22 06:09:50.974988032,VNM,Vietnam,False
2023-03-22,13.700133,107.96041,22.690594,17.848751,418.35645,0.54378474,0.0,2023-03-22 06:09:51.002024704,VNM,Vietnam,False
2023-03-22,13.689595,107.96043,22.684816,17.9078,418.68597,0.5465464,0.0,2023-03-22 06:09:51.029021184,VNM,Vietnam,False
2023-03-22,13.679036,107.960335,22.678947,17.968046,418.68326,0.5898701,0.0,2023-03-22 06:09:51.056017664,VNM,Vietnam,False
2023-03-22,13.668531,107.960266,22.67313,18.029354,419.80896,0.5962916,0.0,2023-03-22 06:09:51.083013888,VNM,Vietnam,False
2023-03-22,13.750562,107.95542,22.715591,17.685884,419.07904,0.58763695,0.0,2023-03-22 06:09:51.255010560,VNM,Vietnam,False
2023-03-22,13.740057,107.95578,22.710098,17.741198,419.26938,0.55679005,0.0,2023-03-22 06:09:51.282007296,VNM,Vietnam,False
2023-03-22,13.729374,107.95581,22.704245,17.798212,418.3492,0.55081964,0.0,2023-03-22 06:09:51.309003520,VNM,Vietnam,False
2023-03-22,13.718856,107.95589,22.698519,17.85589,417.72528,0.5724899,0.0,2023-03-22 06:09:51.336000000,VNM,Vietnam,False
2023-03-22,13.708294,107.95587,22.6927,17.914978,418.59006,0.60534585,0.0,2023-03-22 06:09:51.362996224,VNM,Vietnam,False
2023-03-22,13.697767,107.95584,22.68689,17.97516,418.31628,0.58666664,0.0,2023-03-22 06:09:51.388987136,VNM,Vietnam,False
2023-03-22,13.687168,107.95564,22.680904,18.03663,418.12112,0.6350306,0.0,2023-03-22 06:09:51.416023808,VNM,Vietnam,False
2023-03-22,13.748184,107.95142,22.712343,17.805185,419.5896,0.5573815,0.0,2023-03-22 06:09:51.642013184,VNM,Vietnam,False
2023-03-22,13.737636,107.951454,22.70656,17.862915,418.79462,0.5335255,0.0,2023-03-22 06:09:51.669009664,VNM,Vietnam,False
2023-03-22,13.798353,107.945724,22.736713,17.6466,419.13538,0.59010124,0.0,2023-03-22 06:09:51.894999040,VNM,Vietnam,False
2023-03-22,13.787916,107.94621,22.731337,17.700315,418.0416,0.57549745,0.0,2023-03-22 06:09:51.920989696,VNM,Vietnam,False
2023-03-22,13.777402,107.94658,22.72583,17.755638,416.6827,0.58986306,0.0,2023-03-22 06:09:51.948026368,VNM,Vietnam,False
2023-03-22,13.766971,107.94703,22.720436,17.812187,418.02274,0.57338804,0.0,2023-03-22 06:09:51.975022848,VNM,Vietnam,False
2023-03-22,13.745806,107.94699,22.708744,17.929094,418.74704,0.57282877,0.0,2023-03-22 06:09:52.029015808,VNM,Vietnam,False
2023-03-22,13.735216,107.946884,22.702827,17.989378,419.12323,0.57972753,0.0,2023-03-22 06:09:52.056012032,VNM,Vietnam,False
2023-03-22,13.817121,107.941315,22.744814,17.653633,419.7421,0.6009209,0.0,2023-03-22 06:09:52.228008704,VNM,Vietnam,False
2023-03-22,13.806603,107.94167,22.73929,17.707493,418.6,0.5875412,0.0,2023-03-22 06:09:52.255005440,VNM,Vietnam,False
2023-03-22,13.796013,107.94193,22.733643,17.76295,418.4592,0.55620944,0.0,2023-03-22 06:09:52.282001664,VNM,Vietnam,False
2023-03-22,13.785436,107.94216,22.727987,17.819761,418.6056,0.5944511,0.0,2023-03-22 06:09:52.308998144,VNM,Vietnam,False
2023-03-22,13.775024,107.94243,22.72246,17.877235,416.8064,0.55657935,0.0,2023-03-22 06:09:52.335994368,VNM,Vietnam,False
2023-03-22,13.74337,107.94232,22.704918,18.057877,419.09467,0.55891085,0.0,2023-03-22 06:09:52.416018176,VNM,Vietnam,False
2023-03-22,13.835784,107.93674,22.752737,17.660843,419.5447,0.56924593,0.0,2023-03-22 06:09:52.562024448,VNM,Vietnam,False
2023-03-22,13.825287,107.93713,22.74725,17.714664,418.95557,0.5647354,0.0,2023-03-22 06:09:52.588014848,VNM,Vietnam,False
2023-03-22,13.814793,107.93755,22.74178,17.769941,420.32288,0.5666498,0.0,2023-03-22 06:09:52.615011328,VNM,Vietnam,False
2023-03-22,13.804148,107.93768,22.736,17.826872,419.07214,0.5243961,0.0,2023-03-22 06:09:52.642007808,VNM,Vietnam,False
2023-03-22,13.793661,107.93784,22.730335,17.884478,418.42114,0.565977,0.0,2023-03-22 06:09:52.669004288,VNM,Vietnam,False
2023-03-22,13.783109,107.93788,22.72454,17.94353,417.76776,0.57166165,0.0,2023-03-22 06:09:52.696000512,VNM,Vietnam,False
2023-03-22,13.762064,107.93785,22.712898,18.065004,418.28494,0.56007606,0.0,2023-03-22 06:09:52.748987648,VNM,Vietnam,False
2023-03-22,13.854453,107.93218,22.7607,17.667973,418.5078,0.5488195,0.0,2023-03-22 06:09:52.894993664,VNM,Vietnam,False
2023-03-22,13.843971,107.932625,22.755243,17.721748,419.11865,0.5830455,0.0,2023-03-22 06:09:52.921024512,VNM,Vietnam,False
2023-03-22,13.833421,107.93297,22.749676,17.777111,418.7272,0.57260597,0.0,2023-03-22 06:09:52.948020992,VNM,Vietnam,False
2023-03-22,13.822769,107.933105,22.74389,17.834032,419.2141,0.5918981,0.0,2023-03-22 06:09:52.975017472,VNM,Vietnam,False
2023-03-22,13.801805,107.93344,22.732573,17.95052,419.5005,0.5489974,0.0,2023-03-22 06:09:53.029010176,VNM,Vietnam,False
2023-03-22,13.862591,107.928055,22.76317,17.72881,418.92044,0.58837456,0.0,2023-03-22 06:09:53.254999808,VNM,Vietnam,False
2023-03-22,13.831001,107.92889,22.746338,17.898493,418.4943,0.61546147,0.0,2023-03-22 06:09:53.335988992,VNM,Vietnam,False
2023-03-22,13.820385,107.928856,22.740433,17.957636,418.70374,0.61366767,0.0,2023-03-22 06:09:53.363025664,VNM,Vietnam,False
2023-03-22,13.809854,107.92888,22.734627,18.017786,418.84903,0.58990884,0.0,2023-03-22 06:09:53.389016320,VNM,Vietnam,False
2023-03-22,13.799341,107.92887,22.728807,18.07906,417.85544,0.56898886,0.0,2023-03-22 06:09:53.416012800,VNM,Vietnam,False
2023-03-22,13.860173,107.92426,22.760057,17.84783,419.59488,0.5111962,0.0,2023-03-22 06:09:53.642002432,VNM,Vietnam,False
2023-03-22,13.828564,107.92449,22.742731,18.024654,419.46716,0.60306954,0.0,2023-03-22 06:09:53.722991616,VNM,Vietnam,False
2023-03-22,13.817949,107.92434,22.736734,18.086102,419.29205,0.5923219,0.0,2023-03-22 06:09:53.749022464,VNM,Vietnam,False
2023-03-22,13.91037,107.91861,22.784674,17.688461,419.04782,0.5914771,0.0,2023-03-22 06:09:53.894988288,VNM,Vietnam,False
2023-03-22,13.878761,107.91978,22.768047,17.853884,419.0653,0.59836,0.0,2023-03-22 06:09:53.975012096,VNM,Vietnam,False
2023-03-22,13.868304,107.920044,22.762455,17.911253,418.17627,0.5892076,0.0,2023-03-22 06:09:54.002008320,VNM,Vietnam,False
2023-03-22,13.928968,107.91422,22.792776,17.693485,419.36755,0.55875844,0.0,2023-03-22 06:09:54.227997952,VNM,Vietnam,False
2023-03-22,13.908004,107.915215,22.781908,17.80218,420.08963,0.5725171,0.0,2023-03-22 06:09:54.281990656,VNM,Vietnam,False
2023-03-22,13.897414,107.915504,22.776253,17.858826,419.5295,0.6097978,0.0,2023-03-22 06:09:54.308987136,VNM,Vietnam,False
2023-03-22,13.886932,107.91574,22.770618,17.916245,418.49652,0.567896,0.0,2023-03-22 06:09:54.336023808,VNM,Vietnam,False
2023-03-22,13.947582,107.90987,22.800924,17.698467,419.11115,0.57497233,0.0,2023-03-22 06:09:54.562013440,VNM,Vietnam,False
2023-03-22,13.926637,107.910904,22.790092,17.807138,418.6014,0.5742992,0.0,2023-03-22 06:09:54.615000576,VNM,Vietnam,False
2023-03-22,13.905611,107.911514,22.778883,17.921135,419.47702,0.6324025,0.0,2023-03-22 06:09:54.668993536,VNM,Vietnam,False
2023-03-22,13.895023,107.911575,22.773046,17.980076,418.94147,0.6047462,0.0,2023-03-22 06:09:54.695989760,VNM,Vietnam,False
2023-03-22,13.966195,107.90549,22.809069,17.703642,419.93002,0.6493047,0.0,2023-03-22 06:09:54.895023104,VNM,Vietnam,False
2023-03-22,13.955685,107.90595,22.803576,17.757378,420.0183,0.6012452,0.0,2023-03-22 06:09:54.921013760,VNM,Vietnam,False
2023-03-22,13.934589,107.90673,22.792448,17.869284,419.1636,0.58093566,0.0,2023-03-22 06:09:54.975006464,VNM,Vietnam,False
2023-03-22,13.924243,107.90719,22.787054,17.926529,419.0089,0.55713767,0.0,2023-03-22 06:09:55.002002944,VNM,Vietnam,False
2023-03-22,13.892546,107.90729,22.769503,18.106894,419.77127,0.62676674,0.0,2023-03-22 06:09:55.082992384,VNM,Vietnam,False
2023-03-22,13.984888,107.9012,22.817345,17.709198,419.62564,0.6179714,0.0,2023-03-22 06:09:55.227992576,VNM,Vietnam,False
2023-03-22,13.974371,107.901665,22.81184,17.762953,420.2759,0.6288953,0.0,2023-03-22 06:09:55.254988800,VNM,Vietnam,False
2023-03-22,13.963838,107.90211,22.806316,17.818197,419.57034,0.60891074,0.0,2023-03-22 06:09:55.282025472,VNM,Vietnam,False
2023-03-22,13.953217,107.90237,22.800606,17.874971,418.7029,0.632436,0.0,2023-03-22 06:09:55.309021952,VNM,Vietnam,False
2023-03-22,13.942822,107.90276,22.795126,17.932304,419.84882,0.5888986,0.0,2023-03-22 06:09:55.336018688,VNM,Vietnam,False
2023-03-22,13.932306,107.90295,22.789415,17.991182,419.9721,0.6066435,0.0,2023-03-22 06:09:55.363014912,VNM,Vietnam,False
2023-03-22,13.92179,107.90305,22.78365,18.051218,419.96094,0.62218475,0.0,2023-03-22 06:09:55.389005568,VNM,Vietnam,False
2023-03-22,14.00349,107.896774,22.825468,17.714909,419.24695,0.5580281,0.0,2023-03-22 06:09:55.562007808,VNM,Vietnam,False
2023-03-22,13.982531,107.897835,22.814606,17.82375,419.60358,0.64362454,0.0,2023-03-22 06:09:55.614994944,VNM,Vietnam,False
2023-03-22,13.961415,107.89835,22.803238,17.938038,419.65234,0.61174524,0.0,2023-03-22 06:09:55.668987904,VNM,Vietnam,False
2023-03-22,13.950833,107.89845,22.797413,17.997034,419.43555,0.609253,0.0,2023-03-22 06:09:55.696024576,VNM,Vietnam,False
2023-03-22,13.929832,107.89868,22.785894,18.11821,418.96265,0.5958742,0.0,2023-03-22 06:09:55.749011456,VNM,Vietnam,False
2023-03-22,14.022088,107.892365,22.833612,17.720448,419.0785,0.5827018,0.0,2023-03-22 06:09:55.895017728,VNM,Vietnam,False
2023-03-22,14.011638,107.89295,22.828236,17.774036,419.29562,0.57491326,0.0,2023-03-22 06:09:55.921008384,VNM,Vietnam,False
2023-03-22,14.001121,107.89344,22.822748,17.829208,419.05063,0.587587,0.0,2023-03-22 06:09:55.948004608,VNM,Vietnam,False
2023-03-22,13.990509,107.893745,22.817059,17.885921,418.89603,0.60311735,0.0,2023-03-22 06:09:55.975001088,VNM,Vietnam,False
2023-03-22,13.98011,107.89416,22.811579,17.94322,419.63043,0.54227304,0.0,2023-03-22 06:09:56.001997568,VNM,Vietnam,False
2023-03-22,13.969521,107.89425,22.805746,18.002184,420.15454,0.5745709,0.0,2023-03-22 06:09:56.028994048,VNM,Vietnam,False
2023-03-22,13.948375,107.8943,22.793985,18.123526,419.32007,0.60646874,0.0,2023-03-22 06:09:56.083027200,VNM,Vietnam,False
2023-03-22,14.019728,107.88912,22.83097,17.83427,419.5833,0.58137053,0.0,2023-03-22 06:09:56.282020096,VNM,Vietnam,False
2023-03-22,14.009185,107.88954,22.825405,17.890871,419.57925,0.5725206,0.0,2023-03-22 06:09:56.309016832,VNM,Vietnam,False
2023-03-22,13.988197,107.89006,22.814093,18.007145,419.53516,0.5872133,0.0,2023-03-22 06:09:56.363009536,VNM,Vietnam,False
2023-03-22,14.027789,107.88522,22.833635,17.895933,419.3895,0.5795477,0.0,2023-03-22 06:09:56.641986048,VNM,Vietnam,False
2023-03-22,14.017338,107.88557,22.828064,17.953339,419.5657,0.56203675,0.0,2023-03-22 06:09:56.669022720,VNM,Vietnam,False
2023-03-22,14.006813,107.88578,22.822346,18.0122,419.01593,0.56111246,0.0,2023-03-22 06:09:56.696019200,VNM,Vietnam,False
2023-03-22,13.985713,107.88593,22.81067,18.133484,418.4089,0.5720435,0.0,2023-03-22 06:09:56.749006336,VNM,Vietnam,False
2023-03-22,14.025415,107.881424,22.830542,18.017727,419.3132,0.54130447,0.0,2023-03-22 06:09:57.028988672,VNM,Vietnam,False
2023-03-22,14.208423,107.84772,22.915527,17.780722,418.79617,0.5511602,0.0,2023-03-22 06:09:59.228011008,VNM,Vietnam,False
2023-03-22,14.253895,107.83479,22.934803,17.853003,420.3138,0.40561426,0.0,2023-03-22 06:10:00.255002112,VNM,Vietnam,False
2023-03-22,14.232821,107.83586,22.923708,17.965027,419.30496,0.4477155,0.0,2023-03-22 06:10:00.308995072,VNM,Vietnam,False
2023-03-22,14.251519,107.8314,22.932018,17.971174,420.52185,0.43418124,0.0,2023-03-22 06:10:00.642004480,VNM,Vietnam,False
2023-03-22,14.241046,107.831795,22.9264,18.028713,420.2028,0.4518181,0.0,2023-03-22 06:10:00.669001216,VNM,Vietnam,False
2023-03-22,14.24928,107.827705,22.929081,18.093977,418.8348,0.5020389,0.0,2023-03-22 06:10:01.029007104,VNM,Vietnam,False
2023-03-22,14.238764,107.82795,22.923317,18.154099,419.58966,0.4891301,0.0,2023-03-22 06:10:01.056003584,VNM,Vietnam,False
2023-03-22,14.320435,107.82058,22.965117,17.818262,419.0086,0.46355414,0.0,2023-03-22 06:10:01.228000256,VNM,Vietnam,False
2023-03-22,14.299465,107.821884,22.954222,17.92733,419.77014,0.5018838,0.0,2023-03-22 06:10:01.281993216,VNM,Vietnam,False
2023-03-22,14.288955,107.82246,22.948698,17.98401,420.13812,0.38905546,0.0,2023-03-22 06:10:01.308989440,VNM,Vietnam,False
2023-03-22,14.328691,107.816765,22.968054,17.878534,420.04663,0.41782856,0.0,2023-03-22 06:10:01.588006144,VNM,Vietnam,False
2023-03-22,14.31815,107.817345,22.962513,17.933895,419.12732,0.44966424,0.0,2023-03-22 06:10:01.615002624,VNM,Vietnam,False
2023-03-22,14.307619,107.817894,22.956955,17.990608,419.38766,0.48016652,0.0,2023-03-22 06:10:01.641999360,VNM,Vietnam,False
2023-03-22,14.357826,107.8115,22.981747,17.831476,419.24026,0.529518,0.0,2023-03-22 06:10:01.895025152,VNM,Vietnam,False
2023-03-22,14.3263035,107.813354,22.96525,17.9974,418.89813,0.4646666,0.0,2023-03-22 06:10:01.975009024,VNM,Vietnam,False
2023-03-22,14.315821,107.81377,22.95961,18.055016,418.83893,0.42096663,0.0,2023-03-22 06:10:02.002005248,VNM,Vietnam,False
2023-03-22,14.366068,107.807655,22.984665,17.89226,419.12924,0.53529274,0.0,2023-03-22 06:10:02.254991360,VNM,Vietnam,False
2023-03-22,14.324012,107.8096,22.962236,18.120977,419.11575,0.4885877,0.0,2023-03-22 06:10:02.363016960,VNM,Vietnam,False
2023-03-22,14.384757,107.80309,22.992985,17.899258,417.28113,0.5492925,0.0,2023-03-22 06:10:02.588000768,VNM,Vietnam,False
2023-03-22,14.363667,107.80424,22.981852,18.01142,418.7689,0.5025022,0.0,2023-03-22 06:10:02.641993728,VNM,Vietnam,False
2023-03-22,14.342714,107.8051,22.970581,18.127934,419.78864,0.49754077,0.0,2023-03-22 06:10:02.696026880,VNM,Vietnam,False
2023-03-22,14.33218,107.80536,22.964787,18.188103,419.17056,0.5918452,0.0,2023-03-22 06:10:02.723023360,VNM,Vietnam,False
2023-03-22,14.321593,107.80549,22.958857,18.249514,418.44302,0.46312234,0.0,2023-03-22 06:10:02.749014016,VNM,Vietnam,False
2023-03-22,14.413861,107.79775,23.00666,17.852564,418.55963,0.532425,0.0,2023-03-22 06:10:02.895020032,VNM,Vietnam,False
2023-03-22,14.39292,107.79919,22.995817,17.96165,418.2102,0.5554952,0.0,2023-03-22 06:10:02.948007168,VNM,Vietnam,False
2023-03-22,14.371834,107.80011,22.9845,18.07614,419.17123,0.4959787,0.0,2023-03-22 06:10:03.001999872,VNM,Vietnam,False
2023-03-22,14.422064,107.79393,23.00959,17.913494,418.3585,0.5794278,0.0,2023-03-22 06:10:03.255026176,VNM,Vietnam,False
2023-03-22,14.411549,107.79459,23.004095,17.968843,418.5598,0.4933268,0.0,2023-03-22 06:10:03.282022400,VNM,Vietnam,False
2023-03-22,14.401028,107.795204,22.998558,18.025574,418.74838,0.4892836,0.0,2023-03-22 06:10:03.309018880,VNM,Vietnam,False
2023-03-22,14.379999,107.79599,22.987164,18.142231,418.4514,0.4542547,0.0,2023-03-22 06:10:03.363011840,VNM,Vietnam,False
2023-03-22,14.369423,107.79621,22.9813,18.202475,419.57825,0.4737805,0.0,2023-03-22 06:10:03.389002240,VNM,Vietnam,False
2023-03-22,14.451216,107.78869,23.023403,17.86677,418.15765,0.575024,0.0,2023-03-22 06:10:03.562004736,VNM,Vietnam,False
2023-03-22,14.419652,107.79061,23.006844,18.032757,419.49548,0.5101725,0.0,2023-03-22 06:10:03.641988352,VNM,Vietnam,False
2023-03-22,14.388094,107.79172,22.98967,18.209572,417.63397,0.55405265,0.0,2023-03-22 06:10:03.723017984,VNM,Vietnam,False
2023-03-22,14.469877,107.78416,23.031786,17.87387,418.6711,0.55593336,0.0,2023-03-22 06:10:03.895014400,VNM,Vietnam,False
2023-03-22,14.4593725,107.78484,23.026302,17.927744,418.41714,0.5173334,0.0,2023-03-22 06:10:03.921005312,VNM,Vietnam,False
2023-03-22,14.448826,107.785484,23.020758,17.983145,417.69583,0.55206555,0.0,2023-03-22 06:10:03.948001536,VNM,Vietnam,False
2023-03-22,14.417284,107.78696,23.003857,18.156507,418.96588,0.5187508,0.0,2023-03-22 06:10:04.028990720,VNM,Vietnam,False
2023-03-22,14.406758,107.78728,22.998087,18.216663,418.14276,0.5357609,0.0,2023-03-22 06:10:04.055987456,VNM,Vietnam,False
2023-03-22,14.488526,107.77966,23.040207,17.880964,418.12668,0.55030066,0.0,2023-03-22 06:10:04.228024320,VNM,Vietnam,False
2023-03-22,14.478002,107.780334,23.034687,17.934875,418.36188,0.5796255,0.0,2023-03-22 06:10:04.255020544,VNM,Vietnam,False
2023-03-22,14.467457,107.78098,23.029148,17.990274,418.67847,0.49662718,0.0,2023-03-22 06:10:04.282017024,VNM,Vietnam,False
2023-03-22,14.45691,107.781586,23.023571,18.047047,418.49268,0.47513163,0.0,2023-03-22 06:10:04.309013248,VNM,Vietnam,False
2023-03-22,14.507175,107.77518,23.048641,17.888044,418.59604,0.5255773,0.0,2023-03-22 06:10:04.561999360,VNM,Vietnam,False
2023-03-22,14.486135,107.77655,23.03763,17.997309,417.73517,0.5501926,0.0,2023-03-22 06:10:04.615026688,VNM,Vietnam,False
2023-03-22,14.475519,107.77706,23.031935,18.054203,417.81094,0.5477402,0.0,2023-03-22 06:10:04.642023168,VNM,Vietnam,False
2023-03-22,14.525845,107.77072,23.057127,17.895197,419.10706,0.45977518,0.0,2023-03-22 06:10:04.895009024,VNM,Vietnam,False
2023-03-22,14.515299,107.77138,23.051567,17.949186,418.70786,0.46445867,0.0,2023-03-22 06:10:04.920999680,VNM,Vietnam,False
2023-03-22,14.49416,107.77258,23.040365,18.061523,418.28293,0.5404206,0.0,2023-03-22 06:10:04.974992640,VNM,Vietnam,False
2023-03-22,14.483619,107.772995,23.034636,18.119274,417.9155,0.51612896,0.0,2023-03-22 06:10:05.001988864,VNM,Vietnam,False
2023-03-22,14.473122,107.77345,23.028967,18.17827,419.0632,0.47891787,0.0,2023-03-22 06:10:05.029025536,VNM,Vietnam,False
2023-03-22,14.544322,107.765976,23.06528,17.903013,419.27213,0.44892395,0.0,2023-03-22 06:10:05.228018688,VNM,Vietnam,False
2023-03-22,14.533845,107.76674,23.059845,17.95688,419.00684,0.5189335,0.0,2023-03-22 06:10:05.255015168,VNM,Vietnam,False
2023-03-22,14.523318,107.76744,23.054337,18.012291,418.9544,0.4803138,0.0,2023-03-22 06:10:05.282011392,VNM,Vietnam,False
2023-03-22,14.5127735,107.76807,23.048761,18.069101,419.19843,0.5314694,0.0,2023-03-22 06:10:05.309008128,VNM,Vietnam,False
2023-03-22,14.491676,107.76887,23.037262,18.185947,418.44443,0.5606301,0.0,2023-03-22 06:10:05.363000832,VNM,Vietnam,False
2023-03-22,14.481163,107.76923,23.031515,18.246119,418.62515,0.4848671,0.0,2023-03-22 06:10:05.388991488,VNM,Vietnam,False
2023-03-22,14.56293,107.76143,23.07368,17.910583,418.94305,0.54325414,0.0,2023-03-22 06:10:05.561993984,VNM,Vietnam,False
2023-03-22,14.552462,107.762215,23.06826,17.964436,418.48532,0.526327,0.0,2023-03-22 06:10:05.588024832,VNM,Vietnam,False
2023-03-22,14.541903,107.76287,23.062695,18.019905,419.27158,0.48548174,0.0,2023-03-22 06:10:05.615021312,VNM,Vietnam,False
2023-03-22,14.510264,107.76433,23.045628,18.193554,418.7549,0.45680785,0.0,2023-03-22 06:10:05.696010496,VNM,Vietnam,False
2023-03-22,14.48914,107.76489,23.033926,18.315207,418.78387,0.50091314,0.0,2023-03-22 06:10:05.748997632,VNM,Vietnam,False
2023-03-22,14.571096,107.75777,23.07676,17.971622,419.2987,0.58414847,0.0,2023-03-22 06:10:05.920994304,VNM,Vietnam,False
2023-03-22,14.560495,107.758385,23.071129,18.027092,418.42557,0.53208303,0.0,2023-03-22 06:10:05.947990528,VNM,Vietnam,False
2023-03-22,14.5499325,107.75901,23.065533,18.083858,418.659,0.5128477,0.0,2023-03-22 06:10:05.974987008,VNM,Vietnam,False
2023-03-22,14.539444,107.75954,23.059902,18.141449,418.67447,0.42795184,0.0,2023-03-22 06:10:06.002023680,VNM,Vietnam,False
2023-03-22,14.518342,107.7603,23.048351,18.260626,419.42,0.5063065,0.0,2023-03-22 06:10:06.056016640,VNM,Vietnam,False
2023-03-22,14.507702,107.76046,23.042356,18.32209,419.4449,0.48338172,0.0,2023-03-22 06:10:06.083013120,VNM,Vietnam,False
2023-03-22,14.579211,107.75416,23.079857,18.033522,419.1877,0.5989714,0.0,2023-03-22 06:10:06.282006272,VNM,Vietnam,False
2023-03-22,14.568517,107.7546,23.074032,18.090525,418.0343,0.5388495,0.0,2023-03-22 06:10:06.309002752,VNM,Vietnam,False
2023-03-22,14.557998,107.75509,23.06835,18.148169,418.86053,0.49166977,0.0,2023-03-22 06:10:06.335998976,VNM,Vietnam,False
2023-03-22,14.547501,107.75559,23.06269,18.207096,418.5482,0.44993037,0.0,2023-03-22 06:10:06.362995712,VNM,Vietnam,False
2023-03-22,14.587411,107.75064,23.083076,18.096642,419.50793,0.61527693,0.0,2023-03-22 06:10:06.642012416,VNM,Vietnam,False
2023-03-22,14.576664,107.75081,23.077002,18.154686,418.65485,0.5513309,0.0,2023-03-22 06:10:06.669008640,VNM,Vietnam,False
2023-03-22,14.566081,107.75119,23.071198,18.213764,418.03183,0.55024046,0.0,2023-03-22 06:10:06.696005120,VNM,Vietnam,False
2023-03-22,14.555472,107.75147,23.065298,18.27403,418.40225,0.46884367,0.0,2023-03-22 06:10:06.723001600,VNM,Vietnam,False
2023-03-22,14.544947,107.751816,23.059498,18.33531,418.84073,0.46348065,0.0,2023-03-22 06:10:06.748992256,VNM,Vietnam,False
2023-03-22,14.584842,107.74695,23.079943,18.219973,420.05692,0.6005449,0.0,2023-03-22 06:10:07.029014784,VNM,Vietnam,False
2023-03-22,14.574163,107.74713,23.073915,18.280344,418.17905,0.56021863,0.0,2023-03-22 06:10:07.056011264,VNM,Vietnam,False
2023-03-22,14.563597,107.747406,23.068037,18.341675,418.32498,0.5655138,0.0,2023-03-22 06:10:07.083007744,VNM,Vietnam,False
2023-03-22,14.582298,107.74305,23.076654,18.347906,419.06406,0.5920844,0.0,2023-03-22 06:10:07.416017408,VNM,Vietnam,False
2023-03-22,14.693102,107.72988,23.13299,17.95671,419.211,0.5815742,0.0,2023-03-22 06:10:07.894992896,VNM,Vietnam,False
2023-03-22,14.682673,107.730774,23.127636,18.01037,418.85968,0.51685834,0.0,2023-03-22 06:10:07.921023488,VNM,Vietnam,False
2023-03-22,14.672145,107.73154,23.12212,18.065659,419.87393,0.5610484,0.0,2023-03-22 06:10:07.948019968,VNM,Vietnam,False
2023-03-22,14.711879,107.7255,23.14172,17.962091,418.73203,0.51255494,0.0,2023-03-22 06:10:08.228002560,VNM,Vietnam,False
2023-03-22,14.701475,107.72644,23.136408,18.015707,419.97192,0.49712718,0.0,2023-03-22 06:10:08.254999040,VNM,Vietnam,False
2023-03-22,14.690891,107.72713,23.130795,18.071089,418.75632,0.53423935,0.0,2023-03-22 06:10:08.281995264,VNM,Vietnam,False
2023-03-22,14.680423,107.727936,23.125349,18.127636,419.28516,0.5054101,0.0,2023-03-22 06:10:08.308992000,VNM,Vietnam,False
2023-03-22,14.730698,107.72119,23.150536,17.967386,419.6467,0.5188455,0.0,2023-03-22 06:10:08.562017792,VNM,Vietnam,False
2023-03-22,14.720199,107.722,23.145058,18.021166,418.5925,0.49558723,0.0,2023-03-22 06:10:08.588008704,VNM,Vietnam,False
2023-03-22,14.709682,107.722786,23.13956,18.076431,419.07642,0.52783966,0.0,2023-03-22 06:10:08.615004928,VNM,Vietnam,False
2023-03-22,14.699177,107.72355,23.134052,18.133038,419.3565,0.4843157,0.0,2023-03-22 06:10:08.642001408,VNM,Vietnam,False
2023-03-22,14.688682,107.72411,23.128399,18.190573,419.2751,0.4810231,0.0,2023-03-22 06:10:08.668997888,VNM,Vietnam,False
2023-03-22,14.678173,107.72464,23.122711,18.249447,419.10876,0.52152175,0.0,2023-03-22 06:10:08.695994368,VNM,Vietnam,False
2023-03-22,14.749464,107.716774,23.159252,17.972828,418.37256,0.569026,0.0,2023-03-22 06:10:08.894987264,VNM,Vietnam,False
2023-03-22,14.717932,107.71912,23.142729,18.138557,418.7671,0.49340788,0.0,2023-03-22 06:10:08.975011072,VNM,Vietnam,False
2023-03-22,14.707408,107.71964,23.137022,18.196157,418.6542,0.50682104,0.0,2023-03-22 06:10:09.002007552,VNM,Vietnam,False
2023-03-22,14.696889,107.72015,23.131311,18.255066,418.79852,0.43630886,0.0,2023-03-22 06:10:09.029004032,VNM,Vietnam,False
2023-03-22,14.686436,107.72069,23.125658,18.31501,419.69708,0.49776486,0.0,2023-03-22 06:10:09.056000512,VNM,Vietnam,False
2023-03-22,14.768273,107.71235,23.167995,17.978376,418.53186,0.5438228,0.0,2023-03-22 06:10:09.227997184,VNM,Vietnam,False
2023-03-22,14.757825,107.713234,23.1626,18.032084,418.67242,0.5954753,0.0,2023-03-22 06:10:09.254993408,VNM,Vietnam,False
2023-03-22,14.726215,107.71524,23.145763,18.201694,419.16214,0.52292347,0.0,2023-03-22 06:10:09.336023040,VNM,Vietnam,False
2023-03-22,14.715696,107.71577,23.14005,18.2606,419.61453,0.51571643,0.0,2023-03-22 06:10:09.363019520,VNM,Vietnam,False
2023-03-22,14.705189,107.71623,23.134308,18.32063,419.81253,0.516952,0.0,2023-03-22 06:10:09.389009920,VNM,Vietnam,False
2023-03-22,14.694663,107.71661,23.128492,18.381838,418.8229,0.48922765,0.0,2023-03-22 06:10:09.416006656,VNM,Vietnam,False
2023-03-22,14.787171,107.70805,23.17691,17.983753,418.8227,0.45825213,0.0,2023-03-22 06:10:09.562012672,VNM,Vietnam,False
2023-03-22,14.776622,107.7088,23.171337,18.037636,418.63715,0.4970604,0.0,2023-03-22 06:10:09.588003072,VNM,Vietnam,False
2023-03-22,14.766066,107.70955,23.165764,18.092983,418.89325,0.5344691,0.0,2023-03-22 06:10:09.614999552,VNM,Vietnam,False
2023-03-22,14.745115,107.710976,23.154675,18.20706,415.73544,0.5233213,0.0,2023-03-22 06:10:09.668992512,VNM,Vietnam,False
2023-03-22,14.734506,107.71138,23.14881,18.266115,419.01956,0.50481105,0.0,2023-03-22 06:10:09.695988992,VNM,Vietnam,False
2023-03-22,14.805711,107.70319,23.185186,17.989954,419.37317,0.5357446,0.0,2023-03-22 06:10:09.895022080,VNM,Vietnam,False
2023-03-22,14.774334,107.70581,23.168911,18.15556,418.36453,0.4969188,0.0,2023-03-22 06:10:09.975005696,VNM,Vietnam,False
2023-03-22,14.763821,107.70637,23.163216,18.21319,418.67432,0.47507012,0.0,2023-03-22 06:10:10.002002176,VNM,Vietnam,False
2023-03-22,14.814085,107.69958,23.188498,18.049963,418.12338,0.5591927,0.0,2023-03-22 06:10:10.254988288,VNM,Vietnam,False
2023-03-22,14.803558,107.70038,23.18297,18.105303,418.657,0.5476837,0.0,2023-03-22 06:10:10.282024960,VNM,Vietnam,False
2023-03-22,14.782565,107.70177,23.171795,18.219547,419.38602,0.4888077,0.0,2023-03-22 06:10:10.336017664,VNM,Vietnam,False
2023-03-22,14.772097,107.70237,23.166164,18.278408,418.58487,0.49633178,0.0,2023-03-22 06:10:10.363013888,VNM,Vietnam,False
2023-03-22,14.843315,107.69409,23.202559,18.002522,419.39188,0.5819251,0.0,2023-03-22 06:10:10.562007296,VNM,Vietnam,False
2023-03-22,14.801372,107.69725,23.180496,18.225786,419.05896,0.49252594,0.0,2023-03-22 06:10:10.668987136,VNM,Vietnam,False
2023-03-22,14.780321,107.69826,23.16899,18.344824,419.93875,0.47051635,0.0,2023-03-22 06:10:10.723020032,VNM,Vietnam,False
2023-03-22,14.809595,107.69341,23.183548,18.290396,419.3504,0.5244606,0.0,2023-03-22 06:10:11.028993024,VNM,Vietnam,False
2023-03-22,14.788508,107.69431,23.171926,18.41163,419.59854,0.6047664,0.0,2023-03-22 06:10:11.083026176,VNM,Vietnam,False
2023-03-22,14.849328,107.687874,23.20371,18.179417,420.42563,0.54371274,0.0,2023-03-22 06:10:11.309015808,VNM,Vietnam,False
2023-03-22,14.899658,107.68108,23.229172,18.019041,419.06998,0.594313,0.0,2023-03-22 06:10:11.562001664,VNM,Vietnam,False
2023-03-22,14.918429,107.67677,23.238081,18.024864,419.11462,0.56196433,0.0,2023-03-22 06:10:11.895011328,VNM,Vietnam,False
2023-03-22,14.907988,107.677734,23.232695,18.078697,419.06656,0.554762,0.0,2023-03-22 06:10:11.921001984,VNM,Vietnam,False
2023-03-22,14.886646,107.67898,23.22113,18.191412,418.99045,0.44270194,0.0,2023-03-22 06:10:11.974994944,VNM,Vietnam,False
2023-03-22,14.926782,107.673355,23.24157,18.08602,419.79248,0.48949498,0.0,2023-03-22 06:10:12.255017472,VNM,Vietnam,False
2023-03-22,14.916122,107.67402,23.235819,18.141676,420.0657,0.5840537,0.0,2023-03-22 06:10:12.282013952,VNM,Vietnam,False
2023-03-22,14.905484,107.674675,23.230076,18.198654,420.0833,0.55224913,0.0,2023-03-22 06:10:12.309010176,VNM,Vietnam,False
2023-03-22,14.894839,107.67511,23.224169,18.256577,419.41226,0.5132688,0.0,2023-03-22 06:10:12.336006656,VNM,Vietnam,False
2023-03-22,14.88427,107.675644,23.218378,18.31569,418.8676,0.5307591,0.0,2023-03-22 06:10:12.363003136,VNM,Vietnam,False
2023-03-22,14.924389,107.67046,23.23915,18.205767,420.99466,0.48264867,0.0,2023-03-22 06:10:12.642020096,VNM,Vietnam,False
2023-03-22,14.902981,107.67117,23.227121,18.32312,419.35938,0.4923121,0.0,2023-03-22 06:10:12.696013056,VNM,Vietnam,False
2023-03-22,14.892408,107.67164,23.221275,18.383371,417.8966,0.50110435,0.0,2023-03-22 06:10:12.723009280,VNM,Vietnam,False
2023-03-22,14.932541,107.66663,23.242203,18.270245,419.1428,0.45262828,0.0,2023-03-22 06:10:13.002025984,VNM,Vietnam,False
2023-03-22,14.911327,107.667564,23.230455,18.389532,417.96112,0.47244823,0.0,2023-03-22 06:10:13.056018944,VNM,Vietnam,False
2023-03-22,14.940721,107.66291,23.245354,18.33538,419.67572,0.50898486,0.0,2023-03-22 06:10:13.362997760,VNM,Vietnam,False
2023-03-22,14.930044,107.66325,23.23934,18.395718,419.45816,0.45517007,0.0,2023-03-22 06:10:13.388988416,VNM,Vietnam,False
2023-03-22,14.919419,107.66361,23.233372,18.45711,419.41397,0.4493453,0.0,2023-03-22 06:10:13.416025088,VNM,Vietnam,False
2023-03-22,15.204164,107.60412,23.371891,18.305157,419.10815,0.7060121,0.0,2023-03-22 06:10:17.641992704,VNM,Vietnam,False
2023-03-22,15.201874,107.60128,23.369568,18.428772,419.52213,0.7184639,0.0,2023-03-22 06:10:18.028995584,VNM,Vietnam,False
2023-03-22,16.40842,107.31061,23.964817,18.589361,420.4049,0.6223274,0.0,2023-03-22 06:10:38.562016256,VNM,Vietnam,False
2023-03-22,16.435534,107.303474,23.978998,18.657867,420.53604,0.64367914,0.0,2023-03-22 06:10:39.254991872,VNM,Vietnam,False
2023-03-22,16.414062,107.30591,23.967249,18.770947,421.13232,0.57655764,0.0,2023-03-22 06:10:39.309024768,VNM,Vietnam,False
2023-03-22,16.422153,107.30267,23.971132,18.836277,419.88123,0.60120696,0.0,2023-03-22 06:10:39.668990720,VNM,Vietnam,False
2023-03-22,16.411634,107.30395,23.965439,18.895346,419.32617,0.5403388,0.0,2023-03-22 06:10:39.695987200,VNM,Vietnam,False
2023-03-22,16.401194,107.30525,23.959824,18.95541,420.40118,0.6213927,0.0,2023-03-22 06:10:39.723023872,VNM,Vietnam,False
2023-03-22,16.45117,107.29667,23.98619,18.786573,417.81497,0.6500052,0.0,2023-03-22 06:10:39.975003904,VNM,Vietnam,False
2023-03-22,16.419573,107.300415,23.969007,18.96382,419.6266,0.61533195,0.0,2023-03-22 06:10:40.055993088,VNM,Vietnam,False
2023-03-22,16.408981,107.30148,23.963116,19.025297,419.3119,0.62416327,0.0,2023-03-22 06:10:40.082989568,VNM,Vietnam,False
2023-03-22,16.469652,107.291916,23.995533,18.794983,418.8439,0.67335564,0.0,2023-03-22 06:10:40.309019392,VNM,Vietnam,False
2023-03-22,16.42788,107.29727,23.973103,19.033054,419.84018,0.68234265,0.0,2023-03-22 06:10:40.415999488,VNM,Vietnam,False
2023-03-22,16.556723,107.27328,24.040462,18.651657,417.8667,0.6207936,0.0,2023-03-22 06:10:41.228024832,VNM,Vietnam,False
2023-03-22,16.51475,107.27944,24.018385,18.87554,419.363,0.6117767,0.0,2023-03-22 06:10:41.336010496,VNM,Vietnam,False
2023-03-22,16.572948,107.26752,24.048859,18.77503,418.57178,0.6131253,0.0,2023-03-22 06:10:41.947996672,VNM,Vietnam,False
2023-03-22,16.560112,107.26729,24.041714,18.95619,417.0634,0.5861916,0.0,2023-03-22 06:10:42.363001344,VNM,Vietnam,False
2023-03-22,16.686874,107.24085,24.107647,18.70512,418.89722,0.57519317,0.0,2023-03-22 06:10:43.561989120,VNM,Vietnam,False
2023-03-22,16.692638,107.23664,24.110561,18.886913,419.6152,0.5673798,0.0,2023-03-22 06:10:44.308997632,VNM,Vietnam,False
2023-03-22,16.854372,107.19919,24.194916,18.774284,418.9108,0.55720484,0.0,2023-03-22 06:10:46.562013184,VNM,Vietnam,False
2023-03-22,16.852129,107.198135,24.193863,18.891273,419.6664,0.5652483,0.0,2023-03-22 06:10:46.948009728,VNM,Vietnam,False
2023-03-22,16.910162,107.1851,24.224024,18.798872,418.95322,0.54420835,0.0,2023-03-22 06:10:47.562007552,VNM,Vietnam,False
2023-03-22,16.899755,107.186935,24.218657,18.852907,419.68195,0.52804583,0.0,2023-03-22 06:10:47.587998208,VNM,Vietnam,False
2023-03-22,16.857801,107.193375,24.196352,19.082378,420.1318,0.5155392,0.0,2023-03-22 06:10:47.696024064,VNM,Vietnam,False
2023-03-22,16.897388,107.18573,24.217411,18.97314,419.41144,0.487144,0.0,2023-03-22 06:10:47.975000832,VNM,Vietnam,False
2023-03-22,16.903313,107.181206,24.220242,19.163479,419.2214,0.5798159,0.0,2023-03-22 06:10:48.723015424,VNM,Vietnam,False
2023-03-22,20.218964,106.348495,26.10981,20.262014,421.62726,0.673625,0.0,2023-03-22 06:11:46.895019008,VNM,Vietnam,False
2023-03-22,20.22728,106.34673,26.115702,20.326176,421.37332,0.5730876,0.0,2023-03-22 06:11:47.255025152,VNM,Vietnam,False
2023-03-22,20.225132,106.34794,26.11595,20.449116,421.1332,0.5675114,0.0,2023-03-22 06:11:47.641987584,VNM,Vietnam,False
2023-03-22,20.293108,106.32861,26.154696,20.302189,421.1448,0.5409501,0.0,2023-03-22 06:11:48.228023296,VNM,Vietnam,False
2023-03-22,20.220526,106.34911,26.115417,20.709843,421.4903,0.611319,0.0,2023-03-22 06:11:48.415992576,VNM,Vietnam,False
2023-03-22,20.291014,106.329926,26.155037,20.423372,421.63034,0.5371195,0.0,2023-03-22 06:11:48.615025920,VNM,Vietnam,False
2023-03-22,20.276115,106.33456,26.149271,20.73896,421.7153,0.56382257,0.0,2023-03-22 06:11:49.416027392,VNM,Vietnam,False
2023-03-22,20.661095,106.235954,26.38548,20.71692,420.7091,0.5256832,0.0,2023-03-22 06:11:55.669021184,VNM,Vietnam,False
2023-03-22,20.669283,106.23423,26.391376,20.78502,420.0613,0.5440562,0.0,2023-03-22 06:11:56.028986880,VNM,Vietnam,False
2023-03-22,20.838331,106.190056,26.495388,20.737944,420.2662,0.5614523,0.0,2023-03-22 06:11:58.642008320,VNM,Vietnam,False
2023-03-22,20.930992,106.165924,26.553356,20.784306,419.5521,0.47507453,0.0,2023-03-22 06:12:00.308987904,VNM,Vietnam,False
2023-03-22,21.722431,105.95666,27.053194,20.994009,421.4829,0.58878577,0.0,2023-03-22 06:12:13.894993408,VNM,Vietnam,False
2023-03-22,21.731134,105.95586,27.060213,21.057407,421.32748,0.6016817,0.0,2023-03-22 06:12:14.254999296,VNM,Vietnam,False
2023-03-22,21.749126,105.95046,27.071424,21.067463,421.50684,0.6137197,0.0,2023-03-22 06:12:14.588009216,VNM,Vietnam,False
2023-03-22,21.729351,105.9585,27.061441,21.179773,422.24222,0.57602406,0.0,2023-03-22 06:12:14.642002176,VNM,Vietnam,False
2023-03-22,21.747114,105.95294,27.07238,21.190048,420.3078,0.60096747,0.0,2023-03-22 06:12:14.975011584,VNM,Vietnam,False
2023-03-22,21.726631,105.95995,27.061235,21.30739,421.47946,0.5835223,0.0,2023-03-22 06:12:15.029004544,VNM,Vietnam,False
2023-03-22,21.734953,105.958626,27.067646,21.376877,419.27087,0.6404698,0.0,2023-03-22 06:12:15.389010688,VNM,Vietnam,False
2023-03-22,21.753191,105.95357,27.079247,21.386446,420.60794,0.617191,0.0,2023-03-22 06:12:15.723025920,VNM,Vietnam,False
2023-03-22,21.889929,105.9136,27.16191,21.075014,421.71915,0.63920695,0.0,2023-03-22 06:12:16.895017472,VNM,Vietnam,False
2023-03-22,21.858952,105.9245,27.145119,21.243437,421.05972,0.6496156,0.0,2023-03-22 06:12:16.975000832,VNM,Vietnam,False
2023-03-22,21.90874,105.9088,27.174168,21.084389,420.62662,0.60585463,0.0,2023-03-22 06:12:17.228026880,VNM,Vietnam,False
2023-03-22,21.877665,105.91962,27.157242,21.252937,420.19162,0.63209856,0.0,2023-03-22 06:12:17.309016320,VNM,Vietnam,False
2023-03-22,21.917202,105.90762,27.180805,21.148584,420.7876,0.5776227,0.0,2023-03-22 06:12:17.587992832,VNM,Vietnam,False
2023-03-22,21.907085,105.911476,27.17549,21.204481,421.2231,0.61288494,0.0,2023-03-22 06:12:17.614989312,VNM,Vietnam,False
2023-03-22,21.886278,105.9184,27.163965,21.32037,421.20676,0.6331871,0.0,2023-03-22 06:12:17.669022208,VNM,Vietnam,False
2023-03-22,21.865232,105.924866,27.15199,21.44087,421.13248,0.63932985,0.0,2023-03-22 06:12:17.723015424,VNM,Vietnam,False
2023-03-22,21.915224,105.910095,27.181757,21.271355,420.88318,0.5324199,0.0,2023-03-22 06:12:17.974995456,VNM,Vietnam,False
2023-03-22,21.894716,105.91717,27.170542,21.388763,420.69553,0.64389634,0.0,2023-03-22 06:12:18.028988416,VNM,Vietnam,False
2023-03-22,21.884092,105.920296,27.164415,21.449612,421.35938,0.6395129,0.0,2023-03-22 06:12:18.056025088,VNM,Vietnam,False
2023-03-22,21.873442,105.92336,27.158228,21.511547,420.8394,0.6480921,0.0,2023-03-22 06:12:18.083021312,VNM,Vietnam,False
2023-03-22,21.923946,105.90923,27.188778,21.337831,422.09723,0.57743883,0.0,2023-03-22 06:12:18.336007424,VNM,Vietnam,False
2023-03-22,21.913269,105.91237,27.182608,21.397713,421.20224,0.5745741,0.0,2023-03-22 06:12:18.363003648,VNM,Vietnam,False
2023-03-22,21.98366,105.8898,27.223164,21.120478,420.7911,0.6394905,0.0,2023-03-22 06:12:18.561997056,VNM,Vietnam,False
2023-03-22,21.973484,105.893616,27.217762,21.175037,419.31827,0.6365781,0.0,2023-03-22 06:12:18.587987456,VNM,Vietnam,False
2023-03-22,21.952436,105.90058,27.206043,21.289087,418.3446,0.6687527,0.0,2023-03-22 06:12:18.642020352,VNM,Vietnam,False
2023-03-22,21.921555,105.91104,27.189014,21.467052,421.98917,0.6009116,0.0,2023-03-22 06:12:18.723009792,VNM,Vietnam,False
2023-03-22,22.001596,105.88431,27.234383,21.13053,419.1871,0.6766803,0.0,2023-03-22 06:12:18.895006464,VNM,Vietnam,False
2023-03-22,22.019333,105.87842,27.245218,21.1417,420.35135,0.62427753,0.0,2023-03-22 06:12:19.228016128,VNM,Vietnam,False
2023-03-22,22.01,105.88303,27.24093,21.195223,420.16556,0.6320562,0.0,2023-03-22 06:12:19.255012608,VNM,Vietnam,False
2023-03-22,22.000156,105.88717,27.235964,21.250807,420.18707,0.6193896,0.0,2023-03-22 06:12:19.282009088,VNM,Vietnam,False
2023-03-22,21.980112,105.894844,27.22542,21.365784,420.4504,0.6229783,0.0,2023-03-22 06:12:19.336001792,VNM,Vietnam,False
2023-03-22,21.998558,105.88966,27.237207,21.375986,420.08072,0.6455958,0.0,2023-03-22 06:12:19.669011712,VNM,Vietnam,False
2023-03-22,21.978058,105.89667,27.225914,21.49586,419.92978,0.63508296,0.0,2023-03-22 06:12:19.723004416,VNM,Vietnam,False
2023-03-22,22.046062,105.87191,27.263453,21.216518,419.74426,0.6035099,0.0,2023-03-22 06:12:19.920991744,VNM,Vietnam,False
2023-03-22,21.986221,105.89505,27.232065,21.567074,420.2329,0.64757127,0.0,2023-03-22 06:12:20.083010560,VNM,Vietnam,False
2023-03-22,22.075003,105.86334,27.2812,21.17105,420.02524,0.6275448,0.0,2023-03-22 06:12:20.228010752,VNM,Vietnam,False
2023-03-22,22.073076,105.86603,27.282293,21.291174,420.39658,0.5964611,0.0,2023-03-22 06:12:20.615013120,VNM,Vietnam,False
2023-03-22,22.101852,105.85728,27.299822,21.244408,420.57782,0.6780425,0.0,2023-03-22 06:12:20.921026560,VNM,Vietnam,False
2023-03-22,22.081635,105.865105,27.289179,21.357374,420.73892,0.62544703,0.0,2023-03-22 06:12:20.975019520,VNM,Vietnam,False
2023-03-22,22.07142,105.86874,27.283613,21.415426,419.68204,0.62571937,0.0,2023-03-22 06:12:21.002015744,VNM,Vietnam,False
2023-03-22,22.060991,105.87215,27.277754,21.47499,419.57352,0.63626045,0.0,2023-03-22 06:12:21.029012224,VNM,Vietnam,False
2023-03-22,22.130903,105.84876,27.317726,21.19843,420.93802,0.62851626,0.0,2023-03-22 06:12:21.228005376,VNM,Vietnam,False
2023-03-22,22.079506,105.86719,27.28976,21.484064,419.71295,0.6126249,0.0,2023-03-22 06:12:21.363027456,VNM,Vietnam,False
2023-03-22,22.069508,105.87094,27.284435,21.544107,419.89987,0.6252113,0.0,2023-03-22 06:12:21.389018368,VNM,Vietnam,False
2023-03-22,22.149265,105.84363,27.329542,21.207695,419.82477,0.4573627,0.0,2023-03-22 06:12:21.562020864,VNM,Vietnam,False
2023-03-22,22.108313,105.85867,27.307455,21.433743,419.4405,0.61740667,0.0,2023-03-22 06:12:21.669000704,VNM,Vietnam,False
2023-03-22,22.098185,105.86238,27.30199,21.492912,419.50867,0.61698693,0.0,2023-03-22 06:12:21.695997184,VNM,Vietnam,False
2023-03-22,22.077301,105.86905,27.290152,21.615206,420.5464,0.6384218,0.0,2023-03-22 06:12:21.749024512,VNM,Vietnam,False
2023-03-22,22.157665,105.84254,27.336216,21.271553,420.53763,0.5278137,0.0,2023-03-22 06:12:21.921020928,VNM,Vietnam,False
2023-03-22,22.147497,105.84643,27.330816,21.327555,420.32812,0.538616,0.0,2023-03-22 06:12:21.948017664,VNM,Vietnam,False
2023-03-22,22.11672,105.857376,27.314003,21.502531,420.20343,0.60085315,0.0,2023-03-22 06:12:22.029006592,VNM,Vietnam,False
2023-03-22,22.106321,105.86077,27.308147,21.563164,420.4864,0.6443378,0.0,2023-03-22 06:12:22.056003072,VNM,Vietnam,False
2023-03-22,22.166069,105.84141,27.342869,21.337418,420.34732,0.5573835,0.0,2023-03-22 06:12:22.281992704,VNM,Vietnam,False
2023-03-22,22.155739,105.845116,27.337238,21.394894,420.83334,0.50928813,0.0,2023-03-22 06:12:22.308988928,VNM,Vietnam,False
2023-03-22,22.125303,105.85615,27.320728,21.572475,420.92468,0.6222761,0.0,2023-03-22 06:12:22.389012736,VNM,Vietnam,False
2023-03-22,22.174389,105.84017,27.349401,21.40464,419.35214,0.57659614,0.0,2023-03-22 06:12:22.641998848,VNM,Vietnam,False
2023-03-22,22.164087,105.84375,27.343708,21.462868,420.77652,0.52673084,0.0,2023-03-22 06:12:22.668995328,VNM,Vietnam,False
2023-03-22,22.15373,105.84725,27.337936,21.522394,420.3739,0.5078048,0.0,2023-03-22 06:12:22.695991808,VNM,Vietnam,False
2023-03-22,22.182768,105.83892,27.355965,21.471706,420.85342,0.62151015,0.0,2023-03-22 06:12:23.002004736,VNM,Vietnam,False
2023-03-22,22.172472,105.8425,27.350279,21.531036,419.11798,0.5607646,0.0,2023-03-22 06:12:23.029001216,VNM,Vietnam,False
2023-03-22,22.162075,105.84593,27.344429,21.59154,420.7634,0.5264483,0.0,2023-03-22 06:12:23.055997952,VNM,Vietnam,False
2023-03-22,22.180788,105.8412,27.356764,21.599743,420.35214,0.61389,0.0,2023-03-22 06:12:23.389007616,VNM,Vietnam,False
2023-03-22,22.17035,105.84455,27.350834,21.661352,420.2342,0.5594354,0.0,2023-03-22 06:12:23.416003840,VNM,Vietnam,False
2023-03-22,22.18936,105.84009,27.363558,21.669167,419.8771,0.6442077,0.0,2023-03-22 06:12:23.749013504,VNM,Vietnam,False
2023-03-22,22.21831,105.83184,27.381596,21.61581,420.53366,0.67320603,0.0,2023-03-22 06:12:24.055992320,VNM,Vietnam,False
2023-03-22,22.33632,105.79558,27.452747,21.294184,420.21014,0.65351075,0.0,2023-03-22 06:12:24.895014400,VNM,Vietnam,False
2023-03-22,22.315964,105.80344,27.441881,21.404934,420.66833,0.65936565,0.0,2023-03-22 06:12:24.948001024,VNM,Vietnam,False
2023-03-22,22.344511,105.794426,27.459246,21.359322,420.41037,0.63150954,0.0,2023-03-22 06:12:25.255020032,VNM,Vietnam,False
2023-03-22,22.324282,105.80238,27.448542,21.472536,420.14734,0.6539604,0.0,2023-03-22 06:12:25.309013248,VNM,Vietnam,False
2023-03-22,22.373169,105.785515,27.476776,21.314924,420.80658,0.6675941,0.0,2023-03-22 06:12:25.561999104,VNM,Vietnam,False
2023-03-22,22.353096,105.793655,27.46628,21.425303,420.12265,0.6449513,0.0,2023-03-22 06:12:25.615026432,VNM,Vietnam,False
2023-03-22,22.342564,105.79724,27.460371,21.48309,420.2119,0.6308895,0.0,2023-03-22 06:12:25.642022912,VNM,Vietnam,False
2023-03-22,22.312252,105.80857,27.443983,21.66064,419.35193,0.68534404,0.0,2023-03-22 06:12:25.723012096,VNM,Vietnam,False
2023-03-22,22.371437,105.78858,27.478205,21.435429,420.45728,0.6712537,0.0,2023-03-22 06:12:25.947995648,VNM,Vietnam,False
2023-03-22,22.360777,105.79206,27.472128,21.493319,419.8594,0.65101767,0.0,2023-03-22 06:12:25.974992384,VNM,Vietnam,False
2023-03-22,22.351208,105.796364,27.467384,21.550573,421.00204,0.6288179,0.0,2023-03-22 06:12:26.001988608,VNM,Vietnam,False
2023-03-22,22.340534,105.79965,27.46119,21.610498,419.7972,0.6571216,0.0,2023-03-22 06:12:26.029025280,VNM,Vietnam,False
2023-03-22,22.42802,105.77012,27.512377,21.344713,421.01834,0.64493746,0.0,2023-03-22 06:12:26.561993472,VNM,Vietnam,False
2023-03-22,22.387554,105.78599,27.490847,21.570333,420.0412,0.70561236,0.0,2023-03-22 06:12:26.669013760,VNM,Vietnam,False
2023-03-22,22.366913,105.793175,27.479345,21.690306,420.97525,0.6547469,0.0,2023-03-22 06:12:26.723006720,VNM,Vietnam,False
2023-03-22,22.446686,105.76537,27.52478,21.354113,421.28543,0.66283584,0.0,2023-03-22 06:12:26.895003392,VNM,Vietnam,False
2023-03-22,22.436285,105.769135,27.519047,21.4091,419.9524,0.6547611,0.0,2023-03-22 06:12:26.920993792,VNM,Vietnam,False
2023-03-22,22.426245,105.77325,27.5138,21.464977,418.74527,0.6416502,0.0,2023-03-22 06:12:26.947990528,VNM,Vietnam,False
2023-03-22,22.464758,105.76009,27.53642,21.364807,420.24475,0.60331935,0.0,2023-03-22 06:12:27.228013056,VNM,Vietnam,False
2023-03-22,22.454704,105.76419,27.531147,21.419338,420.8929,0.6131107,0.0,2023-03-22 06:12:27.255009536,VNM,Vietnam,False
2023-03-22,22.444778,105.76841,27.526049,21.47507,421.21326,0.6181462,0.0,2023-03-22 06:12:27.282005760,VNM,Vietnam,False
2023-03-22,22.43435,105.77214,27.520273,21.53273,419.3221,0.60323095,0.0,2023-03-22 06:12:27.309002496,VNM,Vietnam,False
2023-03-22,22.462997,105.76329,27.537893,21.48557,420.7945,0.60253435,0.0,2023-03-22 06:12:27.615015424,VNM,Vietnam,False
2023-03-22,22.452572,105.76703,27.532124,21.543226,420.75104,0.6092925,0.0,2023-03-22 06:12:27.642011904,VNM,Vietnam,False
2023-03-22,22.442762,105.77116,27.527061,21.600872,419.8429,0.6388914,0.0,2023-03-22 06:12:27.669008128,VNM,Vietnam,False
2023-03-22,22.4326,105.77494,27.52153,21.660204,419.35312,0.62392336,0.0,2023-03-22 06:12:27.696004864,VNM,Vietnam,False
2023-03-22,22.501913,105.750496,27.561068,21.384798,419.73587,0.64437807,0.0,2023-03-22 06:12:27.894997760,VNM,Vietnam,False
2023-03-22,22.471056,105.76215,27.54432,21.55331,421.368,0.59187996,0.0,2023-03-22 06:12:27.975021568,VNM,Vietnam,False
2023-03-22,22.460997,105.76606,27.538927,21.611273,420.4926,0.5675833,0.0,2023-03-22 06:12:28.002018048,VNM,Vietnam,False
2023-03-22,22.450493,105.76955,27.532955,21.671038,420.42343,0.6167037,0.0,2023-03-22 06:12:28.029014528,VNM,Vietnam,False
2023-03-22,22.520555,105.74574,27.57348,21.394587,421.8895,0.59229743,0.0,2023-03-22 06:12:28.228007680,VNM,Vietnam,False
2023-03-22,22.510191,105.749565,27.56779,21.449535,420.41525,0.6026421,0.0,2023-03-22 06:12:28.255003904,VNM,Vietnam,False
2023-03-22,22.500072,105.753624,27.562433,21.505526,420.33658,0.63964313,0.0,2023-03-22 06:12:28.282000640,VNM,Vietnam,False
2023-03-22,22.49056,105.7582,27.55785,21.56199,421.9635,0.5900647,0.0,2023-03-22 06:12:28.308996864,VNM,Vietnam,False
2023-03-22,22.469069,105.76476,27.54527,21.680937,422.4142,0.5820913,0.0,2023-03-22 06:12:28.362989568,VNM,Vietnam,False
2023-03-22,22.458714,105.76833,27.539455,21.74155,420.93192,0.597378,0.0,2023-03-22 06:12:28.389020416,VNM,Vietnam,False
2023-03-22,22.448357,105.77186,27.533617,21.80321,420.89713,0.64033824,0.0,2023-03-22 06:12:28.416017152,VNM,Vietnam,False
2023-03-22,22.539352,105.74114,27.586105,21.404165,421.0009,0.638162,0.0,2023-03-22 06:12:28.562023168,VNM,Vietnam,False
2023-03-22,22.529356,105.74531,27.580894,21.458635,422.22754,0.6161681,0.0,2023-03-22 06:12:28.588013568,VNM,Vietnam,False
2023-03-22,22.518824,105.748985,27.574991,21.515177,420.64246,0.6023633,0.0,2023-03-22 06:12:28.615010048,VNM,Vietnam,False
2023-03-22,22.508177,105.75253,27.568924,21.573126,420.69968,0.5984005,0.0,2023-03-22 06:12:28.642006272,VNM,Vietnam,False
2023-03-22,22.498167,105.75649,27.563597,21.631031,420.55295,0.58254784,0.0,2023-03-22 06:12:28.669003008,VNM,Vietnam,False
2023-03-22,22.466719,105.7669,27.545662,21.813381,421.25806,0.6189118,0.0,2023-03-22 06:12:28.749026816,VNM,Vietnam,False
2023-03-22,22.558216,105.73659,27.598818,21.413849,419.9435,0.64133584,0.0,2023-03-22 06:12:28.894992384,VNM,Vietnam,False
2023-03-22,22.53744,105.7442,27.587366,21.525318,420.36386,0.6550599,0.0,2023-03-22 06:12:28.948019712,VNM,Vietnam,False
2023-03-22,22.527359,105.74826,27.582035,21.582594,422.1352,0.58357775,0.0,2023-03-22 06:12:28.975016192,VNM,Vietnam,False
2023-03-22,22.516466,105.75143,27.57555,21.641714,420.13568,0.56517017,0.0,2023-03-22 06:12:29.002012672,VNM,Vietnam,False
2023-03-22,22.50642,105.75533,27.570164,21.700956,420.54446,0.6059081,0.0,2023-03-22 06:12:29.029009152,VNM,Vietnam,False
2023-03-22,22.56703,105.73611,27.606224,21.478691,421.02502,0.6298195,0.0,2023-03-22 06:12:29.254998784,VNM,Vietnam,False
2023-03-22,22.556105,105.739426,27.599796,21.53582,421.01413,0.63366103,0.0,2023-03-22 06:12:29.281995008,VNM,Vietnam,False
2023-03-22,22.54596,105.74344,27.594378,21.593182,421.1858,0.63416743,0.0,2023-03-22 06:12:29.308991488,VNM,Vietnam,False
2023-03-22,22.53575,105.747215,27.58878,21.651419,420.82544,0.6040813,0.0,2023-03-22 06:12:29.335987712,VNM,Vietnam,False
2023-03-22,22.524881,105.7504,27.58232,21.711735,420.99957,0.61803323,0.0,2023-03-22 06:12:29.363024384,VNM,Vietnam,False
2023-03-22,22.514288,105.75377,27.57619,21.772724,419.65945,0.60873866,0.0,2023-03-22 06:12:29.389015296,VNM,Vietnam,False
2023-03-22,22.504305,105.75762,27.570822,21.833973,420.71274,0.6294668,0.0,2023-03-22 06:12:29.416011520,VNM,Vietnam,False
2023-03-22,22.59494,105.72646,27.622896,21.435621,423.45807,0.65197307,0.0,2023-03-22 06:12:29.562017792,VNM,Vietnam,False
2023-03-22,22.574677,105.73457,27.612112,21.546432,421.35257,0.61934257,0.0,2023-03-22 06:12:29.615004416,VNM,Vietnam,False
2023-03-22,22.564926,105.73894,27.607203,21.603287,421.47003,0.6290789,0.0,2023-03-22 06:12:29.642001152,VNM,Vietnam,False
2023-03-22,22.554214,105.74227,27.60095,21.66218,421.5301,0.6546692,0.0,2023-03-22 06:12:29.668997632,VNM,Vietnam,False
2023-03-22,22.543842,105.745895,27.595133,21.721855,420.86578,0.62279207,0.0,2023-03-22 06:12:29.695993856,VNM,Vietnam,False
2023-03-22,22.533474,105.749466,27.58929,21.782558,420.39612,0.63505864,0.0,2023-03-22 06:12:29.722990592,VNM,Vietnam,False
2023-03-22,22.522684,105.752625,27.582882,21.844847,420.50723,0.6328202,0.0,2023-03-22 06:12:29.749021184,VNM,Vietnam,False
2023-03-22,22.603022,105.72531,27.629349,21.501015,422.3168,0.6531943,0.0,2023-03-22 06:12:29.921017856,VNM,Vietnam,False
2023-03-22,22.582724,105.73338,27.618513,21.614317,421.75385,0.6267258,0.0,2023-03-22 06:12:29.975010816,VNM,Vietnam,False
2023-03-22,22.572742,105.73738,27.613209,21.672169,420.45004,0.62200737,0.0,2023-03-22 06:12:30.002007296,VNM,Vietnam,False
2023-03-22,22.631075,105.715775,27.646217,21.456682,422.63196,0.612406,0.0,2023-03-22 06:12:30.227996928,VNM,Vietnam,False
2023-03-22,22.62124,105.720116,27.641212,21.510923,421.1252,0.63089705,0.0,2023-03-22 06:12:30.254993152,VNM,Vietnam,False
2023-03-22,22.601013,105.728264,27.630466,21.624136,422.13147,0.62120384,0.0,2023-03-22 06:12:30.309026304,VNM,Vietnam,False
2023-03-22,22.590656,105.73193,27.624674,21.682476,421.0201,0.64304316,0.0,2023-03-22 06:12:30.336022528,VNM,Vietnam,False
2023-03-22,22.639795,105.715225,27.65352,21.520386,421.4005,0.6474006,0.0,2023-03-22 06:12:30.588002560,VNM,Vietnam,False
2023-03-22,22.629663,105.71931,27.64813,21.576387,421.4903,0.63573563,0.0,2023-03-22 06:12:30.614999296,VNM,Vietnam,False
2023-03-22,22.619154,105.72301,27.642233,21.634142,421.46747,0.60081905,0.0,2023-03-22 06:12:30.641995776,VNM,Vietnam,False
2023-03-22,22.598978,105.73083,27.631336,21.751352,421.01834,0.6220138,0.0,2023-03-22 06:12:30.695988736,VNM,Vietnam,False
2023-03-22,22.588387,105.73422,27.625204,21.812254,420.26178,0.63948596,0.0,2023-03-22 06:12:30.723025408,VNM,Vietnam,False
2023-03-22,22.668602,105.706375,27.671404,21.475067,420.01486,0.6328312,0.0,2023-03-22 06:12:30.895021824,VNM,Vietnam,False
2023-03-22,22.658422,105.71041,27.665941,21.52978,420.24152,0.6539213,0.0,2023-03-22 06:12:30.921012480,VNM,Vietnam,False
2023-03-22,22.648447,105.714645,27.660755,21.58559,420.19147,0.6548754,0.0,2023-03-22 06:12:30.948008960,VNM,Vietnam,False
2023-03-22,22.637812,105.71824,27.654692,21.643522,421.40363,0.6701163,0.0,2023-03-22 06:12:30.975005440,VNM,Vietnam,False
2023-03-22,22.627739,105.72218,27.64927,21.701506,420.4679,0.62338793,0.0,2023-03-22 06:12:31.002001664,VNM,Vietnam,False
2023-03-22,22.617498,105.72595,27.64362,21.760933,421.37564,0.61572796,0.0,2023-03-22 06:12:31.028998144,VNM,Vietnam,False
2023-03-22,22.607449,105.729836,27.638182,21.821152,421.73834,0.6298577,0.0,2023-03-22 06:12:31.055994624,VNM,Vietnam,False
2023-03-22,22.596636,105.733,27.631742,21.883394,421.37006,0.6318419,0.0,2023-03-22 06:12:31.082991104,VNM,Vietnam,False
2023-03-22,22.687136,105.70151,27.683725,21.484636,420.1851,0.63239896,0.0,2023-03-22 06:12:31.227991296,VNM,Vietnam,False
2023-03-22,22.67669,105.7053,27.677912,21.539703,421.31934,0.6367259,0.0,2023-03-22 06:12:31.254987776,VNM,Vietnam,False
2023-03-22,22.666515,105.70936,27.672466,21.595778,421.66125,0.626427,0.0,2023-03-22 06:12:31.282024448,VNM,Vietnam,False
2023-03-22,22.646349,105.7174,27.661682,21.710997,421.35623,0.6516399,0.0,2023-03-22 06:12:31.336017152,VNM,Vietnam,False
2023-03-22,22.635357,105.72051,27.655062,21.771399,421.08798,0.62502944,0.0,2023-03-22 06:12:31.363013632,VNM,Vietnam,False
2023-03-22,22.625309,105.7244,27.649632,21.831615,420.99966,0.6463337,0.0,2023-03-22 06:12:31.389004288,VNM,Vietnam,False
2023-03-22,22.615227,105.72822,27.644129,21.892921,422.31787,0.64310443,0.0,2023-03-22 06:12:31.416000768,VNM,Vietnam,False
2023-03-22,22.705439,105.69642,27.695755,21.4945,421.12595,0.6245964,0.0,2023-03-22 06:12:31.562006784,VNM,Vietnam,False
2023-03-22,22.695063,105.70029,27.690031,21.549479,420.1953,0.6574862,0.0,2023-03-22 06:12:31.587997440,VNM,Vietnam,False
2023-03-22,22.67506,105.708694,27.67957,21.662449,421.60608,0.6152821,0.0,2023-03-22 06:12:31.641990144,VNM,Vietnam,False
2023-03-22,22.664259,105.71199,27.673199,21.721386,421.46402,0.6175061,0.0,2023-03-22 06:12:31.669026816,VNM,Vietnam,False
2023-03-22,22.643967,105.71967,27.662113,21.841045,421.9809,0.6391232,0.0,2023-03-22 06:12:31.723019776,VNM,Vietnam,False
2023-03-22,22.633364,105.723045,27.655941,21.903023,421.1635,0.68730026,0.0,2023-03-22 06:12:31.749010432,VNM,Vietnam,False
2023-03-22,22.723671,105.69122,27.70767,21.504673,421.42102,0.6227936,0.0,2023-03-22 06:12:31.895016448,VNM,Vietnam,False
2023-03-22,22.70335,105.69935,27.696783,21.615568,421.08237,0.6198786,0.0,2023-03-22 06:12:31.948003584,VNM,Vietnam,False
2023-03-22,22.672935,105.71116,27.680305,21.79044,422.08783,0.61849403,0.0,2023-03-22 06:12:32.028992768,VNM,Vietnam,False
2023-03-22,22.662355,105.714584,27.674177,21.851408,421.08533,0.64761645,0.0,2023-03-22 06:12:32.055989248,VNM,Vietnam,False
2023-03-22,22.74312,105.68703,27.721117,21.51385,422.00223,0.650055,0.0,2023-03-22 06:12:32.228026112,VNM,Vietnam,False
2023-03-22,22.732044,105.69024,27.714464,21.569815,421.18024,0.6157052,0.0,2023-03-22 06:12:32.255022592,VNM,Vietnam,False
2023-03-22,22.721828,105.69427,27.708954,21.626013,420.94046,0.61088055,0.0,2023-03-22 06:12:32.282018816,VNM,Vietnam,False
2023-03-22,22.711538,105.6982,27.70333,21.683567,420.85663,0.641114,0.0,2023-03-22 06:12:32.309015296,VNM,Vietnam,False
2023-03-22,22.68093,105.70961,27.686468,21.861715,422.49402,0.6450706,0.0,2023-03-22 06:12:32.388998912,VNM,Vietnam,False
2023-03-22,22.670635,105.71324,27.68068,21.923357,421.53433,0.6693657,0.0,2023-03-22 06:12:32.415995392,VNM,Vietnam,False
2023-03-22,22.730358,105.69343,27.71595,21.693556,420.26535,0.627388,0.0,2023-03-22 06:12:32.642024960,VNM,Vietnam,False
2023-03-22,22.709547,105.70073,27.704203,21.811747,418.85986,0.59604543,0.0,2023-03-22 06:12:32.696017920,VNM,Vietnam,False
2023-03-22,22.770681,105.681656,27.74106,21.588013,422.30032,0.6421423,0.0,2023-03-22 06:12:32.921001728,VNM,Vietnam,False
2023-03-22,22.759602,105.68491,27.734419,21.645233,419.01782,0.65488726,0.0,2023-03-22 06:12:32.947997952,VNM,Vietnam,False
2023-03-22,22.749687,105.68919,27.729284,21.702192,421.11072,0.62730956,0.0,2023-03-22 06:12:32.974994432,VNM,Vietnam,False
2023-03-22,22.738846,105.692474,27.722853,21.761137,421.0435,0.6372064,0.0,2023-03-22 06:12:33.001990912,VNM,Vietnam,False
2023-03-22,22.728664,105.696335,27.71727,21.820448,420.49847,0.61166906,0.0,2023-03-22 06:12:33.028987392,VNM,Vietnam,False
2023-03-22,22.707481,105.70318,27.704967,21.943232,419.59418,0.6505116,0.0,2023-03-22 06:12:33.083020544,VNM,Vietnam,False
2023-03-22,22.757853,105.688034,27.735815,21.769531,420.11002,0.712059,0.0,2023-03-22 06:12:33.336006400,VNM,Vietnam,False
2023-03-22,22.736488,105.694824,27.723328,21.890486,421.58426,0.6573157,0.0,2023-03-22 06:12:33.388993536,VNM,Vietnam,False
2023-03-22,22.726362,105.69863,27.717758,21.951807,419.9384,0.6609283,0.0,2023-03-22 06:12:33.415989760,VNM,Vietnam,False
2023-03-22,22.817158,105.667114,27.770252,21.552309,420.97366,0.66867864,0.0,2023-03-22 06:12:33.561996032,VNM,Vietnam,False
2023-03-22,22.807186,105.67138,27.765045,21.606728,419.08948,0.6974051,0.0,2023-03-22 06:12:33.588026880,VNM,Vietnam,False
2023-03-22,22.756063,105.69088,27.737019,21.898157,420.33838,0.63637745,0.0,2023-03-22 06:12:33.723008768,VNM,Vietnam,False
2023-03-22,22.745079,105.69395,27.73035,21.96058,420.98676,0.7039594,0.0,2023-03-22 06:12:33.748999680,VNM,Vietnam,False
2023-03-22,22.825972,105.66669,27.777723,21.61569,423.85397,0.6471917,0.0,2023-03-22 06:12:33.920996096,VNM,Vietnam,False
2023-03-22,22.815296,105.67032,27.7716,21.672466,420.28162,0.64266235,0.0,2023-03-22 06:12:33.947992576,VNM,Vietnam,False
2023-03-22,22.805555,105.67477,27.76668,21.729282,420.10507,0.71627545,0.0,2023-03-22 06:12:33.974989056,VNM,Vietnam,False
2023-03-22,22.823801,105.669525,27.778616,21.73952,421.8646,0.59948784,0.0,2023-03-22 06:12:34.309004544,VNM,Vietnam,False
2023-03-22,22.813566,105.67336,27.77296,21.797758,419.78223,0.6699604,0.0,2023-03-22 06:12:34.336001024,VNM,Vietnam,False
2023-03-22,22.811745,105.67609,27.774061,21.92742,421.7103,0.65870947,0.0,2023-03-22 06:12:34.723003392,VNM,Vietnam,False
2023-03-22,22.890528,105.64653,27.818596,21.592026,422.09503,0.61832863,0.0,2023-03-22 06:12:34.895000320,VNM,Vietnam,False
2023-03-22,22.819508,105.67447,27.780024,21.999327,420.89462,0.64369726,0.0,2023-03-22 06:12:35.083009792,VNM,Vietnam,False
2023-03-22,22.909475,105.642006,27.831532,21.601112,421.28284,0.6404085,0.0,2023-03-22 06:12:35.228009728,VNM,Vietnam,False
2023-03-22,22.896965,105.64898,27.82682,21.779644,421.37234,0.59435636,0.0,2023-03-22 06:12:35.642008832,VNM,Vietnam,False
2023-03-22,22.887413,105.65346,27.822044,21.836992,423.1835,0.6591022,0.0,2023-03-22 06:12:35.669005056,VNM,Vietnam,False
2023-03-22,22.94655,105.63223,27.856365,21.620125,420.3146,0.64561445,0.0,2023-03-22 06:12:35.894994688,VNM,Vietnam,False
2023-03-22,22.894855,105.65176,27.827719,21.906658,421.99792,0.5773103,0.0,2023-03-22 06:12:36.029011200,VNM,Vietnam,False
2023-03-22,22.963814,105.62626,27.867174,21.630608,420.89218,0.6023566,0.0,2023-03-22 06:12:36.228004352,VNM,Vietnam,False
2023-03-22,22.892963,105.65462,27.828833,22.037355,422.60852,0.6447605,0.0,2023-03-22 06:12:36.416013824,VNM,Vietnam,False
2023-03-22,22.972805,105.626175,27.874998,21.693302,421.93652,0.59537005,0.0,2023-03-22 06:12:36.588010496,VNM,Vietnam,False
2023-03-22,22.981335,105.62561,27.882185,21.75834,423.14896,0.6301137,0.0,2023-03-22 06:12:36.948016640,VNM,Vietnam,False
2023-03-22,22.9302,105.645065,27.853899,22.055542,422.1458,0.68109226,0.0,2023-03-22 06:12:37.082998784,VNM,Vietnam,False
2023-03-22,22.979536,105.62871,27.8835,21.883572,422.51312,0.60154074,0.0,2023-03-22 06:12:37.336025088,VNM,Vietnam,False
2023-03-22,22.968458,105.63186,27.876747,21.944124,422.57,0.60317755,0.0,2023-03-22 06:12:37.363021312,VNM,Vietnam,False
2023-03-22,22.998106,105.62377,27.89593,21.893194,421.0436,0.6399186,0.0,2023-03-22 06:12:37.668994304,VNM,Vietnam,False
2023-03-22,22.977436,105.63132,27.884295,22.013428,422.60434,0.6236109,0.0,2023-03-22 06:12:37.722987264,VNM,Vietnam,False
2023-03-22,22.995903,105.62636,27.896633,22.022831,421.52744,0.6504259,0.0,2023-03-22 06:12:38.055996928,VNM,Vietnam,False
2023-04-05,9.295206,105.919876,20.47359,16.285997,421.09308,0.42434594,0.0,2023-04-05 06:20:42.723012096,VNM,Vietnam,False
2023-04-05,9.304611,105.91038,20.467052,16.345953,420.45782,0.44787818,0.0,2023-04-05 06:20:43.083017984,VNM,Vietnam,False
2023-04-05,21.020733,103.13253,23.370632,18.22469,420.3922,0.5865659,0.0,2023-04-05 06:24:11.282009600,VNM,Vietnam,False
2023-04-05,21.495544,103.01071,23.598192,18.34006,421.63672,0.5511651,0.0,2023-04-05 06:24:19.588019712,VNM,Vietnam,False
2023-04-05,21.748041,102.94798,23.723457,18.371582,421.2547,0.6009355,0.0,2023-04-05 06:24:23.895016960,VNM,Vietnam,False
2023-04-05,21.75613,102.944435,23.72706,18.433336,420.3677,0.5620997,0.0,2023-04-05 06:24:24.255023104,VNM,Vietnam,False
2023-04-05,21.74579,102.94605,23.721807,18.488483,421.9501,0.5967028,0.0,2023-04-05 06:24:24.282019328,VNM,Vietnam,False
2023-04-05,21.753689,102.94224,23.7251,18.553312,421.51086,0.5749538,0.0,2023-04-05 06:24:24.642025472,VNM,Vietnam,False
2023-04-05,21.74886,102.937,23.720606,18.806055,420.9013,0.6028952,0.0,2023-04-05 06:24:25.415990272,VNM,Vietnam,False
2023-04-05,21.827871,102.922676,23.761705,18.582733,418.75943,0.50092566,0.0,2023-04-05 06:24:25.974989312,VNM,Vietnam,False
2023-04-05,21.933487,102.89866,23.814959,18.445257,423.12054,0.670011,0.0,2023-04-05 06:24:27.228010240,VNM,Vietnam,False
2023-04-05,21.901636,102.90257,23.797838,18.612019,421.17834,0.5753509,0.0,2023-04-05 06:24:27.308999424,VNM,Vietnam,False
2023-04-05,21.941374,102.89498,23.818392,18.507568,420.30475,0.67326874,0.0,2023-04-05 06:24:27.588016384,VNM,Vietnam,False
2023-04-05,21.930946,102.89657,23.813002,18.562881,421.8523,0.5203932,0.0,2023-04-05 06:24:27.615012864,VNM,Vietnam,False
2023-04-05,21.96033,102.89061,23.828276,18.514414,421.32434,0.690973,0.0,2023-04-05 06:24:27.921026048,VNM,Vietnam,False
2023-04-05,21.94959,102.89178,23.82238,18.570107,420.63956,0.6563309,0.0,2023-04-05 06:24:27.948022272,VNM,Vietnam,False
2023-04-05,22.007523,102.87869,23.85162,18.474154,422.02875,0.57770944,0.0,2023-04-05 06:24:28.562020352,VNM,Vietnam,False
2023-04-05,22.008114,102.86829,23.849087,18.906803,422.38593,0.64976996,0.0,2023-04-05 06:24:30.082993664,VNM,Vietnam,False
2023-04-05,22.138075,102.84484,23.917622,18.527472,421.49405,0.68634003,0.0,2023-04-05 06:24:30.895019008,VNM,Vietnam,False
2023-04-05,22.127365,102.8461,23.911749,18.581804,422.1509,0.6169349,0.0,2023-04-05 06:24:30.921009664,VNM,Vietnam,False
2023-04-05,22.124804,102.844025,23.909784,18.702099,421.86197,0.5839938,0.0,2023-04-05 06:24:31.309018112,VNM,Vietnam,False
2023-04-05,22.180935,102.82983,23.938553,18.723362,421.69397,0.57234424,0.0,2023-04-05 06:24:32.309012736,VNM,Vietnam,False
2023-04-05,22.313261,102.79726,24.006197,18.653214,422.03696,0.69557,0.0,2023-04-05 06:24:34.255009024,VNM,Vietnam,False
2023-04-05,22.387447,102.777405,24.043959,18.682665,421.8677,0.616794,0.0,2023-04-05 06:24:35.588013056,VNM,Vietnam,False
2023-04-05,22.417263,102.77186,24.060225,18.634758,421.92874,0.62713176,0.0,2023-04-05 06:24:35.894992128,VNM,Vietnam,False
2023-04-05,22.382908,102.77417,24.04102,18.92726,421.31354,0.6001554,0.0,2023-04-05 06:24:36.363024128,VNM,Vietnam,False
2023-04-05,22.531227,102.74523,24.121252,18.680279,421.8188,0.7161027,0.0,2023-04-05 06:24:37.895021312,VNM,Vietnam,False
2023-04-05,22.520912,102.74716,24.115984,18.734001,424.02032,0.75375515,0.0,2023-04-05 06:24:37.921011968,VNM,Vietnam,False
2023-04-05,22.529028,102.744125,24.120178,18.796917,423.48376,0.7490355,0.0,2023-04-05 06:24:38.282023936,VNM,Vietnam,False
2023-04-05,22.518425,102.74565,24.114439,18.853876,424.2641,0.6982247,0.0,2023-04-05 06:24:38.309020416,VNM,Vietnam,False
2023-04-05,22.557022,102.736206,24.13372,18.750675,423.21646,0.6634749,0.0,2023-04-05 06:24:38.587996928,VNM,Vietnam,False
2023-04-05,22.526531,102.742386,24.118467,18.919048,423.41095,0.71461487,0.0,2023-04-05 06:24:38.668986368,VNM,Vietnam,False
2023-04-05,22.56543,102.7335,24.138348,18.813242,423.02512,0.63544726,0.0,2023-04-05 06:24:38.948003072,VNM,Vietnam,False
2023-04-05,22.523888,102.74006,24.11625,19.046227,424.04147,0.739257,0.0,2023-04-05 06:24:39.055988736,VNM,Vietnam,False
2023-04-05,22.513117,102.74105,24.110027,19.107893,422.88525,0.73785526,0.0,2023-04-05 06:24:39.083025408,VNM,Vietnam,False
2023-04-05,22.573318,102.72997,24.142061,18.878149,421.37595,0.60535455,0.0,2023-04-05 06:24:39.309015040,VNM,Vietnam,False
2023-04-05,22.581057,102.726074,24.145424,18.944166,419.0221,0.64711845,0.0,2023-04-05 06:24:39.669021184,VNM,Vietnam,False
2023-04-05,22.578545,102.72393,24.143414,19.070978,419.28085,0.6701236,0.0,2023-04-05 06:24:40.056023552,VNM,Vietnam,False
2023-04-05,22.586702,102.72048,24.14736,19.13954,418.96167,0.6647333,0.0,2023-04-05 06:24:40.415989504,VNM,Vietnam,False
2023-04-05,22.678947,102.70471,24.196968,18.742516,422.22467,0.63212156,0.0,2023-04-05 06:24:40.561995520,VNM,Vietnam,False
2023-04-05,22.668367,102.706345,24.191273,18.796665,420.88785,0.6625408,0.0,2023-04-05 06:24:40.588026368,VNM,Vietnam,False
2023-04-05,22.69763,102.69989,24.206797,18.749964,419.76395,0.6184537,0.0,2023-04-05 06:24:40.895005184,VNM,Vietnam,False
2023-04-05,22.66566,102.70454,24.189365,18.917091,421.3737,0.65115494,0.0,2023-04-05 06:24:40.974988800,VNM,Vietnam,False
2023-04-05,22.695242,102.698555,24.205423,18.867502,420.80878,0.6535515,0.0,2023-04-05 06:24:41.282007808,VNM,Vietnam,False
2023-04-05,22.692734,102.69683,24.203707,18.99021,419.3367,0.6245328,0.0,2023-04-05 06:24:41.669010176,VNM,Vietnam,False
2023-04-05,22.698723,102.69189,24.206347,19.183336,420.6138,0.6815001,0.0,2023-04-05 06:24:42.416018944,VNM,Vietnam,False
2023-04-23,11.182402,108.72503,20.81506,16.321865,421.73373,0.37559634,0.0,2023-04-23 06:08:26.614994944,VNM,Vietnam,False
2023-04-23,11.217425,108.73565,20.823137,16.210955,421.86838,0.3526022,0.0,2023-04-23 06:08:26.895017728,VNM,Vietnam,False
2023-04-23,11.209264,108.7283,20.816866,16.263475,422.14545,0.30948532,0.0,2023-04-23 06:08:26.921008128,VNM,Vietnam,False
2023-04-23,11.201114,108.72081,20.81046,16.317642,421.82556,0.32515278,0.0,2023-04-23 06:08:26.948004608,VNM,Vietnam,False
2023-04-23,11.193001,108.71323,20.803965,16.373276,421.14355,0.31598845,0.0,2023-04-23 06:08:26.975001088,VNM,Vietnam,False
2023-04-23,11.185009,108.70562,20.797438,16.429787,421.58734,0.30228245,0.0,2023-04-23 06:08:27.001997568,VNM,Vietnam,False
2023-04-23,11.236083,108.73145,20.81859,16.206367,420.81238,0.3821586,0.0,2023-04-23 06:08:27.228027392,VNM,Vietnam,False
2023-04-23,11.227906,108.72412,20.812332,16.258839,420.3744,0.3776927,0.0,2023-04-23 06:08:27.255023616,VNM,Vietnam,False
2023-04-23,11.219742,108.716644,20.805931,16.312965,420.43878,0.34261027,0.0,2023-04-23 06:08:27.282020096,VNM,Vietnam,False
2023-04-23,11.211615,108.70908,20.79945,16.368551,420.5449,0.3491175,0.0,2023-04-23 06:08:27.309016832,VNM,Vietnam,False
2023-04-23,11.2036085,108.70149,20.792934,16.425016,421.01324,0.28856394,0.0,2023-04-23 06:08:27.336013056,VNM,Vietnam,False
2023-04-23,11.195628,108.69379,20.7863,16.482964,421.60303,0.29847482,0.0,2023-04-23 06:08:27.363009536,VNM,Vietnam,False
2023-04-23,11.23022,108.70494,20.794956,16.363764,420.1607,0.34804124,0.0,2023-04-23 06:08:27.642026240,VNM,Vietnam,False
2023-04-23,11.2142105,108.68977,20.781921,16.478067,420.95273,0.29921278,0.0,2023-04-23 06:08:27.696019200,VNM,Vietnam,False
2023-04-23,11.206276,108.68194,20.775154,16.537321,421.32895,0.31463882,0.0,2023-04-23 06:08:27.723015424,VNM,Vietnam,False
2023-04-23,11.198377,108.67407,20.768356,16.59778,421.2283,0.3934007,0.0,2023-04-23 06:08:27.749006336,VNM,Vietnam,False
2023-04-23,11.27332,108.72319,20.809675,16.196703,420.8081,0.41099975,0.0,2023-04-23 06:08:27.895012096,VNM,Vietnam,False
2023-04-23,11.2651415,108.7158,20.803345,16.249252,421.72513,0.49669534,0.0,2023-04-23 06:08:27.921002752,VNM,Vietnam,False
2023-04-23,11.256967,108.708336,20.796947,16.303383,420.30444,0.36271116,0.0,2023-04-23 06:08:27.947999232,VNM,Vietnam,False
2023-04-23,11.240808,108.69324,20.783978,16.41542,419.1092,0.34312794,0.0,2023-04-23 06:08:28.001992192,VNM,Vietnam,False
2023-04-23,11.232825,108.68556,20.777363,16.473455,420.212,0.35546175,0.0,2023-04-23 06:08:28.028988672,VNM,Vietnam,False
2023-04-23,11.224885,108.67789,20.770742,16.532673,419.6024,0.3805839,0.0,2023-04-23 06:08:28.056025344,VNM,Vietnam,False
2023-04-23,11.216988,108.67009,20.764011,16.593178,421.12885,0.32871053,0.0,2023-04-23 06:08:28.083021568,VNM,Vietnam,False
2023-04-23,11.29207,108.718895,20.805075,16.19298,420.4411,0.33899567,0.0,2023-04-23 06:08:28.228021760,VNM,Vietnam,False
2023-04-23,11.283881,108.71167,20.798897,16.245485,420.71432,0.41174185,0.0,2023-04-23 06:08:28.255018240,VNM,Vietnam,False
2023-04-23,11.275725,108.704124,20.792406,16.29982,420.8911,0.40254682,0.0,2023-04-23 06:08:28.282014720,VNM,Vietnam,False
2023-04-23,11.267602,108.69651,20.785854,16.35559,420.44586,0.3742014,0.0,2023-04-23 06:08:28.309011200,VNM,Vietnam,False
2023-04-23,11.259593,108.688934,20.779331,16.412178,419.3728,0.3447737,0.0,2023-04-23 06:08:28.336007680,VNM,Vietnam,False
2023-04-23,11.251604,108.6813,20.77275,16.470184,419.84048,0.3635323,0.0,2023-04-23 06:08:28.363003904,VNM,Vietnam,False
2023-04-23,11.243661,108.673584,20.76609,16.529438,420.00717,0.4080279,0.0,2023-04-23 06:08:28.388994816,VNM,Vietnam,False
2023-04-23,11.235738,108.66605,20.759605,16.589691,419.62,0.39392442,0.0,2023-04-23 06:08:28.415991040,VNM,Vietnam,False
2023-04-23,11.310872,108.71465,20.800528,16.18968,422.5611,0.4108407,0.0,2023-04-23 06:08:28.561997056,VNM,Vietnam,False
2023-04-23,11.302678,108.70743,20.794346,16.242184,419.28607,0.4254694,0.0,2023-04-23 06:08:28.587987712,VNM,Vietnam,False
2023-04-23,11.270387,108.677,20.768124,16.46693,420.47498,0.4148669,0.0,2023-04-23 06:08:28.696013568,VNM,Vietnam,False
2023-04-23,11.262441,108.66927,20.761436,16.526203,420.13757,0.4058245,0.0,2023-04-23 06:08:28.723010048,VNM,Vietnam,False
2023-04-23,11.254532,108.661476,20.754686,16.586714,420.24496,0.3731357,0.0,2023-04-23 06:08:28.749000704,VNM,Vietnam,False
2023-04-23,11.321453,108.70337,20.789995,16.238678,421.80167,0.45257747,0.0,2023-04-23 06:08:28.920997376,VNM,Vietnam,False
2023-04-23,11.297105,108.68099,20.770746,16.40501,421.42783,0.45721853,0.0,2023-04-23 06:08:29.002027008,VNM,Vietnam,False
2023-04-23,11.28916,108.672775,20.763577,16.463531,420.04547,0.40359288,0.0,2023-04-23 06:08:29.029023488,VNM,Vietnam,False
2023-04-23,11.281202,108.665054,20.7569,16.522717,421.00354,0.35504934,0.0,2023-04-23 06:08:29.056019712,VNM,Vietnam,False
2023-04-23,11.273285,108.657265,20.750147,16.583157,419.76624,0.35248896,0.0,2023-04-23 06:08:29.083016192,VNM,Vietnam,False
2023-04-23,11.323885,108.68411,20.772545,16.344484,421.34967,0.43583903,0.0,2023-04-23 06:08:29.309005824,VNM,Vietnam,False
2023-04-23,11.315867,108.67646,20.765926,16.40108,420.5583,0.36676145,0.0,2023-04-23 06:08:29.336002048,VNM,Vietnam,False
2023-04-23,11.299903,108.66105,20.75259,16.518265,420.30133,0.4267537,0.0,2023-04-23 06:08:29.388989184,VNM,Vietnam,False
2023-04-23,11.291969,108.65341,20.745977,16.57856,420.16266,0.45504147,0.0,2023-04-23 06:08:29.416025856,VNM,Vietnam,False
2023-04-23,11.350743,108.68772,20.774849,16.284294,421.9897,0.45694035,0.0,2023-04-23 06:08:29.615018752,VNM,Vietnam,False
2023-04-23,11.342597,108.68013,20.768295,16.339977,422.82288,0.40392432,0.0,2023-04-23 06:08:29.642015488,VNM,Vietnam,False
2023-04-23,11.3345995,108.672226,20.761417,16.39683,421.09833,0.3492448,0.0,2023-04-23 06:08:29.669011712,VNM,Vietnam,False
2023-04-23,11.32658,108.66466,20.754879,16.454704,421.03488,0.34955063,0.0,2023-04-23 06:08:29.696008192,VNM,Vietnam,False
2023-04-23,11.31861,108.65699,20.748234,16.513855,420.90384,0.41401637,0.0,2023-04-23 06:08:29.723004928,VNM,Vietnam,False
2023-04-23,11.385779,108.69909,20.783916,16.172493,423.01956,0.52242553,0.0,2023-04-23 06:08:29.895001344,VNM,Vietnam,False
2023-04-23,11.3775835,108.691765,20.77761,16.225033,423.09778,0.5058814,0.0,2023-04-23 06:08:29.920992000,VNM,Vietnam,False
2023-04-23,11.353284,108.6685,20.757431,16.392057,422.5313,0.41604206,0.0,2023-04-23 06:08:30.002021632,VNM,Vietnam,False
2023-04-23,11.345299,108.66055,20.750504,16.450396,421.2882,0.40228632,0.0,2023-04-23 06:08:30.029017856,VNM,Vietnam,False
2023-04-23,11.337328,108.65287,20.743843,16.509642,421.4979,0.38156483,0.0,2023-04-23 06:08:30.056014336,VNM,Vietnam,False
2023-04-23,11.329385,108.645256,20.737247,16.570002,420.77496,0.44992346,0.0,2023-04-23 06:08:30.083010560,VNM,Vietnam,False
2023-04-23,11.404615,108.69436,20.77898,16.1694,425.95987,0.53453654,0.0,2023-04-23 06:08:30.228011008,VNM,Vietnam,False
2023-04-23,11.3964205,108.68698,20.772615,16.222076,425.01102,0.5111,0.0,2023-04-23 06:08:30.255007488,VNM,Vietnam,False
2023-04-23,11.388243,108.6794,20.766047,16.27647,423.49356,0.4229852,0.0,2023-04-23 06:08:30.282003968,VNM,Vietnam,False
2023-04-23,11.380117,108.67155,20.759218,16.332506,422.54138,0.39549375,0.0,2023-04-23 06:08:30.309000192,VNM,Vietnam,False
2023-04-23,11.372083,108.66393,20.752623,16.389153,422.27737,0.36547288,0.0,2023-04-23 06:08:30.335996672,VNM,Vietnam,False
2023-04-23,11.364068,108.65624,20.745947,16.447243,421.80884,0.3851759,0.0,2023-04-23 06:08:30.362993152,VNM,Vietnam,False
2023-04-23,11.3560915,108.64857,20.739283,16.506489,420.7401,0.34889817,0.0,2023-04-23 06:08:30.389024000,VNM,Vietnam,False
2023-04-23,11.390855,108.65967,20.748123,16.385948,420.08307,0.5089576,0.0,2023-04-23 06:08:30.669006336,VNM,Vietnam,False
2023-04-23,11.38283,108.65204,20.741507,16.443974,421.81735,0.43797204,0.0,2023-04-23 06:08:30.696003072,VNM,Vietnam,False
2023-04-23,11.37485,108.644325,20.7348,16.503256,421.49786,0.39893278,0.0,2023-04-23 06:08:30.722999296,VNM,Vietnam,False
2023-04-23,11.36691,108.63654,20.728025,16.563782,421.57016,0.3778046,0.0,2023-04-23 06:08:30.748989696,VNM,Vietnam,False
2023-04-23,11.393602,108.6401,20.730349,16.500078,421.6428,0.4818059,0.0,2023-04-23 06:08:31.056008704,VNM,Vietnam,False
2023-04-23,11.385653,108.63231,20.723564,16.560656,421.01584,0.4879243,0.0,2023-04-23 06:08:31.083005440,VNM,Vietnam,False
2023-04-23,11.431035,108.6316,20.721455,16.494684,423.15344,0.558709,0.0,2023-04-23 06:08:31.722993920,VNM,Vietnam,False
2023-04-23,11.482062,108.65771,20.743456,16.26217,421.2029,0.5049566,0.0,2023-04-23 06:08:31.948017920,VNM,Vietnam,False
2023-04-23,11.449716,108.62784,20.71751,16.491549,422.83322,0.585363,0.0,2023-04-23 06:08:32.056003584,VNM,Vietnam,False
2023-04-23,11.468416,108.62395,20.713455,16.48889,422.85712,0.59784716,0.0,2023-04-23 06:08:32.389013248,VNM,Vietnam,False
2023-04-23,11.495215,108.626656,20.715057,16.427933,421.9672,0.5639159,0.0,2023-04-23 06:08:32.695992064,VNM,Vietnam,False
2023-04-23,11.487206,108.618935,20.708307,16.487322,422.4753,0.56766933,0.0,2023-04-23 06:08:32.722988288,VNM,Vietnam,False
2023-04-23,11.50593,108.61483,20.704077,16.484621,422.03433,0.5748107,0.0,2023-04-23 06:08:33.055998208,VNM,Vietnam,False
2023-04-23,11.597089,108.613,20.700012,16.353212,423.1171,0.53561324,0.0,2023-04-23 06:08:34.336015104,VNM,Vietnam,False
2023-04-23,11.62399,108.61585,20.701916,16.294016,423.4547,0.5150598,0.0,2023-04-23 06:08:34.641988352,VNM,Vietnam,False
2023-04-23,11.615889,108.60827,20.695261,16.350706,422.67712,0.41882303,0.0,2023-04-23 06:08:34.669025024,VNM,Vietnam,False
2023-04-23,11.607786,108.60084,20.688751,16.408619,422.02026,0.55105513,0.0,2023-04-23 06:08:34.696021248,VNM,Vietnam,False
2023-04-23,11.650889,108.620094,20.705202,16.23429,423.07727,0.5484723,0.0,2023-04-23 06:08:34.948001280,VNM,Vietnam,False
2023-04-23,11.626524,108.59683,20.684715,16.40534,422.0515,0.57340026,0.0,2023-04-23 06:08:35.028990720,VNM,Vietnam,False
2023-04-23,11.618471,108.589264,20.67807,16.464495,422.34756,0.57172775,0.0,2023-04-23 06:08:35.055987456,VNM,Vietnam,False
2023-04-23,11.686356,108.629265,20.712576,16.125122,421.28778,0.49529767,0.0,2023-04-23 06:08:35.228024064,VNM,Vietnam,False
2023-04-23,11.6615505,108.607376,20.693428,16.28735,421.6877,0.5337411,0.0,2023-04-23 06:08:35.309013248,VNM,Vietnam,False
2023-04-23,11.705199,108.62477,20.708128,16.121634,420.94266,0.39481738,0.0,2023-04-23 06:08:35.561999360,VNM,Vietnam,False
2023-04-23,11.6969,108.617676,20.701925,16.17405,421.1284,0.46804592,0.0,2023-04-23 06:08:35.587990016,VNM,Vietnam,False
2023-04-23,11.688589,108.61066,20.69581,16.227896,419.76147,0.5874678,0.0,2023-04-23 06:08:35.615026688,VNM,Vietnam,False
2023-04-23,11.680316,108.60356,20.689617,16.2832,421.86087,0.54982793,0.0,2023-04-23 06:08:35.642023168,VNM,Vietnam,False
2023-04-23,11.723968,108.62099,20.70439,16.117434,419.0004,0.51899934,0.0,2023-04-23 06:08:35.895009024,VNM,Vietnam,False
2023-04-23,11.699104,108.59949,20.685577,16.279278,421.79526,0.57369494,0.0,2023-04-23 06:08:35.974992640,VNM,Vietnam,False
2023-04-23,11.717731,108.5958,20.68194,16.275505,420.1575,0.6075139,0.0,2023-04-23 06:08:36.309008128,VNM,Vietnam,False
2023-04-23,11.744586,108.59977,20.685081,16.21585,422.15155,0.6124489,0.0,2023-04-23 06:08:36.615021312,VNM,Vietnam,False
2023-04-23,11.736327,108.59235,20.678549,16.271542,422.7521,0.6257549,0.0,2023-04-23 06:08:36.642017536,VNM,Vietnam,False
2023-04-23,11.728212,108.584595,20.671684,16.328411,422.695,0.5995309,0.0,2023-04-23 06:08:36.669014016,VNM,Vietnam,False
2023-04-23,11.720052,108.57757,20.66554,16.38593,424.2176,0.63976413,0.0,2023-04-23 06:08:36.696010496,VNM,Vietnam,False
2023-04-23,11.77982,108.610405,20.694054,16.105492,424.004,0.67041403,0.0,2023-04-23 06:08:36.895003648,VNM,Vietnam,False
2023-04-23,11.771562,108.60277,20.687294,16.158508,422.34622,0.6244042,0.0,2023-04-23 06:08:36.920994304,VNM,Vietnam,False
2023-04-23,11.763268,108.59539,20.680801,16.212774,422.66776,0.5451337,0.0,2023-04-23 06:08:36.947990528,VNM,Vietnam,False
2023-04-23,11.755003,108.58798,20.674276,16.268457,423.08426,0.57843757,0.0,2023-04-23 06:08:36.974987008,VNM,Vietnam,False
2023-04-23,11.746842,108.58073,20.6679,16.324846,422.6824,0.60507333,0.0,2023-04-23 06:08:37.002023680,VNM,Vietnam,False
2023-04-23,11.738726,108.573204,20.661259,16.382908,423.2541,0.5718915,0.0,2023-04-23 06:08:37.029020416,VNM,Vietnam,False
2023-04-23,11.730649,108.56569,20.65462,16.442142,423.37766,0.6098302,0.0,2023-04-23 06:08:37.056016640,VNM,Vietnam,False
2023-04-23,11.722623,108.55785,20.647673,16.502863,422.358,0.486279,0.0,2023-04-23 06:08:37.083013120,VNM,Vietnam,False
2023-04-23,11.798591,108.6061,20.689875,16.102762,423.4127,0.6121885,0.0,2023-04-23 06:08:37.228013312,VNM,Vietnam,False
2023-04-23,11.790293,108.59893,20.683565,16.155375,423.8638,0.63765204,0.0,2023-04-23 06:08:37.255009536,VNM,Vietnam,False
2023-04-23,11.782028,108.591324,20.676838,16.209923,424.56564,0.6048081,0.0,2023-04-23 06:08:37.282006272,VNM,Vietnam,False
2023-04-23,11.7656555,108.576164,20.663431,16.322588,425.32394,0.52883834,0.0,2023-04-23 06:08:37.335998976,VNM,Vietnam,False
2023-04-23,11.757523,108.56879,20.656927,16.38051,423.2821,0.4310577,0.0,2023-04-23 06:08:37.362995456,VNM,Vietnam,False
2023-04-23,11.741401,108.55356,20.643452,16.50034,421.64227,0.5630923,0.0,2023-04-23 06:08:37.416022784,VNM,Vietnam,False
2023-04-23,11.817486,108.601,20.68492,16.101028,424.71542,0.5583325,0.0,2023-04-23 06:08:37.561988608,VNM,Vietnam,False
2023-04-23,11.800895,108.586334,20.67198,16.208075,424.30115,0.4832379,0.0,2023-04-23 06:08:37.615015680,VNM,Vietnam,False
2023-04-23,11.792631,108.57887,20.665392,16.263859,421.96637,0.5236675,0.0,2023-04-23 06:08:37.642012160,VNM,Vietnam,False
2023-04-23,11.776341,108.56408,20.652325,16.378382,421.39935,0.3998983,0.0,2023-04-23 06:08:37.696005120,VNM,Vietnam,False
2023-04-23,11.768249,108.55658,20.645695,16.437592,422.02298,0.54891884,0.0,2023-04-23 06:08:37.723001600,VNM,Vietnam,False
2023-04-23,11.760196,108.54897,20.638956,16.498087,420.5981,0.51819366,0.0,2023-04-23 06:08:37.748992256,VNM,Vietnam,False
2023-04-23,11.836356,108.59613,20.680214,16.099045,421.32074,0.4611129,0.0,2023-04-23 06:08:37.894998016,VNM,Vietnam,False
2023-04-23,11.828035,108.58901,20.67395,16.151596,422.0053,0.50679636,0.0,2023-04-23 06:08:37.920988672,VNM,Vietnam,False
2023-04-23,11.819712,108.58189,20.667673,16.205675,421.8443,0.47869644,0.0,2023-04-23 06:08:37.948025344,VNM,Vietnam,False
2023-04-23,11.811433,108.57454,20.661192,16.261343,420.5012,0.50532454,0.0,2023-04-23 06:08:37.975021824,VNM,Vietnam,False
2023-04-23,11.803275,108.567154,20.654661,16.317907,418.6678,0.450859,0.0,2023-04-23 06:08:38.002018560,VNM,Vietnam,False
2023-04-23,11.78703,108.55221,20.641436,16.43489,420.10657,0.48473585,0.0,2023-04-23 06:08:38.056011264,VNM,Vietnam,False
2023-04-23,11.778965,108.54464,20.63473,16.495235,420.25748,0.49015325,0.0,2023-04-23 06:08:38.083007488,VNM,Vietnam,False
2023-04-23,11.838462,108.57775,20.663696,16.201735,421.22772,0.48204696,0.0,2023-04-23 06:08:38.282000896,VNM,Vietnam,False
2023-04-23,11.830166,108.570526,20.65732,16.257175,419.51584,0.4971828,0.0,2023-04-23 06:08:38.308997120,VNM,Vietnam,False
2023-04-23,11.873809,108.588524,20.67295,16.090471,419.78787,0.5580005,0.0,2023-04-23 06:08:38.562023424,VNM,Vietnam,False
2023-04-23,11.857103,108.57479,20.660885,16.19638,420.63596,0.5741032,0.0,2023-04-23 06:08:38.615010304,VNM,Vietnam,False
2023-04-23,11.892537,108.58465,20.66927,16.085993,421.04532,0.5751176,0.0,2023-04-23 06:08:38.894992896,VNM,Vietnam,False
2023-04-23,11.884189,108.57771,20.663164,16.138256,419.9404,0.6032001,0.0,2023-04-23 06:08:38.921023488,VNM,Vietnam,False
2023-04-23,11.875847,108.57067,20.656958,16.19214,421.19403,0.46819517,0.0,2023-04-23 06:08:38.948019968,VNM,Vietnam,False
2023-04-23,11.859399,108.55583,20.643795,16.304276,422.01248,0.6386679,0.0,2023-04-23 06:08:39.002012928,VNM,Vietnam,False
2023-04-23,11.851237,108.548515,20.63732,16.36207,421.74994,0.5918296,0.0,2023-04-23 06:08:39.029009408,VNM,Vietnam,False
2023-04-23,11.84314,108.54083,20.63048,16.421404,421.5383,0.5991919,0.0,2023-04-23 06:08:39.056005632,VNM,Vietnam,False
2023-04-23,11.835067,108.53323,20.623722,16.481836,421.60184,0.6037623,0.0,2023-04-23 06:08:39.083002112,VNM,Vietnam,False
2023-04-23,11.911377,108.57962,20.664474,16.083004,421.7931,0.5587283,0.0,2023-04-23 06:08:39.228002560,VNM,Vietnam,False
2023-04-23,11.894614,108.56627,20.652761,16.188633,419.04648,0.6061117,0.0,2023-04-23 06:08:39.281995264,VNM,Vietnam,False
2023-04-23,11.886304,108.55912,20.646442,16.244055,420.85443,0.5872934,0.0,2023-04-23 06:08:39.308991744,VNM,Vietnam,False
2023-04-23,11.878125,108.55181,20.639961,16.300488,421.43134,0.44278702,0.0,2023-04-23 06:08:39.335987968,VNM,Vietnam,False
2023-04-23,11.861863,108.53673,20.626553,16.417707,419.79605,0.6320041,0.0,2023-04-23 06:08:39.389015552,VNM,Vietnam,False
2023-04-23,11.853795,108.528946,20.619604,16.478327,421.05762,0.60506487,0.0,2023-04-23 06:08:39.416011776,VNM,Vietnam,False
2023-04-23,11.930141,108.57535,20.660439,16.079441,422.7361,0.5586055,0.0,2023-04-23 06:08:39.562017792,VNM,Vietnam,False
2023-04-23,11.921757,108.56866,20.654556,16.131516,419.8403,0.57614386,0.0,2023-04-23 06:08:39.588008448,VNM,Vietnam,False
2023-04-23,11.913417,108.56145,20.648174,16.185612,418.94806,0.58992165,0.0,2023-04-23 06:08:39.615004928,VNM,Vietnam,False
2023-04-23,11.90508,108.554535,20.642076,16.240805,418.2655,0.6045575,0.0,2023-04-23 06:08:39.642001408,VNM,Vietnam,False
2023-04-23,11.896894,108.54721,20.635576,16.297255,419.43704,0.5346043,0.0,2023-04-23 06:08:39.668997888,VNM,Vietnam,False
2023-04-23,11.888718,108.53997,20.629158,16.35499,421.732,0.51900387,0.0,2023-04-23 06:08:39.695994368,VNM,Vietnam,False
2023-04-23,11.88061,108.53224,20.622263,16.414371,422.19214,0.56798,0.0,2023-04-23 06:08:39.722990848,VNM,Vietnam,False
2023-04-23,11.872517,108.5248,20.61565,16.474651,422.48483,0.6020822,0.0,2023-04-23 06:08:39.749021440,VNM,Vietnam,False
2023-04-23,11.948904,108.571106,20.656448,16.075832,422.85214,0.55216837,0.0,2023-04-23 06:08:39.894987264,VNM,Vietnam,False
2023-04-23,11.940569,108.56382,20.649979,16.12849,420.12485,0.5434253,0.0,2023-04-23 06:08:39.921018112,VNM,Vietnam,False
2023-04-23,11.923838,108.55017,20.63795,16.23732,419.37775,0.5639009,0.0,2023-04-23 06:08:39.975011072,VNM,Vietnam,False
2023-04-23,11.915641,108.54292,20.631516,16.293697,420.03217,0.5593066,0.0,2023-04-23 06:08:40.002007552,VNM,Vietnam,False
2023-04-23,11.899316,108.52827,20.618498,16.410526,420.77826,0.59060967,0.0,2023-04-23 06:08:40.056000256,VNM,Vietnam,False
2023-04-23,11.89123,108.5205,20.611555,16.471146,421.3034,0.5672473,0.0,2023-04-23 06:08:40.082996736,VNM,Vietnam,False
2023-04-23,11.967575,108.567314,20.652922,16.071815,421.18265,0.5576021,0.0,2023-04-23 06:08:40.227997184,VNM,Vietnam,False
2023-04-23,11.934316,108.53864,20.627483,16.290216,420.8901,0.5654214,0.0,2023-04-23 06:08:40.336022784,VNM,Vietnam,False
2023-04-23,11.92613,108.53127,20.62092,16.3481,421.5559,0.57335836,0.0,2023-04-23 06:08:40.363019520,VNM,Vietnam,False
2023-04-23,11.917978,108.523994,20.614454,16.40706,421.97498,0.61788744,0.0,2023-04-23 06:08:40.389009920,VNM,Vietnam,False
2023-04-23,11.90988,108.51636,20.607637,16.467552,420.8908,0.61822504,0.0,2023-04-23 06:08:40.416006656,VNM,Vietnam,False
2023-04-23,11.98627,108.56303,20.648922,16.068302,422.15604,0.5866508,0.0,2023-04-23 06:08:40.562012416,VNM,Vietnam,False
2023-04-23,11.977909,108.55589,20.642586,16.120834,420.16516,0.59234756,0.0,2023-04-23 06:08:40.588003072,VNM,Vietnam,False
2023-04-23,11.969518,108.54905,20.636541,16.174593,420.5171,0.60297966,0.0,2023-04-23 06:08:40.614999552,VNM,Vietnam,False
2023-04-23,11.94478,108.52728,20.617188,16.344322,420.6777,0.58776337,0.0,2023-04-23 06:08:40.695988992,VNM,Vietnam,False
2023-04-23,11.928533,108.51218,20.603695,16.463984,421.2576,0.63077974,0.0,2023-04-23 06:08:40.749016064,VNM,Vietnam,False
2023-04-23,11.996621,108.55136,20.638361,16.117546,420.37637,0.59474754,0.0,2023-04-23 06:08:40.921012992,VNM,Vietnam,False
2023-04-23,11.971647,108.53034,20.619717,16.282957,421.47495,0.573697,0.0,2023-04-23 06:08:41.002001920,VNM,Vietnam,False
2023-04-23,11.955286,108.51559,20.606565,16.399788,420.2502,0.51797384,0.0,2023-04-23 06:08:41.055994880,VNM,Vietnam,False
2023-04-23,12.023601,108.55463,20.641153,16.060408,422.496,0.62862736,0.0,2023-04-23 06:08:41.227991552,VNM,Vietnam,False
2023-04-23,12.006858,108.54018,20.628277,16.16705,419.1725,0.60951495,0.0,2023-04-23 06:08:41.282024704,VNM,Vietnam,False
2023-04-23,12.019212,108.51069,20.601778,16.326887,422.87674,0.6368602,0.0,2023-04-23 06:08:42.028993024,VNM,Vietnam,False
2023-04-23,12.03776,108.50639,20.59783,16.323154,421.6821,0.6876864,0.0,2023-04-23 06:08:42.363008512,VNM,Vietnam,False
2023-04-23,12.029573,108.49901,20.591219,16.38227,421.1261,0.64528567,0.0,2023-04-23 06:08:42.388999168,VNM,Vietnam,False
2023-04-23,12.097974,108.538086,20.626074,16.042868,421.1129,0.5747648,0.0,2023-04-23 06:08:42.562001664,VNM,Vietnam,False
2023-04-23,12.089564,108.5311,20.619833,16.095314,421.0765,0.67780113,0.0,2023-04-23 06:08:42.587992064,VNM,Vietnam,False
2023-04-23,12.056294,108.50236,20.59415,16.319153,420.6614,0.7087118,0.0,2023-04-23 06:08:42.696018176,VNM,Vietnam,False
2023-04-23,12.04811,108.49485,20.58741,16.378408,420.91943,0.5143017,0.0,2023-04-23 06:08:42.723014656,VNM,Vietnam,False
2023-04-23,12.039964,108.4872,20.580534,16.438984,420.94644,0.56995493,0.0,2023-04-23 06:08:42.749005312,VNM,Vietnam,False
2023-04-23,12.116546,108.53385,20.622244,16.038979,420.09277,0.53977835,0.0,2023-04-23 06:08:42.895011328,VNM,Vietnam,False
2023-04-23,12.108109,108.52712,20.616259,16.091177,419.88043,0.57585216,0.0,2023-04-23 06:08:42.921001984,VNM,Vietnam,False
2023-04-23,12.074854,108.497894,20.590065,16.315659,419.8329,0.61494946,0.0,2023-04-23 06:08:43.028987648,VNM,Vietnam,False
2023-04-23,12.135127,108.529526,20.618347,16.036064,419.8306,0.58929074,0.0,2023-04-23 06:08:43.228020992,VNM,Vietnam,False
2023-04-23,12.126699,108.522644,20.612206,16.088535,419.68085,0.6101001,0.0,2023-04-23 06:08:43.255017216,VNM,Vietnam,False
2023-04-23,12.118286,108.51553,20.60584,16.142752,420.525,0.58310884,0.0,2023-04-23 06:08:43.282013952,VNM,Vietnam,False
2023-04-23,12.109894,108.50851,20.599562,16.19827,420.2187,0.60813415,0.0,2023-04-23 06:08:43.309010176,VNM,Vietnam,False
2023-04-23,12.101624,108.50143,20.59323,16.2547,419.9528,0.6088974,0.0,2023-04-23 06:08:43.336006656,VNM,Vietnam,False
2023-04-23,12.093398,108.493835,20.586393,16.313,420.29276,0.6230441,0.0,2023-04-23 06:08:43.363003136,VNM,Vietnam,False
2023-04-23,12.128445,108.504456,20.595924,16.195566,420.60556,0.6621242,0.0,2023-04-23 06:08:43.642020096,VNM,Vietnam,False
2023-04-23,12.11195,108.48966,20.582623,16.31044,420.15433,0.661935,0.0,2023-04-23 06:08:43.696012800,VNM,Vietnam,False
2023-04-23,12.359146,108.47507,20.570276,16.010952,421.59457,0.67326623,0.0,2023-04-23 06:08:47.227999232,VNM,Vietnam,False
2023-04-23,12.350629,108.468636,20.56449,16.063103,420.75116,0.6348583,0.0,2023-04-23 06:08:47.254995712,VNM,Vietnam,False
2023-04-23,12.342188,108.46103,20.557564,16.117914,420.2866,0.70241684,0.0,2023-04-23 06:08:47.281992192,VNM,Vietnam,False
2023-04-23,12.333737,108.45392,20.55112,16.173632,419.49124,0.63536763,0.0,2023-04-23 06:08:47.308988672,VNM,Vietnam,False
2023-04-23,12.3608465,108.45716,20.554302,16.114866,420.04688,0.63791806,0.0,2023-04-23 06:08:47.615001600,VNM,Vietnam,False
2023-04-23,12.327461,108.42857,20.528357,16.34438,420.6871,0.7119217,0.0,2023-04-23 06:08:47.722987776,VNM,Vietnam,False
2023-04-23,12.362705,108.439255,20.538319,16.223938,421.875,0.72621274,0.0,2023-04-23 06:08:48.002004480,VNM,Vietnam,False
2023-04-23,12.564844,108.426544,20.52964,15.975845,420.17334,0.6507827,0.0,2023-04-23 06:08:50.895008000,VNM,Vietnam,False
2023-04-23,12.5224285,108.39182,20.497845,16.252625,421.43124,0.58376336,0.0,2023-04-23 06:08:51.029024512,VNM,Vietnam,False
2023-04-23,12.56646,108.40855,20.513596,16.079836,421.17633,0.58470106,0.0,2023-04-23 06:08:51.282010624,VNM,Vietnam,False
2023-04-23,12.557938,108.40156,20.507189,16.13554,420.70624,0.50453,0.0,2023-04-23 06:08:51.309007104,VNM,Vietnam,False
2023-04-23,12.549535,108.39454,20.50075,16.19213,420.97095,0.5438065,0.0,2023-04-23 06:08:51.336003584,VNM,Vietnam,False
2023-04-23,12.541148,108.387436,20.494232,16.250166,421.07028,0.53662354,0.0,2023-04-23 06:08:51.362999808,VNM,Vietnam,False
2023-04-23,12.532804,108.38023,20.48762,16.309473,421.75296,0.4829027,0.0,2023-04-23 06:08:51.388990720,VNM,Vietnam,False
2023-04-23,12.524491,108.37303,20.481003,16.369968,422.02887,0.5676459,0.0,2023-04-23 06:08:51.416027392,VNM,Vietnam,False
2023-04-23,12.543199,108.36868,20.477442,16.367455,420.94797,0.5581688,0.0,2023-04-23 06:08:51.748996608,VNM,Vietnam,False
2023-04-23,12.595395,108.39289,20.50015,16.130444,420.81674,0.4599473,0.0,2023-04-23 06:08:51.974985984,VNM,Vietnam,False
2023-04-23,12.578582,108.3788,20.487202,16.245071,421.44815,0.51861876,0.0,2023-04-23 06:08:52.029019392,VNM,Vietnam,False
2023-04-23,12.658513,108.40471,20.51204,15.963243,419.85895,0.66391206,0.0,2023-04-23 06:08:52.561987584,VNM,Vietnam,False
2023-04-23,12.615972,108.37013,20.480204,16.240385,420.79324,0.44063836,0.0,2023-04-23 06:08:52.696004096,VNM,Vietnam,False
2023-04-23,12.651516,108.37983,20.48967,16.123384,420.4064,0.50898206,0.0,2023-04-23 06:08:52.975020800,VNM,Vietnam,False
2023-04-23,12.695957,108.39593,20.505068,15.958763,420.52448,0.5519921,0.0,2023-04-23 06:08:53.228006912,VNM,Vietnam,False
2023-04-23,12.672052,108.35705,20.469759,16.23399,420.43842,0.5489738,0.0,2023-04-23 06:08:53.695998720,VNM,Vietnam,False
2023-04-23,12.655312,108.342766,20.456554,16.353838,419.81555,0.51203954,0.0,2023-04-23 06:08:53.749026048,VNM,Vietnam,False
2023-04-23,12.707628,108.36669,20.479258,16.117237,419.648,0.52051127,0.0,2023-04-23 06:08:53.975015680,VNM,Vietnam,False
2023-04-23,12.69918,108.35972,20.472809,16.17387,420.22818,0.5319809,0.0,2023-04-23 06:08:54.002011904,VNM,Vietnam,False
2023-04-23,12.6740055,108.33843,20.453115,16.351606,419.72617,0.49003324,0.0,2023-04-23 06:08:54.083001344,VNM,Vietnam,False
2023-04-23,12.743549,108.37607,20.488552,16.004679,420.1414,0.60114264,0.0,2023-04-23 06:08:54.254998016,VNM,Vietnam,False
2023-04-23,12.734948,108.36926,20.482254,16.058857,419.23502,0.49446726,0.0,2023-04-23 06:08:54.281994240,VNM,Vietnam,False
2023-04-23,12.726377,108.36239,20.475895,16.114485,420.43237,0.5051454,0.0,2023-04-23 06:08:54.308990976,VNM,Vietnam,False
2023-04-23,12.717926,108.35544,20.469463,16.171043,420.65247,0.51913315,0.0,2023-04-23 06:08:54.335987456,VNM,Vietnam,False
2023-04-23,12.701097,108.34136,20.456427,16.288248,419.72308,0.6847448,0.0,2023-04-23 06:08:54.389014528,VNM,Vietnam,False
2023-04-23,12.692736,108.33421,20.449802,16.348724,420.20944,0.49274287,0.0,2023-04-23 06:08:54.416010752,VNM,Vietnam,False
2023-04-23,12.728233,108.34416,20.459646,16.226171,420.4641,0.5185529,0.0,2023-04-23 06:08:54.695993344,VNM,Vietnam,False
2023-04-23,12.719834,108.33705,20.453054,16.285429,420.11752,0.52645254,0.0,2023-04-23 06:08:54.722989824,VNM,Vietnam,False
2023-04-23,12.809945,108.352,20.468939,16.048592,420.17416,0.47597057,0.0,2023-04-23 06:08:55.614998528,VNM,Vietnam,False
2023-04-23,12.776,108.32421,20.443115,16.278109,420.67963,0.59892976,0.0,2023-04-23 06:08:55.723024640,VNM,Vietnam,False
2023-04-23,12.811605,108.33387,20.452805,16.158607,420.08392,0.53207475,0.0,2023-04-23 06:08:56.002001408,VNM,Vietnam,False
2023-04-23,12.803131,108.327,20.44642,16.216469,421.42123,0.63927406,0.0,2023-04-23 06:08:56.028997632,VNM,Vietnam,False
2023-04-23,12.794701,108.31991,20.439814,16.275724,420.6703,0.5666949,0.0,2023-04-23 06:08:56.055994112,VNM,Vietnam,False
2023-04-23,12.786302,108.312836,20.43323,16.33614,420.2702,0.568167,0.0,2023-04-23 06:08:56.082990336,VNM,Vietnam,False
2023-04-23,12.847335,108.34342,20.462448,16.043365,418.94803,0.61819094,0.0,2023-04-23 06:08:56.282023936,VNM,Vietnam,False
2023-04-23,12.8217535,108.32268,20.443127,16.213505,420.7849,0.61740226,0.0,2023-04-23 06:08:56.363013120,VNM,Vietnam,False
2023-04-23,12.804912,108.30861,20.430017,16.333101,420.2397,0.5983916,0.0,2023-04-23 06:08:56.416000000,VNM,Vietnam,False
2023-04-23,12.883258,108.3527,20.471872,15.933488,420.39288,0.5910978,0.0,2023-04-23 06:08:56.562006272,VNM,Vietnam,False
2023-04-23,12.874614,108.34599,20.465624,15.986065,419.77756,0.5470291,0.0,2023-04-23 06:08:56.587996672,VNM,Vietnam,False
2023-04-23,12.865971,108.33919,20.459274,16.04027,420.22318,0.5625686,0.0,2023-04-23 06:08:56.614993152,VNM,Vietnam,False
2023-04-23,12.857353,108.332344,20.452896,16.095894,419.7906,0.52739465,0.0,2023-04-23 06:08:56.641989632,VNM,Vietnam,False
2023-04-23,12.848853,108.32554,20.446558,16.152336,420.81265,0.5920532,0.0,2023-04-23 06:08:56.668986112,VNM,Vietnam,False
2023-04-23,12.840374,108.31845,20.439938,16.210436,420.25287,0.49698782,0.0,2023-04-23 06:08:56.696022784,VNM,Vietnam,False
2023-04-23,12.901908,108.348366,20.468636,15.9304495,421.46088,0.627755,0.0,2023-04-23 06:08:56.895015680,VNM,Vietnam,False
2023-04-23,12.884605,108.33497,20.456137,16.037138,420.40894,0.55006146,0.0,2023-04-23 06:08:56.948002816,VNM,Vietnam,False
2023-04-23,12.875982,108.32819,20.449818,16.092709,420.36865,0.54900014,0.0,2023-04-23 06:08:56.974999552,VNM,Vietnam,False
2023-04-23,12.867481,108.321266,20.44335,16.149284,419.76135,0.55153465,0.0,2023-04-23 06:08:57.001995776,VNM,Vietnam,False
2023-04-23,12.859001,108.314285,20.436836,16.207289,420.2341,0.53894246,0.0,2023-04-23 06:08:57.028992256,VNM,Vietnam,False
2023-04-23,12.920616,108.34421,20.465591,15.927317,421.15573,0.5819108,0.0,2023-04-23 06:08:57.228025344,VNM,Vietnam,False
2023-04-23,12.911973,108.33748,20.459297,15.979953,420.525,0.62716633,0.0,2023-04-23 06:08:57.255022080,VNM,Vietnam,False
2023-04-23,12.903322,108.33081,20.453074,16.03404,420.90942,0.6186301,0.0,2023-04-23 06:08:57.282018304,VNM,Vietnam,False
2023-04-23,12.886206,108.31709,20.440254,16.146233,421.06012,0.57708806,0.0,2023-04-23 06:08:57.336011264,VNM,Vietnam,False
2023-04-23,12.877723,108.31006,20.433678,16.204298,419.478,0.5715355,0.0,2023-04-23 06:08:57.363007488,VNM,Vietnam,False
2023-04-23,12.869277,108.3031,20.42718,16.26346,420.4844,0.55500853,0.0,2023-04-23 06:08:57.388998144,VNM,Vietnam,False
2023-04-23,12.939362,108.34001,20.462513,15.924266,420.3823,0.5818427,0.0,2023-04-23 06:08:57.562000640,VNM,Vietnam,False
2023-04-23,12.930712,108.333336,20.45627,15.976847,420.64667,0.59449667,0.0,2023-04-23 06:08:57.587991296,VNM,Vietnam,False
2023-04-23,12.904933,108.31289,20.437145,16.143198,420.76147,0.5614292,0.0,2023-04-23 06:08:57.669020928,VNM,Vietnam,False
2023-04-23,12.915157,108.30173,20.427544,16.198195,420.79053,0.5870717,0.0,2023-04-23 06:08:58.028986624,VNM,Vietnam,False
2023-04-23,12.942266,108.30452,20.43102,16.137854,421.16306,0.699857,0.0,2023-04-23 06:08:58.336005632,VNM,Vietnam,False
2023-04-23,12.943891,108.28617,20.414692,16.253162,420.56943,0.5732186,0.0,2023-04-23 06:08:58.723008512,VNM,Vietnam,False
2023-04-28,20.73029,103.64772,21.650116,0.45990306,419.33716,0.7333857,0.0,2023-04-28 06:29:28.255023616,VNM,Vietnam,False
2023-04-28,20.901949,103.60135,21.662807,0.34505242,423.572,0.6737518,0.0,2023-04-28 06:29:31.282003968,VNM,Vietnam,False
2023-04-28,20.91268,103.593,21.65937,0.23101859,422.3037,0.45362383,0.0,2023-04-28 06:29:31.642009856,VNM,Vietnam,False
2023-04-28,20.956018,103.55909,21.645338,0.22302969,421.0133,0.55447155,0.0,2023-04-28 06:29:33.083000064,VNM,Vietnam,False
2023-04-28,20.976149,103.55422,21.647406,0.2232549,423.7128,0.77025545,0.0,2023-04-28 06:29:33.416009472,VNM,Vietnam,False
2023-04-28,21.194315,103.52659,21.690962,0.23217691,422.70685,0.51697314,0.0,2023-04-28 06:29:36.309013248,VNM,Vietnam,False
2023-04-28,21.225147,103.51377,21.690353,0.1189809,422.6301,0.4841642,0.0,2023-04-28 06:29:37.001988864,VNM,Vietnam,False
2023-04-28,21.235842,103.50569,21.68734,0.011030238,422.47192,0.45649385,0.0,2023-04-28 06:29:37.363000832,VNM,Vietnam,False
2023-04-28,21.217176,103.4984,21.675945,0.22253275,422.41592,0.6291156,0.0,2023-04-28 06:29:37.415987968,VNM,Vietnam,False
2023-05-07,21.505707,103.19932,19.480507,15.293424,424.75064,0.62395227,0.0,2023-05-07 06:23:51.308993792,VNM,Vietnam,False
2023-05-07,22.122746,103.05734,19.515003,15.179099,426.6064,0.53111273,0.0,2023-05-07 06:24:01.921006080,VNM,Vietnam,False
2023-05-07,22.151262,103.05728,19.522263,15.127997,426.97888,0.56481326,0.0,2023-05-07 06:24:02.228025088,VNM,Vietnam,False
2023-05-07,22.150246,103.0439,19.511398,15.234165,426.10562,0.5461136,0.0,2023-05-07 06:24:02.614987264,VNM,Vietnam,False
2023-05-07,22.140362,103.03897,19.504904,15.290053,425.40924,0.43663812,0.0,2023-05-07 06:24:02.642023936,VNM,Vietnam,False
2023-05-07,22.139544,103.02521,19.49374,15.404212,424.11148,0.43514305,0.0,2023-05-07 06:24:03.029026816,VNM,Vietnam,False
2023-05-07,22.148602,103.01577,19.48853,15.465618,425.1496,0.47843236,0.0,2023-05-07 06:24:03.388992512,VNM,Vietnam,False
2023-05-07,22.167467,103.010864,19.489452,15.469798,425.19662,0.5457969,0.0,2023-05-07 06:24:03.723008256,VNM,Vietnam,False
2023-05-07,22.234426,103.01627,19.511244,15.301678,425.49216,0.61233133,0.0,2023-05-07 06:24:04.309003520,VNM,Vietnam,False
2023-05-07,22.356419,102.99276,19.524788,15.250865,423.80548,0.6486306,0.0,2023-05-07 06:24:06.281996288,VNM,Vietnam,False
2023-05-07,22.41189,102.97709,19.527102,15.252666,425.9386,0.5618167,0.0,2023-05-07 06:24:07.281990912,VNM,Vietnam,False
2023-05-16,11.223644,108.72861,23.838068,0.047596037,421.34473,0.3788536,0.0,2023-05-16 06:14:53.336011520,VNM,Vietnam,False
2023-05-16,11.218373,108.71909,23.831488,0.07461298,421.2715,0.3856674,0.0,2023-05-16 06:14:53.363008000,VNM,Vietnam,False
2023-05-16,11.20801,108.69994,23.818163,0.29912284,420.11072,0.34640822,0.0,2023-05-16 06:14:53.415994880,VNM,Vietnam,False
2023-05-16,11.228111,108.69564,23.807978,0.29859352,419.06332,0.5022369,0.0,2023-05-16 06:14:53.749004544,VNM,Vietnam,False
2023-05-16,11.263859,108.71996,23.817701,0.047740187,420.78885,0.6809035,0.0,2023-05-16 06:14:54.001990656,VNM,Vietnam,False
2023-05-16,11.283935,108.715614,23.807531,0.047466956,420.7099,0.5901855,0.0,2023-05-16 06:14:54.336006144,VNM,Vietnam,False
2023-05-16,11.31483,108.730156,23.810345,0.27175066,421.86307,0.3868712,0.0,2023-05-16 06:14:54.615022848,VNM,Vietnam,False
2023-05-16,11.309358,108.72071,23.803875,0.15787889,420.48093,0.40746734,0.0,2023-05-16 06:14:54.642019328,VNM,Vietnam,False
2023-05-16,11.304006,108.71128,23.797386,0.04722567,420.13113,0.43214035,0.0,2023-05-16 06:14:54.669015552,VNM,Vietnam,False
2023-05-16,11.34602,108.74449,23.812908,0.49933082,421.0783,0.50981814,0.0,2023-05-16 06:14:54.895005184,VNM,Vietnam,False
2023-05-16,11.340438,108.73522,23.806631,0.385876,419.27936,0.5288147,0.0,2023-05-16 06:14:54.920995840,VNM,Vietnam,False
2023-05-16,13.465697,108.248344,22.78418,0.17326358,420.04648,0.60208654,0.0,2023-05-16 06:15:30.309015552,VNM,Vietnam,False
2023-05-16,13.504456,108.270485,22.794256,0.51487756,422.0008,0.4649235,0.0,2023-05-16 06:15:30.562001408,VNM,Vietnam,False
2023-05-16,13.524629,108.26608,22.785513,0.5154268,421.39612,0.44321528,0.0,2023-05-16 06:15:30.895011072,VNM,Vietnam,False
2023-05-16,13.506011,108.239586,22.766691,0.17442906,422.31186,0.50643617,0.0,2023-05-16 06:15:30.974994688,VNM,Vietnam,False
2023-05-16,13.508171,108.20829,22.738583,0.16897023,421.65347,0.48274434,0.0,2023-05-16 06:15:31.388993536,VNM,Vietnam,False
2023-05-16,13.558719,108.24855,22.761898,0.40311354,420.39676,0.4905702,0.0,2023-05-16 06:15:31.587986688,VNM,Vietnam,False
2023-05-16,13.552488,108.239716,22.75562,0.28923407,421.75125,0.5445926,0.0,2023-05-16 06:15:31.615023360,VNM,Vietnam,False
2023-05-16,13.540259,108.22191,22.742863,0.0645048,419.91513,0.6356877,0.0,2023-05-16 06:15:31.669016064,VNM,Vietnam,False
2023-05-16,13.528293,108.2039,22.729868,0.16852084,420.62894,0.49077624,0.0,2023-05-16 06:15:31.723009024,VNM,Vietnam,False
2023-05-16,13.620787,108.20412,22.70794,0.06453262,420.18762,0.62322,0.0,2023-05-16 06:15:33.002020352,VNM,Vietnam,False
2023-05-16,13.643156,108.168076,22.67082,0.28214365,421.3242,0.5039971,0.0,2023-05-16 06:15:33.748988928,VNM,Vietnam,False
2023-05-16,13.706165,108.22583,22.706902,0.5161916,421.84192,0.6894613,0.0,2023-05-16 06:15:33.894994688,VNM,Vietnam,False
2023-05-16,13.669234,108.17266,22.668715,0.16932043,419.07327,0.4584667,0.0,2023-05-16 06:15:34.056007936,VNM,Vietnam,False
2023-05-16,13.695376,108.177185,22.666565,0.059312914,420.10056,0.67424333,0.0,2023-05-16 06:15:34.362986496,VNM,Vietnam,False
2023-05-16,13.689373,108.168205,22.660042,0.16933171,419.2354,0.6745725,0.0,2023-05-16 06:15:34.389017600,VNM,Vietnam,False
2023-05-16,13.74399,108.14556,22.627247,0.2832162,419.70715,0.80054706,0.0,2023-05-16 06:15:35.416008448,VNM,Vietnam,False
2023-05-16,13.928166,108.17643,22.612215,0.517495,420.5027,0.554453,0.0,2023-05-16 06:15:37.562003712,VNM,Vietnam,False
2023-05-16,13.9030285,108.141495,22.587112,0.066960946,418.98868,0.61706835,0.0,2023-05-16 06:15:37.669024000,VNM,Vietnam,False
2023-05-16,13.948326,108.172005,22.60376,0.5178174,419.77228,0.6753518,0.0,2023-05-16 06:15:37.895013376,VNM,Vietnam,False
2023-05-16,13.935629,108.154686,22.591368,0.2906723,420.34644,0.5952919,0.0,2023-05-16 06:15:37.948000512,VNM,Vietnam,False
2023-05-16,13.929332,108.145874,22.58502,0.17708346,420.40707,0.547023,0.0,2023-05-16 06:15:37.974996736,VNM,Vietnam,False
2023-05-16,13.9557705,108.15025,22.58292,0.29091644,419.7082,0.68019927,0.0,2023-05-16 06:15:38.282015744,VNM,Vietnam,False
2023-05-16,13.949468,108.14146,22.576574,0.17731275,420.23178,0.47865176,0.0,2023-05-16 06:15:38.309012480,VNM,Vietnam,False
2023-05-16,13.943285,108.13266,22.57021,0.067252815,421.00122,0.48575357,0.0,2023-05-16 06:15:38.336008704,VNM,Vietnam,False
2023-05-16,13.93106,108.114876,22.557257,0.16782819,420.44067,0.59993935,0.0,2023-05-16 06:15:38.388995840,VNM,Vietnam,False
2023-05-16,13.925039,108.105934,22.550707,0.28047368,419.9312,0.7986668,0.0,2023-05-16 06:15:38.415992320,VNM,Vietnam,False
2023-05-16,13.975912,108.14583,22.574488,0.29116872,419.0922,0.73352844,0.0,2023-05-16 06:15:38.615025408,VNM,Vietnam,False
2023-05-16,13.9696045,108.137024,22.56814,0.17753792,420.0151,0.56299496,0.0,2023-05-16 06:15:38.642022144,VNM,Vietnam,False
2023-05-16,13.963417,108.128235,22.561771,0.06740603,420.34204,0.5380679,0.0,2023-05-16 06:15:38.669018624,VNM,Vietnam,False
2023-05-16,13.957271,108.11937,22.55532,0.058279898,420.56213,0.72835636,0.0,2023-05-16 06:15:38.696014848,VNM,Vietnam,False
2023-05-16,13.951181,108.11046,22.548815,0.16759728,420.54266,0.62812245,0.0,2023-05-16 06:15:38.723011328,VNM,Vietnam,False
2023-05-16,13.99607,108.14136,22.566025,0.29126257,420.16794,0.54813176,0.0,2023-05-16 06:15:38.947994880,VNM,Vietnam,False
2023-05-16,13.989756,108.13256,22.559679,0.17763898,420.5838,0.6204799,0.0,2023-05-16 06:15:38.974991360,VNM,Vietnam,False
2023-05-16,13.977409,108.114914,22.546862,0.058259934,421.67502,0.58982235,0.0,2023-05-16 06:15:39.029024512,VNM,Vietnam,False
2023-05-16,14.028971,108.15416,22.569967,0.5185429,419.43204,0.78466296,0.0,2023-05-16 06:15:39.228017664,VNM,Vietnam,False
2023-05-16,14.009908,108.1281,22.551233,0.17775302,422.39655,0.73756063,0.0,2023-05-16 06:15:39.309006848,VNM,Vietnam,False
2023-05-16,14.003707,108.119316,22.544868,0.067666635,419.1816,0.47607547,0.0,2023-05-16 06:15:39.336003328,VNM,Vietnam,False
2023-05-16,13.997548,108.11046,22.53842,0.058223117,421.13156,0.46126738,0.0,2023-05-16 06:15:39.362999808,VNM,Vietnam,False
2023-05-16,13.991446,108.101555,22.531916,0.16745208,420.4677,0.70755345,0.0,2023-05-16 06:15:39.388990464,VNM,Vietnam,False
2023-05-16,13.985406,108.09263,22.525366,0.28010505,419.32,0.69002545,0.0,2023-05-16 06:15:39.416027136,VNM,Vietnam,False
2023-05-16,14.049142,108.14967,22.561535,0.51865894,421.03094,0.6639552,0.0,2023-05-16 06:15:39.561992960,VNM,Vietnam,False
2023-05-16,14.0427475,108.1411,22.555391,0.40528044,421.49927,0.4653714,0.0,2023-05-16 06:15:39.588023552,VNM,Vietnam,False
2023-05-16,14.036387,108.132416,22.549149,0.29149783,421.58896,0.5469965,0.0,2023-05-16 06:15:39.615020288,VNM,Vietnam,False
2023-05-16,14.030063,108.12363,22.542803,0.17790706,421.00497,0.52201116,0.0,2023-05-16 06:15:39.642016768,VNM,Vietnam,False
2023-05-16,14.023859,108.11486,22.536438,0.06786759,420.25293,0.74713385,0.0,2023-05-16 06:15:39.669012992,VNM,Vietnam,False
2023-05-16,14.005548,108.08818,22.516937,0.27992252,419.85233,0.6707402,0.0,2023-05-16 06:15:39.748996608,VNM,Vietnam,False
2023-05-16,14.062944,108.13662,22.546965,0.40562716,421.5782,0.59806424,0.0,2023-05-16 06:15:39.920993024,VNM,Vietnam,False
2023-05-16,14.056581,108.127945,22.540722,0.2918649,420.9419,0.6007853,0.0,2023-05-16 06:15:39.947989504,VNM,Vietnam,False
2023-05-16,14.050249,108.11916,22.534378,0.17829242,421.28784,0.5347674,0.0,2023-05-16 06:15:39.974985984,VNM,Vietnam,False
2023-05-16,14.044039,108.1104,22.528013,0.068315305,419.74298,0.6996928,0.0,2023-05-16 06:15:40.002022656,VNM,Vietnam,False
2023-05-16,14.037869,108.10155,22.521566,0.058019944,421.44052,0.59895283,0.0,2023-05-16 06:15:40.029019136,VNM,Vietnam,False
2023-05-16,14.031756,108.09266,22.515062,0.16702762,420.80148,0.5470249,0.0,2023-05-16 06:15:40.056015616,VNM,Vietnam,False
2023-05-16,14.025707,108.08374,22.508514,0.2796248,420.40335,0.68086857,0.0,2023-05-16 06:15:40.083012096,VNM,Vietnam,False
2023-05-16,14.076774,108.12347,22.53231,0.29224578,421.08173,0.44310552,0.0,2023-05-16 06:15:40.282004992,VNM,Vietnam,False
2023-05-16,14.070436,108.1147,22.525969,0.17869109,421.74677,0.74523896,0.0,2023-05-16 06:15:40.309001472,VNM,Vietnam,False
2023-05-16,14.0580435,108.09709,22.513157,0.057874933,419.25385,0.5457089,0.0,2023-05-16 06:15:40.362994432,VNM,Vietnam,False
2023-05-16,14.051924,108.08821,22.506657,0.16674134,420.5884,0.488171,0.0,2023-05-16 06:15:40.389025280,VNM,Vietnam,False
2023-05-16,14.045875,108.0793,22.500116,0.27930272,421.14487,0.70397514,0.0,2023-05-16 06:15:40.416021504,VNM,Vietnam,False
2023-05-16,14.072054,108.0838,22.49831,0.16636296,420.1492,0.66563535,0.0,2023-05-16 06:15:40.723000576,VNM,Vietnam,False
2023-05-16,14.0659895,108.074905,22.49178,0.27891767,420.34973,0.59505355,0.0,2023-05-16 06:15:40.748990976,VNM,Vietnam,False
2023-05-16,14.092115,108.07945,22.490059,0.16583075,420.33746,0.795277,0.0,2023-05-16 06:15:41.056010240,VNM,Vietnam,False
2023-05-16,14.086045,108.070564,22.48353,0.27844554,420.17978,0.6537551,0.0,2023-05-16 06:15:41.083006720,VNM,Vietnam,False
2023-05-16,14.112177,108.0751,22.481823,0.16529028,419.22598,0.69664884,0.0,2023-05-16 06:15:41.389019648,VNM,Vietnam,False
2023-05-16,14.210536,108.11406,22.494825,0.5213532,420.1281,0.6683045,0.0,2023-05-16 06:15:42.228001280,VNM,Vietnam,False
2023-05-16,14.290994,108.096245,22.461895,0.5210967,420.0499,0.65240645,0.0,2023-05-16 06:15:43.562011392,VNM,Vietnam,False
2023-05-16,14.284502,108.08772,22.455763,0.4076451,421.54218,0.6091641,0.0,2023-05-16 06:15:43.588002048,VNM,Vietnam,False
2023-05-16,14.304763,108.083115,22.447376,0.40764996,421.10965,0.60850054,0.0,2023-05-16 06:15:43.921011712,VNM,Vietnam,False
2023-05-16,14.298332,108.0745,22.441135,0.29383445,421.0454,0.46719822,0.0,2023-05-16 06:15:43.948007936,VNM,Vietnam,False
2023-05-16,14.318599,108.069885,22.432753,0.29391268,420.4549,0.65540886,0.0,2023-05-16 06:15:44.282023680,VNM,Vietnam,False
2023-05-16,14.305902,108.05246,22.420048,0.07036873,420.59622,0.71767676,0.0,2023-05-16 06:15:44.336016384,VNM,Vietnam,False
2023-05-16,14.299654,108.04368,22.413603,0.056728434,422.49112,0.4880165,0.0,2023-05-16 06:15:44.363012864,VNM,Vietnam,False
2023-05-16,14.293463,108.03485,22.407103,0.16534202,421.28287,0.6741438,0.0,2023-05-16 06:15:44.389003520,VNM,Vietnam,False
2023-05-16,14.332445,108.056564,22.418053,0.18054053,421.69434,0.59980613,0.0,2023-05-16 06:15:44.641989376,VNM,Vietnam,False
2023-05-16,14.313691,108.03027,22.398762,0.16564895,421.81818,0.58651924,0.0,2023-05-16 06:15:44.723019008,VNM,Vietnam,False
2023-05-16,14.307554,108.02142,22.392223,0.27809855,420.8619,0.59416544,0.0,2023-05-16 06:15:44.749009664,VNM,Vietnam,False
2023-05-16,14.352674,108.05201,22.409758,0.1807968,420.52905,0.71750635,0.0,2023-05-16 06:15:44.974999296,VNM,Vietnam,False
2023-05-16,14.34637,108.04332,22.403402,0.071505316,421.2254,0.51258314,0.0,2023-05-16 06:15:45.001995520,VNM,Vietnam,False
2023-05-16,14.327755,108.01689,22.383932,0.27818012,420.2323,0.6908179,0.0,2023-05-16 06:15:45.083024896,VNM,Vietnam,False
2023-05-16,14.354107,108.021194,22.382195,0.1659698,421.52957,0.42822167,0.0,2023-05-16 06:15:45.388998144,VNM,Vietnam,False
2023-05-16,14.347957,108.01236,22.375658,0.27824876,419.24054,0.52649003,0.0,2023-05-16 06:15:45.415994624,VNM,Vietnam,False
2023-05-16,14.3805,108.025475,22.380451,0.059157576,421.5974,0.7261429,0.0,2023-05-16 06:15:45.696017152,VNM,Vietnam,False
2023-05-16,14.374269,108.01668,22.373968,0.16621375,420.77307,0.6206769,0.0,2023-05-16 06:15:45.723013632,VNM,Vietnam,False
2023-05-16,14.400582,108.02099,22.372293,0.05946218,421.6489,0.62532675,0.0,2023-05-16 06:15:46.028986368,VNM,Vietnam,False
2023-05-16,14.394344,108.0122,22.36581,0.16661875,420.88034,0.44045594,0.0,2023-05-16 06:15:46.056023040,VNM,Vietnam,False
2023-05-16,14.388171,108.00337,22.359285,0.27888516,420.58505,0.8206679,0.0,2023-05-16 06:15:46.083019776,VNM,Vietnam,False
2023-05-16,14.895508,107.96134,22.221203,0.5211456,418.0226,0.86534697,0.0,2023-05-16 06:15:53.561997312,VNM,Vietnam,False
2023-05-16,22.736742,106.12429,20.44685,0.121740416,423.57,0.5396923,0.0,2023-05-16 06:18:04.002006016,VNM,Vietnam,False
2023-05-16,22.77457,106.12998,20.457361,0.34953135,423.78384,0.6722132,0.0,2023-05-16 06:18:04.281988352,VNM,Vietnam,False
2023-05-16,22.76573,106.124626,20.451565,0.2354111,422.80536,0.5946195,0.0,2023-05-16 06:18:04.309025024,VNM,Vietnam,False
2023-05-16,22.757006,106.11924,20.44575,0.12263363,423.19522,0.49460998,0.0,2023-05-16 06:18:04.336021504,VNM,Vietnam,False
2023-05-16,22.777243,106.11421,20.444693,0.12339622,423.5879,0.59273916,0.0,2023-05-16 06:18:04.668990976,VNM,Vietnam,False
2023-05-16,22.791346,106.08785,20.424997,0.2210833,422.37454,0.5144695,0.0,2023-05-16 06:18:05.415999744,VNM,Vietnam,False
2023-05-23,18.211752,105.658875,21.079283,0.5414267,420.79178,0.51422197,0.0,2023-05-23 06:22:59.894989824,VNM,Vietnam,False
2023-05-23,18.258009,105.629036,21.047497,0.31526843,420.49622,0.59803915,0.0,2023-05-23 06:23:00.948011520,VNM,Vietnam,False
2023-05-25,13.680186,108.24877,21.574987,16.983362,422.05338,0.71408814,0.0,2023-05-25 06:09:11.614992384,VNM,Vietnam,False
2023-05-25,13.717305,108.2406,21.55594,16.964762,421.6502,0.79169065,0.0,2023-05-25 06:09:12.282017536,VNM,Vietnam,False
2023-05-30,20.820776,103.488304,20.107983,0.2117641,425.97458,0.7187331,0.0,2023-05-30 06:29:50.974996992,VNM,Vietnam,False
2023-05-30,21.243591,103.39018,20.000027,0.22054867,422.33954,0.537639,0.0,2023-05-30 06:29:57.974999296,VNM,Vietnam,False
2023-05-30,21.507772,103.35545,19.959839,0.55847055,422.8599,0.49226555,0.0,2023-05-30 06:30:01.894993920,VNM,Vietnam,False
2023-05-30,21.492153,103.34104,19.94795,0.33123147,425.85464,0.50667864,0.0,2023-05-30 06:30:01.948021504,VNM,Vietnam,False
2023-05-30,21.5201,103.34357,19.94921,0.4453717,424.31012,0.44106364,0.0,2023-05-30 06:30:02.255000064,VNM,Vietnam,False
2023-05-30,21.52465,103.32426,19.932432,0.21813148,423.28986,0.52872276,0.0,2023-05-30 06:30:02.642002688,VNM,Vietnam,False
2023-05-30,21.5448,103.31956,19.927755,0.21869414,424.72556,0.54695994,0.0,2023-05-30 06:30:02.975012352,VNM,Vietnam,False
2023-05-30,21.514374,103.289764,19.902977,0.23950477,422.93512,0.5108005,0.0,2023-05-30 06:30:03.082998016,VNM,Vietnam,False
2023-05-30,21.946955,103.22496,19.83785,0.22088163,422.88177,0.46146882,0.0,2023-05-30 06:30:09.642004992,VNM,Vietnam,False
2023-05-30,21.939165,103.2178,19.831785,0.10904986,422.33865,0.4832313,0.0,2023-05-30 06:30:09.669001216,VNM,Vietnam,False
2023-05-30,21.959332,103.212975,19.827402,0.109458745,422.96365,0.49392048,0.0,2023-05-30 06:30:10.002011136,VNM,Vietnam,False
2023-05-30,21.97179,103.20084,19.81683,0.029241875,423.0482,0.50136673,0.0,2023-05-30 06:30:10.363023104,VNM,Vietnam,False
2023-05-30,21.964067,103.193535,19.810617,0.124750264,423.9018,0.49494314,0.0,2023-05-30 06:30:10.389013504,VNM,Vietnam,False
2023-05-30,21.98428,103.188675,19.806225,0.12475753,423.59534,0.46699333,0.0,2023-05-30 06:30:10.722988800,VNM,Vietnam,False
2023-05-30,21.97659,103.181305,19.799955,0.23642331,422.54156,0.5037965,0.0,2023-05-30 06:30:10.749019648,VNM,Vietnam,False
2023-05-30,22.019934,103.19841,19.814285,0.111438036,421.06046,0.5712539,0.0,2023-05-30 06:30:11.002005504,VNM,Vietnam,False
2023-05-30,22.040035,103.193665,19.810055,0.1114949,425.14145,0.5549261,0.0,2023-05-30 06:30:11.336021248,VNM,Vietnam,False
2023-05-30,22.052334,103.18172,19.799711,0.031032218,424.29526,0.5127861,0.0,2023-05-30 06:30:11.695986944,VNM,Vietnam,False
2023-05-30,22.152601,103.2024,19.816948,0.5656962,422.5351,0.5396989,0.0,2023-05-30 06:30:12.562005248,VNM,Vietnam,False
2023-05-30,22.144602,103.19552,19.811087,0.4523893,424.55078,0.48164445,0.0,2023-05-30 06:30:12.587995648,VNM,Vietnam,False
2023-05-30,22.136612,103.18853,19.80513,0.33870634,423.01154,0.4776449,0.0,2023-05-30 06:30:12.614992128,VNM,Vietnam,False
2023-05-30,22.105255,103.15993,19.780685,0.12390172,425.02185,0.5007763,0.0,2023-05-30 06:30:12.723018240,VNM,Vietnam,False
2023-05-30,22.172832,103.19755,19.81275,0.56642455,424.58487,0.50623757,0.0,2023-05-30 06:30:12.895014656,VNM,Vietnam,False
2023-05-30,22.164814,103.1907,19.806908,0.45308816,425.1132,0.5055197,0.0,2023-05-30 06:30:12.921005568,VNM,Vietnam,False
2023-05-30,22.156805,103.18374,19.800968,0.33937576,422.2745,0.44732437,0.0,2023-05-30 06:30:12.948001792,VNM,Vietnam,False
2023-05-30,22.140982,103.16962,19.788902,0.11519943,422.94116,0.5112527,0.0,2023-05-30 06:30:13.001994752,VNM,Vietnam,False
2023-05-30,22.125368,103.155235,19.776598,0.123334266,422.82205,0.51096857,0.0,2023-05-30 06:30:13.055987712,VNM,Vietnam,False
2023-05-30,22.11762,103.14795,19.770357,0.23432377,423.2323,0.5076578,0.0,2023-05-30 06:30:13.083024384,VNM,Vietnam,False
2023-05-30,22.192938,103.19286,19.808725,0.5668059,424.5453,0.48800728,0.0,2023-05-30 06:30:13.228024576,VNM,Vietnam,False
2023-05-30,22.168922,103.17203,19.790926,0.22621125,425.42773,0.4685823,0.0,2023-05-30 06:30:13.309013760,VNM,Vietnam,False
2023-05-30,22.213045,103.18818,19.804724,0.56720096,425.54324,0.5330962,0.0,2023-05-30 06:30:13.561999872,VNM,Vietnam,False
2023-05-30,22.205015,103.18134,19.798883,0.4538449,425.81833,0.55839455,0.0,2023-05-30 06:30:13.587990272,VNM,Vietnam,False
2023-05-30,22.196995,103.1744,19.792946,0.34009352,424.51495,0.47026974,0.0,2023-05-30 06:30:13.614987008,VNM,Vietnam,False
2023-05-30,22.181149,103.16032,19.780888,0.1155459,423.24463,0.46824688,0.0,2023-05-30 06:30:13.669019904,VNM,Vietnam,False
2023-05-30,22.16551,103.14597,19.768587,0.12192657,423.84793,0.51891875,0.0,2023-05-30 06:30:13.723012864,VNM,Vietnam,False
2023-05-30,22.233149,103.18348,19.800728,0.56751895,424.9179,0.51320475,0.0,2023-05-30 06:30:13.895009536,VNM,Vietnam,False
2023-05-30,22.225113,103.17664,19.794886,0.45412812,424.48724,0.4954257,0.0,2023-05-30 06:30:13.920999936,VNM,Vietnam,False
2023-05-30,22.209097,103.16268,19.782923,0.22671434,425.7002,0.48881292,0.0,2023-05-30 06:30:13.974992896,VNM,Vietnam,False
2023-05-30,22.185575,103.1413,19.764576,0.12154305,425.0243,0.5256236,0.0,2023-05-30 06:30:14.056022528,VNM,Vietnam,False
2023-05-30,22.253248,103.178734,19.796717,0.5676048,426.06027,0.5478672,0.0,2023-05-30 06:30:14.228019200,VNM,Vietnam,False
2023-05-30,22.237173,103.164986,19.784937,0.34040442,424.0028,0.49210674,0.0,2023-05-30 06:30:14.282011904,VNM,Vietnam,False
2023-05-30,22.229177,103.15797,19.778915,0.22675923,423.74103,0.49016178,0.0,2023-05-30 06:30:14.309008384,VNM,Vietnam,False
2023-05-30,22.265299,103.16718,19.786886,0.45430276,423.32278,0.49235582,0.0,2023-05-30 06:30:14.588025088,VNM,Vietnam,False
2023-05-30,22.293488,103.16923,19.788729,0.5680575,425.75534,0.5061963,0.0,2023-05-30 06:30:14.895004160,VNM,Vietnam,False
2023-05-30,22.285446,103.16242,19.782883,0.45472768,424.11237,0.49654186,0.0,2023-05-30 06:30:14.920994816,VNM,Vietnam,False
2023-05-30,22.277412,103.1555,19.77694,0.34098744,424.17004,0.5345331,0.0,2023-05-30 06:30:14.947991040,VNM,Vietnam,False
2023-05-30,22.334,103.15955,19.78065,0.57011503,423.88434,0.4907617,0.0,2023-05-30 06:30:15.561988864,VNM,Vietnam,False
2023-06-01,18.490189,105.620056,19.399422,15.31249,422.41306,0.3782481,0.0,2023-06-01 06:16:42.641996800,VNM,Vietnam,False
2023-06-01,18.571732,105.61121,19.376806,15.233881,422.2887,0.40251195,0.0,2023-06-01 06:16:43.948004608,VNM,Vietnam,False
2023-06-01,18.564774,105.602066,19.370134,15.288965,421.40482,0.39743754,0.0,2023-06-01 06:16:43.975000832,VNM,Vietnam,False
2023-06-01,18.544392,105.57438,19.3498,15.461251,422.33026,0.36473125,0.0,2023-06-01 06:16:44.055990272,VNM,Vietnam,False
2023-06-01,18.537693,105.56502,19.342882,15.521319,422.21057,0.39250427,0.0,2023-06-01 06:16:44.083026944,VNM,Vietnam,False
2023-06-01,18.604425,105.6247,19.382578,15.122427,422.93182,0.42960402,0.0,2023-06-01 06:16:44.228027136,VNM,Vietnam,False
2023-06-01,18.597391,105.61576,19.376102,15.174398,421.00745,0.3291916,0.0,2023-06-01 06:16:44.255023360,VNM,Vietnam,False
2023-06-01,18.556335,105.56051,19.335566,15.515828,422.08624,0.37573722,0.0,2023-06-01 06:16:44.415996416,VNM,Vietnam,False
2023-06-01,18.58171,105.56532,19.335152,15.450509,421.0635,0.41379547,0.0,2023-06-01 06:16:44.723015424,VNM,Vietnam,True
2023-06-01,18.627792,105.597565,19.354853,15.217687,419.73694,0.416037,0.0,2023-06-01 06:16:44.947998976,VNM,Vietnam,False
2023-06-01,18.600388,105.56078,19.327835,15.445309,421.74112,0.48885038,0.0,2023-06-01 06:16:45.056025088,VNM,Vietnam,True
2023-06-01,18.593674,105.55144,19.320915,15.505439,421.49463,0.36592633,0.0,2023-06-01 06:16:45.083021568,VNM,Vietnam,False
2023-06-01,18.646505,105.593,19.347546,15.212512,418.80374,0.381019,0.0,2023-06-01 06:16:45.282014720,VNM,Vietnam,False
2023-06-01,18.67934,105.606384,19.353308,15.101811,423.08835,0.4868408,0.0,2023-06-01 06:16:45.561997056,VNM,Vietnam,False
2023-06-01,18.683998,105.58387,19.332964,15.202286,422.37466,0.3865561,0.0,2023-06-01 06:16:45.947993856,VNM,Vietnam,False
2023-06-01,18.649782,105.537865,19.29906,15.489958,421.11362,0.38099962,0.0,2023-06-01 06:16:46.083016192,VNM,Vietnam,False
2023-06-01,18.702717,105.57936,19.325754,15.196816,422.80435,0.3854042,0.0,2023-06-01 06:16:46.282009088,VNM,Vietnam,False
2023-06-01,18.695717,105.570244,19.319077,15.251858,422.50418,0.35477546,0.0,2023-06-01 06:16:46.309005824,VNM,Vietnam,False
2023-06-01,18.668436,105.533424,19.291895,15.483948,422.81192,0.4018603,0.0,2023-06-01 06:16:46.416025600,VNM,Vietnam,False
2023-06-01,18.707474,105.55673,19.30529,15.301296,421.5741,0.38997352,0.0,2023-06-01 06:16:46.669011712,VNM,Vietnam,False
2023-06-01,18.700617,105.54756,19.298527,15.358725,421.11475,0.35867783,0.0,2023-06-01 06:16:46.696008192,VNM,Vietnam,False
2023-06-01,18.693813,105.53832,19.291693,15.417439,422.10046,0.41222528,0.0,2023-06-01 06:16:46.723004672,VNM,Vietnam,False
2023-06-01,18.687057,105.52903,19.2848,15.477437,421.8467,0.40191317,0.0,2023-06-01 06:16:46.748995328,VNM,Vietnam,False
2023-06-01,18.726107,105.55237,19.298252,15.294733,420.93716,0.35374483,0.0,2023-06-01 06:16:47.002021376,VNM,Vietnam,False
2023-06-01,18.719254,105.54315,19.291437,15.35221,422.84598,0.39724007,0.0,2023-06-01 06:16:47.029017856,VNM,Vietnam,False
2023-06-01,18.791653,105.579254,19.310207,15.067531,421.31424,0.37979472,0.0,2023-06-01 06:16:47.562026496,VNM,Vietnam,False
2023-06-01,18.796232,105.556786,19.289944,15.168478,421.74426,0.43512926,0.0,2023-06-01 06:16:47.948023040,VNM,Vietnam,False
2023-06-01,18.8079,105.54315,19.27611,15.218448,421.66345,0.36632475,0.0,2023-06-01 06:16:48.308994816,VNM,Vietnam,False
2023-06-01,18.81953,105.52967,19.26244,15.268008,423.6136,0.465748,0.0,2023-06-01 06:16:48.669000960,VNM,Vietnam,False
2023-06-01,18.884907,105.556915,19.27506,15.0388,422.52393,0.3783117,0.0,2023-06-01 06:16:49.228000256,VNM,Vietnam,False
2023-06-01,18.863644,105.5299,19.255198,15.199584,421.7662,0.38788363,0.0,2023-06-01 06:16:49.308989184,VNM,Vietnam,False
2023-06-01,18.882366,105.5253,19.248053,15.194379,422.8174,0.3736349,0.0,2023-06-01 06:16:49.641999104,VNM,Vietnam,False
2023-06-01,18.87542,105.51624,19.241354,15.250417,421.81552,0.34721062,0.0,2023-06-01 06:16:49.668995328,VNM,Vietnam,False
2023-06-01,18.868507,105.507095,19.234564,15.307956,422.22116,0.3591352,0.0,2023-06-01 06:16:49.695992064,VNM,Vietnam,False
2023-06-01,18.861645,105.49792,19.227732,15.366753,422.54535,0.39726278,0.0,2023-06-01 06:16:49.722988288,VNM,Vietnam,False
2023-06-01,18.854828,105.48867,19.220835,15.426841,421.16022,0.36500552,0.0,2023-06-01 06:16:49.749019136,VNM,Vietnam,False
2023-06-01,18.887194,105.50261,19.227535,15.302626,422.29694,0.35514545,0.0,2023-06-01 06:16:50.029001472,VNM,Vietnam,False
2023-06-01,18.892193,105.47969,19.206774,15.415904,422.10126,0.38409424,0.0,2023-06-01 06:16:50.416004096,VNM,Vietnam,False
2023-06-01,18.959932,105.53836,19.246508,15.017593,422.4901,0.34931505,0.0,2023-06-01 06:16:50.562010112,VNM,Vietnam,False
2023-06-01,18.952766,105.52957,19.240067,15.069433,422.45615,0.35217693,0.0,2023-06-01 06:16:50.588000768,VNM,Vietnam,False
2023-06-01,18.93853,105.511665,19.226881,15.177967,423.99246,0.37977183,0.0,2023-06-01 06:16:50.641993472,VNM,Vietnam,False
2023-06-01,18.93154,105.50274,19.220287,15.233849,421.8316,0.35957596,0.0,2023-06-01 06:16:50.668990208,VNM,Vietnam,False
2023-06-01,18.924616,105.493576,19.213469,15.291366,422.52365,0.35126042,0.0,2023-06-01 06:16:50.695986432,VNM,Vietnam,False
2023-06-01,18.917734,105.484406,19.206633,15.350119,422.135,0.33050057,0.0,2023-06-01 06:16:50.723023104,VNM,Vietnam,False
2023-06-01,18.910898,105.47518,19.199736,15.410156,423.0852,0.35467425,0.0,2023-06-01 06:16:50.749013760,VNM,Vietnam,False
2023-06-01,18.964354,105.516174,19.22655,15.117161,422.33975,0.3455413,0.0,2023-06-01 06:16:50.948006912,VNM,Vietnam,False
2023-06-01,18.957254,105.50718,19.219908,15.172182,422.66565,0.34131935,0.0,2023-06-01 06:16:50.975003136,VNM,Vietnam,False
2023-06-01,18.950272,105.498184,19.21325,15.228122,422.4049,0.34484664,0.0,2023-06-01 06:16:51.001999616,VNM,Vietnam,False
2023-06-01,18.943329,105.48909,19.206484,15.285578,421.51544,0.32877254,0.0,2023-06-01 06:16:51.028996096,VNM,Vietnam,False
2023-06-01,18.936438,105.47994,19.199665,15.344308,422.82712,0.3560822,0.0,2023-06-01 06:16:51.055992576,VNM,Vietnam,False
2023-06-01,18.929592,105.470726,19.192778,15.404329,421.41492,0.3500762,0.0,2023-06-01 06:16:51.082989056,VNM,Vietnam,False
2023-06-01,18.975958,105.50271,19.21297,15.166268,421.76035,0.32784688,0.0,2023-06-01 06:16:51.309018624,VNM,Vietnam,False
2023-06-01,18.968966,105.49372,19.206308,15.222181,422.90384,0.34286466,0.0,2023-06-01 06:16:51.336015104,VNM,Vietnam,False
2023-06-01,18.962008,105.484634,19.199556,15.279598,422.7849,0.3430123,0.0,2023-06-01 06:16:51.363011584,VNM,Vietnam,False
2023-06-01,18.955103,105.475494,19.192741,15.338298,422.71664,0.3866301,0.0,2023-06-01 06:16:51.389002240,VNM,Vietnam,False
2023-06-01,18.948246,105.46629,19.185858,15.39829,422.80838,0.36876923,0.0,2023-06-01 06:16:51.415998720,VNM,Vietnam,True
2023-06-01,19.001738,105.50723,19.212711,15.105126,422.44006,0.35213202,0.0,2023-06-01 06:16:51.614991616,VNM,Vietnam,False
2023-06-01,18.994617,105.49825,19.206076,15.1601095,422.37314,0.32910982,0.0,2023-06-01 06:16:51.641988352,VNM,Vietnam,True
2023-06-01,18.98762,105.48927,19.199415,15.21602,422.18164,0.31723034,0.0,2023-06-01 06:16:51.669025024,VNM,Vietnam,False
2023-06-01,18.973743,105.47107,19.18585,15.3321295,422.0141,0.3420583,0.0,2023-06-01 06:16:51.723017728,VNM,Vietnam,True
2023-06-01,18.966879,105.46187,19.17897,15.392119,423.58447,0.36495575,0.0,2023-06-01 06:16:51.749008128,VNM,Vietnam,False
2023-06-01,19.03478,105.52041,19.218803,14.993712,421.94775,0.3729754,0.0,2023-06-01 06:16:51.895014400,VNM,Vietnam,False
2023-06-01,19.020407,105.50277,19.205832,15.098953,422.61923,0.3981967,0.0,2023-06-01 06:16:51.948001280,VNM,Vietnam,False
2023-06-01,19.013279,105.4938,19.1992,15.153934,420.96222,0.33449355,0.0,2023-06-01 06:16:51.974997760,VNM,Vietnam,False
2023-06-01,19.006273,105.484825,19.19254,15.20984,421.28732,0.3335415,0.0,2023-06-01 06:16:52.001994240,VNM,Vietnam,False
2023-06-01,18.9993,105.47577,19.185797,15.267242,422.48898,0.39268824,0.0,2023-06-01 06:16:52.028990720,VNM,Vietnam,False
2023-06-01,19.046251,105.50719,19.205517,15.039243,422.15723,0.3498019,0.0,2023-06-01 06:16:52.255020288,VNM,Vietnam,False
2023-06-01,19.039064,105.49832,19.198982,15.092659,422.11548,0.34152028,0.0,2023-06-01 06:16:52.282016768,VNM,Vietnam,False
2023-06-01,19.031927,105.489365,19.192354,15.1476,422.3261,0.35580543,0.0,2023-06-01 06:16:52.309013248,VNM,Vietnam,True
2023-06-01,19.010994,105.46226,19.17217,15.319475,418.88715,0.34305292,0.0,2023-06-01 06:16:52.388996864,VNM,Vietnam,False
2023-06-01,19.057684,105.49393,19.192207,15.085984,422.847,0.39643064,0.0,2023-06-01 06:16:52.615026432,VNM,Vietnam,False
2023-06-01,19.050539,105.48498,19.185581,15.140923,421.25998,0.33762577,0.0,2023-06-01 06:16:52.642023168,VNM,Vietnam,False
2023-06-01,19.043507,105.47607,19.17897,15.196747,420.99207,0.35372895,0.0,2023-06-01 06:16:52.669019392,VNM,Vietnam,False
2023-06-01,19.029587,105.45788,19.165388,15.312806,422.3356,0.37004215,0.0,2023-06-01 06:16:52.723012096,VNM,Vietnam,False
2023-06-01,19.022696,105.448715,19.158524,15.372748,421.95157,0.37585333,0.0,2023-06-01 06:16:52.749003008,VNM,Vietnam,False
2023-06-01,19.041283,105.44435,19.151762,15.366059,421.6451,0.35959715,0.0,2023-06-01 06:16:53.083018240,VNM,Vietnam,False
2023-06-01,19.109367,105.5027,19.191645,14.967587,421.76947,0.38281643,0.0,2023-06-01 06:16:53.228018432,VNM,Vietnam,False
2023-06-01,19.113707,105.480545,19.171753,15.068476,422.7244,0.39398834,0.0,2023-06-01 06:16:53.615021312,VNM,Vietnam,False
2023-06-01,19.078674,105.435356,19.138,15.356034,420.85577,0.36946076,0.0,2023-06-01 06:16:53.748997376,VNM,Vietnam,False
2023-06-01,19.22564,105.45345,19.131012,15.034374,421.67728,0.5478383,0.0,2023-06-01 06:16:55.615010304,VNM,Vietnam,False
2023-06-01,19.218437,105.44456,19.124388,15.089359,422.72595,0.37004066,0.0,2023-06-01 06:16:55.642006528,VNM,Vietnam,False
2023-06-01,19.211344,105.43572,19.117798,15.145212,423.50504,0.3691834,0.0,2023-06-01 06:16:55.669003008,VNM,Vietnam,False
2023-06-01,19.204306,105.42669,19.111017,15.202675,422.78604,0.37054735,0.0,2023-06-01 06:16:55.695999744,VNM,Vietnam,False
2023-06-01,19.230026,105.4312,19.111034,15.139323,422.11313,0.37975425,0.0,2023-06-01 06:16:56.002012672,VNM,Vietnam,False
2023-06-01,19.227636,105.39958,19.083912,15.30997,420.69092,0.39756116,0.0,2023-06-01 06:16:56.416011776,VNM,Vietnam,False
2023-06-01,19.27441,105.43108,19.104279,15.07249,422.79797,0.48995793,0.0,2023-06-01 06:16:56.642001152,VNM,Vietnam,False
2023-06-01,19.24625,105.39505,19.077171,15.304798,420.25775,0.48740986,0.0,2023-06-01 06:16:56.749021440,VNM,Vietnam,False
2023-06-01,19.314878,105.45278,19.117077,14.906985,422.77145,0.3797178,0.0,2023-06-01 06:16:56.895027456,VNM,Vietnam,False
2023-06-01,19.264862,105.39054,19.070463,15.299594,421.44867,0.46106648,0.0,2023-06-01 06:16:57.082996480,VNM,Vietnam,False
2023-06-01,19.311684,105.421906,19.090784,15.0619545,423.74323,0.42386496,0.0,2023-06-01 06:16:57.308986112,VNM,Vietnam,False
2023-06-01,19.35211,105.44364,19.103703,14.895803,421.64554,0.41311657,0.0,2023-06-01 06:16:57.562012416,VNM,Vietnam,False
2023-06-01,19.33748,105.42626,19.09078,15.001005,421.36804,0.35091504,0.0,2023-06-01 06:16:57.614999296,VNM,Vietnam,False
2023-06-01,19.330221,105.417435,19.084185,15.055961,421.95242,0.36687493,0.0,2023-06-01 06:16:57.641996032,VNM,Vietnam,False
2023-06-01,19.37064,105.43927,19.097239,14.889665,421.73096,0.41688067,0.0,2023-06-01 06:16:57.895021824,VNM,Vietnam,False
2023-06-01,19.341629,105.40406,19.070915,15.105908,422.2585,0.34930357,0.0,2023-06-01 06:16:58.002001920,VNM,Vietnam,False
2023-06-01,19.334501,105.39521,19.064272,15.163241,421.00998,0.3775515,0.0,2023-06-01 06:16:58.028998400,VNM,Vietnam,False
2023-06-01,19.327438,105.386246,19.057516,15.221913,423.28867,0.40174967,0.0,2023-06-01 06:16:58.055994624,VNM,Vietnam,False
2023-06-01,19.389235,105.43464,19.09054,14.883835,423.03094,0.40430772,0.0,2023-06-01 06:16:58.227991552,VNM,Vietnam,False
2023-06-01,19.381893,105.42607,19.084177,14.935646,422.7099,0.41265854,0.0,2023-06-01 06:16:58.255028224,VNM,Vietnam,False
2023-06-01,19.374588,105.417305,19.077635,14.989206,422.2324,0.42815283,0.0,2023-06-01 06:16:58.282024704,VNM,Vietnam,False
2023-06-01,19.3602,105.399536,19.064295,15.10036,421.3256,0.37505817,0.0,2023-06-01 06:16:58.336017408,VNM,Vietnam,False
2023-06-01,19.400555,105.42141,19.077452,14.930853,422.54,0.4249463,0.0,2023-06-01 06:16:58.587997440,VNM,Vietnam,False
2023-06-01,19.393242,105.41266,19.07091,14.98441,422.35587,0.40376765,0.0,2023-06-01 06:16:58.614994176,VNM,Vietnam,False
2023-06-01,19.385977,105.4038,19.064268,15.039505,423.0894,0.39822853,0.0,2023-06-01 06:16:58.641990400,VNM,Vietnam,False
2023-06-01,19.378826,105.39497,19.057638,15.095496,421.9436,0.37460572,0.0,2023-06-01 06:16:58.668986880,VNM,Vietnam,False
2023-06-01,19.37171,105.38604,19.050901,15.153009,423.08606,0.39767691,0.0,2023-06-01 06:16:58.696023552,VNM,Vietnam,False
2023-06-01,19.357626,105.368004,19.037252,15.271896,421.28134,0.3591291,0.0,2023-06-01 06:16:58.749010688,VNM,Vietnam,False
2023-06-01,19.426514,105.42557,19.07735,14.873989,423.8597,0.41801712,0.0,2023-06-01 06:16:58.895016704,VNM,Vietnam,False
2023-06-01,19.411882,105.40807,19.064262,14.979539,422.7362,0.38388667,0.0,2023-06-01 06:16:58.948003840,VNM,Vietnam,False
2023-06-01,19.445183,105.420906,19.07065,14.869142,422.1148,0.45659786,0.0,2023-06-01 06:16:59.228026368,VNM,Vietnam,False
2023-06-01,19.430508,105.403534,19.057678,14.974506,422.55557,0.43042278,0.0,2023-06-01 06:16:59.282019072,VNM,Vietnam,False
2023-06-01,19.423212,105.39476,19.051107,15.029495,423.697,0.45170373,0.0,2023-06-01 06:16:59.309015552,VNM,Vietnam,False
2023-06-01,19.44909,105.399086,19.051199,14.969042,423.0402,0.42088705,0.0,2023-06-01 06:16:59.614988544,VNM,Vietnam,False
2023-06-01,19.44182,105.39016,19.044476,15.024188,423.04602,0.38864884,0.0,2023-06-01 06:16:59.642025216,VNM,Vietnam,False
2023-06-01,19.434652,105.38133,19.037825,15.080169,422.80212,0.40136266,0.0,2023-06-01 06:16:59.669021696,VNM,Vietnam,False
2023-06-01,19.427513,105.37241,19.031092,15.137651,422.5903,0.4185222,0.0,2023-06-01 06:16:59.696018176,VNM,Vietnam,False
2023-06-01,19.482391,105.41188,19.05762,14.858275,423.4464,0.41753176,0.0,2023-06-01 06:16:59.895011072,VNM,Vietnam,False
2023-06-01,19.467701,105.3945,19.044605,14.963694,421.54047,0.42360854,0.0,2023-06-01 06:16:59.947998208,VNM,Vietnam,False
2023-06-01,19.460411,105.38565,19.037954,15.018771,421.28546,0.38979837,0.0,2023-06-01 06:16:59.974994688,VNM,Vietnam,False
2023-06-01,19.45323,105.376854,19.031326,15.074732,422.85086,0.3862704,0.0,2023-06-01 06:17:00.001990912,VNM,Vietnam,False
2023-06-01,19.446085,105.36794,19.024588,15.132224,421.61307,0.39054355,0.0,2023-06-01 06:17:00.028987392,VNM,Vietnam,False
2023-06-01,19.438995,105.35896,19.017778,15.191013,422.93457,0.40725115,0.0,2023-06-01 06:17:00.056024064,VNM,Vietnam,False
2023-06-01,19.501043,105.4072,19.050962,14.853117,422.33334,0.41952994,0.0,2023-06-01 06:17:00.228020992,VNM,Vietnam,False
2023-06-01,19.493635,105.39882,19.044743,14.904904,422.7665,0.45578235,0.0,2023-06-01 06:17:00.255017216,VNM,Vietnam,False
2023-06-01,19.486338,105.389915,19.038023,14.958764,422.98602,0.40761498,0.0,2023-06-01 06:17:00.282013696,VNM,Vietnam,False
2023-06-01,19.47905,105.38108,19.031376,15.013987,421.43936,0.40166646,0.0,2023-06-01 06:17:00.309009920,VNM,Vietnam,False
2023-06-01,19.471872,105.372284,19.02474,15.070106,421.39417,0.43525878,0.0,2023-06-01 06:17:00.336006656,VNM,Vietnam,False
2023-06-01,19.519821,105.40241,19.04419,14.849829,422.8206,0.42883062,0.0,2023-06-01 06:17:00.561996032,VNM,Vietnam,False
2023-06-01,19.512432,105.39392,19.037863,14.901715,423.1524,0.45600444,0.0,2023-06-01 06:17:00.588026880,VNM,Vietnam,False
2023-06-01,19.538597,105.39763,19.03745,14.846508,423.96622,0.3931915,0.0,2023-06-01 06:17:00.895005696,VNM,Vietnam,False
2023-06-01,19.523857,105.38041,19.024551,14.952081,423.87308,0.39830354,0.0,2023-06-01 06:17:00.947992832,VNM,Vietnam,False
2023-06-01,19.557356,105.392876,19.030754,14.842945,423.9071,0.38719615,0.0,2023-06-01 06:17:01.228015360,VNM,Vietnam,False
2023-06-01,19.542559,105.37574,19.017933,14.947987,422.72736,0.37969118,0.0,2023-06-01 06:17:01.282008064,VNM,Vietnam,False
2023-06-01,19.535212,105.367035,19.01139,15.002864,421.68643,0.40067762,0.0,2023-06-01 06:17:01.309004800,VNM,Vietnam,False
2023-06-01,19.575897,105.38838,19.024357,14.836487,421.3114,0.38017958,0.0,2023-06-01 06:17:01.561990656,VNM,Vietnam,False
2023-06-01,19.568487,105.37985,19.017973,14.888201,421.81018,0.37509438,0.0,2023-06-01 06:17:01.588021504,VNM,Vietnam,False
2023-06-01,19.587002,105.37546,19.01168,14.881646,422.3945,0.3939106,0.0,2023-06-01 06:17:01.920990976,VNM,Vietnam,False
2023-06-01,19.612976,105.37945,19.011658,14.823491,422.28656,0.4183091,0.0,2023-06-01 06:17:02.228009984,VNM,Vietnam,False
2023-06-01,19.583595,105.34479,18.985554,15.039534,422.88098,0.4901716,0.0,2023-06-01 06:17:02.335995648,VNM,Vietnam,False
2023-06-01,19.576399,105.33596,18.978855,15.096931,422.79623,0.43116093,0.0,2023-06-01 06:17:02.362992384,VNM,Vietnam,False
2023-06-01,19.609434,105.34916,18.985897,14.97726,421.57266,0.40710694,0.0,2023-06-01 06:17:02.642009088,VNM,Vietnam,False
2023-06-01,19.635342,105.35382,18.986532,14.915603,422.80902,0.4269156,0.0,2023-06-01 06:17:02.948022016,VNM,Vietnam,False
2023-06-01,19.62804,105.34481,18.979666,14.9708395,424.03317,0.41592655,0.0,2023-06-01 06:17:02.975018496,VNM,Vietnam,False
2023-06-01,19.61361,105.32717,18.96626,15.084224,423.10007,0.40366405,0.0,2023-06-01 06:17:03.029011456,VNM,Vietnam,False
2023-06-01,19.668856,105.36633,18.99295,14.804338,422.26144,0.43343896,0.0,2023-06-01 06:17:03.228004352,VNM,Vietnam,False
2023-06-01,19.63944,105.331635,18.966728,15.020905,422.1114,0.41295668,0.0,2023-06-01 06:17:03.335990528,VNM,Vietnam,False
2023-06-01,19.632244,105.32274,18.95995,15.0784855,423.8377,0.4044738,0.0,2023-06-01 06:17:03.363027200,VNM,Vietnam,False
2023-06-01,19.625088,105.313835,18.953156,15.137307,421.7671,0.41240284,0.0,2023-06-01 06:17:03.389017600,VNM,Vietnam,False
2023-06-01,19.617922,105.305176,18.946592,15.197131,423.8056,0.4519691,0.0,2023-06-01 06:17:03.416014080,VNM,Vietnam,False
2023-06-01,19.68016,105.353134,18.980034,14.851355,423.40546,0.4376064,0.0,2023-06-01 06:17:03.588010752,VNM,Vietnam,False
2023-06-01,19.643759,105.30931,18.946762,15.132317,422.92242,0.41064247,0.0,2023-06-01 06:17:03.722992896,VNM,Vietnam,False
2023-06-01,19.636637,105.30037,18.939922,15.192414,422.28418,0.4166204,0.0,2023-06-01 06:17:03.749023744,VNM,Vietnam,False
2023-06-01,19.698889,105.348465,18.97355,14.846476,423.05746,0.4237234,0.0,2023-06-01 06:17:03.921020160,VNM,Vietnam,False
2023-06-01,19.69146,105.33989,18.967083,14.899966,423.78052,0.4096496,0.0,2023-06-01 06:17:03.948016640,VNM,Vietnam,False
2023-06-01,19.684067,105.33126,18.960567,14.954942,422.22366,0.4124507,0.0,2023-06-01 06:17:03.975013376,VNM,Vietnam,False
2023-06-01,19.66243,105.30479,18.940388,15.127306,422.2998,0.41275993,0.0,2023-06-01 06:17:04.056002560,VNM,Vietnam,False
2023-06-01,19.655306,105.295815,18.933514,15.187433,422.80963,0.4197523,0.0,2023-06-01 06:17:04.082999040,VNM,Vietnam,False
2023-06-01,19.710186,105.33524,18.960627,14.894968,422.74118,0.40285435,0.0,2023-06-01 06:17:04.281991936,VNM,Vietnam,False
2023-06-01,19.702791,105.32661,18.954094,14.949925,422.58685,0.40446836,0.0,2023-06-01 06:17:04.308988672,VNM,Vietnam,False
2023-06-01,19.69553,105.3179,18.947481,15.005874,423.14905,0.41837052,0.0,2023-06-01 06:17:04.336025344,VNM,Vietnam,False
2023-06-01,19.673962,105.291466,18.927307,15.182009,421.90872,0.4246384,0.0,2023-06-01 06:17:04.416008448,VNM,Vietnam,False
2023-06-01,19.721516,105.322044,18.947731,14.944537,422.22443,0.4125269,0.0,2023-06-01 06:17:04.641998080,VNM,Vietnam,False
2023-06-01,19.714214,105.31353,18.941288,15.00031,423.12897,0.42319852,0.0,2023-06-01 06:17:04.668994304,VNM,Vietnam,False
2023-06-01,19.706966,105.304794,18.93464,15.05771,423.18677,0.41100925,0.0,2023-06-01 06:17:04.695991040,VNM,Vietnam,False
2023-06-01,19.699791,105.2959,18.927826,15.116504,422.95117,0.41191468,0.0,2023-06-01 06:17:04.722987520,VNM,Vietnam,False
2023-06-01,19.747616,105.32629,18.948084,14.884018,423.08557,0.40708038,0.0,2023-06-01 06:17:04.948011520,VNM,Vietnam,False
2023-06-01,19.711317,105.28264,18.914825,15.170949,422.46494,0.41774935,0.0,2023-06-01 06:17:05.082993408,VNM,Vietnam,False
2023-06-01,19.75894,105.31306,18.935175,14.933777,421.49997,0.40753618,0.0,2023-06-01 06:17:05.309023488,VNM,Vietnam,False
2023-06-01,19.73,105.27813,18.90852,15.165871,422.2147,0.42271262,0.0,2023-06-01 06:17:05.416003328,VNM,Vietnam,False
2023-06-01,19.77037,105.29975,18.922188,14.984986,422.43503,0.4230426,0.0,2023-06-01 06:17:05.668989184,VNM,Vietnam,False
2023-06-01,19.789078,105.29518,18.915876,14.980151,422.78784,0.40151626,0.0,2023-06-01 06:17:06.001998848,VNM,Vietnam,False
2023-06-01,19.781815,105.2864,18.909155,15.037658,424.09622,0.4103027,0.0,2023-06-01 06:17:06.028995328,VNM,Vietnam,False
2023-06-01,19.800512,105.28195,18.902967,15.032959,422.61713,0.42024514,0.0,2023-06-01 06:17:06.363010560,VNM,Vietnam,False
2023-06-01,19.81204,105.26847,18.889824,15.087555,424.08563,0.4252902,0.0,2023-06-01 06:17:06.723016704,VNM,Vietnam,False
2023-06-01,19.875055,105.31551,18.922894,14.75069,423.98978,0.40379965,0.0,2023-06-01 06:17:06.895013376,VNM,Vietnam,False
2023-06-01,19.845291,105.28144,18.897,14.96693,423.936,0.4149569,0.0,2023-06-01 06:17:07.001993472,VNM,Vietnam,False
2023-06-01,19.83078,105.26386,18.883507,15.08327,425.6738,0.4131679,0.0,2023-06-01 06:17:07.056026368,VNM,Vietnam,False
2023-06-01,19.823605,105.254906,18.87659,15.143458,424.3027,0.40433586,0.0,2023-06-01 06:17:07.083022848,VNM,Vietnam,False
2023-06-01,19.893835,105.31087,18.916597,14.746451,424.6107,0.4175697,0.0,2023-06-01 06:17:07.228023040,VNM,Vietnam,False
2023-06-01,19.886297,105.30261,18.910372,14.798144,424.21426,0.39349326,0.0,2023-06-01 06:17:07.255019776,VNM,Vietnam,False
2023-06-01,19.878843,105.29392,18.903732,14.851828,425.85797,0.4032493,0.0,2023-06-01 06:17:07.282016000,VNM,Vietnam,False
2023-06-01,19.864046,105.27683,18.890717,14.962728,425.91193,0.45047697,0.0,2023-06-01 06:17:07.336008704,VNM,Vietnam,False
2023-06-01,19.879824,105.24113,18.857769,15.131124,425.07474,0.39598826,0.0,2023-06-01 06:17:08.083017472,VNM,Vietnam,False
2023-06-01,19.935177,105.27986,18.884789,14.839667,423.51953,0.41160372,0.0,2023-06-01 06:17:08.282010624,VNM,Vietnam,False
2023-06-01,19.961378,105.28371,18.885036,14.781457,423.24454,0.40365845,0.0,2023-06-01 06:17:08.588023552,VNM,Vietnam,False
2023-06-01,19.95385,105.27522,18.878574,14.834879,422.32553,0.39253736,0.0,2023-06-01 06:17:08.615020288,VNM,Vietnam,False
2023-06-01,19.97252,105.270615,18.872402,14.8300495,421.51505,0.3946598,0.0,2023-06-01 06:17:08.947989760,VNM,Vietnam,False
2023-06-01,19.983683,105.25752,18.859764,14.880248,421.47906,0.40242538,0.0,2023-06-01 06:17:09.309001472,VNM,Vietnam,False
2023-06-01,19.980314,105.22702,18.83369,15.047992,424.96835,0.39681983,0.0,2023-06-01 06:17:09.723000576,VNM,Vietnam,False
2023-06-01,20.021042,105.24824,18.847425,14.871608,422.5978,0.3941694,0.0,2023-06-01 06:17:09.975020800,VNM,Vietnam,False
2023-06-01,20.03973,105.243546,18.841236,14.867423,422.0572,0.400672,0.0,2023-06-01 06:17:10.308996096,VNM,Vietnam,False
2023-06-01,20.103312,105.23812,18.829441,14.800357,422.03146,0.38658175,0.0,2023-06-01 06:17:11.281994240,VNM,Vietnam,False
2023-06-01,20.095774,105.22964,18.822918,14.8553295,423.11597,0.40969977,0.0,2023-06-01 06:17:11.308990720,VNM,Vietnam,False
2023-06-01,20.114502,105.22488,18.816729,14.851209,420.69308,0.40255216,0.0,2023-06-01 06:17:11.642000384,VNM,Vietnam,False
2023-06-01,20.155952,105.24547,18.830051,14.6867285,423.7025,0.3951049,0.0,2023-06-01 06:17:11.895026688,VNM,Vietnam,False
2023-06-01,20.14835,105.23716,18.823679,14.738514,422.92636,0.4001673,0.0,2023-06-01 06:17:11.921017088,VNM,Vietnam,False
2023-06-01,20.140757,105.22875,18.81723,14.791958,423.09332,0.41170782,0.0,2023-06-01 06:17:11.948013568,VNM,Vietnam,False
2023-06-01,20.12578,105.21175,18.804111,14.902872,422.2585,0.4161672,0.0,2023-06-01 06:17:12.002006528,VNM,Vietnam,False
2023-06-01,20.174673,105.24083,18.824026,14.682451,421.93073,0.4106912,0.0,2023-06-01 06:17:12.227995904,VNM,Vietnam,False
2023-06-01,20.15945,105.22411,18.811193,14.787669,423.26123,0.38959855,0.0,2023-06-01 06:17:12.281988864,VNM,Vietnam,False
2023-06-01,20.151882,105.215645,18.804676,14.842617,422.71518,0.40563908,0.0,2023-06-01 06:17:12.309025536,VNM,Vietnam,False
2023-06-01,20.19329,105.236244,18.818087,14.677999,424.59488,0.43318966,0.0,2023-06-01 06:17:12.562011392,VNM,Vietnam,False
2023-06-01,20.178064,105.219505,18.80522,14.783252,422.77048,0.39381626,0.0,2023-06-01 06:17:12.614998528,VNM,Vietnam,False
2023-06-01,20.170504,105.21096,18.79862,14.838283,423.40735,0.38926232,0.0,2023-06-01 06:17:12.641995008,VNM,Vietnam,False
2023-06-01,20.181654,105.19789,18.786116,14.889752,422.3302,0.40638468,0.0,2023-06-01 06:17:13.002001152,VNM,Vietnam,False
2023-06-01,20.174236,105.189255,18.779402,14.947246,422.99316,0.41370496,0.0,2023-06-01 06:17:13.028997376,VNM,Vietnam,False
2023-06-01,20.185465,105.17606,18.766777,15.001294,422.68744,0.4221852,0.0,2023-06-01 06:17:13.389003520,VNM,Vietnam,False
2023-06-01,20.241552,105.21428,18.794056,14.7158575,424.06985,0.41420832,0.0,2023-06-01 06:17:13.587996672,VNM,Vietnam,False
2023-06-01,20.26788,105.21786,18.79444,14.659366,422.90143,0.43284148,0.0,2023-06-01 06:17:13.895015680,VNM,Vietnam,False
2023-06-01,20.260267,105.209404,18.787895,14.711277,425.23184,0.42707753,0.0,2023-06-01 06:17:13.921006080,VNM,Vietnam,False
2023-06-01,20.252617,105.201126,18.781528,14.764593,422.29453,0.46716288,0.0,2023-06-01 06:17:13.948002816,VNM,Vietnam,False
2023-06-01,20.286581,105.21304,18.788364,14.654634,423.9523,0.40311748,0.0,2023-06-01 06:17:14.228025344,VNM,Vietnam,False
2023-06-01,20.278915,105.20478,18.781996,14.706289,423.29013,0.3962782,0.0,2023-06-01 06:17:14.255021824,VNM,Vietnam,False
2023-06-01,20.30509,105.20847,18.782553,14.648714,424.50415,0.39779285,0.0,2023-06-01 06:17:14.562000640,VNM,Vietnam,False
2023-06-01,20.289745,105.19192,18.769785,14.753653,424.3583,0.39776462,0.0,2023-06-01 06:17:14.614987520,VNM,Vietnam,False
2023-06-01,20.25227,105.14977,18.737093,15.03967,423.98666,0.43203285,0.0,2023-06-01 06:17:14.749004288,VNM,Vietnam,False
2023-06-01,20.30059,105.17907,18.757597,14.802464,424.79398,0.3992312,0.0,2023-06-01 06:17:14.974993664,VNM,Vietnam,False
2023-06-01,20.29309,105.17059,18.751005,14.85831,423.30768,0.40112242,0.0,2023-06-01 06:17:15.001990400,VNM,Vietnam,False
2023-06-01,20.270739,105.145195,18.73125,15.033843,423.1986,0.47604072,0.0,2023-06-01 06:17:15.083019776,VNM,Vietnam,False
2023-06-01,20.342085,105.19944,18.771103,14.636632,422.91772,0.41699147,0.0,2023-06-01 06:17:15.228019968,VNM,Vietnam,False
2023-06-01,20.31153,105.16614,18.745325,14.851892,424.03003,0.39836565,0.0,2023-06-01 06:17:15.336005632,VNM,Vietnam,False
2023-06-01,20.345026,105.17893,18.753143,14.733878,426.34134,0.4674732,0.0,2023-06-01 06:17:15.615022336,VNM,Vietnam,False
2023-06-01,20.415987,105.18165,18.74866,14.611309,422.08005,0.43627414,0.0,2023-06-01 06:17:16.561989888,VNM,Vietnam,False
2023-06-01,20.370481,105.13121,18.709337,14.94427,425.9601,0.40008268,0.0,2023-06-01 06:17:16.723002880,VNM,Vietnam,False
2023-06-01,20.437805,105.15636,18.72477,14.7079115,421.9293,0.45810157,0.0,2023-06-01 06:17:17.282001920,VNM,Vietnam,False
2023-06-01,20.456272,105.1519,18.719213,14.701334,421.38464,0.43195167,0.0,2023-06-01 06:17:17.615011584,VNM,Vietnam,False
2023-06-01,20.467054,105.13908,18.707146,14.749634,421.44937,0.5134639,0.0,2023-06-01 06:17:17.975017728,VNM,Vietnam,False
2023-06-01,20.477932,105.126625,18.695414,14.799028,422.26752,0.47914806,0.0,2023-06-01 06:17:18.335989504,VNM,Vietnam,False
2023-06-01,20.500002,105.100975,18.671225,14.904394,422.025,0.49246892,0.0,2023-06-01 06:17:19.056001536,VNM,Vietnam,False
2023-06-01,20.511263,105.0874,18.658413,14.960153,421.45587,0.47141206,0.0,2023-06-01 06:17:19.416007680,VNM,Vietnam,False
2023-06-01,20.664698,105.08062,18.639383,14.748971,423.0543,0.39546472,0.0,2023-06-01 06:17:21.669022976,VNM,Vietnam,False
2023-06-01,20.657104,105.07224,18.632755,14.806412,423.7817,0.40928513,0.0,2023-06-01 06:17:21.696019456,VNM,Vietnam,False
2023-06-01,20.64955,105.06388,18.626137,14.865078,423.71677,0.44299537,0.0,2023-06-01 06:17:21.723015680,VNM,Vietnam,False
2023-06-01,20.714235,105.10985,18.660683,14.5266285,423.06458,0.4705881,0.0,2023-06-01 06:17:21.895012608,VNM,Vietnam,False
2023-06-01,20.668247,105.05962,18.620932,14.859451,422.6326,0.42175514,0.0,2023-06-01 06:17:22.056025600,VNM,Vietnam,False
2023-06-01,20.660748,105.05103,18.614092,14.919578,423.3686,0.48743966,0.0,2023-06-01 06:17:22.083022080,VNM,Vietnam,False
2023-06-01,20.733023,105.10521,18.655172,14.521479,421.56946,0.45951447,0.0,2023-06-01 06:17:22.228022016,VNM,Vietnam,False
2023-06-01,20.739687,105.06266,18.617844,14.731457,424.74564,0.43324965,0.0,2023-06-01 06:17:23.002027264,VNM,Vietnam,False
2023-06-01,20.73211,105.05402,18.610937,14.78928,423.4825,0.43558142,0.0,2023-06-01 06:17:23.029023744,VNM,Vietnam,False
2023-06-01,20.789602,105.09012,18.63764,14.512084,425.73022,0.3690482,0.0,2023-06-01 06:17:23.228016896,VNM,Vietnam,False
2023-06-01,20.773998,105.0738,18.624743,14.617829,425.17978,0.39243832,0.0,2023-06-01 06:17:23.282009600,VNM,Vietnam,False
2023-06-01,20.766218,105.065636,18.618296,14.672949,424.3503,0.38943246,0.0,2023-06-01 06:17:23.309006336,VNM,Vietnam,False
2023-06-01,20.758535,105.05765,18.611998,14.728844,426.15808,0.41478643,0.0,2023-06-01 06:17:23.336002560,VNM,Vietnam,False
2023-06-01,20.750963,105.04894,18.605032,14.786839,425.2669,0.3815228,0.0,2023-06-01 06:17:23.362999040,VNM,Vietnam,False
2023-06-01,20.743374,105.04064,18.59844,14.8456955,424.29178,0.45869607,0.0,2023-06-01 06:17:23.388989440,VNM,Vietnam,False
2023-06-01,20.735775,105.032745,18.592224,14.905418,422.94522,0.52804714,0.0,2023-06-01 06:17:23.416026112,VNM,Vietnam,False
2023-06-01,20.777363,105.05303,18.606546,14.726763,423.47974,0.4477602,0.0,2023-06-01 06:17:23.669011968,VNM,Vietnam,False
2023-06-01,20.796152,105.048706,18.601393,14.724384,423.7325,0.48556337,0.0,2023-06-01 06:17:24.002021888,VNM,Vietnam,False
2023-06-01,20.780933,105.03207,18.588142,14.840868,424.46262,0.510194,0.0,2023-06-01 06:17:24.056014848,VNM,Vietnam,False
2023-06-01,20.773438,105.02322,18.58102,14.901468,422.74493,0.4870294,0.0,2023-06-01 06:17:24.083011072,VNM,Vietnam,False
2023-06-01,20.807272,105.03578,18.589369,14.77863,424.31372,0.47403985,0.0,2023-06-01 06:17:24.362993408,VNM,Vietnam,False
2023-06-01,20.844694,105.02587,18.57798,14.769731,424.0559,0.4358437,0.0,2023-06-01 06:17:25.029012992,VNM,Vietnam,False
2023-06-01,20.90211,105.06307,18.60604,14.490729,422.4606,0.44615352,0.0,2023-06-01 06:17:25.228005888,VNM,Vietnam,False
2023-06-01,20.918997,105.00936,18.558552,14.749729,425.49478,0.5257815,0.0,2023-06-01 06:17:26.363022848,VNM,Vietnam,False
2023-06-01,20.911423,105.000496,18.551363,14.808956,423.4223,0.48549885,0.0,2023-06-01 06:17:26.389013504,VNM,Vietnam,False
2023-06-01,20.976927,105.043564,18.583992,14.4735775,422.90128,0.4579089,0.0,2023-06-01 06:17:26.562016000,VNM,Vietnam,False
2023-06-01,20.995588,105.0391,18.578909,14.468901,423.6019,0.4777649,0.0,2023-06-01 06:17:26.895025664,VNM,Vietnam,False
2023-06-01,20.979774,105.023254,18.566315,14.573836,423.59497,0.44261038,0.0,2023-06-01 06:17:26.948012800,VNM,Vietnam,False
2023-06-01,20.96415,105.0073,18.553612,14.684319,423.41974,0.46456093,0.0,2023-06-01 06:17:27.002005504,VNM,Vietnam,False
2023-06-01,20.941216,104.98191,18.533167,14.860866,424.26874,0.4607806,0.0,2023-06-01 06:17:27.082994944,VNM,Vietnam,False
2023-06-01,21.014286,105.03434,18.573566,14.4644,423.36188,0.47384986,0.0,2023-06-01 06:17:27.227995136,VNM,Vietnam,False
2023-06-01,20.998428,105.01853,18.560997,14.569117,424.10938,0.4815937,0.0,2023-06-01 06:17:27.281987840,VNM,Vietnam,False
2023-06-01,20.990566,105.010315,18.55442,14.6240225,423.7053,0.43373293,0.0,2023-06-01 06:17:27.309024512,VNM,Vietnam,False
2023-06-01,20.982828,105.00205,18.547789,14.679914,422.94553,0.41135883,0.0,2023-06-01 06:17:27.336020992,VNM,Vietnam,False
2023-06-01,20.975092,104.99385,18.541222,14.737181,423.01276,0.43501472,0.0,2023-06-01 06:17:27.363017472,VNM,Vietnam,False
2023-06-01,20.967363,104.985954,18.534935,14.795411,423.0388,0.45890394,0.0,2023-06-01 06:17:27.389008128,VNM,Vietnam,False
2023-06-01,21.032837,105.029526,18.568214,14.458793,421.5481,0.5086778,0.0,2023-06-01 06:17:27.562010624,VNM,Vietnam,False
2023-06-01,21.00901,105.00615,18.549658,14.61785,425.16156,0.48743108,0.0,2023-06-01 06:17:27.641993984,VNM,Vietnam,False
2023-06-01,21.001291,104.99769,18.542835,14.673941,422.23593,0.4734206,0.0,2023-06-01 06:17:27.668990720,VNM,Vietnam,False
2023-06-01,20.99354,104.98959,18.536356,14.731129,422.97522,0.46081877,0.0,2023-06-01 06:17:27.695986944,VNM,Vietnam,False
2023-06-01,21.051369,105.02485,18.563004,14.453045,422.82706,0.49910074,0.0,2023-06-01 06:17:27.895020288,VNM,Vietnam,False
2023-06-01,21.035282,105.010506,18.551792,14.556436,423.22803,0.54173964,0.0,2023-06-01 06:17:27.948007424,VNM,Vietnam,False
2023-06-01,21.004263,104.97733,18.525106,14.783422,424.19485,0.4974654,0.0,2023-06-01 06:17:28.055993088,VNM,Vietnam,False
2023-06-01,20.996634,104.96874,18.518152,14.843589,422.64304,0.43342203,0.0,2023-06-01 06:17:28.082989568,VNM,Vietnam,False
2023-06-01,21.038164,104.99005,18.533983,14.661639,425.42633,0.5687619,0.0,2023-06-01 06:17:28.336015616,VNM,Vietnam,False
2023-06-01,21.02285,104.97274,18.51994,14.778651,421.23953,0.63914263,0.0,2023-06-01 06:17:28.389002752,VNM,Vietnam,False
2023-06-01,21.01523,104.96415,18.512981,14.838961,423.33902,0.47348213,0.0,2023-06-01 06:17:28.415999232,VNM,Vietnam,False
2023-06-01,21.041508,104.968285,18.514914,14.77452,424.33356,0.51500016,0.0,2023-06-01 06:17:28.723018240,VNM,Vietnam,False
2023-06-01,21.078884,104.95818,18.503801,14.767014,423.98593,0.53483534,0.0,2023-06-01 06:17:29.388997376,VNM,Vietnam,False
2023-06-01,21.909815,104.80948,18.342108,14.267651,423.4937,0.54329604,0.0,2023-06-01 06:17:43.227988736,VNM,Vietnam,False
2023-06-01,21.966106,104.795235,18.328852,14.256889,423.48956,0.57267475,0.0,2023-06-01 06:17:44.228023552,VNM,Vietnam,False
2023-06-01,22.003288,104.78599,18.320362,14.248683,424.8198,0.5801391,0.0,2023-06-01 06:17:44.895008512,VNM,Vietnam,False
2023-06-01,21.978521,104.763535,18.301558,14.408425,425.73227,0.58111006,0.0,2023-06-01 06:17:44.974992128,VNM,Vietnam,False
2023-06-01,21.962341,104.74796,18.28846,14.521843,424.74564,0.6022718,0.0,2023-06-01 06:17:45.029025024,VNM,Vietnam,False
2023-06-01,22.021889,104.78133,18.316105,14.244617,425.58932,0.5808871,0.0,2023-06-01 06:17:45.228018176,VNM,Vietnam,False
2023-06-01,22.032265,104.76912,18.305523,14.292649,424.707,0.53907526,0.0,2023-06-01 06:17:45.588024064,VNM,Vietnam,False
2023-06-01,21.99953,104.73877,18.280012,14.514112,424.53015,0.5891455,0.0,2023-06-01 06:17:45.696010240,VNM,Vietnam,False
2023-06-01,21.99145,104.73141,18.273844,14.572446,425.25592,0.5892098,0.0,2023-06-01 06:17:45.723006464,VNM,Vietnam,False
2023-06-01,22.04262,104.75696,18.294994,14.342229,423.46707,0.5628916,0.0,2023-06-01 06:17:45.947990272,VNM,Vietnam,False
2023-06-01,22.061264,104.75217,18.290659,14.338922,423.74734,0.546533,0.0,2023-06-01 06:17:46.282005504,VNM,Vietnam,False
2023-06-01,22.053019,104.74455,18.284246,14.393983,423.13177,0.5272927,0.0,2023-06-01 06:17:46.309001984,VNM,Vietnam,False
2023-06-01,22.020674,104.7138,18.258295,14.626389,423.54843,0.6285887,0.0,2023-06-01 06:17:46.416022272,VNM,Vietnam,False
2023-06-01,22.09647,104.76263,18.299217,14.231187,423.88095,0.5908227,0.0,2023-06-01 06:17:46.561987840,VNM,Vietnam,False
2023-06-01,22.07991,104.747536,18.286493,14.336647,423.85864,0.55689746,0.0,2023-06-01 06:17:46.615015168,VNM,Vietnam,False
2023-06-01,22.071665,104.739845,18.279999,14.391786,426.01437,0.603332,0.0,2023-06-01 06:17:46.642011648,VNM,Vietnam,False
2023-06-01,22.039309,104.70891,18.253849,14.624378,424.20474,0.6014082,0.0,2023-06-01 06:17:46.748991488,VNM,Vietnam,False
2023-06-01,22.098583,104.74258,18.282038,14.334662,424.4552,0.5726302,0.0,2023-06-01 06:17:46.948025088,VNM,Vietnam,False
2023-06-01,22.090328,104.73493,18.275576,14.389766,423.28668,0.54839104,0.0,2023-06-01 06:17:46.975021312,VNM,Vietnam,False
2023-06-01,22.074072,104.71953,18.262548,14.503403,423.22086,0.57017136,0.0,2023-06-01 06:17:47.029014016,VNM,Vietnam,False
2023-06-01,22.100803,104.722435,18.264763,14.443502,423.32477,0.5353365,0.0,2023-06-01 06:17:47.335993088,VNM,Vietnam,False
2023-06-01,22.092667,104.71474,18.258247,14.501007,423.05167,0.48398322,0.0,2023-06-01 06:17:47.362989312,VNM,Vietnam,False
2023-06-01,22.127495,104.725464,18.267136,14.384614,423.47687,0.5527358,0.0,2023-06-01 06:17:47.642006272,VNM,Vietnam,False
2023-06-01,22.11934,104.71775,18.260595,14.440696,423.7563,0.50106186,0.0,2023-06-01 06:17:47.669002752,VNM,Vietnam,False
2023-06-01,22.121637,104.69741,18.24314,14.554428,423.43323,0.5002934,0.0,2023-06-01 06:17:48.056005120,VNM,Vietnam,False
2023-06-01,22.113567,104.689575,18.236479,14.614597,423.45474,0.5646004,0.0,2023-06-01 06:17:48.083001600,VNM,Vietnam,False
2023-06-01,22.172916,104.723274,18.264917,14.324113,422.1422,0.5539042,0.0,2023-06-01 06:17:48.281994752,VNM,Vietnam,False
2023-06-01,22.140179,104.69295,18.239193,14.551044,423.2449,0.5224203,0.0,2023-06-01 06:17:48.389015040,VNM,Vietnam,False
2023-06-01,22.132116,104.68492,18.23235,14.611349,423.695,0.56266814,0.0,2023-06-01 06:17:48.416011264,VNM,Vietnam,False
2023-06-01,22.16922,104.676125,18.224619,14.603836,422.9763,0.60939664,0.0,2023-06-01 06:17:49.082996480,VNM,Vietnam,False
2023-06-01,22.669714,104.57228,18.139875,14.39913,421.9652,0.46542242,0.0,2023-06-01 06:17:57.696025344,VNM,Vietnam,False
2023-06-01,22.688412,104.56636,18.13513,14.396488,421.2253,0.5079713,0.0,2023-06-01 06:17:58.028994816,VNM,Vietnam,False
2023-06-01,22.74929,104.596306,18.16181,14.120986,421.97894,0.5038417,0.0,2023-06-01 06:17:58.227987712,VNM,Vietnam,False
2023-06-01,22.698812,104.55432,18.125113,14.4515705,421.8246,0.5658296,0.0,2023-06-01 06:17:58.389000960,VNM,Vietnam,False
2023-06-01,22.768036,104.591644,18.158304,14.117617,421.4222,0.5289329,0.0,2023-06-01 06:17:58.562003456,VNM,Vietnam,False
2023-06-01,22.82402,104.57821,18.148424,14.105342,421.67316,0.660988,0.0,2023-06-01 06:17:59.561997824,VNM,Vietnam,False
2023-06-01,22.84253,104.574066,18.145487,14.09998,422.1398,0.5526622,0.0,2023-06-01 06:17:59.895007488,VNM,Vietnam,False
2023-06-08,21.289425,103.474594,18.235716,14.309228,423.06342,0.43559486,0.0,2023-06-08 06:23:34.282009088,VNM,Vietnam,False
2023-06-08,21.300436,103.46137,18.223288,14.359366,422.8669,0.45377445,0.0,2023-06-08 06:23:34.642014976,VNM,Vietnam,False
2023-06-08,21.2705,103.427704,18.197105,14.5911045,422.20712,0.53774905,0.0,2023-06-08 06:23:34.748995072,VNM,Vietnam,False
2023-06-08,21.2891,103.42302,18.191309,14.586435,423.71555,0.52335095,0.0,2023-06-08 06:23:35.083010560,VNM,Vietnam,False
2023-06-08,21.33011,103.44385,18.205458,14.405628,423.01697,0.4805413,0.0,2023-06-08 06:23:35.335996416,VNM,Vietnam,False
2023-06-08,21.322617,103.43526,18.198736,14.463158,422.32196,0.41543138,0.0,2023-06-08 06:23:35.362992640,VNM,Vietnam,False
2023-06-08,21.341194,103.430756,18.193169,14.458054,423.90356,0.45859334,0.0,2023-06-08 06:23:35.696002560,VNM,Vietnam,False
2023-06-08,21.352293,103.417755,18.180958,14.511602,423.19162,0.49383596,0.0,2023-06-08 06:23:36.056008704,VNM,Vietnam,False
2023-06-08,21.378304,103.42211,18.182411,14.4474,423.2351,0.4467854,0.0,2023-06-08 06:23:36.362987520,VNM,Vietnam,False
2023-06-08,21.363443,103.40453,18.16855,14.566583,423.11057,0.50397646,0.0,2023-06-08 06:23:36.416014592,VNM,Vietnam,False
2023-06-08,21.389542,103.40854,18.169676,14.50073,422.64087,0.47744504,0.0,2023-06-08 06:23:36.722993664,VNM,Vietnam,False
2023-06-08,21.38209,103.40001,18.162985,14.560662,423.40872,0.5049152,0.0,2023-06-08 06:23:36.749024512,VNM,Vietnam,False
2023-06-08,21.569586,103.40524,18.151634,14.242727,423.1664,0.58439523,0.0,2023-06-08 06:23:39.282021888,VNM,Vietnam,False
2023-06-08,21.561937,103.39646,18.144663,14.298241,420.4645,0.6256755,0.0,2023-06-08 06:23:39.309018624,VNM,Vietnam,False
2023-06-08,21.539255,103.37107,18.124619,14.470892,424.01108,0.5027453,0.0,2023-06-08 06:23:39.389001984,VNM,Vietnam,False
2023-06-08,21.5731,103.383156,18.132298,14.350855,423.48727,0.5947434,0.0,2023-06-08 06:23:39.669024768,VNM,Vietnam,False
2023-06-08,21.565496,103.37484,18.125751,14.408245,424.26434,0.48956975,0.0,2023-06-08 06:23:39.696020992,VNM,Vietnam,False
2023-06-08,21.55796,103.366295,18.118982,14.4671135,422.275,0.53275734,0.0,2023-06-08 06:23:39.723017472,VNM,Vietnam,False
2023-06-08,22.013376,103.26152,17.997543,14.312692,424.10638,0.4731423,0.0,2023-06-08 06:23:47.696017920,VNM,Vietnam,False
2023-06-08,22.10056,103.28034,18.00894,14.074683,422.04245,0.50222385,0.0,2023-06-08 06:23:48.588026880,VNM,Vietnam,False
2023-06-08,22.072374,103.22723,17.96488,14.412039,425.99384,0.5223585,0.0,2023-06-08 06:23:49.083014912,VNM,Vietnam,False
2023-06-08,22.184265,103.19907,17.935026,14.388773,424.64316,0.5486917,0.0,2023-06-08 06:23:51.083004160,VNM,Vietnam,False
2023-06-08,22.210594,103.20314,17.937317,14.324235,424.48047,0.5548333,0.0,2023-06-08 06:23:51.389017344,VNM,Vietnam,False
2023-06-08,22.277294,103.175766,17.910822,14.368453,423.8997,0.5321257,0.0,2023-06-08 06:23:52.749018112,VNM,Vietnam,False
2023-06-08,22.303646,103.179825,17.913237,14.303837,424.06467,0.5119178,0.0,2023-06-08 06:23:53.055996928,VNM,Vietnam,False
2023-06-08,22.337933,103.1918,17.922142,14.183209,424.6815,0.5408673,0.0,2023-06-08 06:23:53.336019456,VNM,Vietnam,False
2023-06-08,22.356586,103.18665,17.916962,14.179514,424.11044,0.5245431,0.0,2023-06-08 06:23:53.668988928,VNM,Vietnam,False
2023-06-08,22.340921,103.16957,17.902872,14.296448,424.97253,0.5118764,0.0,2023-06-08 06:23:53.723022080,VNM,Vietnam,False
2023-06-08,22.375246,103.1814,17.911703,14.175896,425.3079,0.44941688,0.0,2023-06-08 06:23:54.001998592,VNM,Vietnam,False
2023-06-15,8.65212,104.88144,25.053333,20.058111,414.88406,0.4303088,0.0,2023-06-15 06:25:47.083018752,VNM,Vietnam,False
2023-06-15,8.755668,104.90859,25.015514,19.773003,418.66602,0.3648293,0.0,2023-06-15 06:25:48.642012672,VNM,Vietnam,False
2023-06-15,8.777174,104.91636,25.009314,19.707111,419.66013,0.41786996,0.0,2023-06-15 06:25:48.948025600,VNM,Vietnam,False
2023-06-15,8.801738,104.93575,25.010216,19.589752,419.01404,0.33632064,0.0,2023-06-15 06:25:49.228007936,VNM,Vietnam,False
2023-06-15,8.798778,104.92406,25.00301,19.642588,418.13223,0.34996024,0.0,2023-06-15 06:25:49.255004416,VNM,Vietnam,False
2023-06-15,8.817427,104.920006,24.989466,19.631657,417.58545,0.56426656,0.0,2023-06-15 06:25:49.588014080,VNM,Vietnam,False
2023-06-15,8.85169,104.9002,24.955227,19.662764,416.73734,0.3757573,0.0,2023-06-15 06:25:50.281995520,VNM,Vietnam,False
2023-06-17,16.412365,107.66631,21.277681,0.07694755,421.01672,0.3488033,0.0,2023-06-17 06:15:50.668993536,VNM,Vietnam,False
2023-06-17,16.417131,107.632324,21.247267,0.28540403,420.28555,0.3724239,0.0,2023-06-17 06:15:51.082992640,VNM,Vietnam,False
2023-06-26,11.544115,109.01162,22.630394,17.896156,420.22757,0.41183195,0.0,2023-06-26 06:07:53.975019264,VNM,Vietnam,False
2023-06-26,11.562672,109.00752,22.617775,17.885035,421.26837,0.4703196,0.0,2023-06-26 06:07:54.308994304,VNM,Vietnam,False
2023-06-26,13.141376,108.68716,21.598186,16.90593,420.00858,0.40544254,0.0,2023-06-26 06:08:22.228014336,VNM,Vietnam,False
2023-06-26,13.178905,108.67846,21.573877,16.88897,419.55124,0.49880135,0.0,2023-06-26 06:08:22.894999040,VNM,Vietnam,False
2023-06-26,15.343322,108.13455,20.20851,16.035269,421.9504,0.36462033,0.0,2023-06-26 06:09:02.002008832,VNM,Vietnam,False
2023-07-10,21.594109,103.524605,16.767452,13.027489,419.13596,0.59307253,0.0,2023-07-10 06:23:31.895017472,VNM,Vietnam,False
2023-07-10,21.58606,103.51745,16.761728,13.078327,421.1967,0.59916073,0.0,2023-07-10 06:23:31.921007872,VNM,Vietnam,False
2023-07-10,21.578085,103.50971,16.755463,13.131379,422.11975,0.5732923,0.0,2023-07-10 06:23:31.948004352,VNM,Vietnam,False
2023-07-10,21.570211,103.50134,16.7486,13.186567,423.1226,0.5450006,0.0,2023-07-10 06:23:31.975000832,VNM,Vietnam,False
2023-07-10,21.562418,103.49323,16.741982,13.242518,420.85074,0.56061196,0.0,2023-07-10 06:23:32.001997312,VNM,Vietnam,False
2023-07-10,21.565655,103.471756,16.723274,13.355865,420.49323,0.50466365,0.0,2023-07-10 06:23:32.388999680,VNM,Vietnam,False
2023-07-10,21.557924,103.46373,16.71673,13.415872,420.96054,0.5785747,0.0,2023-07-10 06:23:32.415996160,VNM,Vietnam,False
2023-07-10,21.607685,103.49176,16.738605,13.179839,417.84293,0.61065495,0.0,2023-07-10 06:23:32.641985536,VNM,Vietnam,False
2023-07-10,21.59981,103.48426,16.732544,13.235182,423.21353,0.5915234,0.0,2023-07-10 06:23:32.669022208,VNM,Vietnam,False
2023-07-10,21.618557,103.47895,16.727085,13.231835,420.56296,0.5385814,0.0,2023-07-10 06:23:33.001991680,VNM,Vietnam,False
2023-07-10,21.60289,103.46373,16.714737,13.347073,421.64203,0.57938886,0.0,2023-07-10 06:23:33.056025088,VNM,Vietnam,False
2023-07-10,21.59522,103.454895,16.707417,13.407809,422.3456,0.5772629,0.0,2023-07-10 06:23:33.083021312,VNM,Vietnam,False
2023-07-10,21.621622,103.45834,16.709219,13.343777,423.35947,0.55463815,0.0,2023-07-10 06:23:33.388994304,VNM,Vietnam,False
2023-07-10,21.613924,103.44969,16.70206,13.40435,422.126,0.5207124,0.0,2023-07-10 06:23:33.415990784,VNM,Vietnam,False
2023-07-10,21.648129,103.460976,16.71029,13.28185,422.05002,0.533102,0.0,2023-07-10 06:23:33.696013568,VNM,Vietnam,False
2023-07-10,21.674545,103.46462,16.712347,13.220379,421.8593,0.5075852,0.0,2023-07-10 06:23:34.001986560,VNM,Vietnam,False
2023-07-10,21.788828,103.416115,16.666348,13.315292,420.5112,0.64798987,0.0,2023-07-10 06:23:36.389018368,VNM,Vietnam,False
2023-07-10,21.807411,103.411385,16.661648,13.312267,422.4546,0.5401032,0.0,2023-07-10 06:23:36.722993664,VNM,Vietnam,False
2023-07-10,21.865877,103.44518,16.688742,13.029035,420.17328,0.52151835,0.0,2023-07-10 06:23:36.921020928,VNM,Vietnam,False
2023-07-10,21.849636,103.43054,16.676762,13.135989,420.75168,0.57732177,0.0,2023-07-10 06:23:36.975013888,VNM,Vietnam,False
2023-07-10,21.841722,103.4225,16.670094,13.191928,421.63916,0.5278589,0.0,2023-07-10 06:23:37.002010368,VNM,Vietnam,False
2023-07-10,21.825983,103.406006,16.656374,13.30854,420.8429,0.51845723,0.0,2023-07-10 06:23:37.056003072,VNM,Vietnam,False
2023-07-10,21.818144,103.39795,16.649687,13.368652,421.42944,0.5802463,0.0,2023-07-10 06:23:37.082999808,VNM,Vietnam,False
2023-07-26,18.889406,105.51186,18.487383,0.32485732,420.0292,0.43298766,0.0,2023-07-26 06:22:49.615021312,VNM,Vietnam,False
2023-07-26,18.851435,105.47499,18.456532,0.24608825,418.7929,0.46710336,0.0,2023-07-26 06:22:49.748997632,VNM,Vietnam,False
2023-07-26,18.909489,105.50735,18.48268,0.32509834,418.1271,0.44873217,0.0,2023-07-26 06:22:49.947990784,VNM,Vietnam,False
2023-07-26,18.929564,105.502815,18.477983,0.32519156,418.86758,0.44636652,0.0,2023-07-26 06:22:50.282006272,VNM,Vietnam,False
2023-07-26,18.965212,105.51246,18.485144,0.5522933,417.7798,0.47317567,0.0,2023-07-26 06:22:50.561988608,VNM,Vietnam,False
2023-07-26,18.949602,105.49824,18.473263,0.32474515,417.38187,0.44596386,0.0,2023-07-26 06:22:50.615015936,VNM,Vietnam,False
2023-07-26,18.941847,105.49098,18.467192,0.2106794,418.8451,0.47817382,0.0,2023-07-26 06:22:50.642012416,VNM,Vietnam,True
2023-07-26,18.985264,105.50786,18.480442,0.5518762,420.24976,0.487076,0.0,2023-07-26 06:22:50.894998272,VNM,Vietnam,False
2023-07-26,18.977448,105.50081,18.474552,0.43834567,419.91302,0.4679034,0.0,2023-07-26 06:22:50.920988928,VNM,Vietnam,False
2023-07-26,18.96188,105.486404,18.462494,0.21022576,419.33847,0.44956532,0.0,2023-07-26 06:22:50.975022080,VNM,Vietnam,False
2023-07-26,18.954237,105.47915,18.456404,0.09783514,418.3214,0.4380211,0.0,2023-07-26 06:22:51.002018560,VNM,Vietnam,False
2023-07-26,18.939049,105.4644,18.444006,0.13337727,418.46048,0.4910172,0.0,2023-07-26 06:22:51.056011264,VNM,Vietnam,False
2023-07-26,19.00533,105.50326,18.475754,0.55153644,419.1853,0.44182,0.0,2023-07-26 06:22:51.228007936,VNM,Vietnam,False
2023-07-26,18.99752,105.4962,18.469856,0.43807533,419.4286,0.46936122,0.0,2023-07-26 06:22:51.255004416,VNM,Vietnam,False
2023-07-26,18.989723,105.489044,18.46386,0.32411283,420.95734,0.46328887,0.0,2023-07-26 06:22:51.282000896,VNM,Vietnam,False
2023-07-26,18.981968,105.4818,18.45778,0.2100898,420.23776,0.4652127,0.0,2023-07-26 06:22:51.308997120,VNM,Vietnam,True
2023-07-26,18.974333,105.47454,18.451683,0.097759694,420.144,0.47766203,0.0,2023-07-26 06:22:51.335993856,VNM,Vietnam,True
2023-07-26,18.966724,105.46719,18.445503,0.026932178,419.38876,0.46973234,0.0,2023-07-26 06:22:51.362990080,VNM,Vietnam,False
2023-07-26,18.95916,105.45979,18.439266,0.13329764,419.93427,0.4729682,0.0,2023-07-26 06:22:51.389020928,VNM,Vietnam,False
2023-07-26,19.025562,105.498535,18.47097,0.5520439,419.2003,0.47462112,0.0,2023-07-26 06:22:51.562023424,VNM,Vietnam,False
2023-07-26,19.017748,105.49149,18.465075,0.43858844,419.53192,0.46428603,0.0,2023-07-26 06:22:51.588014080,VNM,Vietnam,True
2023-07-26,19.009943,105.484344,18.45908,0.3246375,420.26218,0.44707558,0.0,2023-07-26 06:22:51.615010560,VNM,Vietnam,False
2023-07-26,19.002182,105.47711,18.453003,0.2106402,420.1609,0.44869822,0.0,2023-07-26 06:22:51.642006784,VNM,Vietnam,False
2023-07-26,19.045797,105.49382,18.46621,0.5525691,418.91547,0.46869782,0.0,2023-07-26 06:22:51.894992896,VNM,Vietnam,False
2023-07-26,19.037975,105.486786,18.460314,0.43911996,420.7382,0.48076612,0.0,2023-07-26 06:22:51.921023744,VNM,Vietnam,True
2023-07-26,19.030165,105.47965,18.45432,0.32518092,419.37997,0.45291483,0.0,2023-07-26 06:22:51.948020224,VNM,Vietnam,False
2023-07-26,19.022396,105.47243,18.448246,0.21121015,419.4758,0.4138866,0.0,2023-07-26 06:22:51.975016704,VNM,Vietnam,False
2023-07-26,19.014748,105.46519,18.442152,0.09904933,419.0596,0.4458311,0.0,2023-07-26 06:22:52.002012928,VNM,Vietnam,False
2023-07-26,18.999546,105.45047,18.429743,0.13264036,419.30862,0.45399114,0.0,2023-07-26 06:22:52.056005888,VNM,Vietnam,False
2023-07-26,19.066021,105.48911,18.461477,0.5530705,419.24246,0.48375642,0.0,2023-07-26 06:22:52.228002560,VNM,Vietnam,False
2023-07-26,19.027264,105.45323,18.431292,0.027508933,420.07343,0.4596158,0.0,2023-07-26 06:22:52.363024896,VNM,Vietnam,False
2023-07-26,19.019669,105.44587,18.42507,0.13244663,418.80896,0.44852158,0.0,2023-07-26 06:22:52.389015552,VNM,Vietnam,False
2023-07-26,19.08613,105.48449,18.45686,0.5530423,419.5784,0.47087577,0.0,2023-07-26 06:22:52.562017792,VNM,Vietnam,False
2023-07-26,19.078285,105.477486,18.450975,0.4395493,420.10428,0.47383317,0.0,2023-07-26 06:22:52.588008704,VNM,Vietnam,False
2023-07-26,19.070452,105.470375,18.444994,0.32556716,419.04263,0.5440821,0.0,2023-07-26 06:22:52.615004928,VNM,Vietnam,False
2023-07-26,19.054987,105.45596,18.432846,0.099316426,420.42587,0.44741312,0.0,2023-07-26 06:22:52.668997888,VNM,Vietnam,False
2023-07-26,19.04734,105.44866,18.426682,0.02715664,420.09488,0.4600586,0.0,2023-07-26 06:22:52.695994368,VNM,Vietnam,False
2023-07-26,19.039738,105.44131,18.42046,0.13236006,420.39893,0.5002492,0.0,2023-07-26 06:22:52.722990848,VNM,Vietnam,False
2023-07-26,19.106237,105.47987,18.452263,0.55302787,419.54785,0.47270784,0.0,2023-07-26 06:22:52.894987520,VNM,Vietnam,False
2023-07-26,19.098387,105.47288,18.44638,0.43953452,419.14053,0.42692798,0.0,2023-07-26 06:22:52.921018368,VNM,Vietnam,False
2023-07-26,19.090548,105.465775,18.440401,0.32554722,420.98685,0.46055084,0.0,2023-07-26 06:22:52.948014848,VNM,Vietnam,False
2023-07-26,19.07507,105.451385,18.428257,0.099231616,419.28262,0.4424604,0.0,2023-07-26 06:22:53.002007552,VNM,Vietnam,False
2023-07-26,19.067415,105.44409,18.422094,0.026788836,419.95203,0.40621236,0.0,2023-07-26 06:22:53.029004032,VNM,Vietnam,False
2023-07-26,19.059807,105.436745,18.415874,0.13225773,420.6796,0.47800517,0.0,2023-07-26 06:22:53.056000512,VNM,Vietnam,False
2023-07-26,19.052237,105.42933,18.409595,0.2450044,419.58295,0.47933838,0.0,2023-07-26 06:22:53.082996736,VNM,Vietnam,False
2023-07-26,19.12635,105.47524,18.447681,0.55302864,420.24567,0.48885164,0.0,2023-07-26 06:22:53.227997184,VNM,Vietnam,False
2023-07-26,19.118502,105.46825,18.441792,0.43953863,420.33588,0.47675952,0.0,2023-07-26 06:22:53.254993408,VNM,Vietnam,False
2023-07-26,19.11066,105.46115,18.435804,0.32555246,420.24368,0.49509987,0.0,2023-07-26 06:22:53.281990144,VNM,Vietnam,False
2023-07-26,19.102861,105.45396,18.429733,0.2115205,418.67346,0.4719894,0.0,2023-07-26 06:22:53.308986368,VNM,Vietnam,False
2023-07-26,19.095182,105.446754,18.423643,0.099245444,420.5518,0.4536366,0.0,2023-07-26 06:22:53.336023040,VNM,Vietnam,False
2023-07-26,19.087528,105.43946,18.41747,0.026851824,419.62128,0.45945525,0.0,2023-07-26 06:22:53.363019520,VNM,Vietnam,False
2023-07-26,19.079918,105.43211,18.411243,0.13228102,421.0324,0.48627454,0.0,2023-07-26 06:22:53.389010176,VNM,Vietnam,False
2023-07-26,19.138681,105.46352,18.43712,0.43958402,418.61554,0.48844278,0.0,2023-07-26 06:22:53.588003072,VNM,Vietnam,False
2023-07-26,19.130835,105.45643,18.431133,0.32560894,420.9887,0.4730995,0.0,2023-07-26 06:22:53.614999808,VNM,Vietnam,False
2023-07-26,19.12303,105.44925,18.425066,0.21160187,419.94257,0.49472663,0.0,2023-07-26 06:22:53.641996032,VNM,Vietnam,False
2023-07-26,19.115343,105.442055,18.418976,0.099410035,421.02844,0.49522096,0.0,2023-07-26 06:22:53.668992512,VNM,Vietnam,False
2023-07-26,19.107681,105.43477,18.412807,0.027406937,419.2808,0.48130897,0.0,2023-07-26 06:22:53.695988992,VNM,Vietnam,False
2023-07-26,19.100065,105.42743,18.406582,0.13240513,419.64444,0.46524656,0.0,2023-07-26 06:22:53.723025664,VNM,Vietnam,False
2023-07-26,19.092487,105.42003,18.400295,0.24509454,420.6123,0.48987353,0.0,2023-07-26 06:22:53.749016320,VNM,Vietnam,False
2023-07-26,19.15101,105.451706,18.426487,0.32568344,418.1282,0.4503245,0.0,2023-07-26 06:22:53.948009216,VNM,Vietnam,False
2023-07-26,19.127834,105.430084,18.408165,0.027953962,419.41464,0.48252127,0.0,2023-07-26 06:22:54.028998656,VNM,Vietnam,False
2023-07-26,19.112627,105.41536,18.395658,0.24514751,418.90482,0.47710994,0.0,2023-07-26 06:22:54.082991616,VNM,Vietnam,False
2023-07-26,19.140324,105.41818,18.397429,0.13213377,421.15405,0.4722298,0.0,2023-07-26 06:22:54.389004800,VNM,Vietnam,False
2023-07-26,19.132727,105.41081,18.391163,0.244719,419.38596,0.4811023,0.0,2023-07-26 06:22:54.416001024,VNM,Vietnam,False
2023-07-26,19.207033,105.4565,18.429327,0.5537784,418.6859,0.46469092,0.0,2023-07-26 06:22:54.562007296,VNM,Vietnam,False
2023-07-26,19.19128,105.44251,18.417496,0.3264023,418.9728,0.48132256,0.0,2023-07-26 06:22:54.614994176,VNM,Vietnam,False
2023-07-26,19.160408,105.4137,18.393024,0.13135538,419.96198,0.48830298,0.0,2023-07-26 06:22:54.723020032,VNM,Vietnam,False
2023-07-26,19.152803,105.40634,18.38676,0.2440066,420.8724,0.5057461,0.0,2023-07-26 06:22:54.749010688,VNM,Vietnam,False
2023-07-26,19.22716,105.451965,18.424936,0.5543442,418.98737,0.51989526,0.0,2023-07-26 06:22:54.895016960,VNM,Vietnam,False
2023-07-26,19.21927,105.44504,18.419071,0.44089657,419.2749,0.44363537,0.0,2023-07-26 06:22:54.921007360,VNM,Vietnam,False
2023-07-26,19.211393,105.437996,18.413107,0.3269498,419.1787,0.42812708,0.0,2023-07-26 06:22:54.948003840,VNM,Vietnam,False
2023-07-26,19.203554,105.43087,18.40706,0.21294607,418.8836,0.43714666,0.0,2023-07-26 06:22:54.975000320,VNM,Vietnam,False
2023-07-26,19.195835,105.42373,18.400995,0.100637056,419.4058,0.46528795,0.0,2023-07-26 06:22:55.001996800,VNM,Vietnam,False
2023-07-26,19.18814,105.416504,18.394848,0.025392918,419.16074,0.44779944,0.0,2023-07-26 06:22:55.028993024,VNM,Vietnam,False
2023-07-26,19.172882,105.40187,18.38238,0.24328233,418.08853,0.50071687,0.0,2023-07-26 06:22:55.083026432,VNM,Vietnam,False
2023-07-26,19.247282,105.44742,18.42056,0.554877,418.59772,0.4450112,0.0,2023-07-26 06:22:55.228026368,VNM,Vietnam,False
2023-07-26,19.2315,105.43346,18.408722,0.32736203,417.63736,0.49182177,0.0,2023-07-26 06:22:55.282019328,VNM,Vietnam,False
2023-07-26,19.208221,105.41197,18.390448,0.02462352,418.37125,0.4468473,0.0,2023-07-26 06:22:55.363008768,VNM,Vietnam,False
2023-07-26,19.200563,105.40469,18.384237,0.13019775,419.5932,0.4660193,0.0,2023-07-26 06:22:55.388999168,VNM,Vietnam,False
2023-07-28,11.440414,108.89994,20.09687,15.929077,421.15445,0.5359668,0.0,2023-07-28 06:08:12.001998336,VNM,Vietnam,False
2023-07-28,15.696296,107.92562,18.10213,14.327366,420.01602,0.51357746,0.0,2023-07-28 06:09:28.001988352,VNM,Vietnam,False
2023-07-28,15.832398,107.871376,18.03102,14.408629,418.76865,0.41527689,0.0,2023-07-28 06:09:30.722995712,VNM,Vietnam,False
2023-07-28,15.871695,107.89358,18.044073,14.230097,417.59543,0.44346917,0.0,2023-07-28 06:09:30.975016192,VNM,Vietnam,False
2023-07-28,15.980803,107.83763,17.977133,14.357937,419.21115,0.52476776,0.0,2023-07-28 06:09:33.389004288,VNM,Vietnam,False
2023-07-28,15.973969,107.82855,17.970198,14.4183035,417.99786,0.5758652,0.0,2023-07-28 06:09:33.416000512,VNM,Vietnam,False
2023-07-28,16.4128,107.76673,17.850239,14.066789,418.23898,0.4064618,0.0,2023-07-28 06:09:40.641992448,VNM,Vietnam,False
2023-07-28,16.453392,107.78777,17.863201,13.900934,418.2145,0.39082763,0.0,2023-07-28 06:09:40.895018496,VNM,Vietnam,False
2023-07-28,16.431377,107.762405,17.84388,14.060788,417.54285,0.34676173,0.0,2023-07-28 06:09:40.975002112,VNM,Vietnam,False
2023-07-28,16.424196,107.753845,17.83732,14.116676,417.49902,0.41882876,0.0,2023-07-28 06:09:41.001998336,VNM,Vietnam,False
2023-07-28,16.4029,107.72769,17.817162,14.293025,417.82498,0.49936092,0.0,2023-07-28 06:09:41.082987776,VNM,Vietnam,False
2023-07-28,16.435612,107.740845,17.82429,14.168212,418.5252,0.43250135,0.0,2023-07-28 06:09:41.363010304,VNM,Vietnam,False
2023-07-28,16.458584,107.71473,17.798113,14.275633,415.9949,0.4850791,0.0,2023-07-28 06:09:42.083022592,VNM,Vietnam,False
2023-07-28,16.477179,107.71039,17.791775,14.270152,416.29794,0.34173682,0.0,2023-07-28 06:09:42.415992064,VNM,Vietnam,False
2023-08-04,10.515785,107.52261,20.07093,16.022932,419.28656,0.47390816,0.0,2023-08-04 06:14:00.389004288,VNM,Vietnam,False
2023-08-04,10.849471,107.481995,19.932898,15.71817,418.8057,0.4433528,0.0,2023-08-04 06:14:05.975013120,VNM,Vietnam,False
2023-08-11,9.479391,106.19994,20.189047,16.098372,414.83603,0.43350002,0.0,2023-08-11 06:19:42.055990528,VNM,Vietnam,False
2023-08-11,9.492013,106.1861,20.173454,16.151604,416.80536,0.3913739,0.0,2023-08-11 06:19:42.415996672,VNM,Vietnam,False
2023-08-11,9.685237,106.15442,20.09527,16.023945,416.24606,0.47587588,0.0,2023-08-11 06:19:45.722999296,VNM,Vietnam,False
2023-08-11,9.76036,106.2027,20.119005,15.6760645,418.65582,0.4822097,0.0,2023-08-11 06:19:46.228005632,VNM,Vietnam,False
2023-08-11,9.753949,106.19346,20.112442,15.728362,418.4246,0.47343972,0.0,2023-08-11 06:19:46.255002112,VNM,Vietnam,False
2023-08-11,9.747573,106.184105,20.105766,15.782299,418.09943,0.4675924,0.0,2023-08-11 06:19:46.281998336,VNM,Vietnam,False
2023-08-11,9.741253,106.17466,20.098995,15.837726,416.1766,0.5126832,0.0,2023-08-11 06:19:46.308994816,VNM,Vietnam,False
2023-08-11,9.735054,106.16523,20.092197,15.894042,418.0075,0.4856643,0.0,2023-08-11 06:19:46.335991296,VNM,Vietnam,False
2023-08-11,9.779193,106.19852,20.11056,15.669607,419.37595,0.47336555,0.0,2023-08-11 06:19:46.562021120,VNM,Vietnam,False
2023-08-11,9.766392,106.17994,20.097322,15.77582,418.847,0.47096503,0.0,2023-08-11 06:19:46.615008000,VNM,Vietnam,False
2023-08-11,9.760065,106.17051,20.090553,15.831236,418.6464,0.46348375,0.0,2023-08-11 06:19:46.642004480,VNM,Vietnam,False
2023-08-11,9.7538595,106.16108,20.083757,15.887542,418.4789,0.4520159,0.0,2023-08-11 06:19:46.669001216,VNM,Vietnam,False
2023-08-11,9.747696,106.151566,20.07687,15.94532,418.51398,0.46009701,0.0,2023-08-11 06:19:46.695997440,VNM,Vietnam,True
2023-08-11,9.741592,106.142006,20.06992,16.004353,420.04684,0.48323312,0.0,2023-08-11 06:19:46.722993920,VNM,Vietnam,False
2023-08-11,9.798016,106.194336,20.102127,15.6631565,417.75812,0.4683936,0.0,2023-08-11 06:19:46.894990336,VNM,Vietnam,False
2023-08-11,9.791589,106.18511,20.095564,15.71544,419.15622,0.47885782,0.0,2023-08-11 06:19:46.921021440,VNM,Vietnam,False
2023-08-11,9.785191,106.17578,20.088905,15.769351,419.11487,0.46487737,0.0,2023-08-11 06:19:46.948017920,VNM,Vietnam,False
2023-08-11,9.778857,106.166336,20.082123,15.824779,418.0557,0.43189865,0.0,2023-08-11 06:19:46.975014144,VNM,Vietnam,False
2023-08-11,9.766469,106.14741,20.068441,15.938864,418.3475,0.4385698,0.0,2023-08-11 06:19:47.029006848,VNM,Vietnam,False
2023-08-11,9.760354,106.13785,20.061491,15.997896,419.10413,0.43022013,0.0,2023-08-11 06:19:47.056003584,VNM,Vietnam,False
2023-08-11,9.810375,106.18092,20.087147,15.709023,418.78522,0.4648609,0.0,2023-08-11 06:19:47.254996480,VNM,Vietnam,False
2023-08-11,9.803976,106.171585,20.08047,15.762946,419.3651,0.46437642,0.0,2023-08-11 06:19:47.281992960,VNM,Vietnam,False
2023-08-11,9.797632,106.16216,20.073702,15.818354,418.98853,0.45165753,0.0,2023-08-11 06:19:47.308989440,VNM,Vietnam,False
2023-08-11,9.7914095,106.15275,20.066908,15.874652,419.7607,0.45817977,0.0,2023-08-11 06:19:47.335985920,VNM,Vietnam,True
2023-08-11,9.785229,106.14325,20.060024,15.932425,419.38693,0.4404373,0.0,2023-08-11 06:19:47.363022592,VNM,Vietnam,False
2023-08-11,9.773037,106.12409,20.046066,16.051733,418.88535,0.39974806,0.0,2023-08-11 06:19:47.416009728,VNM,Vietnam,False
2023-08-11,9.8291645,106.17674,20.078741,15.702598,418.31436,0.47694516,0.0,2023-08-11 06:19:47.588006144,VNM,Vietnam,False
2023-08-11,9.822759,106.167404,20.072063,15.756513,418.5654,0.45090494,0.0,2023-08-11 06:19:47.615002624,VNM,Vietnam,False
2023-08-11,9.816407,106.15799,20.065298,15.811912,418.47086,0.4466275,0.0,2023-08-11 06:19:47.641999360,VNM,Vietnam,False
2023-08-11,9.810178,106.14858,20.058506,15.868203,419.32117,0.4598221,0.0,2023-08-11 06:19:47.668995584,VNM,Vietnam,False
2023-08-11,9.80399,106.139084,20.051622,15.925968,418.0915,0.4516034,0.0,2023-08-11 06:19:47.695992064,VNM,Vietnam,False
2023-08-11,9.797861,106.12954,20.044676,15.984987,417.88614,0.4778996,0.0,2023-08-11 06:19:47.722988288,VNM,Vietnam,True
2023-08-11,9.791785,106.11994,20.037663,16.04527,418.77393,0.4953702,0.0,2023-08-11 06:19:47.749019136,VNM,Vietnam,True
2023-08-11,9.854372,106.181755,20.076902,15.643868,416.01245,0.49185076,0.0,2023-08-11 06:19:47.895025152,VNM,Vietnam,False
2023-08-11,9.847915,106.17254,20.070347,15.69612,417.80344,0.4561264,0.0,2023-08-11 06:19:47.921016064,VNM,Vietnam,False
2023-08-11,9.841488,106.16322,20.063684,15.750007,418.69476,0.45714903,0.0,2023-08-11 06:19:47.948012288,VNM,Vietnam,False
2023-08-11,9.835122,106.1538,20.056915,15.805401,418.4261,0.461473,0.0,2023-08-11 06:19:47.975008768,VNM,Vietnam,False
2023-08-11,9.8288765,106.1444,20.050125,15.86168,418.39105,0.44466862,0.0,2023-08-11 06:19:48.002004992,VNM,Vietnam,True
2023-08-11,9.822672,106.13491,20.043245,15.919436,418.69507,0.4130606,0.0,2023-08-11 06:19:48.029001728,VNM,Vietnam,True
2023-08-11,9.816526,106.12537,20.0363,15.978447,418.5843,0.44893208,0.0,2023-08-11 06:19:48.055998208,VNM,Vietnam,True
2023-08-11,9.810434,106.11577,20.02929,16.038723,418.88873,0.46626958,0.0,2023-08-11 06:19:48.082994432,VNM,Vietnam,True
2023-08-11,9.866587,106.16833,20.061981,15.689542,416.56097,0.52444875,0.0,2023-08-11 06:19:48.254991104,VNM,Vietnam,False
2023-08-11,9.860155,106.15901,20.055315,15.743436,418.8113,0.42550582,0.0,2023-08-11 06:19:48.282027776,VNM,Vietnam,False
2023-08-11,9.853781,106.149605,20.048553,15.798822,417.66815,0.45609513,0.0,2023-08-11 06:19:48.309024256,VNM,Vietnam,False
2023-08-11,9.847527,106.140205,20.041765,15.855103,415.9235,0.49213248,0.0,2023-08-11 06:19:48.336020736,VNM,Vietnam,False
2023-08-11,9.841316,106.13072,20.034885,15.912859,417.41257,0.47706994,0.0,2023-08-11 06:19:48.363016960,VNM,Vietnam,True
2023-08-11,9.835159,106.1212,20.027956,15.971856,418.09506,0.46954462,0.0,2023-08-11 06:19:48.389007872,VNM,Vietnam,False
2023-08-11,9.829063,106.111595,20.020933,16.032148,418.40497,0.48077375,0.0,2023-08-11 06:19:48.416004096,VNM,Vietnam,False
2023-08-11,9.87882,106.15481,20.046968,15.736842,416.17365,0.37805203,0.0,2023-08-11 06:19:48.614997504,VNM,Vietnam,True
2023-08-11,9.872438,106.14541,20.040209,15.792229,416.9886,0.51451725,0.0,2023-08-11 06:19:48.641993728,VNM,Vietnam,False
2023-08-11,9.8661785,106.13602,20.033422,15.848509,418.53558,0.46390507,0.0,2023-08-11 06:19:48.668990208,VNM,Vietnam,True
2023-08-11,9.85996,106.12654,20.026545,15.906265,417.83484,0.46848652,0.0,2023-08-11 06:19:48.695986432,VNM,Vietnam,False
2023-08-11,9.853801,106.11701,20.019602,15.965278,417.39957,0.49559003,0.0,2023-08-11 06:19:48.723023104,VNM,Vietnam,True
2023-08-11,9.847693,106.10743,20.012594,16.025557,418.99084,0.48945016,0.0,2023-08-11 06:19:48.749014016,VNM,Vietnam,True
2023-08-11,9.903901,106.159904,20.0453,15.676336,416.34314,0.51608175,0.0,2023-08-11 06:19:48.921010432,VNM,Vietnam,False
2023-08-11,9.897449,106.1506,20.038637,15.730232,418.5501,0.35469234,0.0,2023-08-11 06:19:48.948006912,VNM,Vietnam,True
2023-08-11,9.891052,106.141205,20.031878,15.785622,416.38745,0.46683723,0.0,2023-08-11 06:19:48.975003136,VNM,Vietnam,False
2023-08-11,9.884778,106.13182,20.025093,15.841907,416.21143,0.5304746,0.0,2023-08-11 06:19:49.001999872,VNM,Vietnam,False
2023-08-11,9.903342,106.1276,20.01678,15.835294,417.74966,0.48206744,0.0,2023-08-11 06:19:49.336015104,VNM,Vietnam,False
2023-08-11,9.8971,106.11814,20.009912,15.893056,417.95624,0.47283298,0.0,2023-08-11 06:19:49.363011840,VNM,Vietnam,False
2023-08-11,9.890922,106.10862,20.002966,15.952088,414.7907,0.5204538,0.0,2023-08-11 06:19:49.389002240,VNM,Vietnam,False
2023-08-11,9.909472,106.104416,19.994673,15.945475,418.74094,0.48147383,0.0,2023-08-11 06:19:49.723017728,VNM,Vietnam,False
2023-08-11,9.9033375,106.09485,19.987669,16.005775,418.42923,0.51040953,0.0,2023-08-11 06:19:49.749008384,VNM,Vietnam,False
2023-08-11,9.978486,106.14286,20.011934,15.651588,415.50156,0.56546766,0.0,2023-08-11 06:19:50.255020544,VNM,Vietnam,False
2023-08-11,9.946888,106.09586,19.977882,15.93453,418.73196,0.51801103,0.0,2023-08-11 06:19:50.388996864,VNM,Vietnam,False
2023-08-11,9.940752,106.0863,19.970871,15.99493,418.41214,0.5450323,0.0,2023-08-11 06:19:50.415993088,VNM,Vietnam,False
2023-08-11,9.997252,106.13854,20.003538,15.64628,416.29694,0.50976944,0.0,2023-08-11 06:19:50.587990016,VNM,Vietnam,False
2023-08-11,9.990608,106.09682,19.96807,15.864692,418.79004,0.43102658,0.0,2023-08-11 06:19:51.029025536,VNM,Vietnam,False
2023-08-11,9.984412,106.087326,19.961128,15.923808,418.03967,0.514657,0.0,2023-08-11 06:19:51.056022272,VNM,Vietnam,False
2023-08-11,9.978268,106.077774,19.95412,15.98419,416.09872,0.5375437,0.0,2023-08-11 06:19:51.083018496,VNM,Vietnam,False
2023-08-11,10.028419,106.1207,19.980145,15.689574,416.4137,0.42484546,0.0,2023-08-11 06:19:51.282011392,VNM,Vietnam,False
2023-08-11,9.997076,106.07353,19.945772,15.97876,418.05136,0.55878764,0.0,2023-08-11 06:19:51.415987968,VNM,Vietnam,False
2023-08-11,10.060273,106.13483,19.985008,15.57789,418.00967,0.47562715,0.0,2023-08-11 06:19:51.561993984,VNM,Vietnam,False
2023-08-11,10.053754,106.12568,19.978458,15.63022,417.968,0.44213906,0.0,2023-08-11 06:19:51.588024832,VNM,Vietnam,False
2023-08-11,10.047266,106.116425,19.971796,15.684194,417.75882,0.43210217,0.0,2023-08-11 06:19:51.615021312,VNM,Vietnam,False
2023-08-11,10.040833,106.10707,19.96504,15.739661,415.45734,0.4398665,0.0,2023-08-11 06:19:51.642017536,VNM,Vietnam,False
2023-08-11,10.034523,106.09773,19.958256,15.796022,417.4998,0.52037656,0.0,2023-08-11 06:19:51.669014016,VNM,Vietnam,False
2023-08-11,10.015882,106.069305,19.937447,15.973305,416.98914,0.55454725,0.0,2023-08-11 06:19:51.748997632,VNM,Vietnam,False
2023-08-11,10.072582,106.12143,19.970167,15.624478,418.9203,0.48873186,0.0,2023-08-11 06:19:51.920994304,VNM,Vietnam,True
2023-08-11,10.066081,106.11219,19.963514,15.67836,418.12015,0.42517272,0.0,2023-08-11 06:19:51.947990528,VNM,Vietnam,False
2023-08-11,10.059636,106.10285,19.956768,15.733735,415.58133,0.474121,0.0,2023-08-11 06:19:51.974987008,VNM,Vietnam,False
2023-08-11,10.053312,106.09353,19.949995,15.790006,418.5459,0.48070985,0.0,2023-08-11 06:19:52.002023680,VNM,Vietnam,False
2023-08-11,10.097903,106.12637,19.968502,15.565834,418.71725,0.49995634,0.0,2023-08-11 06:19:52.228013312,VNM,Vietnam,False
2023-08-11,10.084855,106.10801,19.955313,15.671934,416.80185,0.50516105,0.0,2023-08-11 06:19:52.282006272,VNM,Vietnam,False
2023-08-11,10.0784025,106.09869,19.948568,15.727301,415.6419,0.46544492,0.0,2023-08-11 06:19:52.309002752,VNM,Vietnam,False
2023-08-11,10.072072,106.08936,19.941797,15.783564,415.5486,0.5126227,0.0,2023-08-11 06:19:52.335998976,VNM,Vietnam,False
2023-08-11,10.065783,106.07996,19.934935,15.841303,417.65756,0.4778721,0.0,2023-08-11 06:19:52.362995456,VNM,Vietnam,False
2023-08-11,10.059551,106.0705,19.928009,15.9003,417.7136,0.5056083,0.0,2023-08-11 06:19:52.389026048,VNM,Vietnam,False
2023-08-11,10.053371,106.06099,19.921017,15.960565,417.88605,0.52935606,0.0,2023-08-11 06:19:52.416022784,VNM,Vietnam,False
2023-08-11,10.116692,106.122185,19.960314,15.559409,419.10727,0.44045028,0.0,2023-08-11 06:19:52.561988608,VNM,Vietnam,True
2023-08-11,10.110145,106.11307,19.953777,15.611628,417.96713,0.4167552,0.0,2023-08-11 06:19:52.588019456,VNM,Vietnam,False
2023-08-11,10.103629,106.103836,19.947128,15.665491,418.0237,0.39686155,0.0,2023-08-11 06:19:52.615015680,VNM,Vietnam,False
2023-08-11,10.09717,106.09451,19.940386,15.720849,418.46716,0.4361515,0.0,2023-08-11 06:19:52.642012160,VNM,Vietnam,False
2023-08-11,10.090832,106.085205,19.933617,15.777103,417.0885,0.47946578,0.0,2023-08-11 06:19:52.669008640,VNM,Vietnam,False
2023-08-11,10.084536,106.075806,19.926756,15.834835,418.09015,0.44756314,0.0,2023-08-11 06:19:52.696005120,VNM,Vietnam,False
2023-08-11,10.078297,106.06635,19.91983,15.893824,416.9639,0.5238214,0.0,2023-08-11 06:19:52.723001600,VNM,Vietnam,False
2023-08-11,10.135481,106.118,19.952139,15.552997,418.27588,0.4502232,0.0,2023-08-11 06:19:52.894998016,VNM,Vietnam,False
2023-08-11,10.128928,106.10888,19.945602,15.605214,417.39706,0.41845933,0.0,2023-08-11 06:19:52.920988672,VNM,Vietnam,False
2023-08-11,10.115935,106.090355,19.932226,15.714422,418.84512,0.39950424,0.0,2023-08-11 06:19:52.975021824,VNM,Vietnam,False
2023-08-11,10.109592,106.08105,19.925451,15.770684,417.8746,0.3433353,0.0,2023-08-11 06:19:53.002018560,VNM,Vietnam,False
2023-08-11,10.103291,106.07165,19.918585,15.8284235,418.70386,0.41742665,0.0,2023-08-11 06:19:53.029014784,VNM,Vietnam,False
2023-08-11,10.097045,106.0622,19.911661,15.887414,417.8187,0.40795317,0.0,2023-08-11 06:19:53.056011264,VNM,Vietnam,False
2023-08-11,10.090852,106.0527,19.90467,15.947673,416.9386,0.3713122,0.0,2023-08-11 06:19:53.083007488,VNM,Vietnam,False
2023-08-11,10.134709,106.086174,19.924057,15.708053,418.52737,0.4178949,0.0,2023-08-11 06:19:53.308997120,VNM,Vietnam,False
2023-08-11,10.128359,106.07687,19.917284,15.764305,417.28433,0.38035458,0.0,2023-08-11 06:19:53.335993600,VNM,Vietnam,False
2023-08-11,10.122048,106.06748,19.910425,15.82203,417.92188,0.43382856,0.0,2023-08-11 06:19:53.362989824,VNM,Vietnam,False
2023-08-11,10.115791,106.05806,19.903517,15.881,417.9626,0.44639966,0.0,2023-08-11 06:19:53.389020928,VNM,Vietnam,False
2023-08-11,10.109594,106.04855,19.896515,15.941265,417.5619,0.4259881,0.0,2023-08-11 06:19:53.416017408,VNM,Vietnam,False
2023-08-11,10.173067,106.109604,19.935823,15.5402775,417.48105,0.4784896,0.0,2023-08-11 06:19:53.562023424,VNM,Vietnam,False
2023-08-11,10.1534815,106.08201,19.915913,15.701658,417.38376,0.4605891,0.0,2023-08-11 06:19:53.642006784,VNM,Vietnam,False
2023-08-11,10.140806,106.063324,19.902285,15.81562,416.38345,0.46608555,0.0,2023-08-11 06:19:53.695999744,VNM,Vietnam,False
2023-08-11,10.134546,106.053894,19.895365,15.874596,418.26242,0.4109768,0.0,2023-08-11 06:19:53.722996224,VNM,Vietnam,False
2023-08-11,10.128338,106.0444,19.888378,15.93484,418.3789,0.3741112,0.0,2023-08-11 06:19:53.749027072,VNM,Vietnam,False
2023-08-11,10.172114,106.07789,19.907877,15.694301,415.68497,0.4995606,0.0,2023-08-11 06:19:53.975016704,VNM,Vietnam,False
2023-08-11,10.146852,106.04037,19.880419,15.926895,417.96155,0.4602208,0.0,2023-08-11 06:19:54.083002112,VNM,Vietnam,False
2023-08-11,10.197127,106.08312,19.906681,15.630814,414.03882,0.5618166,0.0,2023-08-11 06:19:54.281995264,VNM,Vietnam,False
2023-08-11,10.184215,106.064575,19.893215,15.742105,411.3943,0.5421992,0.0,2023-08-11 06:19:54.335987968,VNM,Vietnam,False
2023-08-11,10.171563,106.045815,19.879477,15.8585205,414.24457,0.47864535,0.0,2023-08-11 06:19:54.389015552,VNM,Vietnam,False
2023-08-11,10.1653185,106.03635,19.872509,15.918633,417.46698,0.40381667,0.0,2023-08-11 06:19:54.416011776,VNM,Vietnam,False
2023-08-11,10.202703,106.06054,19.885317,15.733805,417.89212,0.41364238,0.0,2023-08-11 06:19:54.668997888,VNM,Vietnam,False
2023-08-11,10.196342,106.05119,19.87848,15.7913885,416.5747,0.47587967,0.0,2023-08-11 06:19:54.695994368,VNM,Vietnam,False
2023-08-11,10.190039,106.04179,19.871582,15.850235,417.29202,0.4873927,0.0,2023-08-11 06:19:54.722990848,VNM,Vietnam,False
2023-08-11,10.183785,106.03233,19.864622,15.910349,417.1811,0.47293425,0.0,2023-08-11 06:19:54.749021440,VNM,Vietnam,False
2023-08-11,10.227742,106.06563,19.884012,15.670951,417.1786,0.4218333,0.0,2023-08-11 06:19:54.975011072,VNM,Vietnam,False
2023-08-11,10.221355,106.05636,19.877243,15.727303,416.4926,0.4854105,0.0,2023-08-11 06:19:55.002007552,VNM,Vietnam,False
2023-08-11,10.215009,106.04699,19.870382,15.785133,416.93216,0.5145392,0.0,2023-08-11 06:19:55.029003776,VNM,Vietnam,False
2023-08-11,10.20872,106.037575,19.863459,15.844223,417.50708,0.4845932,0.0,2023-08-11 06:19:55.056000256,VNM,Vietnam,False
2023-08-11,10.202482,106.0281,19.856468,15.904582,417.7599,0.4748671,0.0,2023-08-11 06:19:55.082996736,VNM,Vietnam,False
2023-08-11,10.259599,106.0798,19.889215,15.556287,417.94345,0.4488567,0.0,2023-08-11 06:19:55.254993408,VNM,Vietnam,False
2023-08-11,10.221224,106.02383,19.848284,15.899299,416.8997,0.5429825,0.0,2023-08-11 06:19:55.416006656,VNM,Vietnam,False
2023-08-11,10.284994,106.08456,19.887566,15.4987335,415.7079,0.47552124,0.0,2023-08-11 06:19:55.562012416,VNM,Vietnam,False
2023-08-11,10.271808,106.06631,19.874388,15.604968,417.13132,0.46120685,0.0,2023-08-11 06:19:55.614999552,VNM,Vietnam,False
2023-08-11,10.265285,106.05704,19.867647,15.660409,416.64185,0.47990313,0.0,2023-08-11 06:19:55.641996032,VNM,Vietnam,False
2023-08-11,10.30376,106.08026,19.879429,15.4932165,417.20212,0.41241822,0.0,2023-08-11 06:19:55.895022080,VNM,Vietnam,False
2023-08-11,10.290542,106.062035,19.866266,15.599301,415.08066,0.4761034,0.0,2023-08-11 06:19:55.948009216,VNM,Vietnam,False
2023-08-11,10.277586,106.043526,19.85278,15.710935,418.07623,0.38973686,0.0,2023-08-11 06:19:56.002001920,VNM,Vietnam,False
2023-08-11,10.271209,106.03419,19.84593,15.768683,418.0966,0.41082636,0.0,2023-08-11 06:19:56.028998400,VNM,Vietnam,False
2023-08-11,10.322449,106.07602,19.871374,15.487035,418.56607,0.40196332,0.0,2023-08-11 06:19:56.227991552,VNM,Vietnam,False
2023-08-11,10.309217,106.05781,19.858215,15.593119,418.73157,0.4029782,0.0,2023-08-11 06:19:56.282024704,VNM,Vietnam,False
2023-08-11,10.302671,106.04855,19.851486,15.648485,417.55624,0.402892,0.0,2023-08-11 06:19:56.309020928,VNM,Vietnam,False
2023-08-11,10.283538,106.02059,19.830975,15.82151,418.32053,0.46264187,0.0,2023-08-11 06:19:56.389004800,VNM,Vietnam,False
2023-08-11,10.277263,106.011154,19.823997,15.881791,417.75037,0.5030529,0.0,2023-08-11 06:19:56.416001024,VNM,Vietnam,False
2023-08-11,10.341138,106.07178,19.863337,15.480837,417.0379,0.59241265,0.0,2023-08-11 06:19:56.562007040,VNM,Vietnam,False
2023-08-11,10.3345,106.06274,19.856815,15.533053,416.8663,0.47686166,0.0,2023-08-11 06:19:56.587997696,VNM,Vietnam,False
2023-08-11,10.327893,106.05358,19.850182,15.58692,417.65488,0.437017,0.0,2023-08-11 06:19:56.614994176,VNM,Vietnam,False
2023-08-11,10.295903,106.00696,19.815971,15.875593,418.44696,0.44541284,0.0,2023-08-11 06:19:56.749010688,VNM,Vietnam,False
2023-08-11,10.346603,106.04935,19.842146,15.580876,417.52936,0.5789794,0.0,2023-08-11 06:19:56.948003840,VNM,Vietnam,False
2023-08-11,10.333615,106.03088,19.82867,15.692557,417.90903,0.33764583,0.0,2023-08-11 06:19:57.001996544,VNM,Vietnam,False
2023-08-11,10.327227,106.02155,19.821814,15.750341,417.94574,0.46856642,0.0,2023-08-11 06:19:57.028993024,VNM,Vietnam,False
2023-08-11,10.35236,106.02664,19.820623,15.686721,413.05066,0.5399174,0.0,2023-08-11 06:19:57.336012032,VNM,Vietnam,False
2023-08-11,10.377137,105.999504,19.790796,15.792249,414.25363,0.45853168,0.0,2023-08-11 06:19:58.056024320,VNM,Vietnam,False
2023-08-11,10.370837,105.9901,19.783829,15.852578,413.85812,0.5588641,0.0,2023-08-11 06:19:58.083020800,VNM,Vietnam,False
2023-08-11,10.4350395,106.05045,19.823137,15.452234,413.48068,0.5608028,0.0,2023-08-11 06:19:58.228020992,VNM,Vietnam,False
2023-08-11,10.421749,106.03232,19.80998,15.5584135,418.2466,0.4694806,0.0,2023-08-11 06:19:58.282013952,VNM,Vietnam,False
2023-08-11,10.415174,106.0231,19.803251,15.613829,416.91678,0.5046527,0.0,2023-08-11 06:19:58.309010176,VNM,Vietnam,False
2023-08-11,10.402306,106.00459,19.789652,15.727941,416.45346,0.49346614,0.0,2023-08-11 06:19:58.363003136,VNM,Vietnam,False
2023-08-11,10.395948,105.99525,19.782742,15.786998,417.44992,0.58957833,0.0,2023-08-11 06:19:58.388993792,VNM,Vietnam,False
2023-08-11,10.389643,105.98584,19.775766,15.847326,414.9583,0.56513244,0.0,2023-08-11 06:19:58.415990016,VNM,Vietnam,False
2023-08-11,10.440589,106.02803,19.801935,15.553189,418.74484,0.5077323,0.0,2023-08-11 06:19:58.615023616,VNM,Vietnam,False
2023-08-11,10.434007,106.01882,19.795208,15.608593,418.77118,0.4941237,0.0,2023-08-11 06:19:58.642020096,VNM,Vietnam,False
2023-08-11,10.427545,106.00962,19.788456,15.664897,415.8824,0.5798517,0.0,2023-08-11 06:19:58.669016320,VNM,Vietnam,False
2023-08-11,10.41476,105.99099,19.774704,15.781729,417.97763,0.55191565,0.0,2023-08-11 06:19:58.723009024,VNM,Vietnam,False
2023-08-11,10.408446,105.98159,19.76773,15.842047,418.49734,0.5684078,0.0,2023-08-11 06:19:58.748999936,VNM,Vietnam,False
2023-08-11,10.452769,106.01467,19.78732,15.602052,418.789,0.47925857,0.0,2023-08-11 06:19:58.974989312,VNM,Vietnam,False
2023-08-11,10.446289,106.0055,19.78059,15.658143,418.6443,0.5035761,0.0,2023-08-11 06:19:59.001985792,VNM,Vietnam,False
2023-08-11,10.43985,105.99623,19.77377,15.715718,417.13412,0.51099694,0.0,2023-08-11 06:19:59.029022464,VNM,Vietnam,False
2023-08-11,10.433467,105.986916,19.766884,15.774557,419.36432,0.5163403,0.0,2023-08-11 06:19:59.056018944,VNM,Vietnam,True
2023-08-11,10.427135,105.97754,19.759933,15.83467,418.3569,0.5309331,0.0,2023-08-11 06:19:59.083015424,VNM,Vietnam,False
2023-08-11,10.471465,106.01064,19.779577,15.59426,418.51514,0.6072733,0.0,2023-08-11 06:19:59.309004800,VNM,Vietnam,False
2023-08-11,10.458531,105.99222,19.76603,15.707916,418.24393,0.500709,0.0,2023-08-11 06:19:59.362997760,VNM,Vietnam,False
2023-08-11,10.452142,105.98291,19.759148,15.76675,420.36713,0.5282117,0.0,2023-08-11 06:19:59.388988160,VNM,Vietnam,True
2023-08-11,10.445803,105.97354,19.752197,15.8268585,417.28522,0.5591917,0.0,2023-08-11 06:19:59.416024832,VNM,Vietnam,False
2023-08-11,10.507892,105.97097,19.736187,15.741914,414.05753,0.65752006,0.0,2023-08-11 06:20:00.389022976,VNM,Vietnam,False
2023-08-11,10.520034,105.95768,19.72166,15.793359,414.76355,0.4134363,0.0,2023-08-11 06:20:00.748989184,VNM,Vietnam,False
2023-08-11,10.551479,105.97217,19.727713,15.6675005,417.5791,0.54663235,0.0,2023-08-11 06:20:01.029011712,VNM,Vietnam,False
2023-08-11,10.545054,105.96288,19.720823,15.726476,418.65967,0.5254124,0.0,2023-08-11 06:20:01.056008192,VNM,Vietnam,False
2023-08-11,10.538681,105.95353,19.71387,15.786726,417.43198,0.523955,0.0,2023-08-11 06:20:01.083004416,VNM,Vietnam,False
2023-08-11,10.603267,106.01351,19.753277,15.386029,417.9415,0.6317547,0.0,2023-08-11 06:20:01.228004608,VNM,Vietnam,False
2023-08-11,10.583177,105.986374,19.733475,15.547303,416.10263,0.6312229,0.0,2023-08-11 06:20:01.308994048,VNM,Vietnam,False
2023-08-11,10.576654,105.97722,19.726725,15.603541,418.40936,0.46859425,0.0,2023-08-11 06:20:01.335990528,VNM,Vietnam,False
2023-08-11,10.570166,105.96799,19.7199,15.661248,418.53928,0.4413984,0.0,2023-08-11 06:20:01.363027200,VNM,Vietnam,True
2023-08-11,10.563734,105.9587,19.713015,15.720219,418.7467,0.49643636,0.0,2023-08-11 06:20:01.389017600,VNM,Vietnam,False
2023-08-11,10.55735,105.94937,19.706068,15.780457,418.08176,0.57118136,0.0,2023-08-11 06:20:01.416014080,VNM,Vietnam,False
2023-08-11,10.6219845,106.00931,19.745491,15.3797655,417.751,0.5403482,0.0,2023-08-11 06:20:01.562020352,VNM,Vietnam,True
2023-08-11,10.615251,106.00035,19.738974,15.431938,416.02515,0.60851943,0.0,2023-08-11 06:20:01.588010752,VNM,Vietnam,True
2023-08-11,10.595346,105.97304,19.718937,15.597267,417.8147,0.527465,0.0,2023-08-11 06:20:01.669000192,VNM,Vietnam,False
2023-08-11,10.588852,105.963806,19.71211,15.654973,418.0301,0.4316934,0.0,2023-08-11 06:20:01.695996416,VNM,Vietnam,False
2023-08-11,10.582414,105.95453,19.705221,15.713945,418.7182,0.50825775,0.0,2023-08-11 06:20:01.722992896,VNM,Vietnam,False
2023-08-11,10.576025,105.94519,19.698269,15.774188,418.34924,0.46962142,0.0,2023-08-11 06:20:01.749024000,VNM,Vietnam,False
2023-08-11,10.613958,105.96891,19.711239,15.590133,417.6447,0.5334682,0.0,2023-08-11 06:20:02.002009856,VNM,Vietnam,False
2023-08-11,10.607444,105.95971,19.704432,15.647718,418.3585,0.5062399,0.0,2023-08-11 06:20:02.029006336,VNM,Vietnam,False
2023-08-11,10.600986,105.95045,19.69756,15.706573,416.35904,0.562033,0.0,2023-08-11 06:20:02.056002560,VNM,Vietnam,False
2023-08-11,10.594579,105.941124,19.690622,15.766704,417.58878,0.5627743,0.0,2023-08-11 06:20:02.082999040,VNM,Vietnam,False
2023-08-11,10.659253,106.00102,19.730112,15.365355,415.5485,0.54094017,0.0,2023-08-11 06:20:02.227999232,VNM,Vietnam,True
2023-08-11,10.62598,105.95567,19.69685,15.639945,415.9241,0.5605395,0.0,2023-08-11 06:20:02.363021568,VNM,Vietnam,False
2023-08-11,10.619523,105.946396,19.689955,15.698829,417.58002,0.52107114,0.0,2023-08-11 06:20:02.389012224,VNM,Vietnam,False
2023-08-11,10.613109,105.93708,19.683018,15.758964,418.59558,0.49167955,0.0,2023-08-11 06:20:02.416008704,VNM,Vietnam,False
2023-08-11,10.677833,105.99693,19.722513,15.357574,416.94003,0.3860552,0.0,2023-08-11 06:20:02.562014720,VNM,Vietnam,True
2023-08-11,10.664318,105.979004,19.709438,15.463308,416.90335,0.39004418,0.0,2023-08-11 06:20:02.615001600,VNM,Vietnam,False
2023-08-11,10.696418,105.99278,19.71487,15.350359,418.441,0.4793278,0.0,2023-08-11 06:20:02.895024384,VNM,Vietnam,False
2023-08-11,10.668734,105.92454,19.659887,15.739615,417.092,0.49230948,0.0,2023-08-11 06:20:03.416003328,VNM,Vietnam,False
2023-08-11,10.720064,105.96622,19.686195,15.445132,415.3531,0.5834775,0.0,2023-08-11 06:20:03.614996480,VNM,Vietnam,False
2023-08-11,10.752223,105.979836,19.691544,15.333291,417.06818,0.56635195,0.0,2023-08-11 06:20:03.895019008,VNM,Vietnam,True
2023-08-11,10.745427,105.97094,19.685051,15.385504,415.45422,0.5490548,0.0,2023-08-11 06:20:03.921009664,VNM,Vietnam,False
2023-08-11,10.738659,105.96193,19.678448,15.439374,417.75946,0.5405357,0.0,2023-08-11 06:20:03.948006144,VNM,Vietnam,True
2023-08-11,10.731944,105.952835,19.671751,15.494752,417.5502,0.56707525,0.0,2023-08-11 06:20:03.975002624,VNM,Vietnam,True
2023-08-11,10.770844,105.97555,19.68382,15.327405,418.7263,0.48720717,0.0,2023-08-11 06:20:04.227988480,VNM,Vietnam,True
2023-08-11,10.724423,105.91179,19.636677,15.722317,414.43817,0.5777696,0.0,2023-08-11 06:20:04.415997952,VNM,Vietnam,False
2023-08-11,10.789467,105.97126,19.676115,15.321504,417.27805,0.5791417,0.0,2023-08-11 06:20:04.562003968,VNM,Vietnam,False
2023-08-11,10.775875,105.95339,19.663025,15.427604,416.31512,0.629676,0.0,2023-08-11 06:20:04.614990848,VNM,Vietnam,True
2023-08-11,10.769146,105.944305,19.65633,15.482991,417.3469,0.5600486,0.0,2023-08-11 06:20:04.641987328,VNM,Vietnam,False
2023-08-11,10.77463,105.921715,19.63501,15.592188,417.31335,0.6039648,0.0,2023-08-11 06:20:05.028989696,VNM,Vietnam,False
2023-08-11,10.82685,105.962524,19.660551,15.311612,416.67236,0.40394664,0.0,2023-08-11 06:20:05.228023296,VNM,Vietnam,True
2023-08-11,10.845582,105.958115,19.652735,15.307205,417.64798,0.5057097,0.0,2023-08-11 06:20:05.561998336,VNM,Vietnam,False
2023-08-11,10.831965,105.94026,19.63963,15.413543,418.02307,0.6093445,0.0,2023-08-11 06:20:05.615025664,VNM,Vietnam,True
2023-08-11,10.818603,105.92211,19.6262,15.525462,415.5294,0.5179687,0.0,2023-08-11 06:20:05.669018624,VNM,Vietnam,False
2023-08-11,10.864327,105.95369,19.644924,15.302901,418.40262,0.42904288,0.0,2023-08-11 06:20:05.895008000,VNM,Vietnam,False
2023-08-11,10.857503,105.944824,19.638426,15.355273,418.40036,0.523624,0.0,2023-08-11 06:20:05.920998912,VNM,Vietnam,False
2023-08-11,10.850702,105.93585,19.631824,15.409294,416.96484,0.48234892,0.0,2023-08-11 06:20:05.947995136,VNM,Vietnam,False
2023-08-11,10.830751,105.908554,19.611559,15.579219,417.72867,0.5234775,0.0,2023-08-11 06:20:06.029024512,VNM,Vietnam,False
2023-08-11,10.817742,105.89008,19.597723,15.698892,417.81717,0.56972086,0.0,2023-08-11 06:20:06.083017472,VNM,Vietnam,False
2023-08-20,10.525678,108.95453,21.236343,0.061091788,420.13654,0.43565837,0.0,2023-08-20 06:14:02.669016064,VNM,Vietnam,False
2023-08-20,10.518362,108.94707,21.230131,0.05433815,420.24103,0.44414225,0.0,2023-08-20 06:14:02.696012544,VNM,Vietnam,False
2023-08-20,10.538497,108.94267,21.224586,0.054428756,418.72705,0.39682627,0.0,2023-08-20 06:14:03.029022208,VNM,Vietnam,False
2023-08-29,11.204458,108.63485,20.177732,15.808894,418.61276,0.53660005,0.0,2023-08-29 06:08:17.615003648,VNM,Vietnam,False
2023-08-29,11.214056,108.624596,20.169683,15.863264,418.95416,0.41680878,0.0,2023-08-29 06:08:17.975009792,VNM,Vietnam,False
2023-08-29,11.205099,108.618546,20.163376,15.919974,417.89484,0.3684077,0.0,2023-08-29 06:08:18.002006016,VNM,Vietnam,False
2023-08-29,11.196156,108.61241,20.156992,15.978141,418.9282,0.40039355,0.0,2023-08-29 06:08:18.029002752,VNM,Vietnam,False
2023-08-29,11.187246,108.60618,20.15051,16.037582,419.3303,0.44052634,0.0,2023-08-29 06:08:18.055998976,VNM,Vietnam,False
2023-08-29,11.205961,108.60197,20.148767,16.03605,419.10403,0.4991344,0.0,2023-08-29 06:08:18.389008640,VNM,Vietnam,False
2023-08-29,11.278774,108.63372,20.184685,15.697489,417.8014,0.5279358,0.0,2023-08-29 06:08:18.562011136,VNM,Vietnam,False
2023-08-29,11.251509,108.61609,20.16618,15.860235,418.2537,0.44839168,0.0,2023-08-29 06:08:18.641994496,VNM,Vietnam,False
2023-08-29,11.233593,108.60391,20.153458,15.975126,417.1997,0.43182704,0.0,2023-08-29 06:08:18.695987456,VNM,Vietnam,False
2023-08-29,11.224676,108.597755,20.147043,16.034498,417.47073,0.41152745,0.0,2023-08-29 06:08:18.723024128,VNM,Vietnam,False
2023-09-03,21.063747,103.41842,24.284538,0.3574859,416.60434,0.5998238,0.0,2023-09-03 06:29:36.615026432,VNM,Vietnam,False
2023-09-03,21.103203,103.41399,24.301981,0.5834511,416.2089,0.65535724,0.0,2023-09-03 06:29:36.895009024,VNM,Vietnam,False
2023-09-03,21.093468,103.41392,24.29706,0.4701705,416.59903,0.6027036,0.0,2023-09-03 06:29:36.920999424,VNM,Vietnam,False
2023-09-03,21.083746,103.413765,24.292082,0.35652202,416.12735,0.7054203,0.0,2023-09-03 06:29:36.947996160,VNM,Vietnam,False
2023-09-03,21.113464,103.40926,24.304617,0.46918955,417.394,0.67254144,0.0,2023-09-03 06:29:37.255015168,VNM,Vietnam,False
2023-09-03,21.08474,103.40298,24.286516,0.106770776,415.20645,0.6406547,0.0,2023-09-03 06:29:37.723006976,VNM,Vietnam,False
2023-09-03,21.16331,103.39989,24.324675,0.58148205,414.9564,0.56302834,0.0,2023-09-03 06:29:37.895003648,VNM,Vietnam,False
2023-09-03,21.153566,103.39983,24.319742,0.46829656,418.01752,0.5553377,0.0,2023-09-03 06:29:37.920994304,VNM,Vietnam,False
2023-09-03,21.143864,103.3997,24.314772,0.35478052,418.19162,0.61608136,0.0,2023-09-03 06:29:37.947990528,VNM,Vietnam,False
2023-09-03,21.104858,103.398254,24.294079,0.106530786,417.3468,0.5449625,0.0,2023-09-03 06:29:38.056016384,VNM,Vietnam,False
2023-09-03,21.095144,103.397675,24.288754,0.21725963,416.46533,0.55333304,0.0,2023-09-03 06:29:38.083013120,VNM,Vietnam,False
2023-09-03,21.16398,103.394936,24.322344,0.35492378,415.2112,0.4676967,0.0,2023-09-03 06:29:38.282006016,VNM,Vietnam,False
2023-09-03,21.154177,103.394714,24.317245,0.2414163,416.5647,0.54142606,0.0,2023-09-03 06:29:38.309002496,VNM,Vietnam,False
2023-09-03,21.14446,103.39441,24.312126,0.13005275,418.1414,0.5506066,0.0,2023-09-03 06:29:38.335998976,VNM,Vietnam,False
2023-09-03,21.203562,103.39033,24.339842,0.58181334,415.67783,0.5698533,0.0,2023-09-03 06:29:38.561988352,VNM,Vietnam,False
2023-09-03,21.164568,103.38967,24.31972,0.13008685,412.83658,0.67494667,0.0,2023-09-03 06:29:38.669008640,VNM,Vietnam,False
2023-09-03,21.145075,103.38882,24.309254,0.10626949,417.59406,0.54637295,0.0,2023-09-03 06:29:38.723001600,VNM,Vietnam,False
2023-09-03,21.223663,103.38559,24.347471,0.581597,414.7032,0.47924238,0.0,2023-09-03 06:29:38.894998016,VNM,Vietnam,False
2023-09-03,21.21392,103.38557,24.342546,0.46837282,416.1404,0.51512736,0.0,2023-09-03 06:29:38.920988672,VNM,Vietnam,False
2023-09-03,21.24374,103.38086,24.355108,0.5813027,415.18994,0.48635247,0.0,2023-09-03 06:29:39.228007680,VNM,Vietnam,False
2023-09-03,21.214426,103.38056,24.340094,0.24094568,417.66803,0.5058356,0.0,2023-09-03 06:29:39.308997120,VNM,Vietnam,False
2023-09-03,21.204706,103.38029,24.334978,0.12959751,417.4271,0.5166323,0.0,2023-09-03 06:29:39.335993600,VNM,Vietnam,False
2023-09-03,21.185213,103.37947,24.324518,0.1070016,416.82922,0.5340681,0.0,2023-09-03 06:29:39.389020928,VNM,Vietnam,False
2023-09-03,21.175495,103.37893,24.319199,0.21777338,415.55774,0.5360941,0.0,2023-09-03 06:29:39.416017408,VNM,Vietnam,False
2023-09-03,21.263811,103.37614,24.362757,0.5810059,416.97156,0.4809473,0.0,2023-09-03 06:29:39.562023168,VNM,Vietnam,False
2023-09-03,21.25407,103.37614,24.357836,0.46779284,416.6334,0.48894963,0.0,2023-09-03 06:29:39.588013824,VNM,Vietnam,False
2023-09-03,21.244305,103.37604,24.352833,0.35419136,416.20123,0.45346764,0.0,2023-09-03 06:29:39.615010304,VNM,Vietnam,False
2023-09-03,21.234499,103.37584,24.347727,0.24068017,418.73798,0.44865704,0.0,2023-09-03 06:29:39.642006784,VNM,Vietnam,False
2023-09-03,21.215038,103.37518,24.337395,0.033644564,416.5089,0.5006008,0.0,2023-09-03 06:29:39.695999744,VNM,Vietnam,False
2023-09-03,21.205294,103.374725,24.33212,0.10707202,416.8617,0.5200752,0.0,2023-09-03 06:29:39.722995968,VNM,Vietnam,False
2023-09-03,21.195578,103.37418,24.326792,0.21786755,417.32916,0.56022996,0.0,2023-09-03 06:29:39.749026816,VNM,Vietnam,False
2023-09-03,21.264406,103.371124,24.36035,0.35407132,417.0867,0.47811493,0.0,2023-09-03 06:29:39.948019968,VNM,Vietnam,False
2023-09-03,21.2546,103.37094,24.355246,0.24048784,415.97354,0.41267383,0.0,2023-09-03 06:29:39.975016448,VNM,Vietnam,False
2023-09-03,21.244883,103.37067,24.350122,0.12895553,416.6682,0.47032857,0.0,2023-09-03 06:29:40.002012672,VNM,Vietnam,False
2023-09-03,21.23514,103.3703,24.344915,0.03215334,416.24023,0.47252214,0.0,2023-09-03 06:29:40.029009408,VNM,Vietnam,False
2023-09-03,21.225395,103.36985,24.339643,0.1066137,416.6501,0.49626425,0.0,2023-09-03 06:29:40.056005632,VNM,Vietnam,False
2023-09-03,21.215666,103.369316,24.334309,0.21766028,414.9743,0.5159371,0.0,2023-09-03 06:29:40.083002112,VNM,Vietnam,False
2023-09-03,21.304007,103.366295,24.37782,0.5808747,415.30832,0.4705093,0.0,2023-09-03 06:29:40.228002304,VNM,Vietnam,False
2023-09-03,21.2747,103.366035,24.36278,0.24031202,416.2002,0.44393465,0.0,2023-09-03 06:29:40.308991744,VNM,Vietnam,False
2023-09-03,21.264984,103.36577,24.357656,0.12860641,416.2975,0.4654682,0.0,2023-09-03 06:29:40.335987968,VNM,Vietnam,False
2023-09-03,21.25524,103.36542,24.352451,0.030696189,416.46368,0.46720392,0.0,2023-09-03 06:29:40.363024640,VNM,Vietnam,False
2023-09-03,21.245497,103.364975,24.34718,0.10617915,415.87778,0.4818072,0.0,2023-09-03 06:29:40.389015552,VNM,Vietnam,False
2023-09-03,21.235764,103.36445,24.341846,0.21745373,415.88766,0.4871261,0.0,2023-09-03 06:29:40.416011776,VNM,Vietnam,False
2023-09-03,21.304607,103.361305,24.375433,0.35386112,415.05164,0.45732677,0.0,2023-09-03 06:29:40.615004928,VNM,Vietnam,False
2023-09-03,21.285078,103.36091,24.36523,0.12828425,416.89328,0.49465922,0.0,2023-09-03 06:29:40.668997888,VNM,Vietnam,False
2023-09-03,21.275331,103.36058,24.360037,0.029644335,416.9369,0.46153608,0.0,2023-09-03 06:29:40.695994112,VNM,Vietnam,False
2023-09-03,21.265585,103.36017,24.354778,0.10603614,416.6746,0.47608316,0.0,2023-09-03 06:29:40.722990592,VNM,Vietnam,False
2023-09-03,21.255848,103.359665,24.349455,0.21749137,415.78403,0.49841,0.0,2023-09-03 06:29:40.749021440,VNM,Vietnam,False
2023-09-03,21.305143,103.3562,24.372923,0.12797458,415.49353,0.52007306,0.0,2023-09-03 06:29:41.002007552,VNM,Vietnam,False
2023-09-03,21.295397,103.35588,24.367731,0.029596083,416.32736,0.4984333,0.0,2023-09-03 06:29:41.029003776,VNM,Vietnam,False
2023-09-03,21.28565,103.35548,24.362473,0.10639049,416.23022,0.49965838,0.0,2023-09-03 06:29:41.056000256,VNM,Vietnam,False
2023-09-03,21.275915,103.35498,24.357151,0.21783906,415.3706,0.47758943,0.0,2023-09-03 06:29:41.082996736,VNM,Vietnam,False
2023-09-03,21.364223,103.35185,24.400728,0.58019036,414.7037,0.5005494,0.0,2023-09-03 06:29:41.227996928,VNM,Vietnam,False
2023-09-03,21.354492,103.35189,24.395817,0.4669098,415.91208,0.4984115,0.0,2023-09-03 06:29:41.254993408,VNM,Vietnam,False
2023-09-03,21.305716,103.350784,24.37018,0.10674654,415.5894,0.5150826,0.0,2023-09-03 06:29:41.389009920,VNM,Vietnam,False
2023-09-03,21.364803,103.34713,24.39855,0.3528842,415.89746,0.49070826,0.0,2023-09-03 06:29:41.614999552,VNM,Vietnam,False
2023-09-03,21.354998,103.34701,24.39347,0.23920953,415.54208,0.48351353,0.0,2023-09-03 06:29:41.641996032,VNM,Vietnam,False
2023-09-03,21.375092,103.342415,24.401318,0.23929952,416.0811,0.49996963,0.0,2023-09-03 06:29:41.975005696,VNM,Vietnam,False
2023-09-03,21.395187,103.337814,24.40918,0.23939954,414.48575,0.5062149,0.0,2023-09-03 06:29:42.309020928,VNM,Vietnam,False
2023-09-03,21.38547,103.33763,24.404081,0.12794246,414.90765,0.47052312,0.0,2023-09-03 06:29:42.336017664,VNM,Vietnam,False
2023-09-03,21.375725,103.33736,24.398903,0.032179344,416.56485,0.5292305,0.0,2023-09-03 06:29:42.363013888,VNM,Vietnam,False
2023-09-03,21.35626,103.33654,24.388355,0.21887805,416.03903,0.5358028,0.0,2023-09-03 06:29:42.416000768,VNM,Vietnam,False
2023-09-03,21.43488,103.333305,24.427128,0.46664125,414.36578,0.45790678,0.0,2023-09-03 06:29:42.587997696,VNM,Vietnam,False
2023-09-03,21.395824,103.33275,24.406763,0.03316703,416.174,0.5164144,0.0,2023-09-03 06:29:42.696023552,VNM,Vietnam,False
2023-09-03,21.386082,103.33239,24.401512,0.108153515,416.15155,0.5213452,0.0,2023-09-03 06:29:42.723020032,VNM,Vietnam,False
2023-09-03,21.37636,103.33194,24.396206,0.21899436,416.39948,0.54926,0.0,2023-09-03 06:29:42.749010688,VNM,Vietnam,False
2023-09-03,21.43539,103.32852,24.424871,0.23965275,414.85168,0.5132611,0.0,2023-09-03 06:29:42.975000064,VNM,Vietnam,False
2023-09-03,21.525053,103.31433,24.46338,0.5802481,413.64478,0.53578436,0.0,2023-09-03 06:29:43.895011072,VNM,Vietnam,False
2023-09-03,22.493195,103.07815,24.853918,0.15569206,415.55328,0.6038582,0.0,2023-09-03 06:30:00.669009920,VNM,Vietnam,False
2023-09-05,22.265831,104.25689,23.930042,18.540136,417.11713,0.53652287,0.0,2023-09-05 06:17:54.894994432,VNM,Vietnam,False
2023-09-05,22.401178,104.21606,23.991335,18.7697,418.26764,0.5463444,0.0,2023-09-05 06:17:57.975001856,VNM,Vietnam,False
2023-09-21,13.961615,108.132286,26.83211,0.5430726,418.12195,0.4825398,0.0,2023-09-21 06:15:13.895022848,VNM,Vietnam,False
2023-09-21,13.942143,108.13083,26.82209,0.31701615,417.85077,0.49312848,0.0,2023-09-21 06:15:13.948009984,VNM,Vietnam,False
2023-09-21,13.9330635,108.12369,26.813257,0.051009987,419.26627,0.45741293,0.0,2023-09-21 06:15:14.363014656,VNM,Vietnam,False
2023-09-21,13.933768,108.117096,26.809286,0.2576641,418.7801,0.53920263,0.0,2023-09-21 06:15:14.749011456,VNM,Vietnam,False
2023-09-21,14.062171,108.11046,26.865726,0.5426608,416.4948,0.5409579,0.0,2023-09-21 06:15:15.562002432,VNM,Vietnam,False
2023-09-21,14.052428,108.10981,26.86075,0.42984203,417.35052,0.5714807,0.0,2023-09-21 06:15:15.587992832,VNM,Vietnam,False
2023-09-21,14.042682,108.10907,26.8557,0.31691477,418.2341,0.6043535,0.0,2023-09-21 06:15:15.614989312,VNM,Vietnam,False
2023-09-21,14.072548,108.1052,26.867308,0.42952916,417.2588,0.5436509,0.0,2023-09-21 06:15:15.921002752,VNM,Vietnam,False
2023-09-21,14.062802,108.10446,26.862247,0.3165502,418.11987,0.5514504,0.0,2023-09-21 06:15:15.947998976,VNM,Vietnam,False
2023-09-21,14.053003,108.103615,26.857082,0.20432866,417.69583,0.5384212,0.0,2023-09-21 06:15:15.974995712,VNM,Vietnam,False
2023-09-21,14.043299,108.1027,26.851896,0.09758586,418.00934,0.5888233,0.0,2023-09-21 06:15:16.001991936,VNM,Vietnam,False
2023-09-21,14.073124,108.09902,26.863646,0.20387653,417.49985,0.61302793,0.0,2023-09-21 06:15:16.309010944,VNM,Vietnam,False
2023-09-21,14.063418,108.09811,26.858461,0.09685098,417.69287,0.5170497,0.0,2023-09-21 06:15:16.336007424,VNM,Vietnam,False
2023-09-21,14.053691,108.09711,26.853193,0.053124882,417.7511,0.51050353,0.0,2023-09-21 06:15:16.363003648,VNM,Vietnam,False
2023-09-21,14.202887,108.078926,26.912472,0.54037434,418.53003,0.47464794,0.0,2023-09-21 06:15:17.895001088,VNM,Vietnam,False
2023-09-21,14.213262,108.07397,26.914358,0.42763638,417.32413,0.47748643,0.0,2023-09-21 06:15:18.255007232,VNM,Vietnam,False
2023-09-21,14.203513,108.073296,26.909323,0.31478676,418.4015,0.45945084,0.0,2023-09-21 06:15:18.282003712,VNM,Vietnam,False
2023-09-21,14.223633,108.06894,26.916187,0.3148965,416.20123,0.5887597,0.0,2023-09-21 06:15:18.615013376,VNM,Vietnam,False
2023-09-21,14.21383,108.06816,26.911032,0.20298745,417.7803,0.42466992,0.0,2023-09-21 06:15:18.642009856,VNM,Vietnam,False
2023-09-21,14.243736,108.064354,26.922867,0.31442276,417.76645,0.55711627,0.0,2023-09-21 06:15:18.948023040,VNM,Vietnam,False
2023-09-21,14.233933,108.06358,26.917713,0.20243578,416.87732,0.6053002,0.0,2023-09-21 06:15:18.975019520,VNM,Vietnam,False
2023-09-21,14.224867,108.05624,26.908651,0.15223093,417.98135,0.5067126,0.0,2023-09-21 06:15:19.389018624,VNM,Vietnam,False
2023-09-21,14.283944,108.0552,26.936275,0.31351966,417.6149,0.53633595,0.0,2023-09-21 06:15:19.615008000,VNM,Vietnam,False
2023-09-21,14.274142,108.05447,26.93114,0.20145997,418.6316,0.59670585,0.0,2023-09-21 06:15:19.642004480,VNM,Vietnam,False
2023-09-21,14.2547035,108.05276,26.920748,0.056719933,417.9102,0.52331775,0.0,2023-09-21 06:15:19.695997184,VNM,Vietnam,False
2023-09-21,14.244977,108.05177,26.915442,0.15240736,417.42218,0.5194352,0.0,2023-09-21 06:15:19.722993664,VNM,Vietnam,False
2023-09-21,14.235273,108.05071,26.910078,0.26243567,416.95795,0.5569796,0.0,2023-09-21 06:15:19.749024512,VNM,Vietnam,False
2023-09-21,14.324832,108.04067,26.946846,0.097638115,418.60995,0.5717798,0.0,2023-09-21 06:15:20.668995328,VNM,Vietnam,False
2023-09-21,14.335333,108.03534,26.94852,0.059572734,418.73276,0.5606268,0.0,2023-09-21 06:15:21.029001472,VNM,Vietnam,False
2023-09-21,14.336136,108.02891,26.944778,0.2608791,419.65356,0.5450702,0.0,2023-09-21 06:15:21.416003840,VNM,Vietnam,False
2023-09-21,14.738005,107.943886,27.086563,0.043645162,416.89197,0.52723044,0.0,2023-09-21 06:15:27.695994112,VNM,Vietnam,False
2023-09-21,15.675013,107.73818,27.432945,0.104312904,420.35663,0.5322226,0.0,2023-09-21 06:15:43.002006528,VNM,Vietnam,False
2023-09-21,16.41885,107.57999,27.729279,0.55870587,417.51895,0.4594863,0.0,2023-09-21 06:15:54.561991936,VNM,Vietnam,False
2023-09-21,16.399319,107.58035,27.719416,0.3322717,417.6935,0.5103024,0.0,2023-09-21 06:15:54.615019264,VNM,Vietnam,False
2023-09-21,16.389523,107.58042,27.714378,0.21938543,416.3079,0.54967993,0.0,2023-09-21 06:15:54.642015744,VNM,Vietnam,False
2023-09-21,16.459143,107.57107,27.745659,0.5592658,414.60016,0.4294099,0.0,2023-09-21 06:15:55.228011264,VNM,Vietnam,False
2023-09-21,16.479294,107.56663,27.75388,0.5596074,416.37854,0.5462158,0.0,2023-09-21 06:15:55.562026752,VNM,Vietnam,False
2023-09-21,16.469559,107.56689,27.74901,0.4466731,416.66016,0.4449073,0.0,2023-09-21 06:15:55.588017408,VNM,Vietnam,False
2023-09-21,16.459774,107.567055,27.744041,0.33345744,416.16922,0.5051182,0.0,2023-09-21 06:15:55.615013888,VNM,Vietnam,False
2023-09-21,16.49941,107.56192,27.76188,0.5595017,416.84265,0.45569193,0.0,2023-09-21 06:15:55.894996224,VNM,Vietnam,False
2023-09-21,16.489672,107.562164,27.75699,0.4464904,416.22153,0.4122811,0.0,2023-09-21 06:15:55.921027072,VNM,Vietnam,False
2023-09-21,16.479885,107.562325,27.75201,0.3331847,416.33615,0.47994637,0.0,2023-09-21 06:15:55.948023552,VNM,Vietnam,False
2023-09-21,16.470087,107.56239,27.746954,0.22032617,415.2741,0.49078056,0.0,2023-09-21 06:15:55.975020032,VNM,Vietnam,False
2023-09-21,16.499996,107.557594,27.759993,0.33292538,416.88156,0.41371626,0.0,2023-09-21 06:15:56.281998592,VNM,Vietnam,False
2023-09-21,16.490198,107.55768,27.754936,0.2199567,416.8149,0.41303954,0.0,2023-09-21 06:15:56.308995328,VNM,Vietnam,False
2023-09-21,16.480488,107.55767,27.749859,0.11042607,415.59784,0.5105749,0.0,2023-09-21 06:15:56.335991552,VNM,Vietnam,False
2023-09-21,16.520107,107.55287,27.767992,0.33266753,415.60068,0.53290474,0.0,2023-09-21 06:15:56.615008256,VNM,Vietnam,False
2023-09-21,16.510303,107.55298,27.76295,0.21957803,415.14093,0.50099355,0.0,2023-09-21 06:15:56.642004992,VNM,Vietnam,False
2023-09-21,16.50059,107.553,27.757889,0.109820165,416.11462,0.40732998,0.0,2023-09-21 06:15:56.669001216,VNM,Vietnam,False
2023-09-21,16.549948,107.548195,27.781136,0.44545403,417.00858,0.46308678,0.0,2023-09-21 06:15:56.921021696,VNM,Vietnam,False
2023-09-21,16.56021,107.54392,27.784363,0.33138537,416.91556,0.44793442,0.0,2023-09-21 06:15:57.281993472,VNM,Vietnam,False
2023-09-21,16.550407,107.544044,27.779325,0.21839957,417.01306,0.41815898,0.0,2023-09-21 06:15:57.308989696,VNM,Vietnam,False
2023-09-21,16.540693,107.544075,27.774265,0.1089671,417.29547,0.40029275,0.0,2023-09-21 06:15:57.335986176,VNM,Vietnam,False
2023-09-21,16.530949,107.54403,27.769121,0.040883966,418.0873,0.44077623,0.0,2023-09-21 06:15:57.363022848,VNM,Vietnam,False
2023-09-21,16.541275,107.53947,27.772144,0.13281621,416.86945,0.42745817,0.0,2023-09-21 06:15:57.722988544,VNM,Vietnam,False
2023-09-21,16.571123,107.53519,27.785639,0.04309646,416.4894,0.41394374,0.0,2023-09-21 06:15:58.029001984,VNM,Vietnam,True
2023-09-21,20.605093,106.61747,29.648039,0.5897204,420.39297,0.46421078,0.0,2023-09-21 06:17:03.894989568,VNM,Vietnam,False
2023-09-21,20.615482,106.6143,29.653389,0.4758408,418.28824,0.47020993,0.0,2023-09-21 06:17:04.254995712,VNM,Vietnam,False
2023-09-21,20.61615,106.61267,29.653793,0.24946451,417.55026,0.44484952,0.0,2023-09-21 06:17:04.641998080,VNM,Vietnam,False
2023-09-21,20.59693,106.61554,29.643917,0.057523943,420.07208,0.48904195,0.0,2023-09-21 06:17:04.695991040,VNM,Vietnam,False
2023-09-21,20.665028,106.603065,29.678469,0.58623135,418.74277,0.49813724,0.0,2023-09-21 06:17:04.895024384,VNM,Vietnam,False
2023-09-21,20.616913,106.61096,29.654211,0.057941783,417.04858,0.4735484,0.0,2023-09-21 06:17:05.029000704,VNM,Vietnam,False
2023-09-21,20.685007,106.59846,29.68877,0.58496374,418.45276,0.45051852,0.0,2023-09-21 06:17:05.227993600,VNM,Vietnam,False
2023-09-21,20.67542,106.60021,29.684061,0.47220176,418.47235,0.48071927,0.0,2023-09-21 06:17:05.254990080,VNM,Vietnam,False
2023-09-21,20.66578,106.6019,29.679262,0.35931355,419.45938,0.4520147,0.0,2023-09-21 06:17:05.282026752,VNM,Vietnam,False
2023-09-21,20.617598,106.60895,29.654348,0.22109538,416.21164,0.534391,0.0,2023-09-21 06:17:05.416003328,VNM,Vietnam,False
2023-09-21,20.704987,106.59385,29.699081,0.5836981,417.20685,0.46434876,0.0,2023-09-21 06:17:05.562009344,VNM,Vietnam,False
2023-09-21,20.6954,106.59561,29.694374,0.4709624,417.77457,0.46696827,0.0,2023-09-21 06:17:05.587999744,VNM,Vietnam,False
2023-09-21,20.68576,106.5973,29.689575,0.35812014,417.96243,0.45820665,0.0,2023-09-21 06:17:05.614996224,VNM,Vietnam,False
2023-09-21,20.676098,106.59889,29.684702,0.24611698,418.41464,0.44666713,0.0,2023-09-21 06:17:05.641992448,VNM,Vietnam,False
2023-09-21,20.66651,106.600395,29.679808,0.13862734,418.85904,0.43251133,0.0,2023-09-21 06:17:05.668989184,VNM,Vietnam,False
2023-09-21,20.724974,106.589226,29.7094,0.58253545,416.98553,0.50301224,0.0,2023-09-21 06:17:05.895018752,VNM,Vietnam,False
2023-09-21,20.715391,106.590996,29.704693,0.46983266,417.32242,0.49465483,0.0,2023-09-21 06:17:05.921009664,VNM,Vietnam,True
2023-09-21,20.705753,106.59269,29.699894,0.35703444,417.95172,0.46214092,0.0,2023-09-21 06:17:05.948005888,VNM,Vietnam,False
2023-09-21,20.69609,106.59429,29.695023,0.24510713,418.52335,0.4651263,0.0,2023-09-21 06:17:05.975002368,VNM,Vietnam,False
2023-09-21,20.686504,106.595795,29.690128,0.13783354,418.07236,0.47304982,0.0,2023-09-21 06:17:06.001998848,VNM,Vietnam,False
2023-09-21,20.676878,106.59721,29.68515,0.05937855,417.9657,0.45283,0.0,2023-09-21 06:17:06.028995328,VNM,Vietnam,False
2023-09-21,20.706497,106.5912,29.700459,0.13705407,417.83276,0.42431352,0.0,2023-09-21 06:17:06.336014336,VNM,Vietnam,False
2023-09-21,20.696873,106.59263,29.695482,0.059894066,418.31024,0.43876463,0.0,2023-09-21 06:17:06.363010560,VNM,Vietnam,False
2023-09-21,20.687237,106.59396,29.690435,0.11962955,417.91693,0.44100863,0.0,2023-09-21 06:17:06.389001472,VNM,Vietnam,False
2023-09-21,20.677582,106.59522,29.685318,0.22525217,418.9065,0.5069672,0.0,2023-09-21 06:17:06.415997696,VNM,Vietnam,False
2023-09-21,20.764954,106.57998,29.730068,0.5802458,418.6672,0.50016433,0.0,2023-09-21 06:17:06.562003968,VNM,Vietnam,False
2023-09-21,20.707262,106.58935,29.70077,0.12061955,417.37866,0.44431332,0.0,2023-09-21 06:17:06.723016704,VNM,Vietnam,False
2023-09-21,20.697613,106.5906,29.69565,0.22612886,417.25827,0.5089359,0.0,2023-09-21 06:17:06.749007360,VNM,Vietnam,False
2023-09-21,20.765812,106.57875,29.73089,0.35462096,418.50174,0.5293258,0.0,2023-09-21 06:17:06.948000512,VNM,Vietnam,False
2023-09-21,20.805086,106.57054,29.750732,0.57958597,416.65335,0.5388477,0.0,2023-09-21 06:17:07.228023040,VNM,Vietnam,False
2023-09-21,20.766659,106.57719,29.731462,0.13583957,417.9344,0.5405569,0.0,2023-09-21 06:17:07.336008704,VNM,Vietnam,True
2023-09-21,20.757042,106.57862,29.726484,0.060046703,418.34003,0.5241409,0.0,2023-09-21 06:17:07.363005184,VNM,Vietnam,False
2023-09-21,20.825157,106.56582,29.761078,0.57931423,417.71487,0.518703,0.0,2023-09-21 06:17:07.561998336,VNM,Vietnam,False
2023-09-21,20.815586,106.56761,29.75637,0.46672797,417.46585,0.55014473,0.0,2023-09-21 06:17:07.587988736,VNM,Vietnam,False
2023-09-21,20.805962,106.56933,29.751575,0.35408598,416.82874,0.5254387,0.0,2023-09-21 06:17:07.615025408,VNM,Vietnam,False
2023-09-21,20.767508,106.575294,29.731802,0.12114449,418.1153,0.53218406,0.0,2023-09-21 06:17:07.723011584,VNM,Vietnam,False
2023-09-21,20.826078,106.56463,29.761974,0.3542497,417.39307,0.5112231,0.0,2023-09-21 06:17:07.947995136,VNM,Vietnam,False
2023-09-21,20.816431,106.56627,29.757107,0.24258462,417.27716,0.5178909,0.0,2023-09-21 06:17:07.974991616,VNM,Vietnam,False
2023-09-21,20.806862,106.56781,29.752216,0.13586684,416.08243,0.5192162,0.0,2023-09-21 06:17:08.001987840,VNM,Vietnam,False
2023-09-21,20.865381,106.5564,29.781876,0.57956344,415.8661,0.43501186,0.0,2023-09-21 06:17:08.228017920,VNM,Vietnam,False
2023-09-21,20.855816,106.558205,29.777172,0.4670205,416.21738,0.46775097,0.0,2023-09-21 06:17:08.255014144,VNM,Vietnam,False
2023-09-21,20.82698,106.563126,29.762627,0.1360743,417.05188,0.5434367,0.0,2023-09-21 06:17:08.336003328,VNM,Vietnam,False
2023-09-21,20.817371,106.56458,29.757654,0.060447358,416.99115,0.53185326,0.0,2023-09-21 06:17:08.362999808,VNM,Vietnam,False
2023-09-21,20.807749,106.565956,29.752613,0.121090464,416.73816,0.53177816,0.0,2023-09-21 06:17:08.388990464,VNM,Vietnam,False
2023-09-21,20.885496,106.55169,29.792292,0.57971704,415.40503,0.58885604,0.0,2023-09-21 06:17:08.561992960,VNM,Vietnam,False
2023-09-21,20.875933,106.553505,29.78759,0.4671796,415.47195,0.524479,0.0,2023-09-21 06:17:08.588023552,VNM,Vietnam,False
2023-09-21,20.866312,106.555244,29.782799,0.35457882,415.60107,0.4198113,0.0,2023-09-21 06:17:08.615020288,VNM,Vietnam,False
2023-09-21,20.856667,106.55689,29.777931,0.24293128,416.49078,0.45088866,0.0,2023-09-21 06:17:08.642016768,VNM,Vietnam,False
2023-09-21,20.9056,106.546974,29.80271,0.57976145,417.85333,0.53100747,0.0,2023-09-21 06:17:08.895002624,VNM,Vietnam,False
2023-09-21,20.896036,106.548805,29.798008,0.46721897,416.2455,0.5407918,0.0,2023-09-21 06:17:08.920993280,VNM,Vietnam,False
2023-09-21,20.886415,106.550545,29.793217,0.3546195,415.76315,0.5322826,0.0,2023-09-21 06:17:08.947989760,VNM,Vietnam,False
2023-09-21,20.876772,106.55221,29.788351,0.24298605,415.65848,0.54837275,0.0,2023-09-21 06:17:08.975026432,VNM,Vietnam,False
2023-09-21,20.867203,106.553764,29.783463,0.13635047,416.7822,0.43039638,0.0,2023-09-21 06:17:09.002022656,VNM,Vietnam,False
2023-09-21,20.857595,106.55524,29.778492,0.060831305,416.67383,0.47190112,0.0,2023-09-21 06:17:09.029019136,VNM,Vietnam,False
2023-09-21,20.91614,106.5441,29.808435,0.46725324,417.2221,0.539637,0.0,2023-09-21 06:17:09.255008768,VNM,Vietnam,False
2023-09-21,20.90652,106.54585,29.803644,0.35466203,417.39008,0.5203873,0.0,2023-09-21 06:17:09.282004992,VNM,Vietnam,False
2023-09-21,20.896877,106.547516,29.79878,0.24304372,416.50815,0.54528874,0.0,2023-09-21 06:17:09.309001472,VNM,Vietnam,False
2023-09-21,20.88731,106.54908,29.793892,0.13644409,415.8165,0.57858264,0.0,2023-09-21 06:17:09.335997952,VNM,Vietnam,False
2023-09-21,20.877703,106.55056,29.788923,0.061018802,415.81168,0.54179674,0.0,2023-09-21 06:17:09.362994432,VNM,Vietnam,False
2023-09-21,20.868082,106.551956,29.783884,0.121259324,416.0865,0.4987715,0.0,2023-09-21 06:17:09.389025280,VNM,Vietnam,False
2023-09-21,20.858444,106.55326,29.778772,0.22658448,416.09564,0.53634036,0.0,2023-09-21 06:17:09.416021760,VNM,Vietnam,False
2023-09-21,20.916988,106.54282,29.809221,0.24316248,416.7303,0.50034,0.0,2023-09-21 06:17:09.642011136,VNM,Vietnam,False
2023-09-21,20.907427,106.544395,29.804338,0.13663417,416.48898,0.53128356,0.0,2023-09-21 06:17:09.669007872,VNM,Vietnam,False
2023-09-21,20.897823,106.54588,29.79937,0.061227396,416.82562,0.50997835,0.0,2023-09-21 06:17:09.696004096,VNM,Vietnam,False
2023-09-21,20.88821,106.54728,29.794334,0.1211687,415.63354,0.5522327,0.0,2023-09-21 06:17:09.723000576,VNM,Vietnam,False
2023-09-21,20.878576,106.54859,29.789225,0.22638728,414.93564,0.5712474,0.0,2023-09-21 06:17:09.748990976,VNM,Vietnam,False
2023-09-21,20.956396,106.53468,29.829344,0.46784332,411.74136,0.5467053,0.0,2023-09-21 06:17:09.920987904,VNM,Vietnam,False
2023-09-21,20.89874,106.54392,29.799704,0.22588328,416.51483,0.5735227,0.0,2023-09-21 06:17:10.083006720,VNM,Vietnam,False
2023-09-21,20.986109,106.528114,29.844524,0.58090806,416.5465,0.58180636,0.0,2023-09-21 06:17:10.228006912,VNM,Vietnam,False
2023-09-21,20.976555,106.52996,29.839827,0.4684268,415.1508,0.55553824,0.0,2023-09-21 06:17:10.255003136,VNM,Vietnam,False
2023-09-21,20.966944,106.53174,29.835041,0.35589612,414.812,0.5075949,0.0,2023-09-21 06:17:10.281999616,VNM,Vietnam,False
2023-09-21,21.006266,106.52339,29.855017,0.5814891,416.76395,0.54666024,0.0,2023-09-21 06:17:10.562022144,VNM,Vietnam,False
2023-09-21,20.996712,106.525246,29.85032,0.46901157,417.41113,0.55422443,0.0,2023-09-21 06:17:10.588013056,VNM,Vietnam,False
2023-09-21,20.9871,106.52703,29.845535,0.3564662,415.88376,0.51370305,0.0,2023-09-21 06:17:10.615009280,VNM,Vietnam,False
2023-09-21,20.967896,106.53032,29.83579,0.13829444,414.1555,0.4983815,0.0,2023-09-21 06:17:10.669002240,VNM,Vietnam,False
2023-09-21,20.958292,106.53183,29.830826,0.062077027,414.64432,0.5350281,0.0,2023-09-21 06:17:10.695998720,VNM,Vietnam,False
2023-09-21,21.016808,106.52058,29.860815,0.46895394,417.21722,0.5454892,0.0,2023-09-21 06:17:10.921022720,VNM,Vietnam,False
2023-09-21,21.007193,106.52236,29.85603,0.35639855,418.04675,0.5323364,0.0,2023-09-21 06:17:10.948018944,VNM,Vietnam,False
2023-09-21,20.997553,106.52406,29.85117,0.2448488,417.7259,0.5476257,0.0,2023-09-21 06:17:10.975015424,VNM,Vietnam,False
2023-09-21,21.027285,106.5177,29.866533,0.3563333,417.12762,0.5459457,0.0,2023-09-21 06:17:11.281994240,VNM,Vietnam,False
2023-09-21,21.017647,106.51941,29.861675,0.24483022,417.85043,0.5403884,0.0,2023-09-21 06:17:11.308990720,VNM,Vietnam,False
2023-09-21,21.008085,106.52102,29.856794,0.13848236,417.87354,0.5387138,0.0,2023-09-21 06:17:11.336027392,VNM,Vietnam,False
2023-09-21,20.998482,106.522545,29.85183,0.06305922,417.55624,0.56651926,0.0,2023-09-21 06:17:11.363023872,VNM,Vietnam,False
2023-09-21,21.05699,106.51124,29.881832,0.4687749,418.7841,0.54554576,0.0,2023-09-21 06:17:11.588007424,VNM,Vietnam,False
2023-09-21,21.047377,106.51304,29.877047,0.35626477,419.10217,0.56263965,0.0,2023-09-21 06:17:11.615004160,VNM,Vietnam,False
2023-09-21,21.037739,106.51474,29.872179,0.24478407,417.38647,0.55429673,0.0,2023-09-21 06:17:11.642000384,VNM,Vietnam,False
2023-09-21,21.028175,106.51635,29.867292,0.13848987,417.6631,0.5465879,0.0,2023-09-21 06:17:11.668996864,VNM,Vietnam,False
2023-09-21,21.018574,106.51787,29.86232,0.06326761,417.26428,0.5439633,0.0,2023-09-21 06:17:11.695993088,VNM,Vietnam,False
2023-09-21,20.999323,106.52065,29.852169,0.22596289,418.08603,0.5600267,0.0,2023-09-21 06:17:11.749020672,VNM,Vietnam,False
2023-09-21,21.077065,106.506454,29.892265,0.4685586,417.74716,0.55481124,0.0,2023-09-21 06:17:11.921017088,VNM,Vietnam,False
2023-09-21,21.067451,106.508255,29.887474,0.35601684,418.00385,0.52079654,0.0,2023-09-21 06:17:11.948013568,VNM,Vietnam,False
2023-09-21,21.057816,106.50997,29.88261,0.24449188,418.64594,0.56805086,0.0,2023-09-21 06:17:11.975009792,VNM,Vietnam,False
2023-09-21,21.048254,106.51158,29.877722,0.13809747,418.33304,0.5603548,0.0,2023-09-21 06:17:12.002006528,VNM,Vietnam,False
2023-09-21,21.05873,106.50835,29.883194,0.062112845,418.63562,0.57392967,0.0,2023-09-21 06:17:12.363018496,VNM,Vietnam,False
2023-09-21,21.049116,106.509796,29.878155,0.12094546,418.40546,0.5719495,0.0,2023-09-21 06:17:12.389008896,VNM,Vietnam,False
2023-09-21,21.069206,106.50506,29.888626,0.120817214,419.15616,0.5480961,0.0,2023-09-21 06:17:12.723024384,VNM,Vietnam,False
2023-09-21,21.059578,106.50644,29.88352,0.22592653,418.1096,0.5767927,0.0,2023-09-21 06:17:12.749015040,VNM,Vietnam,False
2023-09-23,21.016047,107.35733,29.03984,22.587927,417.9781,0.56542873,0.0,2023-09-23 06:05:13.562008832,VNM,Vietnam,False
2023-09-23,21.034744,107.35263,29.050543,22.595863,416.98972,0.64263725,0.0,2023-09-23 06:05:13.895018240,VNM,Vietnam,False
2023-09-23,21.024002,107.355034,29.044807,22.650671,417.20428,0.62280476,0.0,2023-09-23 06:05:13.921009152,VNM,Vietnam,False
2023-09-23,21.013203,107.35738,29.038998,22.706902,417.26715,0.5256322,0.0,2023-09-23 06:05:13.948005376,VNM,Vietnam,False
2023-09-23,21.031864,107.352684,29.049673,22.71475,418.2803,0.6461605,0.0,2023-09-23 06:05:14.282021120,VNM,Vietnam,False
2023-09-23,21.010221,107.35709,29.037836,22.830456,418.5221,0.5027904,0.0,2023-09-23 06:05:14.336013824,VNM,Vietnam,False
2023-09-23,21.050402,107.347916,29.060225,22.72232,416.97897,0.5581144,0.0,2023-09-23 06:05:14.614990336,VNM,Vietnam,False
2023-09-23,21.039595,107.350235,29.054388,22.779762,415.5779,0.57021064,0.0,2023-09-23 06:05:14.642027008,VNM,Vietnam,False
2023-09-23,21.007158,107.35654,29.03643,22.957916,419.6097,0.47613385,0.0,2023-09-23 06:05:14.723016192,VNM,Vietnam,False
2023-09-23,21.058233,107.34559,29.065094,22.787184,417.0499,0.55293095,0.0,2023-09-23 06:05:14.974996480,VNM,Vietnam,False
2023-09-23,21.055265,107.34517,29.063847,22.912539,416.42365,0.59065795,0.0,2023-09-23 06:05:15.363004672,VNM,Vietnam,False
2023-09-23,21.044394,107.34716,29.057735,22.973146,416.65845,0.59792536,0.0,2023-09-23 06:05:15.388995328,VNM,Vietnam,False
2023-09-23,21.062843,107.34218,29.06809,22.981388,417.98608,0.57308304,0.0,2023-09-23 06:05:15.723011072,VNM,Vietnam,False
2023-09-23,21.052153,107.34432,29.062208,23.042765,416.08493,0.5993794,0.0,2023-09-23 06:05:15.749001472,VNM,Vietnam,False
2023-09-23,21.154146,107.321526,29.118996,22.705448,420.95285,0.68441397,0.0,2023-09-23 06:05:16.255013632,VNM,Vietnam,False
2023-09-23,21.151278,107.321526,29.11809,22.828371,420.43265,0.6589083,0.0,2023-09-23 06:05:16.642016256,VNM,Vietnam,False
2023-09-23,21.148186,107.32088,29.11659,22.955631,418.8712,0.691369,0.0,2023-09-23 06:05:17.029018624,VNM,Vietnam,False
2023-09-23,21.155613,107.31762,29.12057,23.025826,418.99026,0.68282557,0.0,2023-09-23 06:05:17.389024768,VNM,Vietnam,False
2023-09-23,21.144833,107.31968,29.114546,23.087404,418.09955,0.6781825,0.0,2023-09-23 06:05:17.416021248,VNM,Vietnam,False
2023-09-23,21.275623,107.28828,29.186718,22.706121,419.10605,0.6233036,0.0,2023-09-23 06:05:18.228006400,VNM,Vietnam,False
2023-09-23,21.2653,107.29124,29.181583,22.760283,419.43484,0.6651268,0.0,2023-09-23 06:05:18.255002624,VNM,Vietnam,False
2023-09-23,21.262451,107.291405,29.180788,22.881006,420.35898,0.64473075,0.0,2023-09-23 06:05:18.642005504,VNM,Vietnam,False
2023-09-23,21.28872,107.2838,29.195936,22.954872,420.12082,0.6338756,0.0,2023-09-23 06:05:19.336026880,VNM,Vietnam,False
2023-09-23,21.285637,107.28314,29.194431,23.084637,418.8884,0.63454354,0.0,2023-09-23 06:05:19.722989056,VNM,Vietnam,False
2023-09-23,21.40563,107.25388,29.261007,22.76377,417.8704,0.64095813,0.0,2023-09-23 06:05:20.562010880,VNM,Vietnam,False
2023-09-23,21.39509,107.256645,29.255548,22.81825,417.648,0.66017145,0.0,2023-09-23 06:05:20.588001792,VNM,Vietnam,False
2023-09-23,21.37416,107.26231,29.244843,22.930908,419.33365,0.62998015,0.0,2023-09-23 06:05:20.641994496,VNM,Vietnam,False
2023-09-23,21.402939,107.25435,29.260508,22.881544,417.87006,0.64021224,0.0,2023-09-23 06:05:20.948007680,VNM,Vietnam,False
2023-09-23,21.410955,107.252205,29.265686,22.946129,418.32404,0.64287204,0.0,2023-09-23 06:05:21.309019648,VNM,Vietnam,False
2023-09-23,21.451496,107.242805,29.288576,22.839949,420.58914,0.65438163,0.0,2023-09-23 06:05:21.587996160,VNM,Vietnam,False
2023-09-23,21.408083,107.252014,29.264627,23.071856,421.94885,0.66097784,0.0,2023-09-23 06:05:21.696022016,VNM,Vietnam,False
2023-09-23,21.397104,107.254005,29.258352,23.13263,418.35544,0.674284,0.0,2023-09-23 06:05:21.723018752,VNM,Vietnam,False
2023-09-23,21.434599,107.24469,29.280228,23.148481,419.36786,0.65657485,0.0,2023-09-23 06:05:22.388997632,VNM,Vietnam,False
2023-09-23,21.453327,107.24004,29.291168,23.156519,418.89417,0.6815091,0.0,2023-09-23 06:05:22.723013120,VNM,Vietnam,False
2023-10-05,9.8346195,106.06812,29.168758,0.28968927,418.72922,0.514288,0.0,2023-10-05 06:25:55.615018240,VNM,Vietnam,False
2023-10-05,9.854756,106.06378,29.175865,0.28969097,420.3955,0.5147682,0.0,2023-10-05 06:25:55.948028160,VNM,Vietnam,False
2023-10-05,9.884704,106.05993,29.188023,0.40324187,418.3814,0.5127782,0.0,2023-10-05 06:25:56.255006720,VNM,Vietnam,False
2023-10-05,9.895055,106.05509,29.19012,0.28994414,418.17316,0.49905333,0.0,2023-10-05 06:25:56.615012864,VNM,Vietnam,False
2023-10-05,9.885248,106.05452,29.185007,0.17704257,419.39572,0.48388234,0.0,2023-10-05 06:25:56.642009344,VNM,Vietnam,False
2023-10-05,9.885931,106.0489,29.181875,0.06378029,419.48572,0.500897,0.0,2023-10-05 06:25:57.029011712,VNM,Vietnam,False
2023-10-05,9.876194,106.048096,29.176601,0.17052579,418.21298,0.5123518,0.0,2023-10-05 06:25:57.056008448,VNM,Vietnam,False
2023-10-05,9.866453,106.04722,29.171257,0.28245625,419.55103,0.52981734,0.0,2023-10-05 06:25:57.083004672,VNM,Vietnam,False
2023-10-05,9.896324,106.043915,29.183867,0.17092381,418.78812,0.51194,0.0,2023-10-05 06:25:57.389018112,VNM,Vietnam,False
2023-10-05,19.330595,103.9502,33.623672,0.23593573,418.7847,0.5261486,0.0,2023-10-05 06:28:32.975017728,VNM,Vietnam,False
2023-10-05,20.911154,103.584435,34.55042,0.14925818,420.13702,0.634174,0.0,2023-10-05 06:28:59.336009216,VNM,Vietnam,False
2023-10-05,20.92179,103.582275,34.557514,0.07787453,420.39407,0.62756044,0.0,2023-10-05 06:28:59.696015360,VNM,Vietnam,False
2023-10-05,20.979267,103.56656,34.588505,0.4732866,420.65994,0.62722945,0.0,2023-10-05 06:28:59.920999168,VNM,Vietnam,False
2023-10-05,20.96996,103.56948,34.5839,0.36149833,420.41202,0.6059007,0.0,2023-10-05 06:28:59.947995648,VNM,Vietnam,False
2023-10-05,20.93241,103.58027,34.564705,0.12799327,420.3995,0.6056487,0.0,2023-10-05 06:29:00.056021504,VNM,Vietnam,False
2023-10-05,20.98058,103.56784,34.591343,0.25068948,420.65054,0.62541604,0.0,2023-10-05 06:29:00.309007360,VNM,Vietnam,False
2023-10-05,20.96185,103.573235,34.581768,0.08043427,419.7584,0.60538816,0.0,2023-10-05 06:29:00.363000320,VNM,Vietnam,False
2023-10-05,21.168795,103.521515,34.701736,0.5781015,420.1994,0.61943716,0.0,2023-10-05 06:29:02.894992384,VNM,Vietnam,False
2023-10-05,21.122074,103.535774,34.678204,0.0798764,421.68253,0.5921745,0.0,2023-10-05 06:29:03.029008896,VNM,Vietnam,False
2023-10-05,21.179523,103.51973,34.70919,0.46563184,421.5331,0.59495825,0.0,2023-10-05 06:29:03.254998272,VNM,Vietnam,False
2023-10-05,21.170212,103.522675,34.704563,0.35404268,421.532,0.6021301,0.0,2023-10-05 06:29:03.281994752,VNM,Vietnam,False
2023-10-05,21.160818,103.52554,34.69983,0.2442107,420.64908,0.56488764,0.0,2023-10-05 06:29:03.308991232,VNM,Vietnam,False
2023-10-05,21.132717,103.533585,34.685326,0.13477892,420.6681,0.5836159,0.0,2023-10-05 06:29:03.389015040,VNM,Vietnam,False
2023-10-05,21.208857,103.511894,34.725796,0.5770595,420.77673,0.6027463,0.0,2023-10-05 06:29:03.562017536,VNM,Vietnam,False
2023-10-05,21.199568,103.51492,34.72123,0.46509618,420.8534,0.5786309,0.0,2023-10-05 06:29:03.588007936,VNM,Vietnam,False
2023-10-05,21.171528,103.52352,34.70711,0.14117722,420.53854,0.5794862,0.0,2023-10-05 06:29:03.668997376,VNM,Vietnam,False
2023-10-05,21.162153,103.52621,34.70227,0.07813666,420.6611,0.59534484,0.0,2023-10-05 06:29:03.695993600,VNM,Vietnam,False
2023-10-05,21.21028,103.51308,34.72864,0.35280612,420.52826,0.5890806,0.0,2023-10-05 06:29:03.948014080,VNM,Vietnam,False
2023-10-05,21.200886,103.51596,34.723907,0.24281892,422.16083,0.5627565,0.0,2023-10-05 06:29:03.975010304,VNM,Vietnam,False
2023-10-05,21.172789,103.52403,34.709404,0.13462664,421.29846,0.5864677,0.0,2023-10-05 06:29:04.055999744,VNM,Vietnam,False
2023-10-05,21.16338,103.52655,34.704426,0.23647618,420.83926,0.6030518,0.0,2023-10-05 06:29:04.082996480,VNM,Vietnam,False
2023-10-05,21.2303,103.508286,34.74069,0.3520822,420.40082,0.5714853,0.0,2023-10-05 06:29:04.281989376,VNM,Vietnam,False
2023-10-05,21.220911,103.51118,34.735954,0.24203247,419.44214,0.6011507,0.0,2023-10-05 06:29:04.309026048,VNM,Vietnam,False
2023-10-05,21.211584,103.513954,34.7312,0.13941021,420.68698,0.5938246,0.0,2023-10-05 06:29:04.336022272,VNM,Vietnam,False
2023-10-05,21.202211,103.516655,34.72636,0.07652745,421.80856,0.5757544,0.0,2023-10-05 06:29:04.363019008,VNM,Vietnam,False
2023-10-05,21.192816,103.519264,34.721455,0.13466908,419.92065,0.58736026,0.0,2023-10-05 06:29:04.389009408,VNM,Vietnam,False
2023-10-05,21.23161,103.50918,34.743256,0.13851446,420.2318,0.5738708,0.0,2023-10-05 06:29:04.668991744,VNM,Vietnam,False
2023-10-05,21.222237,103.51188,34.73842,0.07575022,419.61127,0.59927857,0.0,2023-10-05 06:29:04.695988224,VNM,Vietnam,False
2023-10-05,21.212845,103.514496,34.73351,0.13472384,421.33545,0.5867722,0.0,2023-10-05 06:29:04.723024896,VNM,Vietnam,False
2023-10-05,21.203445,103.51701,34.728535,0.23708278,421.76328,0.5899731,0.0,2023-10-05 06:29:04.749015552,VNM,Vietnam,False
2023-10-05,21.28893,103.49267,34.773975,0.5746256,418.58435,0.61080635,0.0,2023-10-05 06:29:04.895021568,VNM,Vietnam,False
2023-10-05,21.270363,103.49868,34.764793,0.35082197,419.22336,0.56457967,0.0,2023-10-05 06:29:04.948008448,VNM,Vietnam,False
2023-10-05,21.2329,103.509674,34.74556,0.13422668,419.33203,0.60996574,0.0,2023-10-05 06:29:05.055994624,VNM,Vietnam,False
2023-10-05,21.290424,103.49381,34.776844,0.35052824,418.46695,0.5804596,0.0,2023-10-05 06:29:05.282024192,VNM,Vietnam,False
2023-10-05,21.28104,103.49671,34.772114,0.24022765,419.1763,0.5953927,0.0,2023-10-05 06:29:05.309020416,VNM,Vietnam,False
2023-10-05,21.282421,103.49737,34.774582,0.07208017,419.42664,0.5821909,0.0,2023-10-05 06:29:05.696023040,VNM,Vietnam,False
2023-10-05,21.273035,103.5,34.769672,0.13290551,419.5974,0.5684432,0.0,2023-10-05 06:29:05.723019520,VNM,Vietnam,False
2023-10-05,21.36427,103.478485,34.8254,0.23278673,417.90088,0.6568058,0.0,2023-10-05 06:29:07.415989760,VNM,Vietnam,False
2023-10-05,21.594378,103.42327,34.96324,0.14581117,419.32773,0.5647181,0.0,2023-10-05 06:29:10.668999680,VNM,Vietnam,False
2023-10-05,21.775433,103.381065,35.074368,0.14856328,420.729,0.5865687,0.0,2023-10-05 06:29:13.669023488,VNM,Vietnam,False
2023-10-05,21.776836,103.38199,35.077015,0.12457075,420.89224,0.5968839,0.0,2023-10-05 06:29:14.056025856,VNM,Vietnam,False
2023-10-25,11.996138,109.23485,33.697926,26.4473,419.07422,0.3356323,0.0,2023-10-25 06:02:27.615011072,VNM,Vietnam,False
2023-10-25,12.434543,109.12815,33.955517,26.582018,418.42914,0.42926913,0.0,2023-10-25 06:02:35.255001856,VNM,Vietnam,False
2023-10-25,12.441968,109.126175,33.960453,26.64741,417.80008,0.42813396,0.0,2023-10-25 06:02:35.615008000,VNM,Vietnam,False
2023-11-01,20.841267,105.351234,41.43051,32.358196,418.60483,0.66579163,0.0,2023-11-01 06:11:11.561998080,VNM,Vietnam,False
2023-11-01,20.848375,105.3514,41.437294,32.4256,418.57004,0.74997354,0.0,2023-11-01 06:11:11.920998400,VNM,Vietnam,False
2023-11-01,20.855452,105.351585,41.444057,32.494236,419.55795,0.66986704,0.0,2023-11-01 06:11:12.282010368,VNM,Vietnam,False
2023-11-01,20.844015,105.35674,41.43727,32.55349,417.1543,0.7873964,0.0,2023-11-01 06:11:12.309006592,VNM,Vietnam,False
2023-11-01,20.947218,105.32658,41.511124,32.544563,419.80447,0.87436765,0.0,2023-11-01 06:11:13.948024320,VNM,Vietnam,False
2023-11-01,20.901222,105.34659,41.483402,32.786556,417.73663,0.8315531,0.0,2023-11-01 06:11:14.056009984,VNM,Vietnam,False
2023-11-01,20.926296,105.34114,41.502956,32.87088,419.15128,0.8613714,0.0,2023-11-01 06:11:14.749025792,VNM,Vietnam,False
2023-11-01,21.04561,105.30091,41.584255,32.66888,419.1828,0.82604986,0.0,2023-11-01 06:11:15.975009792,VNM,Vietnam,False
2023-11-01,21.11205,105.28045,41.63123,32.641647,416.10352,0.73185205,0.0,2023-11-01 06:11:16.948007936,VNM,Vietnam,False
2023-11-01,21.152893,105.26455,41.657753,32.53787,415.91293,0.76490325,0.0,2023-11-01 06:11:17.227990272,VNM,Vietnam,False
2023-11-01,21.141619,105.26991,41.651154,32.594696,416.48062,0.82358295,0.0,2023-11-01 06:11:17.254986752,VNM,Vietnam,False
2023-11-01,21.130257,105.27524,41.64446,32.652836,416.49353,0.70972687,0.0,2023-11-01 06:11:17.282023424,VNM,Vietnam,False
2023-11-01,21.167221,105.265396,41.67169,32.671425,419.12543,0.89744604,0.0,2023-11-01 06:11:17.948002560,VNM,Vietnam,False
2023-11-01,21.144272,105.2757,41.657944,32.79046,418.94598,0.7543219,0.0,2023-11-01 06:11:18.001995264,VNM,Vietnam,False
2023-11-01,21.18566,105.260475,41.685276,32.680412,419.339,0.895758,0.0,2023-11-01 06:11:18.282018048,VNM,Vietnam,False
2023-11-01,21.174145,105.265686,41.67839,32.73968,418.22845,0.90499306,0.0,2023-11-01 06:11:18.309014272,VNM,Vietnam,False
2023-11-01,21.151222,105.27584,41.66459,32.860363,418.42084,0.91218275,0.0,2023-11-01 06:11:18.363007232,VNM,Vietnam,False
2023-11-01,21.12798,105.28561,41.650326,32.985134,418.30515,0.85157436,0.0,2023-11-01 06:11:18.415994368,VNM,Vietnam,False
2023-11-01,21.176802,105.270805,41.68484,32.939835,419.68292,0.8534678,0.0,2023-11-01 06:11:19.056023040,VNM,Vietnam,False
2023-11-01,21.183807,105.27071,41.69141,33.011414,419.3527,0.8798247,0.0,2023-11-01 06:11:19.415988992,VNM,Vietnam,False
2023-11-01,22.476229,104.89222,42.6327,33.278915,417.12973,0.8666708,0.0,2023-11-01 06:11:41.228021248,VNM,Vietnam,False
2023-11-08,9.967322,106.53271,35.686813,28.023943,417.36197,0.4443429,0.0,2023-11-08 06:14:20.615005952,VNM,Vietnam,False
2023-11-08,9.9560375,106.535736,35.680557,28.082235,417.79022,0.439113,0.0,2023-11-08 06:14:20.642002688,VNM,Vietnam,False
2023-11-08,9.944806,106.53864,35.674263,28.141146,414.732,0.45356542,0.0,2023-11-08 06:14:20.668998912,VNM,Vietnam,False
2023-11-08,9.9634695,106.53445,35.686188,28.147985,418.02408,0.42321336,0.0,2023-11-08 06:14:21.002008576,VNM,Vietnam,False
2023-11-08,9.952157,106.53727,35.67978,28.208132,417.46948,0.43094745,0.0,2023-11-08 06:14:21.029005056,VNM,Vietnam,False
2023-11-08,9.959462,106.53581,35.685204,28.276129,417.76846,0.4715523,0.0,2023-11-08 06:14:21.389011200,VNM,Vietnam,False
2023-11-08,9.948049,106.538445,35.678596,28.338303,416.02762,0.45765653,0.0,2023-11-08 06:14:21.416007424,VNM,Vietnam,False
2023-11-08,10.123033,106.495384,35.785694,28.163233,417.6842,0.5579258,0.0,2023-11-08 06:14:23.642026496,VNM,Vietnam,False
2023-11-08,10.171381,106.483116,35.8152,28.124638,415.0942,0.6634614,0.0,2023-11-08 06:14:24.282014720,VNM,Vietnam,False
2023-11-08,10.178579,106.48152,35.82048,28.19323,417.3693,0.6042846,0.0,2023-11-08 06:14:24.642021120,VNM,Vietnam,False
2023-11-08,10.174515,106.48265,35.81928,28.32288,417.16962,0.6250269,0.0,2023-11-08 06:14:25.029023744,VNM,Vietnam,False
2023-11-08,10.245431,106.46455,35.861584,28.164762,416.8482,0.5330206,0.0,2023-11-08 06:14:25.615019264,VNM,Vietnam,False
2023-11-08,10.25268,106.46303,35.866962,28.232811,416.2757,0.71064854,0.0,2023-11-08 06:14:25.975025152,VNM,Vietnam,False
2023-11-08,10.241452,106.465996,35.860653,28.291931,417.8085,0.7150509,0.0,2023-11-08 06:14:26.002021888,VNM,Vietnam,False
2023-11-08,11.383082,106.18558,36.58779,28.59265,416.73984,0.64319307,0.0,2023-11-08 06:14:45.562003968,VNM,Vietnam,False
2023-11-08,11.378947,106.18765,36.587025,28.717197,418.37573,0.7028193,0.0,2023-11-08 06:14:45.948001024,VNM,Vietnam,False
2023-11-08,11.419576,106.175835,36.61098,28.614756,418.00253,0.6441267,0.0,2023-11-08 06:14:46.228023552,VNM,Vietnam,False
2023-11-08,11.374641,106.18939,36.58591,28.84634,417.08618,0.67447865,0.0,2023-11-08 06:14:46.336009216,VNM,Vietnam,False
2023-11-08,11.43795,106.171074,36.622753,28.625725,418.26593,0.6238775,0.0,2023-11-08 06:14:46.561998848,VNM,Vietnam,False
2023-11-08,11.4268265,106.174614,36.616657,28.681805,418.69522,0.55585164,0.0,2023-11-08 06:14:46.587989248,VNM,Vietnam,False
2023-11-08,11.415601,106.17808,36.610435,28.739248,418.4735,0.6801326,0.0,2023-11-08 06:14:46.615025920,VNM,Vietnam,False
2023-11-08,11.45637,106.16638,36.63461,28.636162,418.26703,0.6494381,0.0,2023-11-08 06:14:46.895008256,VNM,Vietnam,False
2023-11-08,11.4452715,106.16995,36.628548,28.692167,418.05313,0.59090763,0.0,2023-11-08 06:14:46.920999168,VNM,Vietnam,False
2023-11-08,11.434048,106.17342,36.62233,28.74958,418.38443,0.5413168,0.0,2023-11-08 06:14:46.947995392,VNM,Vietnam,False
2023-11-08,11.422723,106.17677,36.615963,28.808264,418.09158,0.52623373,0.0,2023-11-08 06:14:46.974991872,VNM,Vietnam,False
2023-11-08,11.411468,106.18002,36.609585,28.867529,418.82907,0.6369412,0.0,2023-11-08 06:14:47.001988352,VNM,Vietnam,False
2023-11-08,11.40015,106.183205,36.60312,28.927982,418.20383,0.6208652,0.0,2023-11-08 06:14:47.029025024,VNM,Vietnam,False
2023-11-08,11.3773155,106.18924,36.589832,29.051937,418.40622,0.6888592,0.0,2023-11-08 06:14:47.083017728,VNM,Vietnam,False
2023-11-08,11.47485,106.16175,36.646553,28.646444,416.40155,0.6739329,0.0,2023-11-08 06:14:47.228017920,VNM,Vietnam,False
2023-11-08,11.463729,106.165306,36.64046,28.702478,418.1034,0.65581864,0.0,2023-11-08 06:14:47.255014400,VNM,Vietnam,False
2023-11-08,11.452435,106.168724,36.63415,28.759985,418.64172,0.6470903,0.0,2023-11-08 06:14:47.282011136,VNM,Vietnam,False
2023-11-08,11.441147,106.17211,36.62783,28.818619,417.70074,0.6106425,0.0,2023-11-08 06:14:47.309007360,VNM,Vietnam,False
2023-11-08,11.429903,106.17538,36.621468,28.877869,417.64413,0.505205,0.0,2023-11-08 06:14:47.336003840,VNM,Vietnam,False
2023-11-08,11.418541,106.17852,36.614944,28.938381,418.21912,0.6100066,0.0,2023-11-08 06:14:47.363000064,VNM,Vietnam,False
2023-11-08,11.493297,106.15709,36.65846,28.656765,418.01,0.62305284,0.0,2023-11-08 06:14:47.561993472,VNM,Vietnam,False
2023-11-08,11.482154,106.16063,36.652336,28.712828,416.79703,0.70772105,0.0,2023-11-08 06:14:47.588024064,VNM,Vietnam,False
2023-11-08,11.459584,106.16745,36.639717,28.828985,418.47946,0.6157467,0.0,2023-11-08 06:14:47.642016768,VNM,Vietnam,False
2023-11-08,11.448331,106.1707,36.633335,28.888271,418.44092,0.68541193,0.0,2023-11-08 06:14:47.669013504,VNM,Vietnam,False
2023-11-08,11.436982,106.17385,36.626823,28.948792,418.2473,0.57416326,0.0,2023-11-08 06:14:47.696009984,VNM,Vietnam,False
2023-11-08,11.425605,106.17693,36.62024,29.010271,418.04446,0.6175864,0.0,2023-11-08 06:14:47.723006208,VNM,Vietnam,False
2023-11-08,11.414159,106.1799,36.61354,29.072775,418.27823,0.68794835,0.0,2023-11-08 06:14:47.748996864,VNM,Vietnam,False
2023-11-08,11.489409,106.15939,36.658005,28.78083,418.35236,0.60340464,0.0,2023-11-08 06:14:47.947990016,VNM,Vietnam,False
2023-11-08,11.478074,106.16274,36.65162,28.83955,417.60208,0.6634928,0.0,2023-11-08 06:14:47.974986496,VNM,Vietnam,False
2023-11-08,11.455449,106.169136,36.638695,28.959383,419.11,0.6692066,0.0,2023-11-08 06:14:48.029019648,VNM,Vietnam,False
2023-11-08,11.44405,106.1722,36.63208,29.02089,417.7744,0.65871906,0.0,2023-11-08 06:14:48.056015872,VNM,Vietnam,False
2023-11-08,11.496542,106.15801,36.663498,28.85014,418.86932,0.6474871,0.0,2023-11-08 06:14:48.309001984,VNM,Vietnam,False
2023-11-08,11.485266,106.161255,36.657085,28.909452,418.04556,0.68365115,0.0,2023-11-08 06:14:48.335998208,VNM,Vietnam,False
2023-11-08,11.4739275,106.16443,36.650585,28.969954,417.11624,0.6690182,0.0,2023-11-08 06:14:48.362994688,VNM,Vietnam,False
2023-11-08,11.462527,106.167496,36.643974,29.03146,418.51843,0.69656837,0.0,2023-11-08 06:14:48.389025792,VNM,Vietnam,False
2023-11-08,11.4510355,106.17044,36.637215,29.094017,419.0465,0.65353525,0.0,2023-11-08 06:14:48.416022016,VNM,Vietnam,False
2023-11-08,11.548699,106.14288,36.69411,28.688505,417.76923,0.63997996,0.0,2023-11-08 06:14:48.561987840,VNM,Vietnam,False
2023-11-08,11.492401,106.15976,36.6625,28.980389,419.216,0.6695457,0.0,2023-11-08 06:14:48.696004352,VNM,Vietnam,False
2023-11-08,11.480978,106.16282,36.65586,29.041882,417.80453,0.6622896,0.0,2023-11-08 06:14:48.723001088,VNM,Vietnam,False
2023-11-08,11.46953,106.16581,36.649166,29.104343,417.96997,0.6664291,0.0,2023-11-08 06:14:48.748991488,VNM,Vietnam,False
2023-11-08,11.556037,106.14182,36.69996,28.754675,417.3516,0.67004734,0.0,2023-11-08 06:14:48.921028352,VNM,Vietnam,False
2023-11-08,11.54479,106.14531,36.69371,28.812098,417.99942,0.6361719,0.0,2023-11-08 06:14:48.948024832,VNM,Vietnam,False
2023-11-08,11.499444,106.158226,36.667824,29.05196,418.78705,0.6660071,0.0,2023-11-08 06:14:49.056010496,VNM,Vietnam,False
2023-11-08,11.487972,106.16121,36.6611,29.11445,418.11313,0.68200314,0.0,2023-11-08 06:14:49.083006976,VNM,Vietnam,False
2023-11-08,11.551941,106.1441,36.699326,28.88082,418.09213,0.63822246,0.0,2023-11-08 06:14:49.308996352,VNM,Vietnam,False
2023-11-08,11.559159,106.14274,36.704903,28.949963,417.98206,0.6580923,0.0,2023-11-08 06:14:49.669002496,VNM,Vietnam,False
2023-11-08,11.555122,106.144394,36.70392,29.080679,417.87814,0.6232658,0.0,2023-11-08 06:14:50.056005120,VNM,Vietnam,False
2023-11-15,10.333333,104.83136,37.203037,29.092655,417.89893,0.38330752,0.0,2023-11-15 06:20:51.228015104,VNM,Vietnam,True
2023-11-15,10.329621,104.83448,37.20314,29.21435,418.07892,0.362438,0.0,2023-11-15 06:20:51.615017728,VNM,Vietnam,True
2023-11-15,10.325581,104.83729,37.202793,29.341022,418.11026,0.36211082,0.0,2023-11-15 06:20:52.002020096,VNM,Vietnam,False
2023-11-15,10.332754,104.83639,37.2087,29.410257,417.58868,0.37433505,0.0,2023-11-15 06:20:52.362991872,VNM,Vietnam,False
2023-11-15,10.321369,104.83974,37.202084,29.471722,418.1223,0.381957,0.0,2023-11-15 06:20:52.389022720,VNM,Vietnam,False
2023-11-15,10.328453,104.83852,37.207726,29.543375,418.10413,0.37717554,0.0,2023-11-15 06:20:52.748988672,VNM,Vietnam,False
2023-11-17,21.533712,107.98547,47.03163,0.573495,420.25635,0.62261385,0.0,2023-11-17 06:10:56.895008512,VNM,Vietnam,False
2023-11-17,21.537,107.99156,47.038246,0.3516936,421.21246,0.5874775,0.0,2023-11-17 06:10:57.282011392,VNM,Vietnam,False
2023-11-17,21.52851,107.99686,47.03378,0.2437935,420.80576,0.65252864,0.0,2023-11-17 06:10:57.309007616,VNM,Vietnam,False
2023-11-17,21.54018,107.99726,47.04458,0.14623025,420.8914,0.7198396,0.0,2023-11-17 06:10:57.669013760,VNM,Vietnam,False
2023-11-17,21.543242,108.00263,47.05065,0.14719282,420.84247,0.7840155,0.0,2023-11-17 06:10:58.056016128,VNM,Vietnam,False
2023-12-08,19.288057,103.93575,47.70709,0.231381,419.57516,0.6513346,0.0,2023-12-08 06:28:44.642023680,VNM,Vietnam,False
2023-12-08,19.279902,103.94141,47.70266,0.13380615,419.89484,0.63381886,0.0,2023-12-08 06:28:44.669019904,VNM,Vietnam,False
2023-12-10,21.593182,103.477455,48.52156,37.831955,423.8152,0.76276636,0.0,2023-12-10 06:18:12.895017728,VNM,Vietnam,False
2023-12-10,21.792002,103.41874,48.685375,37.959484,421.23148,0.6935156,0.0,2023-12-10 06:18:16.562026496,VNM,Vietnam,False
2023-12-17,8.813211,105.27017,38.441113,30.067007,421.86044,0.5552081,0.0,2023-12-17 06:20:54.227998720,VNM,Vietnam,False
2023-12-17,8.791618,105.28055,38.42865,30.181416,422.3607,0.5256501,0.0,2023-12-17 06:20:54.281991680,VNM,Vietnam,False
2023-12-17,8.831559,105.265656,38.454857,30.078697,420.39554,0.50785387,0.0,2023-12-17 06:20:54.562014464,VNM,Vietnam,False
2023-12-17,8.820814,105.270874,38.44868,30.13523,422.3023,0.540543,0.0,2023-12-17 06:20:54.588005120,VNM,Vietnam,False
2023-12-17,8.799033,105.28113,38.435993,30.25221,422.18253,0.5150702,0.0,2023-12-17 06:20:54.641997824,VNM,Vietnam,False
2023-12-17,8.788131,105.28608,38.42955,30.311901,422.14087,0.55864453,0.0,2023-12-17 06:20:54.668994304,VNM,Vietnam,False
2023-12-17,8.839178,105.26631,38.462414,30.147013,421.38898,0.50055635,0.0,2023-12-17 06:20:54.921014528,VNM,Vietnam,False
2023-12-17,8.828332,105.27147,38.456123,30.204918,422.1673,0.5338159,0.0,2023-12-17 06:20:54.948011008,VNM,Vietnam,False
2023-12-17,8.817403,105.27655,38.44972,30.26404,420.977,0.53745335,0.0,2023-12-17 06:20:54.975007488,VNM,Vietnam,False
2023-12-17,8.806518,105.28151,38.44329,30.323736,422.63687,0.5164443,0.0,2023-12-17 06:20:55.002003968,VNM,Vietnam,False
2023-12-17,8.795506,105.28638,38.43671,30.384668,421.7688,0.5587418,0.0,2023-12-17 06:20:55.029000192,VNM,Vietnam,False
2023-12-17,8.813896,105.281746,38.45042,30.396622,421.92932,0.55721974,0.0,2023-12-17 06:20:55.363015936,VNM,Vietnam,False
2023-12-17,8.802832,105.28653,38.443752,30.458511,422.20273,0.52845776,0.0,2023-12-17 06:20:55.389006336,VNM,Vietnam,False
2023-12-17,8.875972,105.257034,38.489864,30.170914,420.80267,0.46115583,0.0,2023-12-17 06:20:55.587999488,VNM,Vietnam,False
2023-12-17,8.843295,105.27224,38.47072,30.347645,421.06564,0.46625397,0.0,2023-12-17 06:20:55.668988672,VNM,Vietnam,False
2023-12-17,8.821231,105.28191,38.457478,30.470448,421.51382,0.5603792,0.0,2023-12-17 06:20:55.723022080,VNM,Vietnam,False
2023-12-17,8.810083,105.28661,38.450687,30.533342,421.489,0.57026356,0.0,2023-12-17 06:20:55.749012480,VNM,Vietnam,False
2023-12-17,8.894338,105.252396,38.503574,30.182924,420.57642,0.47034574,0.0,2023-12-17 06:20:55.921009152,VNM,Vietnam,False
2023-12-17,8.850645,105.272514,38.477844,30.420612,421.73828,0.4972374,0.0,2023-12-17 06:20:56.028995072,VNM,Vietnam,False
2023-12-17,8.839585,105.27732,38.471184,30.482502,421.37863,0.51458025,0.0,2023-12-17 06:20:56.055991296,VNM,Vietnam,False
2023-12-17,8.828433,105.28202,38.46439,30.545408,421.38684,0.5595826,0.0,2023-12-17 06:20:56.082987776,VNM,Vietnam,False
2023-12-17,8.901832,105.25297,38.510983,30.252924,421.27493,0.49931374,0.0,2023-12-17 06:20:56.282021120,VNM,Vietnam,False
2023-12-17,8.857918,105.27273,38.484875,30.4946,421.1845,0.49885392,0.0,2023-12-17 06:20:56.389000960,VNM,Vietnam,False
2023-12-17,8.846793,105.27746,38.478115,30.557474,420.96268,0.6151488,0.0,2023-12-17 06:20:56.415997440,VNM,Vietnam,False
2023-12-17,8.941761,105.237946,38.53717,30.150545,420.61588,0.5273427,0.0,2023-12-17 06:20:56.562003712,VNM,Vietnam,False
2023-12-17,8.931027,105.24319,38.531,30.207092,421.11353,0.485851,0.0,2023-12-17 06:20:56.587994112,VNM,Vietnam,False
2023-12-17,8.90924,105.25347,38.518284,30.324137,420.96756,0.47169214,0.0,2023-12-17 06:20:56.641986816,VNM,Vietnam,False
2023-12-17,8.8983345,105.258446,38.511833,30.383858,420.90933,0.49502653,0.0,2023-12-17 06:20:56.669023488,VNM,Vietnam,False
2023-12-17,8.88733,105.26334,38.50526,30.444782,420.94778,0.46490568,0.0,2023-12-17 06:20:56.696020224,VNM,Vietnam,False
2023-12-17,8.865115,105.272865,38.4918,30.569578,421.3001,0.500765,0.0,2023-12-17 06:20:56.749007104,VNM,Vietnam,False
2023-12-17,8.960138,105.233345,38.550922,30.162367,420.1562,0.57667416,0.0,2023-12-17 06:20:56.895013120,VNM,Vietnam,False
2023-12-17,8.949414,105.238594,38.544758,30.21884,420.8661,0.566005,0.0,2023-12-17 06:20:56.921003776,VNM,Vietnam,False
2023-12-17,8.938572,105.24378,38.538464,30.276678,420.8643,0.5275742,0.0,2023-12-17 06:20:56.948000256,VNM,Vietnam,False
2023-12-17,8.927646,105.24889,38.532063,30.33573,421.5903,0.45232916,0.0,2023-12-17 06:20:56.974996480,VNM,Vietnam,False
2023-12-17,8.91675,105.253876,38.52562,30.395374,420.9516,0.47522548,0.0,2023-12-17 06:20:57.001993216,VNM,Vietnam,False
2023-12-17,8.905764,105.25878,38.519066,30.456211,421.41116,0.50703007,0.0,2023-12-17 06:20:57.028989440,VNM,Vietnam,False
2023-12-17,8.967879,105.23403,38.5586,30.229961,420.86328,0.557702,0.0,2023-12-17 06:20:57.255019264,VNM,Vietnam,False
2023-12-17,8.957037,105.23922,38.552307,30.287802,420.96964,0.49406275,0.0,2023-12-17 06:20:57.282015744,VNM,Vietnam,False
2023-12-17,8.946111,105.24433,38.545902,30.346853,421.3966,0.5021398,0.0,2023-12-17 06:20:57.309012224,VNM,Vietnam,False
2023-12-17,8.935214,105.24932,38.53946,30.406498,421.3384,0.47326767,0.0,2023-12-17 06:20:57.336008448,VNM,Vietnam,False
2023-12-17,8.924219,105.25423,38.53289,30.467346,421.8937,0.47018993,0.0,2023-12-17 06:20:57.363004928,VNM,Vietnam,False
2023-12-17,8.902021,105.26377,38.519444,30.59199,421.5509,0.5010712,0.0,2023-12-17 06:20:57.415992064,VNM,Vietnam,False
2023-12-17,8.975502,105.23466,38.56615,30.29892,419.5686,0.56866807,0.0,2023-12-17 06:20:57.615025408,VNM,Vietnam,False
2023-12-17,8.964575,105.23978,38.559746,30.357973,420.6264,0.48890114,0.0,2023-12-17 06:20:57.642021632,VNM,Vietnam,False
2023-12-17,8.953678,105.24477,38.5533,30.417618,421.15753,0.47333246,0.0,2023-12-17 06:20:57.669018368,VNM,Vietnam,False
2023-12-17,8.942682,105.24968,38.546734,30.478466,420.871,0.50008416,0.0,2023-12-17 06:20:57.696014592,VNM,Vietnam,False
2023-12-17,8.93162,105.25449,38.540062,30.54029,420.94354,0.47442555,0.0,2023-12-17 06:20:57.723011072,VNM,Vietnam,False
2023-12-17,8.972163,105.24021,38.567165,30.428589,420.09375,0.5365495,0.0,2023-12-17 06:20:58.001987584,VNM,Vietnam,False
2023-12-17,8.96117,105.245125,38.5606,30.489418,420.4859,0.5399105,0.0,2023-12-17 06:20:58.029024256,VNM,Vietnam,False
2023-12-17,8.9501095,105.249954,38.55393,30.55122,420.46115,0.5203491,0.0,2023-12-17 06:20:58.056020736,VNM,Vietnam,False
2023-12-17,8.938975,105.254684,38.547153,30.614021,419.93384,0.60045457,0.0,2023-12-17 06:20:58.083017216,VNM,Vietnam,False
2023-12-17,8.979669,105.240585,38.574482,30.500284,419.5065,0.5348176,0.0,2023-12-17 06:20:58.362999552,VNM,Vietnam,False
2023-12-17,8.968608,105.24541,38.56781,30.562086,420.70746,0.49822864,0.0,2023-12-17 06:20:58.388990208,VNM,Vietnam,False
2023-12-17,8.975971,105.24561,38.574913,30.635748,421.00406,0.54186517,0.0,2023-12-17 06:20:58.748996352,VNM,Vietnam,False
2023-12-17,9.179014,105.184105,38.718838,30.41989,421.72324,0.5363101,0.0,2023-12-17 06:21:01.281993984,VNM,Vietnam,False
2023-12-17,9.186579,105.18473,38.72634,30.489803,421.33298,0.49700305,0.0,2023-12-17 06:21:01.642000128,VNM,Vietnam,False
2023-12-17,9.183265,105.1903,38.727356,30.619999,421.26324,0.5611465,0.0,2023-12-17 06:21:02.029002752,VNM,Vietnam,False
2023-12-17,9.190847,105.19082,38.734825,30.690859,418.7038,0.539863,0.0,2023-12-17 06:21:02.389008640,VNM,Vietnam,False
2023-12-17,9.179707,105.19561,38.72803,30.753532,418.85333,0.5652559,0.0,2023-12-17 06:21:02.416005120,VNM,Vietnam,False
2023-12-17,9.349401,105.138176,38.8441,30.382027,414.30008,0.6123133,0.0,2023-12-17 06:21:03.895015424,VNM,Vietnam,False
2023-12-17,9.30243,105.16434,38.819347,30.748596,419.3069,0.62827563,0.0,2023-12-17 06:21:04.388997888,VNM,Vietnam,False
2023-12-17,9.353894,105.14481,38.853043,30.577232,418.01273,0.60885,0.0,2023-12-17 06:21:04.642023936,VNM,Vietnam,False
2023-12-17,9.361542,105.14541,38.86061,30.647015,419.85208,0.58175766,0.0,2023-12-17 06:21:05.001989888,VNM,Vietnam,False
2023-12-17,9.35807,105.15094,38.861454,30.779074,418.5121,0.5814413,0.0,2023-12-17 06:21:05.388992256,VNM,Vietnam,False
2023-12-17,9.365516,105.15139,38.868767,30.851397,419.43744,0.59539354,0.0,2023-12-17 06:21:05.748998656,VNM,Vietnam,False
2023-12-17,9.478973,105.10666,38.942135,30.455267,420.1914,0.61754876,0.0,2023-12-17 06:21:06.228014336,VNM,Vietnam,False
2023-12-17,9.468236,105.11202,38.935936,30.511797,420.74127,0.6356317,0.0,2023-12-17 06:21:06.255010560,VNM,Vietnam,False
2023-12-17,9.497337,105.102135,38.95602,30.46677,421.3442,0.5725898,0.0,2023-12-17 06:21:06.561989632,VNM,Vietnam,False
2023-12-17,9.486599,105.107506,38.949818,30.523304,420.90033,0.6095418,0.0,2023-12-17 06:21:06.588020224,VNM,Vietnam,False
2023-12-17,9.475741,105.11281,38.943485,30.581202,420.45996,0.5897054,0.0,2023-12-17 06:21:06.615016704,VNM,Vietnam,False
2023-12-17,9.464799,105.118034,38.937042,30.640312,419.76413,0.59963524,0.0,2023-12-17 06:21:06.642013184,VNM,Vietnam,False
2023-12-17,9.4941,105.10824,38.957336,30.59296,420.15314,0.59061897,0.0,2023-12-17 06:21:06.948026368,VNM,Vietnam,False
2023-12-17,9.483155,105.11346,38.950886,30.652119,421.37625,0.5389363,0.0,2023-12-17 06:21:06.975022848,VNM,Vietnam,False
2023-12-17,9.47224,105.118546,38.944397,30.711866,420.50427,0.62291616,0.0,2023-12-17 06:21:07.002019328,VNM,Vietnam,False
2023-12-17,9.501506,105.108826,38.9647,30.66421,421.05713,0.60484624,0.0,2023-12-17 06:21:07.308998144,VNM,Vietnam,False
2023-12-17,9.49059,105.113914,38.958206,30.723957,420.57855,0.5923126,0.0,2023-12-17 06:21:07.335994368,VNM,Vietnam,False
2023-12-17,9.479574,105.118935,38.95159,30.784906,421.2669,0.5979167,0.0,2023-12-17 06:21:07.362990848,VNM,Vietnam,False
2023-12-17,9.46849,105.123856,38.94487,30.846828,420.99222,0.6205902,0.0,2023-12-17 06:21:07.389021952,VNM,Vietnam,False
2023-12-17,9.457342,105.1287,38.938057,30.90973,420.48587,0.6154592,0.0,2023-12-17 06:21:07.416018176,VNM,Vietnam,False
2023-12-17,9.497923,105.1143,38.965405,30.796993,421.07822,0.52887505,0.0,2023-12-17 06:21:07.696000512,VNM,Vietnam,False
2023-12-17,9.486838,105.11923,38.958683,30.858915,420.4865,0.52920014,0.0,2023-12-17 06:21:07.722997248,VNM,Vietnam,False
2023-12-17,9.475678,105.12408,38.95185,30.921831,420.6631,0.6318747,0.0,2023-12-17 06:21:07.748987648,VNM,Vietnam,False
2023-12-17,9.505193,105.11468,38.972534,30.87079,420.55054,0.6042882,0.0,2023-12-17 06:21:08.056006656,VNM,Vietnam,False
2023-12-17,9.49402,105.11952,38.965694,30.9337,420.756,0.57006496,0.0,2023-12-17 06:21:08.083003136,VNM,Vietnam,False
2023-12-26,11.226464,108.63987,40.90596,0.51641566,423.1856,0.54011023,0.0,2023-12-26 06:14:57.228004096,VNM,Vietnam,False
2023-12-26,11.238257,108.64075,40.917183,0.40398315,423.70654,0.49755603,0.0,2023-12-26 06:14:57.588009984,VNM,Vietnam,False
2023-12-26,11.229843,108.64592,40.912815,0.29201823,423.8549,0.5036225,0.0,2023-12-26 06:14:57.615006464,VNM,Vietnam,False
2023-12-26,11.221376,108.651024,40.90837,0.18224536,425.29858,0.5268658,0.0,2023-12-26 06:14:57.642002944,VNM,Vietnam,False
2023-12-26,11.241531,108.646774,40.923943,0.18225268,422.73428,0.5084223,0.0,2023-12-26 06:14:57.975012864,VNM,Vietnam,False
2023-12-26,11.2331085,108.65177,40.919476,0.08608232,423.0313,0.5061757,0.0,2023-12-26 06:14:58.002009088,VNM,Vietnam,False
2023-12-26,11.224622,108.65669,40.914925,0.08538854,424.4255,0.49282658,0.0,2023-12-26 06:14:58.029005568,VNM,Vietnam,False
2023-12-26,11.216096,108.661545,40.910297,0.18160786,424.63803,0.5218175,0.0,2023-12-26 06:14:58.056001792,VNM,Vietnam,False
2023-12-26,11.2785635,108.63225,40.948334,0.40337306,425.53238,0.5502289,0.0,2023-12-26 06:14:58.254995200,VNM,Vietnam,False
2023-12-26,11.261687,108.64253,40.939518,0.182273,424.4057,0.49508283,0.0,2023-12-26 06:14:58.308987904,VNM,Vietnam,False
2023-12-26,11.24478,108.65246,40.9305,0.086833075,424.3143,0.51084256,0.0,2023-12-26 06:14:58.363020800,VNM,Vietnam,False
2023-12-26,11.22769,108.66207,40.92117,0.29115543,424.07455,0.5936637,0.0,2023-12-26 06:14:58.416007936,VNM,Vietnam,False
2023-12-26,11.28188,108.63817,40.955067,0.18281534,425.41205,0.49627748,0.0,2023-12-26 06:14:58.641997568,VNM,Vietnam,False
2023-12-26,11.264985,108.64807,40.94604,0.08676313,424.44376,0.5170044,0.0,2023-12-26 06:14:58.695990528,VNM,Vietnam,False
2023-12-26,11.247904,108.65768,40.936707,0.29051092,423.41156,0.56720245,0.0,2023-12-26 06:14:58.749017600,VNM,Vietnam,False
2023-12-26,11.293675,108.63873,40.966137,0.088145986,426.18576,0.5521799,0.0,2023-12-26 06:14:59.002003712,VNM,Vietnam,False
2023-12-26,11.285198,108.64366,40.961582,0.08648248,424.69196,0.49163225,0.0,2023-12-26 06:14:59.028999936,VNM,Vietnam,False
2023-12-26,11.276681,108.648506,40.956955,0.18152444,423.932,0.5176721,0.0,2023-12-26 06:14:59.055996416,VNM,Vietnam,False
2023-12-26,11.26812,108.653275,40.95225,0.28986832,424.3027,0.5440318,0.0,2023-12-26 06:14:59.082993152,VNM,Vietnam,False
2023-12-26,11.28834,108.64887,40.967804,0.28924197,424.5277,0.5317446,0.0,2023-12-26 06:14:59.416002816,VNM,Vietnam,False
2023-12-26,13.563072,108.126015,42.72471,0.53129303,422.11804,0.5049221,0.0,2023-12-26 06:15:35.895024384,VNM,Vietnam,False
2023-12-26,13.583236,108.12157,42.7406,0.5315862,422.70175,0.49083167,0.0,2023-12-26 06:15:36.227993600,VNM,Vietnam,False
2023-12-26,13.575094,108.12712,42.73636,0.4199708,422.0607,0.48067516,0.0,2023-12-26 06:15:36.254990080,VNM,Vietnam,False
2023-12-26,13.566849,108.13264,42.732014,0.3089414,420.03827,0.51061666,0.0,2023-12-26 06:15:36.282026752,VNM,Vietnam,False
2023-12-26,13.603335,108.117096,42.756428,0.5314017,422.52475,0.45859268,0.0,2023-12-26 06:15:36.562009088,VNM,Vietnam,False
2023-12-26,13.595188,108.12265,42.752182,0.4197026,423.0804,0.45948434,0.0,2023-12-26 06:15:36.587999744,VNM,Vietnam,False
2023-12-26,13.586935,108.12817,42.747826,0.3085734,422.7214,0.4777711,0.0,2023-12-26 06:15:36.614996224,VNM,Vietnam,False
2023-12-26,13.578631,108.13361,42.743397,0.20030491,422.71252,0.44623205,0.0,2023-12-26 06:15:36.641992448,VNM,Vietnam,False
2023-12-26,13.570367,108.13895,42.738945,0.105658084,422.08228,0.52746826,0.0,2023-12-26 06:15:36.668989184,VNM,Vietnam,False
2023-12-26,13.623371,108.1126,42.772194,0.5306867,422.58917,0.47396025,0.0,2023-12-26 06:15:36.895018752,VNM,Vietnam,False
2023-12-26,13.615226,108.11816,42.76795,0.41896376,422.79987,0.48341185,0.0,2023-12-26 06:15:36.921009664,VNM,Vietnam,False
2023-12-26,13.606974,108.12367,42.76359,0.30779746,422.7064,0.48729476,0.0,2023-12-26 06:15:36.948005888,VNM,Vietnam,False
2023-12-26,13.598672,108.12913,42.759163,0.19946606,421.78546,0.46554267,0.0,2023-12-26 06:15:36.975002368,VNM,Vietnam,False
2023-12-26,13.590409,108.13446,42.75471,0.10474296,423.15063,0.48107642,0.0,2023-12-26 06:15:37.001998592,VNM,Vietnam,False
2023-12-26,13.582081,108.13974,42.750175,0.08828739,423.4672,0.49104074,0.0,2023-12-26 06:15:37.028995072,VNM,Vietnam,False
2023-12-26,13.573711,108.14493,42.745567,0.17446259,422.65356,0.5029876,0.0,2023-12-26 06:15:37.055991552,VNM,Vietnam,False
2023-12-26,13.643406,108.10811,42.787964,0.5299701,421.79453,0.4799765,0.0,2023-12-26 06:15:37.227988224,VNM,Vietnam,False
2023-12-26,13.635263,108.11366,42.783714,0.41822472,422.29993,0.5043212,0.0,2023-12-26 06:15:37.255024896,VNM,Vietnam,False
2023-12-26,13.627013,108.11919,42.77936,0.30702177,423.07413,0.47779974,0.0,2023-12-26 06:15:37.282021376,VNM,Vietnam,False
2023-12-26,13.618713,108.12464,42.774933,0.19862814,422.51135,0.4681906,0.0,2023-12-26 06:15:37.309017600,VNM,Vietnam,False
2023-12-26,13.610451,108.12998,42.77048,0.10383044,422.47726,0.4796808,0.0,2023-12-26 06:15:37.336014336,VNM,Vietnam,False
2023-12-26,13.602124,108.135254,42.76595,0.08803336,422.70563,0.48523515,0.0,2023-12-26 06:15:37.363010560,VNM,Vietnam,False
2023-12-26,13.593756,108.14046,42.761337,0.17475146,423.20004,0.44065982,0.0,2023-12-26 06:15:37.389001472,VNM,Vietnam,False
2023-12-26,13.585342,108.14558,42.756657,0.28100976,423.11734,0.5180046,0.0,2023-12-26 06:15:37.415997696,VNM,Vietnam,False
2023-12-26,13.663468,108.10367,42.803787,0.52930874,422.01584,0.50500953,0.0,2023-12-26 06:15:37.562003712,VNM,Vietnam,False
2023-12-26,13.655334,108.10924,42.79955,0.41758126,422.29126,0.49971396,0.0,2023-12-26 06:15:37.587994368,VNM,Vietnam,False
2023-12-26,13.64709,108.11478,42.795204,0.30641466,422.46277,0.49240977,0.0,2023-12-26 06:15:37.614990592,VNM,Vietnam,False
2023-12-26,13.638796,108.12025,42.790787,0.19811366,422.81714,0.4819615,0.0,2023-12-26 06:15:37.641987328,VNM,Vietnam,False
2023-12-26,13.63054,108.125595,42.786343,0.10365873,423.29346,0.4840021,0.0,2023-12-26 06:15:37.669024000,VNM,Vietnam,False
2023-12-26,13.62222,108.13088,42.78182,0.088803574,422.71777,0.4910383,0.0,2023-12-26 06:15:37.696020480,VNM,Vietnam,False
2023-12-26,13.613857,108.13609,42.777218,0.17562889,422.06943,0.49349034,0.0,2023-12-26 06:15:37.723016704,VNM,Vietnam,False
2023-12-26,13.605448,108.14123,42.77254,0.28184786,422.0883,0.47742936,0.0,2023-12-26 06:15:37.749007104,VNM,Vietnam,False
2023-12-26,13.68356,108.0993,42.819668,0.5287063,422.34952,0.50714964,0.0,2023-12-26 06:15:37.895013376,VNM,Vietnam,False
2023-12-26,13.675431,108.104866,42.815437,0.41701636,423.11557,0.49994436,0.0,2023-12-26 06:15:37.921004032,VNM,Vietnam,False
2023-12-26,13.667189,108.110405,42.81109,0.30590746,422.59268,0.49406448,0.0,2023-12-26 06:15:37.948000512,VNM,Vietnam,False
2023-12-26,13.658896,108.115875,42.80667,0.19773339,422.5146,0.49750054,0.0,2023-12-26 06:15:37.974996736,VNM,Vietnam,False
2023-12-26,13.650641,108.12123,42.80223,0.103690706,422.00977,0.49621776,0.0,2023-12-26 06:15:38.001993216,VNM,Vietnam,False
2023-12-26,13.642323,108.126526,42.797707,0.08972719,422.61615,0.4521061,0.0,2023-12-26 06:15:38.028989696,VNM,Vietnam,False
2023-12-26,13.633962,108.13174,42.793106,0.17653887,422.84885,0.444899,0.0,2023-12-26 06:15:38.056026368,VNM,Vietnam,False
2023-12-26,13.625553,108.13687,42.78843,0.28268984,422.1766,0.51664484,0.0,2023-12-26 06:15:38.083022848,VNM,Vietnam,False
2023-12-26,13.703655,108.094925,42.83556,0.5281067,421.01358,0.51362354,0.0,2023-12-26 06:15:38.228023040,VNM,Vietnam,False
2023-12-26,13.695529,108.100494,42.831326,0.41645178,421.71872,0.5188749,0.0,2023-12-26 06:15:38.255019520,VNM,Vietnam,False
2023-12-26,13.687287,108.10604,42.82698,0.30540162,421.32083,0.51193553,0.0,2023-12-26 06:15:38.282015744,VNM,Vietnam,False
2023-12-26,13.678996,108.11151,42.822563,0.197357,421.20535,0.49102437,0.0,2023-12-26 06:15:38.309012480,VNM,Vietnam,False
2023-12-26,13.670743,108.11687,42.818123,0.10373369,422.4912,0.5078333,0.0,2023-12-26 06:15:38.336008704,VNM,Vietnam,False
2023-12-26,13.662425,108.12216,42.813595,0.09065651,421.81058,0.51009387,0.0,2023-12-26 06:15:38.363005184,VNM,Vietnam,False
2023-12-26,13.654066,108.12738,42.808994,0.17745315,422.1765,0.46966192,0.0,2023-12-26 06:15:38.388995840,VNM,Vietnam,False
2023-12-26,13.6456585,108.132515,42.804317,0.28351548,422.50012,0.4591314,0.0,2023-12-26 06:15:38.415992320,VNM,Vietnam,False
2023-12-26,13.723747,108.09051,42.85143,0.5276555,422.57092,0.5189159,0.0,2023-12-26 06:15:38.561998336,VNM,Vietnam,False
2023-12-26,13.715626,108.09608,42.847195,0.4160433,422.75256,0.5229976,0.0,2023-12-26 06:15:38.587988736,VNM,Vietnam,False
2023-12-26,13.707386,108.101616,42.842846,0.30503654,423.1767,0.48772678,0.0,2023-12-26 06:15:38.615025408,VNM,Vietnam,False
2023-12-26,13.699097,108.107086,42.838425,0.19704813,422.3426,0.4889008,0.0,2023-12-26 06:15:38.642022144,VNM,Vietnam,False
2023-12-26,13.690845,108.112434,42.83398,0.10355111,421.2242,0.51328874,0.0,2023-12-26 06:15:38.669018624,VNM,Vietnam,False
2023-12-26,13.6825285,108.11773,42.829453,0.09082907,421.88116,0.5266169,0.0,2023-12-26 06:15:38.696014848,VNM,Vietnam,False
2023-12-26,13.6741705,108.12294,42.82485,0.17769048,420.96323,0.5424892,0.0,2023-12-26 06:15:38.723011328,VNM,Vietnam,False
2023-12-26,13.665764,108.128075,42.820168,0.28375158,421.92178,0.52568704,0.0,2023-12-26 06:15:38.749001984,VNM,Vietnam,False
2023-12-26,13.743842,108.086044,42.86728,0.52737427,422.54138,0.5020127,0.0,2023-12-26 06:15:38.895008000,VNM,Vietnam,False
2023-12-26,13.7357235,108.09161,42.86305,0.415762,423.3984,0.5101961,0.0,2023-12-26 06:15:38.920998656,VNM,Vietnam,False
2023-12-26,13.727485,108.09716,42.8587,0.3047534,422.67584,0.5112012,0.0,2023-12-26 06:15:38.947994880,VNM,Vietnam,False
2023-12-26,13.719196,108.10263,42.85428,0.19676621,421.6369,0.5056634,0.0,2023-12-26 06:15:38.974991360,VNM,Vietnam,False
2023-12-26,13.710946,108.10799,42.849834,0.10331043,422.63092,0.5177029,0.0,2023-12-26 06:15:39.001987840,VNM,Vietnam,False
2023-12-26,13.702632,108.11328,42.845306,0.09089664,422.46295,0.523745,0.0,2023-12-26 06:15:39.029024512,VNM,Vietnam,False
2023-12-26,13.694275,108.11849,42.840702,0.17789865,423.24313,0.5141052,0.0,2023-12-26 06:15:39.056020992,VNM,Vietnam,False
2023-12-26,13.68587,108.123634,42.83602,0.283991,422.87152,0.54185605,0.0,2023-12-26 06:15:39.083017472,VNM,Vietnam,False
2023-12-26,13.75582,108.08716,42.878902,0.4154797,421.52283,0.51734954,0.0,2023-12-26 06:15:39.255013888,VNM,Vietnam,False
2023-12-26,13.747583,108.0927,42.874554,0.3044696,422.85205,0.500813,0.0,2023-12-26 06:15:39.282010624,VNM,Vietnam,False
2023-12-26,13.739297,108.098175,42.870136,0.1964845,422.2723,0.5120516,0.0,2023-12-26 06:15:39.309006848,VNM,Vietnam,False
2023-12-26,13.731049,108.10354,42.865692,0.10307255,422.52365,0.51595753,0.0,2023-12-26 06:15:39.336003328,VNM,Vietnam,False
2023-12-26,13.722734,108.10883,42.86116,0.09097049,422.29904,0.50196946,0.0,2023-12-26 06:15:39.362999808,VNM,Vietnam,False
2023-12-26,13.714379,108.11405,42.85656,0.17811103,422.20654,0.50068194,0.0,2023-12-26 06:15:39.388990464,VNM,Vietnam,False
2023-12-26,13.705977,108.119194,42.851883,0.28422484,421.86008,0.5287347,0.0,2023-12-26 06:15:39.416027136,VNM,Vietnam,False
2023-12-26,13.75942,108.09372,42.886013,0.19643782,422.8635,0.5046554,0.0,2023-12-26 06:15:39.642016768,VNM,Vietnam,False
2023-12-26,13.751176,108.099075,42.88157,0.1030627,422.31348,0.50432706,0.0,2023-12-26 06:15:39.669012992,VNM,Vietnam,False
2023-12-26,13.7428665,108.10438,42.877045,0.09098611,422.55927,0.5022648,0.0,2023-12-26 06:15:39.696009472,VNM,Vietnam,False
2023-12-26,13.734515,108.1096,42.872444,0.1781002,423.45184,0.5234253,0.0,2023-12-26 06:15:39.723005696,VNM,Vietnam,False
2023-12-26,13.726115,108.114746,42.867767,0.28419515,423.67935,0.55448216,0.0,2023-12-26 06:15:39.748996608,VNM,Vietnam,False
2023-12-26,13.804171,108.07265,42.914886,0.5270012,421.00067,0.5031111,0.0,2023-12-26 06:15:39.895002624,VNM,Vietnam,False
2023-12-26,13.77131,108.09462,42.897457,0.10311478,421.8362,0.5203833,0.0,2023-12-26 06:15:40.002022656,VNM,Vietnam,False
2023-12-26,13.763002,108.09992,42.892933,0.09099764,422.49622,0.5133446,0.0,2023-12-26 06:15:40.029019136,VNM,Vietnam,False
2023-12-26,13.754652,108.10515,42.888332,0.17808202,423.0054,0.47521916,0.0,2023-12-26 06:15:40.056015616,VNM,Vietnam,False
2023-12-26,13.746254,108.11029,42.883656,0.2841687,422.9573,0.5290526,0.0,2023-12-26 06:15:40.083012096,VNM,Vietnam,False
2023-12-26,13.824298,108.068184,42.93078,0.5270409,423.3204,0.5034315,0.0,2023-12-26 06:15:40.228012032,VNM,Vietnam,False
2023-12-26,13.8161955,108.07376,42.926556,0.41546375,421.95047,0.50589365,0.0,2023-12-26 06:15:40.255008768,VNM,Vietnam,False
2023-12-26,13.774789,108.10069,42.904224,0.17806777,420.4128,0.54614,0.0,2023-12-26 06:15:40.389025280,VNM,Vietnam,False
2023-12-26,13.766395,108.10584,42.89955,0.28412932,420.19464,0.5411171,0.0,2023-12-26 06:15:40.416021504,VNM,Vietnam,False
2023-12-26,13.84445,108.06371,42.946693,0.5273733,423.3219,0.5035467,0.0,2023-12-26 06:15:40.561987328,VNM,Vietnam,False
2023-12-26,13.836364,108.06929,42.942482,0.41586378,423.4299,0.4897484,0.0,2023-12-26 06:15:40.588018432,VNM,Vietnam,False
2023-12-26,13.82814,108.074844,42.93814,0.30494842,422.0594,0.49766788,0.0,2023-12-26 06:15:40.615014912,VNM,Vietnam,False
2023-12-26,13.819867,108.08034,42.933727,0.19707045,419.13336,0.50543416,0.0,2023-12-26 06:15:40.642011136,VNM,Vietnam,False
2023-12-26,13.86465,108.05924,42.96265,0.5280574,422.76755,0.5155085,0.0,2023-12-26 06:15:40.894996992,VNM,Vietnam,False
2023-12-26,13.856562,108.06483,42.95844,0.41655657,422.8192,0.50395876,0.0,2023-12-26 06:15:40.921027840,VNM,Vietnam,False
2023-12-26,13.84834,108.07038,42.954098,0.30565798,422.95883,0.50140977,0.0,2023-12-26 06:15:40.948024320,VNM,Vietnam,False
2023-12-26,13.840069,108.075874,42.949684,0.19780214,422.98898,0.49869975,0.0,2023-12-26 06:15:40.975020800,VNM,Vietnam,False
2023-12-26,13.831836,108.081245,42.94525,0.10443042,423.37485,0.49515676,0.0,2023-12-26 06:15:41.002017280,VNM,Vietnam,False
2023-12-26,13.823538,108.086555,42.940727,0.091007665,421.93784,0.54315376,0.0,2023-12-26 06:15:41.029013760,VNM,Vietnam,False
2023-12-26,13.884845,108.05477,42.97861,0.5287344,421.3163,0.51853156,0.0,2023-12-26 06:15:41.228006912,VNM,Vietnam,False
2023-12-26,13.868541,108.06592,42.97006,0.30636704,423.01654,0.49971494,0.0,2023-12-26 06:15:41.281999616,VNM,Vietnam,False
2023-12-26,13.8602705,108.07141,42.965645,0.19853406,422.94492,0.47226086,0.0,2023-12-26 06:15:41.308996096,VNM,Vietnam,False
2023-12-26,13.852038,108.07679,42.96121,0.10513193,422.47763,0.49795473,0.0,2023-12-26 06:15:41.335992576,VNM,Vietnam,False
2023-12-26,13.843741,108.0821,42.956688,0.091018766,422.97217,0.48659655,0.0,2023-12-26 06:15:41.362989056,VNM,Vietnam,False
2023-12-26,13.8354025,108.08733,42.952095,0.17686237,422.77176,0.524147,0.0,2023-12-26 06:15:41.389019648,VNM,Vietnam,False
2023-12-26,13.827009,108.09249,42.94742,0.28261727,421.70358,0.56088066,0.0,2023-12-26 06:15:41.416016128,VNM,Vietnam,False
2023-12-26,13.904949,108.05026,42.994473,0.52871865,423.08093,0.50434077,0.0,2023-12-26 06:15:41.562022144,VNM,Vietnam,False
2023-12-26,13.896853,108.05584,42.990246,0.417094,422.7887,0.4928009,0.0,2023-12-26 06:15:41.588013056,VNM,Vietnam,False
2023-12-26,13.888619,108.06139,42.98589,0.306042,423.75616,0.4775088,0.0,2023-12-26 06:15:41.615009280,VNM,Vietnam,False
2023-12-26,13.880335,108.06689,42.98146,0.19797105,423.33835,0.4765158,0.0,2023-12-26 06:15:41.642005760,VNM,Vietnam,False
2023-12-26,13.872089,108.07226,42.97701,0.10417424,422.99698,0.4992453,0.0,2023-12-26 06:15:41.669001984,VNM,Vietnam,False
2023-12-26,13.863778,108.07757,42.97247,0.090303734,423.0356,0.5124975,0.0,2023-12-26 06:15:41.695998720,VNM,Vietnam,False
2023-12-26,13.855425,108.0828,42.96786,0.17683128,422.78146,0.53846633,0.0,2023-12-26 06:15:41.722994944,VNM,Vietnam,False
2023-12-26,13.847024,108.08795,42.963173,0.28286844,423.08145,0.5526424,0.0,2023-12-26 06:15:41.749025792,VNM,Vietnam,False
2023-12-26,13.924957,108.0457,43.01023,0.5279291,421.9846,0.5136234,0.0,2023-12-26 06:15:41.894991616,VNM,Vietnam,False
2023-12-26,13.916859,108.051285,43.006,0.4162479,422.55777,0.4743599,0.0,2023-12-26 06:15:41.921022464,VNM,Vietnam,False
2023-12-26,13.908627,108.05684,43.001644,0.3051123,422.338,0.4587714,0.0,2023-12-26 06:15:41.948018944,VNM,Vietnam,False
2023-12-26,13.900344,108.06233,42.997215,0.19688565,423.10052,0.47945833,0.0,2023-12-26 06:15:41.975015424,VNM,Vietnam,False
2023-12-26,13.892099,108.06771,42.992764,0.102783576,422.9067,0.48705596,0.0,2023-12-26 06:15:42.002011648,VNM,Vietnam,False
2023-12-26,13.88379,108.07302,42.988228,0.089502625,422.44077,0.51128364,0.0,2023-12-26 06:15:42.029008384,VNM,Vietnam,False
2023-12-26,13.875438,108.078255,42.98362,0.17683443,421.94983,0.5149937,0.0,2023-12-26 06:15:42.056004864,VNM,Vietnam,False
2023-12-26,13.867039,108.08342,42.97893,0.28312984,422.54846,0.55440384,0.0,2023-12-26 06:15:42.083001088,VNM,Vietnam,False
2023-12-26,13.9449625,108.04114,43.02599,0.52713823,422.94504,0.523528,0.0,2023-12-26 06:15:42.228001280,VNM,Vietnam,False
2023-12-26,13.936865,108.04672,43.02176,0.41540435,422.1306,0.5227223,0.0,2023-12-26 06:15:42.254997760,VNM,Vietnam,False
2023-12-26,13.928634,108.052284,43.017406,0.30418628,422.20218,0.4933712,0.0,2023-12-26 06:15:42.281994240,VNM,Vietnam,False
2023-12-26,13.920353,108.057785,43.012978,0.19580536,422.05957,0.48150644,0.0,2023-12-26 06:15:42.308990720,VNM,Vietnam,False
2023-12-26,13.912109,108.06316,43.008526,0.101397306,422.13116,0.49804884,0.0,2023-12-26 06:15:42.335987200,VNM,Vietnam,False
2023-12-26,13.903802,108.06848,43.00399,0.08872353,422.70956,0.51599175,0.0,2023-12-26 06:15:42.363023872,VNM,Vietnam,False
2023-12-26,13.895452,108.073715,42.99938,0.17685321,423.42328,0.4925181,0.0,2023-12-26 06:15:42.389014272,VNM,Vietnam,False
2023-12-26,13.887059,108.07888,42.9947,0.28338993,423.4543,0.5190875,0.0,2023-12-26 06:15:42.416010752,VNM,Vietnam,False
2023-12-26,13.965055,108.036644,43.041862,0.526918,422.55536,0.48098075,0.0,2023-12-26 06:15:42.562017024,VNM,Vietnam,False
2023-12-26,13.95693,108.04227,43.03762,0.4152303,423.12076,0.5234327,0.0,2023-12-26 06:15:42.588007424,VNM,Vietnam,False
2023-12-26,13.948759,108.04783,43.033314,0.3041665,421.58643,0.508322,0.0,2023-12-26 06:15:42.615003904,VNM,Vietnam,False
2023-12-26,13.940495,108.05334,43.028908,0.19593151,422.7212,0.5063321,0.0,2023-12-26 06:15:42.642000128,VNM,Vietnam,False
2023-12-26,13.932268,108.05873,43.024475,0.10177259,422.5816,0.4985477,0.0,2023-12-26 06:15:42.668996864,VNM,Vietnam,False
2023-12-26,13.923977,108.064064,43.019955,0.0891045,423.0387,0.5243951,0.0,2023-12-26 06:15:42.695993088,VNM,Vietnam,False
2023-12-26,13.915643,108.06931,43.015366,0.17691948,421.89496,0.53191525,0.0,2023-12-26 06:15:42.722989568,VNM,Vietnam,False
2023-12-26,13.907286,108.07446,43.010708,0.28326586,422.9193,0.53449833,0.0,2023-12-26 06:15:42.749020672,VNM,Vietnam,False
2023-12-26,13.968954,108.04342,43.049313,0.3046786,422.70267,0.5056131,0.0,2023-12-26 06:15:42.948013568,VNM,Vietnam,False
2023-12-26,13.952466,108.05433,43.040474,0.102613084,422.63153,0.5112676,0.0,2023-12-26 06:15:43.002006528,VNM,Vietnam,False
2023-12-26,13.944175,108.05966,43.035957,0.08966227,422.49738,0.51380086,0.0,2023-12-26 06:15:43.029003008,VNM,Vietnam,False
2023-12-26,13.956042,108.06052,43.047367,0.1770785,422.61917,0.52255994,0.0,2023-12-26 06:15:43.389008896,VNM,Vietnam,False
2023-12-26,13.967789,108.06111,43.058548,0.28260538,421.1663,0.55305475,0.0,2023-12-26 06:15:43.749015040,VNM,Vietnam,False
2023-12-26,14.085888,108.00961,43.137363,0.52848184,422.4999,0.51471454,0.0,2023-12-26 06:15:44.562006016,VNM,Vietnam,False
2023-12-26,14.097903,108.0107,43.14902,0.41706744,423.29565,0.5128552,0.0,2023-12-26 06:15:44.921006080,VNM,Vietnam,False
2023-12-26,14.089741,108.016266,43.14471,0.30584514,423.4867,0.5083399,0.0,2023-12-26 06:15:44.948002816,VNM,Vietnam,False
2023-12-26,14.081482,108.02179,43.140293,0.19723563,421.25653,0.5672682,0.0,2023-12-26 06:15:44.974999296,VNM,Vietnam,False
2023-12-26,14.126127,108.000534,43.16916,0.52916855,424.9756,0.53560525,0.0,2023-12-26 06:15:45.228025344,VNM,Vietnam,False
2023-12-26,14.109878,108.01173,43.160618,0.3061402,423.58063,0.47897652,0.0,2023-12-26 06:15:45.282018304,VNM,Vietnam,False
2023-12-26,14.101621,108.01725,43.1562,0.19744268,423.94278,0.45450035,0.0,2023-12-26 06:15:45.309014528,VNM,Vietnam,False
2023-12-26,14.085115,108.028,43.147236,0.08554775,422.46094,0.53578687,0.0,2023-12-26 06:15:45.363007488,VNM,Vietnam,False
2023-12-26,14.121843,108.012794,43.17223,0.19837412,421.54315,0.53108376,0.0,2023-12-26 06:15:45.642024192,VNM,Vietnam,False
2023-12-26,14.113635,108.01822,43.1678,0.10282506,421.68167,0.5195349,0.0,2023-12-26 06:15:45.669020672,VNM,Vietnam,False
2023-12-26,14.10536,108.023575,43.163292,0.08590476,423.6604,0.48183346,0.0,2023-12-26 06:15:45.696017152,VNM,Vietnam,False
2023-12-26,14.097044,108.028854,43.158707,0.17307483,423.42633,0.49422136,0.0,2023-12-26 06:15:45.723013632,VNM,Vietnam,False
2023-12-26,14.207045,107.98274,43.233345,0.53229046,421.2912,0.5175193,0.0,2023-12-26 06:15:46.561995008,VNM,Vietnam,False
2023-12-26,14.227146,107.97829,43.249287,0.5319863,424.89993,0.4946071,0.0,2023-12-26 06:15:46.895004672,VNM,Vietnam,False
2023-12-26,14.219032,107.98394,43.24504,0.4202614,421.53775,0.5033948,0.0,2023-12-26 06:15:46.920995584,VNM,Vietnam,False
2023-12-26,14.24724,107.97385,43.26523,0.53167224,424.29712,0.5228068,0.0,2023-12-26 06:15:47.228014592,VNM,Vietnam,False
2023-12-26,14.239123,107.9795,43.26098,0.41995257,424.00793,0.53672814,0.0,2023-12-26 06:15:47.255010816,VNM,Vietnam,False
2023-12-26,14.230974,107.9851,43.256676,0.30886844,423.81842,0.5043365,0.0,2023-12-26 06:15:47.282007296,VNM,Vietnam,False
2023-12-26,14.222722,107.990654,43.252262,0.20054868,420.33655,0.5070913,0.0,2023-12-26 06:15:47.309003776,VNM,Vietnam,False
2023-12-26,14.26736,107.96941,43.281204,0.531324,423.0832,0.48848158,0.0,2023-12-26 06:15:47.561989888,VNM,Vietnam,False
2023-12-26,14.259246,107.97508,43.27696,0.4196196,424.6569,0.520626,0.0,2023-12-26 06:15:47.588020480,VNM,Vietnam,False
2023-12-26,14.234624,107.99169,43.263805,0.10580173,423.29132,0.5104357,0.0,2023-12-26 06:15:47.669009920,VNM,Vietnam,False
2023-12-26,14.226347,107.99707,43.25929,0.08880305,422.5964,0.5019265,0.0,2023-12-26 06:15:47.696006400,VNM,Vietnam,False
2023-12-26,14.218027,108.00237,43.254696,0.174332,423.75543,0.5267727,0.0,2023-12-26 06:15:47.723002624,VNM,Vietnam,False
2023-12-26,14.287477,107.96503,43.2972,0.53090453,423.61484,0.48216924,0.0,2023-12-26 06:15:47.894999552,VNM,Vietnam,False
2023-12-26,14.279364,107.970695,43.292953,0.41923478,423.90933,0.50703675,0.0,2023-12-26 06:15:47.920989952,VNM,Vietnam,False
2023-12-26,14.2712,107.97631,43.28864,0.30822864,423.83835,0.5052144,0.0,2023-12-26 06:15:47.948026624,VNM,Vietnam,False
2023-12-26,14.262953,107.98187,43.28423,0.20013528,422.84613,0.49908134,0.0,2023-12-26 06:15:47.975023104,VNM,Vietnam,False
2023-12-26,14.254743,107.98731,43.279797,0.10598917,422.64996,0.49973953,0.0,2023-12-26 06:15:48.002019328,VNM,Vietnam,False
2023-12-26,14.246467,107.99269,43.27528,0.089701466,422.26645,0.5034699,0.0,2023-12-26 06:15:48.029016064,VNM,Vietnam,False
2023-12-26,14.238148,107.99799,43.270687,0.17512904,422.3577,0.48575908,0.0,2023-12-26 06:15:48.056012288,VNM,Vietnam,False
2023-12-26,14.229801,108.003204,43.266026,0.28089657,423.48474,0.5146692,0.0,2023-12-26 06:15:48.083008768,VNM,Vietnam,False
2023-12-26,14.307589,107.96063,43.31319,0.5304804,423.5791,0.48598987,0.0,2023-12-26 06:15:48.228008960,VNM,Vietnam,False
2023-12-26,14.291316,107.971924,43.304634,0.30790088,422.70807,0.5012421,0.0,2023-12-26 06:15:48.282001920,VNM,Vietnam,False
2023-12-26,14.28307,107.977486,43.300224,0.19993842,421.83994,0.5105023,0.0,2023-12-26 06:15:48.308998400,VNM,Vietnam,False
2023-12-26,14.27486,107.98293,43.29579,0.10618617,423.47333,0.50392264,0.0,2023-12-26 06:15:48.335994624,VNM,Vietnam,False
2023-12-26,14.266585,107.98832,43.291275,0.0906052,423.36636,0.4557295,0.0,2023-12-26 06:15:48.362991360,VNM,Vietnam,False
2023-12-26,14.258268,107.99362,43.286682,0.17593114,423.1956,0.4873652,0.0,2023-12-26 06:15:48.389022208,VNM,Vietnam,False
2023-12-26,14.249928,107.998825,43.282024,0.2815961,423.25574,0.49262086,0.0,2023-12-26 06:15:48.416018432,VNM,Vietnam,False
2023-12-26,14.311429,107.96753,43.320625,0.30757836,424.26578,0.48662814,0.0,2023-12-26 06:15:48.615011584,VNM,Vietnam,False
2023-12-26,14.303184,107.97309,43.316216,0.19973211,423.05075,0.497752,0.0,2023-12-26 06:15:48.642008064,VNM,Vietnam,False
2023-12-26,14.294975,107.97854,43.311783,0.10632501,423.01474,0.5072259,0.0,2023-12-26 06:15:48.669004544,VNM,Vietnam,False
2023-12-26,14.278386,107.989235,43.30267,0.17663279,422.00626,0.48776588,0.0,2023-12-26 06:15:48.722997248,VNM,Vietnam,False
2023-12-26,14.27004,107.994446,43.298008,0.2822335,422.91467,0.5141418,0.0,2023-12-26 06:15:48.748987904,VNM,Vietnam,False
2023-12-26,14.33154,107.96313,43.336613,0.30725896,423.0598,0.44116595,0.0,2023-12-26 06:15:48.948021248,VNM,Vietnam,False
2023-12-26,14.323297,107.9687,43.332203,0.19952333,424.18274,0.4727647,0.0,2023-12-26 06:15:48.975017472,VNM,Vietnam,False
2023-12-26,14.31509,107.974144,43.32777,0.10645386,424.0211,0.4923056,0.0,2023-12-26 06:15:49.002014208,VNM,Vietnam,False
2023-12-26,14.306818,107.97954,43.323254,0.09213302,423.3333,0.49172643,0.0,2023-12-26 06:15:49.029010432,VNM,Vietnam,False
2023-12-26,14.298503,107.98484,43.31866,0.17733371,423.33084,0.49618357,0.0,2023-12-26 06:15:49.056006912,VNM,Vietnam,False
2023-12-26,14.290157,107.99006,43.314,0.28286642,423.50076,0.47009063,0.0,2023-12-26 06:15:49.083003648,VNM,Vietnam,False
2023-12-26,14.351652,107.958725,43.352608,0.30694044,422.61838,0.47213244,0.0,2023-12-26 06:15:49.281996544,VNM,Vietnam,False
2023-12-26,14.34341,107.964294,43.348198,0.19931732,422.74432,0.4610855,0.0,2023-12-26 06:15:49.308992768,VNM,Vietnam,False
2023-12-26,14.335204,107.96975,43.343765,0.106590316,422.98718,0.48023748,0.0,2023-12-26 06:15:49.335989504,VNM,Vietnam,False
2023-12-26,14.326934,107.97514,43.339245,0.09289471,422.8926,0.49144894,0.0,2023-12-26 06:15:49.363026176,VNM,Vietnam,False
2023-12-26,14.318621,107.98045,43.334656,0.17803907,422.95618,0.46727845,0.0,2023-12-26 06:15:49.389016576,VNM,Vietnam,False
2023-12-26,14.310275,107.985664,43.32999,0.28346458,423.40704,0.48812893,0.0,2023-12-26 06:15:49.416013056,VNM,Vietnam,False
2023-12-26,14.371752,107.95421,43.368538,0.30678514,422.64688,0.47174275,0.0,2023-12-26 06:15:49.615006208,VNM,Vietnam,False
2023-12-26,14.363509,107.95977,43.36412,0.19910052,423.512,0.46441332,0.0,2023-12-26 06:15:49.642002688,VNM,Vietnam,False
2023-12-26,14.355304,107.96521,43.359676,0.10610755,423.2588,0.42817235,0.0,2023-12-26 06:15:49.668998912,VNM,Vietnam,False
2023-12-26,14.347033,107.97059,43.355152,0.09211462,424.10214,0.4308124,0.0,2023-12-26 06:15:49.695995392,VNM,Vietnam,False
2023-12-26,14.375399,107.96063,43.375572,0.10547006,422.70056,0.46899354,0.0,2023-12-26 06:15:50.002008576,VNM,Vietnam,False
2023-12-26,14.367129,107.96602,43.371048,0.09111554,423.09637,0.4724295,0.0,2023-12-26 06:15:50.029005056,VNM,Vietnam,False
2023-12-26,14.350457,107.97655,43.36177,0.28251675,423.48767,0.44514045,0.0,2023-12-26 06:15:50.082998016,VNM,Vietnam,False
2023-12-26,14.378915,107.96675,43.382347,0.17616643,422.97934,0.48352888,0.0,2023-12-26 06:15:50.389011200,VNM,Vietnam,False
2023-12-26,14.37056,107.971985,43.377678,0.28203902,422.81674,0.49366832,0.0,2023-12-26 06:15:50.416007424,VNM,Vietnam,False
2023-12-26,14.448339,107.92921,43.424873,0.52961594,421.35782,0.52587426,0.0,2023-12-26 06:15:50.562013696,VNM,Vietnam,False
2023-12-26,14.504604,107.92817,43.476055,0.20150721,421.7734,0.54998064,0.0,2023-12-26 06:15:51.975001344,VNM,Vietnam,False
2023-12-26,14.541115,107.91243,43.500774,0.4206174,423.3172,0.5275889,0.0,2023-12-26 06:15:52.255023872,VNM,Vietnam,False
2023-12-26,14.520158,107.93553,43.49459,0.17500478,421.17627,0.5233126,0.0,2023-12-26 06:15:52.723015680,VNM,Vietnam,False
2023-12-26,14.581404,107.903656,43.532906,0.42036405,425.76263,0.50108,0.0,2023-12-26 06:15:52.921003008,VNM,Vietnam,False
2023-12-26,14.556858,107.92042,43.519775,0.10874427,424.32285,0.49637628,0.0,2023-12-26 06:15:53.001992448,VNM,Vietnam,False
2023-12-26,14.548605,107.92585,43.515263,0.09222386,422.96762,0.48792565,0.0,2023-12-26 06:15:53.028988928,VNM,Vietnam,False
2023-12-26,14.609637,107.89359,43.55323,0.5315964,425.12494,0.491913,0.0,2023-12-26 06:15:53.228022016,VNM,Vietnam,False
2023-12-26,14.601549,107.899315,43.548992,0.42012593,425.04044,0.5057683,0.0,2023-12-26 06:15:53.255018752,VNM,Vietnam,False
2023-12-26,14.577007,107.916084,43.535862,0.109416164,424.86926,0.5097491,0.0,2023-12-26 06:15:53.336007936,VNM,Vietnam,False
2023-12-26,14.568755,107.92152,43.531353,0.09361739,424.03876,0.4960741,0.0,2023-12-26 06:15:53.363004160,VNM,Vietnam,False
2023-12-26,14.560461,107.926865,43.526768,0.17707834,424.26984,0.49896148,0.0,2023-12-26 06:15:53.388994816,VNM,Vietnam,False
2023-12-26,14.613587,107.90054,43.560764,0.3097807,423.5026,0.52945775,0.0,2023-12-26 06:15:53.615024640,VNM,Vietnam,False
2023-12-26,14.60537,107.90615,43.556362,0.20247458,424.9033,0.50404567,0.0,2023-12-26 06:15:53.642021120,VNM,Vietnam,False
2023-12-26,14.597188,107.91164,43.551933,0.11004686,424.4311,0.5008861,0.0,2023-12-26 06:15:53.669017600,VNM,Vietnam,False
2023-12-26,14.588942,107.91706,43.54742,0.09387746,424.52863,0.51392525,0.0,2023-12-26 06:15:53.696013824,VNM,Vietnam,False
2023-12-26,14.580652,107.92241,43.542835,0.17685749,424.97977,0.5030561,0.0,2023-12-26 06:15:53.723010560,VNM,Vietnam,False
2023-12-26,14.572333,107.92766,43.538177,0.2816196,424.89487,0.5233819,0.0,2023-12-26 06:15:53.749000960,VNM,Vietnam,False
2023-12-26,14.609133,107.91259,43.563488,0.09398059,424.90872,0.51184595,0.0,2023-12-26 06:15:54.029023744,VNM,Vietnam,False
2023-12-26,14.600844,107.91794,43.5589,0.1765801,424.52896,0.5220286,0.0,2023-12-26 06:15:54.056019968,VNM,Vietnam,False
2023-12-26,14.592526,107.92319,43.554245,0.2812375,423.40253,0.5321401,0.0,2023-12-26 06:15:54.083016448,VNM,Vietnam,False
2023-12-26,20.438452,106.57158,48.30308,0.4592402,423.87408,0.81345505,0.0,2023-12-26 06:17:29.920999936,VNM,Vietnam,False
2023-12-26,20.486198,106.55548,48.340504,0.5682989,424.5368,0.76452047,0.0,2023-12-26 06:17:30.561994240,VNM,Vietnam,False
2023-12-26,20.478493,106.56203,48.3363,0.45829087,424.15253,0.71393853,0.0,2023-12-26 06:17:30.588025088,VNM,Vietnam,False
2023-12-26,20.455057,106.58127,48.323265,0.15656096,423.34134,0.6521991,0.0,2023-12-26 06:17:30.669014528,VNM,Vietnam,False
2023-12-26,20.447178,106.587524,48.318794,0.11914335,421.93774,0.652341,0.0,2023-12-26 06:17:30.696010752,VNM,Vietnam,False
2023-12-26,20.50618,106.55069,48.357075,0.5675756,423.48938,0.74897236,0.0,2023-12-26 06:17:30.895004160,VNM,Vietnam,False
2023-12-26,20.498474,106.557236,48.352875,0.45749852,423.8177,0.67896354,0.0,2023-12-26 06:17:30.920994560,VNM,Vietnam,False
2023-12-26,20.518457,106.552444,48.36945,0.45670894,423.47565,0.65559524,0.0,2023-12-26 06:17:31.255010048,VNM,Vietnam,True
2023-12-26,20.510674,106.558945,48.365158,0.34795836,423.3879,0.6238158,0.0,2023-12-26 06:17:31.282006528,VNM,Vietnam,False
2023-12-26,20.502838,106.56539,48.360798,0.24354199,423.79922,0.7356118,0.0,2023-12-26 06:17:31.309002752,VNM,Vietnam,False
2023-12-26,20.49503,106.5717,48.356415,0.15385596,423.1656,0.7644527,0.0,2023-12-26 06:17:31.335999488,VNM,Vietnam,False
2023-12-26,20.546173,106.54112,48.390263,0.5663548,424.01437,0.56459427,0.0,2023-12-26 06:17:31.561988864,VNM,Vietnam,False
2023-12-26,20.5307,106.554184,48.381786,0.347414,422.8984,0.7108705,0.0,2023-12-26 06:17:31.615016192,VNM,Vietnam,False
2023-12-26,20.56622,106.53637,48.40692,0.56610334,421.4824,0.7682653,0.0,2023-12-26 06:17:31.894998528,VNM,Vietnam,False
2023-12-26,20.558525,106.54292,48.402725,0.45591044,422.6816,0.7450546,0.0,2023-12-26 06:17:31.920988928,VNM,Vietnam,False
2023-12-26,20.55075,106.54944,48.39844,0.34707403,423.10205,0.71390015,0.0,2023-12-26 06:17:31.948025600,VNM,Vietnam,False
2023-12-26,20.542921,106.555885,48.39409,0.24249406,422.32693,0.7365299,0.0,2023-12-26 06:17:31.975022336,VNM,Vietnam,False
2023-12-26,20.535122,106.56221,48.38971,0.15250398,422.5291,0.58201385,0.0,2023-12-26 06:17:32.002018816,VNM,Vietnam,False
2023-12-26,20.527252,106.568474,48.385246,0.115051284,423.4635,0.6146591,0.0,2023-12-26 06:17:32.029015040,VNM,Vietnam,False
2023-12-26,20.5708,106.544685,48.415104,0.3467348,422.21582,0.7361424,0.0,2023-12-26 06:17:32.282000896,VNM,Vietnam,False
2023-12-26,20.562973,106.55114,48.410748,0.24206342,423.24573,0.7926438,0.0,2023-12-26 06:17:32.308997632,VNM,Vietnam,False
2023-12-26,20.555174,106.557465,48.40637,0.15190957,421.9379,0.73322755,0.0,2023-12-26 06:17:32.335994112,VNM,Vietnam,False
2023-12-26,20.547306,106.563736,48.401905,0.11438753,422.24542,0.7184663,0.0,2023-12-26 06:17:32.362990336,VNM,Vietnam,False
2023-12-26,20.539389,106.56992,48.39737,0.16980024,423.58286,0.6824914,0.0,2023-12-26 06:17:32.389021184,VNM,Vietnam,False
2023-12-26,20.60631,106.52685,48.44023,0.56558055,420.54697,0.8020092,0.0,2023-12-26 06:17:32.562023680,VNM,Vietnam,False
2023-12-26,20.598618,106.53341,48.436035,0.4553108,421.12497,0.73788416,0.0,2023-12-26 06:17:32.588014336,VNM,Vietnam,False
2023-12-26,20.575218,106.55271,48.42302,0.1512088,422.4087,0.7711048,0.0,2023-12-26 06:17:32.669003520,VNM,Vietnam,False
2023-12-26,20.56735,106.55898,48.418556,0.11357581,422.671,0.7722661,0.0,2023-12-26 06:17:32.696000000,VNM,Vietnam,False
2023-12-26,20.559435,106.56517,48.414017,0.1693427,422.6277,0.71113354,0.0,2023-12-26 06:17:32.722996480,VNM,Vietnam,False
2023-12-26,20.551464,106.57129,48.409397,0.264656,422.96185,0.7505165,0.0,2023-12-26 06:17:32.749027328,VNM,Vietnam,False
2023-12-26,20.610884,106.535164,48.448402,0.34595343,422.07953,0.76995045,0.0,2023-12-26 06:17:32.948020480,VNM,Vietnam,False
2023-12-26,20.603058,106.54162,48.444046,0.24105376,421.4138,0.71259713,0.0,2023-12-26 06:17:32.975016960,VNM,Vietnam,False
2023-12-26,20.59526,106.54795,48.439667,0.15048249,420.8694,0.7302299,0.0,2023-12-26 06:17:33.002013184,VNM,Vietnam,False
2023-12-26,20.587393,106.55423,48.435204,0.11274626,420.71768,0.7608718,0.0,2023-12-26 06:17:33.029009920,VNM,Vietnam,False
2023-12-26,20.57948,106.56042,48.430664,0.16888686,422.5883,0.76309717,0.0,2023-12-26 06:17:33.056006144,VNM,Vietnam,False
2023-12-26,20.57151,106.566536,48.42605,0.26442957,422.79333,0.80087656,0.0,2023-12-26 06:17:33.083002624,VNM,Vietnam,False
2023-12-26,20.607437,106.54947,48.451855,0.1119211,423.30695,0.5792158,0.0,2023-12-26 06:17:33.363025152,VNM,Vietnam,False
2023-12-26,20.599524,106.555664,48.447315,0.16843784,422.8076,0.7063621,0.0,2023-12-26 06:17:33.389015552,VNM,Vietnam,False
2023-12-26,20.591555,106.56178,48.442696,0.26421538,422.32983,0.7775451,0.0,2023-12-26 06:17:33.416012288,VNM,Vietnam,False
2023-12-26,20.619493,106.55089,48.463894,0.16797802,421.08743,0.7707873,0.0,2023-12-26 06:17:33.722991104,VNM,Vietnam,False
2023-12-26,20.611523,106.55701,48.45927,0.26421362,422.85623,0.7611026,0.0,2023-12-26 06:17:33.749021952,VNM,Vietnam,False
2023-12-26,20.63149,106.55223,48.475845,0.26422465,421.7519,0.8082839,0.0,2023-12-26 06:17:34.082996992,VNM,Vietnam,True
2023-12-26,20.7063,106.50293,48.523293,0.56259054,424.80478,0.5884214,0.0,2023-12-26 06:17:34.227997184,VNM,Vietnam,False
2023-12-26,20.698608,106.5095,48.519093,0.45199454,424.53076,0.75243616,0.0,2023-12-26 06:17:34.254993920,VNM,Vietnam,False
2023-12-26,20.690836,106.51603,48.514805,0.3425603,423.7158,0.7207139,0.0,2023-12-26 06:17:34.281990400,VNM,Vietnam,False
2023-12-26,20.683008,106.5225,48.510445,0.23699366,423.66678,0.66852653,0.0,2023-12-26 06:17:34.308986624,VNM,Vietnam,False
2023-12-26,20.726324,106.49825,48.539978,0.561806,423.35635,0.7711578,0.0,2023-12-26 06:17:34.562012928,VNM,Vietnam,False
2023-12-26,20.718643,106.504845,48.535797,0.4512429,424.0668,0.6686216,0.0,2023-12-26 06:17:34.588003328,VNM,Vietnam,False
2023-12-26,20.695282,106.52426,48.52282,0.14532362,423.96564,0.7886985,0.0,2023-12-26 06:17:34.668992768,VNM,Vietnam,False
2023-12-26,20.687426,106.53056,48.518368,0.10896999,421.1351,0.7501726,0.0,2023-12-26 06:17:34.695989248,VNM,Vietnam,False
2023-12-26,20.746418,106.49371,48.55679,0.56116176,422.97345,0.703424,0.0,2023-12-26 06:17:34.895022336,VNM,Vietnam,False
2023-12-26,20.738739,106.50031,48.55261,0.4506764,422.84644,0.72217125,0.0,2023-12-26 06:17:34.921012992,VNM,Vietnam,False
2023-12-26,20.73098,106.506874,48.548336,0.34144488,423.26157,0.7542137,0.0,2023-12-26 06:17:34.948009472,VNM,Vietnam,False
2023-12-26,20.71538,106.51974,48.539627,0.1457202,423.18835,0.7977705,0.0,2023-12-26 06:17:35.002002432,VNM,Vietnam,False
2023-12-26,20.707525,106.52605,48.53518,0.11043185,423.37878,0.72019035,0.0,2023-12-26 06:17:35.028998912,VNM,Vietnam,False
2023-12-26,20.699623,106.53227,48.53065,0.17009956,423.09445,0.75249046,0.0,2023-12-26 06:17:35.055995136,VNM,Vietnam,False
2023-12-26,20.691666,106.53843,48.526047,0.266997,421.85254,0.80048007,0.0,2023-12-26 06:17:35.082991616,VNM,Vietnam,False
2023-12-26,20.751076,106.50234,48.56515,0.34101304,422.73602,0.7221515,0.0,2023-12-26 06:17:35.282025216,VNM,Vietnam,False
2023-12-26,20.719725,106.527756,48.547462,0.17164624,423.73288,0.77979934,0.0,2023-12-26 06:17:35.389005056,VNM,Vietnam,False
2023-12-26,20.771088,106.49758,48.581795,0.34032917,423.1947,0.69081897,0.0,2023-12-26 06:17:35.614994432,VNM,Vietnam,False
2023-12-26,20.755472,106.51039,48.57304,0.14480859,423.44778,0.63253504,0.0,2023-12-26 06:17:35.668987392,VNM,Vietnam,True
2023-12-26,20.739697,106.52288,48.564022,0.17044644,421.41638,0.7255864,0.0,2023-12-26 06:17:35.723020544,VNM,Vietnam,False
2023-12-26,20.791048,106.49268,48.59834,0.3395058,422.62308,0.7064508,0.0,2023-12-26 06:17:35.948004352,VNM,Vietnam,False
2023-12-26,20.775436,106.5055,48.58959,0.14303713,423.32318,0.67752784,0.0,2023-12-26 06:17:36.001997056,VNM,Vietnam,False
2023-12-26,20.767574,106.51179,48.585117,0.10795754,423.7223,0.69540143,0.0,2023-12-26 06:17:36.028993280,VNM,Vietnam,False
2023-12-26,20.759665,106.518,48.58057,0.16913486,422.2847,0.727193,0.0,2023-12-26 06:17:36.055989760,VNM,Vietnam,False
2023-12-26,20.7954,106.50061,48.606136,0.14128166,424.10214,0.5718071,0.0,2023-12-26 06:17:36.336012288,VNM,Vietnam,False
2023-12-26,20.77963,106.513115,48.59712,0.16784713,423.8761,0.60800827,0.0,2023-12-26 06:17:36.388999424,VNM,Vietnam,False
2023-12-26,20.771673,106.51925,48.5925,0.2660006,423.6784,0.7548985,0.0,2023-12-26 06:17:36.415996160,VNM,Vietnam,False
2023-12-26,20.831059,106.48296,48.631546,0.33853284,423.2946,0.753768,0.0,2023-12-26 06:17:36.614989056,VNM,Vietnam,False
2023-12-26,20.823252,106.48945,48.627197,0.23273422,422.29294,0.6690893,0.0,2023-12-26 06:17:36.641985536,VNM,Vietnam,False
2023-12-26,20.839937,106.4988,48.647285,0.16585606,422.7426,0.7675444,0.0,2023-12-26 06:17:37.388994304,VNM,Vietnam,False
2023-12-26,20.967634,106.4413,48.740997,0.56495225,424.9961,0.6320694,0.0,2023-12-26 06:17:38.561991168,VNM,Vietnam,False
2023-12-26,21.000341,106.43833,48.770443,0.4565353,422.75238,0.71301323,0.0,2023-12-26 06:17:39.255006720,VNM,Vietnam,False
2023-12-26,20.992607,106.4449,48.766174,0.34697762,424.11862,0.67984504,0.0,2023-12-26 06:17:39.282003456,VNM,Vietnam,False
2023-12-26,20.969223,106.46413,48.753017,0.10528957,425.34085,0.6962942,0.0,2023-12-26 06:17:39.362992640,VNM,Vietnam,False
2023-12-26,21.00502,106.4467,48.778694,0.24203545,423.8036,0.6317998,0.0,2023-12-26 06:17:39.642009600,VNM,Vietnam,False
2023-12-26,21.009647,106.45476,48.786777,0.10672258,422.56522,0.63282824,0.0,2023-12-26 06:17:40.029011968,VNM,Vietnam,False
2023-12-26,21.088787,106.41289,48.84211,0.570737,425.65363,0.6498396,0.0,2023-12-26 06:17:40.562020608,VNM,Vietnam,False
2023-12-26,21.057858,106.43906,48.824963,0.15195988,424.27734,0.6848937,0.0,2023-12-26 06:17:40.669000448,VNM,Vietnam,False
2023-12-26,21.108942,106.408195,48.858955,0.5711656,423.37634,0.5732245,0.0,2023-12-26 06:17:40.894990080,VNM,Vietnam,False
2023-12-26,21.09356,106.42143,48.85051,0.35123822,424.80655,0.6139988,0.0,2023-12-26 06:17:40.948017152,VNM,Vietnam,False
2023-12-26,21.07019,106.44073,48.83736,0.108756,425.59332,0.65888435,0.0,2023-12-26 06:17:41.029006592,VNM,Vietnam,False
2023-12-26,21.129095,106.4035,48.875805,0.5715935,423.42786,0.52860343,0.0,2023-12-26 06:17:41.227999744,VNM,Vietnam,False
2023-12-26,21.121447,106.41015,48.871624,0.46109986,424.22595,0.50290114,0.0,2023-12-26 06:17:41.254995968,VNM,Vietnam,False
2023-12-26,21.105932,106.42329,48.86302,0.24607265,425.26843,0.5346231,0.0,2023-12-26 06:17:41.308988928,VNM,Vietnam,False
2023-12-26,21.098177,106.4297,48.858658,0.15331028,425.37976,0.5751385,0.0,2023-12-26 06:17:41.336025600,VNM,Vietnam,False
2023-12-26,21.082478,106.44233,48.84969,0.16172537,425.6354,0.6797101,0.0,2023-12-26 06:17:41.389012480,VNM,Vietnam,False
2023-12-26,21.14927,106.39883,48.892677,0.57215786,422.51004,0.64514595,0.0,2023-12-26 06:17:41.562014976,VNM,Vietnam,False
2023-12-26,21.141624,106.40547,48.8885,0.46172488,422.39273,0.5278003,0.0,2023-12-26 06:17:41.588005888,VNM,Vietnam,False
2023-12-26,21.133898,106.41208,48.88424,0.35244414,423.11606,0.55299675,0.0,2023-12-26 06:17:41.615002112,VNM,Vietnam,False
2023-12-26,21.110546,106.4314,48.8711,0.11031626,424.6295,0.59843963,0.0,2023-12-26 06:17:41.695991552,VNM,Vietnam,False
2023-12-26,21.102678,106.437675,48.866585,0.16200474,424.58,0.638225,0.0,2023-12-26 06:17:41.722987776,VNM,Vietnam,True
2023-12-26,21.169462,106.39416,48.909573,0.5728769,422.39963,0.57676095,0.0,2023-12-26 06:17:41.895024896,VNM,Vietnam,False
2023-12-26,21.16182,106.40081,48.9054,0.4624893,421.40543,0.642436,0.0,2023-12-26 06:17:41.921015296,VNM,Vietnam,False
2023-12-26,21.154097,106.40742,48.90114,0.35327664,421.32416,0.6190623,0.0,2023-12-26 06:17:41.948011776,VNM,Vietnam,False
2023-12-26,21.146318,106.41396,48.8968,0.24784881,421.14697,0.56151325,0.0,2023-12-26 06:17:41.975008256,VNM,Vietnam,False
2023-12-26,21.138567,106.42039,48.892445,0.15544456,422.88004,0.5462444,0.0,2023-12-26 06:17:42.002004736,VNM,Vietnam,False
2023-12-26,21.130749,106.42674,48.888,0.11131619,423.27408,0.5570322,0.0,2023-12-26 06:17:42.029001216,VNM,Vietnam,False
2023-12-26,21.12288,106.43302,48.883484,0.16230008,424.2143,0.57099116,0.0,2023-12-26 06:17:42.055997696,VNM,Vietnam,False
2023-12-26,21.189657,106.38949,48.92647,0.573596,421.98373,0.5941503,0.0,2023-12-26 06:17:42.227994112,VNM,Vietnam,False
2023-12-26,21.182014,106.39614,48.9223,0.46325436,422.32785,0.6261829,0.0,2023-12-26 06:17:42.254990592,VNM,Vietnam,False
2023-12-26,21.174294,106.402756,48.918037,0.3541103,422.50635,0.6108409,0.0,2023-12-26 06:17:42.282027264,VNM,Vietnam,False
2023-12-26,21.166515,106.4093,48.913704,0.24879356,422.089,0.5150895,0.0,2023-12-26 06:17:42.309023744,VNM,Vietnam,False
2023-12-26,21.158768,106.415726,48.909348,0.15655994,422.17996,0.5543311,0.0,2023-12-26 06:17:42.336020224,VNM,Vietnam,False
2023-12-26,21.15095,106.42209,48.904903,0.11232324,423.10092,0.6176835,0.0,2023-12-26 06:17:42.363016704,VNM,Vietnam,False
2023-12-26,21.143082,106.428375,48.900387,0.16260734,423.03098,0.57980555,0.0,2023-12-26 06:17:42.389007104,VNM,Vietnam,False
2023-12-26,21.135159,106.43458,48.895786,0.2565927,423.7015,0.6098378,0.0,2023-12-26 06:17:42.416003584,VNM,Vietnam,False
2023-12-26,21.209816,106.3848,48.943336,0.5740246,422.5866,0.5165268,0.0,2023-12-26 06:17:42.562009856,VNM,Vietnam,False
2023-12-26,21.202168,106.391464,48.939156,0.46366468,422.44202,0.6101617,0.0,2023-12-26 06:17:42.588000256,VNM,Vietnam,False
2023-12-26,21.19444,106.39807,48.934887,0.35451245,421.6278,0.59777844,0.0,2023-12-26 06:17:42.614996736,VNM,Vietnam,False
2023-12-26,21.186659,106.404625,48.93055,0.24920812,421.74124,0.65394276,0.0,2023-12-26 06:17:42.641992960,VNM,Vietnam,False
2023-12-26,21.178905,106.41105,48.926186,0.15702498,422.54797,0.5771243,0.0,2023-12-26 06:17:42.668989696,VNM,Vietnam,False
2023-12-26,21.171082,106.41741,48.921734,0.11278148,421.7569,0.51103354,0.0,2023-12-26 06:17:42.695985920,VNM,Vietnam,False
2023-12-26,21.16321,106.42369,48.91721,0.16284728,422.15414,0.58731973,0.0,2023-12-26 06:17:42.723022592,VNM,Vietnam,False
2023-12-26,21.155283,106.4299,48.91261,0.25672644,422.8143,0.5845914,0.0,2023-12-26 06:17:42.749013504,VNM,Vietnam,False
2023-12-26,21.22993,106.38011,48.96016,0.57412434,423.67783,0.5585301,0.0,2023-12-26 06:17:42.895019264,VNM,Vietnam,False
2023-12-26,21.222284,106.386765,48.95598,0.4637833,423.03156,0.53196657,0.0,2023-12-26 06:17:42.921009920,VNM,Vietnam,False
2023-12-26,21.21456,106.39338,48.95171,0.35466033,422.09058,0.5972008,0.0,2023-12-26 06:17:42.948006400,VNM,Vietnam,False
2023-12-26,21.206778,106.39993,48.947372,0.24940689,421.15445,0.66169614,0.0,2023-12-26 06:17:42.975002880,VNM,Vietnam,False
2023-12-26,21.199026,106.406364,48.94301,0.15732013,420.78857,0.659219,0.0,2023-12-26 06:17:43.001999360,VNM,Vietnam,False
2023-12-26,21.191204,106.41273,48.938557,0.11316252,421.83514,0.6296288,0.0,2023-12-26 06:17:43.028995840,VNM,Vietnam,False
2023-12-26,21.183332,106.419014,48.934036,0.16308811,422.54468,0.65081567,0.0,2023-12-26 06:17:43.055992064,VNM,Vietnam,False
2023-12-26,21.17541,106.425224,48.929432,0.25686386,421.9633,0.64602476,0.0,2023-12-26 06:17:43.082988544,VNM,Vietnam,False
2023-12-26,21.250048,106.37541,48.976982,0.5742232,422.16193,0.5181094,0.0,2023-12-26 06:17:43.227988736,VNM,Vietnam,False
2023-12-26,21.242403,106.38207,48.9728,0.46390128,422.7588,0.5816354,0.0,2023-12-26 06:17:43.255025408,VNM,Vietnam,False
2023-12-26,21.234678,106.38869,48.968536,0.35480794,421.961,0.6098474,0.0,2023-12-26 06:17:43.282021888,VNM,Vietnam,False
2023-12-26,21.226898,106.39525,48.964195,0.24960609,421.919,0.64586836,0.0,2023-12-26 06:17:43.309018368,VNM,Vietnam,False
2023-12-26,21.219147,106.40167,48.95983,0.157617,420.6729,0.6324033,0.0,2023-12-26 06:17:43.336014848,VNM,Vietnam,False
2023-12-26,21.211327,106.40804,48.955383,0.11354725,421.40164,0.6449973,0.0,2023-12-26 06:17:43.363011072,VNM,Vietnam,False
2023-12-26,21.203457,106.41433,48.95086,0.1633333,422.04324,0.64440507,0.0,2023-12-26 06:17:43.389001728,VNM,Vietnam,False
2023-12-26,21.195534,106.42055,48.94626,0.257,422.5843,0.6646892,0.0,2023-12-26 06:17:43.415998208,VNM,Vietnam,False
2023-12-26,21.270164,106.370705,48.99381,0.5743723,421.13922,0.6420747,0.0,2023-12-26 06:17:43.562004224,VNM,Vietnam,False
2023-12-26,21.262522,106.377365,48.989628,0.46407512,422.22394,0.55826336,0.0,2023-12-26 06:17:43.587994880,VNM,Vietnam,False
2023-12-26,21.254799,106.38399,48.985363,0.35501394,421.5765,0.5796403,0.0,2023-12-26 06:17:43.614991104,VNM,Vietnam,False
2023-12-26,21.247023,106.39055,48.98102,0.24985796,422.1992,0.6041093,0.0,2023-12-26 06:17:43.641987840,VNM,Vietnam,False
2023-12-26,21.290287,106.36599,49.010635,0.57457817,422.4731,0.5218027,0.0,2023-12-26 06:17:43.895013888,VNM,Vietnam,False
2023-12-26,21.282646,106.37266,49.00646,0.46429467,422.92877,0.6328851,0.0,2023-12-26 06:17:43.921004544,VNM,Vietnam,False
2023-12-26,21.274923,106.37928,49.00219,0.35525402,422.58545,0.5823683,0.0,2023-12-26 06:17:43.948001024,VNM,Vietnam,False
2023-12-26,21.267147,106.38584,48.997852,0.25013137,422.45264,0.5449627,0.0,2023-12-26 06:17:43.974997504,VNM,Vietnam,False
2023-12-26,21.2594,106.39227,48.99349,0.15825993,422.4483,0.5412961,0.0,2023-12-26 06:17:44.001993984,VNM,Vietnam,False
2023-12-26,21.302769,106.36794,49.02329,0.46451354,420.17493,0.6211955,0.0,2023-12-26 06:17:44.255020032,VNM,Vietnam,False
2023-12-26,21.295048,106.37457,49.01902,0.35549375,421.76154,0.5433886,0.0,2023-12-26 06:17:44.282016512,VNM,Vietnam,False
2023-12-26,21.287271,106.381134,49.014683,0.25040495,422.05853,0.6209756,0.0,2023-12-26 06:17:44.309012992,VNM,Vietnam,False
2023-12-26,21.279526,106.387566,49.01032,0.15858603,421.8051,0.6001662,0.0,2023-12-26 06:17:44.336009216,VNM,Vietnam,False
2023-12-26,21.271708,106.39394,49.00587,0.11445701,421.741,0.5905585,0.0,2023-12-26 06:17:44.363005696,VNM,Vietnam,False
2023-12-26,21.263844,106.400246,49.001347,0.16364402,421.93185,0.58017725,0.0,2023-12-26 06:17:44.388996352,VNM,Vietnam,False
2023-12-26,21.255917,106.406456,48.99674,0.25695845,421.98273,0.6880458,0.0,2023-12-26 06:17:44.415992832,VNM,Vietnam,False
2023-12-26,21.330448,106.35646,49.044186,0.57460475,421.6448,0.55618316,0.0,2023-12-26 06:17:44.561998848,VNM,Vietnam,False
2023-12-26,21.322794,106.36311,49.039986,0.4642125,419.77225,0.6916009,0.0,2023-12-26 06:17:44.587989248,VNM,Vietnam,False
2023-12-26,21.315062,106.36973,49.035698,0.35501078,420.6344,0.6200087,0.0,2023-12-26 06:17:44.615025920,VNM,Vietnam,False
2023-12-26,21.307272,106.376274,49.03134,0.24961644,422.18658,0.5016311,0.0,2023-12-26 06:17:44.642022656,VNM,Vietnam,False
2023-12-26,21.299513,106.3827,49.02696,0.15722032,421.71408,0.5447001,0.0,2023-12-26 06:17:44.669018880,VNM,Vietnam,False
2023-12-26,21.291683,106.38905,49.022488,0.11245468,420.8718,0.5858099,0.0,2023-12-26 06:17:44.696015360,VNM,Vietnam,False
2023-12-26,21.283804,106.39534,49.017944,0.16223347,421.57794,0.5801451,0.0,2023-12-26 06:17:44.723012096,VNM,Vietnam,False
2023-12-26,21.275871,106.40154,49.013325,0.25611204,421.95724,0.61599535,0.0,2023-12-26 06:17:44.749002496,VNM,Vietnam,False
2023-12-26,21.350393,106.35153,49.060772,0.57400095,421.76007,0.54922706,0.0,2023-12-26 06:17:44.895008512,VNM,Vietnam,False
2023-12-26,21.342741,106.358185,49.056576,0.46349385,421.2155,0.55679387,0.0,2023-12-26 06:17:44.920999168,VNM,Vietnam,False
2023-12-26,21.335009,106.3648,49.052288,0.35411417,421.02994,0.5604459,0.0,2023-12-26 06:17:44.947995648,VNM,Vietnam,False
2023-12-26,21.327223,106.37135,49.047928,0.24841048,420.8041,0.5564459,0.0,2023-12-26 06:17:44.974992128,VNM,Vietnam,False
2023-12-26,21.319464,106.37778,49.043545,0.15542445,421.71814,0.57463455,0.0,2023-12-26 06:17:45.001988352,VNM,Vietnam,False
2023-12-26,21.311634,106.38414,49.039078,0.11011974,422.20154,0.52108175,0.0,2023-12-26 06:17:45.029025024,VNM,Vietnam,False
2023-12-26,21.303759,106.39043,49.034534,0.1607725,421.82892,0.53842866,0.0,2023-12-26 06:17:45.056021504,VNM,Vietnam,False
2023-12-26,21.295826,106.39663,49.029915,0.25528726,422.15475,0.639015,0.0,2023-12-26 06:17:45.083017728,VNM,Vietnam,False
2023-12-26,21.370338,106.346596,49.077366,0.57340544,421.62985,0.52875376,0.0,2023-12-26 06:17:45.228018176,VNM,Vietnam,False
2023-12-26,21.362688,106.35326,49.073166,0.4627855,422.08142,0.60226536,0.0,2023-12-26 06:17:45.255014656,VNM,Vietnam,False
2023-12-26,21.354958,106.35987,49.06888,0.35323074,421.9624,0.63519204,0.0,2023-12-26 06:17:45.282011136,VNM,Vietnam,False
2023-12-26,21.347172,106.366425,49.06452,0.24722134,421.83276,0.5887028,0.0,2023-12-26 06:17:45.309007360,VNM,Vietnam,False
2023-12-26,21.339415,106.372856,49.06014,0.15364517,421.49164,0.57553023,0.0,2023-12-26 06:17:45.336003840,VNM,Vietnam,False
2023-12-26,21.331587,106.37922,49.05567,0.10778913,420.743,0.580853,0.0,2023-12-26 06:17:45.363000320,VNM,Vietnam,False
2023-12-26,21.323711,106.385506,49.05113,0.15933628,421.75488,0.5869588,0.0,2023-12-26 06:17:45.388990976,VNM,Vietnam,False
2023-12-26,21.315786,106.39172,49.046516,0.25449976,421.08063,0.61820626,0.0,2023-12-26 06:17:45.415987456,VNM,Vietnam,False
2023-12-26,21.390368,106.34174,49.094067,0.57326263,421.50778,0.58754474,0.0,2023-12-26 06:17:45.561993472,VNM,Vietnam,False
2023-12-26,21.382732,106.34842,49.089886,0.462666,420.9738,0.55711746,0.0,2023-12-26 06:17:45.588024064,VNM,Vietnam,False
2023-12-26,21.375015,106.35506,49.085617,0.35312724,421.0991,0.55120873,0.0,2023-12-26 06:17:45.615020800,VNM,Vietnam,False
2023-12-26,21.367247,106.361626,49.081276,0.24711522,421.68256,0.54480577,0.0,2023-12-26 06:17:45.642017024,VNM,Vietnam,False
2023-12-26,21.359505,106.36807,49.076912,0.15348344,421.214,0.5121488,0.0,2023-12-26 06:17:45.669013504,VNM,Vietnam,False
2023-12-26,21.351692,106.37445,49.072464,0.107478924,421.40604,0.5697582,0.0,2023-12-26 06:17:45.696010240,VNM,Vietnam,False
2023-12-26,21.343832,106.38076,49.06794,0.15901043,421.77246,0.57038933,0.0,2023-12-26 06:17:45.723006464,VNM,Vietnam,False
2023-12-26,21.335917,106.386986,49.06334,0.25416625,421.79526,0.6312622,0.0,2023-12-26 06:17:45.748996864,VNM,Vietnam,False
2023-12-26,21.410488,106.33699,49.11089,0.5736226,421.2734,0.6305877,0.0,2023-12-26 06:17:45.895003136,VNM,Vietnam,False
2023-12-26,21.402855,106.343666,49.10671,0.46302238,421.8102,0.62895995,0.0,2023-12-26 06:17:45.920993792,VNM,Vietnam,False
2023-12-26,21.39514,106.3503,49.102444,0.35347617,420.5767,0.66963357,0.0,2023-12-26 06:17:45.947990272,VNM,Vietnam,False
2023-12-26,21.387371,106.35687,49.098103,0.24744508,421.8127,0.6198816,0.0,2023-12-26 06:17:45.974986496,VNM,Vietnam,False
2023-12-26,21.379631,106.36332,49.09374,0.15374547,421.67905,0.5893379,0.0,2023-12-26 06:17:46.002023168,VNM,Vietnam,False
2023-12-26,21.37182,106.36971,49.08929,0.107467405,421.83524,0.58240664,0.0,2023-12-26 06:17:46.029019648,VNM,Vietnam,False
2023-12-26,21.36396,106.376015,49.084766,0.15874152,421.58545,0.5737456,0.0,2023-12-26 06:17:46.056015872,VNM,Vietnam,False
2023-12-26,21.356047,106.38225,49.080166,0.2538356,421.33685,0.6423206,0.0,2023-12-26 06:17:46.083012608,VNM,Vietnam,False
2023-12-26,21.43061,106.33223,49.12772,0.5739816,421.20544,0.5547546,0.0,2023-12-26 06:17:46.228012800,VNM,Vietnam,False
2023-12-26,21.422977,106.338905,49.12354,0.46337798,421.26755,0.5545806,0.0,2023-12-26 06:17:46.255009280,VNM,Vietnam,False
2023-12-26,21.415264,106.34555,49.11927,0.35382465,422.06787,0.61049837,0.0,2023-12-26 06:17:46.282005504,VNM,Vietnam,False
2023-12-26,21.407497,106.35213,49.11493,0.24777502,421.6728,0.6129305,0.0,2023-12-26 06:17:46.309001984,VNM,Vietnam,False
2023-12-26,21.399757,106.358574,49.110565,0.15400907,421.06442,0.63753283,0.0,2023-12-26 06:17:46.335998464,VNM,Vietnam,False
2023-12-26,21.391947,106.36497,49.106117,0.10746043,422.25766,0.6457922,0.0,2023-12-26 06:17:46.362994944,VNM,Vietnam,False
2023-12-26,21.384089,106.37128,49.101593,0.15847631,421.58554,0.5823227,0.0,2023-12-26 06:17:46.389025792,VNM,Vietnam,False
2023-12-26,21.376177,106.3775,49.096992,0.25348487,421.19345,0.62591946,0.0,2023-12-26 06:17:46.416022272,VNM,Vietnam,False
2023-12-26,21.450745,106.32744,49.144547,0.57457715,421.75748,0.5578275,0.0,2023-12-26 06:17:46.561987840,VNM,Vietnam,False
2023-12-26,21.443115,106.334114,49.140366,0.4639967,420.75327,0.56528467,0.0,2023-12-26 06:17:46.588018944,VNM,Vietnam,False
2023-12-26,21.435404,106.34075,49.136097,0.3544485,421.28143,0.5759815,0.0,2023-12-26 06:17:46.615015168,VNM,Vietnam,False
2023-12-26,21.42764,106.34732,49.131756,0.24835654,420.89713,0.55998385,0.0,2023-12-26 06:17:46.642011648,VNM,Vietnam,False
2023-12-26,21.419905,106.35377,49.12739,0.15438415,421.7366,0.63518864,0.0,2023-12-26 06:17:46.669008128,VNM,Vietnam,False
2023-12-26,21.412098,106.36015,49.122944,0.107091404,420.98233,0.6759412,0.0,2023-12-26 06:17:46.696004608,VNM,Vietnam,False
2023-12-26,21.470892,106.3226,49.16137,0.5754403,421.03473,0.6439247,0.0,2023-12-26 06:17:46.894997504,VNM,Vietnam,False
2023-12-26,21.463263,106.329285,49.15719,0.46483186,420.81552,0.6646305,0.0,2023-12-26 06:17:46.921028608,VNM,Vietnam,False
2023-12-26,21.455555,106.33592,49.152924,0.35523525,421.13785,0.5669356,0.0,2023-12-26 06:17:46.948025088,VNM,Vietnam,False
2023-12-26,21.447792,106.3425,49.148582,0.2490427,421.259,0.5452977,0.0,2023-12-26 06:17:46.975021312,VNM,Vietnam,False
2023-12-26,21.440056,106.348946,49.14422,0.15479496,421.31735,0.55360335,0.0,2023-12-26 06:17:47.002017792,VNM,Vietnam,False
2023-12-26,21.432251,106.35534,49.13977,0.1066805,420.90723,0.59335905,0.0,2023-12-26 06:17:47.029014016,VNM,Vietnam,False
2023-12-26,21.424397,106.36165,49.135246,0.15658338,421.66037,0.66082853,0.0,2023-12-26 06:17:47.056010752,VNM,Vietnam,False
2023-12-26,21.416489,106.36788,49.130642,0.25144064,422.07666,0.6936041,0.0,2023-12-26 06:17:47.083006976,VNM,Vietnam,False
2023-12-26,21.491037,106.31777,49.1782,0.57630295,421.9796,0.54472715,0.0,2023-12-26 06:17:47.228007424,VNM,Vietnam,False
2023-12-26,21.483412,106.324455,49.17402,0.46566692,420.30646,0.53224695,0.0,2023-12-26 06:17:47.255003648,VNM,Vietnam,False
2023-12-26,21.475704,106.3311,49.16975,0.3560227,421.5949,0.6005579,0.0,2023-12-26 06:17:47.282000128,VNM,Vietnam,False
2023-12-26,21.467941,106.33768,49.165413,0.24973124,422.24847,0.5913493,0.0,2023-12-26 06:17:47.308996608,VNM,Vietnam,False
2023-12-26,21.460209,106.34413,49.16105,0.15521273,422.13345,0.56401646,0.0,2023-12-26 06:17:47.335993088,VNM,Vietnam,False
2023-12-26,21.452404,106.35052,49.156597,0.10628166,421.22757,0.5811516,0.0,2023-12-26 06:17:47.362989312,VNM,Vietnam,False
2023-12-26,21.444551,106.356834,49.152073,0.15562713,420.99655,0.5818377,0.0,2023-12-26 06:17:47.389020416,VNM,Vietnam,False
2023-12-26,21.436646,106.363075,49.147476,0.250469,422.1877,0.7003683,0.0,2023-12-26 06:17:47.416016896,VNM,Vietnam,False
2023-12-26,21.511204,106.313034,49.195084,0.576969,421.99582,0.5690595,0.0,2023-12-26 06:17:47.562022656,VNM,Vietnam,False
2023-12-26,21.50358,106.31973,49.19091,0.46632248,421.85226,0.64293844,0.0,2023-12-26 06:17:47.588013312,VNM,Vietnam,False
2023-12-26,21.495878,106.32639,49.186653,0.35669655,421.62845,0.51900834,0.0,2023-12-26 06:17:47.615009792,VNM,Vietnam,False
2023-12-26,21.488121,106.33299,49.182323,0.2504831,421.8052,0.5236577,0.0,2023-12-26 06:17:47.642006272,VNM,Vietnam,False
2023-12-26,21.48039,106.33946,49.177967,0.15617207,422.2707,0.5081092,0.0,2023-12-26 06:17:47.669002752,VNM,Vietnam,False
2023-12-26,21.472591,106.34588,49.17353,0.10743717,422.15778,0.54278654,0.0,2023-12-26 06:17:47.695999232,VNM,Vietnam,False
2023-12-26,21.464743,106.35221,49.169014,0.15632828,421.51038,0.5168528,0.0,2023-12-26 06:17:47.722995456,VNM,Vietnam,False
2023-12-26,21.456839,106.35847,49.16442,0.25085184,421.834,0.5619594,0.0,2023-12-26 06:17:47.749026304,VNM,Vietnam,False
2023-12-26,21.53139,106.3084,49.212032,0.57741475,421.36273,0.5931297,0.0,2023-12-26 06:17:47.894992384,VNM,Vietnam,False
2023-12-26,21.523767,106.31511,49.20786,0.46683264,421.52048,0.5756558,0.0,2023-12-26 06:17:47.921023232,VNM,Vietnam,False
2023-12-26,21.516066,106.32177,49.2036,0.35730603,420.93167,0.5903847,0.0,2023-12-26 06:17:47.948019456,VNM,Vietnam,False
2023-12-26,21.508308,106.32837,49.199272,0.25126395,421.53427,0.55034786,0.0,2023-12-26 06:17:47.975015936,VNM,Vietnam,False
2023-12-26,21.50058,106.33485,49.194916,0.15727706,420.97745,0.5229256,0.0,2023-12-26 06:17:48.002012160,VNM,Vietnam,False
2023-12-26,21.492783,106.34126,49.190475,0.10882159,421.47522,0.50913054,0.0,2023-12-26 06:17:48.029008896,VNM,Vietnam,False
2023-12-26,21.484934,106.347595,49.185963,0.1571223,421.4382,0.5947642,0.0,2023-12-26 06:17:48.056005120,VNM,Vietnam,False
2023-12-26,21.477032,106.35385,49.18137,0.2512447,421.08435,0.6102681,0.0,2023-12-26 06:17:48.083001600,VNM,Vietnam,False
2023-12-26,21.551575,106.30377,49.22898,0.5778624,421.04248,0.5654376,0.0,2023-12-26 06:17:48.228001792,VNM,Vietnam,False
2023-12-26,21.543955,106.31048,49.22481,0.46734548,422.34134,0.54117584,0.0,2023-12-26 06:17:48.254998272,VNM,Vietnam,False
2023-12-26,21.536253,106.31715,49.22055,0.35791925,421.86627,0.51532555,0.0,2023-12-26 06:17:48.281994752,VNM,Vietnam,False
2023-12-26,21.528498,106.323746,49.21622,0.25204998,422.1174,0.57403374,0.0,2023-12-26 06:17:48.308991232,VNM,Vietnam,False
2023-12-26,21.520771,106.33022,49.211864,0.15838768,422.1501,0.5977421,0.0,2023-12-26 06:17:48.335987456,VNM,Vietnam,False
2023-12-26,21.512974,106.33664,49.207428,0.11020947,421.19223,0.5783027,0.0,2023-12-26 06:17:48.363024128,VNM,Vietnam,False
2023-12-26,21.505127,106.34298,49.20291,0.15792812,421.1111,0.5322908,0.0,2023-12-26 06:17:48.389015040,VNM,Vietnam,False
2023-12-26,21.497225,106.349236,49.198315,0.25161245,421.73053,0.5663946,0.0,2023-12-26 06:17:48.416011264,VNM,Vietnam,False
2023-12-26,21.571735,106.29906,49.24588,0.57838374,421.40628,0.64614433,0.0,2023-12-26 06:17:48.562017536,VNM,Vietnam,False
2023-12-26,21.564114,106.305756,49.2417,0.46790048,419.70154,0.6241068,0.0,2023-12-26 06:17:48.588007936,VNM,Vietnam,False
2023-12-26,21.55641,106.31241,49.237434,0.3585009,421.4907,0.62485653,0.0,2023-12-26 06:17:48.615004416,VNM,Vietnam,False
2023-12-26,21.54865,106.31901,49.233093,0.2526371,421.9991,0.52254647,0.0,2023-12-26 06:17:48.642000896,VNM,Vietnam,False
2023-12-26,21.54092,106.32547,49.22873,0.15889157,422.19403,0.47809702,0.0,2023-12-26 06:17:48.668997376,VNM,Vietnam,False
2023-12-26,21.53312,106.33188,49.22428,0.11023944,421.5501,0.58550584,0.0,2023-12-26 06:17:48.695993600,VNM,Vietnam,False
2023-12-26,21.52527,106.3382,49.219757,0.15741237,420.47083,0.60715866,0.0,2023-12-26 06:17:48.722990080,VNM,Vietnam,False
2023-12-26,21.517366,106.34445,49.215157,0.25095922,420.8886,0.59249043,0.0,2023-12-26 06:17:48.749020928,VNM,Vietnam,False
2023-12-26,21.59187,106.29426,49.262722,0.57898617,420.59613,0.67522484,0.0,2023-12-26 06:17:48.895027200,VNM,Vietnam,False
2023-12-26,21.584248,106.30096,49.25854,0.46848825,420.43155,0.69905305,0.0,2023-12-26 06:17:48.921017600,VNM,Vietnam,False
2023-12-26,21.576546,106.30762,49.254272,0.35906267,420.25058,0.65926784,0.0,2023-12-26 06:17:48.948014080,VNM,Vietnam,False
2023-12-26,21.568789,106.31422,49.249935,0.253143,420.02808,0.66019684,0.0,2023-12-26 06:17:48.975010304,VNM,Vietnam,False
2023-12-26,21.56106,106.32068,49.24557,0.15923853,420.9644,0.6493804,0.0,2023-12-26 06:17:49.002007040,VNM,Vietnam,False
2023-12-26,21.55326,106.327095,49.241123,0.110078044,422.13678,0.53938484,0.0,2023-12-26 06:17:49.029003264,VNM,Vietnam,False
2023-12-26,21.545412,106.33342,49.2366,0.15683576,422.4467,0.53576976,0.0,2023-12-26 06:17:49.055999744,VNM,Vietnam,False
2023-12-26,21.53751,106.339676,49.232,0.25030914,421.73825,0.5708698,0.0,2023-12-26 06:17:49.082996480,VNM,Vietnam,False
2023-12-26,21.596682,106.302826,49.27112,0.35962427,422.32352,0.6895455,0.0,2023-12-26 06:17:49.281989376,VNM,Vietnam,False
2023-12-26,21.588926,106.309425,49.26678,0.2536497,421.27264,0.6108392,0.0,2023-12-26 06:17:49.308985600,VNM,Vietnam,False
2023-12-26,21.581198,106.315895,49.262417,0.15958875,420.40872,0.6581805,0.0,2023-12-26 06:17:49.336022272,VNM,Vietnam,False
2023-12-26,21.5734,106.3223,49.25797,0.109924056,419.31027,0.67981356,0.0,2023-12-26 06:17:49.363019008,VNM,Vietnam,False
2023-12-26,21.565554,106.328636,49.253445,0.15626359,419.06537,0.6759781,0.0,2023-12-26 06:17:49.389009408,VNM,Vietnam,False
2023-12-26,21.557648,106.33489,49.24884,0.24965999,421.7717,0.6735669,0.0,2023-12-26 06:17:49.416005888,VNM,Vietnam,False
2023-12-26,21.624454,106.29132,49.292156,0.4692171,423.68405,0.49826485,0.0,2023-12-26 06:17:49.588002560,VNM,Vietnam,False
2023-12-26,21.616745,106.29798,49.28788,0.3596232,423.3382,0.4926897,0.0,2023-12-26 06:17:49.614999040,VNM,Vietnam,False
2023-12-26,21.608982,106.30457,49.283527,0.2534245,423.7868,0.627495,0.0,2023-12-26 06:17:49.641995520,VNM,Vietnam,False
2023-12-26,21.601246,106.31104,49.279156,0.15894338,421.93237,0.6134659,0.0,2023-12-26 06:17:49.668991744,VNM,Vietnam,False
2023-12-26,21.59344,106.31745,49.274696,0.108660765,423.3865,0.6589453,0.0,2023-12-26 06:17:49.695988224,VNM,Vietnam,False
2023-12-26,21.577675,106.33003,49.26555,0.24896283,421.58755,0.6836041,0.0,2023-12-26 06:17:49.749015552,VNM,Vietnam,False
2023-12-26,21.652102,106.27974,49.313057,0.57968265,419.98465,0.62992203,0.0,2023-12-26 06:17:49.895021568,VNM,Vietnam,False
2023-12-26,21.636766,106.293106,49.30459,0.3592956,421.79877,0.5751839,0.0,2023-12-26 06:17:49.948008448,VNM,Vietnam,False
2023-12-26,21.629004,106.2997,49.30024,0.25290757,423.2664,0.509718,0.0,2023-12-26 06:17:49.975005184,VNM,Vietnam,False
2023-12-26,21.613464,106.312584,49.29141,0.10723859,423.65738,0.5872665,0.0,2023-12-26 06:17:50.028997888,VNM,Vietnam,False
2023-12-26,21.60561,106.31892,49.286873,0.15417351,422.43756,0.6267208,0.0,2023-12-26 06:17:50.055994624,VNM,Vietnam,False
2023-12-26,21.597702,106.32517,49.28226,0.24827495,422.2519,0.7175577,0.0,2023-12-26 06:17:50.082990848,VNM,Vietnam,False
2023-12-26,21.67212,106.27486,49.32977,0.5795337,420.033,0.6583653,0.0,2023-12-26 06:17:50.227991040,VNM,Vietnam,False
2023-12-26,21.664492,106.28156,49.32558,0.46877998,420.30203,0.6502454,0.0,2023-12-26 06:17:50.255027712,VNM,Vietnam,False
2023-12-26,21.656786,106.28822,49.321304,0.35897303,419.92856,0.6593898,0.0,2023-12-26 06:17:50.282024192,VNM,Vietnam,False
2023-12-26,21.649025,106.29483,49.316956,0.2523978,420.1097,0.612737,0.0,2023-12-26 06:17:50.309020416,VNM,Vietnam,False
2023-12-26,21.64129,106.3013,49.31258,0.15715383,422.38034,0.5859186,0.0,2023-12-26 06:17:50.336017152,VNM,Vietnam,False
2023-12-26,21.633488,106.30772,49.30812,0.10582028,422.55722,0.6091051,0.0,2023-12-26 06:17:50.363013632,VNM,Vietnam,False
2023-12-26,21.692112,106.270035,49.34649,0.5789248,421.40802,0.6806054,0.0,2023-12-26 06:17:50.562006528,VNM,Vietnam,False
2023-12-26,21.676775,106.28344,49.338024,0.35811266,420.76285,0.70408726,0.0,2023-12-26 06:17:50.614993664,VNM,Vietnam,False
2023-12-26,21.66901,106.290054,49.333675,0.25139096,420.18454,0.7050758,0.0,2023-12-26 06:17:50.641989888,VNM,Vietnam,False
2023-12-26,21.661274,106.29654,49.329304,0.15601903,420.63055,0.68506676,0.0,2023-12-26 06:17:50.668986368,VNM,Vietnam,False
2023-12-26,21.645613,106.30932,49.320312,0.15338692,420.67496,0.68003607,0.0,2023-12-26 06:17:50.723019520,VNM,Vietnam,False
2023-12-26,21.704453,106.27201,49.359028,0.4668991,423.1981,0.6652765,0.0,2023-12-26 06:17:50.921006592,VNM,Vietnam,False
2023-12-26,21.696745,106.278694,49.35475,0.35693356,421.6598,0.6272895,0.0,2023-12-26 06:17:50.948003328,VNM,Vietnam,False
2023-12-26,21.688982,106.28532,49.350403,0.2501796,420.7179,0.66941196,0.0,2023-12-26 06:17:50.974999552,VNM,Vietnam,False
2023-12-26,21.681246,106.2918,49.34603,0.15481906,421.50836,0.67602193,0.0,2023-12-26 06:17:51.001996032,VNM,Vietnam,False
2023-12-26,21.665586,106.30459,49.33704,0.15371804,420.49698,0.6997024,0.0,2023-12-26 06:17:51.055988992,VNM,Vietnam,False
2023-12-26,21.657679,106.31086,49.33243,0.24899894,420.67615,0.76045936,0.0,2023-12-26 06:17:51.083025664,VNM,Vietnam,False
2023-12-26,21.732046,106.260544,49.379944,0.5766618,421.2504,0.5367112,0.0,2023-12-26 06:17:51.228025856,VNM,Vietnam,False
2023-12-26,21.72442,106.26727,49.375755,0.4657468,422.8563,0.5173527,0.0,2023-12-26 06:17:51.255022336,VNM,Vietnam,False
2023-12-26,21.716713,106.27396,49.37148,0.3557542,423.79028,0.55729926,0.0,2023-12-26 06:17:51.282018560,VNM,Vietnam,False
2023-12-26,21.708952,106.28058,49.36713,0.24896821,422.53967,0.58173776,0.0,2023-12-26 06:17:51.309015296,VNM,Vietnam,False
2023-12-26,21.701218,106.28707,49.36276,0.15362047,422.05634,0.61096203,0.0,2023-12-26 06:17:51.336011776,VNM,Vietnam,False
2023-12-26,21.693415,106.2935,49.358303,0.103768334,422.31744,0.6202227,0.0,2023-12-26 06:17:51.363008000,VNM,Vietnam,False
2023-12-26,21.685562,106.29986,49.35377,0.15406147,420.8561,0.72314024,0.0,2023-12-26 06:17:51.388998400,VNM,Vietnam,False
2023-12-26,21.677656,106.30614,49.34916,0.24968691,420.06046,0.74135524,0.0,2023-12-26 06:17:51.415995136,VNM,Vietnam,False
2023-12-26,21.752028,106.255806,49.39669,0.5756337,421.48975,0.5326266,0.0,2023-12-26 06:17:51.562001152,VNM,Vietnam,False
2023-12-26,21.744406,106.262535,49.3925,0.46472204,422.83002,0.57519114,0.0,2023-12-26 06:17:51.587991808,VNM,Vietnam,False
2023-12-26,21.736702,106.26922,49.38823,0.3547318,422.67346,0.53096557,0.0,2023-12-26 06:17:51.615028480,VNM,Vietnam,False
2023-12-26,21.728945,106.27585,49.383884,0.24795336,422.4478,0.5439751,0.0,2023-12-26 06:17:51.642024704,VNM,Vietnam,False
2023-12-26,21.721214,106.28234,49.379517,0.15267456,423.04544,0.51257706,0.0,2023-12-26 06:17:51.669021184,VNM,Vietnam,False
2023-12-26,21.713413,106.28878,49.37506,0.10338064,423.18063,0.54014564,0.0,2023-12-26 06:17:51.696017664,VNM,Vietnam,False
2023-12-26,21.705564,106.295135,49.370533,0.15446277,423.1466,0.60825634,0.0,2023-12-26 06:17:51.723014144,VNM,Vietnam,False
2023-12-26,21.772026,106.25107,49.413456,0.5747223,421.79846,0.56628495,0.0,2023-12-26 06:17:51.895010816,VNM,Vietnam,False
2023-12-26,21.764404,106.257805,49.40927,0.46380156,422.04794,0.5222509,0.0,2023-12-26 06:17:51.921001472,VNM,Vietnam,False
2023-12-26,21.756702,106.264496,49.404995,0.3538013,421.32388,0.5578767,0.0,2023-12-26 06:17:51.947997696,VNM,Vietnam,False
2023-12-26,21.748945,106.27112,49.40065,0.24701835,421.3582,0.53890735,0.0,2023-12-26 06:17:51.974994176,VNM,Vietnam,False
2023-12-26,21.741217,106.27762,49.396282,0.15179634,421.4621,0.544915,0.0,2023-12-26 06:17:52.001990912,VNM,Vietnam,False
2023-12-26,21.733418,106.28406,49.391827,0.103038296,423.14713,0.61356777,0.0,2023-12-26 06:17:52.028987136,VNM,Vietnam,False
2023-12-26,21.725569,106.29042,49.3873,0.15487407,423.12927,0.5429148,0.0,2023-12-26 06:17:52.056023808,VNM,Vietnam,False
2023-12-26,21.717667,106.29671,49.38269,0.2509773,422.7756,0.5846254,0.0,2023-12-26 06:17:52.083020288,VNM,Vietnam,False
2023-12-26,21.792023,106.24634,49.43022,0.57381004,420.97028,0.60993755,0.0,2023-12-26 06:17:52.228020480,VNM,Vietnam,False
2023-12-26,21.784403,106.25307,49.426037,0.46288034,421.92236,0.6384068,0.0,2023-12-26 06:17:52.255016704,VNM,Vietnam,False
2023-12-26,21.776703,106.259766,49.421764,0.35287026,421.28818,0.55313265,0.0,2023-12-26 06:17:52.282013440,VNM,Vietnam,False
2023-12-26,21.768948,106.266396,49.41742,0.24608324,422.00894,0.5577505,0.0,2023-12-26 06:17:52.309009664,VNM,Vietnam,False
2023-12-26,21.761219,106.272896,49.41305,0.1509198,421.2806,0.5433594,0.0,2023-12-26 06:17:52.336006144,VNM,Vietnam,False
2023-12-26,21.753422,106.27934,49.408596,0.102706544,422.17062,0.5201994,0.0,2023-12-26 06:17:52.363002624,VNM,Vietnam,False
2023-12-26,21.745573,106.285706,49.404068,0.1552931,422.49985,0.60803497,0.0,2023-12-26 06:17:52.388993280,VNM,Vietnam,False
2023-12-26,21.737665,106.29199,49.399452,0.2516522,421.9118,0.6634365,0.0,2023-12-26 06:17:52.415989760,VNM,Vietnam,False
2023-12-26,21.81192,106.24158,49.44689,0.572088,421.57635,0.6319079,0.0,2023-12-26 06:17:52.561995776,VNM,Vietnam,False
2023-12-26,21.804285,106.24831,49.442688,0.46097887,421.75784,0.5711673,0.0,2023-12-26 06:17:52.588026624,VNM,Vietnam,False
2023-12-26,21.796568,106.255,49.4384,0.35076013,421.5414,0.5735622,0.0,2023-12-26 06:17:52.615022848,VNM,Vietnam,False
2023-12-26,21.788797,106.26163,49.434036,0.24372149,421.08755,0.64023304,0.0,2023-12-26 06:17:52.642019328,VNM,Vietnam,False
2023-12-26,21.781054,106.26813,49.42965,0.14832701,422.34058,0.6259752,0.0,2023-12-26 06:17:52.669015808,VNM,Vietnam,False
2023-12-26,21.77324,106.274574,49.42518,0.10105358,421.5033,0.55886286,0.0,2023-12-26 06:17:52.696012288,VNM,Vietnam,False
2023-12-26,21.765377,106.28094,49.420635,0.15581307,421.389,0.5659438,0.0,2023-12-26 06:17:52.723008512,VNM,Vietnam,False
2023-12-26,21.75746,106.287224,49.41601,0.25304493,422.01288,0.66964024,0.0,2023-12-26 06:17:52.748999424,VNM,Vietnam,False
2023-12-26,21.831705,106.236786,49.463448,0.56945527,422.59708,0.5565903,0.0,2023-12-26 06:17:52.895005184,VNM,Vietnam,False
2023-12-26,21.82407,106.24352,49.459248,0.45827678,421.42175,0.59484035,0.0,2023-12-26 06:17:52.920995840,VNM,Vietnam,False
2023-12-26,21.816355,106.25021,49.454956,0.34796008,421.74326,0.6025673,0.0,2023-12-26 06:17:52.947992320,VNM,Vietnam,False
2023-12-26,21.808586,106.25685,49.450596,0.24078164,422.56976,0.50917315,0.0,2023-12-26 06:17:52.974989056,VNM,Vietnam,False
2023-12-26,21.800842,106.26335,49.44621,0.1452839,421.78677,0.61566824,0.0,2023-12-26 06:17:53.002025728,VNM,Vietnam,False
2023-12-26,21.79303,106.2698,49.44174,0.09926648,420.98193,0.64889514,0.0,2023-12-26 06:17:53.029021952,VNM,Vietnam,False
2023-12-26,21.78517,106.27616,49.437195,0.1563984,422.11032,0.5886373,0.0,2023-12-26 06:17:53.056018432,VNM,Vietnam,False
2023-12-26,21.777254,106.282455,49.43257,0.2544694,422.46735,0.5662159,0.0,2023-12-26 06:17:53.083014656,VNM,Vietnam,False
2023-12-26,21.851488,106.231995,49.480007,0.56682575,419.06876,0.6558113,0.0,2023-12-26 06:17:53.228014848,VNM,Vietnam,False
2023-12-26,21.843857,106.23873,49.475807,0.4555783,420.35776,0.6260466,0.0,2023-12-26 06:17:53.255011584,VNM,Vietnam,False
2023-12-26,21.836142,106.24543,49.47152,0.3451638,420.951,0.5516856,0.0,2023-12-26 06:17:53.282007808,VNM,Vietnam,False
2023-12-26,21.828373,106.25207,49.467155,0.23784465,421.63867,0.52364165,0.0,2023-12-26 06:17:53.309004288,VNM,Vietnam,False
2023-12-26,21.820633,106.258575,49.462772,0.14224242,422.83746,0.49592295,0.0,2023-12-26 06:17:53.336000768,VNM,Vietnam,False
2023-12-26,21.812822,106.26502,49.4583,0.09754638,422.92563,0.56777453,0.0,2023-12-26 06:17:53.362996992,VNM,Vietnam,False
2023-12-26,21.804962,106.27139,49.453754,0.15704425,421.36557,0.6464151,0.0,2023-12-26 06:17:53.388987904,VNM,Vietnam,False
2023-12-26,21.797058,106.277695,49.449146,0.2559219,420.71567,0.66314864,0.0,2023-12-26 06:17:53.416024320,VNM,Vietnam,False
2023-12-26,21.871422,106.2273,49.496746,0.56514037,423.35162,0.59871703,0.0,2023-12-26 06:17:53.561990144,VNM,Vietnam,False
2023-12-26,21.863815,106.23406,49.492573,0.45406276,421.36523,0.5928992,0.0,2023-12-26 06:17:53.588020992,VNM,Vietnam,False
2023-12-26,21.856129,106.24078,49.488316,0.34386167,419.61557,0.62037206,0.0,2023-12-26 06:17:53.615017472,VNM,Vietnam,False
2023-12-26,21.848387,106.24744,49.483982,0.23686096,420.95386,0.53142995,0.0,2023-12-26 06:17:53.642013952,VNM,Vietnam,False
2023-12-26,21.840672,106.25397,49.479626,0.14191134,422.03912,0.5052458,0.0,2023-12-26 06:17:53.669010432,VNM,Vietnam,False
2023-12-26,21.832888,106.26044,49.475185,0.09869466,422.4943,0.48173746,0.0,2023-12-26 06:17:53.696006656,VNM,Vietnam,False
2023-12-26,21.825054,106.26682,49.470673,0.15858667,422.68414,0.5753459,0.0,2023-12-26 06:17:53.723003392,VNM,Vietnam,False
2023-12-26,21.817165,106.27313,49.46608,0.25727004,422.31577,0.70449626,0.0,2023-12-26 06:17:53.748993792,VNM,Vietnam,False
2023-12-26,21.891521,106.22273,49.51368,0.5645201,421.52484,0.62319416,0.0,2023-12-26 06:17:53.895000064,VNM,Vietnam,False
2023-12-26,21.883917,106.22949,49.509506,0.45351848,420.99374,0.58865225,0.0,2023-12-26 06:17:53.920990464,VNM,Vietnam,False
2023-12-26,21.87623,106.23621,49.50525,0.34344184,421.1319,0.5663813,0.0,2023-12-26 06:17:53.948027136,VNM,Vietnam,False
2023-12-26,21.86849,106.242874,49.50092,0.23668091,421.59326,0.5817236,0.0,2023-12-26 06:17:53.975023872,VNM,Vietnam,False
2023-12-26,21.860777,106.249405,49.496563,0.14231059,420.70822,0.65349865,0.0,2023-12-26 06:17:54.002020096,VNM,Vietnam,False
2023-12-26,21.852993,106.255875,49.492123,0.10026316,421.83017,0.5975428,0.0,2023-12-26 06:17:54.029016576,VNM,Vietnam,False
2023-12-26,21.84516,106.26226,49.487606,0.16017593,422.30096,0.5192863,0.0,2023-12-26 06:17:54.056012800,VNM,Vietnam,False
2023-12-26,21.837273,106.26858,49.483013,0.25862512,422.65225,0.6007969,0.0,2023-12-26 06:17:54.083009280,VNM,Vietnam,False
2023-12-26,21.911621,106.218155,49.530617,0.5639031,421.0623,0.6319173,0.0,2023-12-26 06:17:54.228009728,VNM,Vietnam,False
2023-12-26,21.904016,106.22492,49.526443,0.45297897,421.0119,0.60962975,0.0,2023-12-26 06:17:54.255005952,VNM,Vietnam,False
2023-12-26,21.896332,106.23164,49.522186,0.34302926,420.21057,0.59339,0.0,2023-12-26 06:17:54.282002432,VNM,Vietnam,False
2023-12-26,21.888592,106.238304,49.517853,0.23651278,420.65466,0.6186088,0.0,2023-12-26 06:17:54.308998912,VNM,Vietnam,False
2023-12-26,21.88088,106.244835,49.5135,0.14273006,421.6026,0.64233416,0.0,2023-12-26 06:17:54.335995136,VNM,Vietnam,False
2023-12-26,21.865267,106.257706,49.504543,0.16177085,420.54926,0.5887582,0.0,2023-12-26 06:17:54.389022464,VNM,Vietnam,False
2023-12-26,21.857378,106.264015,49.499943,0.25996047,421.79846,0.56520426,0.0,2023-12-26 06:17:54.416018944,VNM,Vietnam,False
2023-12-26,21.931658,106.21351,49.54747,0.56316996,421.5693,0.5516889,0.0,2023-12-26 06:17:54.562024960,VNM,Vietnam,False
2023-12-26,21.924065,106.22025,49.543297,0.4522771,420.82825,0.6126128,0.0,2023-12-26 06:17:54.588015616,VNM,Vietnam,False
2023-12-26,21.916372,106.22696,49.539024,0.3423416,420.83725,0.5568047,0.0,2023-12-26 06:17:54.615012096,VNM,Vietnam,False
2023-12-26,21.908627,106.23361,49.534683,0.2358514,421.7456,0.5937433,0.0,2023-12-26 06:17:54.642008576,VNM,Vietnam,False
2023-12-26,21.900908,106.240135,49.530315,0.14216954,421.65643,0.5999767,0.0,2023-12-26 06:17:54.669004800,VNM,Vietnam,False
2023-12-26,21.89312,106.2466,49.52586,0.101792105,421.50702,0.57626265,0.0,2023-12-26 06:17:54.696001536,VNM,Vietnam,False
2023-12-26,21.88528,106.252975,49.521336,0.16219454,421.9961,0.6596586,0.0,2023-12-26 06:17:54.722998016,VNM,Vietnam,False
2023-12-26,21.8774,106.25927,49.51673,0.26050723,420.5057,0.6708498,0.0,2023-12-26 06:17:54.748988416,VNM,Vietnam,False
2023-12-26,21.95165,106.208755,49.564247,0.5623326,420.78772,0.6243141,0.0,2023-12-26 06:17:54.894994432,VNM,Vietnam,False
2023-12-26,21.944067,106.2155,49.56008,0.45143884,421.51797,0.67251694,0.0,2023-12-26 06:17:54.921025280,VNM,Vietnam,False
2023-12-26,21.936378,106.22222,49.55581,0.3414892,422.0627,0.56851196,0.0,2023-12-26 06:17:54.948022016,VNM,Vietnam,False
2023-12-26,21.928633,106.228874,49.551468,0.23498663,421.69485,0.5304483,0.0,2023-12-26 06:17:54.975018240,VNM,Vietnam,False
2023-12-26,21.920916,106.2354,49.5471,0.14135018,421.22006,0.5742781,0.0,2023-12-26 06:17:55.002014720,VNM,Vietnam,False
2023-12-26,21.913128,106.24186,49.54265,0.10151702,421.43817,0.6111417,0.0,2023-12-26 06:17:55.029010944,VNM,Vietnam,False
2023-12-26,21.90529,106.248245,49.53812,0.16256794,422.44827,0.56011385,0.0,2023-12-26 06:17:55.056007424,VNM,Vietnam,False
2023-12-26,21.897406,106.25455,49.533516,0.26108682,422.53845,0.61181957,0.0,2023-12-26 06:17:55.083003904,VNM,Vietnam,False
2023-12-26,21.971655,106.204,49.581036,0.56150895,421.4102,0.58839995,0.0,2023-12-26 06:17:55.228004096,VNM,Vietnam,False
2023-12-26,21.964071,106.210754,49.57687,0.4505998,421.18475,0.59655994,0.0,2023-12-26 06:17:55.255000576,VNM,Vietnam,False
2023-12-26,21.956383,106.217476,49.572598,0.34063622,420.17523,0.63874775,0.0,2023-12-26 06:17:55.281997056,VNM,Vietnam,False
2023-12-26,21.948639,106.22413,49.568253,0.23412178,420.5631,0.6744064,0.0,2023-12-26 06:17:55.308993280,VNM,Vietnam,False
2023-12-26,21.940922,106.23065,49.563885,0.14053264,420.44135,0.62773323,0.0,2023-12-26 06:17:55.335990016,VNM,Vietnam,False
2023-12-26,21.917421,106.24981,49.550304,0.2616238,422.42502,0.70651853,0.0,2023-12-26 06:17:55.416013824,VNM,Vietnam,False
2023-12-26,21.991697,106.19921,49.597843,0.5612119,421.1843,0.6059149,0.0,2023-12-26 06:17:55.562019584,VNM,Vietnam,False
2023-12-26,21.984121,106.205956,49.59368,0.45037213,421.63898,0.5890894,0.0,2023-12-26 06:17:55.588010240,VNM,Vietnam,False
2023-12-26,21.976442,106.21267,49.589413,0.3404609,421.12933,0.5529139,0.0,2023-12-26 06:17:55.615006720,VNM,Vietnam,False
2023-12-26,21.968706,106.21932,49.585075,0.23395976,421.6894,0.60440236,0.0,2023-12-26 06:17:55.642002944,VNM,Vietnam,False
2023-12-26,21.960999,106.225845,49.58071,0.14026651,420.7538,0.73550457,0.0,2023-12-26 06:17:55.668999680,VNM,Vietnam,False
2023-12-26,21.945393,106.23869,49.57174,0.16233261,419.94983,0.60990745,0.0,2023-12-26 06:17:55.722992384,VNM,Vietnam,False
2023-12-26,22.011784,106.194374,49.614677,0.5615137,421.30133,0.6464207,0.0,2023-12-26 06:17:55.894989056,VNM,Vietnam,False
2023-12-26,22.004213,106.20112,49.610516,0.45064655,421.10416,0.6556934,0.0,2023-12-26 06:17:55.921019904,VNM,Vietnam,False
2023-12-26,21.996532,106.20784,49.60625,0.34068507,422.07343,0.60041726,0.0,2023-12-26 06:17:55.948016384,VNM,Vietnam,False
2023-12-26,21.9888,106.21449,49.60191,0.2340858,422.0423,0.5412457,0.0,2023-12-26 06:17:55.975012864,VNM,Vietnam,False
2023-12-26,21.981092,106.221016,49.597546,0.1401498,421.81165,0.5607084,0.0,2023-12-26 06:17:56.002009088,VNM,Vietnam,False
2023-12-26,21.973316,106.227486,49.593098,0.10005466,421.68582,0.59903574,0.0,2023-12-26 06:17:56.029005568,VNM,Vietnam,False
2023-12-26,21.96549,106.23387,49.588573,0.16167077,419.95016,0.66313773,0.0,2023-12-26 06:17:56.056002048,VNM,Vietnam,False
2023-12-26,21.957617,106.24017,49.583977,0.26045704,420.63007,0.67861754,0.0,2023-12-26 06:17:56.082998528,VNM,Vietnam,False
2023-12-26,22.016624,106.203,49.623085,0.34090996,420.71347,0.562898,0.0,2023-12-26 06:17:56.281991424,VNM,Vietnam,False
2023-12-26,22.008892,106.20966,49.618748,0.23421384,420.8472,0.62576395,0.0,2023-12-26 06:17:56.308988160,VNM,Vietnam,False
2023-12-26,22.001186,106.21619,49.614384,0.14003776,422.9268,0.59946126,0.0,2023-12-26 06:17:56.336024832,VNM,Vietnam,False
2023-12-26,21.99341,106.22266,49.609936,0.09943943,421.51053,0.5887286,0.0,2023-12-26 06:17:56.363021056,VNM,Vietnam,False
2023-12-26,21.985586,106.22905,49.60541,0.16101256,422.03326,0.6575665,0.0,2023-12-26 06:17:56.389011968,VNM,Vietnam,False
2023-12-26,21.977716,106.23536,49.60082,0.259883,421.3314,0.68226326,0.0,2023-12-26 06:17:56.416008192,VNM,Vietnam,False
2023-12-26,22.029093,106.20491,49.635715,0.23527409,419.7738,0.6434451,0.0,2023-12-26 06:17:56.641997824,VNM,Vietnam,False
2023-12-26,22.0214,106.21145,49.631367,0.1412502,420.67065,0.6448245,0.0,2023-12-26 06:17:56.668994304,VNM,Vietnam,False
2023-12-26,22.013638,106.21793,49.626934,0.1002333,420.434,0.61075455,0.0,2023-12-26 06:17:56.695990528,VNM,Vietnam,False
2023-12-26,22.005825,106.224335,49.622425,0.16085623,421.03253,0.6530057,0.0,2023-12-26 06:17:56.722987008,VNM,Vietnam,False
2023-12-26,21.99797,106.23064,49.61784,0.25932333,422.39777,0.7325012,0.0,2023-12-26 06:17:56.749017600,VNM,Vietnam,False
2023-12-26,22.07226,106.18002,49.66545,0.56376743,421.57288,0.6060551,0.0,2023-12-26 06:17:56.895023872,VNM,Vietnam,False
2023-12-26,22.064716,106.18678,49.661316,0.4530138,422.37344,0.55805945,0.0,2023-12-26 06:17:56.921014528,VNM,Vietnam,False
2023-12-26,22.057053,106.19352,49.657063,0.34317237,420.04846,0.6663017,0.0,2023-12-26 06:17:56.948011008,VNM,Vietnam,False
2023-12-26,22.033884,106.21322,49.643955,0.10124929,419.88736,0.64402205,0.0,2023-12-26 06:17:57.029000192,VNM,Vietnam,False
2023-12-26,22.0925,106.17529,49.682476,0.5649953,420.82037,0.68337196,0.0,2023-12-26 06:17:57.227993344,VNM,Vietnam,False
2023-12-26,22.084957,106.18205,49.678337,0.45428562,421.19513,0.6778105,0.0,2023-12-26 06:17:57.254989568,VNM,Vietnam,False
2023-12-26,22.077295,106.1888,49.674088,0.34451082,421.1029,0.60089827,0.0,2023-12-26 06:17:57.282026240,VNM,Vietnam,False
2023-12-26,22.069578,106.195465,49.66976,0.23815547,421.42297,0.5786103,0.0,2023-12-26 06:17:57.309022976,VNM,Vietnam,False
2023-12-26,22.06189,106.20201,49.665413,0.1443733,421.77042,0.55464053,0.0,2023-12-26 06:17:57.336019200,VNM,Vietnam,False
2023-12-26,22.054129,106.2085,49.66098,0.10228288,421.69235,0.5851645,0.0,2023-12-26 06:17:57.363015680,VNM,Vietnam,False
2023-12-26,22.04632,106.21491,49.65647,0.16064669,421.0282,0.5701552,0.0,2023-12-26 06:17:57.389006336,VNM,Vietnam,False
2023-12-26,22.03846,106.22123,49.651886,0.25826505,419.98126,0.6991736,0.0,2023-12-26 06:17:57.416002816,VNM,Vietnam,False
2023-12-26,22.112701,106.170555,49.699463,0.56615114,419.33728,0.71697116,0.0,2023-12-26 06:17:57.562008832,VNM,Vietnam,False
2023-12-26,22.0898,106.19071,49.686756,0.23943354,420.31113,0.64747244,0.0,2023-12-26 06:17:57.641992448,VNM,Vietnam,False
2023-12-26,22.066536,106.21015,49.673454,0.16024692,420.81525,0.6604952,0.0,2023-12-26 06:17:57.723021824,VNM,Vietnam,False
2023-12-26,22.05868,106.21647,49.66887,0.25754106,421.91885,0.671064,0.0,2023-12-26 06:17:57.749012480,VNM,Vietnam,False
2023-12-26,22.132938,106.165764,49.716465,0.56731683,420.0116,0.5976248,0.0,2023-12-26 06:17:57.895018496,VNM,Vietnam,False
2023-12-26,22.125391,106.17253,49.712322,0.45664716,420.16458,0.64908785,0.0,2023-12-26 06:17:57.921009152,VNM,Vietnam,False
2023-12-26,22.11773,106.17927,49.708065,0.346931,419.57147,0.7135414,0.0,2023-12-26 06:17:57.948005376,VNM,Vietnam,False
2023-12-26,22.102324,106.19249,49.699387,0.14681944,420.84772,0.71114826,0.0,2023-12-26 06:17:58.001998336,VNM,Vietnam,False
2023-12-26,22.15316,106.16098,49.73346,0.5684628,419.58075,0.58620983,0.0,2023-12-26 06:17:58.227987712,VNM,Vietnam,False
2023-12-26,22.145601,106.167755,49.729305,0.4578005,420.42343,0.7041591,0.0,2023-12-26 06:17:58.255024384,VNM,Vietnam,False
2023-12-26,22.114777,106.194214,49.711933,0.103940845,420.56015,0.7081115,0.0,2023-12-26 06:17:58.363010304,VNM,Vietnam,False
2023-12-26,22.173336,106.156105,49.750378,0.56968844,421.24982,0.60865015,0.0,2023-12-26 06:17:58.562003456,VNM,Vietnam,False
2023-12-26,22.165777,106.162865,49.746216,0.45901325,420.26993,0.6170868,0.0,2023-12-26 06:17:58.587994112,VNM,Vietnam,False
2023-12-26,22.158112,106.16959,49.74195,0.34926245,420.8108,0.58405876,0.0,2023-12-26 06:17:58.614990592,VNM,Vietnam,False
2023-12-26,22.134935,106.18928,49.7288,0.102783404,420.84528,0.72925395,0.0,2023-12-26 06:17:58.696019968,VNM,Vietnam,False
2023-12-26,22.127125,106.19567,49.724277,0.15748762,420.38034,0.6041404,0.0,2023-12-26 06:17:58.723016192,VNM,Vietnam,False
2023-12-26,22.119263,106.20199,49.719677,0.25412154,420.50308,0.68324786,0.0,2023-12-26 06:17:58.749007104,VNM,Vietnam,False
2023-12-26,22.193485,106.15112,49.76723,0.57103574,420.989,0.56702375,0.0,2023-12-26 06:17:58.895013120,VNM,Vietnam,False
2023-12-26,22.185913,106.15789,49.763058,0.46026942,422.08398,0.63876754,0.0,2023-12-26 06:17:58.921003520,VNM,Vietnam,False
2023-12-26,22.178259,106.16461,49.7588,0.3504042,421.83243,0.60589266,0.0,2023-12-26 06:17:58.948000000,VNM,Vietnam,False
2023-12-26,22.16285,106.177826,49.7501,0.14869255,420.5861,0.55594105,0.0,2023-12-26 06:17:59.001992960,VNM,Vietnam,False
2023-12-26,22.147276,106.190704,49.74113,0.1554499,419.22717,0.7646555,0.0,2023-12-26 06:17:59.056025856,VNM,Vietnam,False
2023-12-26,22.139418,106.19702,49.73653,0.25216183,420.8408,0.7217607,0.0,2023-12-26 06:17:59.083022592,VNM,Vietnam,False
2023-12-26,22.20606,106.1529,49.77991,0.46154273,422.657,0.6268427,0.0,2023-12-26 06:17:59.255019264,VNM,Vietnam,False
2023-12-26,22.198406,106.15964,49.775654,0.35155362,421.35696,0.5402526,0.0,2023-12-26 06:17:59.282015488,VNM,Vietnam,False
2023-12-26,22.19069,106.166306,49.771313,0.24463332,421.74652,0.56680685,0.0,2023-12-26 06:17:59.309011968,VNM,Vietnam,False
2023-12-26,22.182999,106.17285,49.766953,0.14897884,421.4022,0.6006054,0.0,2023-12-26 06:17:59.336008448,VNM,Vietnam,False
2023-12-26,22.167429,106.18574,49.757984,0.15341581,421.7493,0.6529496,0.0,2023-12-26 06:17:59.388995328,VNM,Vietnam,False
2023-12-26,22.233814,106.141266,49.801018,0.5737935,421.2172,0.604815,0.0,2023-12-26 06:17:59.561997824,VNM,Vietnam,False
2023-12-26,22.21863,106.1548,49.792633,0.3530073,421.26303,0.612593,0.0,2023-12-26 06:17:59.615025408,VNM,Vietnam,False
2023-12-26,22.210922,106.16149,49.78831,0.2461181,420.97708,0.5564041,0.0,2023-12-26 06:17:59.642021632,VNM,Vietnam,False
2023-12-26,22.203243,106.16806,49.783966,0.15046178,422.02145,0.59681946,0.0,2023-12-26 06:17:59.669018112,VNM,Vietnam,False
2023-12-26,22.195494,106.17457,49.779533,0.100869015,421.21738,0.61200523,0.0,2023-12-26 06:17:59.696014336,VNM,Vietnam,False
2023-12-26,22.187695,106.18099,49.77503,0.15306383,420.77313,0.64608073,0.0,2023-12-26 06:17:59.723011072,VNM,Vietnam,False
2023-12-26,22.179844,106.18734,49.770443,0.2494709,420.88248,0.725669,0.0,2023-12-26 06:17:59.749001472,VNM,Vietnam,False
2023-12-26,22.254082,106.13651,49.818077,0.57532406,421.1097,0.6029853,0.0,2023-12-26 06:17:59.895007488,VNM,Vietnam,False
2023-12-26,22.246525,106.1433,49.813923,0.46453574,421.33615,0.6374574,0.0,2023-12-26 06:17:59.920998144,VNM,Vietnam,False
2023-12-26,22.238895,106.150055,49.80969,0.3546374,421.60938,0.7188714,0.0,2023-12-26 06:17:59.947994624,VNM,Vietnam,False
2023-12-26,22.223513,106.163315,49.80102,0.15225524,421.07715,0.6574501,0.0,2023-12-26 06:18:00.001987584,VNM,Vietnam,False
2023-12-26,22.215765,106.16982,49.79659,0.10202951,421.25476,0.53917354,0.0,2023-12-26 06:18:00.029024000,VNM,Vietnam,False
2023-12-26,22.207966,106.176254,49.792084,0.15281752,422.50394,0.61398256,0.0,2023-12-26 06:18:00.056020736,VNM,Vietnam,False
2023-12-26,22.200113,106.18261,49.7875,0.24870156,421.48526,0.71456146,0.0,2023-12-26 06:18:00.083017216,VNM,Vietnam,False
2023-12-26,22.27435,106.13176,49.835136,0.57685673,420.09436,0.6097979,0.0,2023-12-26 06:18:00.228017408,VNM,Vietnam,False
2023-12-26,22.26679,106.13855,49.830982,0.46610665,420.94284,0.610177,0.0,2023-12-26 06:18:00.255013632,VNM,Vietnam,False
2023-12-26,22.259163,106.1453,49.826748,0.3562684,420.906,0.6733151,0.0,2023-12-26 06:18:00.282010112,VNM,Vietnam,False
2023-12-26,22.25146,106.152,49.822426,0.24955206,420.6257,0.6501949,0.0,2023-12-26 06:18:00.309006592,VNM,Vietnam,False
2023-12-26,22.236034,106.165085,49.81365,0.1032116,421.6447,0.626285,0.0,2023-12-26 06:18:00.362999552,VNM,Vietnam,False
2023-12-26,22.22824,106.17152,49.809143,0.15259539,421.49405,0.5789669,0.0,2023-12-26 06:18:00.388989952,VNM,Vietnam,False
2023-12-26,22.220383,106.17787,49.804554,0.24795084,422.60272,0.5911049,0.0,2023-12-26 06:18:00.416026624,VNM,Vietnam,False
2023-12-26,22.287006,106.133766,49.847984,0.46712893,421.1973,0.577315,0.0,2023-12-26 06:18:00.588023552,VNM,Vietnam,False
2023-12-26,22.271635,106.147224,49.83939,0.2504151,421.7598,0.6938158,0.0,2023-12-26 06:18:00.642016256,VNM,Vietnam,False
2023-12-26,22.263948,106.15379,49.835033,0.15478192,419.6286,0.7205427,0.0,2023-12-26 06:18:00.669012480,VNM,Vietnam,False
2023-12-26,22.256193,106.1603,49.830593,0.10345474,421.5099,0.7221523,0.0,2023-12-26 06:18:00.696009216,VNM,Vietnam,False
2023-12-26,22.240526,106.17309,49.82148,0.24751595,421.58398,0.63150233,0.0,2023-12-26 06:18:00.748996352,VNM,Vietnam,False
2023-12-26,22.291773,106.14243,49.856316,0.25093022,421.24713,0.5905582,0.0,2023-12-26 06:18:00.975025920,VNM,Vietnam,False
2023-12-26,22.284088,106.149,49.85196,0.15523607,421.25116,0.6783584,0.0,2023-12-26 06:18:01.002022144,VNM,Vietnam,False
2023-12-26,22.260668,106.168304,49.838406,0.2470845,420.6771,0.72137654,0.0,2023-12-26 06:18:01.083011584,VNM,Vietnam,False
2023-12-26,22.319622,106.13093,49.87758,0.35825762,420.08334,0.7033923,0.0,2023-12-26 06:18:01.282004736,VNM,Vietnam,False
2023-12-26,22.311913,106.137634,49.873245,0.25144526,420.402,0.6563143,0.0,2023-12-26 06:18:01.309001216,VNM,Vietnam,False
2023-12-26,22.280813,106.16352,49.85534,0.24665348,421.12906,0.6565196,0.0,2023-12-26 06:18:01.416021248,VNM,Vietnam,False
2023-12-26,22.354942,106.11259,49.902912,0.57957476,420.6347,0.6930855,0.0,2023-12-26 06:18:01.561987072,VNM,Vietnam,False
2023-12-26,22.34739,106.119385,49.898754,0.46879756,421.22815,0.6320484,0.0,2023-12-26 06:18:01.588017920,VNM,Vietnam,False
2023-12-26,22.339775,106.12614,49.894524,0.35893294,420.62598,0.6557908,0.0,2023-12-26 06:18:01.615014400,VNM,Vietnam,False
2023-12-26,22.33207,106.13284,49.890194,0.25214043,420.6469,0.69025433,0.0,2023-12-26 06:18:01.642010624,VNM,Vietnam,False
2023-12-26,22.324389,106.13942,49.88584,0.15636402,421.7359,0.7127897,0.0,2023-12-26 06:18:01.669007360,VNM,Vietnam,False
2023-12-26,22.3751,106.10779,49.91987,0.58031803,420.88922,0.73644996,0.0,2023-12-26 06:18:01.894996736,VNM,Vietnam,False
2023-12-26,22.367542,106.11459,49.915707,0.4695412,420.51123,0.6965942,0.0,2023-12-26 06:18:01.920987392,VNM,Vietnam,False
2023-12-26,22.35994,106.121346,49.911484,0.35969567,420.95392,0.6617729,0.0,2023-12-26 06:18:01.948024064,VNM,Vietnam,False
2023-12-26,22.352234,106.12805,49.907154,0.25290874,420.59604,0.62085783,0.0,2023-12-26 06:18:01.975020288,VNM,Vietnam,False
2023-12-26,22.344555,106.134636,49.9028,0.15709433,421.62546,0.65657926,0.0,2023-12-26 06:18:02.002017024,VNM,Vietnam,False
2023-12-26,22.336805,106.14116,49.89836,0.1043091,420.26053,0.59867114,0.0,2023-12-26 06:18:02.029013504,VNM,Vietnam,False
2023-12-26,22.321152,106.15397,49.889256,0.2456218,420.719,0.7289542,0.0,2023-12-26 06:18:02.083006208,VNM,Vietnam,False
2023-12-26,22.39525,106.10299,49.93682,0.5810517,419.52295,0.739921,0.0,2023-12-26 06:18:02.228006400,VNM,Vietnam,False
2023-12-26,22.387701,106.109795,49.932663,0.4702898,419.2285,0.679004,0.0,2023-12-26 06:18:02.255002880,VNM,Vietnam,False
2023-12-26,22.380102,106.11655,49.928444,0.36045772,420.38452,0.6241793,0.0,2023-12-26 06:18:02.281999360,VNM,Vietnam,False
2023-12-26,22.356972,106.136375,49.915325,0.10464828,420.5354,0.6097523,0.0,2023-12-26 06:18:02.362988544,VNM,Vietnam,False
2023-12-26,22.349174,106.14282,49.91081,0.1507442,420.41107,0.5648242,0.0,2023-12-26 06:18:02.389019392,VNM,Vietnam,False
2023-12-26,22.415432,106.09828,49.953835,0.5815357,420.75717,0.6548973,0.0,2023-12-26 06:18:02.562021888,VNM,Vietnam,False
2023-12-26,22.407875,106.10511,49.94968,0.4707712,420.94943,0.7184654,0.0,2023-12-26 06:18:02.588012544,VNM,Vietnam,False
2023-12-26,22.40028,106.11188,49.94547,0.3609929,419.36755,0.6655557,0.0,2023-12-26 06:18:02.615008768,VNM,Vietnam,False
2023-12-26,22.392578,106.118614,49.941147,0.25436574,420.27036,0.7054966,0.0,2023-12-26 06:18:02.642005504,VNM,Vietnam,False
2023-12-26,22.384903,106.12521,49.936802,0.15891121,421.15985,0.72685325,0.0,2023-12-26 06:18:02.669001728,VNM,Vietnam,False
2023-12-26,22.435612,106.09368,49.970898,0.58170295,420.9286,0.7449483,0.0,2023-12-26 06:18:02.894991360,VNM,Vietnam,False
2023-12-26,22.42805,106.10051,49.966736,0.4710243,422.86786,0.7223485,0.0,2023-12-26 06:18:02.921022208,VNM,Vietnam,False
2023-12-26,22.420465,106.107285,49.962532,0.36140215,420.092,0.6592303,0.0,2023-12-26 06:18:02.948018432,VNM,Vietnam,False
2023-12-26,22.412764,106.11402,49.95821,0.25503287,418.79514,0.6533602,0.0,2023-12-26 06:18:02.975015168,VNM,Vietnam,False
2023-12-26,22.397346,106.127174,49.949436,0.108340256,420.0172,0.7440352,0.0,2023-12-26 06:18:03.029007872,VNM,Vietnam,False
2023-12-26,22.432951,106.10943,49.975273,0.25571293,420.90698,0.6320615,0.0,2023-12-26 06:18:03.308990208,VNM,Vietnam,False
2023-12-26,22.425278,106.116035,49.97093,0.16131032,420.5466,0.63726574,0.0,2023-12-26 06:18:03.336026880,VNM,Vietnam,False
2023-12-26,22.417536,106.12259,49.9665,0.11029376,420.28854,0.6501126,0.0,2023-12-26 06:18:03.363023360,VNM,Vietnam,False
2023-12-26,22.409742,106.12906,49.961994,0.15510102,419.56793,0.67203003,0.0,2023-12-26 06:18:03.389014016,VNM,Vietnam,False
2023-12-26,22.46841,106.09131,50.000854,0.4712837,419.15076,0.6985068,0.0,2023-12-26 06:18:03.588006912,VNM,Vietnam,False
2023-12-26,22.460796,106.0981,49.996628,0.36188012,419.61835,0.6694719,0.0,2023-12-26 06:18:03.615003648,VNM,Vietnam,False
2023-12-26,22.453094,106.104836,49.992306,0.25598365,420.4327,0.74106526,0.0,2023-12-26 06:18:03.641999872,VNM,Vietnam,False
2023-12-26,22.44542,106.11145,49.987953,0.16208038,420.0896,0.6813803,0.0,2023-12-26 06:18:03.668996352,VNM,Vietnam,False
2023-12-26,22.429876,106.12447,49.97901,0.15677312,419.60385,0.69013137,0.0,2023-12-26 06:18:03.722989312,VNM,Vietnam,False
2023-12-26,22.496101,106.079865,50.022038,0.5814429,420.61072,0.6639202,0.0,2023-12-26 06:18:03.895026176,VNM,Vietnam,False
2023-12-26,22.488535,106.08671,50.01787,0.4709931,419.89407,0.7574935,0.0,2023-12-26 06:18:03.921016576,VNM,Vietnam,False
2023-12-26,22.480923,106.093506,50.013645,0.36173138,419.51434,0.6342272,0.0,2023-12-26 06:18:03.948013312,VNM,Vietnam,False
2023-12-26,22.465548,106.106865,50.004974,0.16274945,419.85406,0.6575893,0.0,2023-12-26 06:18:04.002006016,VNM,Vietnam,False
2023-12-26,22.457802,106.11342,50.000538,0.113661304,421.74335,0.66858375,0.0,2023-12-26 06:18:04.029002496,VNM,Vietnam,False
2023-12-26,22.450006,106.119896,49.99603,0.15846051,419.81915,0.716087,0.0,2023-12-26 06:18:04.055998720,VNM,Vietnam,False
2023-12-26,22.442167,106.12628,49.991444,0.25082418,420.52402,0.7243501,0.0,2023-12-26 06:18:04.082995456,VNM,Vietnam,False
2023-12-26,22.516193,106.07529,50.039036,0.58103156,420.7854,0.68765134,0.0,2023-12-26 06:18:04.227995648,VNM,Vietnam,False
2023-12-26,22.501049,106.08891,50.030666,0.36159095,420.89578,0.6765216,0.0,2023-12-26 06:18:04.281988352,VNM,Vietnam,False
2023-12-26,22.49335,106.09566,50.02634,0.25621924,419.5701,0.6466324,0.0,2023-12-26 06:18:04.309025024,VNM,Vietnam,False
2023-12-26,22.485676,106.10228,50.02199,0.16343711,420.31155,0.64515835,0.0,2023-12-26 06:18:04.336021504,VNM,Vietnam,False
2023-12-26,22.477932,106.10884,50.01756,0.11533819,419.08115,0.69617957,0.0,2023-12-26 06:18:04.363017984,VNM,Vietnam,False
2023-12-26,22.470139,106.11532,50.01305,0.16015467,420.65536,0.73149,0.0,2023-12-26 06:18:04.389008640,VNM,Vietnam,False
2023-12-26,22.528734,106.0776,50.051895,0.4698485,418.73138,0.7240699,0.0,2023-12-26 06:18:04.588001792,VNM,Vietnam,False
2023-12-26,22.521132,106.0844,50.04768,0.3608563,421.8792,0.71521956,0.0,2023-12-26 06:18:04.614998016,VNM,Vietnam,False
2023-12-26,22.513428,106.091156,50.043354,0.25577992,421.2853,0.6668907,0.0,2023-12-26 06:18:04.641994496,VNM,Vietnam,False
2023-12-26,22.541191,106.07993,50.06469,0.35978484,419.59167,0.68127584,0.0,2023-12-26 06:18:04.948007936,VNM,Vietnam,False
2023-12-26,22.533487,106.08669,50.060364,0.2551349,420.53134,0.67218834,0.0,2023-12-26 06:18:04.975004160,VNM,Vietnam,False
2023-12-26,22.525812,106.09333,50.056015,0.16411956,419.8427,0.704087,0.0,2023-12-26 06:18:05.002000640,VNM,Vietnam,False
2023-12-26,22.518064,106.0999,50.051582,0.11978208,420.6529,0.6769998,0.0,2023-12-26 06:18:05.028996864,VNM,Vietnam,False
2023-12-26,22.576462,106.06176,50.09012,0.5773636,420.20334,0.5890433,0.0,2023-12-26 06:18:05.227990272,VNM,Vietnam,False
2023-12-26,22.56125,106.07546,50.0817,0.35873353,419.81586,0.6124035,0.0,2023-12-26 06:18:05.282023168,VNM,Vietnam,False
2023-12-26,22.553549,106.08223,50.077377,0.2545221,420.53177,0.6655744,0.0,2023-12-26 06:18:05.309019648,VNM,Vietnam,False
2023-12-26,22.545874,106.08886,50.07303,0.1644934,420.2163,0.62425345,0.0,2023-12-26 06:18:05.336016128,VNM,Vietnam,False
2023-12-26,22.538128,106.09544,50.068592,0.12208811,420.89325,0.68351626,0.0,2023-12-26 06:18:05.363012608,VNM,Vietnam,False
2023-12-26,22.530333,106.10194,50.064083,0.16892847,419.71783,0.70447046,0.0,2023-12-26 06:18:05.389003264,VNM,Vietnam,False
2023-12-26,22.522495,106.10834,50.059498,0.26035142,420.91132,0.73871857,0.0,2023-12-26 06:18:05.415999744,VNM,Vietnam,False
2023-12-26,22.59654,106.05723,50.10713,0.57636,419.73145,0.66914296,0.0,2023-12-26 06:18:05.562005504,VNM,Vietnam,False
2023-12-26,22.57364,106.07767,50.094383,0.25434008,419.96378,0.69890773,0.0,2023-12-26 06:18:05.641989120,VNM,Vietnam,False
2023-12-26,22.56597,106.0843,50.090034,0.16503192,421.8705,0.7045897,0.0,2023-12-26 06:18:05.669025792,VNM,Vietnam,False
2023-12-26,22.550438,106.09736,50.08109,0.17068721,419.35995,0.7132991,0.0,2023-12-26 06:18:05.723018752,VNM,Vietnam,False
2023-12-26,22.542606,106.103745,50.076504,0.26181734,420.96686,0.7625695,0.0,2023-12-26 06:18:05.749009152,VNM,Vietnam,False
2023-12-26,22.609081,106.05949,50.11997,0.4660624,420.97134,0.60156196,0.0,2023-12-26 06:18:05.921006080,VNM,Vietnam,False
2023-12-26,22.570547,106.09277,50.0981,0.17239194,419.86996,0.7678713,0.0,2023-12-26 06:18:06.055987968,VNM,Vietnam,False
2023-12-26,22.562714,106.09916,50.093513,0.26329565,420.8682,0.7861455,0.0,2023-12-26 06:18:06.083024640,VNM,Vietnam,False
2023-12-26,22.63668,106.04804,50.141098,0.57523185,419.98828,0.7412713,0.0,2023-12-26 06:18:06.228024832,VNM,Vietnam,False
2023-12-26,22.61385,106.068474,50.1284,0.2543431,420.91138,0.6023907,0.0,2023-12-26 06:18:06.309014272,VNM,Vietnam,False
2023-12-26,22.606182,106.07511,50.12405,0.16622958,420.6965,0.6940798,0.0,2023-12-26 06:18:06.336010752,VNM,Vietnam,False
2023-12-26,22.598444,106.08169,50.119617,0.12690416,419.71948,0.6804911,0.0,2023-12-26 06:18:06.363006976,VNM,Vietnam,False
2023-12-26,22.64157,106.056984,50.149616,0.35684928,420.6472,0.7110654,0.0,2023-12-26 06:18:06.614987264,VNM,Vietnam,False
2023-12-26,22.633865,106.063736,50.14528,0.25358585,420.65994,0.5873381,0.0,2023-12-26 06:18:06.642023936,VNM,Vietnam,False
2023-12-26,22.626188,106.07036,50.140915,0.16552828,421.44885,0.6013548,0.0,2023-12-26 06:18:06.669020416,VNM,Vietnam,False
2023-12-26,22.618443,106.07693,50.136463,0.12659092,421.79538,0.6135747,0.0,2023-12-26 06:18:06.696016896,VNM,Vietnam,False
2023-12-26,22.602793,106.08981,50.12734,0.2652415,419.5745,0.7045021,0.0,2023-12-26 06:18:06.749003776,VNM,Vietnam,False
2023-12-26,22.67676,106.03852,50.17489,0.5735746,420.50555,0.61994857,0.0,2023-12-26 06:18:06.895010048,VNM,Vietnam,False
2023-12-26,22.653847,106.058945,50.1621,0.2525149,420.65143,0.5979983,0.0,2023-12-26 06:18:06.974993152,VNM,Vietnam,False
2023-12-26,22.64617,106.065575,50.157738,0.16448201,421.8183,0.65859455,0.0,2023-12-26 06:18:07.001989888,VNM,Vietnam,False
2023-12-26,22.638424,106.07214,50.15329,0.12600999,420.95453,0.6921877,0.0,2023-12-26 06:18:07.029026560,VNM,Vietnam,False
2023-12-26,22.630629,106.07863,50.148766,0.17447074,421.47116,0.6730005,0.0,2023-12-26 06:18:07.056022784,VNM,Vietnam,False
2023-12-26,22.673826,106.05415,50.17893,0.25144428,420.97614,0.6464829,0.0,2023-12-26 06:18:07.309008896,VNM,Vietnam,False
2023-12-26,22.666151,106.06078,50.17457,0.16343768,419.9748,0.6721455,0.0,2023-12-26 06:18:07.336005120,VNM,Vietnam,False
2023-12-26,22.658407,106.06735,50.17012,0.1254392,420.5557,0.70688695,0.0,2023-12-26 06:18:07.363001856,VNM,Vietnam,False
2023-12-26,22.650614,106.073845,50.165596,0.1746338,420.5887,0.6974153,0.0,2023-12-26 06:18:07.388992256,VNM,Vietnam,False
2023-12-26,22.71677,106.028946,50.208607,0.57203966,420.4794,0.6188213,0.0,2023-12-26 06:18:07.561994752,VNM,Vietnam,False
2023-12-26,22.693893,106.0494,50.195854,0.2512108,419.213,0.6478745,0.0,2023-12-26 06:18:07.642018560,VNM,Vietnam,False
2023-12-26,22.68623,106.05604,50.1915,0.16344726,421.537,0.72918856,0.0,2023-12-26 06:18:07.669015040,VNM,Vietnam,False
2023-12-26,22.729317,106.031075,50.221405,0.4623667,423.44705,0.67695814,0.0,2023-12-26 06:18:07.920995072,VNM,Vietnam,False
2023-12-26,22.721685,106.0379,50.217148,0.35441968,422.59314,0.57506096,0.0,2023-12-26 06:18:07.947991296,VNM,Vietnam,False
2023-12-26,22.713997,106.04467,50.212822,0.2513189,422.8819,0.6130563,0.0,2023-12-26 06:18:07.974988032,VNM,Vietnam,False
2023-12-26,22.741787,106.033165,50.234116,0.3544383,421.2223,0.6870057,0.0,2023-12-26 06:18:08.282007040,VNM,Vietnam,False
2023-12-26,22.734098,106.03993,50.22979,0.25142828,421.2016,0.66528964,0.0,2023-12-26 06:18:08.309003264,VNM,Vietnam,False
2023-12-26,22.726439,106.04658,50.225437,0.1640277,422.49963,0.66097546,0.0,2023-12-26 06:18:08.336000000,VNM,Vietnam,False
2023-12-26,22.718708,106.05316,50.221,0.12689877,423.07324,0.54908407,0.0,2023-12-26 06:18:08.362996224,VNM,Vietnam,False
2023-12-26,22.769485,106.02157,50.255302,0.46205443,423.1778,0.6221592,0.0,2023-12-26 06:18:08.588020224,VNM,Vietnam,False
2023-12-26,22.76185,106.028404,50.25104,0.35414386,422.5568,0.54294956,0.0,2023-12-26 06:18:08.615016704,VNM,Vietnam,False
2023-12-26,22.75416,106.03517,50.246708,0.25113475,421.79718,0.5518463,0.0,2023-12-26 06:18:08.642013184,VNM,Vietnam,False
2023-12-26,22.746494,106.04182,50.24235,0.16379455,421.02072,0.61112773,0.0,2023-12-26 06:18:08.669009408,VNM,Vietnam,False
2023-12-26,22.73876,106.0484,50.23791,0.12692301,421.5133,0.6278102,0.0,2023-12-26 06:18:08.696005888,VNM,Vietnam,False
2023-12-26,22.79708,106.00992,50.276382,0.5711647,421.4104,0.57438624,0.0,2023-12-26 06:18:08.894999040,VNM,Vietnam,False
2023-12-26,22.781893,106.02363,50.267944,0.353665,420.65137,0.59496087,0.0,2023-12-26 06:18:08.948026112,VNM,Vietnam,False
2023-12-26,22.774202,106.0304,50.263615,0.25067723,422.09158,0.6298142,0.0,2023-12-26 06:18:08.975022848,VNM,Vietnam,False
2023-12-26,22.766539,106.03705,50.259254,0.16342461,422.23862,0.5994055,0.0,2023-12-26 06:18:09.002019072,VNM,Vietnam,False
2023-12-26,22.758804,106.04363,50.254814,0.12687674,421.43005,0.5918228,0.0,2023-12-26 06:18:09.029015552,VNM,Vietnam,False
2023-12-26,22.743183,106.056564,50.2457,0.26815474,420.3523,0.6849904,0.0,2023-12-26 06:18:09.083008512,VNM,Vietnam,False
2023-12-26,22.801933,106.01885,50.28485,0.3531858,421.508,0.58179784,0.0,2023-12-26 06:18:09.282001408,VNM,Vietnam,False
2023-12-26,22.794245,106.02563,50.280518,0.25021994,420.26605,0.5691126,0.0,2023-12-26 06:18:09.308998144,VNM,Vietnam,False
2023-12-26,22.786583,106.03228,50.27616,0.16305657,421.14587,0.63768405,0.0,2023-12-26 06:18:09.335994368,VNM,Vietnam,False
2023-12-26,22.77885,106.038864,50.271717,0.12683526,420.92764,0.61012626,0.0,2023-12-26 06:18:09.362990848,VNM,Vietnam,False
2023-12-26,22.806618,106.02739,50.293015,0.16229995,420.81296,0.5372499,0.0,2023-12-26 06:18:09.669004032,VNM,Vietnam,False
2023-12-26,22.798885,106.033966,50.288567,0.12571314,421.42773,0.58419484,0.0,2023-12-26 06:18:09.696000512,VNM,Vietnam,False
2023-12-26,22.8571,105.99539,50.326946,0.57022494,420.66864,0.6454175,0.0,2023-12-26 06:18:09.894993664,VNM,Vietnam,False
2023-12-26,22.849564,106.00225,50.322773,0.46056864,419.64276,0.67598623,0.0,2023-12-26 06:18:09.921024256,VNM,Vietnam,False
2023-12-26,22.841997,106.00906,50.318558,0.35258135,420.82938,0.62273175,0.0,2023-12-26 06:18:09.948020992,VNM,Vietnam,False
2023-12-26,22.83431,106.01583,50.31422,0.2492913,422.6232,0.6227761,0.0,2023-12-26 06:18:09.975017216,VNM,Vietnam,False
2023-12-26,22.877127,105.99046,50.34379,0.5701538,419.6696,0.71599597,0.0,2023-12-26 06:18:10.228003328,VNM,Vietnam,False
2023-12-26,22.869593,105.99732,50.33962,0.46042672,419.8461,0.7236542,0.0,2023-12-26 06:18:10.254999552,VNM,Vietnam,False
2023-12-26,22.862026,106.004135,50.3354,0.35232508,418.913,0.6698407,0.0,2023-12-26 06:18:10.281996288,VNM,Vietnam,False
2023-12-26,22.85434,106.01091,50.331062,0.2488342,420.37167,0.6956704,0.0,2023-12-26 06:18:10.308992512,VNM,Vietnam,False
2023-12-26,22.846682,106.017555,50.326702,0.16060291,420.9155,0.6714918,0.0,2023-12-26 06:18:10.335988992,VNM,Vietnam,False
2023-12-26,22.838951,106.02414,50.322254,0.12316299,419.76093,0.6759367,0.0,2023-12-26 06:18:10.363025664,VNM,Vietnam,False
2023-12-26,22.917496,105.98078,50.37784,0.57217366,421.18976,0.7662984,0.0,2023-12-26 06:18:10.894988032,VNM,Vietnam,False
2023-12-26,22.894758,106.00128,50.36516,0.25128978,422.7221,0.7449842,0.0,2023-12-26 06:18:10.975011840,VNM,Vietnam,False
2023-12-26,22.922663,105.98969,50.38657,0.3560866,421.54037,0.6961169,0.0,2023-12-26 06:18:11.281990656,VNM,Vietnam,False
2023-12-26,22.899647,106.00974,50.373478,0.1252882,422.1293,0.6117196,0.0,2023-12-26 06:18:11.363020288,VNM,Vietnam,False
2023-12-26,22.935183,105.99157,50.39925,0.25389278,424.57614,0.5865592,0.0,2023-12-26 06:18:11.641996800,VNM,Vietnam,False
2023-12-26,22.904238,106.01776,50.38135,0.26253587,422.77158,0.589287,0.0,2023-12-26 06:18:11.749017088,VNM,Vietnam,False
2023-12-26,22.944588,106.00786,50.415287,0.25934097,422.54327,0.64367527,0.0,2023-12-26 06:18:12.416001792,VNM,Vietnam,False
2023-12-28,20.902813,106.80103,47.5777,37.309036,424.0686,0.696306,0.0,2023-12-28 06:06:24.308999680,VNM,Vietnam,False
2023-12-28,20.880154,106.81646,47.562454,37.43198,425.05222,0.5305644,0.0,2023-12-28 06:06:24.362992640,VNM,Vietnam,False
2023-12-28,20.85705,106.83154,47.54668,37.55892,422.5852,0.6670387,0.0,2023-12-28 06:06:24.416019968,VNM,Vietnam,False
2023-12-28,20.90979,106.803734,47.58565,37.381172,423.68466,0.76077,0.0,2023-12-28 06:06:24.669005824,VNM,Vietnam,False
2023-12-28,20.898392,106.81142,47.577953,37.443233,423.80667,0.5454577,0.0,2023-12-28 06:06:24.696002304,VNM,Vietnam,False
2023-12-28,20.886892,106.81901,47.57013,37.50623,423.78244,0.5236835,0.0,2023-12-28 06:06:24.722998528,VNM,Vietnam,True
2023-12-28,21.026913,106.751236,47.67666,37.192574,422.5799,0.6052509,0.0,2023-12-28 06:06:25.894990080,VNM,Vietnam,False
2023-12-28,21.033968,106.75403,47.684715,37.263306,423.90842,0.5193354,0.0,2023-12-28 06:06:26.254995968,VNM,Vietnam,False
2023-12-28,21.040962,106.75685,47.692722,37.335155,424.19528,0.5703692,0.0,2023-12-28 06:06:26.615002112,VNM,Vietnam,False
2023-12-28,21.02962,106.76474,47.685127,37.39569,424.3802,0.5296321,0.0,2023-12-28 06:06:26.641998592,VNM,Vietnam,False
2023-12-28,21.036415,106.76732,47.692863,37.469334,424.08472,0.5524373,0.0,2023-12-28 06:06:27.002004736,VNM,Vietnam,False
2023-12-28,21.013409,106.78258,47.677204,37.594837,424.44952,0.62574804,0.0,2023-12-28 06:06:27.055997696,VNM,Vietnam,False
2023-12-28,21.031387,106.77722,47.692368,37.60851,423.70746,0.5575163,0.0,2023-12-28 06:06:27.389007104,VNM,Vietnam,False
2023-12-28,21.01973,106.78472,47.684345,37.67268,424.26562,0.6387633,0.0,2023-12-28 06:06:27.416003584,VNM,Vietnam,False
2023-12-28,21.444645,106.63167,48.031315,37.469738,422.4123,0.6531589,0.0,2023-12-28 06:06:33.562017536,VNM,Vietnam,False
2023-12-28,21.561155,106.60374,48.132664,37.608757,420.99548,0.65533406,0.0,2023-12-28 06:06:35.921006592,VNM,Vietnam,False
2023-12-28,21.590553,106.590515,48.155643,37.56219,421.49442,0.6041717,0.0,2023-12-28 06:06:36.228025856,VNM,Vietnam,False
2023-12-28,21.568157,106.60673,48.140728,37.67956,421.46133,0.5733925,0.0,2023-12-28 06:06:36.282018560,VNM,Vietnam,False
2023-12-28,21.597862,106.593666,48.164047,37.63131,422.81415,0.5467637,0.0,2023-12-28 06:06:36.587991808,VNM,Vietnam,False
2023-12-28,21.586477,106.60171,48.15639,37.69078,422.67688,0.70289046,0.0,2023-12-28 06:06:36.615028480,VNM,Vietnam,False
2023-12-28,21.575356,106.60985,48.149017,37.75101,422.20856,0.6499534,0.0,2023-12-28 06:06:36.642024704,VNM,Vietnam,False
2023-12-28,21.616777,106.588905,48.18036,37.641876,423.50043,0.7616297,0.0,2023-12-28 06:06:36.921001472,VNM,Vietnam,False
2023-12-28,21.604874,106.59672,48.17214,37.701916,422.41595,0.5727856,0.0,2023-12-28 06:06:36.947997696,VNM,Vietnam,False
2023-12-28,21.594027,106.60498,48.165062,37.76185,422.55136,0.7482349,0.0,2023-12-28 06:06:36.974994176,VNM,Vietnam,False
2023-12-28,21.570702,106.62049,48.149044,37.88549,422.13367,0.6653367,0.0,2023-12-28 06:06:37.028987136,VNM,Vietnam,False
2023-12-28,21.645231,106.575386,48.202374,37.5954,423.49127,0.69412166,0.0,2023-12-28 06:06:37.228020480,VNM,Vietnam,False
2023-12-28,21.611761,106.59983,48.180138,37.77272,423.19138,0.6052863,0.0,2023-12-28 06:06:37.309009664,VNM,Vietnam,False
2023-12-28,21.652414,106.57865,48.210697,37.663498,422.67435,0.6243258,0.0,2023-12-28 06:06:37.588026624,VNM,Vietnam,False
2023-12-28,21.683548,106.56637,48.235638,37.61383,421.68695,0.75189394,0.0,2023-12-28 06:06:37.895005184,VNM,Vietnam,False
2023-12-28,21.672585,106.5746,48.228424,37.671623,425.06244,0.8200266,0.0,2023-12-28 06:06:37.920995840,VNM,Vietnam,False
2023-12-28,21.659576,106.58193,48.21901,37.732784,423.71915,0.5950855,0.0,2023-12-28 06:06:37.947992320,VNM,Vietnam,False
2023-12-28,21.648577,106.59016,48.21177,37.792812,423.13882,0.68377095,0.0,2023-12-28 06:06:37.974989056,VNM,Vietnam,False
2023-12-28,21.614386,106.61374,48.188576,37.978912,423.13577,0.7748068,0.0,2023-12-28 06:06:38.056018432,VNM,Vietnam,False
2023-12-28,21.702024,106.561386,48.251476,37.624966,421.69394,0.6374922,0.0,2023-12-28 06:06:38.228014848,VNM,Vietnam,False
2023-12-28,21.690744,106.56946,48.24391,37.683243,422.99902,0.68469244,0.0,2023-12-28 06:06:38.255011584,VNM,Vietnam,False
2023-12-28,21.679565,106.5776,48.23647,37.742565,422.2138,0.75068796,0.0,2023-12-28 06:06:38.282007808,VNM,Vietnam,False
2023-12-28,21.667307,106.58524,48.22786,37.8041,423.55115,0.67011476,0.0,2023-12-28 06:06:38.309004288,VNM,Vietnam,False
2023-12-28,21.644707,106.601074,48.21261,37.927174,421.75842,0.87414277,0.0,2023-12-28 06:06:38.362996992,VNM,Vietnam,False
2023-12-28,21.634039,106.60921,48.205647,37.98936,424.37766,0.79241544,0.0,2023-12-28 06:06:38.388987904,VNM,Vietnam,False
2023-12-28,21.720125,106.55615,48.26688,37.63709,423.43936,0.6178937,0.0,2023-12-28 06:06:38.561990144,VNM,Vietnam,False
2023-12-28,21.709389,106.564476,48.259907,37.694775,422.44934,0.70637506,0.0,2023-12-28 06:06:38.588020992,VNM,Vietnam,False
2023-12-28,21.697767,106.572426,48.251984,37.754578,421.88742,0.56853235,0.0,2023-12-28 06:06:38.615017472,VNM,Vietnam,False
2023-12-28,21.661646,106.59537,48.226757,37.940548,422.99283,0.5722347,0.0,2023-12-28 06:06:38.696006656,VNM,Vietnam,False
2023-12-28,21.639534,106.61127,48.211987,38.066597,422.55392,0.7935648,0.0,2023-12-28 06:06:38.748993792,VNM,Vietnam,False
2023-12-28,21.738884,106.55122,48.283,37.648495,421.9231,0.6691478,0.0,2023-12-28 06:06:38.895000064,VNM,Vietnam,False
2023-12-28,21.727818,106.5594,48.275665,37.70654,423.10806,0.77617776,0.0,2023-12-28 06:06:38.920990464,VNM,Vietnam,False
2023-12-28,21.704584,106.575294,48.25983,37.827175,421.68732,0.61082387,0.0,2023-12-28 06:06:38.975023872,VNM,Vietnam,False
2023-12-28,21.693264,106.58321,48.252182,37.888226,422.63998,0.75419796,0.0,2023-12-28 06:06:39.002020096,VNM,Vietnam,False
2023-12-28,21.681568,106.59096,48.244125,37.95064,423.9185,0.7240288,0.0,2023-12-28 06:06:39.029016576,VNM,Vietnam,False
2023-12-28,21.668203,106.59793,48.234257,38.01567,423.7497,0.5812081,0.0,2023-12-28 06:06:39.056012800,VNM,Vietnam,False
2023-12-28,21.756313,106.54568,48.297676,37.660793,422.21533,0.67114544,0.0,2023-12-28 06:06:39.228009728,VNM,Vietnam,False
2023-12-28,21.745153,106.55382,48.29024,37.718872,423.39914,0.7021027,0.0,2023-12-28 06:06:39.255005952,VNM,Vietnam,False
2023-12-28,21.73469,106.562294,48.28357,37.77736,421.93515,0.870304,0.0,2023-12-28 06:06:39.282002432,VNM,Vietnam,False
2023-12-28,21.72316,106.57027,48.27574,37.83804,420.61636,0.7247403,0.0,2023-12-28 06:06:39.308998912,VNM,Vietnam,False
2023-12-28,21.711334,106.577965,48.267544,37.899567,422.32236,0.7634596,0.0,2023-12-28 06:06:39.335995136,VNM,Vietnam,False
2023-12-28,21.700132,106.58593,48.260025,37.96144,422.42554,0.70802665,0.0,2023-12-28 06:06:39.362991872,VNM,Vietnam,False
2023-12-28,21.688362,106.5936,48.251873,38.024754,423.99545,0.78068197,0.0,2023-12-28 06:06:39.389022464,VNM,Vietnam,False
2023-12-28,21.67507,106.60057,48.24207,38.090538,423.4402,0.6355399,0.0,2023-12-28 06:06:39.416018944,VNM,Vietnam,False
2023-12-28,21.77422,106.54034,48.312866,37.672306,422.26575,0.55798876,0.0,2023-12-28 06:06:39.562024960,VNM,Vietnam,False
2023-12-28,21.718521,106.58083,48.275734,37.97243,421.9282,0.74268305,0.0,2023-12-28 06:06:39.696001536,VNM,Vietnam,False
2023-12-28,21.79228,106.535065,48.32823,37.683647,421.9671,0.56433815,0.0,2023-12-28 06:06:39.894994432,VNM,Vietnam,False
2023-12-28,21.78139,106.54334,48.321087,37.741436,421.93433,0.6546691,0.0,2023-12-28 06:06:39.921025280,VNM,Vietnam,False
2023-12-28,21.810555,106.52994,48.34384,37.694668,422.17477,0.61538815,0.0,2023-12-28 06:06:40.228004096,VNM,Vietnam,False
2023-12-28,21.799921,106.53834,48.336975,37.75217,420.32462,0.63746685,0.0,2023-12-28 06:06:40.255000576,VNM,Vietnam,False
2023-12-28,21.78844,106.54638,48.329205,37.811745,421.0966,0.66377425,0.0,2023-12-28 06:06:40.281997056,VNM,Vietnam,False
2023-12-28,21.82505,106.53621,48.36051,37.83364,420.60226,0.7692291,0.0,2023-12-28 06:06:40.948016384,VNM,Vietnam,False
2023-12-28,21.854313,106.52288,48.38339,37.784634,422.3531,0.8221766,0.0,2023-12-28 06:06:41.254995200,VNM,Vietnam,False
2023-12-28,21.843225,106.53111,48.37604,37.843697,420.68567,0.62674344,0.0,2023-12-28 06:06:41.281991424,VNM,Vietnam,False
2023-12-28,21.832159,106.53934,48.368717,37.90377,420.8406,0.6360842,0.0,2023-12-28 06:06:41.308988160,VNM,Vietnam,False
2023-12-28,21.862312,106.526436,48.392567,37.852547,420.7676,0.7238884,0.0,2023-12-28 06:06:41.615001088,VNM,Vietnam,False
2023-12-28,21.850542,106.534355,48.38448,37.913387,421.50858,0.7665484,0.0,2023-12-28 06:06:41.641997824,VNM,Vietnam,False
2023-12-28,21.868954,106.52938,48.400276,37.92297,420.1347,0.7444489,0.0,2023-12-28 06:06:41.975007232,VNM,Vietnam,False
2023-12-28,21.863743,106.53967,48.39962,38.05927,420.7336,0.70059574,0.0,2023-12-28 06:06:42.363015680,VNM,Vietnam,False
2023-12-28,21.916595,106.510666,48.438786,37.8872,419.98093,0.6879926,0.0,2023-12-28 06:06:42.614995968,VNM,Vietnam,False
2023-12-28,21.870182,106.5421,48.406956,38.135147,421.76926,0.7429976,0.0,2023-12-28 06:06:42.723021824,VNM,Vietnam,False
2023-12-28,21.966612,106.505615,48.485374,38.058643,420.82825,0.75418395,0.0,2023-12-28 06:06:44.001992960,VNM,Vietnam,False
