file_date,latitude,longitude,sza,vza,xco2,xco2_sigma,xco2_qual,time,GID_0,COUNTRY
2024-01-02,18.661495,105.40642,46.10591,0.5488318,420.54843,0.547418,0.0,2024-01-02 06:23:19.228017152,VNM,Vietnam
2024-01-02,19.29118,105.27298,46.634094,0.33845767,422.78146,0.5430378,0.0,2024-01-02 06:23:29.948015104,VNM,Vietnam
2024-01-02,18.762213,105.38407,46.189728,0.5474946,420.73755,0.48633093,0.0,2024-01-02 06:23:20.894996736,VNM,Vietnam
2024-01-02,18.85992,105.37566,46.27746,0.22263485,424.29285,0.57630503,0.0,2024-01-02 06:23:22.975009536,VNM,Vietnam
2024-01-02,18.852098,105.38188,46.273094,0.1288368,424.09778,0.57467425,0.0,2024-01-02 06:23:23.002005760,VNM,Vietnam
2024-01-02,18.681492,105.40179,46.12247,0.5478896,423.31573,0.6063532,0.0,2024-01-02 06:23:19.561992192,VNM,Vietnam
2024-01-02,18.836267,105.39412,46.264114,0.16590108,422.88773,0.59154403,0.0,2024-01-02 06:23:23.055998720,VNM,Vietnam
2024-01-02,18.673756,105.40822,46.118282,0.43619257,422.40683,0.61431664,0.0,2024-01-02 06:23:19.588023296,VNM,Vietnam
2024-01-02,18.844206,105.38804,46.26864,0.095794745,424.17963,0.6043251,0.0,2024-01-02 06:23:23.029002240,VNM,Vietnam
2024-01-02,19.376316,105.26245,46.709255,0.14492229,421.7659,0.571067,0.0,2024-01-02 06:23:31.668987392,VNM,Vietnam
2024-01-02,19.31592,105.27648,46.659023,0.14445631,421.82617,0.539101,0.0,2024-01-02 06:23:30.668993024,VNM,Vietnam
2024-01-02,19.308052,105.28269,46.654564,0.11026754,422.18454,0.58329403,0.0,2024-01-02 06:23:30.695989248,VNM,Vietnam
2024-01-02,19.32817,105.278,46.671284,0.1098043,421.4445,0.59850603,0.0,2024-01-02 06:23:31.028999168,VNM,Vietnam
2024-01-02,19.432259,105.2405,46.75158,0.34177026,420.40244,0.63097554,0.0,2024-01-02 06:23:32.282019840,VNM,Vietnam
2024-01-02,19.460163,105.22935,46.772617,0.45136887,422.3446,0.5874813,0.0,2024-01-02 06:23:32.587992832,VNM,Vietnam
2024-01-02,19.436792,105.24852,46.75962,0.14645988,422.16638,0.53040206,0.0,2024-01-02 06:23:32.669022208,VNM,Vietnam
2024-01-02,19.428932,105.254745,46.755165,0.11028441,422.69235,0.5877757,0.0,2024-01-02 06:23:32.696018688,VNM,Vietnam
2024-01-02,20.24576,105.06955,47.439125,0.1636884,422.75958,0.56210345,0.0,2024-01-02 06:23:46.389004288,VNM,Vietnam
2024-01-02,19.452402,105.23582,46.768345,0.34224513,422.36945,0.5580648,0.0,2024-01-02 06:23:32.614989312,VNM,Vietnam
2024-01-02,19.508102,105.21336,46.810287,0.5627726,422.80667,0.52625674,0.0,2024-01-02 06:23:33.228021504,VNM,Vietnam
2024-01-02,19.50042,105.21989,46.8061,0.45234528,421.96445,0.5276519,0.0,2024-01-02 06:23:33.255017984,VNM,Vietnam
2024-01-02,19.49266,105.22637,46.801823,0.3431211,423.05725,0.58369863,0.0,2024-01-02 06:23:33.282014464,VNM,Vietnam
2024-01-02,19.481483,105.24699,46.801003,0.1687727,422.26788,0.5001829,0.0,2024-01-02 06:23:33.723009792,VNM,Vietnam
2024-01-02,19.461292,105.25147,46.784115,0.16762562,421.4609,0.60962135,0.0,2024-01-02 06:23:33.388994304,VNM,Vietnam
2024-01-02,20.144375,105.07061,47.343864,0.45915788,421.07016,0.5823576,0.0,2024-01-02 06:23:43.921023488,VNM,Vietnam
2024-01-02,20.16446,105.06596,47.360683,0.45893398,422.60062,0.5630341,0.0,2024-01-02 06:23:44.254998784,VNM,Vietnam
2024-01-02,20.148962,105.07907,47.35207,0.24501356,422.62683,0.56697625,0.0,2024-01-02 06:23:44.308991488,VNM,Vietnam
2024-01-02,20.169067,105.07442,47.368904,0.24502994,421.86417,0.502399,0.0,2024-01-02 06:23:44.642001152,VNM,Vietnam
2024-01-02,20.153507,105.08715,47.360092,0.11410131,421.79794,0.62106794,0.0,2024-01-02 06:23:44.695993856,VNM,Vietnam
2024-01-02,20.173622,105.082504,47.37693,0.114331864,422.24112,0.5209639,0.0,2024-01-02 06:23:45.029003520,VNM,Vietnam
2024-01-02,20.157843,105.094955,47.367805,0.2619868,421.01907,0.60191756,0.0,2024-01-02 06:23:45.082996480,VNM,Vietnam
2024-01-02,20.264751,105.04233,47.444534,0.4577884,423.03506,0.58709854,0.0,2024-01-02 06:23:45.921012480,VNM,Vietnam
2024-01-02,20.25363,105.063286,47.44367,0.10810246,422.9932,0.53672564,0.0,2024-01-02 06:23:46.363013632,VNM,Vietnam
2024-01-02,20.304766,105.032646,47.47791,0.45714477,422.755,0.51588255,0.0,2024-01-02 06:23:46.587997440,VNM,Vietnam
2024-01-02,20.29706,105.03924,47.473644,0.347738,421.31396,0.5090726,0.0,2024-01-02 06:23:46.614993920,VNM,Vietnam
2024-01-02,20.301725,105.04744,47.481804,0.14987983,420.41034,0.50162524,0.0,2024-01-02 06:23:47.001996288,VNM,Vietnam
2024-01-02,20.2692,105.05056,47.452515,0.24191341,421.84113,0.50431913,0.0,2024-01-02 06:23:46.309020672,VNM,Vietnam
2024-01-02,20.298328,105.06154,47.4851,0.2574434,422.04028,0.556503,0.0,2024-01-02 06:23:47.415995392,VNM,Vietnam
2024-01-02,20.372828,105.011795,47.532673,0.5695413,421.35138,0.54107577,0.0,2024-01-02 06:23:47.562001152,VNM,Vietnam
2024-01-02,22.669014,104.481224,49.474907,0.35548368,422.35944,0.6331731,0.0,2024-01-02 06:24:25.947993088,VNM,Vietnam
2024-01-02,22.661406,104.488106,49.47059,0.2514601,422.9597,0.59208435,0.0,2024-01-02 06:24:25.974989312,VNM,Vietnam
2024-01-02,22.6307,104.514694,49.452747,0.2617278,422.33557,0.59201986,0.0,2024-01-02 06:24:26.083015424,VNM,Vietnam
2024-01-02,22.69114,104.50074,49.504227,0.26410627,421.33478,0.5834578,0.0,2024-01-02 06:24:27.083010304,VNM,Vietnam
2024-01-04,10.871186,107.951256,38.544693,30.19576,423.73206,0.47558057,0.0,2024-01-04 06:09:37.921025536,VNM,Vietnam
2024-01-04,10.887149,107.954315,38.561535,30.333746,422.77103,0.42771554,0.0,2024-01-04 06:09:38.642003200,VNM,Vietnam
2024-01-04,10.879208,107.952805,38.553158,30.264156,423.1282,0.4545508,0.0,2024-01-04 06:09:38.281997312,VNM,Vietnam
2024-01-04,10.895125,107.95571,38.56988,30.403915,423.53455,0.4387055,0.0,2024-01-04 06:09:39.002009344,VNM,Vietnam
2024-01-04,10.892197,107.96244,38.571316,30.53804,423.73804,0.4633552,0.0,2024-01-04 06:09:39.389011968,VNM,Vietnam
2024-01-04,11.215148,107.887146,38.829834,30.803185,424.3119,0.5190621,0.0,2024-01-04 06:09:45.416016128,VNM,Vietnam
2024-01-04,11.244357,107.876976,38.8512,30.75114,423.91672,0.42302302,0.0,2024-01-04 06:09:45.722994688,VNM,Vietnam
2024-01-04,11.252034,107.87807,38.859146,30.825035,423.15094,0.43303344,0.0,2024-01-04 06:09:46.083000832,VNM,Vietnam
2024-01-04,11.878653,107.70747,39.34929,30.868147,423.37155,0.56336963,0.0,2024-01-04 06:09:56.282020096,VNM,Vietnam
2024-01-04,12.42239,107.56843,39.783337,31.14834,419.72137,0.6096151,0.0,2024-01-04 06:10:05.920994304,VNM,Vietnam
2024-01-04,12.22301,107.636116,39.633465,31.353518,422.44202,0.54715693,0.0,2024-01-04 06:10:03.389002240,VNM,Vietnam
2024-01-04,12.230543,107.637276,39.641335,31.428885,422.78696,0.5259744,0.0,2024-01-04 06:10:03.749008384,VNM,Vietnam
2024-01-04,12.401969,107.58132,39.771286,31.264778,422.55072,0.4989252,0.0,2024-01-04 06:10:05.974987008,VNM,Vietnam
2024-01-11,10.211356,106.655754,36.94265,29.139996,420.4649,0.63941634,0.0,2024-01-11 06:15:38.336008704,VNM,Vietnam
2024-01-11,10.219391,106.65687,36.95091,29.211588,420.32166,0.66164535,0.0,2024-01-11 06:15:38.696014848,VNM,Vietnam
2024-01-11,10.2722025,106.64998,36.99629,29.379875,420.594,0.70854247,0.0,2024-01-11 06:15:40.083012096,VNM,Vietnam
2024-01-11,10.86618,106.499825,37.462585,29.601748,420.69797,0.6394643,0.0,2024-01-11 06:15:50.363020544,VNM,Vietnam
2024-01-11,10.855628,106.50547,37.456104,29.66341,420.52625,0.62004364,0.0,2024-01-11 06:15:50.389011200,VNM,Vietnam
2024-01-11,22.390594,103.47642,47.06341,37.02987,422.29874,0.7629497,0.0,2024-01-11 06:19:20.028992768,VNM,Vietnam
2024-01-11,22.40211,103.46846,47.071495,36.967434,423.6109,0.7494429,0.0,2024-01-11 06:19:20.001996032,VNM,Vietnam
2024-01-27,11.248212,108.740364,35.385048,0.09495913,424.26987,0.4375601,0.0,2024-01-27 06:14:49.695999232,VNM,Vietnam
2024-01-27,11.265233,108.73065,35.394093,0.18248211,424.58994,0.4730269,0.0,2024-01-27 06:14:49.642006272,VNM,Vietnam
2024-01-27,11.273756,108.725655,35.398552,0.29047137,424.22873,0.46779868,0.0,2024-01-27 06:14:49.615009792,VNM,Vietnam
2024-01-27,11.282236,108.72059,35.402943,0.4016347,423.3281,0.42868242,0.0,2024-01-27 06:14:49.588013056,VNM,Vietnam
2024-01-27,11.245127,108.735016,35.37876,0.18276064,424.79663,0.40725505,0.0,2024-01-27 06:14:49.308996352,VNM,Vietnam
2024-01-27,11.2335615,108.734406,35.367916,0.29125986,424.55557,0.43881178,0.0,2024-01-27 06:14:48.948024832,VNM,Vietnam
2024-01-27,11.302409,108.71632,35.41839,0.40164703,422.94434,0.38802606,0.0,2024-01-27 06:14:49.921022976,VNM,Vietnam
2024-01-27,11.259817,108.74086,35.395866,0.18919311,424.32907,0.43020806,0.0,2024-01-27 06:14:50.056005120,VNM,Vietnam
2024-01-27,11.285414,108.726395,35.40955,0.18288016,424.02148,0.4186727,0.0,2024-01-27 06:14:49.975015936,VNM,Vietnam
2024-01-27,11.317294,108.72275,35.43597,0.094302356,422.84967,0.3618844,0.0,2024-01-27 06:14:50.668997376,VNM,Vietnam
2024-01-27,11.251194,108.74554,35.391155,0.29655287,424.32693,0.5267631,0.0,2024-01-27 06:14:50.083001600,VNM,Vietnam
2024-01-27,11.305594,108.72214,35.425007,0.18329044,423.33334,0.37434876,0.0,2024-01-27 06:14:50.308990976,VNM,Vietnam
2024-01-27,11.297118,108.727036,35.42053,0.093400784,423.5568,0.40384206,0.0,2024-01-27 06:14:50.335987456,VNM,Vietnam
2024-01-27,11.28858,108.731865,35.415966,0.09760912,423.60425,0.3754983,0.0,2024-01-27 06:14:50.363024128,VNM,Vietnam
2024-01-27,11.280003,108.73662,35.411327,0.19000702,425.00235,0.41808993,0.0,2024-01-27 06:14:50.389014784,VNM,Vietnam
2024-01-27,11.293935,108.72139,35.414005,0.29062295,423.19342,0.45234776,0.0,2024-01-27 06:14:49.948019456,VNM,Vietnam
2024-01-27,11.311714,108.732544,35.437374,0.2969864,423.23773,0.39130065,0.0,2024-01-27 06:14:51.082996224,VNM,Vietnam
2024-01-27,11.709587,108.63249,35.733116,0.19787148,424.6323,0.3764934,0.0,2024-01-27 06:14:56.975017984,VNM,Vietnam
2024-01-27,11.967205,108.56926,35.926743,0.41133073,422.6954,0.55489075,0.0,2024-01-27 06:15:00.921003520,VNM,Vietnam
2024-01-27,12.603477,108.43298,36.420494,0.30370763,421.30215,0.43331894,0.0,2024-01-27 06:15:11.615011328,VNM,Vietnam
2024-01-27,11.291555,108.73697,35.422028,0.29734385,423.53613,0.37970307,0.0,2024-01-27 06:14:50.749020928,VNM,Vietnam
2024-01-27,11.970565,108.57531,35.93357,0.19037421,422.98386,0.53207934,0.0,2024-01-27 06:15:01.309011968,VNM,Vietnam
2024-01-27,12.622003,108.44554,36.4451,0.28343588,423.1249,0.6120185,0.0,2024-01-27 06:15:12.749022208,VNM,Vietnam
2024-01-27,13.779681,108.1694,37.337513,0.4209558,425.01526,0.43604246,0.0,2024-01-27 06:15:30.921001728,VNM,Vietnam
2024-01-27,12.53501,108.451096,36.369297,0.19871171,425.43097,0.62561065,0.0,2024-01-27 06:15:10.642013184,VNM,Vietnam
2024-01-27,12.606938,108.43908,36.427376,0.101015896,422.43555,0.44349915,0.0,2024-01-27 06:15:12.002013696,VNM,Vietnam
2024-01-27,13.758283,108.191826,37.331062,0.17395867,424.76413,0.63393646,0.0,2024-01-27 06:15:31.388993536,VNM,Vietnam
2024-01-27,13.77844,108.18747,37.346977,0.17461033,423.51193,0.54863185,0.0,2024-01-27 06:15:31.723009024,VNM,Vietnam
2024-01-27,13.770042,108.19258,37.342308,0.28007904,424.071,0.56479746,0.0,2024-01-27 06:15:31.748999680,VNM,Vietnam
2024-01-27,14.231162,108.065506,37.691715,0.5383191,424.5076,0.49706852,0.0,2024-01-27 06:15:38.228023040,VNM,Vietnam
2024-01-27,14.198324,108.087654,37.67426,0.113694385,423.7701,0.54578555,0.0,2024-01-27 06:15:38.336008704,VNM,Vietnam
2024-01-27,14.243076,108.06669,37.703327,0.42603487,424.07703,0.4742006,0.0,2024-01-27 06:15:38.587988736,VNM,Vietnam
2024-01-27,14.23489,108.07227,37.699005,0.31520495,424.74564,0.44934925,0.0,2024-01-27 06:15:38.615025408,VNM,Vietnam
2024-01-27,14.218385,108.08323,37.690147,0.11322224,424.3375,0.5087715,0.0,2024-01-27 06:15:38.669018624,VNM,Vietnam
2024-01-27,14.210086,108.088585,37.68562,0.09093895,424.79398,0.50461495,0.0,2024-01-27 06:15:38.696014848,VNM,Vietnam
2024-01-27,14.201744,108.093864,37.681023,0.1719194,424.50363,0.5671091,0.0,2024-01-27 06:15:38.723011328,VNM,Vietnam
2024-01-27,14.230159,108.08425,37.70156,0.09218931,421.15488,0.5933016,0.0,2024-01-27 06:15:39.029024512,VNM,Vietnam
2024-01-27,14.283205,108.05798,37.735203,0.42418095,423.24158,0.63800997,0.0,2024-01-27 06:15:39.255013888,VNM,Vietnam
2024-01-27,14.28682,108.064766,37.7424,0.20532154,423.66968,0.55786574,0.0,2024-01-27 06:15:39.642016768,VNM,Vietnam
2024-01-27,14.3314085,108.043495,37.771236,0.5335513,424.56146,0.43270326,0.0,2024-01-27 06:15:39.895002624,VNM,Vietnam
2024-01-27,14.298582,108.0657,37.753765,0.11148185,423.47986,0.5703477,0.0,2024-01-27 06:15:40.002022656,VNM,Vietnam
2024-01-27,14.3432665,108.04465,37.782795,0.42090088,425.23077,0.43304345,0.0,2024-01-27 06:15:40.255008768,VNM,Vietnam
2024-01-27,14.33508,108.05025,37.77846,0.3102131,425.713,0.5303133,0.0,2024-01-27 06:15:40.282004992,VNM,Vietnam
2024-01-27,14.326811,108.055786,37.774036,0.20278528,425.92807,0.56956464,0.0,2024-01-27 06:15:40.309001472,VNM,Vietnam
2024-01-27,14.371391,108.03449,37.80288,0.53122884,425.14136,0.5305967,0.0,2024-01-27 06:15:40.561987328,VNM,Vietnam
2024-01-27,14.355078,108.04575,37.79429,0.30903056,425.38837,0.45306543,0.0,2024-01-27 06:15:40.615014912,VNM,Vietnam
2024-01-27,14.338604,108.05673,37.785435,0.10927941,425.4062,0.44471368,0.0,2024-01-27 06:15:40.669007616,VNM,Vietnam
2024-01-27,14.238456,108.07889,37.706085,0.113110326,422.84766,0.59075767,0.0,2024-01-27 06:15:39.001987840,VNM,Vietnam
2024-01-27,14.383381,108.035675,37.814564,0.4197105,424.68185,0.548686,0.0,2024-01-27 06:15:40.921027840,VNM,Vietnam
2024-01-27,14.37521,108.04128,37.810246,0.3091019,425.15848,0.5164993,0.0,2024-01-27 06:15:40.948024320,VNM,Vietnam
2024-01-27,14.358739,108.05227,37.80139,0.109416865,424.71133,0.48830685,0.0,2024-01-27 06:15:41.002017280,VNM,Vietnam
2024-01-27,14.370595,108.053185,37.81283,0.09418647,425.65277,0.42295572,0.0,2024-01-27 06:15:41.362989056,VNM,Vietnam
2024-01-27,14.415476,108.03234,37.84217,0.3092471,425.688,0.56366843,0.0,2024-01-27 06:15:41.615009280,VNM,Vietnam
2024-01-27,14.451265,108.03553,37.87691,0.09663027,425.59076,0.572192,0.0,2024-01-27 06:15:42.695993088,VNM,Vietnam
2024-01-27,14.434599,108.04607,37.867653,0.28288203,425.9766,0.59245306,0.0,2024-01-27 06:15:42.749020672,VNM,Vietnam
2024-01-29,13.590249,109.23598,35.78436,27.99265,424.76343,0.47966972,0.0,2024-01-29 06:03:45.255024384,VNM,Vietnam
2024-01-29,13.580214,109.24215,35.77842,28.05021,424.6863,0.501086,0.0,2024-01-29 06:03:45.282020864,VNM,Vietnam
2024-01-29,13.570095,109.24826,35.772373,28.10901,424.68982,0.5254031,0.0,2024-01-29 06:03:45.309017088,VNM,Vietnam
2024-02-03,10.507984,107.403145,33.103577,0.5178913,422.233,0.41016048,0.0,2024-02-03 06:20:36.228015872,VNM,Vietnam
2024-02-03,10.499365,107.407814,33.099228,0.40583438,420.8977,0.45610726,0.0,2024-02-03 06:20:36.255012608,VNM,Vietnam
2024-02-03,10.519562,107.40344,33.114063,0.4064193,422.5017,0.41474554,0.0,2024-02-03 06:20:36.588022272,VNM,Vietnam
2024-02-03,10.510871,107.40806,33.109627,0.2947729,422.02264,0.4163885,0.0,2024-02-03 06:20:36.615018496,VNM,Vietnam
2024-02-03,10.542523,107.40391,33.134815,0.18672566,421.4847,0.42451984,0.0,2024-02-03 06:20:37.308999936,VNM,Vietnam
2024-02-03,10.484702,107.421425,33.095974,0.085794605,423.79684,0.3927861,0.0,2024-02-03 06:20:36.696007680,VNM,Vietnam
2024-02-03,10.545292,107.4084,33.140526,0.08651184,422.27475,0.4148795,0.0,2024-02-03 06:20:37.696002560,VNM,Vietnam
2024-02-03,10.608232,107.39938,33.190228,0.28754863,421.63135,0.4871144,0.0,2024-02-03 06:20:39.082999552,VNM,Vietnam
2024-02-03,10.741019,107.355194,33.276978,0.4062829,421.85156,0.5483006,0.0,2024-02-03 06:20:40.254990848,VNM,Vietnam
2024-02-03,10.7523985,107.355484,33.287323,0.29389948,421.9392,0.57648784,0.0,2024-02-03 06:20:40.614996992,VNM,Vietnam
2024-02-03,10.743675,107.36009,33.28281,0.18484962,423.23837,0.54774535,0.0,2024-02-03 06:20:40.641993216,VNM,Vietnam
2024-02-03,10.735,107.36458,33.278275,0.089995846,421.1,0.5685321,0.0,2024-02-03 06:20:40.668989696,VNM,Vietnam
2024-02-03,10.755071,107.36015,33.29304,0.08928815,422.46802,0.52440095,0.0,2024-02-03 06:20:41.001999360,VNM,Vietnam
2024-02-03,10.746338,107.36458,33.28842,0.087654024,421.98676,0.6107919,0.0,2024-02-03 06:20:41.028995840,VNM,Vietnam
2024-02-03,10.766417,107.36012,33.303177,0.08713642,422.09662,0.52930266,0.0,2024-02-03 06:20:41.363011328,VNM,Vietnam
2024-02-03,10.763743,107.35567,33.29758,0.18421957,422.1338,0.48060337,0.0,2024-02-03 06:20:40.975002880,VNM,Vietnam
2024-02-03,10.815382,107.34682,33.337418,0.08779815,422.61197,0.50530636,0.0,2024-02-03 06:20:42.001993984,VNM,Vietnam
2024-02-03,10.890032,107.33785,33.39781,0.28752205,422.91864,0.6229854,0.0,2024-02-03 06:20:43.748997120,VNM,Vietnam
2024-02-03,10.870184,107.32387,33.370132,0.51694,422.08774,0.52771413,0.0,2024-02-03 06:20:42.228023808,VNM,Vietnam
2024-02-03,10.818131,107.35125,33.34306,0.1812032,422.1609,0.52999437,0.0,2024-02-03 06:20:42.388996608,VNM,Vietnam
2024-02-03,10.881818,107.32422,33.380733,0.40563273,421.91208,0.5431,0.0,2024-02-03 06:20:42.587989504,VNM,Vietnam
2024-02-03,10.806665,107.35126,33.33281,0.08641597,422.06888,0.5199335,0.0,2024-02-03 06:20:42.028990208,VNM,Vietnam
2024-02-03,10.873163,107.32892,33.37631,0.29400995,421.43396,0.51623166,0.0,2024-02-03 06:20:42.615026176,VNM,Vietnam
2024-02-03,10.8672695,107.33809,33.377556,0.08584821,421.50418,0.5181146,0.0,2024-02-03 06:20:43.029025024,VNM,Vietnam
2024-02-03,10.902004,107.3198,33.39564,0.40620804,421.99753,0.5688585,0.0,2024-02-03 06:20:42.920999168,VNM,Vietnam
2024-02-03,10.884642,107.329124,33.3867,0.1853258,422.38086,0.53348815,0.0,2024-02-03 06:20:42.974992128,VNM,Vietnam
2024-02-03,10.80934,107.35554,33.338306,0.28951946,421.79343,0.5479366,0.0,2024-02-03 06:20:42.415993088,VNM,Vietnam
2024-02-03,10.875985,107.33364,33.382168,0.08962916,422.12653,0.54282165,0.0,2024-02-03 06:20:43.001988352,VNM,Vietnam
2024-02-03,10.930721,107.310585,33.414833,0.51857704,421.12808,0.5771838,0.0,2024-02-03 06:20:43.228018176,VNM,Vietnam
2024-02-03,10.896134,107.329185,33.39702,0.08951979,421.9724,0.5312967,0.0,2024-02-03 06:20:43.336004096,VNM,Vietnam
2024-02-03,10.88742,107.33363,33.392403,0.08521786,421.52792,0.54282635,0.0,2024-02-03 06:20:43.363000320,VNM,Vietnam
2024-02-03,10.869878,107.3423,33.382954,0.28800339,421.80255,0.57074094,0.0,2024-02-03 06:20:43.415987456,VNM,Vietnam
2024-02-03,10.950862,107.30611,33.429684,0.518903,421.9202,0.5976352,0.0,2024-02-03 06:20:43.561993472,VNM,Vietnam
2024-02-03,10.94229,107.31087,33.425343,0.40681955,422.1071,0.5586819,0.0,2024-02-03 06:20:43.588024320,VNM,Vietnam
2024-02-03,10.87867,107.338005,33.38772,0.17970785,421.63205,0.5532261,0.0,2024-02-03 06:20:43.388991232,VNM,Vietnam
2024-02-03,10.898822,107.33356,33.402573,0.17917363,421.99533,0.5421848,0.0,2024-02-03 06:20:43.723006464,VNM,Vietnam
2024-02-03,11.054511,107.288925,33.510235,0.29645458,422.26514,0.54862916,0.0,2024-02-03 06:20:45.615010048,VNM,Vietnam
2024-02-03,10.95379,107.31114,33.4358,0.2953723,421.87338,0.53020936,0.0,2024-02-03 06:20:43.947990272,VNM,Vietnam
2024-02-03,10.945094,107.31579,33.431297,0.18596578,421.45767,0.5798865,0.0,2024-02-03 06:20:43.974986496,VNM,Vietnam
2024-02-03,10.956615,107.31595,33.441704,0.090051696,421.5728,0.5334498,0.0,2024-02-03 06:20:44.335998464,VNM,Vietnam
2024-02-03,10.947908,107.32042,33.437096,0.08460047,421.70386,0.5589208,0.0,2024-02-03 06:20:44.362995200,VNM,Vietnam
2024-02-03,10.95934,107.32044,33.447353,0.17879243,422.45215,0.52045196,0.0,2024-02-03 06:20:44.723001088,VNM,Vietnam
2024-02-03,10.970695,107.3203,33.457447,0.28654125,422.19492,0.6603981,0.0,2024-02-03 06:20:45.083007232,VNM,Vietnam
2024-02-03,11.051607,107.283936,33.504173,0.5202534,423.30093,0.5693427,0.0,2024-02-03 06:20:45.228007424,VNM,Vietnam
2024-02-03,11.043039,107.28871,33.49983,0.40813032,422.9249,0.5288413,0.0,2024-02-03 06:20:45.255003904,VNM,Vietnam
2024-02-03,11.034391,107.293434,33.49539,0.29633352,423.06024,0.56207126,0.0,2024-02-03 06:20:45.282000384,VNM,Vietnam
2024-02-03,11.045821,107.29359,33.505726,0.18678047,422.49277,0.5298242,0.0,2024-02-03 06:20:45.642006272,VNM,Vietnam
2024-02-03,11.037178,107.29813,33.501198,0.089460395,421.30212,0.59539133,0.0,2024-02-03 06:20:45.669002752,VNM,Vietnam
2024-02-03,11.065989,107.28918,33.520664,0.1871413,421.81815,0.54800254,0.0,2024-02-03 06:20:45.975016192,VNM,Vietnam
2024-02-03,11.247626,107.24997,33.655712,0.1912855,423.01614,0.6217188,0.0,2024-02-03 06:20:48.974999808,VNM,Vietnam
2024-02-03,11.048659,107.29823,33.511547,0.08233018,422.41412,0.5434537,0.0,2024-02-03 06:20:46.029008896,VNM,Vietnam
2024-02-03,11.077568,107.28942,33.531178,0.090897,421.4316,0.57654226,0.0,2024-02-03 06:20:46.335987712,VNM,Vietnam
2024-02-03,11.068874,107.29392,33.526577,0.082909904,422.18295,0.5517644,0.0,2024-02-03 06:20:46.363024384,VNM,Vietnam
2024-02-03,11.051374,107.30269,33.517155,0.2851305,421.25818,0.62925,0.0,2024-02-03 06:20:46.416011264,VNM,Vietnam
2024-02-03,11.080362,107.29403,33.536938,0.17688867,421.59845,0.56117153,0.0,2024-02-03 06:20:46.722990336,VNM,Vietnam
2024-02-03,10.950557,107.32476,33.442596,0.28701085,422.52985,0.58165777,0.0,2024-02-03 06:20:44.748991744,VNM,Vietnam
2024-02-03,10.962441,107.30643,33.440228,0.4071196,422.07947,0.56070346,0.0,2024-02-03 06:20:43.920993792,VNM,Vietnam
2024-02-03,11.796801,107.14056,34.073143,0.2854493,418.95523,0.6619883,0.0,2024-02-03 06:20:58.748996352,VNM,Vietnam
2024-02-03,11.895016,107.11397,34.143307,0.087277316,422.24994,0.5656659,0.0,2024-02-03 06:21:00.029013504,VNM,Vietnam
2024-02-03,22.842821,104.62417,42.93449,0.11132532,421.86322,0.6071402,0.0,2024-02-03 06:24:01.363012864,VNM,Vietnam
2024-02-03,11.892068,107.10903,34.137302,0.19350666,423.54745,0.57823455,0.0,2024-02-03 06:20:59.642010880,VNM,Vietnam
2024-02-03,22.707447,104.66513,42.824074,0.24296603,422.96683,0.66211647,0.0,2024-02-03 06:23:59.416010496,VNM,Vietnam
2024-02-03,22.802969,104.63356,42.900795,0.11171639,421.21536,0.65095854,0.0,2024-02-03 06:24:00.695987712,VNM,Vietnam
2024-02-05,11.265723,108.346596,32.181934,25.41306,421.37808,0.5696928,0.0,2024-02-05 06:09:12.028991232,VNM,Vietnam
2024-02-05,11.218462,108.360695,32.14793,25.45033,422.61298,0.4896935,0.0,2024-02-05 06:09:11.389002752,VNM,Vietnam
2024-02-05,11.231966,108.34409,32.148926,25.133791,422.0725,0.50607216,0.0,2024-02-05 06:09:10.588001280,VNM,Vietnam
2024-02-05,11.642571,108.24786,32.463097,25.36897,421.92776,0.67633283,0.0,2024-02-05 06:09:17.921013248,VNM,Vietnam
2024-02-05,11.640816,108.25405,32.465626,25.496964,422.14053,0.6826342,0.0,2024-02-05 06:09:18.309021440,VNM,Vietnam
2024-02-05,11.639018,108.25996,32.467976,25.628063,422.3224,0.6728018,0.0,2024-02-05 06:09:18.696024064,VNM,Vietnam
2024-02-05,11.208145,108.365524,32.141792,25.512651,420.82483,0.46352506,0.0,2024-02-05 06:09:11.415999232,VNM,Vietnam
2024-02-05,11.785701,108.22412,32.580036,25.725412,420.34558,0.7144976,0.0,2024-02-05 06:09:21.362998272,VNM,Vietnam
2024-02-05,14.400092,107.58389,34.62001,27.3857,420.8055,0.5907348,0.0,2024-02-05 06:10:08.722990848,VNM,Vietnam
2024-02-10,9.463078,106.01712,30.591665,0.51152575,425.479,0.542711,0.0,2024-02-10 06:26:49.562020096,VNM,Vietnam
2024-02-10,9.34658,106.0498,30.517862,0.07934622,422.9652,0.5162133,0.0,2024-02-10 06:26:48.335995648,VNM,Vietnam
2024-02-10,9.348649,106.052704,30.52227,0.18247145,423.3352,0.54162174,0.0,2024-02-10 06:26:48.722998016,VNM,Vietnam
2024-02-10,9.445182,106.025085,30.582745,0.28727725,426.02072,0.56407803,0.0,2024-02-10 06:26:49.615006976,VNM,Vietnam
2024-02-10,9.456316,106.024666,30.592104,0.17776921,427.29214,0.5544511,0.0,2024-02-10 06:26:49.975013376,VNM,Vietnam
2024-02-10,9.420197,106.03927,30.573215,0.2939674,424.81305,0.58284867,0.0,2024-02-10 06:26:50.082998784,VNM,Vietnam
2024-02-10,9.47648,106.0203,30.606005,0.17802963,424.8684,0.45326802,0.0,2024-02-10 06:26:50.308988416,VNM,Vietnam
2024-02-10,9.467517,106.02407,30.6014,0.082413465,425.4129,0.55096024,0.0,2024-02-10 06:26:50.336025088,VNM,Vietnam
2024-02-10,9.458499,106.02777,30.596714,0.0869965,427.0661,0.55418295,0.0,2024-02-10 06:26:50.363021312,VNM,Vietnam
2024-02-10,9.46962,106.02704,30.605865,0.18458939,425.87207,0.53295755,0.0,2024-02-10 06:26:50.722987520,VNM,Vietnam
2024-02-10,9.474316,106.01685,30.601194,0.3992046,424.6803,0.51598907,0.0,2024-02-10 06:26:49.921020160,VNM,Vietnam
2024-02-10,9.465336,106.0208,30.596685,0.28732824,425.4251,0.5081509,0.0,2024-02-10 06:26:49.948016640,VNM,Vietnam
2024-02-12,10.518559,106.96278,29.779,23.345444,425.20816,0.44019258,0.0,2024-02-12 06:15:23.282016768,VNM,Vietnam
2024-02-12,10.52007,106.957886,29.776518,23.22362,425.5314,0.44203502,0.0,2024-02-12 06:15:22.895014400,VNM,Vietnam
2024-02-12,10.650269,106.927444,29.870901,23.291729,424.75266,0.56060576,0.0,2024-02-12 06:15:25.228013056,VNM,Vietnam
2024-02-12,10.657253,106.93266,29.881327,23.481123,425.6026,0.44054055,0.0,2024-02-12 06:15:25.975021824,VNM,Vietnam
2024-02-12,10.696129,106.91908,29.906029,23.376617,424.4799,0.39890024,0.0,2024-02-12 06:15:26.255004160,VNM,Vietnam
2024-02-12,10.648832,106.93248,29.873499,23.412989,425.58487,0.5099362,0.0,2024-02-12 06:15:25.615015424,VNM,Vietnam
2024-02-12,10.694573,106.924065,29.908495,23.500336,424.75235,0.35971493,0.0,2024-02-12 06:15:26.642006528,VNM,Vietnam
2024-02-12,10.682688,106.933,29.904835,23.688334,424.1482,0.3999106,0.0,2024-02-12 06:15:27.056005376,VNM,Vietnam
2024-02-12,10.6910715,106.93301,29.912535,23.759092,423.71768,0.4211034,0.0,2024-02-12 06:15:27.416011776,VNM,Vietnam
2024-02-12,10.7791195,106.902016,29.968191,23.480911,424.3309,0.497433,0.0,2024-02-12 06:15:27.948014592,VNM,Vietnam
2024-02-12,10.748764,106.915565,29.951227,23.6575,422.88303,0.42580172,0.0,2024-02-12 06:15:28.029003520,VNM,Vietnam
2024-02-12,10.817746,106.88812,29.992601,23.3797,425.90805,0.43802124,0.0,2024-02-12 06:15:28.227996928,VNM,Vietnam
2024-02-12,10.802525,106.906624,29.993391,23.820791,424.3031,0.5561107,0.0,2024-02-12 06:15:29.416000768,VNM,Vietnam
2024-02-12,10.797683,106.897545,29.98163,23.49169,425.00787,0.4656208,0.0,2024-02-12 06:15:28.281989632,VNM,Vietnam
2024-02-12,10.7774105,106.90662,29.970306,23.608427,425.24097,0.4761268,0.0,2024-02-12 06:15:28.336022784,VNM,Vietnam
2024-02-12,10.746775,106.91966,29.95283,23.791409,423.7046,0.42225638,0.0,2024-02-12 06:15:28.416006400,VNM,Vietnam
2024-02-12,10.836318,106.88368,30.006084,23.390003,425.38257,0.4799195,0.0,2024-02-12 06:15:28.562012160,VNM,Vietnam
2024-02-12,10.826338,106.88844,30.00066,23.445196,425.31693,0.43824145,0.0,2024-02-12 06:15:28.588002816,VNM,Vietnam
2024-02-12,10.816259,106.893135,29.995125,23.501837,425.61505,0.4471513,0.0,2024-02-12 06:15:28.614999296,VNM,Vietnam
2024-02-12,10.787533,106.902145,29.975992,23.549711,425.04987,0.48724955,0.0,2024-02-12 06:15:28.309026304,VNM,Vietnam
2024-02-12,10.80612,106.89776,29.989502,23.559769,425.13687,0.529644,0.0,2024-02-12 06:15:28.641996032,VNM,Vietnam
2024-02-12,10.854925,106.879326,30.019644,23.399738,425.65472,0.4237182,0.0,2024-02-12 06:15:28.895021824,VNM,Vietnam
2024-02-12,10.8534775,106.88444,30.022245,23.521315,424.97696,0.48308408,0.0,2024-02-12 06:15:29.282024448,VNM,Vietnam
2024-02-12,10.785827,106.90668,29.978071,23.678293,424.90253,0.47686574,0.0,2024-02-12 06:15:28.695988736,VNM,Vietnam
2024-02-12,10.783903,106.91094,29.979818,23.811037,424.53192,0.5220787,0.0,2024-02-12 06:15:29.082991104,VNM,Vietnam
2024-02-12,10.814625,106.89791,29.997396,23.628136,424.94928,0.48736468,0.0,2024-02-12 06:15:29.002001664,VNM,Vietnam
2024-02-12,10.824724,106.89341,30.003052,23.569519,425.92154,0.53936726,0.0,2024-02-12 06:15:28.975005440,VNM,Vietnam
2024-02-12,10.823044,106.898,30.005182,23.697794,425.39087,0.5139285,0.0,2024-02-12 06:15:29.363013632,VNM,Vietnam
2024-02-12,10.844946,106.88409,30.01422,23.454935,425.7201,0.41652206,0.0,2024-02-12 06:15:28.921012736,VNM,Vietnam
2024-02-12,10.794206,106.90669,29.985777,23.748997,425.6495,0.57224065,0.0,2024-02-12 06:15:29.055994624,VNM,Vietnam
2024-02-12,10.821101,106.90226,30.006905,23.831078,425.09085,0.5452923,0.0,2024-02-12 06:15:29.749010688,VNM,Vietnam
2024-02-12,10.87874,106.88487,30.045715,23.728596,424.5801,0.45119593,0.0,2024-02-12 06:15:30.363008512,VNM,Vietnam
2024-02-12,10.870377,106.88482,30.03799,23.658339,425.0463,0.47423333,0.0,2024-02-12 06:15:30.001996544,VNM,Vietnam
2024-02-12,10.860177,106.88925,30.032202,23.71831,425.44055,0.48376295,0.0,2024-02-12 06:15:30.028992768,VNM,Vietnam
2024-02-12,10.851825,106.88921,30.024496,23.648035,425.1205,0.46639535,0.0,2024-02-12 06:15:29.669027072,VNM,Vietnam
2024-02-12,10.868501,106.88923,30.03985,23.789608,425.28082,0.45130312,0.0,2024-02-12 06:15:30.388998912,VNM,Vietnam
2024-02-12,10.858214,106.89352,30.033905,23.851677,425.59396,0.5347343,0.0,2024-02-12 06:15:30.415995392,VNM,Vietnam
2024-02-12,10.876813,106.88912,30.04744,23.861883,425.0567,0.52199525,0.0,2024-02-12 06:15:30.749005056,VNM,Vietnam
2024-02-12,11.003675,106.84412,30.128038,23.480814,424.06335,0.4016447,0.0,2024-02-12 06:15:31.561996032,VNM,Vietnam
2024-02-12,11.022204,106.83959,30.141489,23.491291,423.22153,0.49041343,0.0,2024-02-12 06:15:31.895005696,VNM,Vietnam
2024-02-12,11.040799,106.83511,30.155025,23.50168,423.34464,0.44586632,0.0,2024-02-12 06:15:32.228015360,VNM,Vietnam
2024-02-12,11.030839,106.83992,30.149603,23.556938,423.19904,0.47342622,0.0,2024-02-12 06:15:32.255011840,VNM,Vietnam
2024-02-12,11.020758,106.84466,30.144041,23.613667,423.3636,0.45401612,0.0,2024-02-12 06:15:32.282008064,VNM,Vietnam
2024-02-12,11.039345,106.84013,30.157543,23.624388,423.2925,0.41457158,0.0,2024-02-12 06:15:32.615017984,VNM,Vietnam
2024-02-12,11.029207,106.844795,30.151896,23.682442,424.51172,0.4637556,0.0,2024-02-12 06:15:32.642014208,VNM,Vietnam
2024-02-12,11.0440855,106.848816,30.168947,23.957993,423.504,0.4635784,0.0,2024-02-12 06:15:33.748988928,VNM,Vietnam
2024-02-12,11.037691,106.844795,30.159698,23.752079,423.72256,0.41603383,0.0,2024-02-12 06:15:33.002020352,VNM,Vietnam
2024-02-12,11.027511,106.849266,30.153912,23.812088,424.00842,0.435081,0.0,2024-02-12 06:15:33.029017088,VNM,Vietnam
2024-02-12,11.074844,106.83567,30.186657,23.774557,425.27386,0.42681384,0.0,2024-02-12 06:15:33.669005312,VNM,Vietnam
2024-02-12,11.046093,106.84473,30.1674,23.822989,423.25217,0.4432394,0.0,2024-02-12 06:15:33.362992128,VNM,Vietnam
2024-02-12,10.812823,106.90237,29.999344,23.758736,424.32718,0.54021627,0.0,2024-02-12 06:15:29.389004544,VNM,Vietnam
2024-02-12,11.056253,106.84023,30.173164,23.763006,424.3456,0.41368935,0.0,2024-02-12 06:15:33.335995648,VNM,Vietnam
2024-02-12,11.133736,106.81232,30.222532,23.557177,423.86826,0.42249638,0.0,2024-02-12 06:15:33.894994688,VNM,Vietnam
2024-02-12,11.054363,106.8445,30.174904,23.895824,424.05173,0.41351962,0.0,2024-02-12 06:15:33.722998016,VNM,Vietnam
2024-02-12,11.07291,106.83991,30.188343,23.907583,424.44742,0.43219346,0.0,2024-02-12 06:15:34.056007936,VNM,Vietnam
2024-02-12,11.212825,106.80352,30.288422,23.926907,425.296,0.4737583,0.0,2024-02-12 06:15:36.363016192,VNM,Vietnam
2024-02-12,11.214762,106.79907,30.286642,23.795671,425.48126,0.47650445,0.0,2024-02-12 06:15:35.975007744,VNM,Vietnam
2024-02-12,11.346328,106.76252,30.379255,23.74569,424.91006,0.4772541,0.0,2024-02-12 06:15:37.921004032,VNM,Vietnam
2024-02-12,11.356288,106.75764,30.384705,23.69042,423.62622,0.5019355,0.0,2024-02-12 06:15:37.895013376,VNM,Vietnam
2024-02-12,11.344685,106.76763,30.381624,23.871147,424.1084,0.45485708,0.0,2024-02-12 06:15:38.309012480,VNM,Vietnam
2024-02-12,11.364854,106.75803,30.39282,23.756449,423.46173,0.5097543,0.0,2024-02-12 06:15:38.255019520,VNM,Vietnam
2024-02-12,11.425667,106.75519,30.446356,24.110998,424.79153,0.504003,0.0,2024-02-12 06:15:40.389025280,VNM,Vietnam
2024-02-12,11.558904,106.71418,30.53744,23.928251,423.69907,0.46847826,0.0,2024-02-12 06:15:41.948018944,VNM,Vietnam
2024-02-12,11.5554905,106.724106,30.541851,24.185982,424.36032,0.48338938,0.0,2024-02-12 06:15:42.722989568,VNM,Vietnam
2024-02-12,11.582395,106.71991,30.563387,24.2678,424.69168,0.54579014,0.0,2024-02-12 06:15:43.416005376,VNM,Vietnam
2024-02-12,11.523325,106.71783,30.5076,23.783688,424.46732,0.474765,0.0,2024-02-12 06:15:40.894996992,VNM,Vietnam
2024-02-12,11.508035,106.73728,30.508404,24.22792,424.0721,0.48072445,0.0,2024-02-12 06:15:42.083001088,VNM,Vietnam
2024-02-12,11.74313,106.67492,30.67702,24.159943,423.15344,0.4845384,0.0,2024-02-12 06:15:45.669020672,VNM,Vietnam
2024-02-12,18.970905,104.85688,36.315495,28.434063,422.27054,0.70740575,0.0,2024-02-12 06:17:55.615006720,VNM,Vietnam
2024-02-12,19.00877,104.83847,36.34212,28.331875,423.09116,0.75354284,0.0,2024-02-12 06:17:55.894989056,VNM,Vietnam
2024-02-12,19.053867,104.83092,36.381123,28.422411,423.65433,0.7499091,0.0,2024-02-12 06:17:56.921014528,VNM,Vietnam
2024-02-12,19.015692,104.84908,36.354095,28.526981,423.47598,0.59202296,0.0,2024-02-12 06:17:56.641997824,VNM,Vietnam
2024-02-12,18.979137,104.85865,36.32424,28.50399,422.08047,0.67966956,0.0,2024-02-12 06:17:55.975012864,VNM,Vietnam
2024-02-12,18.975452,104.87486,36.329147,28.770756,423.27084,0.65593266,0.0,2024-02-12 06:17:56.749017600,VNM,Vietnam
2024-02-12,19.089134,104.83028,36.414284,28.57316,423.9616,0.8164893,0.0,2024-02-12 06:17:57.975001856,VNM,Vietnam
2024-02-12,19.115856,104.82733,36.438194,28.655598,422.66818,0.73778343,0.0,2024-02-12 06:17:58.669023488,VNM,Vietnam
2024-02-12,19.27307,104.782036,36.564754,28.69332,423.39865,0.75837374,0.0,2024-02-12 06:18:01.309001216,VNM,Vietnam
2024-02-12,19.279905,104.791534,36.57615,28.89959,423.56174,0.58401406,0.0,2024-02-12 06:18:02.056009728,VNM,Vietnam
2024-02-12,19.534878,104.70544,36.775414,28.730513,423.2713,0.6472355,0.0,2024-02-12 06:18:05.587996160,VNM,Vietnam
2024-02-12,19.544811,104.69863,36.78149,28.674133,423.46674,0.64195794,0.0,2024-02-12 06:18:05.562005504,VNM,Vietnam
2024-02-12,19.512814,104.72712,36.765312,28.979996,422.24182,0.6293514,0.0,2024-02-12 06:18:06.028991744,VNM,Vietnam
2024-02-12,19.589163,104.690414,36.819736,28.769123,424.33014,0.5242861,0.0,2024-02-12 06:18:06.587990784,VNM,Vietnam
2024-02-12,19.579386,104.69734,36.813847,28.826605,424.22894,0.5127001,0.0,2024-02-12 06:18:06.614987264,VNM,Vietnam
2024-02-12,19.531649,104.72252,36.780907,28.99208,422.3639,0.7412115,0.0,2024-02-12 06:18:06.363006976,VNM,Vietnam
2024-02-12,19.654772,104.6791,36.87641,28.87586,423.86084,0.7203681,0.0,2024-02-12 06:18:07.947991296,VNM,Vietnam
2024-02-12,19.55347,104.700676,36.790733,28.74271,423.2007,0.81281567,0.0,2024-02-12 06:18:05.921006080,VNM,Vietnam
2024-02-12,19.575806,104.71418,36.81891,29.093023,423.85526,0.53030074,0.0,2024-02-12 06:18:07.388992256,VNM,Vietnam
2024-02-12,19.607557,104.6856,36.83486,28.781843,423.72742,0.6126971,0.0,2024-02-12 06:18:06.921000448,VNM,Vietnam
2024-02-12,19.665092,104.67246,36.88292,28.81774,423.57666,0.7074758,0.0,2024-02-12 06:18:07.920995072,VNM,Vietnam
2024-02-12,20.408321,104.470024,37.49373,29.219294,423.39124,0.6015282,0.0,2024-02-12 06:18:21.228024064,VNM,Vietnam
2024-02-12,20.398182,104.47694,37.48737,29.275957,422.95624,0.64297646,0.0,2024-02-12 06:18:21.255020544,VNM,Vietnam
2024-02-12,20.471214,104.4573,37.547802,29.32203,423.21002,0.6937486,0.0,2024-02-12 06:18:22.588024576,VNM,Vietnam
2024-02-12,20.434841,104.46717,37.51773,29.298824,422.66965,0.6343972,0.0,2024-02-12 06:18:21.920999424,VNM,Vietnam
2024-02-12,20.46248,104.45493,37.538357,29.254503,423.44196,0.67790985,0.0,2024-02-12 06:18:22.228018688,VNM,Vietnam
2024-02-12,20.444176,104.45983,37.523197,29.24305,422.1649,0.61796325,0.0,2024-02-12 06:18:21.895009024,VNM,Vietnam
2024-02-12,20.48124,104.4503,37.55404,29.265474,422.78845,0.77075374,0.0,2024-02-12 06:18:22.561993728,VNM,Vietnam
2024-02-12,20.452778,104.46209,37.532482,29.310696,422.80457,0.7118073,0.0,2024-02-12 06:18:22.255015168,VNM,Vietnam
2024-02-12,20.461391,104.46441,37.541798,29.379599,423.601,0.6571404,0.0,2024-02-12 06:18:22.615021312,VNM,Vietnam
2024-02-12,20.46,104.47357,37.544838,29.509144,423.32013,0.57175654,0.0,2024-02-12 06:18:23.002023680,VNM,Vietnam
2024-02-12,20.488018,104.46167,37.565945,29.461493,423.4736,0.5666858,0.0,2024-02-12 06:18:23.309002496,VNM,Vietnam
2024-02-12,20.489788,104.45257,37.563274,29.33321,425.06445,0.664979,0.0,2024-02-12 06:18:22.920994304,VNM,Vietnam
2024-02-12,20.494709,104.47227,37.57747,29.666403,424.5069,0.5658212,0.0,2024-02-12 06:18:24.056011264,VNM,Vietnam
2024-02-12,20.484726,104.479034,37.571182,29.728817,424.2406,0.81148595,0.0,2024-02-12 06:18:24.083007488,VNM,Vietnam
2024-02-12,20.8963,104.34505,37.901154,29.595558,421.58768,0.7681513,0.0,2024-02-12 06:18:30.255012096,VNM,Vietnam
2024-02-12,20.486385,104.47043,37.568607,29.593239,423.14444,0.5908068,0.0,2024-02-12 06:18:23.696005120,VNM,Vietnam
2024-02-19,9.307185,105.724594,27.134527,21.444674,420.872,0.50120574,0.0,2024-02-19 06:21:19.028990720,VNM,Vietnam
2024-02-19,9.309186,105.72227,27.133522,21.317001,421.1352,0.507123,0.0,2024-02-19 06:21:18.641988352,VNM,Vietnam
2024-02-19,22.163996,102.4844,36.804417,28.675533,422.5466,0.5160796,0.0,2024-02-19 06:25:09.561999104,VNM,Vietnam
2024-02-19,9.311153,105.71962,27.132292,21.193262,420.7279,0.51113534,0.0,2024-02-19 06:21:18.255026176,VNM,Vietnam
2024-02-19,9.2096405,105.74237,27.064346,21.08089,419.96747,0.56300163,0.0,2024-02-19 06:21:16.228000256,VNM,Vietnam
2024-02-19,21.996357,102.54785,36.675102,28.827555,419.87772,0.58416677,0.0,2024-02-19 06:25:07.336020480,VNM,Vietnam
2024-02-19,21.99463,102.55626,36.67758,28.960352,422.29742,0.52276814,0.0,2024-02-19 06:25:07.723022848,VNM,Vietnam
2024-02-19,22.078453,102.52957,36.744526,28.943731,421.95352,0.71309245,0.0,2024-02-19 06:25:09.028990464,VNM,Vietnam
2024-02-19,22.146328,102.48988,36.79012,28.6631,422.33456,0.63697094,0.0,2024-02-19 06:25:09.228024064,VNM,Vietnam
2024-02-19,22.274628,102.45453,36.89563,28.742613,421.74585,0.5388108,0.0,2024-02-19 06:25:11.561988352,VNM,Vietnam
2024-02-19,22.154419,102.49156,36.79869,28.73149,422.5757,0.55594075,0.0,2024-02-19 06:25:09.587989760,VNM,Vietnam
2024-02-19,22.141697,102.515945,36.798325,29.051556,421.692,0.6100043,0.0,2024-02-19 06:25:10.388991232,VNM,Vietnam
2024-02-19,22.151512,102.509125,36.804394,28.99032,422.10934,0.52932984,0.0,2024-02-19 06:25:10.363000576,VNM,Vietnam
2024-02-19,22.191275,102.48152,36.82902,28.754143,422.20822,0.5189064,0.0,2024-02-19 06:25:10.255014912,VNM,Vietnam
2024-02-19,22.201038,102.47445,36.834957,28.697977,422.61966,0.5431373,0.0,2024-02-19 06:25:10.228018432,VNM,Vietnam
2024-02-19,22.182411,102.47936,36.819565,28.686876,422.28662,0.52020067,0.0,2024-02-19 06:25:09.895008768,VNM,Vietnam
2024-02-19,22.134178,102.51469,36.790443,28.97778,423.7326,0.6301254,0.0,2024-02-19 06:25:10.029025280,VNM,Vietnam
2024-02-19,22.14339,102.50751,36.795822,28.91812,423.84192,0.5637904,0.0,2024-02-19 06:25:10.001988608,VNM,Vietnam
2024-02-19,22.153149,102.500595,36.801807,28.85896,422.6287,0.52002937,0.0,2024-02-19 06:25:09.974992384,VNM,Vietnam
2024-02-19,22.162733,102.49344,36.807537,28.80062,422.39716,0.51832885,0.0,2024-02-19 06:25:09.947995904,VNM,Vietnam
2024-02-19,22.172604,102.48641,36.813583,28.74309,421.7001,0.51266474,0.0,2024-02-19 06:25:09.920999424,VNM,Vietnam
2024-02-19,22.09501,102.53271,36.76191,29.091059,421.74512,0.6457777,0.0,2024-02-19 06:25:09.749002752,VNM,Vietnam
2024-02-19,22.20058,102.48398,36.838993,28.822035,422.08475,0.55145836,0.0,2024-02-19 06:25:10.615021056,VNM,Vietnam
2024-02-19,22.190193,102.49072,36.832367,28.881256,422.94504,0.56338215,0.0,2024-02-19 06:25:10.642017280,VNM,Vietnam
2024-02-19,22.180424,102.49764,36.826374,28.940413,422.79895,0.50755334,0.0,2024-02-19 06:25:10.669014016,VNM,Vietnam
2024-02-19,22.169935,102.50418,36.81958,29.001472,422.5643,0.5197967,0.0,2024-02-19 06:25:10.696010240,VNM,Vietnam
2024-02-19,22.160267,102.51109,36.813675,29.06253,422.48578,0.54626083,0.0,2024-02-19 06:25:10.723006720,VNM,Vietnam
2024-02-19,22.14981,102.517555,36.806885,29.125376,422.32574,0.5401621,0.0,2024-02-19 06:25:10.748997120,VNM,Vietnam
2024-02-19,22.145023,102.49884,36.793175,28.788486,424.1357,0.60179377,0.0,2024-02-19 06:25:09.615026432,VNM,Vietnam
2024-02-19,22.186554,102.50766,36.837154,29.147734,422.9882,0.52289754,0.0,2024-02-19 06:25:11.416022528,VNM,Vietnam
2024-02-19,22.168205,102.51262,36.822044,29.136532,422.5255,0.60277426,0.0,2024-02-19 06:25:11.083012864,VNM,Vietnam
2024-02-19,22.265074,102.46174,36.889923,28.79853,421.08102,0.598609,0.0,2024-02-19 06:25:11.588019200,VNM,Vietnam
2024-02-19,22.310528,102.463684,36.934063,29.01739,423.26553,0.5021303,0.0,2024-02-19 06:25:13.002012672,VNM,Vietnam
2024-02-19,22.2838,102.456955,36.90547,28.809214,423.30328,0.5020104,0.0,2024-02-19 06:25:11.920988672,VNM,Vietnam
2024-02-19,22.273855,102.463974,36.899334,28.866816,422.3933,0.50808704,0.0,2024-02-19 06:25:11.948025344,VNM,Vietnam
2024-02-19,22.263964,102.471,36.893257,28.925488,421.6475,0.61512053,0.0,2024-02-19 06:25:11.975021568,VNM,Vietnam
2024-02-19,22.254072,102.477875,36.88712,28.984781,421.4387,0.52750933,0.0,2024-02-19 06:25:12.002018048,VNM,Vietnam
2024-02-19,22.292677,102.459236,36.91499,28.877394,421.5088,0.48514777,0.0,2024-02-19 06:25:12.282000640,VNM,Vietnam
2024-02-19,22.282518,102.466125,36.90861,28.936363,422.50095,0.48926523,0.0,2024-02-19 06:25:12.308996864,VNM,Vietnam
2024-02-19,22.272606,102.473,36.90245,28.995684,421.8526,0.50965744,0.0,2024-02-19 06:25:12.335993344,VNM,Vietnam
2024-02-19,22.252615,102.48658,36.889923,29.11762,422.17673,0.5383985,0.0,2024-02-19 06:25:12.389020672,VNM,Vietnam
2024-02-19,22.349688,102.43545,36.958015,28.785847,422.45535,0.56444377,0.0,2024-02-19 06:25:12.894992640,VNM,Vietnam
2024-02-19,22.281237,102.47499,36.91163,29.067415,422.00726,0.52893937,0.0,2024-02-19 06:25:12.695999488,VNM,Vietnam
2024-02-19,22.271215,102.48174,36.905327,29.128904,421.47568,0.53748095,0.0,2024-02-19 06:25:12.722995712,VNM,Vietnam
2024-02-19,22.301428,102.46144,36.924362,28.947184,421.10724,0.5014914,0.0,2024-02-19 06:25:12.642006528,VNM,Vietnam
2024-02-19,22.242285,102.49313,36.883263,29.180346,422.9445,0.5339423,0.0,2024-02-19 06:25:12.416017152,VNM,Vietnam
2024-02-19,22.262854,102.47994,36.896465,29.055931,422.35593,0.5272254,0.0,2024-02-19 06:25:12.362989824,VNM,Vietnam
2024-02-19,22.300419,102.47044,36.92768,29.078072,423.73718,0.52968776,0.0,2024-02-19 06:25:13.029009152,VNM,Vietnam
2024-02-19,22.302513,102.452156,36.921005,28.81991,420.6222,0.5921225,0.0,2024-02-19 06:25:12.255003904,VNM,Vietnam
2024-02-19,22.28951,102.47675,36.920395,29.140545,422.5576,0.51237446,0.0,2024-02-19 06:25:13.056005376,VNM,Vietnam
2024-02-19,22.318474,102.465324,36.94249,29.089973,420.7255,0.4993873,0.0,2024-02-19 06:25:13.363024640,VNM,Vietnam
2024-02-19,22.386137,102.425285,36.988003,28.8089,419.47992,0.77183,0.0,2024-02-19 06:25:13.562017792,VNM,Vietnam
2024-02-19,22.376183,102.4323,36.98184,28.865257,419.08286,0.55532485,0.0,2024-02-19 06:25:13.588008448,VNM,Vietnam
2024-02-19,22.40362,102.41975,37.002148,28.820671,421.7834,0.6052411,0.0,2024-02-19 06:25:13.895027456,VNM,Vietnam
2024-02-19,22.465576,102.42495,37.063705,29.181664,423.3081,0.70138687,0.0,2024-02-19 06:25:16.028992768,VNM,Vietnam
2024-02-26,10.214697,103.99917,25.979868,20.218872,424.26318,0.43636173,0.0,2024-02-26 06:27:44.227987712,VNM,Vietnam
2024-02-26,10.160792,104.01447,25.952446,20.636068,425.267,0.6145104,0.0,2024-02-26 06:27:44.749007104,VNM,Vietnam
2024-02-26,10.212736,104.00084,25.980652,20.338428,423.93674,0.5234456,0.0,2024-02-26 06:27:44.614990336,VNM,Vietnam
2024-02-26,10.21899,104.0007,25.98721,20.531252,424.4386,0.46979356,0.0,2024-02-26 06:27:45.363004672,VNM,Vietnam
2024-02-26,10.260326,103.98915,26.009241,20.300024,422.09647,0.5115577,0.0,2024-02-26 06:27:45.255019264,VNM,Vietnam
2024-02-26,10.256307,103.99193,26.01035,20.548061,422.60535,0.47806817,0.0,2024-02-26 06:27:46.029024000,VNM,Vietnam
2024-02-26,10.287437,103.98349,26.027143,20.372877,423.7904,0.64441454,0.0,2024-02-26 06:27:45.947994624,VNM,Vietnam
2024-02-26,10.216771,104.00152,25.987234,20.662064,424.1462,0.49647623,0.0,2024-02-26 06:27:45.749001472,VNM,Vietnam
2024-02-26,10.258293,103.990715,26.009897,20.422081,422.52936,0.41816872,0.0,2024-02-26 06:27:45.642021632,VNM,Vietnam
2024-02-26,10.289237,103.98171,26.026176,20.25402,423.8172,0.610218,0.0,2024-02-26 06:27:45.561997824,VNM,Vietnam
2024-02-28,11.769276,108.57993,27.633352,0.30284652,425.25757,0.43701747,0.0,2024-02-28 06:15:22.948001280,VNM,Vietnam
2024-02-28,11.767735,108.57882,27.630383,0.5275034,424.0502,0.4416788,0.0,2024-02-28 06:15:22.562004480,VNM,Vietnam
2024-02-28,11.770753,108.58101,27.636257,0.09217568,424.91742,0.4495417,0.0,2024-02-28 06:15:23.336009728,VNM,Vietnam
2024-02-28,13.97798,108.096245,29.02668,0.07662332,422.48947,0.43610585,0.0,2024-02-28 06:16:00.028991232,VNM,Vietnam
2024-02-28,11.772215,108.58182,27.638962,0.1685107,424.93344,0.48411483,0.0,2024-02-28 06:15:23.723012096,VNM,Vietnam
2024-02-28,13.858943,108.12478,28.951647,0.26600403,421.72238,0.5024814,0.0,2024-02-28 06:15:58.416004352,VNM,Vietnam
2024-02-28,12.533115,108.409225,28.099686,0.5320945,422.74054,0.5166737,0.0,2024-02-28 06:15:35.227999232,VNM,Vietnam
2024-02-28,12.553311,108.404884,28.112331,0.53253925,423.1721,0.4942147,0.0,2024-02-28 06:15:35.562014464,VNM,Vietnam
2024-02-28,12.544084,108.408,28.107813,0.4200613,422.9159,0.500162,0.0,2024-02-28 06:15:35.588005120,VNM,Vietnam
2024-02-28,12.534793,108.41104,28.103207,0.3076459,423.3679,0.5235833,0.0,2024-02-28 06:15:35.615001600,VNM,Vietnam
2024-02-28,12.525468,108.41401,28.098526,0.19668324,422.03345,0.501587,0.0,2024-02-28 06:15:35.641998080,VNM,Vietnam
2024-02-28,12.564281,108.40366,28.120468,0.42054904,424.26028,0.48196524,0.0,2024-02-28 06:15:35.921014784,VNM,Vietnam
2024-02-28,13.813051,108.12681,28.913769,0.42852625,421.48663,0.47876778,0.0,2024-02-28 06:15:56.588012032,VNM,Vietnam
2024-02-28,12.527098,108.415344,28.10169,0.06936029,422.73398,0.4772749,0.0,2024-02-28 06:15:36.029000448,VNM,Vietnam
2024-02-28,12.53641,108.41256,28.106483,0.095288746,424.0091,0.5301122,0.0,2024-02-28 06:15:36.002004224,VNM,Vietnam
2024-02-28,13.583648,108.18121,28.769411,0.09753061,423.6763,0.55833125,0.0,2024-02-28 06:15:53.336007936,VNM,Vietnam
2024-02-28,12.5379095,108.413635,28.109379,0.16242631,424.11108,0.5058295,0.0,2024-02-28 06:15:36.389006592,VNM,Vietnam
2024-02-28,12.528547,108.41626,28.104443,0.27124932,423.3781,0.48210177,0.0,2024-02-28 06:15:36.416003328,VNM,Vietnam
2024-02-28,12.558057,108.409225,28.121939,0.16242608,423.5994,0.5008828,0.0,2024-02-28 06:15:36.723022336,VNM,Vietnam
2024-02-28,12.548696,108.41186,28.117004,0.27122763,422.82635,0.51941437,0.0,2024-02-28 06:15:36.749012736,VNM,Vietnam
2024-02-28,13.600257,108.17252,28.774902,0.536215,423.3871,0.5739287,0.0,2024-02-28 06:15:52.895012352,VNM,Vietnam
2024-02-28,12.556555,108.408134,28.119034,0.09541174,423.3917,0.4748788,0.0,2024-02-28 06:15:36.336019456,VNM,Vietnam
2024-02-28,12.565816,108.405266,28.123743,0.19750963,423.27853,0.5428497,0.0,2024-02-28 06:15:36.309023232,VNM,Vietnam
2024-02-28,12.54567,108.40969,28.111183,0.1973711,423.07574,0.48259512,0.0,2024-02-28 06:15:35.975007744,VNM,Vietnam
2024-02-28,13.743024,108.14321,28.869503,0.31222463,420.4171,0.49683404,0.0,2024-02-28 06:15:55.615013888,VNM,Vietnam
2024-02-28,13.704379,108.15405,28.846975,0.09581157,422.41824,0.43500516,0.0,2024-02-28 06:15:55.335997184,VNM,Vietnam
2024-02-28,13.68067,108.15439,28.82655,0.5358191,421.88654,0.45570233,0.0,2024-02-28 06:15:54.228016896,VNM,Vietnam
2024-02-28,13.67157,108.15781,28.822062,0.42329377,423.74158,0.4700361,0.0,2024-02-28 06:15:54.255013120,VNM,Vietnam
2024-02-28,13.662371,108.16116,28.817467,0.3107511,423.4515,0.46608698,0.0,2024-02-28 06:15:54.282009600,VNM,Vietnam
2024-02-28,13.673201,108.1598,28.825613,0.19892329,423.80087,0.4968636,0.0,2024-02-28 06:15:54.642015744,VNM,Vietnam
2024-02-28,13.664028,108.16298,28.820925,0.09497001,423.67105,0.4671361,0.0,2024-02-28 06:15:54.669011968,VNM,Vietnam
2024-02-28,13.987173,108.093056,29.031445,0.10967007,421.7865,0.46864843,0.0,2024-02-28 06:16:00.001994496,VNM,Vietnam
2024-02-28,13.656401,108.16752,28.819313,0.26730135,423.3338,0.4847405,0.0,2024-02-28 06:15:55.083011072,VNM,Vietnam
2024-02-28,13.801815,108.12769,28.90498,0.53945106,422.46475,0.4710984,0.0,2024-02-28 06:15:56.228005888,VNM,Vietnam
2024-02-28,13.77248,108.1355,28.887308,0.42586124,424.27673,0.4585271,0.0,2024-02-28 06:15:55.921027072,VNM,Vietnam
2024-02-28,13.754101,108.142265,28.878119,0.20263608,423.18265,0.4483406,0.0,2024-02-28 06:15:55.975020032,VNM,Vietnam
2024-02-28,13.744954,108.14549,28.873465,0.09983424,421.93652,0.47646996,0.0,2024-02-28 06:15:56.002016256,VNM,Vietnam
2024-02-28,13.752197,108.1398,28.874062,0.42466098,423.53253,0.4697997,0.0,2024-02-28 06:15:55.588017408,VNM,Vietnam
2024-02-28,12.547243,108.41093,28.11424,0.069431804,423.1255,0.48483536,0.0,2024-02-28 06:15:36.363016192,VNM,Vietnam
2024-02-28,13.75605,108.144325,28.88195,0.06758726,423.13547,0.45870438,0.0,2024-02-28 06:15:56.362988032,VNM,Vietnam
2024-02-28,13.746829,108.1474,28.87714,0.15684041,422.87683,0.47492698,0.0,2024-02-28 06:15:56.389019136,VNM,Vietnam
2024-02-28,13.7375765,108.150406,28.872257,0.26498345,421.67514,0.6135319,0.0,2024-02-28 06:15:56.416015360,VNM,Vietnam
2024-02-28,13.822098,108.12333,28.918207,0.54075,421.2685,0.48080328,0.0,2024-02-28 06:15:56.562021376,VNM,Vietnam
2024-02-28,13.803884,108.13023,28.909208,0.3163741,422.24152,0.47635743,0.0,2024-02-28 06:15:56.615008256,VNM,Vietnam
2024-02-28,13.767125,108.14308,28.890375,0.15643325,423.12997,0.46647313,0.0,2024-02-28 06:15:56.722994176,VNM,Vietnam
2024-02-28,13.757874,108.14609,28.885492,0.26424477,422.67328,0.46972468,0.0,2024-02-28 06:15:56.749024768,VNM,Vietnam
2024-02-28,13.824172,108.12589,28.922447,0.3178147,422.29782,0.46993557,0.0,2024-02-28 06:15:56.948018176,VNM,Vietnam
2024-02-28,13.814971,108.12925,28.917816,0.20738949,421.81616,0.46975377,0.0,2024-02-28 06:15:56.975014400,VNM,Vietnam
2024-02-28,13.80583,108.13249,28.913162,0.10559012,422.43225,0.46940613,0.0,2024-02-28 06:15:57.002010880,VNM,Vietnam
2024-02-28,13.862609,108.1147,28.944702,0.5426334,422.59515,0.48178026,0.0,2024-02-28 06:15:57.228000512,VNM,Vietnam
2024-02-28,13.81684,108.13148,28.921692,0.072112136,422.36212,0.4781894,0.0,2024-02-28 06:15:57.363022848,VNM,Vietnam
2024-02-28,13.873716,108.11398,28.95351,0.43073833,422.0661,0.53634995,0.0,2024-02-28 06:15:57.588006400,VNM,Vietnam
2024-02-28,13.8645935,108.11743,28.948982,0.31892473,421.9029,0.46846837,0.0,2024-02-28 06:15:57.615003136,VNM,Vietnam
2024-02-28,13.893918,108.109764,28.966791,0.4310785,423.0605,0.4892876,0.0,2024-02-28 06:15:57.921016320,VNM,Vietnam
2024-02-28,13.884797,108.11321,28.962265,0.31942558,420.90793,0.47845566,0.0,2024-02-28 06:15:57.948012544,VNM,Vietnam
2024-02-28,13.875594,108.1166,28.957636,0.20982064,421.3212,0.47642472,0.0,2024-02-28 06:15:57.975009024,VNM,Vietnam
2024-02-28,13.866451,108.11987,28.952986,0.110357955,421.94736,0.46652633,0.0,2024-02-28 06:15:58.002005504,VNM,Vietnam
2024-02-28,13.857253,108.123055,28.948238,0.07685909,422.12076,0.46999586,0.0,2024-02-28 06:15:58.029001984,VNM,Vietnam
2024-02-28,13.848028,108.12616,28.943419,0.15959743,422.2412,0.48155856,0.0,2024-02-28 06:15:58.055998208,VNM,Vietnam
2024-02-28,13.91407,108.105385,28.979946,0.43117407,423.54434,0.45526138,0.0,2024-02-28 06:15:58.254991616,VNM,Vietnam
2024-02-28,13.8957405,108.1122,28.970764,0.21000408,423.56845,0.47347823,0.0,2024-02-28 06:15:58.309024512,VNM,Vietnam
2024-02-28,13.886595,108.11546,28.966099,0.1106808,421.90533,0.4798427,0.0,2024-02-28 06:15:58.336020992,VNM,Vietnam
2024-02-28,13.877398,108.11865,28.961351,0.07741866,421.90808,0.4827026,0.0,2024-02-28 06:15:58.363017472,VNM,Vietnam
2024-02-28,13.943299,108.09744,28.997541,0.5431708,422.86322,0.42268872,0.0,2024-02-28 06:15:58.562010624,VNM,Vietnam
2024-02-28,13.934209,108.10096,28.993067,0.43118846,422.69553,0.4748866,0.0,2024-02-28 06:15:58.588001280,VNM,Vietnam
2024-02-28,13.915883,108.10779,28.983885,0.21012884,423.06985,0.4894381,0.0,2024-02-28 06:15:58.641993984,VNM,Vietnam
2024-02-28,13.906739,108.11105,28.979221,0.110999614,422.47833,0.47740525,0.0,2024-02-28 06:15:58.668990464,VNM,Vietnam
2024-02-28,13.897544,108.11425,28.974474,0.07798898,422.64172,0.4770816,0.0,2024-02-28 06:15:58.695986688,VNM,Vietnam
2024-02-28,13.879093,108.120384,28.964771,0.2662314,422.26508,0.49933362,0.0,2024-02-28 06:15:58.749014016,VNM,Vietnam
2024-02-28,13.963436,108.09302,29.01067,0.54316264,423.20953,0.41068354,0.0,2024-02-28 06:15:58.895020288,VNM,Vietnam
2024-02-28,13.945228,108.09999,29.001656,0.3196566,422.95673,0.41293362,0.0,2024-02-28 06:15:58.948007168,VNM,Vietnam
2024-02-28,13.936026,108.10337,28.997015,0.21025611,422.72275,0.48343402,0.0,2024-02-28 06:15:58.975003648,VNM,Vietnam
2024-02-28,13.908463,108.11295,28.982769,0.16050385,422.90472,0.4990581,0.0,2024-02-28 06:15:59.055993088,VNM,Vietnam
2024-02-28,13.888323,108.11736,28.969656,0.16024688,422.50345,0.4909491,0.0,2024-02-28 06:15:58.723023360,VNM,Vietnam
2024-02-28,13.899231,108.11597,28.977875,0.26639992,422.4384,0.49310154,0.0,2024-02-28 06:15:59.082989568,VNM,Vietnam
2024-02-28,13.983541,108.0885,29.02373,0.5430069,421.92996,0.46331593,0.0,2024-02-28 06:15:59.227989760,VNM,Vietnam
2024-02-28,13.974451,108.09202,29.019245,0.4310173,422.2237,0.46688986,0.0,2024-02-28 06:15:59.255026432,VNM,Vietnam
2024-02-28,13.9469795,108.10212,29.005375,0.11077115,422.88034,0.4082007,0.0,2024-02-28 06:15:59.336015616,VNM,Vietnam
2024-02-28,13.937783,108.105316,29.000618,0.0779011,423.29114,0.47186476,0.0,2024-02-28 06:15:59.363012096,VNM,Vietnam
2024-02-28,13.928562,108.10843,28.995792,0.16032769,422.32324,0.47618493,0.0,2024-02-28 06:15:59.389002496,VNM,Vietnam
2024-02-28,14.00363,108.08395,29.036757,0.54278034,422.1385,0.46201938,0.0,2024-02-28 06:15:59.562004992,VNM,Vietnam
2024-02-28,13.994541,108.08747,29.032274,0.4307648,422.62054,0.45791292,0.0,2024-02-28 06:15:59.587995648,VNM,Vietnam
2024-02-28,13.985421,108.09092,29.027727,0.3191288,422.09116,0.45845804,0.0,2024-02-28 06:15:59.614992128,VNM,Vietnam
2024-02-28,13.976219,108.09431,29.023077,0.20955761,422.53162,0.46737757,0.0,2024-02-28 06:15:59.641988608,VNM,Vietnam
2024-02-28,13.948662,108.10391,29.008823,0.16016038,423.0947,0.4179772,0.0,2024-02-28 06:15:59.723018240,VNM,Vietnam
2024-02-28,13.939435,108.10693,29.003933,0.26632565,422.84033,0.50812596,0.0,2024-02-28 06:15:59.749008640,VNM,Vietnam
2024-02-28,14.014632,108.08292,29.045313,0.4305146,421.6677,0.4657933,0.0,2024-02-28 06:15:59.921005312,VNM,Vietnam
2024-02-28,14.005514,108.08638,29.040766,0.3188386,422.44284,0.45822033,0.0,2024-02-28 06:15:59.948001792,VNM,Vietnam
2024-02-28,13.965328,108.09547,29.014698,0.31942108,422.72366,0.39816314,0.0,2024-02-28 06:15:59.282022656,VNM,Vietnam
2024-02-28,13.967076,108.09759,29.018406,0.11021758,422.9333,0.3962245,0.0,2024-02-28 06:15:59.669025280,VNM,Vietnam
2024-02-28,13.696985,108.159,28.845789,0.2662837,423.3935,0.5012325,0.0,2024-02-28 06:15:55.748989952,VNM,Vietnam
2024-02-28,14.016408,108.085045,29.049042,0.20878917,421.9892,0.46039063,0.0,2024-02-28 06:16:00.309013760,VNM,Vietnam
2024-02-28,14.007269,108.08832,29.04436,0.108394034,422.8765,0.46330017,0.0,2024-02-28 06:16:00.336010240,VNM,Vietnam
2024-02-28,13.988862,108.09463,29.03476,0.1582485,421.58743,0.46656317,0.0,2024-02-28 06:16:00.388997120,VNM,Vietnam
2024-02-28,13.979638,108.09765,29.029858,0.26493603,422.12088,0.45432928,0.0,2024-02-28 06:16:00.415993600,VNM,Vietnam
2024-02-28,14.054812,108.073456,29.071177,0.4306028,422.26605,0.46227688,0.0,2024-02-28 06:16:00.587990272,VNM,Vietnam
2024-02-28,14.0457,108.07691,29.066622,0.31865817,422.6265,0.46307307,0.0,2024-02-28 06:16:00.615026944,VNM,Vietnam
2024-02-28,14.036503,108.0803,29.061962,0.20841749,422.30942,0.46479413,0.0,2024-02-28 06:16:00.642023424,VNM,Vietnam
2024-02-28,14.018177,108.086784,29.052517,0.07149129,422.00748,0.46636343,0.0,2024-02-28 06:16:00.696016384,VNM,Vietnam
2024-02-28,14.0749035,108.0687,29.084105,0.43071365,422.73322,0.40633252,0.0,2024-02-28 06:16:00.920999936,VNM,Vietnam
2024-02-28,14.038273,108.08207,29.065462,0.069178626,422.34692,0.46562338,0.0,2024-02-28 06:16:01.029026048,VNM,Vietnam
2024-02-28,14.019837,108.08829,29.05576,0.26322067,422.27454,0.49169403,0.0,2024-02-28 06:16:01.083018752,VNM,Vietnam
2024-02-28,14.104056,108.06063,29.101658,0.5426011,421.41922,0.4518963,0.0,2024-02-28 06:16:01.228018944,VNM,Vietnam
2024-02-28,14.085866,108.06768,29.092646,0.3180863,422.67807,0.40476742,0.0,2024-02-28 06:16:01.282011904,VNM,Vietnam
2024-02-28,14.039913,108.083885,29.068888,0.26399946,422.1157,0.4869737,0.0,2024-02-28 06:16:01.415988224,VNM,Vietnam
2024-02-28,14.105936,108.063255,29.10578,0.3174484,421.16245,0.44780976,0.0,2024-02-28 06:16:01.615021568,VNM,Vietnam
2024-02-28,14.087608,108.07001,29.096474,0.10526094,422.115,0.41232255,0.0,2024-02-28 06:16:01.669014528,VNM,Vietnam
2024-02-28,14.144181,108.05175,29.127932,0.54123485,423.42834,0.44039586,0.0,2024-02-28 06:16:01.895003904,VNM,Vietnam
2024-02-28,14.107682,108.06559,29.10962,0.104909,420.65814,0.4293736,0.0,2024-02-28 06:16:02.002024192,VNM,Vietnam
2024-02-28,14.089298,108.072014,29.100061,0.15792598,421.8245,0.44948462,0.0,2024-02-28 06:16:02.056016896,VNM,Vietnam
2024-02-28,14.146132,108.05439,29.132109,0.31675684,423.31558,0.40059417,0.0,2024-02-28 06:16:02.282006528,VNM,Vietnam
2024-02-28,14.100236,108.07067,29.108377,0.26552817,421.7705,0.48670024,0.0,2024-02-28 06:16:02.416023040,VNM,Vietnam
2024-02-28,14.078423,108.07325,29.091726,0.07042388,422.29202,0.4383434,0.0,2024-02-28 06:16:01.696010752,VNM,Vietnam
2024-02-28,14.147965,108.05673,29.136015,0.105406016,424.1789,0.39447376,0.0,2024-02-28 06:16:02.669008896,VNM,Vietnam
2024-02-28,14.12959,108.06317,29.12646,0.15831818,422.07147,0.4396082,0.0,2024-02-28 06:16:02.723001856,VNM,Vietnam
2024-02-28,14.204579,108.0384,29.167528,0.5410918,422.5233,0.4115097,0.0,2024-02-28 06:16:02.894998528,VNM,Vietnam
2024-02-28,14.195507,108.041985,29.163054,0.4288632,423.23523,0.45135784,0.0,2024-02-28 06:16:02.920988928,VNM,Vietnam
2024-02-28,14.149739,108.05875,29.139666,0.158422,423.41815,0.4174295,0.0,2024-02-28 06:16:03.056011520,VNM,Vietnam
2024-02-28,14.140537,108.06183,29.134787,0.26564753,422.58835,0.42547596,0.0,2024-02-28 06:16:03.083007744,VNM,Vietnam
2024-02-28,14.224731,108.03389,29.180723,0.54136705,422.03278,0.40949026,0.0,2024-02-28 06:16:03.228008192,VNM,Vietnam
2024-02-28,14.215669,108.037476,29.17625,0.42917046,422.00378,0.41687408,0.0,2024-02-28 06:16:03.255004672,VNM,Vietnam
2024-02-28,14.206566,108.041,29.17171,0.31720734,422.96887,0.37123397,0.0,2024-02-28 06:16:03.282000896,VNM,Vietnam
2024-02-28,14.19739,108.04445,29.16707,0.20697464,423.83044,0.39517102,0.0,2024-02-28 06:16:03.308997376,VNM,Vietnam
2024-02-28,14.226727,108.036476,29.1849,0.31757835,421.5315,0.41481075,0.0,2024-02-28 06:16:03.615010816,VNM,Vietnam
2024-02-28,14.217551,108.03994,29.180264,0.20731258,421.87903,0.3668895,0.0,2024-02-28 06:16:03.642007040,VNM,Vietnam
2024-02-28,14.138791,108.05999,29.131271,0.07185892,422.78217,0.39962056,0.0,2024-02-28 06:16:02.696005376,VNM,Vietnam
2024-02-28,14.083982,108.06517,29.088594,0.54298556,423.17087,0.40808564,0.0,2024-02-28 06:16:00.895009280,VNM,Vietnam
2024-02-28,14.219431,108.04207,29.184069,0.07131559,422.39792,0.35748842,0.0,2024-02-28 06:16:04.029009664,VNM,Vietnam
2024-02-28,14.239551,108.037735,29.197346,0.072598875,421.70667,0.39746925,0.0,2024-02-28 06:16:04.363025152,VNM,Vietnam
2024-02-28,14.221149,108.044075,29.187664,0.26539105,422.5544,0.38126463,0.0,2024-02-28 06:16:04.416012288,VNM,Vietnam
2024-02-28,14.305281,108.01604,29.233644,0.5416249,422.91,0.37217155,0.0,2024-02-28 06:16:04.562018048,VNM,Vietnam
2024-02-28,14.29622,108.01966,29.22918,0.4294232,423.21823,0.36793172,0.0,2024-02-28 06:16:04.588008960,VNM,Vietnam
2024-02-28,14.391349,108.00451,29.297941,0.15431067,420.88855,0.42888832,0.0,2024-02-28 06:16:07.055989760,VNM,Vietnam
2024-02-28,13.968761,108.09936,29.021845,0.15978651,422.57043,0.42958927,0.0,2024-02-28 06:16:00.055987712,VNM,Vietnam
2024-02-28,14.307237,108.01886,29.23794,0.3172345,422.67114,0.37221214,0.0,2024-02-28 06:16:04.948014848,VNM,Vietnam
2024-02-28,14.298065,108.022354,29.23331,0.2073252,422.63956,0.37388086,0.0,2024-02-28 06:16:04.975011328,VNM,Vietnam
2024-02-28,14.316335,108.0153,29.242474,0.42907923,422.5186,0.41229737,0.0,2024-02-28 06:16:04.921018624,VNM,Vietnam
2024-02-28,14.336513,108.01077,29.255714,0.42963117,422.0452,0.40578333,0.0,2024-02-28 06:16:05.254993664,VNM,Vietnam
2024-02-28,14.32742,108.01432,29.251175,0.31785583,421.69955,0.40719002,0.0,2024-02-28 06:16:05.281990144,VNM,Vietnam
2024-02-28,14.318257,108.0178,29.24654,0.20795661,421.87955,0.4301047,0.0,2024-02-28 06:16:05.309026816,VNM,Vietnam
2024-02-28,14.325397,108.011665,29.246939,0.5412382,421.36258,0.38312382,0.0,2024-02-28 06:16:04.894987520,VNM,Vietnam
2024-02-28,14.241273,108.03974,29.20095,0.26618412,421.8146,0.38590133,0.0,2024-02-28 06:16:04.749021696,VNM,Vietnam
2024-02-28,14.321997,108.02169,29.25388,0.26353717,422.13943,0.43818963,0.0,2024-02-28 06:16:06.082991616,VNM,Vietnam
2024-02-28,14.329356,108.01661,29.255114,0.10802537,421.6717,0.37605214,0.0,2024-02-28 06:16:05.668992768,VNM,Vietnam
2024-02-28,14.320202,108.01991,29.250374,0.073195785,422.07126,0.42252567,0.0,2024-02-28 06:16:05.695989248,VNM,Vietnam
2024-02-28,14.396976,107.99691,29.295265,0.43117055,421.98206,0.40384936,0.0,2024-02-28 06:16:06.254988288,VNM,Vietnam
2024-02-28,14.426062,107.988556,29.312788,0.54304206,421.6296,0.3865644,0.0,2024-02-28 06:16:06.562007552,VNM,Vietnam
2024-02-28,14.417008,107.99219,29.308306,0.43068033,421.6331,0.41720378,0.0,2024-02-28 06:16:06.587997952,VNM,Vietnam
2024-02-28,14.398745,107.999245,29.299103,0.2077571,421.97238,0.40714923,0.0,2024-02-28 06:16:06.641990912,VNM,Vietnam
2024-02-28,14.389636,108.00263,29.294432,0.10531772,421.37076,0.39116526,0.0,2024-02-28 06:16:06.668987392,VNM,Vietnam
2024-02-28,14.080087,108.07509,29.095182,0.2654091,422.20258,0.47503248,0.0,2024-02-28 06:16:02.083013376,VNM,Vietnam
2024-02-28,14.371286,108.00917,29.284851,0.154993,421.83374,0.38250053,0.0,2024-02-28 06:16:06.723020288,VNM,Vietnam
2024-02-28,14.427947,107.99103,29.316801,0.317862,421.54422,0.42641845,0.0,2024-02-28 06:16:06.948004096,VNM,Vietnam
2024-02-28,14.418781,107.99453,29.312153,0.2069113,421.93936,0.42061755,0.0,2024-02-28 06:16:06.975000320,VNM,Vietnam
2024-02-28,14.400524,108.00126,29.302746,0.06610101,422.24802,0.42330736,0.0,2024-02-28 06:16:07.028993280,VNM,Vietnam
2024-02-28,14.429846,107.99345,29.320786,0.104224026,422.0596,0.43216944,0.0,2024-02-28 06:16:07.336012288,VNM,Vietnam
2024-02-28,14.420698,107.99679,29.316051,0.066079736,422.27957,0.39410746,0.0,2024-02-28 06:16:07.363009024,VNM,Vietnam
2024-02-28,14.402337,108.00321,29.306376,0.26205412,421.2619,0.44719732,0.0,2024-02-28 06:16:07.415995904,VNM,Vietnam
2024-02-28,14.50854,107.97295,29.369925,0.31888956,422.13623,0.43172145,0.0,2024-02-28 06:16:08.282014208,VNM,Vietnam
2024-02-28,14.537709,107.96477,29.387682,0.43112034,421.9249,0.4297196,0.0,2024-02-28 06:16:08.588027392,VNM,Vietnam
2024-02-28,14.51039,107.97534,29.373852,0.10405629,421.9946,0.37841287,0.0,2024-02-28 06:16:08.669016576,VNM,Vietnam
2024-02-28,14.539581,107.96733,29.391739,0.20737861,421.24655,0.40777194,0.0,2024-02-28 06:16:08.974989568,VNM,Vietnam
2024-02-28,14.512192,107.977425,29.37755,0.15233345,422.30457,0.4019907,0.0,2024-02-28 06:16:09.056019200,VNM,Vietnam
2024-02-28,14.604022,107.95837,29.439648,0.25808623,421.73645,0.43026727,0.0,2024-02-28 06:16:10.748989440,VNM,Vietnam
2024-02-28,14.550701,107.966255,29.40044,0.10428059,421.98444,0.38623786,0.0,2024-02-28 06:16:09.336001536,VNM,Vietnam
2024-02-28,14.541569,107.96963,29.39571,0.06321046,421.73343,0.42670348,0.0,2024-02-28 06:16:09.362998016,VNM,Vietnam
2024-02-28,14.598229,107.95109,29.427626,0.43255484,422.12698,0.3937151,0.0,2024-02-28 06:16:09.588022016,VNM,Vietnam
2024-02-28,14.548731,107.96379,29.396372,0.3185587,421.90228,0.41076645,0.0,2024-02-28 06:16:08.947993344,VNM,Vietnam
2024-02-28,14.6002035,107.953766,29.431826,0.20984279,422.8966,0.46163303,0.0,2024-02-28 06:16:09.975024384,VNM,Vietnam
2024-02-28,14.613211,107.955124,29.444515,0.15012145,419.44443,0.47962248,0.0,2024-02-28 06:16:10.722998528,VNM,Vietnam
2024-02-28,14.6021805,107.95621,29.435879,0.06321661,422.59412,0.4451368,0.0,2024-02-28 06:16:10.362992640,VNM,Vietnam
2024-02-28,14.611311,107.95281,29.440603,0.10647345,422.38013,0.43180397,0.0,2024-02-28 06:16:10.335996160,VNM,Vietnam
2024-02-28,14.688004,107.929504,29.48573,0.5471472,423.1088,0.4375932,0.0,2024-02-28 06:16:10.894995200,VNM,Vietnam
2024-02-28,14.690021,107.93247,29.490139,0.32240593,423.95346,0.43124253,0.0,2024-02-28 06:16:11.281997824,VNM,Vietnam
2024-02-28,14.662683,107.94298,29.47615,0.06522843,420.9731,0.4341221,0.0,2024-02-28 06:16:11.362987008,VNM,Vietnam
2024-02-28,14.691944,107.93514,29.49429,0.10833665,423.1623,0.40774274,0.0,2024-02-28 06:16:11.669000448,VNM,Vietnam
2024-02-28,14.664476,107.94516,29.479898,0.25871032,421.75974,0.4547693,0.0,2024-02-28 06:16:11.749024256,VNM,Vietnam
2024-02-28,14.774398,107.9198,29.551949,0.15274133,422.662,0.49073434,0.0,2024-02-28 06:16:13.389007104,VNM,Vietnam
2024-02-28,14.849049,107.89392,29.593163,0.5467518,422.0669,0.4860849,0.0,2024-02-28 06:16:13.562009600,VNM,Vietnam
2024-02-28,14.851067,107.896965,29.59761,0.32218957,421.629,0.50700694,0.0,2024-02-28 06:16:13.948006400,VNM,Vietnam
2024-02-28,15.1510515,107.82668,29.795607,0.5474839,424.72955,0.5057901,0.0,2024-02-28 06:16:18.562022656,VNM,Vietnam
2024-02-28,15.404302,107.77271,29.968563,0.44021386,425.1016,0.5103778,0.0,2024-02-28 06:16:22.921001472,VNM,Vietnam
2024-02-28,15.4064045,107.77597,29.973171,0.22126874,424.29324,0.48788127,0.0,2024-02-28 06:16:23.309009664,VNM,Vietnam
2024-02-28,14.043808,108.0747,29.06275,0.5425989,421.91043,0.4649283,0.0,2024-02-28 06:16:00.228024576,VNM,Vietnam
2024-03-06,18.173248,105.637245,29.954903,0.13519992,422.54123,0.5332639,0.0,2024-03-06 06:23:16.002003712,VNM,Vietnam
2024-03-06,18.164177,105.640884,29.950188,0.08519285,421.61465,0.48212934,0.0,2024-03-06 06:23:16.028999936,VNM,Vietnam
2024-03-06,19.266586,105.379616,30.69602,0.4594724,422.16153,0.5644873,0.0,2024-03-06 06:23:33.588027648,VNM,Vietnam
2024-03-06,18.289715,105.60335,30.027285,0.56504095,423.20062,0.4879604,0.0,2024-03-06 06:23:17.227987712,VNM,Vietnam
2024-03-06,18.271727,105.61123,30.018291,0.34230942,423.38754,0.56220585,0.0,2024-03-06 06:23:17.282020864,VNM,Vietnam
2024-03-06,18.352133,105.59245,30.072403,0.34220296,422.78497,0.48973873,0.0,2024-03-06 06:23:18.615025152,VNM,Vietnam
2024-03-06,18.354172,105.59541,30.076733,0.13278596,421.80902,0.5488905,0.0,2024-03-06 06:23:19.002027520,VNM,Vietnam
2024-03-06,19.239765,105.3919,30.682312,0.13817838,422.8769,0.60746545,0.0,2024-03-06 06:23:33.669016832,VNM,Vietnam
2024-03-06,20.194199,105.16935,31.347902,0.24345616,423.66852,0.5485213,0.0,2024-03-06 06:23:49.309004544,VNM,Vietnam
2024-03-06,18.186144,105.638756,29.967632,0.25041494,421.9344,0.552131,0.0,2024-03-06 06:23:16.749012224,VNM,Vietnam
2024-03-06,20.6626,105.05196,31.674557,0.5731691,423.78625,0.5517713,0.0,2024-03-06 06:23:56.561992704,VNM,Vietnam
2024-03-06,20.260702,105.146286,31.389408,0.5733732,422.79932,0.47704852,0.0,2024-03-06 06:23:49.895000320,VNM,Vietnam
2024-03-06,20.271994,105.14611,31.399183,0.4612988,423.97638,0.55713195,0.0,2024-03-06 06:23:50.255006208,VNM,Vietnam
2024-03-06,20.254284,105.15498,31.39015,0.24123305,424.6986,0.45181116,0.0,2024-03-06 06:23:50.308999168,VNM,Vietnam
2024-03-06,20.185362,105.17359,31.343307,0.14425959,423.66498,0.5518853,0.0,2024-03-06 06:23:49.336001024,VNM,Vietnam
2024-03-06,22.035234,104.73953,32.67408,0.14912093,425.40656,0.5616248,0.0,2024-03-06 06:24:20.002018560,VNM,Vietnam
2024-03-06,22.365252,104.658676,32.91477,0.24692181,425.2072,0.4851368,0.0,2024-03-06 06:24:25.309010432,VNM,Vietnam
2024-03-06,20.658855,105.064896,31.680584,0.08387532,424.01648,0.5760111,0.0,2024-03-06 06:23:57.362994176,VNM,Vietnam
2024-03-06,22.061272,104.72501,32.68761,0.4680247,425.83426,0.60276216,0.0,2024-03-06 06:24:19.920988928,VNM,Vietnam
2024-03-06,22.081266,104.72029,32.70228,0.46694508,425.09808,0.5740107,0.0,2024-03-06 06:24:20.255004416,VNM,Vietnam
2024-03-06,22.072605,104.72524,32.697834,0.35603613,425.73532,0.5342248,0.0,2024-03-06 06:24:20.282000896,VNM,Vietnam
2024-03-06,22.112621,104.715904,32.727257,0.35403997,424.80573,0.51029676,0.0,2024-03-06 06:24:20.948020224,VNM,Vietnam
2024-03-06,22.376902,104.65871,32.925175,0.15001827,424.6178,0.46993396,0.0,2024-03-06 06:24:25.669016576,VNM,Vietnam
2024-03-06,20.6476,105.06532,31.670935,0.141348,424.5904,0.49737486,0.0,2024-03-06 06:23:57.002022400,VNM,Vietnam
2024-03-06,20.656384,105.06094,31.675503,0.24160191,425.29675,0.586029,0.0,2024-03-06 06:23:56.974985728,VNM,Vietnam
2024-03-06,22.425991,104.644325,32.959568,0.25153744,425.11078,0.5309002,0.0,2024-03-06 06:24:26.309005056,VNM,Vietnam
2024-03-06,22.417385,104.64917,32.955048,0.1529102,424.04816,0.5525517,0.0,2024-03-06 06:24:26.336001280,VNM,Vietnam
2024-03-06,22.471996,104.62447,32.987766,0.5825318,423.2951,0.47518384,0.0,2024-03-06 06:24:26.561990912,VNM,Vietnam
2024-03-06,22.463465,104.62957,32.98343,0.4713416,424.81686,0.4772465,0.0,2024-03-06 06:24:26.588021760,VNM,Vietnam
2024-03-06,22.45486,104.63461,32.979008,0.3607984,426.037,0.6148194,0.0,2024-03-06 06:24:26.615018240,VNM,Vietnam
2024-03-06,22.492212,104.619705,33.002716,0.5836691,423.99524,0.47293955,0.0,2024-03-06 06:24:26.895000576,VNM,Vietnam
2024-03-06,22.483683,104.62481,32.99838,0.4725075,424.2733,0.4702727,0.0,2024-03-06 06:24:26.920991232,VNM,Vietnam
2024-03-06,22.451782,104.629234,32.972824,0.58139384,424.50922,0.49055943,0.0,2024-03-06 06:24:26.228015616,VNM,Vietnam
2024-03-06,22.431713,104.65377,32.9709,0.238108,423.88925,0.48387647,0.0,2024-03-06 06:24:27.083010304,VNM,Vietnam
2024-03-06,22.47508,104.62986,32.993954,0.36200482,424.7643,0.45896152,0.0,2024-03-06 06:24:26.947987456,VNM,Vietnam
2024-03-06,22.629925,104.60168,33.11402,0.09786647,424.18207,0.65150154,0.0,2024-03-06 06:24:30.029000960,VNM,Vietnam
2024-03-06,22.83034,104.55403,33.262695,0.09740093,423.30017,0.5472363,0.0,2024-03-06 06:24:33.363000064,VNM,Vietnam
2024-03-06,22.368237,104.66346,32.920574,0.09318656,424.39557,0.47035953,0.0,2024-03-06 06:24:25.696013056,VNM,Vietnam
2024-03-08,12.342259,108.22549,24.669714,19.410696,420.96292,0.56203,0.0,2024-03-08 06:09:38.002014720,VNM,Vietnam
2024-03-08,12.334014,108.22802,24.664875,19.344543,420.66736,0.5923798,0.0,2024-03-08 06:09:37.642008832,VNM,Vietnam
2024-03-08,12.406343,108.2094,24.705624,19.502466,419.5649,0.48919174,0.0,2024-03-08 06:09:39.363021312,VNM,Vietnam
2024-03-08,12.443787,108.20067,24.726757,19.517262,423.21118,0.47587812,0.0,2024-03-08 06:09:40.029000192,VNM,Vietnam
2024-03-08,12.339992,108.22472,24.66878,19.538588,421.23303,0.5898577,0.0,2024-03-08 06:09:38.389017344,VNM,Vietnam
2024-03-13,20.823729,103.521576,29.81314,0.57831967,423.36142,0.6551145,0.0,2024-03-13 06:30:00.228014592,VNM,Vietnam
2024-03-13,22.129854,103.211464,30.696707,0.5800697,425.5609,0.68220466,0.0,2024-03-13 06:30:21.895006208,VNM,Vietnam
2024-03-15,21.019644,104.60428,28.30433,22.038197,426.61942,0.5885023,0.0,2024-03-15 06:18:08.588020224,VNM,Vietnam
2024-03-15,20.28179,104.80078,27.81105,21.975151,424.2509,0.7027575,0.0,2024-03-15 06:17:56.389011968,VNM,Vietnam
2024-03-15,10.622925,107.15908,22.45363,17.55721,423.1048,0.5088922,0.0,2024-03-15 06:15:02.615019776,VNM,Vietnam
2024-03-15,20.841976,104.6562,28.188019,22.134636,424.6304,0.49496636,0.0,2024-03-15 06:18:06.001995008,VNM,Vietnam
2024-03-15,20.938019,104.62484,28.247707,21.936861,424.5424,0.70329046,0.0,2024-03-15 06:18:06.895010048,VNM,Vietnam
2024-03-15,21.21732,104.56047,28.447107,22.534159,425.5591,0.61122036,0.0,2024-03-15 06:18:13.415996672,VNM,Vietnam
2024-03-15,21.011108,104.60469,28.29697,21.974157,426.3765,0.57035017,0.0,2024-03-15 06:18:08.228014080,VNM,Vietnam
2024-03-15,21.141813,104.57149,28.386835,22.042028,423.7175,0.6526022,0.0,2024-03-15 06:18:10.562018816,VNM,Vietnam
2024-03-15,21.01774,104.60772,28.305721,22.163181,425.6963,0.5868375,0.0,2024-03-15 06:18:08.975022848,VNM,Vietnam
2024-03-15,21.213163,104.55526,28.438164,22.203245,424.5252,0.60697484,0.0,2024-03-15 06:18:12.282025472,VNM,Vietnam
2024-03-15,21.108368,104.58679,28.370226,22.340277,424.99722,0.582633,0.0,2024-03-15 06:18:11.029004800,VNM,Vietnam
2024-03-15,21.14685,104.5784,28.397455,22.358635,425.1521,0.65257454,0.0,2024-03-15 06:18:11.695989504,VNM,Vietnam
2024-03-15,21.125252,104.58541,28.384499,22.482235,423.9463,0.56475836,0.0,2024-03-15 06:18:11.749017088,VNM,Vietnam
2024-03-15,21.214766,104.55125,28.43624,22.08324,425.41895,0.65028936,0.0,2024-03-15 06:18:11.895022848,VNM,Vietnam
2024-03-15,21.140226,104.575455,28.38876,22.163101,424.40454,0.53148746,0.0,2024-03-15 06:18:10.948015360,VNM,Vietnam
2024-03-15,21.564909,104.4673,28.683905,22.512827,425.3039,0.5944237,0.0,2024-03-15 06:18:19.002004992,VNM,Vietnam
2024-03-15,21.501122,104.482506,28.638418,22.41718,427.6262,0.6361817,0.0,2024-03-15 06:18:17.642004480,VNM,Vietnam
2024-03-15,21.548931,104.463486,28.666437,22.259163,424.3857,0.58447856,0.0,2024-03-15 06:18:17.894990336,VNM,Vietnam
2024-03-15,21.567713,104.4589,28.679626,22.26801,425.21,0.6301023,0.0,2024-03-15 06:18:18.228000256,VNM,Vietnam
2024-03-15,21.507437,104.485344,28.646795,22.6142,423.4433,0.59801906,0.0,2024-03-15 06:18:18.389012992,VNM,Vietnam
2024-03-15,21.586073,104.453964,28.692287,22.277384,426.73358,0.6269821,0.0,2024-03-15 06:18:18.562015488,VNM,Vietnam
2024-03-15,21.575771,104.458275,28.68654,22.33251,424.352,0.58553463,0.0,2024-03-15 06:18:18.588006144,VNM,Vietnam
2024-03-15,21.566252,104.46324,28.681797,22.388,425.81152,0.59613985,0.0,2024-03-15 06:18:18.615002624,VNM,Vietnam
2024-03-15,21.556162,104.4677,28.67631,22.445473,425.1078,0.58982754,0.0,2024-03-15 06:18:18.641999104,VNM,Vietnam
2024-03-15,21.574383,104.4625,28.688707,22.455368,425.02713,0.6064035,0.0,2024-03-15 06:18:18.975008768,VNM,Vietnam
2024-03-15,21.58072,104.4651,28.696966,22.653164,425.3174,0.5788094,0.0,2024-03-15 06:18:19.723023104,VNM,Vietnam
2024-03-15,21.607855,104.45969,28.7172,22.7341,425.50766,0.65881366,0.0,2024-03-15 06:18:20.415998720,VNM,Vietnam
2024-03-15,21.668976,104.434074,28.751318,22.37989,426.10693,0.66457635,0.0,2024-03-15 06:18:20.255025920,VNM,Vietnam
2024-03-15,21.59984,104.4607,28.71053,22.66225,426.33673,0.6343488,0.0,2024-03-15 06:18:20.055992576,VNM,Vietnam
2024-03-15,21.609798,104.45635,28.71598,22.601933,425.9696,0.6198555,0.0,2024-03-15 06:18:20.028996352,VNM,Vietnam
2024-03-15,21.667269,104.438126,28.753113,22.503757,425.2528,0.6431089,0.0,2024-03-15 06:18:20.641988352,VNM,Vietnam
2024-03-15,21.611794,104.45291,28.714745,22.473953,425.30188,0.6317411,0.0,2024-03-15 06:18:19.641993472,VNM,Vietnam
2024-03-15,21.563272,104.47088,28.68551,22.642206,427.02533,0.5928236,0.0,2024-03-15 06:18:19.389007616,VNM,Vietnam
2024-03-15,21.582573,104.461655,28.695608,22.523415,424.88504,0.6138922,0.0,2024-03-15 06:18:19.336020736,VNM,Vietnam
2024-03-15,21.695763,104.42853,28.771246,22.458096,425.02753,0.6407118,0.0,2024-03-15 06:18:20.948001280,VNM,Vietnam
2024-03-15,21.584375,104.457954,28.694069,22.398022,425.5587,0.6110746,0.0,2024-03-15 06:18:18.948012288,VNM,Vietnam
2024-03-15,21.444809,104.50154,28.602867,22.514011,423.73706,0.49232408,0.0,2024-03-15 06:18:17.029012480,VNM,Vietnam
2024-03-15,22.742086,104.14793,29.504965,22.978397,426.7632,0.6295992,0.0,2024-03-15 06:18:39.588013056,VNM,Vietnam
2024-03-15,21.734278,104.414314,28.794785,22.358685,425.61523,0.5904108,0.0,2024-03-15 06:18:21.228024064,VNM,Vietnam
2024-03-15,21.704716,104.42843,28.779184,22.526955,424.5469,0.6367915,0.0,2024-03-15 06:18:21.309013248,VNM,Vietnam
2024-03-15,21.673468,104.44054,28.76115,22.706861,424.7218,0.6408739,0.0,2024-03-15 06:18:21.388996864,VNM,Vietnam
2024-03-15,21.73257,104.4183,28.796534,22.482038,424.86285,0.5647788,0.0,2024-03-15 06:18:21.615026432,VNM,Vietnam
2024-03-15,21.722878,104.42313,28.79153,22.539062,426.5674,0.60431015,0.0,2024-03-15 06:18:21.642023168,VNM,Vietnam
2024-03-15,21.730812,104.42211,28.798145,22.608143,425.75522,0.6065181,0.0,2024-03-15 06:18:22.001988864,VNM,Vietnam
2024-03-15,21.72089,104.426575,28.79276,22.667418,426.83105,0.634744,0.0,2024-03-15 06:18:22.029025536,VNM,Vietnam
2024-03-15,21.729036,104.42568,28.799614,22.738432,425.1902,0.5728591,0.0,2024-03-15 06:18:22.388991232,VNM,Vietnam
2024-03-15,21.719076,104.430016,28.794123,22.799791,427.08185,0.6567387,0.0,2024-03-15 06:18:22.415987968,VNM,Vietnam
2024-03-15,21.73721,104.424866,28.806536,22.80968,425.37598,0.5625266,0.0,2024-03-15 06:18:22.748997376,VNM,Vietnam
2024-03-15,21.724535,104.41912,28.789726,22.41332,425.05814,0.6217665,0.0,2024-03-15 06:18:21.255020544,VNM,Vietnam
2024-03-15,21.6455,104.45024,28.74352,22.755888,425.37622,0.69833016,0.0,2024-03-15 06:18:21.083023872,VNM,Vietnam
2024-03-15,22.795872,104.14367,29.550465,23.26073,425.49823,0.63484406,0.0,2024-03-15 06:18:41.363018496,VNM,Vietnam
2024-03-15,22.754894,104.15596,29.52302,23.374935,426.31174,0.65754396,0.0,2024-03-15 06:18:41.082995968,VNM,Vietnam
2024-03-15,22.797533,104.139275,29.54861,23.131556,424.84027,0.6183635,0.0,2024-03-15 06:18:40.975010048,VNM,Vietnam
2024-03-15,22.746712,104.15649,29.515835,23.30195,425.58273,0.60814327,0.0,2024-03-15 06:18:40.722989824,VNM,Vietnam
2024-03-15,22.732033,104.15279,29.499434,23.034784,425.4023,0.5780043,0.0,2024-03-15 06:18:39.615009280,VNM,Vietnam
2024-03-15,22.809149,104.1296,29.552,22.951385,424.13934,0.6250034,0.0,2024-03-15 06:18:40.562017024,VNM,Vietnam
2024-03-15,22.799328,104.134636,29.54674,23.00617,425.6863,0.65953124,0.0,2024-03-15 06:18:40.588007424,VNM,Vietnam
2024-03-15,22.748724,104.15239,29.514421,23.170986,425.76498,0.60110253,0.0,2024-03-15 06:18:40.335987200,VNM,Vietnam
2024-03-15,22.740425,104.1527,29.507025,23.102453,425.7661,0.6121505,0.0,2024-03-15 06:18:39.975015680,VNM,Vietnam
2024-03-15,22.750698,104.14803,29.512836,23.044567,427.33896,0.6205327,0.0,2024-03-15 06:18:39.948018944,VNM,Vietnam
2024-03-15,22.804272,104.14334,29.557936,23.332354,423.04547,0.65090847,0.0,2024-03-15 06:18:41.723024640,VNM,Vietnam
2024-03-15,22.73856,104.156975,29.508654,23.230679,426.0456,0.6166145,0.0,2024-03-15 06:18:40.363023872,VNM,Vietnam
2024-03-22,10.175684,105.8002,21.336252,16.566515,424.46265,0.5633865,0.0,2024-03-22 06:20:46.562017536,VNM,Vietnam
2024-03-22,9.301169,105.979416,21.092804,16.68631,423.11447,0.54071534,0.0,2024-03-22 06:20:32.029004288,VNM,Vietnam
2024-03-22,9.309509,105.9729,21.091429,16.74927,423.31754,0.5467195,0.0,2024-03-22 06:20:32.389010432,VNM,Vietnam
2024-03-22,9.430171,105.94078,21.117735,16.834734,423.98383,0.5068803,0.0,2024-03-22 06:20:34.749005824,VNM,Vietnam
2024-03-22,10.183932,105.7943,21.335772,16.624886,424.39053,0.55589855,0.0,2024-03-22 06:20:46.921017600,VNM,Vietnam
2024-03-22,10.200323,105.78225,21.334557,16.746456,423.92343,0.5394061,0.0,2024-03-22 06:20:47.641995520,VNM,Vietnam
2024-03-22,10.189979,105.78051,21.328766,16.803822,424.2277,0.5460757,0.0,2024-03-22 06:20:47.668992000,VNM,Vietnam
2024-03-22,10.770851,105.65384,21.50328,16.820686,423.1716,0.51325816,0.0,2024-03-22 06:20:57.615025408,VNM,Vietnam
2024-03-22,10.776974,105.64069,21.497149,17.003342,424.30167,0.540453,0.0,2024-03-22 06:20:58.362999552,VNM,Vietnam
2024-03-22,10.202565,105.789894,21.340885,16.62989,424.8284,0.5821817,0.0,2024-03-22 06:20:47.254992896,VNM,Vietnam
2024-03-31,13.319598,108.32865,22.745115,0.31734854,424.8381,0.48951864,0.0,2024-03-31 06:15:29.282024448,VNM,Vietnam
2024-03-31,13.320487,108.319916,22.738981,0.092825904,424.50357,0.42970532,0.0,2024-03-31 06:15:29.669027072,VNM,Vietnam
2024-03-31,14.761237,107.98918,23.09676,0.25198323,423.15674,0.6633152,0.0,2024-03-31 06:15:54.083016448,VNM,Vietnam
2024-04-09,11.224186,108.60292,20.441572,16.006464,424.18298,0.38355115,0.0,2024-04-09 06:08:49.614990848,VNM,Vietnam
2024-04-09,11.233692,108.60789,20.447603,15.952049,422.68213,0.35281566,0.0,2024-04-09 06:08:49.587994624,VNM,Vietnam
2024-04-09,11.205401,108.60725,20.441856,16.006275,424.56265,0.38976353,0.0,2024-04-09 06:08:49.282021632,VNM,Vietnam
2024-04-09,11.243191,108.61282,20.453604,15.899197,422.34647,0.38589296,0.0,2024-04-09 06:08:49.562003968,VNM,Vietnam
2024-04-09,11.195917,108.58735,20.4229,16.17756,424.60553,0.37036374,0.0,2024-04-09 06:08:49.696020480,VNM,Vietnam
2024-04-09,11.233273,108.57902,20.422632,16.17521,421.82117,0.35484788,0.0,2024-04-09 06:08:50.363005440,VNM,Vietnam
2024-04-09,11.233407,108.59353,20.435179,16.061794,422.83676,0.3493039,0.0,2024-04-09 06:08:49.974996992,VNM,Vietnam
2024-04-09,11.25208,108.58942,20.435122,16.060303,421.82608,0.36885998,0.0,2024-04-09 06:08:50.309012480,VNM,Vietnam
2024-04-09,11.214548,108.56834,20.409895,16.295277,423.18292,0.3933356,0.0,2024-04-09 06:08:50.415992576,VNM,Vietnam
2024-04-09,11.261346,108.58016,20.42888,16.115522,422.339,0.37778267,0.0,2024-04-09 06:08:50.669018624,VNM,Vietnam
2024-04-09,11.242557,108.5696,20.416225,16.233156,421.78424,0.36900204,0.0,2024-04-09 06:08:50.723011584,VNM,Vietnam
2024-04-09,11.2706585,108.5707,20.422447,16.172832,421.98322,0.38985437,0.0,2024-04-09 06:08:51.029024512,VNM,Vietnam
2024-04-09,11.261283,108.56539,20.41609,16.232325,422.87576,0.4337973,0.0,2024-04-09 06:08:51.056021248,VNM,Vietnam
2024-04-09,11.251929,108.56002,20.409678,16.293055,421.98672,0.4055347,0.0,2024-04-09 06:08:51.083017472,VNM,Vietnam
2024-04-09,11.270686,108.55586,20.40961,16.292337,421.98566,0.43156645,0.0,2024-04-09 06:08:51.416027392,VNM,Vietnam
2024-04-09,11.68149,108.47932,20.424978,16.169657,424.21994,0.4806256,0.0,2024-04-09 06:08:58.363002368,VNM,Vietnam
2024-04-09,11.551169,108.53693,20.447838,15.947351,423.60587,0.55471194,0.0,2024-04-09 06:08:55.254992384,VNM,Vietnam
2024-04-09,11.5416,108.53211,20.441826,16.001743,424.7915,0.57384557,0.0,2024-04-09 06:08:55.281989120,VNM,Vietnam
2024-04-09,11.532047,108.527214,20.435736,16.05761,424.37994,0.5794705,0.0,2024-04-09 06:08:55.308985344,VNM,Vietnam
2024-04-09,11.598108,108.533066,20.453909,15.89326,425.1717,0.523279,0.0,2024-04-09 06:08:55.895021312,VNM,Vietnam
2024-04-09,11.700403,108.48888,20.437021,16.054832,425.81232,0.4853423,0.0,2024-04-09 06:08:58.309009408,VNM,Vietnam
2024-04-09,11.70956,108.47966,20.43103,16.111694,423.59344,0.5419862,0.0,2024-04-09 06:08:58.669015296,VNM,Vietnam
2024-04-09,11.6906185,108.46966,20.41855,16.22951,422.82684,0.499893,0.0,2024-04-09 06:08:58.723008512,VNM,Vietnam
2024-04-09,11.681175,108.46452,20.41218,16.290314,423.5749,0.5034031,0.0,2024-04-09 06:08:58.748998912,VNM,Vietnam
2024-04-09,11.709337,108.465256,20.418634,16.23031,421.6218,0.586101,0.0,2024-04-09 06:08:59.056017920,VNM,Vietnam
2024-04-09,11.671986,108.47395,20.418385,16.229502,423.49243,0.51241785,0.0,2024-04-09 06:08:58.388992768,VNM,Vietnam
2024-04-09,11.832043,108.47226,20.450283,15.948527,422.8278,0.61369437,0.0,2024-04-09 06:09:00.255005696,VNM,Vietnam
2024-04-09,11.831532,108.45823,20.438211,16.060133,423.83664,0.5838662,0.0,2024-04-09 06:09:00.642008320,VNM,Vietnam
2024-04-09,11.822028,108.453384,20.432066,16.117031,424.16187,0.49226135,0.0,2024-04-09 06:09:00.669004800,VNM,Vietnam
2024-04-09,11.812531,108.4485,20.425884,16.17534,423.93704,0.5396455,0.0,2024-04-09 06:09:00.696001024,VNM,Vietnam
2024-04-09,11.709992,108.49369,20.443102,15.998904,425.51624,0.524513,0.0,2024-04-09 06:08:58.282012928,VNM,Vietnam
2024-04-09,11.821798,108.439156,20.419847,16.235682,423.75763,0.46495152,0.0,2024-04-09 06:09:01.056007168,VNM,Vietnam
2024-04-09,12.037355,108.39738,20.43108,16.180025,421.55832,0.5766916,0.0,2024-04-09 06:09:04.696019712,VNM,Vietnam
2024-04-14,21.576519,103.34375,23.311432,0.46651015,423.45355,0.60966665,0.0,2024-04-14 06:30:07.588023040,VNM,Vietnam
2024-04-16,10.429386,107.28783,20.667814,16.094803,425.89944,0.41874674,0.0,2024-04-16 06:14:38.562001920,VNM,Vietnam
2024-04-16,10.420769,107.281166,20.661617,16.14741,426.18146,0.4308974,0.0,2024-04-16 06:14:38.587992320,VNM,Vietnam
2024-04-16,10.430827,107.27024,20.65207,16.198166,424.39456,0.36398792,0.0,2024-04-16 06:14:38.947998464,VNM,Vietnam
2024-04-16,10.439448,107.276985,20.658352,16.143972,424.80536,0.39011922,0.0,2024-04-16 06:14:38.921002240,VNM,Vietnam
2024-04-16,10.466767,107.27945,20.6613,16.08778,424.14014,0.44100916,0.0,2024-04-16 06:14:39.228021248,VNM,Vietnam
2024-04-16,10.505611,107.25356,20.639187,16.18442,424.3729,0.4473051,0.0,2024-04-16 06:14:40.282008576,VNM,Vietnam
2024-04-16,10.46981,107.24406,20.6296,16.299858,423.91382,0.41554412,0.0,2024-04-16 06:14:40.001986048,VNM,Vietnam
2024-04-16,10.432439,107.25246,20.636126,16.30671,425.32135,0.45192108,0.0,2024-04-16 06:14:39.336006912,VNM,Vietnam
2024-04-16,10.468201,107.2619,20.6456,16.190943,424.7357,0.41979846,0.0,2024-04-16 06:14:39.615023616,VNM,Vietnam
2024-04-16,10.4595995,107.25509,20.639235,16.246607,424.7192,0.43671066,0.0,2024-04-16 06:14:39.642020352,VNM,Vietnam
2024-04-16,10.4868965,107.257774,20.642427,16.187496,424.5835,0.44057173,0.0,2024-04-16 06:14:39.947993344,VNM,Vietnam
2024-04-16,10.478294,107.250916,20.636015,16.243252,423.69608,0.44095433,0.0,2024-04-16 06:14:39.974989568,VNM,Vietnam
2024-04-16,10.522891,107.2669,20.651667,16.077547,423.30032,0.5207905,0.0,2024-04-16 06:14:40.228015872,VNM,Vietnam
2024-04-16,10.495529,107.26454,20.648754,16.133213,424.335,0.42870456,0.0,2024-04-16 06:14:39.920996608,VNM,Vietnam
2024-04-16,10.442651,107.241325,20.626379,16.361128,424.89987,0.42957988,0.0,2024-04-16 06:14:39.696013056,VNM,Vietnam
2024-04-16,10.498738,107.228745,20.616655,16.351725,423.98843,0.47157547,0.0,2024-04-16 06:14:40.696007680,VNM,Vietnam
2024-04-16,10.480039,107.23292,20.619865,16.354834,424.08893,0.4425328,0.0,2024-04-16 06:14:40.362998016,VNM,Vietnam
2024-04-16,10.524326,107.24936,20.635973,16.181316,423.28305,0.42248997,0.0,2024-04-16 06:14:40.615018240,VNM,Vietnam
2024-04-16,10.515713,107.24254,20.62959,16.237041,424.55435,0.44128916,0.0,2024-04-16 06:14:40.642014720,VNM,Vietnam
2024-04-16,10.507216,107.235695,20.623178,16.293644,424.50757,0.43798846,0.0,2024-04-16 06:14:40.669011200,VNM,Vietnam
2024-04-16,10.488513,107.23987,20.62637,16.29677,424.49435,0.44410056,0.0,2024-04-16 06:14:40.336001280,VNM,Vietnam
2024-04-16,10.490298,107.22175,20.610098,16.41101,423.61426,0.42238158,0.0,2024-04-16 06:14:40.723004160,VNM,Vietnam
2024-04-16,10.565383,107.20505,20.597406,16.399305,424.685,0.45828268,0.0,2024-04-16 06:14:42.056008448,VNM,Vietnam
2024-04-16,10.500657,107.21048,20.60024,16.468699,423.7649,0.47840956,0.0,2024-04-16 06:14:41.083010304,VNM,Vietnam
2024-04-16,10.514251,107.260284,20.645481,16.130169,423.6867,0.45184943,0.0,2024-04-16 06:14:40.255012352,VNM,Vietnam
2024-04-16,10.55508,107.2162,20.607115,16.343115,424.6014,0.45259005,0.0,2024-04-16 06:14:41.696002304,VNM,Vietnam
2024-04-16,10.601086,107.214806,20.607403,16.278742,424.10797,0.45579666,0.0,2024-04-16 06:14:42.335990784,VNM,Vietnam
2024-04-16,10.509061,107.21756,20.606888,16.408125,423.9269,0.42703795,0.0,2024-04-16 06:14:41.056013568,VNM,Vietnam
2024-04-16,10.575692,107.19385,20.587656,16.456608,423.27576,0.47455394,0.0,2024-04-16 06:14:42.416014336,VNM,Vietnam
2024-04-16,10.691917,107.22895,20.623348,16.05211,424.23102,0.4547274,0.0,2024-04-16 06:14:43.227999488,VNM,Vietnam
2024-04-16,10.556958,107.19798,20.590754,16.459845,424.0002,0.45068455,0.0,2024-04-16 06:14:42.083004672,VNM,Vietnam
2024-04-16,10.497004,107.24672,20.632782,16.240166,424.10825,0.43668875,0.0,2024-04-16 06:14:40.309005056,VNM,Vietnam
2024-04-23,9.319226,106.0047,21.358608,17.095528,424.62976,0.37858072,0.0,2024-04-23 06:20:12.749004288,VNM,Vietnam
2024-04-23,9.345198,106.00904,21.359064,17.031816,423.27777,0.3746919,0.0,2024-04-23 06:20:13.056023296,VNM,Vietnam
2024-04-23,9.370471,106.06416,21.405636,16.697731,422.0979,0.40717846,0.0,2024-04-23 06:20:12.562000640,VNM,Vietnam
2024-04-23,9.333589,106.02202,21.372404,16.9756,423.48853,0.36078694,0.0,2024-04-23 06:20:12.696017152,VNM,Vietnam
2024-04-23,9.326385,106.01339,21.365541,17.03495,424.53586,0.38497803,0.0,2024-04-23 06:20:12.723013888,VNM,Vietnam
2024-04-23,9.382808,106.000374,21.346184,17.025312,421.44672,0.36456198,0.0,2024-04-23 06:20:13.723008512,VNM,Vietnam
2024-04-23,9.438995,105.98746,21.327108,17.014265,423.95737,0.35049725,0.0,2024-04-23 06:20:14.723002880,VNM,Vietnam
2024-04-23,10.26383,105.83378,21.09546,16.621984,424.00772,0.5063591,0.0,2024-04-23 06:20:28.974987520,VNM,Vietnam
2024-05-09,10.574817,107.51158,23.783321,0.4979511,426.80096,0.52754784,0.0,2024-05-09 06:20:18.227993088,VNM,Vietnam
2024-05-09,10.623308,107.48058,23.742456,0.2706949,425.17715,0.6696133,0.0,2024-05-09 06:20:19.282020608,VNM,Vietnam
2024-05-09,10.626347,107.44871,23.713509,0.07176679,424.66672,0.53400576,0.0,2024-05-09 06:20:19.696019712,VNM,Vietnam
2024-05-11,12.764959,108.48222,21.380306,16.93437,426.424,0.5344245,0.0,2024-05-11 06:08:30.002021632,VNM,Vietnam
2024-05-11,12.791137,108.51961,21.407162,16.716694,425.8777,0.5559761,0.0,2024-05-11 06:08:29.895001344,VNM,Vietnam
2024-05-11,12.790192,108.48744,21.379028,16.871338,426.4489,0.54300827,0.0,2024-05-11 06:08:30.309000192,VNM,Vietnam
2024-05-11,12.752709,108.49577,21.395115,16.88609,425.59335,0.528545,0.0,2024-05-11 06:08:29.642015488,VNM,Vietnam
2024-05-18,11.164898,107.26476,22.57701,18.083483,426.58292,0.50255996,0.0,2024-05-18 06:14:18.416023808,VNM,Vietnam
2024-05-25,9.463661,106.14692,24.030588,19.24493,427.4758,0.5354322,0.0,2024-05-25 06:19:53.749027072,VNM,Vietnam
2024-05-25,9.523491,106.14583,24.002016,19.157589,426.58252,0.46854267,0.0,2024-05-25 06:19:54.722990848,VNM,Vietnam
2024-05-25,9.486062,106.15413,24.026096,19.175406,426.81766,0.512421,0.0,2024-05-25 06:19:54.056005632,VNM,Vietnam
2024-05-25,9.44508,106.15103,24.042555,19.254322,426.84906,0.43946928,0.0,2024-05-25 06:19:53.416017408,VNM,Vietnam
2024-05-25,9.389002,106.16337,24.078672,19.281841,427.62003,0.48098338,0.0,2024-05-25 06:19:52.416022784,VNM,Vietnam
2024-06-12,13.456077,108.37505,21.879753,17.18535,424.57312,0.36933324,0.0,2024-06-12 06:09:11.587995904,VNM,Vietnam
2024-06-12,13.460636,108.38591,21.886625,17.133072,424.62222,0.37649146,0.0,2024-06-12 06:09:11.562005248,VNM,Vietnam
2024-06-12,12.659504,108.5201,22.353481,17.744457,422.80133,0.38523775,0.0,2024-06-12 06:08:57.669020928,VNM,Vietnam
2024-06-12,12.61162,108.55529,22.403908,17.660494,424.63324,0.46253347,0.0,2024-06-12 06:08:56.614993152,VNM,Vietnam
2024-06-12,12.618255,108.517334,22.370193,17.82107,424.30905,0.4664369,0.0,2024-06-12 06:08:57.028992256,VNM,Vietnam
2024-06-12,12.626223,108.539764,22.38465,17.707205,424.43243,0.45131713,0.0,2024-06-12 06:08:56.974999552,VNM,Vietnam
2024-06-12,12.630346,108.55099,22.391817,17.651787,423.91672,0.46107757,0.0,2024-06-12 06:08:56.948002816,VNM,Vietnam
2024-06-12,12.603397,108.53304,22.389742,17.77196,423.41583,0.4736553,0.0,2024-06-12 06:08:56.668986112,VNM,Vietnam
2024-06-12,13.474784,108.37078,21.868143,17.176275,423.83386,0.37160608,0.0,2024-06-12 06:09:11.921005568,VNM,Vietnam
2024-06-12,13.441934,108.39016,21.898226,17.14215,424.3825,0.37682915,0.0,2024-06-12 06:09:11.227989760,VNM,Vietnam
2024-06-12,11.328676,108.79411,23.208717,18.541897,424.91513,0.3750505,0.0,2024-06-12 06:08:34.055992576,VNM,Vietnam
2024-06-12,11.798549,108.763115,22.954077,17.966448,422.46786,0.40125534,0.0,2024-06-12 06:08:41.895016704,VNM,Vietnam
2024-06-12,20.723028,106.632286,18.227652,14.38055,422.92447,0.44428915,0.0,2024-06-12 06:11:21.642007808,VNM,Vietnam
2024-06-12,13.470273,108.359825,21.861156,17.230135,422.90778,0.3771005,0.0,2024-06-12 06:09:11.948001792,VNM,Vietnam
2024-06-12,20.636637,106.664536,18.267939,14.348726,426.37,0.49583435,0.0,2024-06-12 06:11:19.947991552,VNM,Vietnam
2024-06-12,20.704306,106.636925,18.234322,14.38547,424.10516,0.4931239,0.0,2024-06-12 06:11:21.308998144,VNM,Vietnam
2024-06-12,12.636932,108.513054,22.35814,17.81186,423.6529,0.45829722,0.0,2024-06-12 06:08:57.363007488,VNM,Vietnam
2024-06-12,13.625055,108.288445,21.735949,17.317396,422.49957,0.4507848,0.0,2024-06-12 06:09:15.029015296,VNM,Vietnam
2024-06-12,12.640891,108.52431,22.365421,17.754295,424.14725,0.45484087,0.0,2024-06-12 06:08:57.336011264,VNM,Vietnam
2024-06-12,13.493466,108.36652,21.856565,17.167181,423.99695,0.37405804,0.0,2024-06-12 06:09:12.255021056,VNM,Vietnam
2024-06-12,12.644908,108.5355,22.372614,17.698135,423.3922,0.4360235,0.0,2024-06-12 06:08:57.309014784,VNM,Vietnam
2024-06-12,13.451561,108.364105,21.872787,17.239193,424.39026,0.32927504,0.0,2024-06-12 06:09:11.614992384,VNM,Vietnam
2024-06-12,11.332104,108.80565,23.216177,18.483007,427.51004,0.37059367,0.0,2024-06-12 06:08:34.028996352,VNM,Vietnam
2024-07-05,20.384922,106.45726,18.532812,0.2537505,423.66473,0.5407963,0.0,2024-07-05 06:17:58.082987776,VNM,Vietnam
2024-07-05,20.371618,106.47037,18.546011,0.1432321,424.89044,0.5104858,0.0,2024-07-05 06:17:57.723021824,VNM,Vietnam
2024-07-05,20.378431,106.47882,18.552404,0.046908844,423.20267,0.49296078,0.0,2024-07-05 06:17:57.696025344,VNM,Vietnam
2024-07-05,20.413378,106.52022,18.58344,0.54785186,421.92172,0.50569963,0.0,2024-07-05 06:17:57.562008832,VNM,Vietnam
2024-07-05,20.331484,106.479576,18.559557,0.14400697,420.6427,0.54152316,0.0,2024-07-05 06:17:57.055996672,VNM,Vietnam
2024-07-05,20.358356,106.48343,18.559168,0.04752849,424.23734,0.48964575,0.0,2024-07-05 06:17:57.363015680,VNM,Vietnam
2024-07-05,20.338282,106.488045,18.565954,0.048128016,423.42715,0.50021696,0.0,2024-07-05 06:17:57.029000192,VNM,Vietnam
2024-07-05,20.345133,106.49646,18.572296,0.099315494,423.98074,0.48029074,0.0,2024-07-05 06:17:57.002003712,VNM,Vietnam
2024-07-05,20.352013,106.50481,18.578566,0.20787008,423.566,0.45615736,0.0,2024-07-05 06:17:56.975007232,VNM,Vietnam
2024-07-05,20.351551,106.47497,18.552774,0.14362866,425.7158,0.52014214,0.0,2024-07-05 06:17:57.389006336,VNM,Vietnam
2024-07-05,20.492811,106.47229,18.531324,0.2095783,424.21252,0.4960966,0.0,2024-07-05 06:17:59.309011968,VNM,Vietnam
2024-07-05,20.646511,106.42702,18.472422,0.10030977,423.62646,0.4352818,0.0,2024-07-05 06:18:02.002017024,VNM,Vietnam
2024-07-05,20.50594,106.45935,18.51839,0.10014749,420.59857,0.4750493,0.0,2024-07-05 06:17:59.669018112,VNM,Vietnam
2024-07-05,20.574429,106.48282,18.529785,0.5496429,422.6034,0.50784993,0.0,2024-07-05 06:18:00.228017408,VNM,Vietnam
2024-07-05,20.53232,106.433365,18.492432,0.1404163,422.58884,0.5045712,0.0,2024-07-05 06:18:00.388989952,VNM,Vietnam
2024-07-05,20.65351,106.43523,18.47866,0.21047293,424.1755,0.44111782,0.0,2024-07-05 06:18:01.975020288,VNM,Vietnam
2024-07-05,20.68079,106.438736,18.478317,0.32427892,423.53998,0.4563112,0.0,2024-07-05 06:18:02.281999360,VNM,Vietnam
2024-07-05,20.673672,106.43053,18.472095,0.21092546,423.33817,0.50756556,0.0,2024-07-05 06:18:02.308995840,VNM,Vietnam
2024-07-05,20.666674,106.42232,18.465853,0.10085479,424.61734,0.46684805,0.0,2024-07-05 06:18:02.335992064,VNM,Vietnam
2024-07-05,20.714014,106.42113,18.459013,0.21197553,422.54126,0.5539963,0.0,2024-07-05 06:18:02.975015168,VNM,Vietnam
2024-07-05,20.755754,106.44062,18.470821,0.5525872,422.85815,0.5449504,0.0,2024-07-05 06:18:03.228001024,VNM,Vietnam
2024-07-05,20.512886,106.46763,18.524641,0.2093934,420.08804,0.50831604,0.0,2024-07-05 06:17:59.642021632,VNM,Vietnam
2024-07-05,20.359013,106.51315,18.584816,0.320825,421.93512,0.5461226,0.0,2024-07-05 06:17:56.948011008,VNM,Vietnam
2024-07-05,20.318151,106.49278,18.572886,0.047460914,423.0902,0.49709445,0.0,2024-07-05 06:17:56.695990528,VNM,Vietnam
2024-07-05,20.908554,106.36561,18.38827,0.106050156,425.78094,0.48518133,0.0,2024-07-05 06:18:06.336010752,VNM,Vietnam
2024-07-05,20.366062,106.521416,18.590982,0.43434656,421.86993,0.5416912,0.0,2024-07-05 06:17:56.921014528,VNM,Vietnam
2024-07-05,16.792465,107.28706,20.040285,0.16610308,421.70773,0.41313463,0.0,2024-07-05 06:16:58.389004544,VNM,Vietnam
2024-07-05,20.298534,106.527466,18.605707,0.32100442,420.96524,0.5338916,0.0,2024-07-05 06:17:55.948016384,VNM,Vietnam
2024-07-05,20.318697,106.522705,18.598732,0.32102615,423.09436,0.4848777,0.0,2024-07-05 06:17:56.281991424,VNM,Vietnam
2024-07-05,20.345896,106.5262,18.597933,0.43446326,422.6949,0.4870054,0.0,2024-07-05 06:17:56.588004864,VNM,Vietnam
2024-07-05,20.338854,106.51793,18.591764,0.3209164,425.13364,0.50112253,0.0,2024-07-05 06:17:56.615001088,VNM,Vietnam
2024-07-05,20.331861,106.509575,18.585512,0.20790656,425.0208,0.46672818,0.0,2024-07-05 06:17:56.641997824,VNM,Vietnam
2024-07-05,20.32499,106.50122,18.579239,0.09917323,421.13052,0.47514457,0.0,2024-07-05 06:17:56.668994304,VNM,Vietnam
2024-07-05,20.921764,106.35261,18.37553,0.045992836,425.93942,0.55239284,0.0,2024-07-05 06:18:06.696016896,VNM,Vietnam
2024-07-05,21.31679,106.25095,18.247753,0.13050275,423.71515,0.49241292,0.0,2024-07-05 06:18:13.388999936,VNM,Vietnam
2024-07-05,21.27288,106.30961,18.302458,0.44911832,423.92926,0.6358312,0.0,2024-07-05 06:18:11.921013504,VNM,Vietnam
2024-07-05,21.344059,106.254326,18.248217,0.042196557,425.03415,0.53898054,0.0,2024-07-05 06:18:13.696019200,VNM,Vietnam
2024-07-05,21.336882,106.24627,18.24189,0.13025062,424.14194,0.5143636,0.0,2024-07-05 06:18:13.723015424,VNM,Vietnam
2024-07-05,21.329748,106.23815,18.235504,0.24058688,423.26102,0.5626053,0.0,2024-07-05 06:18:13.749006080,VNM,Vietnam
2024-07-05,21.378658,106.26554,18.254831,0.22208625,424.0544,0.4829083,0.0,2024-07-05 06:18:13.974995712,VNM,Vietnam
2024-07-05,21.371395,106.25764,18.248642,0.112557665,424.26907,0.51339465,0.0,2024-07-05 06:18:14.001991936,VNM,Vietnam
2024-07-05,21.364159,106.24963,18.24237,0.04202616,423.83087,0.47600928,0.0,2024-07-05 06:18:14.028988416,VNM,Vietnam
2024-07-05,21.356972,106.24158,18.236042,0.13006839,425.09946,0.50408566,0.0,2024-07-05 06:18:14.056025088,VNM,Vietnam
2024-07-05,21.421036,106.2842,18.267214,0.561899,424.14206,0.56845206,0.0,2024-07-05 06:18:14.228021760,VNM,Vietnam
2024-07-05,21.351286,106.26234,18.254486,0.1123871,423.93924,0.4390436,0.0,2024-07-05 06:18:13.669022464,VNM,Vietnam
2024-07-05,21.391474,106.252884,18.242777,0.11228994,423.2009,0.50795597,0.0,2024-07-05 06:18:14.336007680,VNM,Vietnam
2024-07-05,21.38423,106.24489,18.236506,0.0421374,424.49612,0.5062427,0.0,2024-07-05 06:18:14.363003904,VNM,Vietnam
2024-07-05,21.377035,106.23685,18.230179,0.13036817,424.6243,0.5110308,0.0,2024-07-05 06:18:14.388994816,VNM,Vietnam
2024-07-05,21.369883,106.22874,18.223793,0.24076472,424.16592,0.51849186,0.0,2024-07-05 06:18:14.415991040,VNM,Vietnam
2024-07-05,21.43368,106.27172,18.255375,0.44830495,423.7527,0.55597514,0.0,2024-07-05 06:18:14.587987712,VNM,Vietnam
2024-07-05,21.41155,106.24813,18.23693,0.112028256,424.55597,0.54559964,0.0,2024-07-05 06:18:14.669017344,VNM,Vietnam
2024-07-05,21.404299,106.24015,18.230661,0.042231694,423.60782,0.5039762,0.0,2024-07-05 06:18:14.696013568,VNM,Vietnam
2024-07-05,21.417156,106.22737,18.218504,0.13104041,422.4441,0.5166983,0.0,2024-07-05 06:18:15.056019712,VNM,Vietnam
2024-07-05,21.444414,106.23057,18.218952,0.04314757,424.65848,0.50777686,0.0,2024-07-05 06:18:15.362998528,VNM,Vietnam
2024-07-05,21.398746,106.26079,18.248966,0.22183649,425.29202,0.51359314,0.0,2024-07-05 06:18:14.309010944,VNM,Vietnam
2024-07-05,21.237988,106.29849,18.29616,0.22196272,425.74442,0.6159636,0.0,2024-07-05 06:18:11.641996800,VNM,Vietnam
2024-07-05,21.358541,106.27025,18.260677,0.22187941,423.91647,0.49533412,0.0,2024-07-05 06:18:13.642026240,VNM,Vietnam
2024-07-05,21.37334,106.28599,18.272934,0.448546,424.31848,0.52616656,0.0,2024-07-05 06:18:13.587993088,VNM,Vietnam
2024-07-05,21.258165,106.293785,18.290184,0.2226956,425.1158,0.50982285,0.0,2024-07-05 06:18:11.975006464,VNM,Vietnam
2024-07-05,21.25095,106.28583,18.283987,0.11355989,423.84912,0.55540013,0.0,2024-07-05 06:18:12.002002944,VNM,Vietnam
2024-07-05,21.243755,106.27778,18.27771,0.043936975,422.3249,0.57450026,0.0,2024-07-05 06:18:12.028999424,VNM,Vietnam
2024-07-05,21.300392,106.31264,18.302505,0.5622977,423.27844,0.5809917,0.0,2024-07-05 06:18:12.227992576,VNM,Vietnam
2024-07-05,21.27099,106.28113,18.27805,0.113064304,425.9437,0.60132396,0.0,2024-07-05 06:18:12.336018432,VNM,Vietnam
2024-07-05,21.256636,106.26499,18.265442,0.13059196,425.3504,0.51745,0.0,2024-07-05 06:18:12.389005312,VNM,Vietnam
2024-07-05,21.249525,106.25684,18.259052,0.24077347,426.2636,0.5513656,0.0,2024-07-05 06:18:12.416001792,VNM,Vietnam
2024-07-05,21.32046,106.30791,18.296583,0.5619334,424.22083,0.5427997,0.0,2024-07-05 06:18:12.562007808,VNM,Vietnam
2024-07-05,21.30563,106.29231,18.284502,0.33506292,425.48367,0.52692586,0.0,2024-07-05 06:18:12.614994944,VNM,Vietnam
2024-07-05,21.291029,106.27643,18.272135,0.11256691,424.43735,0.51078,0.0,2024-07-05 06:18:12.668987648,VNM,Vietnam
2024-07-05,21.276659,106.260315,18.25953,0.13069436,424.39703,0.5232607,0.0,2024-07-05 06:18:12.723021056,VNM,Vietnam
2024-07-05,21.269543,106.25217,18.253141,0.24096844,426.51028,0.57739025,0.0,2024-07-05 06:18:12.749011456,VNM,Vietnam
2024-07-05,21.36592,106.27817,18.266848,0.33498868,423.3294,0.550327,0.0,2024-07-05 06:18:13.614989568,VNM,Vietnam
2024-07-05,21.340528,106.30318,18.290684,0.56158453,424.31747,0.5141925,0.0,2024-07-05 06:18:12.895017728,VNM,Vietnam
2024-07-05,21.325684,106.2876,18.278605,0.33469304,425.0423,0.54642886,0.0,2024-07-05 06:18:12.948004608,VNM,Vietnam
2024-07-05,21.318317,106.27967,18.272432,0.22155744,424.14493,0.5399538,0.0,2024-07-05 06:18:12.975001088,VNM,Vietnam
2024-07-05,21.31107,106.271736,18.266241,0.112081796,424.94147,0.50594497,0.0,2024-07-05 06:18:13.001997568,VNM,Vietnam
2024-07-05,21.303858,106.26371,18.259968,0.042529326,425.21716,0.49787962,0.0,2024-07-05 06:18:13.028993792,VNM,Vietnam
2024-07-05,21.296696,106.25564,18.253637,0.1307339,424.34143,0.48574322,0.0,2024-07-05 06:18:13.055990272,VNM,Vietnam
2024-07-05,21.289576,106.2475,18.24725,0.24105667,424.43246,0.46591726,0.0,2024-07-05 06:18:13.083026944,VNM,Vietnam
2024-07-05,21.360643,106.29844,18.284796,0.56160146,424.12643,0.5264449,0.0,2024-07-05 06:18:13.227986944,VNM,Vietnam
2024-07-05,21.35321,106.29072,18.278805,0.4483418,423.3266,0.5771872,0.0,2024-07-05 06:18:13.255023616,VNM,Vietnam
2024-07-05,21.331177,106.26704,18.260353,0.1122261,424.72437,0.51748955,0.0,2024-07-05 06:18:13.336012800,VNM,Vietnam
2024-07-05,21.32396,106.25902,18.25408,0.042372253,424.34595,0.50826335,0.0,2024-07-05 06:18:13.363009536,VNM,Vietnam
2024-07-05,21.309662,106.24282,18.241365,0.24083146,423.4956,0.4660309,0.0,2024-07-05 06:18:13.415996672,VNM,Vietnam
2024-07-05,21.380781,106.29371,18.278923,0.5618066,424.00974,0.58078027,0.0,2024-07-05 06:18:13.562002432,VNM,Vietnam
2024-07-05,21.333097,106.29544,18.284693,0.44828558,424.3872,0.5140845,0.0,2024-07-05 06:18:12.921008128,VNM,Vietnam
2024-07-05,21.43002,106.214455,18.206236,0.24259517,425.72717,0.5365215,0.0,2024-07-05 06:18:15.416025856,VNM,Vietnam
2024-07-05,21.457233,106.21772,18.206764,0.1332618,425.99252,0.5733879,0.0,2024-07-05 06:18:15.723004672,VNM,Vietnam
2024-07-07,21.525776,107.93946,16.846298,13.20211,424.77176,0.4626503,0.0,2024-07-07 06:05:50.948005888,VNM,Vietnam
2024-07-07,21.544456,107.93481,16.84108,13.198024,424.61124,0.60093355,0.0,2024-07-07 06:05:51.282021632,VNM,Vietnam
2024-07-07,21.507093,107.94414,16.851553,13.206161,423.9295,0.44595066,0.0,2024-07-07 06:05:50.614996224,VNM,Vietnam
2024-07-07,21.504213,107.96465,16.86936,13.1061945,422.3937,0.46632364,0.0,2024-07-07 06:05:50.227993600,VNM,Vietnam
2024-07-07,21.375954,107.92611,16.84515,13.516061,423.55093,0.5155378,0.0,2024-07-07 06:05:49.082999040,VNM,Vietnam
2024-07-07,21.496338,107.95677,16.863129,13.157474,423.66797,0.40936825,0.0,2024-07-07 06:05:50.254990080,VNM,Vietnam
2024-07-21,20.663319,105.051025,16.723452,13.404589,424.6912,0.61046165,0.0,2024-07-21 06:17:42.082993920,VNM,Vietnam
2024-08-02,15.335558,108.763725,31.140682,0.8664551,423.96762,0.54271674,0.0,2024-08-02 02:41:30.973024256,VNM,Vietnam
2024-08-02,15.342866,108.730354,31.172457,0.51138586,425.26547,0.5243315,0.0,2024-08-02 02:41:30.694007296,VNM,Vietnam
2024-08-02,15.390306,108.68926,31.203901,0.8426829,423.97314,0.511113,0.0,2024-08-02 02:41:30.801992960,VNM,Vietnam
2024-08-02,15.3475065,108.75353,31.14844,0.6683989,423.78598,0.47082433,0.0,2024-08-02 02:41:31.000020480,VNM,Vietnam
2024-08-02,15.3212385,108.69397,31.213005,0.43512496,423.69037,0.54341656,0.0,2024-08-02 02:41:30.054018816,VNM,Vietnam
2024-08-02,15.268662,108.711426,31.206192,0.86139125,424.15637,0.5394392,0.0,2024-08-02 02:41:29.640019968,VNM,Vietnam
2024-08-02,15.285427,108.72456,31.18974,0.8634617,424.1254,0.4988729,0.0,2024-08-02 02:41:29.972989440,VNM,Vietnam
2024-08-02,15.297387,108.71439,31.19746,0.66429174,423.5572,0.5531093,0.0,2024-08-02 02:41:30.000026112,VNM,Vietnam
2024-08-02,15.3044815,108.680824,31.229454,0.4308205,423.2958,0.51420265,0.0,2024-08-02 02:41:29.721009152,VNM,Vietnam
2024-08-02,15.314178,108.7275,31.181044,0.66650474,424.76538,0.5541449,0.0,2024-08-02 02:41:30.332995328,VNM,Vietnam
2024-08-02,15.254901,108.64225,31.277906,0.43530837,423.57193,0.46344554,0.0,2024-08-02 02:41:28.721014528,VNM,Vietnam
2024-08-02,15.294997,108.634415,31.27758,0.6384211,425.06497,0.5685386,0.0,2024-08-02 02:41:29.108016896,VNM,Vietnam
2024-08-02,15.323263,108.63692,31.26938,0.83340424,423.84583,0.58732104,0.0,2024-08-02 02:41:29.468023296,VNM,Vietnam
2024-08-02,15.251989,108.69844,31.222498,0.8611835,424.29703,0.54700476,0.0,2024-08-02 02:41:29.306004224,VNM,Vietnam
2024-08-02,15.287702,108.66777,31.245827,0.42726636,422.55493,0.53060037,0.0,2024-08-02 02:41:29.386993664,VNM,Vietnam
2024-08-02,15.231122,108.66273,31.262344,0.6660004,424.62082,0.53498584,0.0,2024-08-02 02:41:28.667021824,VNM,Vietnam
2024-08-02,15.238521,108.62947,31.293978,0.43926376,424.87228,0.47844976,0.0,2024-08-02 02:41:28.386999040,VNM,Vietnam
2024-08-02,15.184274,108.5679,31.366394,0.4996205,423.4669,0.4767459,0.0,2024-08-02 02:41:27.080991232,VNM,Vietnam
2024-08-02,15.172408,108.57816,31.358604,0.4463801,424.45804,0.4944585,0.0,2024-08-02 02:41:27.053995008,VNM,Vietnam
2024-08-06,16.413807,107.68699,19.277172,0.03534041,421.70712,0.35618842,0.0,2024-08-06 06:15:34.695996160,VNM,Vietnam
2024-08-06,16.454123,107.67811,19.269073,0.033600878,423.9891,0.44022566,0.0,2024-08-06 06:15:35.363021312,VNM,Vietnam
2024-08-06,16.446356,107.67111,19.262905,0.14365435,422.28644,0.46423525,0.0,2024-08-06 06:15:35.389012224,VNM,Vietnam
2024-08-06,16.482038,107.68058,19.271147,0.0864668,424.20602,0.40364113,0.0,2024-08-06 06:15:35.668994304,VNM,Vietnam
2024-08-06,16.47422,107.673645,19.26504,0.03317507,423.0027,0.35158038,0.0,2024-08-06 06:15:35.695991040,VNM,Vietnam
2024-08-06,16.458714,107.65961,19.252645,0.25648668,423.55258,0.46056747,0.0,2024-08-06 06:15:35.749018112,VNM,Vietnam
2024-08-06,16.405008,107.72339,19.309444,0.4241477,423.91135,0.4438287,0.0,2024-08-06 06:15:33.921025792,VNM,Vietnam
2024-08-06,16.461931,107.68504,19.275183,0.08635684,424.0723,0.40434352,0.0,2024-08-06 06:15:35.336025088,VNM,Vietnam
2024-08-06,16.466448,107.66666,19.258873,0.14338169,424.12555,0.40834254,0.0,2024-08-06 06:15:35.722987520,VNM,Vietnam
2024-08-06,16.469765,107.6919,19.281212,0.19889846,423.70987,0.33312154,0.0,2024-08-06 06:15:35.308988416,VNM,Vietnam
2024-08-06,16.433983,107.682556,19.273117,0.034334358,422.2618,0.42543992,0.0,2024-08-06 06:15:35.029006080,VNM,Vietnam
2024-08-06,16.44178,107.6895,19.279226,0.085769884,423.62793,0.43191668,0.0,2024-08-06 06:15:35.002009600,VNM,Vietnam
2024-08-06,16.4496,107.696365,19.285257,0.19819534,423.87717,0.4226744,0.0,2024-08-06 06:15:34.975013376,VNM,Vietnam
2024-08-06,16.45754,107.7032,19.291265,0.31223625,424.03543,0.39722046,0.0,2024-08-06 06:15:34.948016640,VNM,Vietnam
2024-08-06,16.364815,107.73236,19.317722,0.42417005,422.46445,0.37179542,0.0,2024-08-06 06:15:33.255006208,VNM,Vietnam
2024-08-06,16.372782,107.73906,19.32356,0.53766704,421.95465,0.43038544,0.0,2024-08-06 06:15:33.228009984,VNM,Vietnam
2024-08-06,16.341143,107.711754,19.299732,0.08399603,422.58286,0.3872706,0.0,2024-08-06 06:15:33.335995648,VNM,Vietnam
2024-08-06,16.376947,107.72108,19.307638,0.3101504,422.27527,0.4146797,0.0,2024-08-06 06:15:33.615012352,VNM,Vietnam
2024-08-06,16.34894,107.718666,19.305769,0.19614378,422.7853,0.3919407,0.0,2024-08-06 06:15:33.308999424,VNM,Vietnam
2024-08-06,16.324572,107.7415,19.32625,0.4246475,423.41275,0.39903715,0.0,2024-08-06 06:15:32.588021504,VNM,Vietnam
2024-08-06,16.332523,107.74822,19.332098,0.5381647,422.1434,0.38685608,0.0,2024-08-06 06:15:32.561990656,VNM,Vietnam
2024-08-06,15.454885,107.9104,19.504675,0.07661337,423.3631,0.45766988,0.0,2024-08-06 06:15:18.669006336,VNM,Vietnam
2024-08-06,16.421598,107.69395,19.283283,0.084880844,421.60123,0.35947758,0.0,2024-08-06 06:15:34.668999936,VNM,Vietnam
2024-08-06,16.429413,107.70081,19.289314,0.19725648,422.3949,0.38385987,0.0,2024-08-06 06:15:34.642003456,VNM,Vietnam
2024-08-06,16.437347,107.707664,19.295326,0.31128746,424.854,0.40462178,0.0,2024-08-06 06:15:34.615006976,VNM,Vietnam
2024-08-06,16.409225,107.70527,19.293396,0.19633213,422.08853,0.37066773,0.0,2024-08-06 06:15:34.308993792,VNM,Vietnam
2024-08-06,16.433096,107.72558,19.31117,0.5377274,422.79977,0.43130186,0.0,2024-08-06 06:15:34.228004352,VNM,Vietnam
2024-08-06,16.412987,107.73007,19.315279,0.5376502,424.15015,0.47371712,0.0,2024-08-06 06:15:33.894994688,VNM,Vietnam
2024-08-06,14.428791,108.13973,19.78888,0.0826258,423.33017,0.4571032,0.0,2024-08-06 06:15:01.669018112,VNM,Vietnam
2024-08-06,14.443252,108.15516,19.801216,0.3092815,420.55865,0.5188957,0.0,2024-08-06 06:15:01.615025152,VNM,Vietnam
2024-08-06,13.69572,108.29144,20.011145,0.05167002,423.051,0.62752515,0.0,2024-08-06 06:14:49.695999232,VNM,Vietnam
2024-08-06,13.709556,108.3075,20.02367,0.17844644,421.56372,0.5220636,0.0,2024-08-06 06:14:49.642006272,VNM,Vietnam
2024-08-06,13.515599,108.359856,20.09731,0.29443473,421.71906,0.6189043,0.0,2024-08-06 06:14:46.282016256,VNM,Vietnam
2024-08-06,13.469336,108.38879,20.129797,0.5209247,421.05627,0.53684056,0.0,2024-08-06 06:14:45.227988736,VNM,Vietnam
2024-08-06,11.333523,108.798965,20.903294,0.17432705,427.06763,0.43566844,0.0,2024-08-06 06:14:10.723005696,VNM,Vietnam
2024-08-06,14.410169,108.17179,19.81944,0.42280623,422.81973,0.53383595,0.0,2024-08-06 06:15:00.921003520,VNM,Vietnam
2024-08-06,14.508168,108.09366,19.739717,0.26178,423.10422,0.5418148,0.0,2024-08-06 06:15:03.416020992,VNM,Vietnam
2024-08-09,13.9511795,109.00168,77.36845,0.22336678,423.2912,0.979601,0.0,2024-08-09 10:11:36.292005632,VNM,Vietnam
2024-08-09,14.038412,109.03045,77.372246,1.0327275,422.22772,0.9157205,0.0,2024-08-09 10:11:35.426993152,VNM,Vietnam
2024-08-09,13.999408,109.00313,77.35636,0.31750092,421.88147,0.83768106,0.0,2024-08-09 10:11:35.679013376,VNM,Vietnam
2024-08-09,13.865889,109.10536,77.49406,0.31511977,423.52887,0.82542545,0.0,2024-08-09 10:11:38.346027776,VNM,Vietnam
2024-08-09,13.982667,109.01585,77.37351,0.31588307,422.33945,0.9227459,0.0,2024-08-09 10:11:36.012988672,VNM,Vietnam
2024-08-09,13.9975605,109.04268,77.39566,0.7909137,421.62057,0.94425577,0.0,2024-08-09 10:11:36.067021824,VNM,Vietnam
2024-08-09,13.964233,109.06828,77.43011,0.791264,423.04294,0.9429089,0.0,2024-08-09 10:11:36.733000704,VNM,Vietnam
2024-08-09,13.932673,109.05427,77.4252,0.31645906,421.922,0.9486774,0.0,2024-08-09 10:11:37.013023488,VNM,Vietnam
2024-08-09,14.023448,109.00363,77.35013,0.5501144,422.5857,0.8763062,0.0,2024-08-09 10:11:35.373000192,VNM,Vietnam
2024-08-09,13.949327,109.041435,77.40795,0.3158411,422.49002,0.87262195,0.0,2024-08-09 10:11:36.679008000,VNM,Vietnam
2024-08-09,14.076101,108.78067,76.89791,0.435392,421.67398,1.1961131,0.0,2024-08-09 23:30:07.472003840,VNM,Vietnam
2024-08-09,14.016006,108.9902,77.339035,0.31516814,422.30972,0.90674824,0.0,2024-08-09 10:11:35.346003712,VNM,Vietnam
2024-08-09,13.934526,109.01451,77.3857,0.22275515,423.4835,0.9667483,0.0,2024-08-09 10:11:36.625015296,VNM,Vietnam
2024-08-09,11.117863,106.54665,79.94086,0.4345316,421.78592,1.1873578,0.0,2024-08-09 23:29:08.472002048,VNM,Vietnam
2024-08-09,13.899309,109.079865,77.45967,0.31668326,423.22375,0.8837633,0.0,2024-08-09 10:11:37.679002624,VNM,Vietnam
2024-08-09,11.24213,106.60098,79.85101,0.28414786,421.6627,1.2023472,0.0,2024-08-09 23:29:10.526024448,VNM,Vietnam
2024-08-09,13.945049,108.62202,77.090164,0.4692103,423.36124,0.9945182,0.0,2024-08-09 23:30:04.219999744,VNM,Vietnam
2024-08-09,11.129612,106.5364,79.94767,0.2729018,422.9477,0.96616375,0.0,2024-08-09 23:29:08.498998528,VNM,Vietnam
2024-08-09,13.921479,108.64259,77.07623,0.2835837,422.92337,0.94443864,0.0,2024-08-09 23:30:04.166007040,VNM,Vietnam
2024-08-09,13.989967,108.63728,77.06288,0.68264705,425.20282,1.0713465,0.0,2024-08-09 23:30:04.914021376,VNM,Vietnam
2024-08-09,14.00655,108.650055,77.04577,0.6816776,422.46835,1.0740283,0.0,2024-08-09 23:30:05.246990848,VNM,Vietnam
2024-08-09,13.888294,109.14563,77.527275,1.0332506,422.77707,0.9534991,0.0,2024-08-09 10:11:38.427016960,VNM,Vietnam
2024-08-15,11.837968,108.70497,19.251335,15.222388,421.87357,0.5258175,0.0,2024-08-15 06:08:11.668988672,VNM,Vietnam
2024-08-15,11.834689,108.72497,19.269615,15.116447,421.348,0.47654143,0.0,2024-08-15 06:08:11.282026496,VNM,Vietnam
2024-08-15,11.819339,108.70909,19.256653,15.227931,421.0251,0.44975013,0.0,2024-08-15 06:08:11.336019200,VNM,Vietnam
2024-08-15,11.826948,108.71707,19.26318,15.171696,421.80112,0.47758654,0.0,2024-08-15 06:08:11.309022976,VNM,Vietnam
2024-08-15,11.842464,108.732834,19.276009,15.062669,421.61362,0.4740394,0.0,2024-08-15 06:08:11.254989824,VNM,Vietnam
2024-08-15,13.601434,108.32849,18.83565,14.696538,422.13986,0.44364053,0.0,2024-08-15 06:08:42.587992064,VNM,Vietnam
2024-08-15,13.503961,108.30518,18.81513,14.990569,420.6581,0.44991103,0.0,2024-08-15 06:08:41.723020032,VNM,Vietnam
2024-08-15,13.57224,108.3439,18.849432,14.652798,421.45587,0.4783878,0.0,2024-08-15 06:08:41.895016704,VNM,Vietnam
2024-08-15,13.563887,108.33695,18.843266,14.704835,422.9567,0.48195773,0.0,2024-08-15 06:08:41.921007360,VNM,Vietnam
2024-08-15,13.657519,108.31576,18.824327,14.6847515,422.89746,0.4944888,0.0,2024-08-15 06:08:43.588026880,VNM,Vietnam
2024-08-15,13.624335,108.2872,18.798811,14.907756,421.63858,0.44321376,0.0,2024-08-15 06:08:43.696012800,VNM,Vietnam
2024-08-15,13.616164,108.27988,18.79225,14.96681,421.309,0.41201875,0.0,2024-08-15 06:08:43.723009024,VNM,Vietnam
2024-08-15,13.643026,108.28295,18.795038,14.904136,421.962,0.45951533,0.0,2024-08-15 06:08:44.029022464,VNM,Vietnam
2024-08-15,11.800708,108.71322,19.261997,15.233447,421.7072,0.5075959,0.0,2024-08-15 06:08:11.002003968,VNM,Vietnam
2024-08-15,11.808319,108.72116,19.26848,15.177257,421.7741,0.4618783,0.0,2024-08-15 06:08:10.975007488,VNM,Vietnam
2024-08-15,13.496875,108.36135,18.86538,14.664853,421.80905,0.5283523,0.0,2024-08-15 06:08:40.562012416,VNM,Vietnam
2024-08-15,12.879831,108.50464,19.006916,14.786276,422.2622,0.51108307,0.0,2024-08-15 06:08:29.561991680,VNM,Vietnam
2024-08-15,13.515759,108.357,18.861378,14.661687,422.23483,0.51539594,0.0,2024-08-15 06:08:40.895022080,VNM,Vietnam
2024-08-15,13.507427,108.35001,18.855198,14.713856,422.6994,0.49569458,0.0,2024-08-15 06:08:40.921012992,VNM,Vietnam
2024-08-15,13.482633,108.32854,18.836176,14.879391,421.06168,0.41826054,0.0,2024-08-15 06:08:41.002001920,VNM,Vietnam
2024-08-15,11.797386,108.73334,19.2804,15.126781,420.3858,0.47015643,0.0,2024-08-15 06:08:10.615001088,VNM,Vietnam
2024-08-15,13.49328,108.316895,18.825684,14.934343,421.07022,0.4250117,0.0,2024-08-15 06:08:41.363013888,VNM,Vietnam
2024-08-15,13.553424,108.34823,18.853354,14.656018,422.04355,0.48086604,0.0,2024-08-15 06:08:41.562007040,VNM,Vietnam
2024-08-15,13.54508,108.341255,18.847178,14.708165,422.77103,0.492404,0.0,2024-08-15 06:08:41.587997696,VNM,Vietnam
2024-08-15,13.536741,108.334175,18.840895,14.761999,423.49927,0.4736025,0.0,2024-08-15 06:08:41.614994176,VNM,Vietnam
2024-08-15,13.52025,108.31981,18.828142,14.873658,421.81528,0.46255606,0.0,2024-08-15 06:08:41.668987136,VNM,Vietnam
2024-08-15,13.512085,108.312515,18.821653,14.931483,421.884,0.46932995,0.0,2024-08-15 06:08:41.696023808,VNM,Vietnam
2024-08-15,11.325267,108.811874,19.3983,15.393511,425.61514,0.43558347,0.0,2024-08-15 06:08:02.695993856,VNM,Vietnam
2024-08-15,11.336694,108.79921,19.385595,15.449384,421.64948,0.467817,0.0,2024-08-15 06:08:03.055999744,VNM,Vietnam
2024-08-15,13.501442,108.324165,18.832144,14.876539,421.77164,0.47283304,0.0,2024-08-15 06:08:41.336017664,VNM,Vietnam
2024-08-15,22.79341,106.07348,19.09835,14.868066,418.13757,0.5061046,0.0,2024-08-15 06:11:26.947994112,VNM,Vietnam
2024-08-15,22.801691,106.066666,19.097372,14.928962,418.25662,0.49155232,0.0,2024-08-15 06:11:27.309005824,VNM,Vietnam
2024-08-15,22.830677,106.063614,19.108051,14.877885,417.78574,0.44841567,0.0,2024-08-15 06:11:27.615019008,VNM,Vietnam
2024-08-15,22.81012,106.05993,19.096525,14.990624,418.88562,0.53336376,0.0,2024-08-15 06:11:27.669011968,VNM,Vietnam
2024-08-15,22.923985,106.03884,19.132584,14.901052,417.8357,0.47321898,0.0,2024-08-15 06:11:29.281998592,VNM,Vietnam
2024-08-15,16.452366,107.61593,18.41232,14.647134,421.6394,0.39092755,0.0,2024-08-15 06:09:34.388998656,VNM,Vietnam
2024-08-15,16.461428,107.62175,18.418636,14.587987,421.88754,0.37548208,0.0,2024-08-15 06:09:34.363008000,VNM,Vietnam
2024-08-15,16.471039,107.61159,18.411293,14.645297,420.68753,0.33391342,0.0,2024-08-15 06:09:34.723014400,VNM,Vietnam
2024-08-15,13.565986,108.318504,18.826805,14.809683,422.57175,0.46441746,0.0,2024-08-15 06:08:42.309015808,VNM,Vietnam
2024-08-15,16.470522,107.627495,18.424887,14.530149,421.2021,0.3872352,0.0,2024-08-15 06:09:34.336011776,VNM,Vietnam
2024-08-15,16.432756,107.65217,18.440662,14.421554,421.48322,0.4276124,0.0,2024-08-15 06:09:33.282024448,VNM,Vietnam
2024-08-15,16.564322,107.58898,18.405575,14.644473,422.89542,0.39456955,0.0,2024-08-15 06:09:36.388987904,VNM,Vietnam
2024-08-15,16.545149,107.60958,18.420425,14.527173,421.70395,0.34989923,0.0,2024-08-15 06:09:35.669015808,VNM,Vietnam
2024-08-15,16.508312,107.602585,18.408985,14.644597,420.83966,0.3965101,0.0,2024-08-15 06:09:35.388993280,VNM,Vietnam
2024-08-15,13.699082,108.27039,18.784012,14.894165,423.03857,0.5142482,0.0,2024-08-15 06:08:45.029017088,VNM,Vietnam
2024-08-15,13.593074,108.32145,18.829382,14.750248,423.26495,0.48504642,0.0,2024-08-15 06:08:42.614988800,VNM,Vietnam
2024-08-15,13.568351,108.29988,18.810165,14.919387,422.6281,0.48685938,0.0,2024-08-15 06:08:42.696018176,VNM,Vietnam
2024-08-15,13.5602045,108.29257,18.803642,14.97837,422.4014,0.48367825,0.0,2024-08-15 06:08:42.723014656,VNM,Vietnam
2024-08-15,13.552095,108.285164,18.797028,15.038678,421.95807,0.48303428,0.0,2024-08-15 06:08:42.749005312,VNM,Vietnam
2024-08-15,13.603457,108.31009,18.81924,14.801484,422.1481,0.47901767,0.0,2024-08-15 06:08:42.974994688,VNM,Vietnam
2024-08-15,13.578859,108.288635,18.800116,14.974184,423.5397,0.48601004,0.0,2024-08-15 06:08:43.056024320,VNM,Vietnam
2024-08-15,13.647229,108.326935,18.83426,14.636566,420.8115,0.4582692,0.0,2024-08-15 06:08:43.228020992,VNM,Vietnam
2024-08-15,13.664101,108.26008,18.774652,15.016221,423.75662,0.5261585,0.0,2024-08-15 06:08:44.748994304,VNM,Vietnam
2024-08-15,13.707319,108.27766,18.790537,14.836252,423.04852,0.49417076,0.0,2024-08-15 06:08:45.002020608,VNM,Vietnam
2024-08-15,16.498306,107.62877,18.430017,14.472012,422.6543,0.36334372,0.0,2024-08-15 06:09:34.642024960,VNM,Vietnam
2024-08-15,16.489204,107.62313,18.423857,14.528316,420.58173,0.3470299,0.0,2024-08-15 06:09:34.669021440,VNM,Vietnam
2024-08-15,16.498756,107.61292,18.41648,14.585461,421.3553,0.39027753,0.0,2024-08-15 06:09:35.028987136,VNM,Vietnam
2024-08-15,16.526505,107.61412,18.421572,14.52734,421.15125,0.40927687,0.0,2024-08-15 06:09:35.336006144,VNM,Vietnam
2024-08-15,13.584746,108.31431,18.823023,14.805496,422.5201,0.45386782,0.0,2024-08-15 06:08:42.642025472,VNM,Vietnam
2024-08-15,13.557784,108.31132,18.820412,14.865885,421.88327,0.47468206,0.0,2024-08-15 06:08:42.336012032,VNM,Vietnam
2024-08-15,13.591021,108.33965,18.8456,14.648679,420.77814,0.47621682,0.0,2024-08-15 06:08:42.228026368,VNM,Vietnam
2024-08-15,13.522717,108.300934,18.811241,14.986741,421.6331,0.47019142,0.0,2024-08-15 06:08:42.055989504,VNM,Vietnam
2024-08-15,13.539028,108.31554,18.824238,14.870034,422.45966,0.4750025,0.0,2024-08-15 06:08:42.001996544,VNM,Vietnam
2024-08-15,13.547225,108.3227,18.83061,14.813848,421.97815,0.46811157,0.0,2024-08-15 06:08:41.975000064,VNM,Vietnam
2024-08-15,13.555539,108.329865,18.836971,14.758584,423.22064,0.47773138,0.0,2024-08-15 06:08:41.948003840,VNM,Vietnam
2024-08-15,13.613893,108.29867,18.80905,14.853877,421.78256,0.47780043,0.0,2024-08-15 06:08:43.336006656,VNM,Vietnam
2024-08-15,13.597517,108.28414,18.79606,14.970619,423.20227,0.52874076,0.0,2024-08-15 06:08:43.388993792,VNM,Vietnam
2024-08-15,13.696903,108.289055,18.800661,14.782808,423.68338,0.507962,0.0,2024-08-15 06:08:44.642014464,VNM,Vietnam
2024-08-15,13.574305,108.325676,18.833189,14.754404,422.09616,0.46951145,0.0,2024-08-15 06:08:42.282019072,VNM,Vietnam
2024-08-15,16.469883,107.65859,18.451431,14.315137,420.69333,0.38226178,0.0,2024-08-15 06:09:33.562006784,VNM,Vietnam
2024-08-15,16.47014,107.643135,18.438242,14.420306,422.06506,0.3937535,0.0,2024-08-15 06:09:33.948003328,VNM,Vietnam
2024-08-15,16.45184,107.63186,18.42594,14.531962,422.45724,0.39038533,0.0,2024-08-15 06:09:34.001996288,VNM,Vietnam
2024-08-15,16.44275,107.62611,18.419695,14.589794,420.53955,0.3499747,0.0,2024-08-15 06:09:34.028992768,VNM,Vietnam
2024-08-31,21.534788,107.99281,23.841408,0.10673105,426.1829,0.4384809,0.0,2024-08-31 06:11:01.389009664,VNM,Vietnam
2024-08-31,21.514517,107.99757,23.833935,0.108485825,427.7153,0.60775,0.0,2024-08-31 06:11:01.056000000,VNM,Vietnam
2024-08-31,21.543678,107.999115,23.849554,0.23869471,427.5987,0.57079726,0.0,2024-08-31 06:11:00.975010560,VNM,Vietnam
2024-09-14,19.682535,105.23174,27.213488,0.13138787,421.89822,0.5575166,0.0,2024-09-14 06:23:16.668988416,VNM,Vietnam
2024-09-14,19.683304,105.22793,27.212217,0.12075724,422.88458,0.6073808,0.0,2024-09-14 06:23:17.055991040,VNM,Vietnam
2024-09-14,19.69302,105.22759,27.217371,0.056006495,422.1153,0.57848424,0.0,2024-09-14 06:23:17.028994560,VNM,Vietnam
2024-09-14,19.793839,105.20464,27.262205,0.05925914,422.23224,0.5470676,0.0,2024-09-14 06:23:18.696014336,VNM,Vietnam
2024-09-14,19.793097,105.208336,27.26339,0.24280025,421.48984,0.5321272,0.0,2024-09-14 06:23:18.309011712,VNM,Vietnam
2024-09-14,19.773703,105.20933,27.253302,0.059501324,421.08136,0.5842006,0.0,2024-09-14 06:23:18.363004672,VNM,Vietnam
2024-09-16,19.939081,105.664566,66.364655,0.7333442,423.26096,1.1924253,0.0,2024-09-16 09:14:47.391002368,VNM,Vietnam
2024-09-16,19.963383,105.725296,66.42776,0.33899057,422.7958,1.1901655,0.0,2024-09-16 09:14:48.337004288,VNM,Vietnam
2024-09-16,19.702429,105.58583,66.251396,0.8374942,423.5631,0.9147788,0.0,2024-09-16 09:14:43.895990272,VNM,Vietnam
2024-09-16,19.24526,105.12421,65.7289,0.33597627,425.98526,0.9048409,0.0,2024-09-16 09:14:33.671020544,VNM,Vietnam
2024-09-16,17.25327,106.78371,25.206911,20.037317,422.1623,0.50677687,0.0,2024-09-16 06:10:39.749014272,VNM,Vietnam
2024-09-16,17.258804,106.79325,25.215002,19.787992,422.4908,0.3892311,0.0,2024-09-16 06:10:38.975009536,VNM,Vietnam
2024-09-16,19.83712,105.63908,66.32408,0.2900482,422.97128,1.0249883,0.0,2024-09-16 09:14:45.977008896,VNM,Vietnam
2024-09-16,17.24814,106.79328,25.209194,19.845577,420.0484,0.6182096,0.0,2024-09-16 06:10:39.002005760,VNM,Vietnam
2024-09-16,17.25608,106.78864,25.211113,19.910292,421.68622,0.4077317,0.0,2024-09-16 06:10:39.363017472,VNM,Vietnam
2024-09-16,17.245363,106.788506,25.205141,19.970331,421.7399,0.5066692,0.0,2024-09-16 06:10:39.389008384,VNM,Vietnam
2024-09-16,17.234627,106.78828,25.199085,20.03152,419.21613,0.6575333,0.0,2024-09-16 06:10:39.416004608,VNM,Vietnam
2024-09-16,17.261635,106.79756,25.218714,19.669563,420.78302,0.6292308,0.0,2024-09-16 06:10:38.588006656,VNM,Vietnam
2024-09-16,17.250908,106.79776,25.213003,19.725027,420.86368,0.64103246,0.0,2024-09-16 06:10:38.615003136,VNM,Vietnam
2024-09-16,19.816559,105.60188,66.28455,0.3362446,424.01874,0.97845703,0.0,2024-09-16 09:14:45.337020416,VNM,Vietnam
2024-09-16,19.771765,105.58415,66.26034,0.28721416,422.4117,0.88052446,0.0,2024-09-16 09:14:44.644004864,VNM,Vietnam
2024-09-16,19.914606,105.68407,66.37996,0.34026003,421.06598,1.4152709,0.0,2024-09-16 09:14:47.337009664,VNM,Vietnam
2024-10-02,21.648046,107.77595,34.230244,0.5819431,426.20618,0.7026526,0.0,2024-10-02 06:11:46.227993856,VNM,Vietnam
2024-10-05,21.466715,103.29976,49.145214,0.9444778,421.0228,0.65860957,0.0,2024-10-05 02:05:45.378989056,VNM,Vietnam
2024-10-05,21.448353,103.345116,49.09842,0.3311185,423.48022,0.57465184,0.0,2024-10-05 02:05:45.631009280,VNM,Vietnam
2024-10-05,21.515219,103.34192,49.129345,0.9436776,423.6831,0.6579609,0.0,2024-10-05 02:05:46.379023872,VNM,Vietnam
2024-10-05,21.5314,103.35593,49.124123,0.94420654,423.04196,0.6394167,0.0,2024-10-05 02:05:46.711993344,VNM,Vietnam
2024-10-05,21.59386,103.47157,49.051167,0.33175737,421.83997,0.56367445,0.0,2024-10-05 02:05:48.630993152,VNM,Vietnam
2024-10-05,21.482687,103.45669,49.016834,0.85134184,421.9518,0.5998323,0.0,2024-10-05 02:05:47.190003200,VNM,Vietnam
2024-10-05,21.545422,103.42934,49.066925,0.33217293,423.83682,0.55251855,0.0,2024-10-05 02:05:47.630998528,VNM,Vietnam
2024-10-05,21.56848,103.40846,49.094627,0.7182452,422.5374,0.77827674,0.0,2024-10-05 02:05:47.684991232,VNM,Vietnam
2024-10-05,21.56151,103.443436,49.06162,0.33116984,422.04755,0.56230533,0.0,2024-10-05 02:05:47.964008192,VNM,Vietnam
2024-10-05,21.5846,103.422554,49.089344,0.7168437,423.48032,0.61468536,0.0,2024-10-05 02:05:48.018001152,VNM,Vietnam
2024-10-05,21.577755,103.45744,49.05647,0.3323969,421.68954,0.5638222,0.0,2024-10-05 02:05:48.298023680,VNM,Vietnam
2024-10-05,21.589262,103.447044,49.07028,0.5033119,422.56326,0.6056279,0.0,2024-10-05 02:05:48.325020160,VNM,Vietnam
2024-10-05,21.600792,103.43662,49.08412,0.71727914,422.2198,0.69360375,0.0,2024-10-05 02:05:48.352016384,VNM,Vietnam
2024-10-05,21.547707,103.369804,49.119076,0.9474418,421.49942,0.6947872,0.0,2024-10-05 02:05:47.045003008,VNM,Vietnam
2024-10-05,21.679113,103.56646,49.006027,0.293772,422.49545,0.54875433,0.0,2024-10-05 02:05:50.604026112,VNM,Vietnam
2024-10-05,21.455189,103.31025,49.13133,0.7153948,420.40515,0.6926647,0.0,2024-10-05 02:05:45.351992576,VNM,Vietnam
2024-10-05,21.62847,103.44021,49.09278,0.94605553,421.18127,0.7056325,0.0,2024-10-05 02:05:48.712022528,VNM,Vietnam
2024-10-05,21.59835,103.49606,49.032032,0.29307693,422.4682,0.6350522,0.0,2024-10-05 02:05:48.937006336,VNM,Vietnam
2024-10-05,21.609962,103.48566,49.045906,0.3309608,422.93604,0.5979171,0.0,2024-10-05 02:05:48.964002560,VNM,Vietnam
2024-10-05,21.579554,103.54111,48.98535,0.8535802,422.97928,0.70378155,0.0,2024-10-05 02:05:49.189992192,VNM,Vietnam
2024-10-05,21.602829,103.52051,49.012947,0.4261676,422.26462,0.6987979,0.0,2024-10-05 02:05:49.244025344,VNM,Vietnam
2024-10-05,21.64223,103.51384,49.035435,0.33044803,422.01602,0.65251684,0.0,2024-10-05 02:05:49.630987520,VNM,Vietnam
2024-10-05,21.611902,103.56925,48.97496,0.8521735,423.12335,0.714863,0.0,2024-10-05 02:05:49.856011520,VNM,Vietnam
2024-10-05,23.103182,104.86918,48.539074,0.62518126,421.16373,0.7220258,0.0,2024-10-05 02:06:20.549991168,VNM,Vietnam
2024-10-05,21.616951,103.45068,49.078903,0.7174674,421.79453,0.7273311,0.0,2024-10-05 02:05:48.685026048,VNM,Vietnam
2024-10-05,21.438969,103.29627,49.13655,0.71430916,421.89212,0.62905,0.0,2024-10-05 02:05:45.018017280,VNM,Vietnam
2024-10-05,21.88178,103.78473,48.906376,0.6281635,420.86462,0.7794614,0.0,2024-10-05 02:05:55.216996352,VNM,Vietnam
2024-10-05,21.724918,103.667915,48.938694,0.8519099,423.2018,0.6803515,0.0,2024-10-05 02:05:52.190016256,VNM,Vietnam
2024-10-05,21.764431,103.661316,48.961296,0.4242438,422.96106,0.701489,0.0,2024-10-05 02:05:52.577018624,VNM,Vietnam
2024-10-05,21.792242,103.66505,48.97005,0.29347822,422.85532,0.64531845,0.0,2024-10-05 02:05:52.937024768,VNM,Vietnam
2024-10-05,21.129147,103.089554,49.18603,0.2929678,423.76373,0.5330459,0.0,2024-10-05 02:05:39.270995712,VNM,Vietnam
2024-10-05,21.575092,103.51666,49.004448,0.62795603,420.9456,0.7576355,0.0,2024-10-05 02:05:48.883013376,VNM,Vietnam
2024-10-05,21.732098,103.63322,48.971493,0.4254706,423.37564,0.6858046,0.0,2024-10-05 02:05:51.909993728,VNM,Vietnam
2024-10-05,21.720415,103.64358,48.957607,0.6285476,423.81973,0.74499315,0.0,2024-10-05 02:05:51.882996992,VNM,Vietnam
2024-10-05,21.73001,103.54922,49.042538,0.7176275,423.9016,0.64109457,0.0,2024-10-05 02:05:51.018024960,VNM,Vietnam
2024-10-05,21.805601,103.73853,48.912956,0.85279167,420.7404,0.61764854,0.0,2024-10-05 02:05:53.855990016,VNM,Vietnam
2024-10-05,21.81729,103.7282,48.926823,0.628338,422.20273,0.6932702,0.0,2024-10-05 02:05:53.882986240,VNM,Vietnam
2024-10-05,21.845072,103.732,48.935555,0.4260231,421.29593,0.70610034,0.0,2024-10-05 02:05:54.243998208,VNM,Vietnam
2024-10-05,21.872774,103.73579,48.944267,0.29417515,420.9034,0.6329326,0.0,2024-10-05 02:05:54.604004352,VNM,Vietnam
2024-10-05,21.854012,103.780846,48.897686,0.8519862,422.5595,0.6632121,0.0,2024-10-05 02:05:54.856024832,VNM,Vietnam
2024-10-05,21.796682,103.68961,48.95095,0.42556491,421.71704,0.7051278,0.0,2024-10-05 02:05:53.244003840,VNM,Vietnam
2024-10-05,21.785027,103.69996,48.937084,0.62795055,421.19626,0.7200554,0.0,2024-10-05 02:05:53.217007104,VNM,Vietnam
2024-10-05,21.660326,103.61156,48.95933,0.8521587,423.2207,0.58431774,0.0,2024-10-05 02:05:50.856006144,VNM,Vietnam
2024-10-05,21.801088,103.7141,48.9319,0.6288143,421.06912,0.71798223,0.0,2024-10-05 02:05:53.550016768,VNM,Vietnam
2024-10-05,21.563444,103.526955,48.990658,0.8524601,422.62787,0.6900934,0.0,2024-10-05 02:05:48.856017152,VNM,Vietnam
2024-10-05,22.627705,104.31907,48.78231,0.95084596,421.0632,0.77829677,0.0,2024-10-05 02:06:09.379019776,VNM,Vietnam
2024-10-05,23.203537,104.98042,48.49327,0.84668785,422.73825,0.6418571,0.0,2024-10-05 02:06:22.855993600,VNM,Vietnam
2024-10-05,23.187447,104.96607,48.49769,0.84850186,422.745,0.62341887,0.0,2024-10-05 02:06:22.523024128,VNM,Vietnam
2024-10-05,23.123507,104.9083,48.515976,0.8476825,423.48343,0.6580739,0.0,2024-10-05 02:06:21.190019840,VNM,Vietnam
2024-10-05,21.057278,103.06828,49.174774,0.6297226,421.44342,0.680541,0.0,2024-10-05 02:05:38.217008128,VNM,Vietnam
2024-10-05,21.124544,103.06511,49.20532,0.32913464,422.57895,0.53377646,0.0,2024-10-05 02:05:38.964016640,VNM,Vietnam
2024-10-05,21.168451,103.08266,49.20828,0.49978143,422.7971,0.5409719,0.0,2024-10-05 02:05:39.657998080,VNM,Vietnam
2024-10-05,21.105942,103.11019,49.158524,0.62922066,422.84,0.6424095,0.0,2024-10-05 02:05:39.217002752,VNM,Vietnam
2024-10-05,21.117546,103.099884,49.17227,0.4262212,423.2046,0.61535984,0.0,2024-10-05 02:05:39.243998976,VNM,Vietnam
2024-10-05,23.11491,104.858864,48.553066,0.42427927,421.517,0.71478254,0.0,2024-10-05 02:06:20.576987392,VNM,Vietnam
2024-10-05,21.140738,103.079124,49.199867,0.32921794,422.8083,0.50966007,0.0,2024-10-05 02:05:39.297991936,VNM,Vietnam
2024-10-05,21.16378,103.05821,49.227516,0.7145031,422.61465,0.6534372,0.0,2024-10-05 02:05:39.352025088,VNM,Vietnam
2024-10-05,21.122143,103.12413,49.15315,0.62855524,421.38733,0.67454565,0.0,2024-10-05 02:05:39.550012416,VNM,Vietnam
2024-10-05,21.228527,103.11415,49.205917,0.714951,422.83044,0.74011225,0.0,2024-10-05 02:05:40.684988928,VNM,Vietnam
2024-10-05,21.145359,103.10347,49.18068,0.29238826,422.55963,0.54228264,0.0,2024-10-05 02:05:39.604005376,VNM,Vietnam
2024-10-05,21.179972,103.072205,49.222103,0.7141497,422.89108,0.6246277,0.0,2024-10-05 02:05:39.684994560,VNM,Vietnam
2024-10-05,21.19147,103.06172,49.23594,0.9429174,421.4206,0.63182014,0.0,2024-10-05 02:05:39.711990784,VNM,Vietnam
2024-10-05,21.156939,103.09307,49.19449,0.32922193,422.30927,0.49407327,0.0,2024-10-05 02:05:39.631001600,VNM,Vietnam
2024-10-05,21.240023,103.10368,49.219746,0.94381726,424.01263,0.7455195,0.0,2024-10-05 02:05:40.712025600,VNM,Vietnam
2024-10-05,21.233185,103.13859,49.186707,0.49982542,422.57697,0.6209053,0.0,2024-10-05 02:05:40.991002368,VNM,Vietnam
2024-10-05,21.237959,103.16295,49.167618,0.33006898,422.12842,0.5528651,0.0,2024-10-05 02:05:41.298021376,VNM,Vietnam
2024-10-05,21.249422,103.15254,49.181385,0.5005917,422.77496,0.65397716,0.0,2024-10-05 02:05:41.325017856,VNM,Vietnam
2024-10-05,21.20313,103.19403,49.126225,0.6283682,423.53256,0.6657743,0.0,2024-10-05 02:05:41.216992000,VNM,Vietnam
2024-10-05,21.272425,103.13166,49.20901,0.9430314,422.3448,0.6903505,0.0,2024-10-05 02:05:41.379010560,VNM,Vietnam
2024-10-05,21.219273,103.20807,49.120792,0.6290377,421.99536,0.6128285,0.0,2024-10-05 02:05:41.550001664,VNM,Vietnam
2024-10-05,21.242567,103.18735,49.148434,0.29254085,421.66223,0.588137,0.0,2024-10-05 02:05:41.603994368,VNM,Vietnam
2024-10-05,21.254187,103.17691,49.162296,0.33060837,420.89023,0.5674915,0.0,2024-10-05 02:05:41.630990848,VNM,Vietnam
2024-10-05,21.265707,103.166466,49.17612,0.5022111,422.31238,0.6248371,0.0,2024-10-05 02:05:41.658027520,VNM,Vietnam
2024-10-05,21.288689,103.1456,49.203735,0.9450225,420.7493,0.72637606,0.0,2024-10-05 02:05:41.712020480,VNM,Vietnam
2024-10-05,21.226389,103.17334,49.153812,0.29248694,422.97784,0.58908015,0.0,2024-10-05 02:05:41.271024896,VNM,Vietnam
2024-10-05,21.270271,103.190994,49.15682,0.32930776,421.5264,0.6013807,0.0,2024-10-05 02:05:41.964000512,VNM,Vietnam
2024-10-05,21.281742,103.18058,49.170605,0.4998284,421.71872,0.61119926,0.0,2024-10-05 02:05:41.990996736,VNM,Vietnam
2024-10-05,21.29324,103.17015,49.184402,0.7142204,422.2022,0.75033665,0.0,2024-10-05 02:05:42.017993472,VNM,Vietnam
2024-10-05,21.304777,103.15967,49.198273,0.94304997,421.28348,0.72738135,0.0,2024-10-05 02:05:42.044989952,VNM,Vietnam
2024-10-05,21.2749,103.21537,49.137676,0.29258126,422.0724,0.55512017,0.0,2024-10-05 02:05:42.271019520,VNM,Vietnam
2024-10-05,21.256155,103.2604,49.090916,0.8540996,422.86664,0.5919055,0.0,2024-10-05 02:05:42.522999808,VNM,Vietnam
2024-10-05,21.314106,103.2086,49.15989,0.4991428,421.73816,0.57982874,0.0,2024-10-05 02:05:42.658021888,VNM,Vietnam
2024-10-05,21.341835,103.21218,49.168377,0.7136101,422.72205,0.6737707,0.0,2024-10-05 02:05:43.018028288,VNM,Vietnam
2024-10-05,21.353327,103.20172,49.182213,0.9421691,422.26025,0.65602964,0.0,2024-10-05 02:05:43.045024512,VNM,Vietnam
2024-10-05,21.288565,103.28835,49.080303,0.8539049,421.9391,0.61458147,0.0,2024-10-05 02:05:43.190024960,VNM,Vietnam
2024-10-05,21.311852,103.26773,49.107872,0.4255839,421.72803,0.6852756,0.0,2024-10-05 02:05:43.244017664,VNM,Vietnam
2024-10-05,21.335062,103.24699,49.1355,0.3301685,421.77466,0.5786792,0.0,2024-10-05 02:05:43.298010624,VNM,Vietnam
2024-10-05,21.32562,103.198166,49.173706,0.71355134,421.72028,0.68385524,0.0,2024-10-05 02:05:42.685018624,VNM,Vietnam
2024-10-05,21.401918,103.24377,49.166267,0.9428237,421.0251,0.6923904,0.0,2024-10-05 02:05:44.045019136,VNM,Vietnam
2024-10-05,21.337042,103.33051,49.064217,0.854848,421.60983,0.6035899,0.0,2024-10-05 02:05:44.190019328,VNM,Vietnam
2024-10-05,22.583933,104.30098,48.7779,0.7210113,421.25882,0.77642494,0.0,2024-10-05 02:06:08.684998144,VNM,Vietnam
2024-10-05,22.061779,103.88106,48.90243,0.3327009,421.8242,0.58007216,0.0,2024-10-05 02:05:58.298009600,VNM,Vietnam
2024-10-05,22.084965,103.86017,48.930294,0.7173675,422.56842,0.64716953,0.0,2024-10-05 02:05:58.352002560,VNM,Vietnam
2024-10-05,22.503653,104.229645,48.80209,0.72088516,420.87842,0.7434365,0.0,2024-10-05 02:06:07.018018816,VNM,Vietnam
2024-10-05,22.42771,104.1831,48.807545,0.5055473,422.24832,0.6452809,0.0,2024-10-05 02:06:05.658018048,VNM,Vietnam
2024-10-05,22.487537,104.2154,48.806915,0.720187,422.42053,0.72160023,0.0,2024-10-05 02:06:06.685008896,VNM,Vietnam
2024-10-05,22.429262,104.26741,48.737087,0.62760025,423.48483,0.6924742,0.0,2024-10-05 02:06:06.550027008,VNM,Vietnam
2024-10-05,22.483078,104.19066,48.825787,0.9484623,422.4373,0.75159276,0.0,2024-10-05 02:06:06.378995968,VNM,Vietnam
2024-10-05,22.413256,104.253105,48.74203,0.62676233,422.908,0.65881926,0.0,2024-10-05 02:06:06.217017088,VNM,Vietnam
2024-10-05,22.467043,104.176384,48.830692,0.9500828,423.90796,0.6816655,0.0,2024-10-05 02:06:06.045020672,VNM,Vietnam
2024-10-05,22.455475,104.18686,48.816715,0.7213624,423.6416,0.687382,0.0,2024-10-05 02:06:06.018023936,VNM,Vietnam
2024-10-05,22.096502,103.8497,48.944225,0.9460877,423.44403,0.6654441,0.0,2024-10-05 02:05:58.378999040,VNM,Vietnam
2024-10-05,22.369312,104.23496,48.737797,0.8513479,422.52643,0.6669321,0.0,2024-10-05 02:06:05.522995456,VNM,Vietnam
2024-10-05,21.985733,103.834694,48.908813,0.29394513,422.2261,0.65527517,0.0,2024-10-05 02:05:56.937003008,VNM,Vietnam
2024-10-05,22.620607,104.35424,48.74957,0.50770825,422.0164,0.6871885,0.0,2024-10-05 02:06:09.657996288,VNM,Vietnam
2024-10-05,22.608986,104.36463,48.735615,0.3363649,421.20782,0.6569846,0.0,2024-10-05 02:06:09.630999808,VNM,Vietnam
2024-10-05,22.597345,104.37501,48.72167,0.29548278,421.22168,0.666687,0.0,2024-10-05 02:06:09.604003328,VNM,Vietnam
2024-10-05,22.585676,104.38535,48.70773,0.42438558,421.18997,0.72849977,0.0,2024-10-05 02:06:09.577007104,VNM,Vietnam
2024-10-05,22.512575,104.27902,48.764477,0.33601668,421.9573,0.60178924,0.0,2024-10-05 02:06:07.631010816,VNM,Vietnam
2024-10-05,22.026867,103.91212,48.860783,0.6286057,421.28757,0.6553851,0.0,2024-10-05 02:05:58.217020160,VNM,Vietnam
2024-10-05,22.06896,103.84587,48.935486,0.7197209,421.5456,0.7375418,0.0,2024-10-05 02:05:58.018027264,VNM,Vietnam
2024-10-05,22.045748,103.866776,48.907597,0.3337031,421.8581,0.6163901,0.0,2024-10-05 02:05:57.963994112,VNM,Vietnam
2024-10-05,22.029657,103.8526,48.91266,0.33388618,422.10995,0.57069016,0.0,2024-10-05 02:05:57.631024896,VNM,Vietnam
2024-10-05,22.015188,103.92241,48.846935,0.8524051,421.88776,0.5699007,0.0,2024-10-05 02:05:58.190023936,VNM,Vietnam
2024-10-05,22.376745,104.19999,48.770645,0.42443982,423.47827,0.6814441,0.0,2024-10-05 02:06:05.244018944,VNM,Vietnam
2024-10-05,22.52868,104.29327,48.759674,0.33643088,421.7998,0.5893583,0.0,2024-10-05 02:06:07.964020224,VNM,Vietnam
2024-10-05,22.551888,104.27245,48.787575,0.72153986,422.09006,0.7029955,0.0,2024-10-05 02:06:08.018013184,VNM,Vietnam
2024-10-05,22.56345,104.26201,48.80153,0.9499354,421.4072,0.7469048,0.0,2024-10-05 02:06:08.045009664,VNM,Vietnam
2024-10-05,22.544676,104.3075,48.75484,0.3353149,421.79752,0.6595596,0.0,2024-10-05 02:06:08.297995520,VNM,Vietnam
2024-10-05,22.556295,104.29711,48.768787,0.5065274,420.6314,0.6267132,0.0,2024-10-05 02:06:08.324992256,VNM,Vietnam
2024-10-05,22.579412,104.27627,48.796665,0.9491165,420.89365,0.757984,0.0,2024-10-05 02:06:08.379025152,VNM,Vietnam
2024-10-05,22.525738,104.352875,48.708164,0.62663525,421.62646,0.7648778,0.0,2024-10-05 02:06:08.550016000,VNM,Vietnam
2024-10-05,22.616167,104.3295,48.76837,0.7226959,421.5196,0.7581594,0.0,2024-10-05 02:06:09.352023296,VNM,Vietnam
2024-10-05,22.537436,104.34253,48.72212,0.4247842,420.6091,0.7211572,0.0,2024-10-05 02:06:08.577012480,VNM,Vietnam
2024-10-05,22.560741,104.3218,48.75,0.33546415,421.68973,0.6411704,0.0,2024-10-05 02:06:08.631005184,VNM,Vietnam
2024-10-05,22.595509,104.29052,48.791878,0.94975096,421.415,0.7666371,0.0,2024-10-05 02:06:08.711994624,VNM,Vietnam
2024-10-05,22.553581,104.356735,48.717396,0.42377853,421.2977,0.7664647,0.0,2024-10-05 02:06:08.910022144,VNM,Vietnam
2024-10-05,22.576876,104.33604,48.745255,0.336535,421.80173,0.65687263,0.0,2024-10-05 02:06:08.964015104,VNM,Vietnam
2024-10-05,22.588491,104.325645,48.759197,0.5079434,420.90256,0.6772483,0.0,2024-10-05 02:06:08.991011328,VNM,Vietnam
2024-10-05,22.600067,104.31524,48.77314,0.72217566,421.58676,0.79214877,0.0,2024-10-05 02:06:09.018007808,VNM,Vietnam
2024-10-05,22.61166,104.30478,48.78713,0.950734,423.06842,0.77678263,0.0,2024-10-05 02:06:09.045004288,VNM,Vietnam
2024-10-05,22.581402,104.36065,48.726585,0.29553398,421.59372,0.6434844,0.0,2024-10-05 02:06:09.270993664,VNM,Vietnam
2024-10-05,22.593016,104.35029,48.74051,0.33755457,421.7799,0.6175886,0.0,2024-10-05 02:06:09.297990400,VNM,Vietnam
2024-10-05,22.549099,104.33218,48.736053,0.29525194,421.6064,0.6742868,0.0,2024-10-05 02:06:08.604008960,VNM,Vietnam
2024-10-05,22.493687,104.32425,48.717926,0.6256986,421.52197,0.7374571,0.0,2024-10-05 02:06:07.882990848,VNM,Vietnam
2024-10-05,22.632183,104.34383,48.76352,0.7217796,421.57806,0.78599924,0.0,2024-10-05 02:06:09.684992768,VNM,Vietnam
2024-10-05,22.52419,104.26862,48.778423,0.50700605,421.58215,0.65049237,0.0,2024-10-05 02:06:07.658007040,VNM,Vietnam
2024-10-05,22.531305,104.23343,48.811237,0.948722,422.10413,0.6926387,0.0,2024-10-05 02:06:07.378990336,VNM,Vietnam
2024-10-05,22.04299,103.92624,48.855797,0.62790364,422.72858,0.6300161,0.0,2024-10-05 02:05:58.549989632,VNM,Vietnam
2024-10-05,22.589975,104.41001,48.688923,0.6267679,422.71893,0.7050514,0.0,2024-10-05 02:06:09.883020288,VNM,Vietnam
2024-10-05,22.624956,104.378975,48.730736,0.33514065,421.35468,0.6569758,0.0,2024-10-05 02:06:09.964009472,VNM,Vietnam
2024-10-05,22.636583,104.36858,48.74469,0.5059819,421.64682,0.6943675,0.0,2024-10-05 02:06:09.991005952,VNM,Vietnam
2024-10-05,22.606016,104.42439,48.684055,0.62726086,421.51584,0.66499025,0.0,2024-10-05 02:06:10.216995584,VNM,Vietnam
2024-10-05,22.562246,104.406006,48.679832,0.85002184,420.0002,0.718157,0.0,2024-10-05 02:06:09.523014144,VNM,Vietnam
2024-10-05,22.604605,104.339905,48.754436,0.5088046,421.13663,0.64661926,0.0,2024-10-05 02:06:09.325027072,VNM,Vietnam
2024-10-05,22.641031,104.393295,48.725933,0.33555454,420.5767,0.69129944,0.0,2024-10-05 02:06:10.298025216,VNM,Vietnam
2024-10-05,22.666014,104.45688,48.6838,0.42407092,420.86182,0.6305622,0.0,2024-10-05 02:06:11.244026624,VNM,Vietnam
2024-10-05,22.769506,104.50774,48.68794,0.33653915,419.77655,0.65890706,0.0,2024-10-05 02:06:12.963993344,VNM,Vietnam
2024-10-05,22.810465,104.58574,48.64124,0.42358106,421.46436,0.6589315,0.0,2024-10-05 02:06:14.244010496,VNM,Vietnam
2024-10-05,22.83383,104.565,48.6692,0.33768356,422.0408,0.6174307,0.0,2024-10-05 02:06:14.298003200,VNM,Vietnam
2024-10-05,22.802992,104.620766,48.60853,0.84929734,422.94827,0.6990545,0.0,2024-10-05 02:06:14.522987008,VNM,Vietnam
2024-10-05,22.642529,104.47756,48.65584,0.84977007,422.2634,0.6410141,0.0,2024-10-05 02:06:11.189993728,VNM,Vietnam
2024-10-05,22.654287,104.46722,48.669834,0.62560374,423.10626,0.70067865,0.0,2024-10-05 02:06:11.216989952,VNM,Vietnam
2024-10-05,22.643778,104.33336,48.777515,0.95014703,421.27603,0.8082718,0.0,2024-10-05 02:06:09.711989248,VNM,Vietnam
2024-10-06,18.08336,106.40738,55.556316,0.72045,425.2298,0.9533429,0.0,2024-10-06 01:17:54.724996096,VNM,Vietnam
2024-10-06,18.044035,106.41498,55.537586,0.3272974,423.75958,0.761434,0.0,2024-10-06 01:17:54.337028096,VNM,Vietnam
2024-10-06,18.05543,106.40454,55.550694,0.5019175,423.6507,0.8878933,0.0,2024-10-06 01:17:54.364024320,VNM,Vietnam
2024-10-06,17.828842,106.29884,55.58269,0.6187773,423.21246,0.8023827,0.0,2024-10-06 01:17:50.589995264,VNM,Vietnam
2024-10-06,17.802347,106.23807,55.631805,0.28395715,424.07974,0.8344686,0.0,2024-10-06 01:17:49.643993600,VNM,Vietnam
2024-10-06,17.797304,106.21434,55.65254,0.32728174,423.47568,0.83713764,0.0,2024-10-06 01:17:49.337015040,VNM,Vietnam
2024-10-06,17.790905,106.24846,55.61874,0.41587418,424.2451,0.93491685,0.0,2024-10-06 01:17:49.616997120,VNM,Vietnam
2024-10-06,17.998203,106.456474,55.485287,0.845696,424.82733,0.83717763,0.0,2024-10-06 01:17:54.229001984,VNM,Vietnam
2024-10-06,18.021173,106.435776,55.51141,0.41663727,421.55594,0.84945625,0.0,2024-10-06 01:17:54.282994688,VNM,Vietnam
2024-10-06,18.050339,106.38067,55.571445,0.71789247,424.52563,0.87519705,0.0,2024-10-06 01:17:54.058011136,VNM,Vietnam
2024-10-06,18.038977,106.39113,55.55833,0.50179976,423.9031,0.7994691,0.0,2024-10-06 01:17:54.031014656,VNM,Vietnam
2024-10-06,18.022629,106.37767,55.566055,0.50359195,422.95755,0.80006456,0.0,2024-10-06 01:17:53.698005248,VNM,Vietnam
2024-10-09,21.0993,103.19556,70.09717,0.9567697,421.6548,1.1436399,0.0,2024-10-09 00:31:21.624998144,VNM,Vietnam
2024-10-09,20.983704,103.15719,70.10751,0.33485895,421.17465,0.78204036,0.0,2024-10-09 00:31:19.877995008,VNM,Vietnam
2024-10-09,21.182888,103.348976,69.97203,0.2882468,421.39093,1.136044,0.0,2024-10-09 00:31:24.184026624,VNM,Vietnam
2024-10-09,20.990513,103.12239,70.14169,0.72649163,420.60117,0.8197125,0.0,2024-10-09 00:31:19.598012416,VNM,Vietnam
2024-10-09,21.120247,103.233894,70.06588,0.72777635,421.91034,1.0131755,0.0,2024-10-09 00:31:22.264986624,VNM,Vietnam
2024-10-09,21.050571,103.1538,70.12551,0.9551135,421.58948,1.4904248,0.0,2024-10-09 00:31:20.625003520,VNM,Vietnam
2024-10-10,19.234467,105.724976,76.12117,0.68229103,424.56116,1.5990808,0.0,2024-10-10 09:34:36.326013952,VNM,Vietnam
2024-10-11,20.726885,107.056015,35.19215,27.444332,422.99722,0.4425593,0.0,2024-10-11 06:05:30.228021504,VNM,Vietnam
2024-10-11,21.34439,106.8884,35.59887,27.83004,421.03104,0.48531076,0.0,2024-10-11 06:05:41.588008448,VNM,Vietnam
2024-10-11,21.06715,106.96477,35.416397,27.68118,421.63684,0.48499867,0.0,2024-10-11 06:05:36.587995392,VNM,Vietnam
2024-10-11,20.982275,106.99187,35.36635,28.029926,422.13107,0.46990767,0.0,2024-10-11 06:05:36.415998720,VNM,Vietnam
2024-10-11,20.99338,106.98834,35.37278,27.96789,422.36893,0.38900188,0.0,2024-10-11 06:05:36.389002240,VNM,Vietnam
2024-10-11,20.730862,107.05774,35.1981,27.633633,423.0153,0.40638366,0.0,2024-10-11 06:05:30.974990080,VNM,Vietnam
2024-10-11,21.048792,106.96978,35.404324,27.672215,421.46194,0.48455462,0.0,2024-10-11 06:05:36.255025920,VNM,Vietnam
2024-10-11,21.348568,106.89015,35.604973,28.022377,420.83954,0.47079626,0.0,2024-10-11 06:05:42.336022784,VNM,Vietnam
2024-10-11,20.974913,106.993286,35.360607,27.958704,422.16116,0.46465093,0.0,2024-10-11 06:05:36.055992576,VNM,Vietnam
2024-10-11,22.06596,106.693085,36.081593,28.19959,420.4911,0.5513672,0.0,2024-10-11 06:05:54.588018432,VNM,Vietnam
2024-10-11,22.073076,106.69201,36.087437,28.267069,422.32492,0.62027794,0.0,2024-10-11 06:05:54.948024576,VNM,Vietnam
2024-10-11,22.102198,106.68249,36.105637,28.22009,420.85883,0.5767214,0.0,2024-10-11 06:05:55.255003136,VNM,Vietnam
2024-10-11,22.091406,106.68689,36.099724,28.277088,421.3192,0.5572996,0.0,2024-10-11 06:05:55.281999616,VNM,Vietnam
2024-10-11,21.333708,106.89268,35.593136,27.886703,422.09543,0.52537817,0.0,2024-10-11 06:05:41.615004672,VNM,Vietnam
2024-10-11,21.355282,106.884315,35.60489,27.774359,421.99197,0.45628586,0.0,2024-10-11 06:05:41.562017792,VNM,Vietnam
2024-10-11,21.041119,106.97071,35.39805,27.607143,421.18256,0.4678668,0.0,2024-10-11 06:05:35.895019776,VNM,Vietnam
2024-10-11,20.967594,106.99478,35.35495,27.887907,422.35065,0.4352868,0.0,2024-10-11 06:05:35.695986432,VNM,Vietnam
2024-10-11,20.96383,106.9968,35.3542,28.020767,422.49286,0.4636402,0.0,2024-10-11 06:05:36.082989056,VNM,Vietnam
2024-10-11,20.989677,106.98746,35.367542,27.768772,423.23877,0.42871422,0.0,2024-10-11 06:05:35.641993472,VNM,Vietnam
2024-10-11,21.004076,106.98069,35.373653,27.588099,423.06494,0.39683953,0.0,2024-10-11 06:05:35.227994624,VNM,Vietnam
2024-10-11,20.963661,106.99364,35.349384,27.691256,422.0486,0.4344175,0.0,2024-10-11 06:05:34.948012288,VNM,Vietnam
2024-10-11,20.974752,106.98983,35.355633,27.634,422.21408,0.49764884,0.0,2024-10-11 06:05:34.921015808,VNM,Vietnam
2024-10-11,21.318531,106.89481,35.580826,27.754978,422.62506,0.49763072,0.0,2024-10-11 06:05:40.894992640,VNM,Vietnam
2024-10-11,21.189713,106.934845,35.50137,28.005468,421.00552,0.6036289,0.0,2024-10-11 06:05:39.696004864,VNM,Vietnam
2024-10-11,21.063696,106.96778,35.41646,27.805195,422.7742,0.51633006,0.0,2024-10-11 06:05:36.974997760,VNM,Vietnam
2024-10-11,21.07116,106.96653,35.422386,27.873665,421.3343,0.50189096,0.0,2024-10-11 06:05:37.336009728,VNM,Vietnam
2024-10-11,21.067314,106.968506,35.421528,28.006039,422.7084,0.48834562,0.0,2024-10-11 06:05:37.723012096,VNM,Vietnam
2024-10-11,21.074678,106.96692,35.427177,28.078892,421.14697,0.47922873,0.0,2024-10-11 06:05:38.083018240,VNM,Vietnam
2024-10-11,21.252214,106.91438,35.5384,27.78063,420.64288,0.49442428,0.0,2024-10-11 06:05:39.920988672,VNM,Vietnam
2024-10-11,21.074799,106.96397,35.42273,27.746836,421.37317,0.45860267,0.0,2024-10-11 06:05:36.948001280,VNM,Vietnam
2024-10-11,21.215202,106.92444,35.513943,27.761345,420.51547,0.5187792,0.0,2024-10-11 06:05:39.255009536,VNM,Vietnam
2024-10-11,21.244558,106.91532,35.532124,27.7153,420.8758,0.5361978,0.0,2024-10-11 06:05:39.561988352,VNM,Vietnam
2024-10-11,21.233717,106.91942,35.52618,27.770979,421.34607,0.65085864,0.0,2024-10-11 06:05:39.588019456,VNM,Vietnam
2024-10-11,21.262987,106.910225,35.54426,27.725039,420.3385,0.50228435,0.0,2024-10-11 06:05:39.894998016,VNM,Vietnam
2024-10-11,22.076445,106.68844,36.08712,28.144266,421.20178,0.54987425,0.0,2024-10-11 06:05:54.561987328,VNM,Vietnam
2024-10-11,21.123117,106.953545,35.458374,28.03687,422.05313,0.6847407,0.0,2024-10-11 06:05:38.723006720,VNM,Vietnam
2024-10-11,21.241167,106.91831,35.532196,27.837831,421.5276,0.48371243,0.0,2024-10-11 06:05:39.948025344,VNM,Vietnam
2024-10-11,20.97116,106.99243,35.35536,27.759237,422.3186,0.44925046,0.0,2024-10-11 06:05:35.309024000,VNM,Vietnam
2024-10-11,21.000683,106.98694,35.378483,28.038858,423.7728,0.42765102,0.0,2024-10-11 06:05:36.749008128,VNM,Vietnam
2024-10-11,21.259626,106.913216,35.544353,27.847645,420.27087,0.48829594,0.0,2024-10-11 06:05:40.282000640,VNM,Vietnam
2024-10-11,21.248684,106.917206,35.53826,27.905901,420.62878,0.47259286,0.0,2024-10-11 06:05:40.308997120,VNM,Vietnam
2024-10-11,21.237652,106.92094,35.53196,27.96495,421.6759,0.559339,0.0,2024-10-11 06:05:40.335993600,VNM,Vietnam
2024-10-11,21.256159,106.91577,35.54411,27.975082,420.97406,0.47941926,0.0,2024-10-11 06:05:40.669003008,VNM,Vietnam
2024-10-11,21.245092,106.919464,35.537754,28.035292,420.6582,0.5122769,0.0,2024-10-11 06:05:40.695999744,VNM,Vietnam
2024-10-11,21.233986,106.92307,35.53132,28.096483,421.16068,0.6900333,0.0,2024-10-11 06:05:40.722995968,VNM,Vietnam
2024-10-11,21.241259,106.92138,35.536846,28.16889,420.83102,0.580128,0.0,2024-10-11 06:05:41.083002112,VNM,Vietnam
2024-10-11,21.336714,106.889336,35.59257,27.765461,419.31653,0.5136357,0.0,2024-10-11 06:05:41.228002304,VNM,Vietnam
2024-10-11,21.649107,106.81265,35.808857,28.37496,419.49374,0.7010874,0.0,2024-10-11 06:05:48.416014080,VNM,Vietnam
2024-10-11,21.541254,106.839165,35.73428,28.18446,420.39615,0.54022425,0.0,2024-10-11 06:05:46.029022208,VNM,Vietnam
2024-10-11,21.548803,106.83813,35.74044,28.254927,420.05563,0.5379686,0.0,2024-10-11 06:05:46.388988160,VNM,Vietnam
2024-10-11,21.803444,106.76711,35.907814,28.190058,420.6726,0.6268689,0.0,2024-10-11 06:05:50.309023488,VNM,Vietnam
2024-10-11,21.623404,106.81451,35.785427,27.9674,421.34583,0.6508387,0.0,2024-10-11 06:05:46.588021504,VNM,Vietnam
2024-10-11,21.64928,106.808716,35.803967,28.043608,420.472,0.63652605,0.0,2024-10-11 06:05:47.282002944,VNM,Vietnam
2024-10-11,21.627247,106.81663,35.791473,28.16104,420.52298,0.6082739,0.0,2024-10-11 06:05:47.335995648,VNM,Vietnam
2024-10-11,21.645655,106.81157,35.803722,28.171167,420.90884,0.64091456,0.0,2024-10-11 06:05:47.669005312,VNM,Vietnam
2024-10-11,21.652975,106.81032,35.809586,28.241556,420.95325,0.6424319,0.0,2024-10-11 06:05:48.029011456,VNM,Vietnam
2024-10-11,21.641739,106.81394,35.80298,28.30294,421.54547,0.74765164,0.0,2024-10-11 06:05:48.056007936,VNM,Vietnam
2024-10-11,21.63065,106.81765,35.796528,28.365082,421.00327,0.8245105,0.0,2024-10-11 06:05:48.083004416,VNM,Vietnam
2024-10-11,21.751848,106.7837,35.876392,28.360931,420.77365,0.66336626,0.0,2024-10-11 06:05:50.055997184,VNM,Vietnam
2024-10-11,21.836603,106.7596,35.931995,28.339003,423.40048,0.52009445,0.0,2024-10-11 06:05:51.363010560,VNM,Vietnam
2024-10-11,21.806911,106.76375,35.907658,28.06528,421.3249,0.59112716,0.0,2024-10-11 06:05:49.921014784,VNM,Vietnam
2024-10-11,21.87324,106.74446,35.95087,28.03861,420.09836,0.5613698,0.0,2024-10-11 06:05:50.895018752,VNM,Vietnam
2024-10-11,21.862228,106.74858,35.94467,28.094614,420.17203,0.52956796,0.0,2024-10-11 06:05:50.921009664,VNM,Vietnam
2024-10-11,21.818283,106.76476,35.91982,28.329374,421.7886,0.5377395,0.0,2024-10-11 06:05:51.028995328,VNM,Vietnam
2024-10-11,21.807018,106.76842,35.91317,28.390806,420.99527,0.68694735,0.0,2024-10-11 06:05:51.055991552,VNM,Vietnam
2024-10-11,21.891893,106.73954,35.963474,28.04827,420.7779,0.5610254,0.0,2024-10-11 06:05:51.227988224,VNM,Vietnam
2024-10-11,21.880844,106.74364,35.957226,28.104229,421.45132,0.54740113,0.0,2024-10-11 06:05:51.255024896,VNM,Vietnam
2024-10-11,21.86977,106.74772,35.95096,28.161469,421.38644,0.49437574,0.0,2024-10-11 06:05:51.282021632,VNM,Vietnam
2024-10-11,21.537674,106.83765,35.728786,27.98732,421.4423,0.49454856,0.0,2024-10-11 06:05:45.282013696,VNM,Vietnam
2024-10-11,21.54518,106.83675,35.73499,28.055225,420.64066,0.5019194,0.0,2024-10-11 06:05:45.642019840,VNM,Vietnam
2024-10-11,21.810865,106.76594,35.91382,28.259161,421.3288,0.56479794,0.0,2024-10-11 06:05:50.668989184,VNM,Vietnam
2024-10-11,21.340948,106.89136,35.598873,27.954245,420.836,0.49486363,0.0,2024-10-11 06:05:41.975010816,VNM,Vietnam
2024-10-11,21.83296,106.75797,35.926407,28.141607,421.86368,0.47658017,0.0,2024-10-11 06:05:50.614996224,VNM,Vietnam
2024-10-11,21.352043,106.88747,35.605156,27.895899,421.7629,0.45844224,0.0,2024-10-11 06:05:41.948014592,VNM,Vietnam
2024-10-11,21.352375,106.89081,35.61014,28.225721,420.82678,0.53828865,0.0,2024-10-11 06:05:43.082991104,VNM,Vietnam
2024-10-11,21.333866,106.89599,35.59797,28.215748,420.95715,0.7113124,0.0,2024-10-11 06:05:42.749016064,VNM,Vietnam
2024-10-11,21.344835,106.89227,35.60426,28.15381,420.8058,0.49542797,0.0,2024-10-11 06:05:42.723025408,VNM,Vietnam
2024-10-11,21.36731,106.88516,35.617443,28.032074,421.34134,0.48408946,0.0,2024-10-11 06:05:42.668992256,VNM,Vietnam
2024-10-11,21.337456,106.89384,35.598557,28.082624,420.5952,0.5121783,0.0,2024-10-11 06:05:42.363019264,VNM,Vietnam
2024-10-11,21.359566,106.88635,35.611233,27.963394,421.3163,0.4387282,0.0,2024-10-11 06:05:42.308986112,VNM,Vietnam
2024-10-11,21.363483,106.88721,35.616608,28.163614,421.24136,0.49405047,0.0,2024-10-11 06:05:43.055994624,VNM,Vietnam
2024-10-11,22.893982,106.46696,36.645508,28.762642,420.06873,0.6997463,0.0,2024-10-11 06:06:09.975020032,VNM,Vietnam
2024-10-11,22.849451,106.48326,36.619404,29.00584,421.31085,0.6673055,0.0,2024-10-11 06:06:10.083005696,VNM,Vietnam
2024-10-11,22.890663,106.47042,36.645695,28.891172,420.63718,0.6666111,0.0,2024-10-11 06:06:10.362988032,VNM,Vietnam
2024-10-11,22.879211,106.47423,36.638763,28.952799,420.77197,0.6364678,0.0,2024-10-11 06:06:10.389019136,VNM,Vietnam
2024-10-11,22.868158,106.47831,36.632305,29.014856,421.49518,0.7757502,0.0,2024-10-11 06:06:10.416015360,VNM,Vietnam
2024-10-11,22.886612,106.47318,36.64491,29.023819,419.96133,0.6122138,0.0,2024-10-11 06:06:10.749025024,VNM,Vietnam
2024-10-11,22.860767,106.4794,36.626194,28.943375,420.62592,0.61797214,0.0,2024-10-11 06:06:10.056009216,VNM,Vietnam
2024-10-11,22.816233,106.49072,36.594692,28.852428,422.22296,0.5252469,0.0,2024-10-11 06:06:09.029018368,VNM,Vietnam
2024-10-11,22.83838,106.48242,36.607548,28.732872,420.60495,0.6209397,0.0,2024-10-11 06:06:08.975025408,VNM,Vietnam
2024-10-11,22.88992,106.46405,36.638912,28.571047,419.36057,0.8965427,0.0,2024-10-11 06:06:09.228011264,VNM,Vietnam
2024-10-11,22.619724,106.54475,36.461174,28.817677,421.04916,0.71578795,0.0,2024-10-11 06:06:05.723021312,VNM,Vietnam
2024-10-11,22.779102,106.49486,36.563274,28.512945,417.6753,0.76585776,0.0,2024-10-11 06:06:07.228022016,VNM,Vietnam
2024-10-11,22.815756,106.48455,36.58822,28.531658,421.6099,0.54533756,0.0,2024-10-11 06:06:07.895007232,VNM,Vietnam
2024-10-11,22.783052,106.498,36.56992,28.702944,414.98846,0.73384815,0.0,2024-10-11 06:06:07.974990592,VNM,Vietnam
2024-10-11,22.834318,106.47958,36.60099,28.54078,419.76108,0.67175156,0.0,2024-10-11 06:06:08.228016896,VNM,Vietnam
2024-10-11,22.84192,106.47886,36.60747,28.606886,419.6302,0.6006144,0.0,2024-10-11 06:06:08.588023040,VNM,Vietnam
2024-10-11,22.831161,106.48347,36.60155,28.663918,421.6222,0.679832,0.0,2024-10-11 06:06:08.615019264,VNM,Vietnam
2024-10-11,22.808989,106.49191,36.588757,28.781748,421.37704,0.6054505,0.0,2024-10-11 06:06:08.669011968,VNM,Vietnam
2024-10-11,22.849422,106.47807,36.613842,28.67435,421.6404,0.51054996,0.0,2024-10-11 06:06:08.947988736,VNM,Vietnam
2024-10-11,22.249527,106.64171,36.20481,28.302109,418.8508,0.7325183,0.0,2024-10-11 06:05:57.921011712,VNM,Vietnam
2024-10-11,22.831358,106.488754,36.6073,28.995424,422.76773,0.7457017,0.0,2024-10-11 06:06:09.748990208,VNM,Vietnam
2024-10-11,22.853546,106.48064,36.620296,28.871975,421.54156,0.5814993,0.0,2024-10-11 06:06:09.696003072,VNM,Vietnam
2024-10-11,22.582777,106.54941,36.430275,28.473217,419.39783,0.8056023,0.0,2024-10-11 06:06:03.921019648,VNM,Vietnam
2024-10-11,22.634539,106.53759,36.467934,28.62757,421.16632,0.5634321,0.0,2024-10-11 06:06:05.309022464,VNM,Vietnam
2024-10-11,22.268143,106.63672,36.21745,28.3122,421.7848,0.5982507,0.0,2024-10-11 06:05:58.255027200,VNM,Vietnam
2024-10-11,22.253426,106.643906,36.21091,28.497574,419.42877,0.7790446,0.0,2024-10-11 06:05:58.668985856,VNM,Vietnam
2024-10-11,22.842403,106.48468,36.61375,28.933292,420.25146,0.55953026,0.0,2024-10-11 06:06:09.722999552,VNM,Vietnam
2024-10-11,22.47863,106.57888,36.360535,28.48378,424.10696,0.5324219,0.0,2024-10-11 06:06:02.282001920,VNM,Vietnam
2024-10-11,22.62357,106.541794,36.46166,28.686575,422.26627,0.6386718,0.0,2024-10-11 06:06:05.336018688,VNM,Vietnam
2024-10-11,22.857363,106.47764,36.620758,28.742323,420.9042,0.59129417,0.0,2024-10-11 06:06:09.309000704,VNM,Vietnam
2024-10-11,22.846,106.48156,36.61397,28.801891,420.80942,0.5712086,0.0,2024-10-11 06:06:09.335997184,VNM,Vietnam
2024-10-11,22.81237,106.493515,36.594086,28.986118,421.86334,0.63584924,0.0,2024-10-11 06:06:09.416020992,VNM,Vietnam
2024-10-11,22.2682,106.64152,36.22291,28.638878,420.45087,0.60028726,0.0,2024-10-11 06:05:59.388998144,VNM,Vietnam
2024-10-11,22.637833,106.53375,36.46748,28.502552,421.4341,0.5551858,0.0,2024-10-11 06:06:04.921014016,VNM,Vietnam
2024-10-11,21.36303,106.883446,35.611286,27.83884,421.8458,0.47221506,0.0,2024-10-11 06:05:41.921018112,VNM,Vietnam
2024-10-11,21.895885,106.74193,35.969772,28.237185,420.6792,0.4722415,0.0,2024-10-11 06:05:51.974996992,VNM,Vietnam
2024-10-11,21.884869,106.74588,35.96347,28.296173,421.882,0.50521016,0.0,2024-10-11 06:05:52.001993472,VNM,Vietnam
2024-10-11,22.07671,106.69392,36.09317,28.464983,421.6137,0.64381284,0.0,2024-10-11 06:05:55.695998720,VNM,Vietnam
2024-10-11,22.105888,106.684616,36.11154,28.415174,421.13898,0.5778395,0.0,2024-10-11 06:05:56.002011648,VNM,Vietnam
2024-10-11,22.083977,106.692665,36.09903,28.53637,421.2605,0.5608927,0.0,2024-10-11 06:05:56.056004864,VNM,Vietnam
2024-10-11,21.906998,106.7379,35.976105,28.178745,421.5243,0.5014173,0.0,2024-10-11 06:05:51.948000512,VNM,Vietnam
2024-10-11,22.190132,106.659996,36.16694,28.39785,420.24298,0.6275685,0.0,2024-10-11 06:05:57.308985344,VNM,Vietnam
2024-10-11,22.24219,106.64269,36.19873,28.23561,418.88437,0.77210104,0.0,2024-10-11 06:05:57.562011392,VNM,Vietnam
2024-10-11,22.069616,106.69527,36.087505,28.394299,421.12665,0.631415,0.0,2024-10-11 06:05:55.335992576,VNM,Vietnam
2024-10-11,22.080254,106.69094,36.09333,28.335688,421.18863,0.49804953,0.0,2024-10-11 06:05:55.308996096,VNM,Vietnam
2024-10-11,22.478603,106.5838,36.365967,28.813904,422.98386,0.52862835,0.0,2024-10-11 06:06:03.416013312,VNM,Vietnam
2024-10-11,21.832825,106.7621,35.93141,28.471111,421.99527,0.4988902,0.0,2024-10-11 06:05:51.749007360,VNM,Vietnam
2024-10-11,21.914642,106.73713,35.982525,28.245962,421.94904,0.50407976,0.0,2024-10-11 06:05:52.309012480,VNM,Vietnam
2024-10-11,21.903486,106.74096,35.97604,28.305218,420.3502,0.5736931,0.0,2024-10-11 06:05:52.336008704,VNM,Vietnam
2024-10-11,21.892324,106.744774,35.969547,28.36559,420.8469,0.5883833,0.0,2024-10-11 06:05:52.363005184,VNM,Vietnam
2024-10-11,21.881182,106.74854,35.963043,28.426868,420.40652,0.45437822,0.0,2024-10-11 06:05:52.388995840,VNM,Vietnam
2024-10-11,21.869919,106.752174,35.956364,28.489239,420.36514,0.47173488,0.0,2024-10-11 06:05:52.415992320,VNM,Vietnam
2024-10-11,21.910927,106.73981,35.982082,28.375284,420.67822,0.4997607,0.0,2024-10-11 06:05:52.696014848,VNM,Vietnam
2024-10-11,21.899714,106.74352,35.975487,28.436653,419.80054,0.5079025,0.0,2024-10-11 06:05:52.723011584,VNM,Vietnam
2024-10-11,21.888437,106.74715,35.968792,28.499039,420.6933,0.6017995,0.0,2024-10-11 06:05:52.749001984,VNM,Vietnam
2024-10-11,21.91843,106.738655,35.98817,28.446194,421.21097,0.53825796,0.0,2024-10-11 06:05:53.056020992,VNM,Vietnam
2024-10-11,21.873785,106.74976,35.95708,28.35636,420.6361,0.43079892,0.0,2024-10-11 06:05:52.028989696,VNM,Vietnam
2024-10-11,21.825695,106.76356,35.9258,28.399893,421.6417,0.49281862,0.0,2024-10-11 06:05:51.389001472,VNM,Vietnam
2024-10-11,21.814342,106.7671,35.91901,28.462288,421.1261,0.70511556,0.0,2024-10-11 06:05:51.415997696,VNM,Vietnam
2024-10-11,21.899347,106.73862,35.969654,28.11301,421.18332,0.5809075,0.0,2024-10-11 06:05:51.587994368,VNM,Vietnam
2024-10-11,21.888525,106.742935,35.96371,28.169928,420.93832,0.49148315,0.0,2024-10-11 06:05:51.614990592,VNM,Vietnam
2024-10-11,21.866278,106.7508,35.950928,28.2875,420.54294,0.43058318,0.0,2024-10-11 06:05:51.669024000,VNM,Vietnam
2024-10-11,22.63043,106.53454,36.461205,28.43671,420.94223,0.72088397,0.0,2024-10-11 06:06:04.562013696,VNM,Vietnam
2024-10-11,22.57944,106.55306,36.430595,28.598017,418.81894,0.78872734,0.0,2024-10-11 06:06:04.308987648,VNM,Vietnam
2024-10-13,10.406933,106.70679,64.6365,38.91775,422.66217,0.7923453,0.0,2024-10-13 08:48:18.075020288,VNM,Vietnam
2024-10-13,10.400404,106.75025,64.67658,39.169933,422.43933,0.7376318,0.0,2024-10-13 08:48:18.129012992,VNM,Vietnam
2024-10-13,10.386818,106.740906,64.66557,39.0438,422.77307,0.7529281,0.0,2024-10-13 08:48:18.435992064,VNM,Vietnam
2024-10-13,10.786837,106.46364,64.468094,39.16794,422.45013,0.55710155,0.0,2024-10-13 08:48:10.462991616,VNM,Vietnam
2024-10-13,10.43082,106.74715,64.67849,39.296444,422.33585,0.77477115,0.0,2024-10-13 08:48:17.489990144,VNM,Vietnam
2024-10-14,22.490229,103.455055,54.947964,0.33122432,423.4835,0.90308887,0.0,2024-10-14 07:57:49.671008000,VNM,Vietnam
2024-10-14,22.513865,103.41318,54.923172,0.15541238,422.16364,0.8794289,0.0,2024-10-14 07:57:48.977026816,VNM,Vietnam
2024-10-14,20.016861,105.59397,55.75938,0.3384246,423.36536,0.77573884,0.0,2024-10-14 07:58:40.671012864,VNM,Vietnam
2024-10-14,22.449667,103.47009,54.94271,0.15474388,421.304,0.93550193,0.0,2024-10-14 07:57:50.309990656,VNM,Vietnam
2024-10-14,22.425232,103.47094,54.93265,0.23683271,420.27774,1.0192648,0.0,2024-10-14 07:57:50.617009664,VNM,Vietnam
2024-10-14,20.033142,105.580246,55.75369,0.33847988,422.17676,0.7618115,0.0,2024-10-14 07:58:40.336997632,VNM,Vietnam
2024-10-14,22.384731,103.4858,54.927338,0.45566922,419.66577,0.9785544,0.0,2024-10-14 07:57:51.255992320,VNM,Vietnam
2024-10-14,22.336496,103.5285,54.942135,0.4558575,418.77313,0.8733075,0.0,2024-10-14 07:57:52.256027136,VNM,Vietnam
2024-10-14,22.393127,103.499306,54.942413,0.2370073,421.5397,0.9562861,0.0,2024-10-14 07:57:51.282988800,VNM,Vietnam
2024-10-14,22.368706,103.50011,54.932343,0.45445088,421.31293,0.89723724,0.0,2024-10-14 07:57:51.590007808,VNM,Vietnam
2024-10-14,22.328129,103.514984,54.92706,0.6914744,420.8265,0.843695,0.0,2024-10-14 07:57:52.228990464,VNM,Vietnam
2024-10-14,20.934881,104.874306,55.49863,1.0458663,424.705,1.1471636,0.0,2024-10-14 07:58:22.418003968,VNM,Vietnam
2024-10-14,22.345709,103.58317,54.99231,0.33291373,424.3045,0.91216606,0.0,2024-10-14 07:57:52.670991616,VNM,Vietnam
2024-10-14,22.297577,103.62592,55.00732,0.33520743,422.3193,0.980093,0.0,2024-10-14 07:57:53.671026432,VNM,Vietnam
2024-10-14,22.609356,103.28638,54.85901,0.45547172,423.1959,0.9742962,0.0,2024-10-14 07:57:46.589994752,VNM,Vietnam
2024-10-14,20.01658,105.55341,55.72359,0.2356648,421.3291,0.78687257,0.0,2024-10-14 07:58:40.283004672,VNM,Vietnam
2024-10-14,20.024628,105.52631,55.702915,0.45139992,421.9039,0.85992664,0.0,2024-10-14 07:58:39.922998528,VNM,Vietnam
2024-10-14,20.065777,105.55293,55.742477,0.34115538,422.3477,0.7678605,0.0,2024-10-14 07:58:39.671018240,VNM,Vietnam
2024-10-14,20.082417,105.57965,55.772507,0.8085689,422.54883,0.7957092,0.0,2024-10-14 07:58:39.725011456,VNM,Vietnam
2024-10-14,20.090776,105.59298,55.787514,1.0491717,422.93826,0.8040726,0.0,2024-10-14 07:58:39.752007680,VNM,Vietnam
2024-10-14,20.057243,105.4989,55.69163,0.44970077,421.34067,0.86342186,0.0,2024-10-14 07:58:39.256013568,VNM,Vietnam
2024-10-14,20.016401,105.51285,55.687847,0.6866943,421.93304,0.89772207,0.0,2024-10-14 07:58:39.896002048,VNM,Vietnam
2024-10-14,20.032877,105.53976,55.717976,0.23496003,421.81613,0.8162353,0.0,2024-10-14 07:58:39.949995008,VNM,Vietnam
2024-10-14,20.049452,105.56658,55.74807,0.33964226,422.5027,0.7477921,0.0,2024-10-14 07:58:40.004028160,VNM,Vietnam
2024-10-14,20.163717,105.51084,55.74405,0.8070045,422.41052,0.93087715,0.0,2024-10-14 07:58:38.057991424,VNM,Vietnam
2024-10-14,20.024849,105.56684,55.738644,0.16012195,422.46124,0.80242264,0.0,2024-10-14 07:58:40.310001152,VNM,Vietnam
2024-10-14,20.074497,105.60666,55.793156,1.0484298,422.88132,0.85339963,0.0,2024-10-14 07:58:40.085017344,VNM,Vietnam
2024-10-14,20.00013,105.52652,55.693485,0.6873825,421.7973,0.8492985,0.0,2024-10-14 07:58:40.229011712,VNM,Vietnam
2024-10-14,20.05778,105.57996,55.76311,0.5694357,421.52084,0.76395494,0.0,2024-10-14 07:58:40.031024384,VNM,Vietnam
2024-10-14,20.049807,105.606995,55.783756,0.8064036,421.688,0.85059035,0.0,2024-10-14 07:58:40.390990336,VNM,Vietnam
2024-10-14,19.764465,105.78631,55.83066,0.16212283,422.39914,0.70925856,0.0,2024-10-14 07:58:45.643989504,VNM,Vietnam
2024-10-14,19.854479,105.771645,55.85261,0.80859697,424.53674,0.8033976,0.0,2024-10-14 07:58:44.391008768,VNM,Vietnam
2024-10-14,19.846153,105.7583,55.8376,0.5706139,423.74405,0.72141415,0.0,2024-10-14 07:58:44.364012544,VNM,Vietnam
2024-10-14,19.951588,105.60836,55.74651,0.23407769,422.78543,0.8525221,0.0,2024-10-14 07:58:41.617014528,VNM,Vietnam
2024-10-14,19.94335,105.594925,55.731453,0.4506466,422.86124,0.79228216,0.0,2024-10-14 07:58:41.590018304,VNM,Vietnam
2024-10-14,19.983856,105.54026,55.699192,0.687368,421.46066,0.8088375,0.0,2024-10-14 07:58:40.562987008,VNM,Vietnam
2024-10-14,19.82186,105.798935,55.864048,0.8071238,422.61786,0.733162,0.0,2024-10-14 07:58:45.057993984,VNM,Vietnam
2024-10-14,19.95137,105.56768,55.710613,0.6869396,422.60266,0.8005062,0.0,2024-10-14 07:58:41.229006336,VNM,Vietnam
2024-10-14,19.967623,105.55392,55.70486,0.68754065,421.73807,0.7995955,0.0,2024-10-14 07:58:40.895996672,VNM,Vietnam
2024-10-14,20.025185,105.607346,55.774414,0.56798965,422.17297,0.7737849,0.0,2024-10-14 07:58:40.698009600,VNM,Vietnam
2024-10-14,20.058176,105.62034,55.798782,1.0473396,421.06552,0.90074766,0.0,2024-10-14 07:58:40.417986816,VNM,Vietnam
2024-10-14,19.99207,105.55372,55.714252,0.45217618,421.5888,0.82671535,0.0,2024-10-14 07:58:40.590023680,VNM,Vietnam
2024-10-14,19.756752,105.85374,55.887264,0.80886745,424.66495,0.7535455,0.0,2024-10-14 07:58:46.390998016,VNM,Vietnam
2024-10-14,19.959608,105.58118,55.725708,0.45103535,422.6706,0.7813294,0.0,2024-10-14 07:58:41.256002816,VNM,Vietnam
2024-10-14,19.967854,105.59463,55.740772,0.23423457,422.70276,0.798396,0.0,2024-10-14 07:58:41.282999296,VNM,Vietnam
2024-10-14,19.976116,105.60805,55.75582,0.15997247,421.73703,0.74826777,0.0,2024-10-14 07:58:41.309995776,VNM,Vietnam
2024-10-14,19.715416,105.78685,55.81217,0.44920403,423.38403,0.810488,0.0,2024-10-14 07:58:46.256015872,VNM,Vietnam
2024-10-14,19.830217,105.81227,55.879066,1.0480409,423.24738,0.8092406,0.0,2024-10-14 07:58:45.084990208,VNM,Vietnam
2024-10-14,19.723639,105.80028,55.82721,0.23351276,423.36932,0.8148193,0.0,2024-10-14 07:58:46.283012352,VNM,Vietnam
2024-10-14,19.73188,105.813675,55.842236,0.16224673,423.3108,0.8044772,0.0,2024-10-14 07:58:46.310008832,VNM,Vietnam
2024-10-14,19.740147,105.82705,55.857254,0.34154925,422.95175,0.7084043,0.0,2024-10-14 07:58:46.337005056,VNM,Vietnam
2024-10-14,19.690928,105.78702,55.80286,0.684744,423.55164,0.750823,0.0,2024-10-14 07:58:46.562994688,VNM,Vietnam
2024-10-14,19.748436,105.8404,55.87226,0.5709777,422.70615,0.7173845,0.0,2024-10-14 07:58:46.364001792,VNM,Vietnam
2024-10-14,19.72389,105.84072,55.863064,0.3417669,422.9881,0.7205958,0.0,2024-10-14 07:58:46.671020800,VNM,Vietnam
2024-10-14,19.73218,105.85408,55.878075,0.571269,422.7524,0.7349909,0.0,2024-10-14 07:58:46.698017024,VNM,Vietnam
2024-10-14,19.740494,105.86741,55.893074,0.8091651,421.77216,0.7890506,0.0,2024-10-14 07:58:46.725013504,VNM,Vietnam
2024-10-14,19.748835,105.88072,55.90807,1.0497582,422.19156,0.7393123,0.0,2024-10-14 07:58:46.752009984,VNM,Vietnam
2024-10-14,19.67461,105.80061,55.808586,0.68576086,423.1465,0.81143075,0.0,2024-10-14 07:58:46.896004352,VNM,Vietnam
2024-10-14,19.707363,105.81392,55.832985,0.23332441,423.80292,0.8345925,0.0,2024-10-14 07:58:46.616987648,VNM,Vietnam
2024-10-18,19.717243,105.81872,36.772114,28.697088,419.82275,0.5469193,0.0,2024-10-18 06:10:50.561991168,VNM,Vietnam
2024-10-18,19.66925,105.832794,36.741302,28.733978,421.1566,0.41594648,0.0,2024-10-18 06:10:49.920997120,VNM,Vietnam
2024-10-18,19.695135,105.826965,36.7598,28.810312,421.3299,0.5142438,0.0,2024-10-18 06:10:50.615018496,VNM,Vietnam
2024-10-18,19.687809,105.827835,36.753704,28.743305,421.19855,0.46329954,0.0,2024-10-18 06:10:50.255012608,VNM,Vietnam
2024-10-18,19.698792,105.82366,36.759773,28.687408,420.582,0.51708704,0.0,2024-10-18 06:10:50.228016128,VNM,Vietnam
2024-10-18,19.872652,105.778625,36.877678,28.83651,418.55246,0.59456426,0.0,2024-10-18 06:10:53.588006144,VNM,Vietnam
2024-10-18,19.739437,105.816315,36.790703,28.896233,422.08224,0.554651,0.0,2024-10-18 06:10:51.642009856,VNM,Vietnam
2024-10-18,19.713581,105.82203,36.772137,28.819998,420.3011,0.4981846,0.0,2024-10-18 06:10:50.948028416,VNM,Vietnam
2024-10-18,19.728306,105.8202,36.784344,28.955282,422.33005,0.63035125,0.0,2024-10-18 06:10:51.669006080,VNM,Vietnam
2024-10-18,19.742876,105.81799,36.796204,29.094479,422.08405,0.61912495,0.0,2024-10-18 06:10:52.389018368,VNM,Vietnam
2024-10-18,19.705816,105.82768,36.77129,29.076809,421.8539,0.50993335,0.0,2024-10-18 06:10:51.722998784,VNM,Vietnam
2024-10-18,19.68395,105.83095,36.753468,28.868849,421.72162,0.4225257,0.0,2024-10-18 06:10:50.642014976,VNM,Vietnam
2024-10-18,19.809532,105.79939,36.839836,29.06256,421.607,0.570101,0.0,2024-10-18 06:10:53.363022336,VNM,Vietnam
2024-10-18,19.66172,105.83367,36.73505,28.66875,421.5012,0.40403125,0.0,2024-10-18 06:10:49.561996800,VNM,Vietnam
2024-10-18,19.672812,105.83481,36.747097,28.927992,421.12964,0.412283,0.0,2024-10-18 06:10:50.669011712,VNM,Vietnam
2024-10-18,19.754152,105.808846,36.796818,28.716345,421.9225,0.56046635,0.0,2024-10-18 06:10:51.228010752,VNM,Vietnam
2024-10-18,19.724693,105.81794,36.778362,28.76269,420.79156,0.6143011,0.0,2024-10-18 06:10:50.920991744,VNM,Vietnam
2024-10-18,19.820757,105.79558,36.846325,29.002228,421.75446,0.5653405,0.0,2024-10-18 06:10:53.335985664,VNM,Vietnam
2024-10-18,19.768442,105.81162,36.814163,29.176754,422.0461,0.58636445,0.0,2024-10-18 06:10:53.082999808,VNM,Vietnam
2024-10-18,19.68003,105.83366,36.752945,28.998049,421.56567,0.46213046,0.0,2024-10-18 06:10:51.029017344,VNM,Vietnam
2024-10-18,19.743156,105.81302,36.79073,28.772177,422.96637,0.6259092,0.0,2024-10-18 06:10:51.255006976,VNM,Vietnam
2024-10-18,19.732054,105.817116,36.784515,28.829388,422.23837,0.63729227,0.0,2024-10-18 06:10:51.282003456,VNM,Vietnam
2024-10-18,19.761715,105.8082,36.803238,28.78058,421.23297,0.59928894,0.0,2024-10-18 06:10:51.588016640,VNM,Vietnam
2024-10-18,19.709747,105.825005,36.77184,28.94687,421.3584,0.5554605,0.0,2024-10-18 06:10:51.335996416,VNM,Vietnam
2024-10-18,19.698528,105.82879,36.76536,29.007135,421.40408,0.50674796,0.0,2024-10-18 06:10:51.362992640,VNM,Vietnam
2024-10-18,19.77271,105.80402,36.809326,28.724747,421.41055,0.5386073,0.0,2024-10-18 06:10:51.562025984,VNM,Vietnam
2024-10-18,19.691257,105.82988,36.759434,28.937683,421.2998,0.5283132,0.0,2024-10-18 06:10:51.002021120,VNM,Vietnam
2024-10-18,19.750612,105.8123,36.797024,28.837793,422.6815,0.58385855,0.0,2024-10-18 06:10:51.615013120,VNM,Vietnam
2024-10-18,19.720879,105.82113,36.7782,28.887825,420.24493,0.55358064,0.0,2024-10-18 06:10:51.308999936,VNM,Vietnam
2024-10-18,19.702396,105.82602,36.765804,28.878536,421.38797,0.44919634,0.0,2024-10-18 06:10:50.975024640,VNM,Vietnam
2024-10-18,19.706245,105.82288,36.766026,28.753006,420.55466,0.5008265,0.0,2024-10-18 06:10:50.588022272,VNM,Vietnam
2024-10-18,19.735697,105.81378,36.784462,28.706758,421.87488,0.6382131,0.0,2024-10-18 06:10:50.895000832,VNM,Vietnam
2024-10-18,19.831894,105.79167,36.852695,28.943115,421.5833,0.60752076,0.0,2024-10-18 06:10:53.308988928,VNM,Vietnam
2024-10-18,19.779785,105.80802,36.820858,29.114363,421.4084,0.5407282,0.0,2024-10-18 06:10:53.056003072,VNM,Vietnam
2024-10-18,13.359838,109.145615,36.884403,28.940397,423.36298,0.47494936,0.0,2024-10-18 06:24:08.983007744,VNM,Vietnam
2024-10-18,13.370832,109.113304,36.864994,29.173998,420.48685,0.4946436,0.0,2024-10-18 06:24:08.621995776,VNM,Vietnam
2024-10-18,20.118526,106.25997,39.0956,0.5698941,421.21594,0.5982503,0.0,2024-10-18 06:22:17.010008064,VNM,Vietnam
2024-10-18,20.110266,106.246635,39.08099,0.33053502,421.20538,0.5833595,0.0,2024-10-18 06:22:16.983011840,VNM,Vietnam
2024-10-18,20.102028,106.23329,39.066383,0.11308249,421.9556,0.59265685,0.0,2024-10-18 06:22:16.956015104,VNM,Vietnam
2024-10-18,20.077463,106.19311,39.022594,0.6606422,421.23364,0.6749051,0.0,2024-10-18 06:22:16.875025920,VNM,Vietnam
2024-10-18,20.12653,106.23289,39.083427,0.3304961,421.84894,0.581697,0.0,2024-10-18 06:22:16.648996096,VNM,Vietnam
2024-10-18,20.151052,106.23244,39.10046,0.5693989,421.4561,0.61592937,0.0,2024-10-18 06:22:16.343023360,VNM,Vietnam
2024-10-18,20.191593,106.17783,39.093273,0.3301875,421.58963,0.5990739,0.0,2024-10-18 06:22:15.315991808,VNM,Vietnam
2024-10-18,20.175125,106.15108,39.064064,0.18779902,421.49536,0.6251051,0.0,2024-10-18 06:22:15.261999104,VNM,Vietnam
2024-10-18,20.840435,105.54291,39.1481,0.66563094,423.25046,0.6535863,0.0,2024-10-18 06:22:01.208001536,VNM,Vietnam
2024-10-18,20.856892,105.569786,39.17712,0.19123663,423.34888,0.66791445,0.0,2024-10-18 06:22:01.261994496,VNM,Vietnam
2024-10-18,20.82449,105.59756,39.171326,0.19121067,425.57535,0.7025308,0.0,2024-10-18 06:22:01.929019648,VNM,Vietnam
2024-10-18,20.792099,105.6254,39.165634,0.19042386,425.73007,0.7471765,0.0,2024-10-18 06:22:02.594998784,VNM,Vietnam
2024-10-18,20.9142,105.5821,39.226498,0.565035,422.71677,0.67043316,0.0,2024-10-18 06:22:00.675998976,VNM,Vietnam
2024-10-18,20.743813,105.707794,39.183403,0.3279744,424.387,0.63496655,0.0,2024-10-18 06:22:03.983001600,VNM,Vietnam
2024-10-18,20.87311,105.55588,39.180035,0.19109842,423.9189,0.6948574,0.0,2024-10-18 06:22:00.929025280,VNM,Vietnam
2024-10-18,21.318914,105.23331,39.30243,0.56387764,423.20715,0.5928833,0.0,2024-10-18 06:21:52.342992384,VNM,Vietnam
2024-10-18,21.116968,105.42835,39.276756,0.8076896,424.30746,0.7501631,0.0,2024-10-18 06:21:56.703016960,VNM,Vietnam
2024-10-18,21.173897,105.399765,39.300354,1.0496773,422.7218,0.64760363,0.0,2024-10-18 06:21:55.730018816,VNM,Vietnam
2024-10-18,21.148804,105.35971,39.25684,0.32501346,424.0205,0.59968644,0.0,2024-10-18 06:21:55.648989440,VNM,Vietnam
2024-10-18,21.19782,105.3585,39.291927,0.8059289,424.3978,0.68829,0.0,2024-10-18 06:21:55.037003008,VNM,Vietnam
2024-10-18,21.172424,105.27748,39.22255,0.42683363,424.0832,0.65743876,0.0,2024-10-18 06:21:54.568005632,VNM,Vietnam
2024-10-18,21.213488,105.30384,39.26914,0.32450855,424.41516,0.616863,0.0,2024-10-18 06:21:54.316025344,VNM,Vietnam
2024-10-18,21.254854,105.33002,39.315845,1.050857,421.70602,0.69983935,0.0,2024-10-18 06:21:54.064004864,VNM,Vietnam
2024-10-18,21.011963,105.53926,39.270313,1.0511305,421.89243,0.6923045,0.0,2024-10-18 06:21:59.064018176,VNM,Vietnam
2024-10-18,20.73636,105.775566,39.221455,1.0527737,424.5485,0.77808535,0.0,2024-10-18 06:22:04.730010368,VNM,Vietnam
2024-10-18,19.805387,105.80188,36.83899,29.195396,420.19797,0.62144315,0.0,2024-10-18 06:10:53.749018880,VNM,Vietnam
2024-10-18,22.406862,104.26039,39.52539,0.32228822,423.64346,0.65047836,0.0,2024-10-18 06:21:29.649009664,VNM,Vietnam
2024-10-18,21.343466,105.23271,39.320103,0.8064992,422.46106,0.681876,0.0,2024-10-18 06:21:52.037019392,VNM,Vietnam
2024-10-18,21.351875,105.24607,39.334614,1.0498,423.29068,0.6690392,0.0,2024-10-18 06:21:52.064015872,VNM,Vietnam
2024-10-18,21.335697,105.260025,39.331425,1.0492619,422.19275,0.679947,0.0,2024-10-18 06:21:52.397025536,VNM,Vietnam
2024-10-18,21.26948,105.19363,39.24136,0.42647135,422.4935,0.6124243,0.0,2024-10-18 06:21:52.568016384,VNM,Vietnam
2024-10-18,21.286043,105.220474,39.27027,0.1076618,422.81335,0.6131393,0.0,2024-10-18 06:21:52.622009344,VNM,Vietnam
2024-10-18,21.269909,105.23452,39.267185,0.10844676,424.12103,0.57573074,0.0,2024-10-18 06:21:52.956024576,VNM,Vietnam
2024-10-18,21.237593,105.262535,39.260967,0.10911205,423.57928,0.60402614,0.0,2024-10-18 06:21:53.622003712,VNM,Vietnam
2024-10-18,19.828009,105.79453,36.852272,29.071733,422.61618,0.53008586,0.0,2024-10-18 06:10:53.695991552,VNM,Vietnam
2024-10-18,20.37871,106.039536,39.135796,0.56932515,421.95804,0.705648,0.0,2024-10-18 06:22:11.676019712,VNM,Vietnam
2024-10-18,20.248625,106.14977,39.115303,0.56819475,421.8095,0.614621,0.0,2024-10-18 06:22:14.342993664,VNM,Vietnam
2024-10-18,19.71304,105.82649,36.77712,29.147491,421.24866,0.58797234,0.0,2024-10-18 06:10:52.083004928,VNM,Vietnam
2024-10-18,13.3436,109.22906,36.94143,28.238363,422.59418,0.48443127,0.0,2024-10-18 06:24:09.730016256,VNM,Vietnam
2024-10-18,19.754156,105.8143,36.802795,29.033092,421.88776,0.63656276,0.0,2024-10-18 06:10:52.362987520,VNM,Vietnam
2024-10-18,19.765383,105.81052,36.80929,28.972696,422.3423,0.60729426,0.0,2024-10-18 06:10:52.335990784,VNM,Vietnam
2024-10-18,19.776522,105.80664,36.81567,28.913519,421.7774,0.5391385,0.0,2024-10-18 06:10:52.308994560,VNM,Vietnam
2024-10-18,19.798815,105.79853,36.828236,28.797607,420.41092,0.6044283,0.0,2024-10-18 06:10:52.255001600,VNM,Vietnam
2024-10-18,19.724375,105.82289,36.7838,29.085218,421.8052,0.584521,0.0,2024-10-18 06:10:52.056008704,VNM,Vietnam
2024-10-18,19.717089,105.82399,36.777866,29.015549,421.24896,0.55925286,0.0,2024-10-18 06:10:51.696002560,VNM,Vietnam
2024-10-18,19.735647,105.81919,36.790375,29.023956,422.41165,0.64943,0.0,2024-10-18 06:10:52.029012224,VNM,Vietnam
2024-10-18,19.746864,105.81539,36.796852,28.963688,422.56705,0.59729207,0.0,2024-10-18 06:10:52.002015488,VNM,Vietnam
2024-10-18,19.757996,105.81151,36.80321,28.904636,422.0118,0.5480516,0.0,2024-10-18 06:10:51.975019264,VNM,Vietnam
2024-10-18,19.76917,105.80749,36.809536,28.846195,421.90915,0.5381626,0.0,2024-10-18 06:10:51.948022784,VNM,Vietnam
2024-10-18,19.780273,105.80338,36.81575,28.78898,421.31946,0.6361898,0.0,2024-10-18 06:10:51.921026560,VNM,Vietnam
2024-10-18,19.69448,105.83128,36.76461,29.139078,421.16113,0.5601978,0.0,2024-10-18 06:10:51.748989696,VNM,Vietnam
2024-10-18,19.731533,105.82159,36.78951,29.156874,422.00046,0.60665363,0.0,2024-10-18 06:10:52.416014592,VNM,Vietnam
2024-10-18,19.828276,105.78934,36.846672,28.751598,421.43478,0.5974868,0.0,2024-10-18 06:10:52.562020864,VNM,Vietnam
2024-10-18,19.81727,105.79352,36.840565,28.807562,420.50592,0.48714167,0.0,2024-10-18 06:10:52.588011264,VNM,Vietnam
2024-10-18,19.80616,105.79762,36.834335,28.864902,421.31653,0.4522875,0.0,2024-10-18 06:10:52.615008000,VNM,Vietnam
2024-10-18,19.783838,105.80552,36.821617,28.982645,421.4043,0.5088007,0.0,2024-10-18 06:10:52.669000704,VNM,Vietnam
2024-10-18,19.772612,105.80931,36.815125,29.04304,422.9404,0.49833944,0.0,2024-10-18 06:10:52.695996928,VNM,Vietnam
2024-10-18,19.76133,105.813,36.80853,29.104424,421.96457,0.6308168,0.0,2024-10-18 06:10:52.722993408,VNM,Vietnam
2024-10-18,19.824615,105.79262,36.84667,28.87485,421.7903,0.568352,0.0,2024-10-18 06:10:52.948017408,VNM,Vietnam
2024-10-18,19.813433,105.79663,36.84033,28.933414,421.678,0.44784495,0.0,2024-10-18 06:10:52.975013632,VNM,Vietnam
2024-10-18,19.802294,105.80052,36.83395,28.99259,420.91275,0.56194305,0.0,2024-10-18 06:10:53.002010368,VNM,Vietnam
2024-10-18,13.332485,109.19082,36.904945,28.705627,423.72726,0.44995978,0.0,2024-10-18 06:24:09.676023552,VNM,Vietnam
2024-10-18,20.240349,106.13642,39.100693,0.3286272,422.09866,0.60774046,0.0,2024-10-18 06:22:14.315997440,VNM,Vietnam
2024-10-18,20.093716,106.179306,39.025,0.66133904,420.92462,0.58419186,0.0,2024-10-18 06:22:16.541010432,VNM,Vietnam
2024-10-18,20.199598,106.150665,39.08113,0.11225846,423.5551,0.58806074,0.0,2024-10-18 06:22:14.956026112,VNM,Vietnam
2024-10-18,20.224419,106.190704,39.12497,0.81147546,418.7657,0.66477734,0.0,2024-10-18 06:22:15.037015552,VNM,Vietnam
2024-10-18,20.727995,105.76223,39.20687,0.8094603,420.75943,0.7711658,0.0,2024-10-18 06:22:04.703013888,VNM,Vietnam
2024-10-18,19.816729,105.798256,36.845684,29.133059,421.676,0.5819665,0.0,2024-10-18 06:10:53.722988032,VNM,Vietnam
2024-10-18,19.823864,105.79703,36.85143,29.20457,422.6122,0.6021193,0.0,2024-10-18 06:10:54.082994176,VNM,Vietnam
2024-10-18,19.920563,105.76962,36.914303,29.11935,422.76624,0.6344474,0.0,2024-10-18 06:10:55.363011328,VNM,Vietnam
2024-10-18,21.076796,105.4559,37.698112,29.658695,420.9994,0.7877341,0.0,2024-10-18 06:11:16.002006272,VNM,Vietnam
2024-10-18,19.89792,105.77699,36.90098,29.243246,421.7656,0.6312398,0.0,2024-10-18 06:10:55.415998464,VNM,Vietnam
2024-10-18,19.909273,105.77336,36.907696,29.180794,420.679,0.63048536,0.0,2024-10-18 06:10:55.389001728,VNM,Vietnam
2024-10-18,19.902098,105.77466,36.901955,29.109297,421.15112,0.6108374,0.0,2024-10-18 06:10:55.028996096,VNM,Vietnam
2024-10-18,19.920624,105.76465,36.908688,28.798918,421.58597,0.65911734,0.0,2024-10-18 06:10:54.227994368,VNM,Vietnam
2024-10-18,21.028208,105.525406,39.273357,1.0524248,423.90717,0.6679526,0.0,2024-10-18 06:21:58.730002688,VNM,Vietnam
2024-10-18,20.954958,105.56767,39.246914,0.80782413,423.1146,0.6844142,0.0,2024-10-18 06:22:00.037016320,VNM,Vietnam
2024-10-21,11.01059,106.818985,26.286053,22.125462,421.51764,0.606122,0.0,2024-10-21 05:35:53.402012672,VNM,Vietnam
2024-10-21,10.997717,106.80992,26.270346,22.217775,422.8541,0.6063298,0.0,2024-10-21 05:35:53.375016192,VNM,Vietnam
2024-10-22,21.469809,105.77894,32.700855,33.537777,425.07162,0.6364923,0.0,2024-10-22 04:45:23.418004736,VNM,Vietnam
2024-10-22,21.453123,105.77288,32.683994,33.41761,423.4712,0.62600875,0.0,2024-10-22 04:45:23.391008256,VNM,Vietnam
2024-10-22,21.437742,105.80743,32.66977,33.537,423.68018,0.65207964,0.0,2024-10-22 04:45:24.084989696,VNM,Vietnam
2024-10-22,21.40334,105.75463,32.633682,33.067806,424.8768,0.52508277,0.0,2024-10-22 04:45:23.310019072,VNM,Vietnam
2024-10-22,21.436403,105.76689,32.6671,33.299103,423.6836,0.60108846,0.0,2024-10-22 04:45:23.364012032,VNM,Vietnam
2024-10-22,21.419943,105.76067,32.65046,33.18268,425.0146,0.48173383,0.0,2024-10-22 04:45:23.337015552,VNM,Vietnam
2024-10-22,21.695019,105.56231,32.91965,33.416386,422.48352,0.5799057,0.0,2024-10-22 04:45:18.390995200,VNM,Vietnam
2024-10-22,20.939466,106.05428,32.17507,7.550885,425.32404,0.6686889,0.0,2024-10-22 04:44:49.725007104,VNM,Vietnam
2024-10-22,21.494041,105.44789,32.71317,8.340724,424.71936,0.6570204,0.0,2024-10-22 04:44:37.228997632,VNM,Vietnam
2024-10-23,22.20387,103.17569,41.50726,0.14007661,425.983,0.5438858,0.0,2024-10-23 06:29:52.056021248,VNM,Vietnam
2024-10-23,22.199425,103.168686,41.49793,0.36163402,428.6156,0.54112154,0.0,2024-10-23 06:29:51.282016000,VNM,Vietnam
2024-10-23,22.181551,103.1771,41.488754,0.15405399,424.90137,0.5855555,0.0,2024-10-23 06:29:51.336008960,VNM,Vietnam
2024-10-23,22.18374,103.18049,41.49333,0.14063846,425.96848,0.55321795,0.0,2024-10-23 06:29:51.723011584,VNM,Vietnam
2024-10-23,22.201704,103.17242,41.50277,0.15483958,428.00162,0.5332966,0.0,2024-10-23 06:29:51.669018624,VNM,Vietnam
2024-10-23,22.214956,103.17475,41.516327,0.2356433,426.27817,0.5929544,0.0,2024-10-23 06:29:52.416027136,VNM,Vietnam
2024-11-10,22.79615,106.01196,46.737354,0.23883498,424.11688,0.55528975,0.0,2024-11-10 06:18:11.082997504,VNM,Vietnam
2024-11-10,22.793343,106.00691,46.73165,0.099682204,424.32446,0.5254446,0.0,2024-11-10 06:18:10.695995136,VNM,Vietnam
2024-11-10,22.80191,106.00187,46.73624,0.15808494,424.47888,0.5189381,0.0,2024-11-10 06:18:10.668998656,VNM,Vietnam
2024-11-10,22.773262,106.011696,46.716526,0.099683106,424.28116,0.5235417,0.0,2024-11-10 06:18:10.363025664,VNM,Vietnam
2024-11-10,22.807392,105.99099,46.734505,0.47427985,425.37595,0.49819744,0.0,2024-11-10 06:18:10.254999552,VNM,Vietnam
2024-11-10,22.753181,106.01648,46.7014,0.09968843,424.77127,0.4888294,0.0,2024-11-10 06:18:10.029010176,VNM,Vietnam
2024-11-10,22.60657,106.03914,46.583485,0.47419366,426.14432,0.5029132,0.0,2024-11-10 06:18:06.921000448,VNM,Vietnam
2024-11-10,22.250288,106.135605,46.323544,0.09479335,422.95105,0.50743616,0.0,2024-11-10 06:18:01.696003584,VNM,Vietnam
2024-11-10,22.761751,106.01144,46.70599,0.1582414,425.23157,0.4975846,0.0,2024-11-10 06:18:10.002013696,VNM,Vietnam
2024-11-10,22.661371,106.03535,46.630436,0.15884838,424.25766,0.52114475,0.0,2024-11-10 06:18:08.336000000,VNM,Vietnam
2024-11-10,22.678448,106.02506,46.639435,0.36467886,423.8822,0.5594118,0.0,2024-11-10 06:18:08.282007040,VNM,Vietnam
2024-11-10,22.615458,106.05504,46.6014,0.238415,426.45663,0.5160833,0.0,2024-11-10 06:18:08.083013888,VNM,Vietnam
2024-11-10,22.649828,106.03517,46.61992,0.257176,424.52515,0.48626748,0.0,2024-11-10 06:18:07.974988032,VNM,Vietnam
2024-11-10,22.646763,106.02952,46.613686,0.47475556,425.361,0.5237038,0.0,2024-11-10 06:18:07.588025600,VNM,Vietnam
2024-11-10,22.655193,106.024185,46.618004,0.58578867,424.1159,0.50148594,0.0,2024-11-10 06:18:07.561994752,VNM,Vietnam
2024-11-10,22.609613,106.044815,46.589714,0.25677451,426.10574,0.49481064,0.0,2024-11-10 06:18:07.309008896,VNM,Vietnam
2024-11-10,22.71583,106.03102,46.676838,0.23802792,424.57764,0.5889361,0.0,2024-11-10 06:18:09.748987648,VNM,Vietnam
2024-11-10,22.724483,106.02614,46.681572,0.14286938,424.56302,0.57220423,0.0,2024-11-10 06:18:09.722996992,VNM,Vietnam
2024-11-10,22.936007,105.97798,46.842484,0.2406709,423.89307,0.60898674,0.0,2024-11-10 06:18:13.415996672,VNM,Vietnam
2024-11-10,22.770258,106.00632,46.710487,0.2562448,424.71725,0.4910121,0.0,2024-11-10 06:18:09.975017216,VNM,Vietnam
2024-11-10,20.785162,106.48586,45.238407,0.24921462,423.75134,0.55627507,0.0,2024-11-10 06:17:37.749000192,VNM,Vietnam
2024-11-10,20.79393,106.48133,45.24317,0.15167642,422.35046,0.57811147,0.0,2024-11-10 06:17:37.723009536,VNM,Vietnam
2024-11-10,20.819973,106.46723,45.257008,0.24412249,421.33746,0.6227933,0.0,2024-11-10 06:17:37.642020352,VNM,Vietnam
2024-11-10,20.710764,106.49506,45.178123,0.14576614,422.7365,0.55262816,0.0,2024-11-10 06:17:36.001997056,VNM,Vietnam
2024-11-10,21.781889,106.23444,45.965958,0.46503854,423.59775,0.50798744,0.0,2024-11-10 06:17:53.255011584,VNM,Vietnam
2024-11-10,21.790354,106.22926,45.970264,0.57627726,423.16336,0.51856977,0.0,2024-11-10 06:17:53.228014848,VNM,Vietnam
2024-11-10,21.764713,106.24464,45.95705,0.24642882,424.34073,0.49386516,0.0,2024-11-10 06:17:53.309004288,VNM,Vietnam
2024-11-10,20.900513,106.44839,45.316418,0.24556266,423.54233,0.55402213,0.0,2024-11-10 06:17:38.975024384,VNM,Vietnam
2024-11-10,20.90918,106.44348,45.320923,0.35293105,423.20557,0.51920784,0.0,2024-11-10 06:17:38.948028160,VNM,Vietnam
2024-11-10,20.854343,106.467224,45.287727,0.15105642,423.09344,0.6055093,0.0,2024-11-10 06:17:38.723004160,VNM,Vietnam
2024-11-10,20.89766,106.443214,45.310482,0.46274865,423.36887,0.5044579,0.0,2024-11-10 06:17:38.588022016,VNM,Vietnam
2024-11-10,20.90621,106.43818,45.314823,0.57381666,424.1457,0.55565834,0.0,2024-11-10 06:17:38.561991168,VNM,Vietnam
2024-11-10,22.2531,106.14049,46.3292,0.24052934,422.85355,0.521187,0.0,2024-11-10 06:18:02.083006208,VNM,Vietnam
2024-11-10,22.26177,106.13571,46.333946,0.14361878,422.2665,0.51950043,0.0,2024-11-10 06:18:02.056009728,VNM,Vietnam
2024-11-10,22.279007,106.125885,46.343216,0.15222037,423.39926,0.5244953,0.0,2024-11-10 06:18:02.002017024,VNM,Vietnam
2024-11-10,22.474154,106.067245,46.48192,0.5834749,423.03192,0.51999766,0.0,2024-11-10 06:18:04.562010880,VNM,Vietnam
2024-11-10,22.500425,106.07369,46.509495,0.15685798,424.8569,0.531123,0.0,2024-11-10 06:18:05.669025792,VNM,Vietnam
2024-11-10,22.75017,106.01102,46.695316,0.25629833,425.33636,0.5117983,0.0,2024-11-10 06:18:09.642007552,VNM,Vietnam
2024-11-10,22.146814,106.1544,46.24244,0.2496765,423.73264,0.48526606,0.0,2024-11-10 06:17:59.642021632,VNM,Vietnam
2024-11-10,22.178432,106.149734,46.267902,0.15117794,423.87726,0.5151693,0.0,2024-11-10 06:18:00.336003072,VNM,Vietnam
2024-11-10,22.21285,106.15002,46.299057,0.24089494,424.60544,0.54664016,0.0,2024-11-10 06:18:01.416021248,VNM,Vietnam
2024-11-10,22.230167,106.140366,46.308468,0.09461859,423.88037,0.48637906,0.0,2024-11-10 06:18:01.362993920,VNM,Vietnam
2024-11-10,22.192726,106.15476,46.283985,0.24105483,425.36002,0.5555385,0.0,2024-11-10 06:18:01.083011584,VNM,Vietnam
2024-11-10,22.210045,106.14512,46.293396,0.09444922,423.49527,0.5024855,0.0,2024-11-10 06:18:01.029018880,VNM,Vietnam
2024-11-10,22.218645,106.14017,46.29799,0.15136454,424.40323,0.48263985,0.0,2024-11-10 06:18:01.002022144,VNM,Vietnam
2024-11-10,21.807978,106.24038,45.993095,0.095683135,424.47028,0.5578101,0.0,2024-11-10 06:17:54.362991872,VNM,Vietnam
2024-11-10,21.8166,106.23549,45.997684,0.15025909,424.41302,0.55443263,0.0,2024-11-10 06:17:54.335995136,VNM,Vietnam
2024-11-10,22.166874,106.14952,46.257385,0.24942908,424.6133,0.4881714,0.0,2024-11-10 06:17:59.974991104,VNM,Vietnam
2024-11-10,22.192484,106.133965,46.270634,0.57933486,421.4133,0.53716916,0.0,2024-11-10 06:17:59.895007488,VNM,Vietnam
2024-11-10,22.163956,106.144104,46.251354,0.46809167,424.86288,0.5149373,0.0,2024-11-10 06:17:59.587988736,VNM,Vietnam
2024-11-10,22.172428,106.138855,46.255688,0.57930803,424.90988,0.48967996,0.0,2024-11-10 06:17:59.561997824,VNM,Vietnam
2024-11-10,22.224205,106.1296,46.296356,0.4683802,423.7786,0.49052697,0.0,2024-11-10 06:18:00.588023552,VNM,Vietnam
2024-11-10,22.052025,106.18837,46.178898,0.24364793,424.2613,0.50299966,0.0,2024-11-10 06:17:58.749007104,VNM,Vietnam
2024-11-10,22.04916,106.18342,46.17315,0.09587642,423.11163,0.5064632,0.0,2024-11-10 06:17:58.363010304,VNM,Vietnam
2024-11-10,22.057766,106.17849,46.177734,0.15060684,424.96915,0.5243303,0.0,2024-11-10 06:17:58.336013824,VNM,Vietnam
2024-11-10,21.74752,106.25445,45.94794,0.093675725,423.26495,0.5013684,0.0,2024-11-10 06:17:53.362996992,VNM,Vietnam
2024-11-10,21.799318,106.24518,45.98843,0.1466793,423.5825,0.5498535,0.0,2024-11-10 06:17:54.389022464,VNM,Vietnam
2024-11-10,22.12381,106.15383,46.22142,0.4679718,422.73428,0.52516097,0.0,2024-11-10 06:17:58.921003520,VNM,Vietnam
2024-11-10,21.988886,106.197754,46.12815,0.09663075,423.9004,0.5116222,0.0,2024-11-10 06:17:57.363015680,VNM,Vietnam
2024-11-10,21.862482,106.21567,46.026184,0.46669194,424.6497,0.47790068,0.0,2024-11-10 06:17:54.588015616,VNM,Vietnam
2024-11-10,21.931341,106.19638,46.07567,0.5785442,423.33585,0.5234872,0.0,2024-11-10 06:17:55.562019584,VNM,Vietnam
2024-11-10,21.868414,106.22641,46.038315,0.09855383,425.57043,0.5017665,0.0,2024-11-10 06:17:55.362986240,VNM,Vietnam
2024-11-10,21.885595,106.21656,46.04743,0.24943762,422.54565,0.48445657,0.0,2024-11-10 06:17:55.308993280,VNM,Vietnam
2024-11-10,21.911215,106.201126,46.06064,0.5782992,422.62555,0.5125545,0.0,2024-11-10 06:17:55.228004096,VNM,Vietnam
2024-11-10,21.934444,106.202,46.08197,0.3574493,424.1502,0.48664337,0.0,2024-11-10 06:17:55.948016384,VNM,Vietnam
2024-11-10,21.92584,106.20709,46.077484,0.2500139,423.1444,0.49928933,0.0,2024-11-10 06:17:55.975012864,VNM,Vietnam
2024-11-10,21.965967,106.19752,46.107403,0.24945241,423.8399,0.5016102,0.0,2024-11-10 06:17:56.641997824,VNM,Vietnam
2024-11-10,22.713001,106.02587,46.671062,0.0983013,424.30618,0.5737652,0.0,2024-11-10 06:18:09.362990848,VNM,Vietnam
2024-11-10,22.721573,106.02083,46.675648,0.15787837,424.06464,0.5272934,0.0,2024-11-10 06:18:09.335994368,VNM,Vietnam
2024-11-10,22.730082,106.015724,46.68015,0.25635487,425.05597,0.5384385,0.0,2024-11-10 06:18:09.308998144,VNM,Vietnam
2024-11-10,22.6843,106.03552,46.651237,0.14129561,424.44568,0.5085874,0.0,2024-11-10 06:18:09.056012032,VNM,Vietnam
2024-11-10,22.69291,106.03057,46.6559,0.09759076,425.42035,0.5001893,0.0,2024-11-10 06:18:09.029015552,VNM,Vietnam
2024-11-10,22.709997,106.02044,46.664997,0.25643107,425.7245,0.52875125,0.0,2024-11-10 06:18:08.975022848,VNM,Vietnam
2024-11-10,22.727066,106.00994,46.673897,0.4750132,425.07178,0.5244192,0.0,2024-11-10 06:18:08.920989440,VNM,Vietnam
2024-11-10,22.681427,106.03044,46.64546,0.1582751,425.25995,0.52840716,0.0,2024-11-10 06:18:08.669009408,VNM,Vietnam
2024-11-10,22.258886,106.130646,46.328136,0.1519333,423.71567,0.507861,0.0,2024-11-10 06:18:01.669007360,VNM,Vietnam
2024-11-10,21.87118,106.231224,46.043922,0.2445987,423.80203,0.5338025,0.0,2024-11-10 06:17:55.749023232,VNM,Vietnam
2024-11-10,21.888538,106.22169,46.05334,0.09882687,424.02408,0.5146044,0.0,2024-11-10 06:17:55.695996160,VNM,Vietnam
2024-11-10,21.920061,106.21698,46.078644,0.14811945,422.91595,0.5389723,0.0,2024-11-10 06:17:56.389011968,VNM,Vietnam
2024-11-10,21.78486,106.2399,45.972076,0.2469671,423.7856,0.4812058,0.0,2024-11-10 06:17:53.642013952,VNM,Vietnam
2024-11-10,21.802034,106.2297,45.98098,0.4655492,423.39868,0.50690293,0.0,2024-11-10 06:17:53.588020992,VNM,Vietnam
2024-11-10,21.770456,106.25451,45.96859,0.24342889,424.62277,0.50367314,0.0,2024-11-10 06:17:54.083009280,VNM,Vietnam
2024-11-10,21.850786,106.215096,46.01539,0.57759655,423.42203,0.49625918,0.0,2024-11-10 06:17:54.228009728,VNM,Vietnam
2024-11-10,21.874075,106.2162,46.03688,0.3566374,423.03946,0.46874622,0.0,2024-11-10 06:17:54.948022016,VNM,Vietnam
2024-11-10,21.882633,106.21104,46.04129,0.46698436,423.02625,0.5139073,0.0,2024-11-10 06:17:54.921025280,VNM,Vietnam
2024-11-10,21.810774,106.2453,45.998787,0.2443951,422.75073,0.57872653,0.0,2024-11-10 06:17:54.748988416,VNM,Vietnam
2024-11-10,21.819475,106.24057,46.00353,0.14752452,423.655,0.5167493,0.0,2024-11-10 06:17:54.722998016,VNM,Vietnam
2024-11-10,21.828135,106.23576,46.008194,0.09702151,423.46942,0.5020919,0.0,2024-11-10 06:17:54.696001536,VNM,Vietnam
2024-11-10,21.853922,106.220825,46.021774,0.35625356,424.07565,0.48803765,0.0,2024-11-10 06:17:54.615012096,VNM,Vietnam
2024-11-10,21.767672,106.24972,45.962963,0.09397181,424.44745,0.509161,0.0,2024-11-10 06:17:53.696006656,VNM,Vietnam
2024-11-10,21.928722,106.21217,46.08332,0.09860666,424.10162,0.5071891,0.0,2024-11-10 06:17:56.363021056,VNM,Vietnam
2024-11-10,21.891293,106.22649,46.058937,0.24453235,423.85904,0.51873046,0.0,2024-11-10 06:17:56.082998528,VNM,Vietnam
2024-11-10,21.917282,106.21206,46.07297,0.15299402,423.5409,0.51591325,0.0,2024-11-10 06:17:56.002009088,VNM,Vietnam
2024-11-10,21.931425,106.216934,46.088852,0.2444597,423.89822,0.54349697,0.0,2024-11-10 06:17:56.749017600,VNM,Vietnam
2024-11-10,21.86547,106.22129,46.032394,0.24912713,424.59738,0.4702519,0.0,2024-11-10 06:17:54.975018240,VNM,Vietnam
2024-11-10,21.787823,106.24499,45.977997,0.09434943,423.8311,0.50837076,0.0,2024-11-10 06:17:54.029016576,VNM,Vietnam
2024-11-10,21.796446,106.240105,45.98259,0.1493954,424.06506,0.50370157,0.0,2024-11-10 06:17:54.002020096,VNM,Vietnam
2024-11-10,20.77382,106.48604,45.228355,0.15183412,423.66257,0.568912,0.0,2024-11-10 06:17:37.388994304,VNM,Vietnam
2024-11-10,21.604076,106.282974,45.837677,0.24739634,423.84064,0.4579612,0.0,2024-11-10 06:17:50.641989888,VNM,Vietnam
2024-11-10,21.612698,106.27794,45.842167,0.35491005,423.33945,0.44740653,0.0,2024-11-10 06:17:50.614993664,VNM,Vietnam
2024-11-10,21.621275,106.272835,45.846584,0.46526104,423.86652,0.50052905,0.0,2024-11-10 06:17:50.587997184,VNM,Vietnam
2024-11-10,21.718706,106.26396,45.92825,0.14621495,424.0005,0.46924663,0.0,2024-11-10 06:17:53.056018432,VNM,Vietnam
2024-11-10,21.727371,106.25918,45.932922,0.09338665,423.79385,0.46404567,0.0,2024-11-10 06:17:53.029021952,VNM,Vietnam
2024-11-10,21.744574,106.24938,45.942043,0.24597147,422.544,0.48223394,0.0,2024-11-10 06:17:52.974989056,VNM,Vietnam
2024-11-10,21.761768,106.23921,45.950966,0.4647091,425.4526,0.49184728,0.0,2024-11-10 06:17:52.920995840,VNM,Vietnam
2024-11-10,21.707308,106.263985,45.91802,0.09414258,424.48077,0.4788182,0.0,2024-11-10 06:17:52.696012288,VNM,Vietnam
2024-11-10,21.715944,106.25913,45.922626,0.14835179,424.33755,0.4604535,0.0,2024-11-10 06:17:52.669015808,VNM,Vietnam
2024-11-10,21.724522,106.2542,45.92715,0.24633922,423.85587,0.4550155,0.0,2024-11-10 06:17:52.642019328,VNM,Vietnam
2024-11-10,21.733143,106.24916,45.93165,0.35430956,424.93292,0.48704407,0.0,2024-11-10 06:17:52.615022848,VNM,Vietnam
2024-11-10,21.701614,106.2537,45.906296,0.465335,423.84665,0.5333235,0.0,2024-11-10 06:17:51.921001472,VNM,Vietnam
2024-11-10,21.736,106.25431,45.93752,0.1477815,423.2737,0.46713468,0.0,2024-11-10 06:17:53.002025728,VNM,Vietnam
2024-11-10,21.624214,106.27827,45.852676,0.24781393,424.5651,0.45556167,0.0,2024-11-10 06:17:50.974999552,VNM,Vietnam
2024-11-10,21.606997,106.288025,45.843555,0.09795592,425.22845,0.45811963,0.0,2024-11-10 06:17:51.028992768,VNM,Vietnam
2024-11-10,21.439985,106.31461,45.711353,0.46292883,423.39816,0.4667399,0.0,2024-11-10 06:17:47.588013312,VNM,Vietnam
2024-11-10,21.172848,106.385864,45.51881,0.14171715,422.33286,0.51517105,0.0,2024-11-10 06:17:43.669024512,VNM,Vietnam
2024-11-10,21.181461,106.381035,45.523346,0.24211797,423.41205,0.5088801,0.0,2024-11-10 06:17:43.641987840,VNM,Vietnam
2024-11-10,21.190123,106.37609,45.52786,0.3512299,422.92194,0.52595806,0.0,2024-11-10 06:17:43.614991104,VNM,Vietnam
2024-11-10,21.207277,106.366,45.53665,0.5741928,420.40604,0.5621914,0.0,2024-11-10 06:17:43.562004224,VNM,Vietnam
2024-11-10,21.238785,106.36147,45.561874,0.46149638,422.561,0.5182248,0.0,2024-11-10 06:17:44.255020032,VNM,Vietnam
2024-11-10,21.431402,106.3197,45.706944,0.35198426,423.85822,0.48278576,0.0,2024-11-10 06:17:47.615009792,VNM,Vietnam
2024-11-10,21.529228,106.29117,45.776024,0.576089,422.40475,0.5233168,0.0,2024-11-10 06:17:48.895027200,VNM,Vietnam
2024-11-10,21.41419,106.32961,45.697956,0.14420396,423.63092,0.5155361,0.0,2024-11-10 06:17:47.669002752,VNM,Vietnam
2024-11-10,21.615637,106.28319,45.848164,0.15084529,424.11868,0.43859005,0.0,2024-11-10 06:17:51.001996032,VNM,Vietnam
2024-11-10,21.609665,106.292656,45.849007,0.24556874,426.16437,0.47735325,0.0,2024-11-10 06:17:51.415995136,VNM,Vietnam
2024-11-10,21.618385,106.28798,45.853767,0.14856894,424.94897,0.44989157,0.0,2024-11-10 06:17:51.388998400,VNM,Vietnam
2024-11-10,21.417068,106.33465,45.703804,0.14504723,423.53033,0.48976666,0.0,2024-11-10 06:17:48.056005120,VNM,Vietnam
2024-11-10,21.425749,106.3299,45.70847,0.09070049,423.48358,0.48349863,0.0,2024-11-10 06:17:48.029008896,VNM,Vietnam
2024-11-10,21.434393,106.32508,45.713062,0.1456217,423.66818,0.5087589,0.0,2024-11-10 06:17:48.002012160,VNM,Vietnam
2024-11-10,21.451603,106.31516,45.72205,0.3526743,423.76907,0.46510822,0.0,2024-11-10 06:17:47.948019456,VNM,Vietnam
2024-11-10,21.468693,106.304924,45.73078,0.5748982,422.76526,0.48894334,0.0,2024-11-10 06:17:47.894992384,VNM,Vietnam
2024-11-10,21.388144,106.34384,45.68396,0.2433143,422.6474,0.51817185,0.0,2024-11-10 06:17:47.749026304,VNM,Vietnam
2024-11-10,21.48629,106.316185,45.753696,0.09564137,423.85526,0.48344436,0.0,2024-11-10 06:17:49.029003264,VNM,Vietnam
2024-11-10,21.408344,106.33931,45.69906,0.24385402,423.36603,0.55771637,0.0,2024-11-10 06:17:48.083001600,VNM,Vietnam
2024-11-10,21.477606,106.32093,45.74902,0.14779815,424.0909,0.5244685,0.0,2024-11-10 06:17:49.055999744,VNM,Vietnam
2024-11-10,21.592562,106.28265,45.82717,0.3545346,422.718,0.4994626,0.0,2024-11-10 06:17:50.282024192,VNM,Vietnam
2024-11-10,21.60114,106.27755,45.83159,0.46491072,423.7545,0.51878995,0.0,2024-11-10 06:17:50.255027712,VNM,Vietnam
2024-11-10,21.609644,106.27239,45.83592,0.57603556,422.94498,0.48863518,0.0,2024-11-10 06:17:50.227991040,VNM,Vietnam
2024-11-10,21.529184,106.31156,45.789146,0.24614398,423.59305,0.54261094,0.0,2024-11-10 06:17:50.082990848,VNM,Vietnam
2024-11-10,21.546581,106.30213,45.798573,0.09673992,423.4535,0.47307402,0.0,2024-11-10 06:17:50.028997888,VNM,Vietnam
2024-11-10,21.555222,106.297295,45.803173,0.14939678,423.3467,0.46881297,0.0,2024-11-10 06:17:50.002001408,VNM,Vietnam
2024-11-10,21.563805,106.29239,45.80769,0.24660388,424.12134,0.47611886,0.0,2024-11-10 06:17:49.975005184,VNM,Vietnam
2024-11-10,21.471785,106.310585,45.737133,0.3532572,423.748,0.47597307,0.0,2024-11-10 06:17:48.281994752,VNM,Vietnam
2024-11-10,21.454575,106.3205,45.728138,0.14678,423.70938,0.48452035,0.0,2024-11-10 06:17:48.335987456,VNM,Vietnam
2024-11-10,21.704468,106.25903,45.912262,0.24670996,425.6269,0.4919305,0.0,2024-11-10 06:17:52.309009664,VNM,Vietnam
2024-11-10,21.73017,106.2437,45.925526,0.5763872,424.8663,0.5122584,0.0,2024-11-10 06:17:52.228020480,VNM,Vietnam
2024-11-10,21.750206,106.23887,45.940407,0.5761937,423.32217,0.53240544,0.0,2024-11-10 06:17:52.561995776,VNM,Vietnam
2024-11-10,21.549326,106.30686,45.804142,0.24605775,423.1857,0.55562514,0.0,2024-11-10 06:17:50.416000256,VNM,Vietnam
2024-11-10,21.503517,106.30646,45.762806,0.24664341,422.4565,0.48435515,0.0,2024-11-10 06:17:48.975010304,VNM,Vietnam
2024-11-10,21.512142,106.30143,45.76729,0.3543952,421.9173,0.50767976,0.0,2024-11-10 06:17:48.948014080,VNM,Vietnam
2024-11-10,21.063879,106.41444,45.440136,0.08733817,422.99033,0.5592839,0.0,2024-11-10 06:17:42.029001216,VNM,Vietnam
2024-11-10,21.448713,106.330185,45.729214,0.24482462,423.8388,0.5459055,0.0,2024-11-10 06:17:48.749020928,VNM,Vietnam
2024-11-10,21.466114,106.32076,45.73862,0.09405359,424.13245,0.49890816,0.0,2024-11-10 06:17:48.695993600,VNM,Vietnam
2024-11-10,21.474756,106.31593,45.743217,0.14794739,423.4447,0.49310467,0.0,2024-11-10 06:17:48.668997376,VNM,Vietnam
2024-11-10,21.42853,106.33475,45.714134,0.24433216,423.75574,0.5514942,0.0,2024-11-10 06:17:48.416011264,VNM,Vietnam
2024-11-10,21.437252,106.33008,45.718876,0.1459768,422.96432,0.5077027,0.0,2024-11-10 06:17:48.389015040,VNM,Vietnam
2024-11-10,21.15546,106.395294,45.509495,0.14118089,422.56976,0.54957616,0.0,2024-11-10 06:17:43.723017216,VNM,Vietnam
2024-11-10,21.146708,106.39989,45.504723,0.24167475,422.3501,0.54950666,0.0,2024-11-10 06:17:43.749007872,VNM,Vietnam
2024-11-10,20.76505,106.49057,45.22359,0.24936333,424.18036,0.60665387,0.0,2024-11-10 06:17:37.415990528,VNM,Vietnam
2024-11-10,21.350605,106.338005,45.646626,0.3490494,423.03293,0.45523232,0.0,2024-11-10 06:17:46.282005504,VNM,Vietnam
2024-11-10,21.333384,106.34788,45.63763,0.13891013,423.11673,0.526269,0.0,2024-11-10 06:17:46.335998464,VNM,Vietnam
2024-11-10,21.448496,106.30947,45.715675,0.5744221,423.97366,0.4961959,0.0,2024-11-10 06:17:47.562022656,VNM,Vietnam
2024-11-10,21.367937,106.348366,45.668858,0.24277069,423.1934,0.55322176,0.0,2024-11-10 06:17:47.416016896,VNM,Vietnam
2024-11-10,21.376663,106.34371,45.673595,0.14287144,422.95496,0.4701699,0.0,2024-11-10 06:17:47.389020416,VNM,Vietnam
2024-11-10,21.385344,106.338974,45.67826,0.086612724,422.61545,0.4784133,0.0,2024-11-10 06:17:47.362989312,VNM,Vietnam
2024-11-10,21.25306,106.36698,45.5782,0.13993512,422.36465,0.5377378,0.0,2024-11-10 06:17:45.001988352,VNM,Vietnam
2024-11-10,21.419788,106.31916,45.69625,0.4623767,423.90707,0.5074161,0.0,2024-11-10 06:17:47.255003648,VNM,Vietnam
2024-11-10,21.428299,106.31402,45.700573,0.5739518,422.86868,0.511505,0.0,2024-11-10 06:17:47.228007424,VNM,Vietnam
2024-11-10,21.310394,106.347496,45.616817,0.34878263,422.34982,0.4894016,0.0,2024-11-10 06:17:45.615020800,VNM,Vietnam
2024-11-10,21.347733,106.35289,45.653755,0.24224697,422.42102,0.49797502,0.0,2024-11-10 06:17:47.083006976,VNM,Vietnam
2024-11-10,21.36514,106.343506,45.663162,0.08456266,423.26117,0.46021298,0.0,2024-11-10 06:17:47.029014016,VNM,Vietnam
2024-11-10,21.373787,106.338684,45.667755,0.14142069,422.58347,0.4466469,0.0,2024-11-10 06:17:47.002017792,VNM,Vietnam
2024-11-10,21.34197,106.343,45.64214,0.23974022,422.87085,0.49042222,0.0,2024-11-10 06:17:46.309001984,VNM,Vietnam
2024-11-10,21.382374,106.3338,45.672264,0.24161217,422.83826,0.4573279,0.0,2024-11-10 06:17:46.975021312,VNM,Vietnam
2024-11-10,21.327526,106.35747,45.638683,0.24205752,422.23123,0.5558861,0.0,2024-11-10 06:17:46.748991488,VNM,Vietnam
2024-11-10,21.336254,106.35282,45.64343,0.14119804,422.7601,0.51581985,0.0,2024-11-10 06:17:46.723001088,VNM,Vietnam
2024-11-10,21.344938,106.34809,45.648094,0.08300548,422.63278,0.49790645,0.0,2024-11-10 06:17:46.696004608,VNM,Vietnam
2024-11-10,21.353584,106.343285,45.65269,0.14016125,422.9356,0.44910935,0.0,2024-11-10 06:17:46.669008128,VNM,Vietnam
2024-11-10,21.362171,106.3384,45.6572,0.24067283,422.65836,0.45957878,0.0,2024-11-10 06:17:46.642011648,VNM,Vietnam
2024-11-10,21.370804,106.333405,45.661686,0.34982914,422.8961,0.4441725,0.0,2024-11-10 06:17:46.615015168,VNM,Vietnam
2024-11-10,21.356459,106.348236,45.658497,0.14180672,422.82672,0.5084519,0.0,2024-11-10 06:17:47.056010752,VNM,Vietnam
2024-11-10,21.37939,106.32833,45.6661,0.46109575,423.63855,0.5002816,0.0,2024-11-10 06:17:46.588018944,VNM,Vietnam
2024-11-10,21.359194,106.33294,45.65104,0.46040228,422.116,0.45229927,0.0,2024-11-10 06:17:46.255009280,VNM,Vietnam
2024-11-10,21.284477,106.3621,45.603165,0.080997415,423.80844,0.49582973,0.0,2024-11-10 06:17:45.696010240,VNM,Vietnam
2024-11-10,21.275776,106.36679,45.598473,0.14066218,423.1697,0.5466026,0.0,2024-11-10 06:17:45.723006464,VNM,Vietnam
2024-11-10,21.267033,106.37141,45.593708,0.24215563,422.69693,0.5683464,0.0,2024-11-10 06:17:45.748996864,VNM,Vietnam
2024-11-10,21.347565,106.332504,45.640392,0.5717915,422.74762,0.4964666,0.0,2024-11-10 06:17:45.895003136,VNM,Vietnam
2024-11-10,21.339035,106.33761,45.636047,0.45994714,423.0825,0.4980983,0.0,2024-11-10 06:17:45.920993792,VNM,Vietnam
2024-11-10,21.330433,106.34265,45.631615,0.34846023,423.15002,0.4880672,0.0,2024-11-10 06:17:45.947990272,VNM,Vietnam
2024-11-10,21.304531,106.357285,45.617977,0.07999083,422.3955,0.46084788,0.0,2024-11-10 06:17:46.029019648,VNM,Vietnam
2024-11-10,21.313183,106.35248,45.622574,0.13768627,422.73993,0.47261152,0.0,2024-11-10 06:17:46.002023168,VNM,Vietnam
2024-11-10,21.295845,106.362,45.613308,0.14019841,423.62717,0.4712828,0.0,2024-11-10 06:17:46.056015872,VNM,Vietnam
2024-11-10,21.287115,106.36664,45.608566,0.24191238,423.66846,0.49179602,0.0,2024-11-10 06:17:46.083012608,VNM,Vietnam
2024-11-10,21.29314,106.357315,45.60778,0.13842678,423.07333,0.50101423,0.0,2024-11-10 06:17:45.669013504,VNM,Vietnam
2024-11-10,21.367708,106.32781,45.655365,0.5721499,422.44794,0.489044,0.0,2024-11-10 06:17:46.228012800,VNM,Vietnam
2024-11-10,21.244392,106.37176,45.573586,0.083419435,421.6947,0.5502454,0.0,2024-11-10 06:17:45.029025024,VNM,Vietnam
2024-11-10,21.321785,106.347626,45.627106,0.23893632,423.02695,0.4799168,0.0,2024-11-10 06:17:45.974986496,VNM,Vietnam
2024-11-10,21.318998,106.34245,45.621254,0.46019837,422.8067,0.52919555,0.0,2024-11-10 06:17:45.588024064,VNM,Vietnam
2024-11-10,21.327528,106.33735,45.6256,0.5719974,422.5397,0.52250636,0.0,2024-11-10 06:17:45.561993472,VNM,Vietnam
2024-11-10,21.246988,106.37623,45.578915,0.24249858,423.29227,0.5525733,0.0,2024-11-10 06:17:45.415987456,VNM,Vietnam
2024-11-10,21.255732,106.37162,45.583683,0.14130807,422.83862,0.48217526,0.0,2024-11-10 06:17:45.388990976,VNM,Vietnam
2024-11-10,21.264435,106.36693,45.58837,0.082205676,423.32568,0.5006534,0.0,2024-11-10 06:17:45.363000320,VNM,Vietnam
2024-11-10,21.2731,106.36215,45.592987,0.1391792,422.68497,0.5471939,0.0,2024-11-10 06:17:45.336003840,VNM,Vietnam
2024-11-10,21.281706,106.35731,45.59752,0.23984626,423.21765,0.509295,0.0,2024-11-10 06:17:45.309007360,VNM,Vietnam
2024-11-10,21.298962,106.3473,45.606464,0.46045223,423.39224,0.54317313,0.0,2024-11-10 06:17:45.255014656,VNM,Vietnam
2024-11-10,21.307493,106.3422,45.61081,0.5722051,422.80328,0.47658285,0.0,2024-11-10 06:17:45.228018176,VNM,Vietnam
2024-11-10,21.226942,106.38106,45.56413,0.24285014,424.30188,0.48434275,0.0,2024-11-10 06:17:45.083017728,VNM,Vietnam
2024-11-10,21.387905,106.323204,45.67042,0.5727877,423.42603,0.4891267,0.0,2024-11-10 06:17:46.561987840,VNM,Vietnam
2024-11-10,21.307322,106.36205,45.623623,0.24197808,422.4481,0.5524167,0.0,2024-11-10 06:17:46.416022272,VNM,Vietnam
2024-11-10,21.31605,106.35741,45.62837,0.14068797,422.77,0.510958,0.0,2024-11-10 06:17:46.389025792,VNM,Vietnam
2024-11-10,21.12707,106.38512,45.47741,0.575168,422.5319,0.5104172,0.0,2024-11-10 06:17:42.227994112,VNM,Vietnam
2024-11-10,21.055168,106.419106,45.43545,0.14245519,422.52,0.5650866,0.0,2024-11-10 06:17:42.055997696,VNM,Vietnam
2024-11-10,21.112743,106.400276,45.474483,0.1440941,421.9043,0.4668597,0.0,2024-11-10 06:17:42.668989696,VNM,Vietnam
2024-11-10,21.270313,106.357155,45.587223,0.3494437,423.32562,0.5258746,0.0,2024-11-10 06:17:44.947995648,VNM,Vietnam
2024-11-10,21.144167,106.39547,45.49946,0.08580437,422.32242,0.4924324,0.0,2024-11-10 06:17:43.363011072,VNM,Vietnam
2024-11-10,21.1267,106.40473,45.489994,0.24192303,422.7787,0.50646853,0.0,2024-11-10 06:17:43.415998208,VNM,Vietnam
2024-11-10,21.206877,106.38576,45.54926,0.24256267,423.8071,0.5266414,0.0,2024-11-10 06:17:44.749002496,VNM,Vietnam
2024-11-10,21.215622,106.38114,45.55402,0.14165387,423.6053,0.4465813,0.0,2024-11-10 06:17:44.723012096,VNM,Vietnam
2024-11-10,21.224323,106.37644,45.5587,0.08327505,423.24747,0.45838332,0.0,2024-11-10 06:17:44.696015360,VNM,Vietnam
2024-11-10,21.232988,106.37166,45.56331,0.14013356,422.3487,0.51774204,0.0,2024-11-10 06:17:44.669018880,VNM,Vietnam
2024-11-10,21.241594,106.366806,45.567833,0.24061368,421.87854,0.53372514,0.0,2024-11-10 06:17:44.642022656,VNM,Vietnam
2024-11-10,21.11853,106.39019,45.47307,0.46360198,422.29855,0.509339,0.0,2024-11-10 06:17:42.254990592,VNM,Vietnam
2024-11-10,21.250246,106.36183,45.572334,0.3498022,422.53638,0.54274493,0.0,2024-11-10 06:17:44.615025920,VNM,Vietnam
2024-11-10,21.186804,106.39042,45.534374,0.24208203,423.06107,0.5273392,0.0,2024-11-10 06:17:44.415992832,VNM,Vietnam
2024-11-10,21.204252,106.38111,45.543816,0.083030604,422.9684,0.5075151,0.0,2024-11-10 06:17:44.363005696,VNM,Vietnam
2024-11-10,21.21292,106.376335,45.548424,0.14033408,423.58502,0.45366788,0.0,2024-11-10 06:17:44.336009216,VNM,Vietnam
2024-11-10,21.221527,106.37148,45.552948,0.24093123,423.53653,0.4426467,0.0,2024-11-10 06:17:44.309012992,VNM,Vietnam
2024-11-10,21.135454,106.40014,45.494766,0.14186735,423.11084,0.48489273,0.0,2024-11-10 06:17:43.389001728,VNM,Vietnam
2024-11-10,21.230179,106.366516,45.557446,0.35016063,423.1591,0.51451695,0.0,2024-11-10 06:17:44.282016512,VNM,Vietnam
2024-11-10,21.16673,106.39509,45.51949,0.24160445,422.74448,0.573624,0.0,2024-11-10 06:17:44.083023360,VNM,Vietnam
2024-11-10,21.175478,106.39048,45.524246,0.14068823,423.21826,0.4970971,0.0,2024-11-10 06:17:44.055986688,VNM,Vietnam
2024-11-10,21.184181,106.38579,45.52893,0.082793094,423.58365,0.48687002,0.0,2024-11-10 06:17:44.028990208,VNM,Vietnam
2024-11-10,21.192852,106.38101,45.533543,0.14054656,422.7717,0.5235254,0.0,2024-11-10 06:17:44.001993984,VNM,Vietnam
2024-11-10,21.201464,106.37618,45.53808,0.24129388,423.36694,0.53089875,0.0,2024-11-10 06:17:43.974997504,VNM,Vietnam
2024-11-10,21.267384,106.351685,45.5811,0.57286537,422.5518,0.54416513,0.0,2024-11-10 06:17:44.561998848,VNM,Vietnam
2024-11-10,21.324734,106.35269,45.633034,0.0814942,421.79214,0.50463045,0.0,2024-11-10 06:17:46.362994944,VNM,Vietnam
2024-11-10,21.261663,106.36213,45.582726,0.24029689,423.48337,0.53035367,0.0,2024-11-10 06:17:44.974992128,VNM,Vietnam
2024-11-10,21.164173,106.390625,45.514187,0.0842301,422.5783,0.5436075,0.0,2024-11-10 06:17:43.696020736,VNM,Vietnam
2024-11-10,21.278917,106.352104,45.591652,0.4607393,422.4671,0.53043485,0.0,2024-11-10 06:17:44.920999168,VNM,Vietnam
2024-11-10,21.17012,106.38095,45.513134,0.35189635,421.51938,0.5743352,0.0,2024-11-10 06:17:43.282021888,VNM,Vietnam
2024-11-10,21.178738,106.37594,45.517574,0.4630627,421.617,0.547527,0.0,2024-11-10 06:17:43.255025408,VNM,Vietnam
2024-11-10,21.106691,106.40957,45.47527,0.24218471,423.0767,0.56184703,0.0,2024-11-10 06:17:43.082988544,VNM,Vietnam
2024-11-10,21.115448,106.40499,45.48004,0.14257282,422.57303,0.47322357,0.0,2024-11-10 06:17:43.055992064,VNM,Vietnam
2024-11-10,21.124163,106.40032,45.484734,0.087385066,423.06796,0.52301764,0.0,2024-11-10 06:17:43.028995840,VNM,Vietnam
2024-11-10,21.13284,106.39557,45.489357,0.14408155,422.07764,0.47690564,0.0,2024-11-10 06:17:43.001999360,VNM,Vietnam
2024-11-10,21.141449,106.39074,45.49388,0.2437194,421.89798,0.49883413,0.0,2024-11-10 06:17:42.975002880,VNM,Vietnam
2024-11-10,21.150105,106.38579,45.498383,0.35246152,423.10477,0.50031024,0.0,2024-11-10 06:17:42.948006400,VNM,Vietnam
2024-11-10,21.167252,106.37568,45.507153,0.57506806,421.75864,0.5593536,0.0,2024-11-10 06:17:42.895019264,VNM,Vietnam
2024-11-10,21.086615,106.4143,45.46043,0.24218875,423.09772,0.56179804,0.0,2024-11-10 06:17:42.749013504,VNM,Vietnam
2024-11-10,21.121355,106.39545,45.479008,0.2437535,421.21463,0.51907986,0.0,2024-11-10 06:17:42.641992960,VNM,Vietnam
2024-11-10,21.13001,106.390495,45.48351,0.3525046,421.51685,0.50301105,0.0,2024-11-10 06:17:42.614996736,VNM,Vietnam
2024-11-10,21.138622,106.385475,45.487938,0.46355495,422.48422,0.5290853,0.0,2024-11-10 06:17:42.588000256,VNM,Vietnam
2024-11-10,21.147161,106.3804,45.49228,0.5751184,423.1256,0.5123101,0.0,2024-11-10 06:17:42.562009856,VNM,Vietnam
2024-11-10,21.066515,106.419,45.445557,0.24211432,423.66425,0.5981604,0.0,2024-11-10 06:17:42.416003584,VNM,Vietnam
2024-11-10,21.075266,106.414406,45.450317,0.14253132,422.8078,0.52225405,0.0,2024-11-10 06:17:42.389007104,VNM,Vietnam
2024-11-10,21.083975,106.40974,45.455,0.08738871,422.88754,0.4871435,0.0,2024-11-10 06:17:42.363016704,VNM,Vietnam
2024-11-10,21.218737,106.3662,45.547028,0.46192116,422.681,0.50189656,0.0,2024-11-10 06:17:43.921004544,VNM,Vietnam
2024-11-10,21.526482,106.30682,45.783607,0.09636572,422.28522,0.5011646,0.0,2024-11-10 06:17:49.695988224,VNM,Vietnam
2024-11-10,21.041136,106.414635,45.41987,0.24524702,423.44922,0.5220903,0.0,2024-11-10 06:17:41.308988928,VNM,Vietnam
2024-11-10,20.975008,106.4385,45.376534,0.1462535,423.99963,0.5502234,0.0,2024-11-10 06:17:40.722993408,VNM,Vietnam
2024-11-10,20.96625,106.44306,45.371765,0.24424152,423.50064,0.5855599,0.0,2024-11-10 06:17:40.749024256,VNM,Vietnam
2024-11-10,21.046938,106.40454,45.41845,0.57606477,422.74554,0.55796546,0.0,2024-11-10 06:17:40.894990080,VNM,Vietnam
2024-11-10,21.709997,106.26866,45.923504,0.244209,424.11505,0.5142801,0.0,2024-11-10 06:17:53.083014656,VNM,Vietnam
2024-11-10,21.02111,106.4195,45.405155,0.24588847,426.82312,0.48881885,0.0,2024-11-10 06:17:40.975013632,VNM,Vietnam
2024-11-10,21.012491,106.4243,45.400623,0.14745367,425.011,0.48860136,0.0,2024-11-10 06:17:41.002010112,VNM,Vietnam
2024-11-10,21.003809,106.42903,45.396,0.09236289,423.41397,0.5212378,0.0,2024-11-10 06:17:41.029006592,VNM,Vietnam
2024-11-10,20.995089,106.43367,45.391304,0.14530121,423.48975,0.5135881,0.0,2024-11-10 06:17:41.056003072,VNM,Vietnam
2024-11-10,20.986326,106.43823,45.386528,0.243552,424.06763,0.5751181,0.0,2024-11-10 06:17:41.082999552,VNM,Vietnam
2024-11-10,21.066977,106.399666,45.433178,0.5759227,422.73453,0.55684525,0.0,2024-11-10 06:17:41.227999744,VNM,Vietnam
2024-11-10,21.058426,106.40472,45.428825,0.46449062,423.057,0.56103516,0.0,2024-11-10 06:17:41.254995968,VNM,Vietnam
2024-11-10,21.02383,106.424164,45.410706,0.09063984,425.5558,0.5062908,0.0,2024-11-10 06:17:41.363022080,VNM,Vietnam
2024-11-10,21.015112,106.42881,45.406006,0.1442808,423.84824,0.5188083,0.0,2024-11-10 06:17:41.389012480,VNM,Vietnam
2024-11-10,21.006351,106.43337,45.401234,0.24298832,423.21436,0.5639576,0.0,2024-11-10 06:17:41.416008960,VNM,Vietnam
2024-11-10,21.08699,106.39478,45.447884,0.57560986,423.55872,0.489216,0.0,2024-11-10 06:17:41.562014976,VNM,Vietnam
2024-11-10,21.078442,106.39983,45.44353,0.46410754,423.2234,0.4947808,0.0,2024-11-10 06:17:41.588005888,VNM,Vietnam
2024-11-10,21.06982,106.40483,45.43909,0.3531492,423.377,0.51985306,0.0,2024-11-10 06:17:41.615002112,VNM,Vietnam
2024-11-10,21.061153,106.40975,45.434574,0.24455768,423.1408,0.52952015,0.0,2024-11-10 06:17:41.641998592,VNM,Vietnam
2024-11-10,21.043852,106.4193,45.42541,0.08892235,423.1451,0.5433848,0.0,2024-11-10 06:17:41.695991552,VNM,Vietnam
2024-11-10,21.049803,106.40971,45.42438,0.3536419,422.49536,0.55171686,0.0,2024-11-10 06:17:41.281992448,VNM,Vietnam
2024-11-10,21.026375,106.42851,45.415943,0.2424387,423.8792,0.55678344,0.0,2024-11-10 06:17:41.749018624,VNM,Vietnam
2024-11-10,20.791239,106.47672,45.23766,0.14759897,423.30804,0.5321408,0.0,2024-11-10 06:17:37.336007168,VNM,Vietnam
2024-11-10,20.684566,106.50891,45.164074,0.24705416,424.3412,0.6451038,0.0,2024-11-10 06:17:36.083026432,VNM,Vietnam
2024-11-10,20.765394,106.47086,45.21081,0.5731837,422.9272,0.56631255,0.0,2024-11-10 06:17:36.228026880,VNM,Vietnam
2024-11-10,20.756832,106.47588,45.206474,0.4619274,422.84586,0.5792653,0.0,2024-11-10 06:17:36.255023360,VNM,Vietnam
2024-11-10,20.748198,106.48085,45.20205,0.35138962,423.6369,0.5667582,0.0,2024-11-10 06:17:36.282019584,VNM,Vietnam
2024-11-10,20.73952,106.48574,45.197548,0.24362856,423.90106,0.52022713,0.0,2024-11-10 06:17:36.309016064,VNM,Vietnam
2024-11-10,20.730886,106.49052,45.193027,0.14635287,423.4704,0.53374195,0.0,2024-11-10 06:17:36.336012288,VNM,Vietnam
2024-11-10,20.722193,106.495224,45.18842,0.09501905,424.00687,0.56534773,0.0,2024-11-10 06:17:36.363009024,VNM,Vietnam
2024-11-10,20.713463,106.49984,45.18374,0.14979953,423.52698,0.6462004,0.0,2024-11-10 06:17:36.388999424,VNM,Vietnam
2024-11-10,20.704693,106.50438,45.17898,0.24794886,423.61353,0.66422546,0.0,2024-11-10 06:17:36.415996160,VNM,Vietnam
2024-11-10,20.776953,106.47133,45.221382,0.46180406,423.4091,0.5448688,0.0,2024-11-10 06:17:36.587992576,VNM,Vietnam
2024-11-10,20.768318,106.4763,45.216957,0.35136956,424.03583,0.4813677,0.0,2024-11-10 06:17:36.614989056,VNM,Vietnam
2024-11-10,20.75964,106.4812,45.212456,0.24379987,423.85492,0.56080025,0.0,2024-11-10 06:17:36.641985536,VNM,Vietnam
2024-11-10,20.742317,106.490685,45.203327,0.09643452,423.3094,0.5471301,0.0,2024-11-10 06:17:36.696018688,VNM,Vietnam
2024-11-10,20.73359,106.49531,45.198647,0.15099883,423.21695,0.5598347,0.0,2024-11-10 06:17:36.723015168,VNM,Vietnam
2024-11-10,20.72482,106.49985,45.19389,0.24885236,423.1824,0.6173059,0.0,2024-11-10 06:17:36.749005568,VNM,Vietnam
2024-11-10,20.80563,106.46175,45.24063,0.5728103,421.5289,0.62077606,0.0,2024-11-10 06:17:36.895011584,VNM,Vietnam
2024-11-10,20.797071,106.466774,45.236294,0.46168453,422.71356,0.57922184,0.0,2024-11-10 06:17:36.921002496,VNM,Vietnam
2024-11-10,20.788439,106.47175,45.23187,0.35135514,423.20468,0.53661364,0.0,2024-11-10 06:17:36.947998720,VNM,Vietnam
2024-11-10,20.779762,106.476654,45.227367,0.24398006,423.25366,0.5277843,0.0,2024-11-10 06:17:36.974995200,VNM,Vietnam
2024-11-10,20.771132,106.48143,45.222847,0.14757708,423.4805,0.52197844,0.0,2024-11-10 06:17:37.001991424,VNM,Vietnam
2024-11-10,20.76244,106.48613,45.21823,0.09774413,423.33347,0.5580207,0.0,2024-11-10 06:17:37.028987904,VNM,Vietnam
2024-11-10,20.753712,106.490746,45.213543,0.15199624,422.68246,0.57477784,0.0,2024-11-10 06:17:37.056024576,VNM,Vietnam
2024-11-10,20.744942,106.49528,45.20878,0.24951541,423.24927,0.5937971,0.0,2024-11-10 06:17:37.083021056,VNM,Vietnam
2024-11-10,20.808546,106.46706,45.246696,0.3514236,421.77933,0.57717836,0.0,2024-11-10 06:17:37.282014208,VNM,Vietnam
2024-11-10,20.799868,106.47195,45.24219,0.24405606,422.93298,0.58494925,0.0,2024-11-10 06:17:37.309010432,VNM,Vietnam
2024-11-10,20.782547,106.48142,45.233044,0.09762961,424.09152,0.51122916,0.0,2024-11-10 06:17:37.363003392,VNM,Vietnam
2024-11-10,21.107004,106.38989,45.462593,0.57530147,422.48572,0.46728835,0.0,2024-11-10 06:17:41.895024896,VNM,Vietnam
2024-11-10,20.983725,106.43385,45.38122,0.09344649,423.72815,0.5057072,0.0,2024-11-10 06:17:40.695996672,VNM,Vietnam
2024-11-10,20.702068,106.49976,45.173515,0.093609914,423.19077,0.6056034,0.0,2024-11-10 06:17:36.028993280,VNM,Vietnam
2024-11-10,20.719398,106.4903,45.18265,0.24347873,423.86026,0.5626188,0.0,2024-11-10 06:17:35.975000576,VNM,Vietnam
2024-11-10,21.081173,106.40488,45.449284,0.24387932,422.94308,0.49903053,0.0,2024-11-10 06:17:41.975008256,VNM,Vietnam
2024-11-10,20.72808,106.48543,45.18716,0.35140902,423.2868,0.5543867,0.0,2024-11-10 06:17:35.948004352,VNM,Vietnam
2024-11-10,20.475328,106.54153,44.99931,0.46094182,425.0009,0.5564035,0.0,2024-11-10 06:17:31.588019968,VNM,Vietnam
2024-11-10,20.466671,106.546425,44.994865,0.35027462,422.78354,0.5573813,0.0,2024-11-10 06:17:31.615016192,VNM,Vietnam
2024-11-10,20.440601,106.560585,44.981182,0.092229374,422.4847,0.5386755,0.0,2024-11-10 06:17:31.696005376,VNM,Vietnam
2024-11-10,20.431852,106.56513,44.976482,0.14822008,422.70035,0.60123694,0.0,2024-11-10 06:17:31.723001856,VNM,Vietnam
2024-11-10,20.42306,106.5696,44.971706,0.24706429,422.82623,0.63926053,0.0,2024-11-10 06:17:31.748992512,VNM,Vietnam
2024-11-10,20.503983,106.53175,45.01834,0.5723119,423.95084,0.5313684,0.0,2024-11-10 06:17:31.894998528,VNM,Vietnam
2024-11-10,20.4954,106.53671,45.013985,0.46094468,424.49167,0.5309872,0.0,2024-11-10 06:17:31.920988928,VNM,Vietnam
2024-11-10,20.486744,106.54161,45.00954,0.35020015,424.75842,0.5595601,0.0,2024-11-10 06:17:31.948025600,VNM,Vietnam
2024-11-10,21.018309,106.41442,45.39932,0.46457547,424.9422,0.5499463,0.0,2024-11-10 06:17:40.588011264,VNM,Vietnam
2024-11-10,20.478045,106.54644,45.005024,0.24202126,425.81302,0.63171965,0.0,2024-11-10 06:17:31.975022336,VNM,Vietnam
2024-11-10,20.451942,106.56037,44.991188,0.14758095,423.9831,0.52551115,0.0,2024-11-10 06:17:32.056011776,VNM,Vietnam
2024-11-10,20.524109,106.527084,45.033142,0.5725287,423.84845,0.52714354,0.0,2024-11-10 06:17:32.228008192,VNM,Vietnam
2024-11-10,20.515533,106.53206,45.028805,0.46120164,424.03833,0.53326577,0.0,2024-11-10 06:17:32.255004672,VNM,Vietnam
2024-11-10,20.506887,106.53698,45.024376,0.3505276,424.2182,0.52515125,0.0,2024-11-10 06:17:32.282000896,VNM,Vietnam
2024-11-10,20.498196,106.541824,45.01987,0.24248555,424.86853,0.51106626,0.0,2024-11-10 06:17:32.308997632,VNM,Vietnam
2024-11-10,20.48955,106.546555,45.015347,0.14455925,424.33707,0.49667615,0.0,2024-11-10 06:17:32.335994112,VNM,Vietnam
2024-11-10,20.480844,106.551216,45.010735,0.09232061,424.5581,0.5837012,0.0,2024-11-10 06:17:32.362990336,VNM,Vietnam
2024-11-10,20.463322,106.56028,45.001293,0.24690616,422.78488,0.5887893,0.0,2024-11-10 06:17:32.416017408,VNM,Vietnam
2024-11-10,20.544262,106.52248,45.04801,0.57282704,422.89944,0.5739937,0.0,2024-11-10 06:17:32.562023680,VNM,Vietnam
2024-11-10,20.527044,106.53239,45.03924,0.350939,424.05096,0.52567714,0.0,2024-11-10 06:17:32.615010816,VNM,Vietnam
2024-11-10,20.518353,106.53723,45.03474,0.24301946,423.8083,0.52911615,0.0,2024-11-10 06:17:32.642007040,VNM,Vietnam
2024-11-10,21.5178,106.31157,45.77893,0.14855924,422.52814,0.5100778,0.0,2024-11-10 06:17:49.723024896,VNM,Vietnam
2024-11-10,20.460684,106.5558,44.995872,0.09126962,422.69263,0.524423,0.0,2024-11-10 06:17:32.029015040,VNM,Vietnam
2024-11-10,21.026855,106.40938,45.403667,0.5758536,423.26364,0.5764382,0.0,2024-11-10 06:17:40.562020608,VNM,Vietnam
2024-11-10,20.963634,106.438675,45.366444,0.09448644,423.43442,0.5540412,0.0,2024-11-10 06:17:40.362987264,VNM,Vietnam
2024-11-10,21.001022,106.42433,45.390373,0.24593629,423.77707,0.5066409,0.0,2024-11-10 06:17:40.642003968,VNM,Vietnam
2024-11-10,20.986681,106.419044,45.374107,0.5753854,424.34094,0.49301666,0.0,2024-11-10 06:17:39.894995456,VNM,Vietnam
2024-11-10,20.90332,106.453094,45.32207,0.097081795,423.83762,0.5971717,0.0,2024-11-10 06:17:39.362992640,VNM,Vietnam
2024-11-10,20.966576,106.42386,45.359306,0.57502544,423.0503,0.574415,0.0,2024-11-10 06:17:39.562025984,VNM,Vietnam
2024-11-10,20.958027,106.4289,45.35496,0.46388897,422.61533,0.56445223,0.0,2024-11-10 06:17:39.588016384,VNM,Vietnam
2024-11-10,20.978134,106.42409,45.369762,0.464212,423.87595,0.5253681,0.0,2024-11-10 06:17:39.921026304,VNM,Vietnam
2024-11-10,21.009687,106.41942,45.394882,0.35395086,424.9697,0.53948915,0.0,2024-11-10 06:17:40.615007744,VNM,Vietnam
2024-11-10,20.969513,106.42908,45.365326,0.35375,423.75323,0.5330044,0.0,2024-11-10 06:17:39.948022528,VNM,Vietnam
2024-11-10,20.943544,106.4435,45.35167,0.095533244,422.83774,0.50631225,0.0,2024-11-10 06:17:40.029011968,VNM,Vietnam
2024-11-10,21.006771,106.414215,45.388893,0.57564396,422.7576,0.5595855,0.0,2024-11-10 06:17:40.228004864,VNM,Vietnam
2024-11-10,20.998224,106.41926,45.384544,0.4644132,423.27585,0.5386503,0.0,2024-11-10 06:17:40.255001600,VNM,Vietnam
2024-11-10,20.989601,106.42425,45.380108,0.3538642,423.35168,0.52365476,0.0,2024-11-10 06:17:40.281997824,VNM,Vietnam
2024-11-10,20.980936,106.42916,45.375595,0.24598984,424.0492,0.4859087,0.0,2024-11-10 06:17:40.308994304,VNM,Vietnam
2024-11-10,20.972315,106.43395,45.371063,0.14819683,423.89056,0.52593595,0.0,2024-11-10 06:17:40.335990784,VNM,Vietnam
2024-11-10,20.751009,106.48598,45.207935,0.14695856,423.3912,0.5835896,0.0,2024-11-10 06:17:36.669022208,VNM,Vietnam
2024-11-10,20.509708,106.54196,45.030212,0.1453464,424.50012,0.52218324,0.0,2024-11-10 06:17:32.669003520,VNM,Vietnam
2024-11-10,20.785511,106.4663,45.22572,0.57299566,422.16187,0.5516139,0.0,2024-11-10 06:17:36.562001920,VNM,Vietnam
2024-11-10,20.492266,106.5512,45.02092,0.14865747,424.5263,0.57509995,0.0,2024-11-10 06:17:32.722996480,VNM,Vietnam
2024-11-10,20.41781,106.56084,44.960987,0.24257848,423.51892,0.5315916,0.0,2024-11-10 06:17:30.974987520,VNM,Vietnam
2024-11-10,20.409164,106.56555,44.956463,0.1454171,424.33917,0.5439907,0.0,2024-11-10 06:17:31.002024192,VNM,Vietnam
2024-11-10,20.400448,106.570175,44.951836,0.094481364,423.85077,0.5237257,0.0,2024-11-10 06:17:31.029020672,VNM,Vietnam
2024-11-10,20.446598,106.55123,44.980194,0.3503529,423.25412,0.46657714,0.0,2024-11-10 06:17:31.282006528,VNM,Vietnam
2024-11-10,20.437897,106.55605,44.975674,0.24246117,423.19522,0.57990074,0.0,2024-11-10 06:17:31.309002752,VNM,Vietnam
2024-11-10,20.512417,106.546585,45.035767,0.14899977,424.323,0.5312801,0.0,2024-11-10 06:17:33.056006144,VNM,Vietnam
2024-11-10,20.503632,106.55107,45.030994,0.24721098,424.43976,0.5964797,0.0,2024-11-10 06:17:33.083002624,VNM,Vietnam
2024-11-10,20.584528,106.51314,45.07765,0.57335967,423.1392,0.52869254,0.0,2024-11-10 06:17:33.228002816,VNM,Vietnam
2024-11-10,20.679197,106.499695,45.153046,0.2434531,423.11667,0.52144897,0.0,2024-11-10 06:17:35.309021440,VNM,Vietnam
2024-11-10,20.621655,106.51844,45.114273,0.09286784,424.32477,0.49847797,0.0,2024-11-10 06:17:34.695989248,VNM,Vietnam
2024-11-10,20.612919,106.52303,45.10959,0.14788307,424.2779,0.5330654,0.0,2024-11-10 06:17:34.723025920,VNM,Vietnam
2024-11-10,20.684992,106.489555,45.151524,0.573358,422.4612,0.5645141,0.0,2024-11-10 06:17:34.895022336,VNM,Vietnam
2024-11-10,20.426504,106.55601,44.96549,0.35025924,422.86636,0.5811898,0.0,2024-11-10 06:17:30.947990784,VNM,Vietnam
2024-11-10,20.676424,106.49456,45.147182,0.4620436,422.8576,0.526777,0.0,2024-11-10 06:17:34.921012992,VNM,Vietnam
2024-11-10,20.659096,106.50438,45.138245,0.24344487,423.74164,0.5549759,0.0,2024-11-10 06:17:34.975006208,VNM,Vietnam
2024-11-10,20.650457,106.50913,45.133717,0.1456968,423.8513,0.5577436,0.0,2024-11-10 06:17:35.002002432,VNM,Vietnam
2024-11-10,20.641756,106.51381,45.1291,0.093398996,423.9109,0.5313453,0.0,2024-11-10 06:17:35.028998912,VNM,Vietnam
2024-11-10,20.633022,106.5184,45.12441,0.14835805,424.2929,0.56541425,0.0,2024-11-10 06:17:35.055995136,VNM,Vietnam
2024-11-10,20.624245,106.52292,45.119644,0.24680445,424.64108,0.5307847,0.0,2024-11-10 06:17:35.082991616,VNM,Vietnam
2024-11-10,20.70509,106.48488,45.166332,0.5733025,422.94064,0.55003595,0.0,2024-11-10 06:17:35.227992064,VNM,Vietnam
2024-11-10,20.696522,106.489876,45.161987,0.46201023,422.89465,0.49396062,0.0,2024-11-10 06:17:35.254988544,VNM,Vietnam
2024-11-10,20.687881,106.49482,45.157555,0.35139304,423.11127,0.5848166,0.0,2024-11-10 06:17:35.282025216,VNM,Vietnam
2024-11-10,20.670559,106.50444,45.148514,0.14571826,423.57816,0.5155307,0.0,2024-11-10 06:17:35.336017920,VNM,Vietnam
2024-11-10,20.638996,106.50901,45.123417,0.24347505,424.26367,0.5723892,0.0,2024-11-10 06:17:34.641996288,VNM,Vietnam
2024-11-10,20.66186,106.509125,45.143898,0.09343111,423.7636,0.54509157,0.0,2024-11-10 06:17:35.363014144,VNM,Vietnam
2024-11-10,20.653126,106.51372,45.13921,0.14837843,423.7707,0.5735996,0.0,2024-11-10 06:17:35.389005056,VNM,Vietnam
2024-11-10,20.667782,106.499504,45.14275,0.35140488,423.10028,0.5545977,0.0,2024-11-10 06:17:34.948009472,VNM,Vietnam
2024-11-10,20.64435,106.518234,45.134445,0.24681684,424.0901,0.5957099,0.0,2024-11-10 06:17:35.416001280,VNM,Vietnam
2024-11-10,20.435152,106.55111,44.969917,0.46071663,424.06436,0.57339936,0.0,2024-11-10 06:17:30.920994560,VNM,Vietnam
2024-11-10,20.41495,106.55575,44.955055,0.45981315,424.2999,0.5589229,0.0,2024-11-10 06:17:30.588025088,VNM,Vietnam
2024-11-10,20.555845,106.52286,45.05854,0.46188816,423.67328,0.5754287,0.0,2024-11-10 06:17:32.921023744,VNM,Vietnam
2024-11-10,20.538511,106.53264,45.04961,0.24355723,421.57364,0.561755,0.0,2024-11-10 06:17:32.975016960,VNM,Vietnam
2024-11-10,20.52116,106.54202,45.040462,0.09429563,424.40643,0.4770008,0.0,2024-11-10 06:17:33.029009920,VNM,Vietnam
2024-11-10,20.483912,106.536575,45.003666,0.5722603,425.03412,0.52276385,0.0,2024-11-10 06:17:31.561988864,VNM,Vietnam
2024-11-10,20.40298,106.57439,44.95703,0.24767213,424.12598,0.55242,0.0,2024-11-10 06:17:31.416023040,VNM,Vietnam
2024-11-10,20.411774,106.56992,44.961807,0.1490784,423.86154,0.53145826,0.0,2024-11-10 06:17:31.389026560,VNM,Vietnam
2024-11-10,12.649939,108.31687,39.55718,0.07694483,424.01044,0.54438746,0.0,2024-11-10 06:15:22.696020992,VNM,Vietnam
2024-11-10,11.607595,108.539055,38.877266,0.52486116,425.60822,0.5139059,0.0,2024-11-10 06:15:04.562021632,VNM,Vietnam
2024-11-10,11.609486,108.54121,38.881153,0.3012645,423.75854,0.49715304,0.0,2024-11-10 06:15:04.948018432,VNM,Vietnam
2024-11-10,11.6002245,108.54439,38.876495,0.19108135,423.67145,0.52471834,0.0,2024-11-10 06:15:04.975014912,VNM,Vietnam
2024-11-10,20.4063,106.560646,44.950626,0.3493097,423.84564,0.54467154,0.0,2024-11-10 06:17:30.615021824,VNM,Vietnam
2024-11-10,12.637243,108.31578,39.544945,0.3112814,424.09506,0.52207136,0.0,2024-11-10 06:15:21.948006656,VNM,Vietnam
2024-11-10,20.363104,106.56486,44.915047,0.5698168,422.8607,0.57349616,0.0,2024-11-10 06:17:29.561999872,VNM,Vietnam
2024-11-10,20.420525,106.56538,44.966507,0.093352355,422.56818,0.58425087,0.0,2024-11-10 06:17:31.362995968,VNM,Vietnam
2024-11-10,20.38317,106.56012,44.929737,0.5696249,423.37057,0.5559135,0.0,2024-11-10 06:17:29.895009536,VNM,Vietnam
2024-11-10,20.403326,106.55544,44.94454,0.57014567,424.84784,0.50842714,0.0,2024-11-10 06:17:30.228018944,VNM,Vietnam
2024-11-10,20.386097,106.565285,44.93577,0.34836105,424.456,0.60721856,0.0,2024-11-10 06:17:30.282011904,VNM,Vietnam
2024-11-10,20.423527,106.5508,44.959396,0.57101786,423.27383,0.53638333,0.0,2024-11-10 06:17:30.561994240,VNM,Vietnam
2024-11-10,11.602039,108.546196,38.880096,0.07750805,423.20203,0.5242064,0.0,2024-11-10 06:15:05.363023360,VNM,Vietnam
2024-11-10,20.564417,106.517876,45.06288,0.5731263,424.58594,0.54645383,0.0,2024-11-10 06:17:32.894993152,VNM,Vietnam
2024-11-10,20.725185,106.48017,45.181133,0.5733066,423.1191,0.56036246,0.0,2024-11-10 06:17:35.562007552,VNM,Vietnam
2024-11-10,20.707981,106.49012,45.172356,0.3514011,423.3073,0.5667254,0.0,2024-11-10 06:17:35.614994432,VNM,Vietnam
2024-11-10,20.644802,106.49884,45.121876,0.5737124,424.05734,0.5688304,0.0,2024-11-10 06:17:34.227997184,VNM,Vietnam
2024-11-10,20.63623,106.50383,45.117535,0.4623464,423.86542,0.59965295,0.0,2024-11-10 06:17:34.254993920,VNM,Vietnam
2024-11-10,20.627586,106.50877,45.113102,0.35162437,423.32968,0.5635442,0.0,2024-11-10 06:17:34.281990400,VNM,Vietnam
2024-11-10,20.618896,106.51364,45.108593,0.2435072,423.35843,0.5403017,0.0,2024-11-10 06:17:34.308986624,VNM,Vietnam
2024-11-10,20.610254,106.51839,45.104065,0.14538619,423.0748,0.5508856,0.0,2024-11-10 06:17:34.336023296,VNM,Vietnam
2024-11-10,20.601553,106.523056,45.099453,0.09230303,423.0055,0.52499795,0.0,2024-11-10 06:17:34.363019776,VNM,Vietnam
2024-11-10,20.592815,106.52765,45.094765,0.1473301,423.5098,0.5330043,0.0,2024-11-10 06:17:34.389010432,VNM,Vietnam
2024-11-10,20.584034,106.532166,45.09,0.24600556,424.0341,0.56978077,0.0,2024-11-10 06:17:34.416006912,VNM,Vietnam
2024-11-10,20.664898,106.4942,45.1367,0.5735353,423.45233,0.53562534,0.0,2024-11-10 06:17:34.562012928,VNM,Vietnam
2024-11-10,21.038393,106.40959,45.4141,0.46473998,423.3181,0.5689466,0.0,2024-11-10 06:17:40.921020672,VNM,Vietnam
2024-11-10,21.072554,106.40968,45.444748,0.14413089,422.28632,0.5189305,0.0,2024-11-10 06:17:42.002004736,VNM,Vietnam
2024-11-10,20.56393,106.53677,45.07518,0.24556066,424.51755,0.6247982,0.0,2024-11-10 06:17:34.082996992,VNM,Vietnam
2024-11-10,21.422773,106.32472,45.70246,0.2434218,423.6736,0.4683758,0.0,2024-11-10 06:17:47.642006272,VNM,Vietnam
2024-11-10,21.540834,106.29166,45.786686,0.464914,423.14185,0.48725018,0.0,2024-11-10 06:17:49.254992896,VNM,Vietnam
2024-11-10,21.53225,106.29675,45.782265,0.3544183,423.27277,0.49841312,0.0,2024-11-10 06:17:49.281989376,VNM,Vietnam
2024-11-10,21.515032,106.30667,45.77325,0.14921913,422.54868,0.5164095,0.0,2024-11-10 06:17:49.336022272,VNM,Vietnam
2024-11-10,21.488977,106.320915,45.75922,0.24559915,423.80847,0.50459236,0.0,2024-11-10 06:17:49.416005888,VNM,Vietnam
2024-11-10,21.569435,106.28181,45.805977,0.5759928,422.68228,0.4916251,0.0,2024-11-10 06:17:49.562011904,VNM,Vietnam
2024-11-10,21.560925,106.28696,45.801643,0.464796,423.27875,0.47600165,0.0,2024-11-10 06:17:49.588002560,VNM,Vietnam
2024-11-10,21.552341,106.29206,45.797222,0.35432827,423.34134,0.45951545,0.0,2024-11-10 06:17:49.614999040,VNM,Vietnam
2024-11-10,21.54371,106.29708,45.79273,0.24664007,423.44116,0.46543497,0.0,2024-11-10 06:17:49.641995520,VNM,Vietnam
2024-11-10,21.535128,106.30199,45.78821,0.14930604,423.46576,0.48338667,0.0,2024-11-10 06:17:49.668991744,VNM,Vietnam
2024-11-10,21.549345,106.28651,45.79102,0.5761281,422.794,0.48016495,0.0,2024-11-10 06:17:49.227996416,VNM,Vietnam
2024-11-10,20.716621,106.485176,45.17679,0.46201587,423.81558,0.5663284,0.0,2024-11-10 06:17:35.587997952,VNM,Vietnam
2024-11-10,20.572712,106.53227,45.079945,0.1467822,424.03778,0.5558846,0.0,2024-11-10 06:17:34.056000768,VNM,Vietnam
2024-11-10,20.590155,106.52301,45.089245,0.14524122,423.46347,0.51972497,0.0,2024-11-10 06:17:34.002008064,VNM,Vietnam
2024-11-10,20.699299,106.494995,45.167847,0.24346565,423.1045,0.5491151,0.0,2024-11-10 06:17:35.641990912,VNM,Vietnam
2024-11-10,20.69066,106.49975,45.163315,0.14574069,423.5209,0.60579604,0.0,2024-11-10 06:17:35.668987392,VNM,Vietnam
2024-11-10,20.681965,106.50444,45.1587,0.09346843,423.14343,0.5646229,0.0,2024-11-10 06:17:35.696024064,VNM,Vietnam
2024-11-10,20.673231,106.50904,45.15401,0.14840326,422.89996,0.5473962,0.0,2024-11-10 06:17:35.723020544,VNM,Vietnam
2024-11-10,20.664455,106.51356,45.149246,0.2468326,423.64432,0.6200273,0.0,2024-11-10 06:17:35.749010944,VNM,Vietnam
2024-11-10,20.745283,106.475464,45.19594,0.57331,423.06424,0.5715196,0.0,2024-11-10 06:17:35.895017216,VNM,Vietnam
2024-11-10,20.73672,106.48048,45.191593,0.462021,422.4998,0.5510362,0.0,2024-11-10 06:17:35.921007616,VNM,Vietnam
2024-11-10,20.630356,106.513756,45.11889,0.14553936,423.89325,0.5219048,0.0,2024-11-10 06:17:34.668992768,VNM,Vietnam
2024-11-10,20.501005,106.54662,45.025604,0.09337677,424.86285,0.56651694,0.0,2024-11-10 06:17:32.696000000,VNM,Vietnam
2024-11-10,20.575953,106.51811,45.073296,0.4620944,423.83304,0.57246125,0.0,2024-11-10 06:17:33.254999040,VNM,Vietnam
2024-11-10,20.607489,106.513435,45.098297,0.35169885,422.20386,0.5545255,0.0,2024-11-10 06:17:33.948014848,VNM,Vietnam
2024-11-10,20.567305,106.523026,45.068855,0.3515019,425.0948,0.55765617,0.0,2024-11-10 06:17:33.281995776,VNM,Vietnam
2024-11-10,20.581451,106.52768,45.084633,0.091744155,423.7357,0.54327476,0.0,2024-11-10 06:17:34.029004288,VNM,Vietnam
2024-11-10,20.55861,106.52787,45.06434,0.24358036,423.86383,0.5636688,0.0,2024-11-10 06:17:33.308992256,VNM,Vietnam
2024-11-10,20.523731,106.546295,45.04571,0.2465726,424.22253,0.5595264,0.0,2024-11-10 06:17:33.416012288,VNM,Vietnam
2024-11-10,20.604618,106.50834,45.092365,0.5735612,422.9066,0.54722756,0.0,2024-11-10 06:17:33.562018304,VNM,Vietnam
2024-11-10,20.596045,106.51331,45.088013,0.4622558,423.22394,0.51608413,0.0,2024-11-10 06:17:33.588008960,VNM,Vietnam
2024-11-10,20.587397,106.51823,45.083572,0.3515991,424.25803,0.5054034,0.0,2024-11-10 06:17:33.615005184,VNM,Vietnam
2024-11-10,20.578705,106.52307,45.07906,0.24355759,423.92484,0.5072303,0.0,2024-11-10 06:17:33.642001664,VNM,Vietnam
2024-11-10,20.570059,106.5278,45.074524,0.14553493,424.29617,0.5356015,0.0,2024-11-10 06:17:33.668998144,VNM,Vietnam
2024-11-10,20.561354,106.532455,45.0699,0.092518464,424.30783,0.5476495,0.0,2024-11-10 06:17:33.695994624,VNM,Vietnam
2024-11-10,20.552612,106.537025,45.065205,0.14737791,424.20132,0.47799763,0.0,2024-11-10 06:17:33.722991104,VNM,Vietnam
2024-11-10,20.543829,106.54152,45.060432,0.24593955,424.34903,0.5709985,0.0,2024-11-10 06:17:33.749021952,VNM,Vietnam
2024-11-10,20.624708,106.50353,45.10709,0.57376367,422.53928,0.5803316,0.0,2024-11-10 06:17:33.894987520,VNM,Vietnam
2024-11-10,20.598799,106.51828,45.093784,0.24353924,422.75653,0.5450973,0.0,2024-11-10 06:17:33.975011328,VNM,Vietnam
2024-11-10,20.656328,106.4992,45.132355,0.46219495,423.95093,0.5711547,0.0,2024-11-10 06:17:34.588003328,VNM,Vietnam
2024-11-10,20.532515,106.54181,45.050484,0.14818574,423.48648,0.5527586,0.0,2024-11-10 06:17:33.389015552,VNM,Vietnam
2024-11-10,20.483484,106.5557,45.01616,0.24716045,424.67953,0.64819944,0.0,2024-11-10 06:17:32.749027328,VNM,Vietnam
2024-11-10,20.647684,106.50414,45.127922,0.35151422,424.75858,0.5651925,0.0,2024-11-10 06:17:34.614999808,VNM,Vietnam
2024-11-16,17.59211,106.53943,72.47761,0.35265097,422.72513,0.79623866,0.0,2024-11-16 08:53:38.690018304,VNM,Vietnam
2024-11-16,17.638391,106.496635,72.46284,1.040117,423.00504,1.1930354,0.0,2024-11-16 08:53:38.798004224,VNM,Vietnam
2024-11-16,17.603718,106.52877,72.47396,0.4304237,423.18158,0.9113187,0.0,2024-11-16 08:53:38.717014784,VNM,Vietnam
2024-11-16,17.580475,106.550064,72.481224,0.42685366,423.23105,0.7912541,0.0,2024-11-16 08:53:38.663022080,VNM,Vietnam
2024-11-16,17.568804,106.56067,72.4848,0.59917086,423.7763,0.69792545,0.0,2024-11-16 08:53:38.636025344,VNM,Vietnam
2024-11-16,17.587278,106.51547,72.454,0.43020442,424.43298,0.95017594,0.0,2024-11-16 08:53:38.384005120,VNM,Vietnam
2024-11-16,17.552378,106.547386,72.46487,0.59910774,422.1965,0.9684745,0.0,2024-11-16 08:53:38.303015680,VNM,Vietnam
2024-11-16,17.564037,106.53677,72.46127,0.4266692,421.07913,1.150545,0.0,2024-11-16 08:53:38.330012416,VNM,Vietnam
2024-11-17,10.868632,107.37232,59.503437,0.6725355,423.16888,0.80625194,0.0,2024-11-17 08:04:07.874025984,VNM,Vietnam
2024-11-17,11.46671,107.85489,60.25614,0.29116774,423.04208,0.7294576,0.0,2024-11-17 08:04:20.153018112,VNM,Vietnam
2024-11-17,22.447844,104.551285,47.889275,0.36457253,422.77167,0.5291719,0.0,2024-11-17 06:24:12.282004224,VNM,Vietnam
2024-11-17,22.439417,104.556786,47.884823,0.25686657,424.0553,0.702735,0.0,2024-11-17 06:24:12.309000448,VNM,Vietnam
2024-11-17,22.499657,104.54281,47.931335,0.25635576,422.05402,0.5305219,0.0,2024-11-17 06:24:13.308995072,VNM,Vietnam
2024-11-17,22.519691,104.53803,47.946747,0.25581002,423.71384,0.60362315,0.0,2024-11-17 06:24:13.642004736,VNM,Vietnam
2024-11-17,22.485825,104.55906,47.928337,0.24154101,423.41788,0.53833044,0.0,2024-11-17 06:24:13.749024768,VNM,Vietnam
2024-11-17,22.53455,104.5444,47.963993,0.14718255,422.3987,0.5466461,0.0,2024-11-17 06:24:14.389013248,VNM,Vietnam
2024-11-17,18.451225,105.49454,44.882446,0.15392804,421.76324,0.57188183,0.0,2024-11-17 06:23:06.722995200,VNM,Vietnam
2024-11-17,11.622922,107.99055,60.461124,0.27825373,423.23825,0.70619565,0.0,2024-11-17 08:04:23.460020736,VNM,Vietnam
2024-11-17,11.53313,107.96156,60.386673,0.6464159,423.76913,0.8282447,0.0,2024-11-17 08:04:22.072017664,VNM,Vietnam
2024-11-17,22.563164,104.53441,47.984135,0.10304275,423.0062,0.5477002,0.0,2024-11-17 06:24:14.695992320,VNM,Vietnam
2024-11-17,11.756881,108.09072,60.622562,0.27887034,422.44803,0.7318993,0.0,2024-11-17 08:04:26.125988864,VNM,Vietnam
2024-11-17,11.768273,108.08014,60.619404,0.29234543,423.3136,0.7224048,0.0,2024-11-17 08:04:26.153025536,VNM,Vietnam
2024-11-17,13.3237705,109.195145,62.448936,0.9174248,423.07343,0.77332085,0.0,2024-11-17 08:04:56.567988480,VNM,Vietnam
2024-11-17,11.72936,108.03185,60.555557,0.46105793,424.02792,0.7124774,0.0,2024-11-17 08:04:25.179987200,VNM,Vietnam
2024-11-17,22.456224,104.54572,47.89365,0.4749975,421.8947,0.5550839,0.0,2024-11-17 06:24:12.255007744,VNM,Vietnam
2024-11-17,11.745492,108.10127,60.625698,0.43462342,422.92123,0.81818694,0.0,2024-11-17 08:04:26.098992640,VNM,Vietnam
2024-11-17,12.421125,108.569756,61.406937,0.29778266,421.7192,0.73274654,0.0,2024-11-17 08:04:39.152995328,VNM,Vietnam
2024-11-17,12.465919,108.58431,61.444164,0.4675292,424.60284,0.68351215,0.0,2024-11-17 08:04:39.847016704,VNM,Vietnam
2024-11-17,12.4772625,108.573654,61.440964,0.6838619,423.55963,0.9823198,0.0,2024-11-17 08:04:39.874013440,VNM,Vietnam
2024-11-17,12.505239,108.57567,61.457993,0.9127296,425.74872,0.7669045,0.0,2024-11-17 08:04:40.234019584,VNM,Vietnam
2024-11-17,12.499274,108.60962,61.48464,0.46597305,423.90933,0.68565476,0.0,2024-11-17 08:04:40.514001920,VNM,Vietnam
2024-11-17,12.509969,108.656006,61.53132,0.27963585,423.00977,0.7061135,0.0,2024-11-17 08:04:41.125988096,VNM,Vietnam
2024-11-17,12.526714,108.66857,61.551514,0.27943078,424.8088,0.7559646,0.0,2024-11-17 08:04:41.460003584,VNM,Vietnam
2024-11-17,22.444435,104.54474,47.882412,0.5865376,423.56616,0.7394338,0.0,2024-11-17 06:24:11.895001344,VNM,Vietnam
2024-11-17,18.79926,105.406876,45.134556,0.23337163,423.55807,0.60236526,0.0,2024-11-17 06:23:11.974988544,VNM,Vietnam
2024-11-17,13.3177395,109.22915,62.475475,0.47230726,422.01926,0.6663475,0.0,2024-11-17 08:04:56.847005184,VNM,Vietnam
2024-11-17,13.362436,109.243866,62.512768,0.68764293,423.08102,0.84660196,0.0,2024-11-17 08:04:57.541026816,VNM,Vietnam
2024-11-17,13.307104,109.182434,62.42869,0.9178379,423.2958,0.7813744,0.0,2024-11-17 08:04:56.234013184,VNM,Vietnam
2024-11-17,13.295742,109.19313,62.431877,0.6876461,423.74197,0.7663013,0.0,2024-11-17 08:04:56.207016704,VNM,Vietnam
2024-11-17,13.290425,109.16976,62.408474,0.91761816,421.17303,0.8484884,0.0,2024-11-17 08:04:55.901003264,VNM,Vietnam
2024-11-17,13.279073,109.18046,62.411663,0.6876612,423.26605,0.82548296,0.0,2024-11-17 08:04:55.874007040,VNM,Vietnam
2024-11-17,13.183351,109.18488,62.363365,0.43154234,421.6411,0.7201104,0.0,2024-11-17 08:04:54.765986560,VNM,Vietnam
2024-11-17,13.223668,109.11899,62.327496,0.91820776,419.6005,0.7892781,0.0,2024-11-17 08:04:54.567999488,VNM,Vietnam
2024-11-17,12.642788,108.8138,61.74263,0.8717249,421.50482,0.8015215,0.0,2024-11-17 08:04:44.378998016,VNM,Vietnam
2024-11-17,12.966308,109.02032,62.100502,0.43306103,421.2368,0.7767793,0.0,2024-11-17 08:04:50.432998656,VNM,Vietnam
2024-11-17,11.606714,107.92109,60.39088,0.6783176,423.46948,0.8617779,0.0,2024-11-17 08:04:22.541015296,VNM,Vietnam
2024-11-17,20.031998,105.13362,46.061874,0.2500932,422.9154,0.6247906,0.0,2024-11-17 06:23:33.083021312,VNM,Vietnam
2024-11-17,13.050742,109.026344,62.151814,0.4709933,422.0796,0.63322383,0.0,2024-11-17 08:04:51.514022656,VNM,Vietnam
2024-11-17,12.993494,109.07935,62.167225,0.8709273,424.31204,0.6528583,0.0,2024-11-17 08:04:51.379000064,VNM,Vietnam
2024-11-17,13.011186,109.03499,62.13785,0.28161943,421.39197,0.6537261,0.0,2024-11-17 08:04:51.126014208,VNM,Vietnam
2024-11-17,12.999729,109.045586,62.14093,0.43233636,423.2205,0.66207814,0.0,2024-11-17 08:04:51.099017984,VNM,Vietnam
2024-11-17,12.988247,109.05616,62.143974,0.64329034,424.91412,0.7163236,0.0,2024-11-17 08:04:51.072021504,VNM,Vietnam
2024-11-17,13.039999,108.97974,62.10502,0.9153302,421.6693,0.81162053,0.0,2024-11-17 08:04:50.900990464,VNM,Vietnam
2024-11-17,12.689135,108.71432,61.680313,0.91409737,422.45175,0.9248425,0.0,2024-11-17 08:04:43.900988160,VNM,Vietnam
2024-11-17,12.709557,108.864395,61.823524,0.87321407,420.43848,0.8629024,0.0,2024-11-17 08:04:45.712002304,VNM,Vietnam
2024-11-17,12.761364,108.78815,61.78464,0.6839515,423.43738,0.80537,0.0,2024-11-17 08:04:45.541011456,VNM,Vietnam
2024-11-17,12.6938505,108.794754,61.753654,0.28033528,422.71832,0.7835107,0.0,2024-11-17 08:04:44.792996864,VNM,Vietnam
2024-11-17,18.879507,105.388275,45.19399,0.23161808,422.20554,0.5977058,0.0,2024-11-17 06:23:13.308998656,VNM,Vietnam
2024-11-17,18.870893,105.39304,45.189453,0.13399841,422.76312,0.5781924,0.0,2024-11-17 06:23:13.335995136,VNM,Vietnam
2024-11-17,18.873552,105.39765,45.19496,0.15290679,421.9126,0.58662367,0.0,2024-11-17 06:23:13.722997760,VNM,Vietnam
2024-11-17,19.373842,105.277016,45.56348,0.13594832,421.9103,0.6154314,0.0,2024-11-17 06:23:21.669001472,VNM,Vietnam
2024-11-17,20.043617,105.11327,46.059288,0.46045864,422.7306,0.597748,0.0,2024-11-17 06:23:32.255023360,VNM,Vietnam
2024-11-17,20.011984,105.13826,46.046837,0.24932535,422.90372,0.61322993,0.0,2024-11-17 06:23:32.749005824,VNM,Vietnam
2024-11-17,20.035072,105.11842,46.054867,0.3497488,421.81433,0.5719015,0.0,2024-11-17 06:23:32.282019840,VNM,Vietnam
2024-11-17,12.939845,108.903694,61.983578,0.9168269,419.3965,0.67722577,0.0,2024-11-17 08:04:48.901001216,VNM,Vietnam
2024-11-17,12.739298,108.75219,61.740982,0.9144937,417.78662,0.9358059,0.0,2024-11-17 08:04:44.901022976,VNM,Vietnam
2024-11-17,12.633042,108.71041,61.646282,0.46756342,424.9592,0.76057315,0.0,2024-11-17 08:04:43.180010240,VNM,Vietnam
2024-11-17,12.616361,108.69776,61.626057,0.4680792,421.18918,0.8581637,0.0,2024-11-17 08:04:42.847000576,VNM,Vietnam
2024-11-17,12.62232,108.66382,61.599434,0.9147649,421.63403,0.9563475,0.0,2024-11-17 08:04:42.568024064,VNM,Vietnam
2024-11-17,12.611007,108.674484,61.602654,0.6845482,421.87097,0.88620543,0.0,2024-11-17 08:04:42.540987392,VNM,Vietnam
2024-11-17,12.554027,108.727516,61.618313,0.642614,421.40207,0.92739075,0.0,2024-11-17 08:04:42.406005504,VNM,Vietnam
2024-11-17,12.677812,108.725,61.68353,0.6837868,419.40305,0.96435076,0.0,2024-11-17 08:04:43.873991680,VNM,Vietnam
2024-11-19,20.901009,105.95052,64.183685,46.03898,425.90955,0.5777371,0.0,2024-11-19 08:05:12.044991488,VNM,Vietnam
2024-11-19,20.758747,105.93692,64.089874,45.496677,427.01328,0.5632631,0.0,2024-11-19 08:05:11.883013120,VNM,Vietnam
2024-11-19,20.742653,105.92286,64.06875,45.49672,425.1735,0.56100565,0.0,2024-11-19 08:05:11.548997376,VNM,Vietnam
2024-11-19,20.941072,105.96657,64.220375,46.13038,426.13623,0.5801364,0.0,2024-11-19 08:05:12.404997632,VNM,Vietnam
2024-11-19,20.749016,105.83547,63.99913,45.945236,427.56473,0.633592,0.0,2024-11-19 08:05:09.351021056,VNM,Vietnam
2024-11-19,20.677742,105.828896,63.95228,45.673653,425.90845,0.6796433,0.0,2024-11-19 08:05:09.269991424,VNM,Vietnam
2024-11-19,20.621195,105.76076,63.86231,45.763905,426.57797,0.5746216,0.0,2024-11-19 08:05:07.630008576,VNM,Vietnam
2024-11-19,20.933342,105.97836,64.225784,46.037487,425.83215,0.56773376,0.0,2024-11-19 08:05:12.711010816,VNM,Vietnam
2024-11-19,20.917147,105.9645,64.20476,46.038357,425.85596,0.57547027,0.0,2024-11-19 08:05:12.378001152,VNM,Vietnam
2024-11-19,20.773739,105.91352,64.078896,45.674885,426.8945,0.58314407,0.0,2024-11-19 08:05:11.270020864,VNM,Vietnam
2024-11-19,20.806973,105.97876,64.15293,45.49478,426.11792,0.5600031,0.0,2024-11-19 08:05:12.883007488,VNM,Vietnam
2024-11-19,20.854168,105.98355,64.18425,45.67354,425.83752,0.55854017,0.0,2024-11-19 08:05:12.937000192,VNM,Vietnam
2024-11-19,20.654106,105.826546,63.93662,45.58395,426.18143,0.61170894,0.0,2024-11-19 08:05:09.242994944,VNM,Vietnam
2024-11-19,20.676691,105.75329,63.88825,46.037247,426.32404,0.5543954,0.0,2024-11-19 08:05:07.377988096,VNM,Vietnam
2024-11-19,20.572218,105.64278,63.73491,46.128906,427.01617,0.577453,0.0,2024-11-19 08:05:04.738010368,VNM,Vietnam
2024-11-19,20.7986,105.75887,64.039375,33.595314,427.73508,0.7316545,0.0,2024-11-19 08:05:31.296989440,VNM,Vietnam
2024-11-19,20.573238,105.71848,63.799015,45.762463,426.32098,0.5198488,0.0,2024-11-19 08:05:06.630013952,VNM,Vietnam
2024-11-19,20.725212,105.83336,63.983543,45.854233,427.44543,0.6075249,0.0,2024-11-19 08:05:09.324024576,VNM,Vietnam
2024-11-19,20.668852,105.765236,63.89371,45.945656,426.86722,0.5640407,0.0,2024-11-19 08:05:07.684001536,VNM,Vietnam
2024-11-19,20.590046,105.77035,63.8523,45.584072,425.64288,0.62807053,0.0,2024-11-19 08:05:07.909990912,VNM,Vietnam
2024-11-19,20.630524,105.82413,63.920937,45.49469,426.50702,0.5584167,0.0,2024-11-19 08:05:09.215998720,VNM,Vietnam
2024-11-19,20.780954,105.825386,64.00924,46.127857,427.62845,0.63584775,0.0,2024-11-19 08:05:09.072004352,VNM,Vietnam
2024-11-19,20.757036,105.82334,63.993637,46.03581,426.08948,0.64650685,0.0,2024-11-19 08:05:09.045007616,VNM,Vietnam
2024-11-19,20.733158,105.82122,63.977997,45.944283,425.97986,0.69080174,0.0,2024-11-19 08:05:09.018011392,VNM,Vietnam
2024-11-19,20.685598,105.81688,63.946762,45.762775,427.35593,0.6917519,0.0,2024-11-19 08:05:08.964018688,VNM,Vietnam
2024-11-19,20.925375,105.990326,64.23118,45.9454,425.73517,0.5400007,0.0,2024-11-19 08:05:13.017989632,VNM,Vietnam
2024-11-19,20.709364,105.81911,63.962418,45.853313,427.41144,0.7125773,0.0,2024-11-19 08:05:08.991014912,VNM,Vietnam
2024-11-19,20.604218,105.67105,63.7772,46.12877,425.36203,0.63899094,0.0,2024-11-19 08:05:05.404995328,VNM,Vietnam
2024-11-19,20.70061,105.7553,63.903835,46.12926,426.72726,0.59073865,0.0,2024-11-19 08:05:07.405024768,VNM,Vietnam
2024-11-19,20.652851,105.751274,63.872704,45.945766,427.2348,0.5706265,0.0,2024-11-19 08:05:07.350991616,VNM,Vietnam
2024-11-19,20.628685,105.74835,63.85629,45.8539,426.68927,0.5688557,0.0,2024-11-19 08:05:07.323995136,VNM,Vietnam
2024-11-19,20.557838,105.74212,63.809933,45.5842,426.107,0.5602329,0.0,2024-11-19 08:05:07.243005952,VNM,Vietnam
2024-11-19,20.684786,105.7411,63.88275,46.12885,427.5132,0.5941412,0.0,2024-11-19 08:05:07.072015104,VNM,Vietnam
2024-11-19,20.660889,105.73912,63.867203,46.036747,426.08237,0.5799966,0.0,2024-11-19 08:05:07.045018624,VNM,Vietnam
2024-11-19,20.565678,105.730316,63.80456,45.67281,427.01663,0.5328676,0.0,2024-11-19 08:05:06.936992768,VNM,Vietnam
2024-11-19,20.645027,105.76311,63.878094,45.85463,427.8528,0.52687126,0.0,2024-11-19 08:05:07.657004800,VNM,Vietnam
2024-11-19,20.668715,105.727005,63.861607,46.127914,423.904,0.6414428,0.0,2024-11-19 08:05:06.737999616,VNM,Vietnam
2024-11-19,20.604729,105.708824,63.80918,45.943626,425.40103,0.55966735,0.0,2024-11-19 08:05:06.350996992,VNM,Vietnam
2024-11-19,20.949224,105.99247,64.2468,46.037006,426.33057,0.564545,0.0,2024-11-19 08:05:13.045026304,VNM,Vietnam
2024-11-19,21.181246,105.91984,64.47228,21.199425,425.96606,0.6962027,0.0,2024-11-19 08:05:58.991025408,VNM,Vietnam
2024-11-19,20.750078,105.91114,64.06321,45.58524,424.32162,0.53566504,0.0,2024-11-19 08:05:11.243024384,VNM,Vietnam
2024-11-19,21.164612,105.86063,64.414764,20.84476,426.7321,0.7489375,0.0,2024-11-19 08:05:58.045023744,VNM,Vietnam
2024-11-19,21.102169,105.916374,64.42116,21.7348,427.29834,0.77138096,0.0,2024-11-19 08:05:58.243011072,VNM,Vietnam
2024-11-19,21.11794,105.90811,64.42419,21.555172,426.2946,0.7371766,0.0,2024-11-19 08:05:58.270007296,VNM,Vietnam
2024-11-19,21.133657,105.899826,64.42716,21.376461,427.24677,0.6944784,0.0,2024-11-19 08:05:58.297003776,VNM,Vietnam
2024-11-19,21.14933,105.8915,64.43009,21.198673,426.53558,0.6854376,0.0,2024-11-19 08:05:58.324000256,VNM,Vietnam
2024-11-19,21.164942,105.883194,64.43301,21.021883,426.97705,0.63379896,0.0,2024-11-19 08:05:58.350996736,VNM,Vietnam
2024-11-19,21.196033,105.866486,64.43869,20.671247,426.85312,0.76429814,0.0,2024-11-19 08:05:58.404989440,VNM,Vietnam
2024-11-19,21.133896,105.922226,64.44524,21.555174,427.25195,0.7495924,0.0,2024-11-19 08:05:58.603017216,VNM,Vietnam
2024-11-19,21.149637,105.91392,64.44821,21.376173,426.04538,0.6958207,0.0,2024-11-19 08:05:58.630013440,VNM,Vietnam
2024-11-19,21.165325,105.9056,64.45116,21.198128,426.9268,0.6805667,0.0,2024-11-19 08:05:58.657009920,VNM,Vietnam
2024-11-19,21.180515,105.87484,64.43586,20.846046,425.94226,0.6837202,0.0,2024-11-19 08:05:58.377993216,VNM,Vietnam
2024-11-19,21.117722,105.88563,64.40605,21.375679,426.78445,0.6777566,0.0,2024-11-19 08:05:57.963994112,VNM,Vietnam
2024-11-19,21.10199,105.89393,64.403076,21.554575,426.75937,0.76340723,0.0,2024-11-19 08:05:57.936997632,VNM,Vietnam
2024-11-19,21.166208,105.99548,64.52362,21.916971,426.223,0.6967489,0.0,2024-11-19 08:05:59.882993920,VNM,Vietnam
2024-11-19,20.661896,105.814606,63.931118,45.67275,427.81506,0.6035728,0.0,2024-11-19 08:05:08.937022208,VNM,Vietnam
2024-11-19,21.18204,105.98722,64.52668,21.736382,426.98096,0.7691633,0.0,2024-11-19 08:05:59.909990400,VNM,Vietnam
2024-11-19,21.197824,105.97893,64.529686,21.55668,425.97174,0.7093714,0.0,2024-11-19 08:05:59.937027072,VNM,Vietnam
2024-11-19,21.24485,105.95402,64.53852,21.023264,426.46027,0.6602102,0.0,2024-11-19 08:06:00.018016256,VNM,Vietnam
2024-11-19,21.26043,105.94568,64.54139,20.847397,427.3703,0.74692154,0.0,2024-11-19 08:06:00.045012992,VNM,Vietnam
2024-11-19,21.182287,106.0096,64.54474,21.916018,426.1839,0.7273546,0.0,2024-11-19 08:06:00.216003584,VNM,Vietnam
2024-11-19,21.213963,105.99302,64.55082,21.555182,426.53687,0.7099442,0.0,2024-11-19 08:06:00.269996544,VNM,Vietnam
2024-11-19,20.909628,105.702545,64.13211,21.380178,428.24756,0.76663303,0.0,2024-11-19 08:05:53.630000384,VNM,Vietnam
2024-11-19,21.165579,105.928116,64.46932,21.377161,426.6137,0.7065794,0.0,2024-11-19 08:05:58.963988736,VNM,Vietnam
2024-11-19,21.134079,105.94469,64.463326,21.735493,427.34262,0.7289037,0.0,2024-11-19 08:05:58.909995776,VNM,Vietnam
2024-11-19,21.117441,105.86327,64.38799,21.198786,427.6216,0.6703522,0.0,2024-11-19 08:05:57.657015296,VNM,Vietnam
2024-11-19,21.133066,105.854935,64.39089,21.02178,426.0259,0.70179164,0.0,2024-11-19 08:05:57.684011776,VNM,Vietnam
2024-11-19,21.14864,105.84657,64.39374,20.845753,426.54242,0.79985195,0.0,2024-11-19 08:05:57.711008000,VNM,Vietnam
2024-11-19,21.180956,105.89728,64.45406,21.021235,425.92685,0.65480006,0.0,2024-11-19 08:05:58.684006144,VNM,Vietnam
2024-11-19,21.196533,105.88893,64.45693,20.845388,426.41864,0.72620916,0.0,2024-11-19 08:05:58.711002880,VNM,Vietnam
2024-11-19,21.11825,105.95295,64.46027,21.91602,427.35007,0.72599214,0.0,2024-11-19 08:05:58.882999296,VNM,Vietnam
2024-11-19,20.781092,105.86363,64.04134,45.945004,426.53546,0.66306424,0.0,2024-11-19 08:05:10.018005760,VNM,Vietnam
2024-11-19,20.757277,105.86148,64.02573,45.853977,427.5562,0.5250351,0.0,2024-11-19 08:05:09.991009536,VNM,Vietnam
2024-11-19,20.733511,105.85925,64.01008,45.763435,426.50287,0.590531,0.0,2024-11-19 08:05:09.964013056,VNM,Vietnam
2024-11-19,20.686163,105.85469,63.978817,45.583893,426.51303,0.6696563,0.0,2024-11-19 08:05:09.910020352,VNM,Vietnam
2024-11-19,20.788862,105.85173,64.03587,46.036728,425.9374,0.64834267,0.0,2024-11-19 08:05:09.711027200,VNM,Vietnam
2024-11-19,20.764954,105.84959,64.0202,45.94511,426.90308,0.6216851,0.0,2024-11-19 08:05:09.683990528,VNM,Vietnam
2024-11-19,20.79704,105.877686,64.06238,45.944817,425.22632,0.5394999,0.0,2024-11-19 08:05:10.351015680,VNM,Vietnam
2024-11-19,20.741152,105.84748,64.00462,45.854088,426.52115,0.6714395,0.0,2024-11-19 08:05:09.656994048,VNM,Vietnam
2024-11-19,20.693718,105.84298,63.97336,45.673454,427.06052,0.70928574,0.0,2024-11-19 08:05:09.603001088,VNM,Vietnam
2024-11-19,20.670084,105.84065,63.957714,45.58388,425.96948,0.6271422,0.0,2024-11-19 08:05:09.576004864,VNM,Vietnam
2024-11-19,20.646486,105.83822,63.942017,45.494762,427.15225,0.5827075,0.0,2024-11-19 08:05:09.549008384,VNM,Vietnam
2024-11-19,20.796839,105.83963,64.03039,46.12881,426.25458,0.6213714,0.0,2024-11-19 08:05:09.405014016,VNM,Vietnam
2024-11-19,20.678566,105.866295,63.984177,45.494316,426.88654,0.6026887,0.0,2024-11-19 08:05:10.215993088,VNM,Vietnam
2024-11-19,20.77292,105.83762,64.01481,46.036827,426.1583,0.66988355,0.0,2024-11-19 08:05:09.378017536,VNM,Vietnam
2024-11-19,20.717407,105.84526,63.989,45.763523,427.7146,0.64833444,0.0,2024-11-19 08:05:09.629997824,VNM,Vietnam
2024-11-19,20.726513,105.90878,64.04759,45.496174,425.9788,0.5953955,0.0,2024-11-19 08:05:11.215987712,VNM,Vietnam
2024-11-19,20.820887,105.879776,64.07797,46.036415,427.6463,0.6175711,0.0,2024-11-19 08:05:10.378012160,VNM,Vietnam
2024-11-19,20.844828,105.88189,64.093636,46.12858,426.24918,0.5972778,0.0,2024-11-19 08:05:10.405008640,VNM,Vietnam
2024-11-19,21.149847,105.93643,64.466354,21.55589,427.43195,0.7044207,0.0,2024-11-19 08:05:58.936992256,VNM,Vietnam
2024-11-19,20.817167,105.75441,64.04692,33.58491,427.7032,0.6850879,0.0,2024-11-19 08:05:31.324026112,VNM,Vietnam
2024-11-19,20.89724,105.824875,64.1524,33.585567,427.44812,0.5708045,0.0,2024-11-19 08:05:32.991005440,VNM,Vietnam
2024-11-19,20.780024,105.76332,64.031815,33.606842,428.20587,0.689639,0.0,2024-11-19 08:05:31.269992704,VNM,Vietnam
2024-11-19,20.805212,105.903885,64.08906,45.855186,426.26337,0.60839105,0.0,2024-11-19 08:05:10.991003904,VNM,Vietnam
2024-11-19,20.781425,105.901634,64.07339,45.76456,426.84674,0.55384964,0.0,2024-11-19 08:05:10.964007680,VNM,Vietnam
2024-11-19,20.757742,105.89944,64.057816,45.674545,426.5257,0.62056524,0.0,2024-11-19 08:05:10.937011200,VNM,Vietnam
2024-11-19,20.73408,105.8971,64.04216,45.58495,425.64114,0.59944147,0.0,2024-11-19 08:05:10.910014976,VNM,Vietnam
2024-11-19,20.710457,105.894684,64.02646,45.495823,426.57947,0.6048401,0.0,2024-11-19 08:05:10.883018496,VNM,Vietnam
2024-11-19,20.860731,105.895996,64.11468,46.128883,426.4808,0.56562674,0.0,2024-11-19 08:05:10.738018048,VNM,Vietnam
2024-11-19,20.836811,105.89393,64.09906,46.03667,426.11,0.63725483,0.0,2024-11-19 08:05:10.711021568,VNM,Vietnam
2024-11-19,20.789133,105.889626,64.067795,45.853745,425.90384,0.5580742,0.0,2024-11-19 08:05:10.656988672,VNM,Vietnam
2024-11-19,20.76541,105.88747,64.05222,45.76327,424.19107,0.6329586,0.0,2024-11-19 08:05:10.629992192,VNM,Vietnam
2024-11-19,20.718071,105.88286,64.02094,45.58369,422.5201,0.5918817,0.0,2024-11-19 08:05:10.575999232,VNM,Vietnam
2024-11-19,20.694483,105.88047,64.00529,45.494656,426.7784,0.5957275,0.0,2024-11-19 08:05:10.549003008,VNM,Vietnam
2024-11-19,21.21206,105.880585,64.45977,20.670565,426.62494,0.7768953,0.0,2024-11-19 08:05:58.737999104,VNM,Vietnam
2024-11-19,20.638247,105.81228,63.915466,45.58322,426.3446,0.56580937,0.0,2024-11-19 08:05:08.910025472,VNM,Vietnam
2024-11-19,20.95849,106.09424,64.337425,45.585133,426.08337,0.5435782,0.0,2024-11-19 08:05:15.576012288,VNM,Vietnam
2024-11-19,20.76496,105.81123,63.988102,46.127853,426.5795,0.67000055,0.0,2024-11-19 08:05:08.737988608,VNM,Vietnam
2024-11-19,21.020998,106.03712,64.325775,46.129967,425.8576,0.5407301,0.0,2024-11-19 08:05:14.072017408,VNM,Vietnam
2024-11-19,20.973232,106.03287,64.294525,45.946365,426.52145,0.510906,0.0,2024-11-19 08:05:14.018024448,VNM,Vietnam
2024-11-19,20.949438,106.03067,64.27889,45.855305,426.31506,0.50583243,0.0,2024-11-19 08:05:13.990987776,VNM,Vietnam
2024-11-19,20.9257,106.02841,64.26325,45.764732,426.4499,0.48125777,0.0,2024-11-19 08:05:13.963991296,VNM,Vietnam
2024-11-19,20.902016,106.02609,64.247604,45.674656,425.68262,0.5405396,0.0,2024-11-19 08:05:13.936995072,VNM,Vietnam
2024-11-19,20.878387,106.02373,64.23195,45.585075,425.5109,0.54050523,0.0,2024-11-19 08:05:13.909998336,VNM,Vietnam
2024-11-19,21.13339,106.13597,64.473625,46.130985,426.22937,0.5275562,0.0,2024-11-19 08:05:16.405016064,VNM,Vietnam
2024-11-19,20.854841,106.02136,64.216354,45.496063,425.41434,0.5285534,0.0,2024-11-19 08:05:13.883002112,VNM,Vietnam
2024-11-19,20.981188,106.02079,64.28903,46.0375,426.06027,0.5380558,0.0,2024-11-19 08:05:13.711005440,VNM,Vietnam
2024-11-19,20.957314,106.01864,64.27339,45.94584,426.3103,0.5077567,0.0,2024-11-19 08:05:13.684008960,VNM,Vietnam
2024-11-19,20.933495,106.01644,64.257744,45.854675,426.41772,0.5098674,0.0,2024-11-19 08:05:13.657012480,VNM,Vietnam
2024-11-19,20.909737,106.01418,64.242096,45.76401,426.01166,0.5064474,0.0,2024-11-19 08:05:13.630016000,VNM,Vietnam
2024-11-19,20.886034,106.01186,64.22643,45.673847,426.20697,0.5602677,0.0,2024-11-19 08:05:13.603019776,VNM,Vietnam
2024-11-19,20.862387,106.0095,64.21077,45.584183,425.88882,0.5601532,0.0,2024-11-19 08:05:13.576023296,VNM,Vietnam
2024-11-19,21.005123,106.02288,64.30467,46.129654,426.7539,0.5502546,0.0,2024-11-19 08:05:13.738001920,VNM,Vietnam
2024-11-19,20.894215,106.03793,64.25302,45.585236,425.42502,0.51325077,0.0,2024-11-19 08:05:14.243008256,VNM,Vietnam
2024-11-19,20.96532,106.04487,64.29998,45.855473,426.44632,0.48896796,0.0,2024-11-19 08:05:14.323997440,VNM,Vietnam
2024-11-19,20.989138,106.047066,64.31562,45.94654,425.87076,0.5010764,0.0,2024-11-19 08:05:14.350993920,VNM,Vietnam
2024-11-19,20.71093,105.74401,63.97454,33.63463,427.06732,0.6484022,0.0,2024-11-19 08:05:30.549015040,VNM,Vietnam
2024-11-19,20.983078,106.13422,64.38517,45.497,425.67282,0.5082822,0.0,2024-11-19 08:05:16.549010432,VNM,Vietnam
2024-11-19,20.726826,105.75774,63.995296,33.63075,426.83182,0.6721244,0.0,2024-11-19 08:05:30.882990336,VNM,Vietnam
2024-11-19,21.085564,106.13168,64.44233,45.947132,427.17935,0.5352854,0.0,2024-11-19 08:05:16.351023104,VNM,Vietnam
2024-11-19,20.910278,106.05198,64.27409,45.58498,426.33228,0.52673656,0.0,2024-11-19 08:05:14.576017920,VNM,Vietnam
2024-11-19,20.886673,106.049576,64.25843,45.495983,425.7004,0.51614255,0.0,2024-11-19 08:05:14.549021440,VNM,Vietnam
2024-11-19,21.036945,106.05129,64.34688,46.130154,426.43552,0.5730728,0.0,2024-11-19 08:05:14.404986880,VNM,Vietnam
2024-11-19,21.013012,106.0492,64.331245,46.038097,426.3682,0.5356016,0.0,2024-11-19 08:05:14.377990144,VNM,Vietnam
2024-11-19,20.96521,106.0066,64.2679,46.037083,425.78366,0.5318317,0.0,2024-11-19 08:05:13.377995776,VNM,Vietnam
2024-11-19,20.941347,106.00448,64.25228,45.945595,426.57233,0.5240378,0.0,2024-11-19 08:05:13.350999296,VNM,Vietnam
2024-11-19,21.045784,106.11525,64.40554,45.855537,426.22604,0.4346511,0.0,2024-11-19 08:05:15.991017216,VNM,Vietnam
2024-11-19,21.085165,106.09355,64.410194,46.130096,427.2569,0.56682086,0.0,2024-11-19 08:05:15.405021696,VNM,Vietnam
2024-11-19,20.934887,106.09181,64.321754,45.496025,425.4517,0.5281691,0.0,2024-11-19 08:05:15.549016064,VNM,Vietnam
2024-11-19,20.949999,106.06841,64.31085,45.674473,425.6537,0.5111793,0.0,2024-11-19 08:05:14.936989440,VNM,Vietnam
2024-11-19,20.997501,106.07296,64.342155,45.85509,426.4686,0.48961937,0.0,2024-11-19 08:05:14.991022592,VNM,Vietnam
2024-11-19,21.045229,106.07728,64.373436,46.037704,424.7526,0.54712486,0.0,2024-11-19 08:05:15.045015552,VNM,Vietnam
2024-11-19,21.069174,106.07937,64.38907,46.129772,425.34937,0.5711093,0.0,2024-11-19 08:05:15.072012032,VNM,Vietnam
2024-11-19,20.918873,106.07779,64.30072,45.4959,425.48495,0.532769,0.0,2024-11-19 08:05:15.216006400,VNM,Vietnam
2024-11-19,21.021336,106.07515,64.357796,45.94615,426.35178,0.46980122,0.0,2024-11-19 08:05:15.018019072,VNM,Vietnam
2024-11-19,20.942421,106.080124,64.3163,45.584923,425.67435,0.53223276,0.0,2024-11-19 08:05:15.243002880,VNM,Vietnam
2024-11-19,20.966066,106.082504,64.33196,45.674545,425.86584,0.50773317,0.0,2024-11-19 08:05:15.269999360,VNM,Vietnam
2024-11-19,21.013535,106.08709,64.36327,45.85528,426.89862,0.45724723,0.0,2024-11-19 08:05:15.323992064,VNM,Vietnam
2024-11-19,21.037354,106.089294,64.37892,45.946392,426.0553,0.4873035,0.0,2024-11-19 08:05:15.350988288,VNM,Vietnam
2024-11-19,21.25998,105.92318,64.52314,20.67251,427.13297,0.7712352,0.0,2024-11-19 08:05:59.737993728,VNM,Vietnam
2024-11-19,20.98215,106.09661,64.353096,45.674744,426.28778,0.52051574,0.0,2024-11-19 08:05:15.603008768,VNM,Vietnam
2024-11-19,20.651688,105.650475,63.862747,33.603516,426.5528,0.640159,0.0,2024-11-19 08:05:28.603018752,VNM,Vietnam
2024-11-19,21.005861,106.09893,64.36876,45.764854,425.91437,0.4844671,0.0,2024-11-19 08:05:15.630005248,VNM,Vietnam
2024-11-19,20.951063,106.105896,64.34292,45.496155,425.49847,0.5501509,0.0,2024-11-19 08:05:15.882991360,VNM,Vietnam
2024-11-19,20.917543,106.0023,64.23666,45.8546,426.32208,0.5004295,0.0,2024-11-19 08:05:13.324003072,VNM,Vietnam
2024-11-19,20.981419,106.05887,64.32104,45.854992,426.20502,0.5008967,0.0,2024-11-19 08:05:14.657007104,VNM,Vietnam
2024-11-19,21.005234,106.061066,64.33668,45.94607,426.70114,0.48842382,0.0,2024-11-19 08:05:14.684003584,VNM,Vietnam
2024-11-19,20.870632,106.03551,64.23735,45.496143,426.00934,0.53055507,0.0,2024-11-19 08:05:14.216011776,VNM,Vietnam
2024-11-19,21.053028,106.065315,64.36795,46.129765,426.05875,0.58024424,0.0,2024-11-19 08:05:14.737996544,VNM,Vietnam
2024-11-19,21.014252,106.124855,64.39533,45.67505,426.41446,0.48239946,0.0,2024-11-19 08:05:16.269993728,VNM,Vietnam
2024-11-19,20.990612,106.12246,64.37966,45.585396,426.14923,0.5093232,0.0,2024-11-19 08:05:16.242997504,VNM,Vietnam
2024-11-19,20.967031,106.12001,64.36399,45.496254,425.91428,0.5218073,0.0,2024-11-19 08:05:16.216001024,VNM,Vietnam
2024-11-19,21.117418,106.12172,64.45246,46.130318,425.63165,0.5427242,0.0,2024-11-19 08:05:16.072006400,VNM,Vietnam
2024-11-19,21.0935,106.119644,64.43686,46.038258,426.30264,0.5381544,0.0,2024-11-19 08:05:16.045010176,VNM,Vietnam
2024-11-19,21.0291,106.06322,64.35231,46.03767,425.67172,0.5350556,0.0,2024-11-19 08:05:14.711000064,VNM,Vietnam
2024-11-19,21.022017,106.11299,64.38989,45.76494,426.41748,0.4706165,0.0,2024-11-19 08:05:15.964020736,VNM,Vietnam
2024-11-19,20.998306,106.11067,64.37423,45.67483,426.0163,0.4836354,0.0,2024-11-19 08:05:15.937024256,VNM,Vietnam
2024-11-19,20.974651,106.10829,64.35857,45.585224,425.40625,0.5059639,0.0,2024-11-19 08:05:15.909987584,VNM,Vietnam
2024-11-19,21.029629,106.10119,64.38441,45.85547,426.19452,0.4660843,0.0,2024-11-19 08:05:15.657001728,VNM,Vietnam
2024-11-19,20.61466,105.80991,63.899822,45.494213,426.5727,0.55587995,0.0,2024-11-19 08:05:08.882989056,VNM,Vietnam
2024-11-19,20.670265,105.64596,63.87026,33.5923,427.66943,0.6239811,0.0,2024-11-19 08:05:28.630015488,VNM,Vietnam
2024-11-19,20.686619,105.66054,63.89194,33.59734,426.9951,0.6167314,0.0,2024-11-19 08:05:28.963990528,VNM,Vietnam
2024-11-19,20.701464,105.831184,63.967945,45.763725,426.8908,0.6570196,0.0,2024-11-19 08:05:09.296987904,VNM,Vietnam
2024-11-19,21.20535,106.25711,64.616585,45.856792,426.84848,0.47305873,0.0,2024-11-19 08:05:19.324010496,VNM,Vietnam
2024-11-19,21.134209,106.25004,64.56955,45.586563,425.7062,0.52265996,0.0,2024-11-19 08:05:19.243021312,VNM,Vietnam
2024-11-19,21.197205,106.23083,64.5899,45.946724,426.8742,0.4718782,0.0,2024-11-19 08:05:18.684022272,VNM,Vietnam
2024-11-19,20.822853,105.99299,64.17405,45.495323,426.1516,0.5699481,0.0,2024-11-19 08:05:13.216017152,VNM,Vietnam
2024-11-19,21.1734,106.22858,64.57424,45.855602,427.24335,0.42032573,0.0,2024-11-19 08:05:18.657025792,VNM,Vietnam
2024-11-19,21.078844,106.21911,64.51167,45.496178,425.46655,0.48804736,0.0,2024-11-19 08:05:18.548999680,VNM,Vietnam
2024-11-19,21.229137,106.22089,64.60009,46.130226,425.99573,0.62507325,0.0,2024-11-19 08:05:18.405005568,VNM,Vietnam
2024-11-19,21.181278,106.21662,64.5688,45.946632,425.89694,0.46235415,0.0,2024-11-19 08:05:18.351012352,VNM,Vietnam
2024-11-19,21.109917,106.209816,64.52183,45.674965,425.8634,0.5418272,0.0,2024-11-19 08:05:18.270023168,VNM,Vietnam
2024-11-19,21.086271,106.20742,64.50616,45.585396,425.78445,0.5390659,0.0,2024-11-19 08:05:18.243026688,VNM,Vietnam
2024-11-19,21.062687,106.20496,64.49048,45.496326,424.73627,0.5290513,0.0,2024-11-19 08:05:18.215990016,VNM,Vietnam
2024-11-19,21.125992,106.22391,64.54292,45.674843,425.31747,0.5141499,0.0,2024-11-19 08:05:18.602992640,VNM,Vietnam
2024-11-19,20.64584,105.80044,63.909927,45.67216,426.57178,0.5631021,0.0,2024-11-19 08:05:08.603006720,VNM,Vietnam
2024-11-19,20.613716,105.772675,63.86797,45.673637,427.5358,0.58363456,0.0,2024-11-19 08:05:07.936987392,VNM,Vietnam
2024-11-19,20.637413,105.77489,63.88357,45.763638,427.53702,0.5553259,0.0,2024-11-19 08:05:07.964024064,VNM,Vietnam
2024-11-19,20.741058,105.80924,63.97255,46.03576,426.38928,0.70142275,0.0,2024-11-19 08:05:08.710992384,VNM,Vietnam
2024-11-19,20.717182,105.80714,63.95692,45.944084,425.1476,0.6500411,0.0,2024-11-19 08:05:08.683995904,VNM,Vietnam
2024-11-19,20.716682,105.76934,63.92494,46.12918,426.54996,0.5850537,0.0,2024-11-19 08:05:07.737994240,VNM,Vietnam
2024-11-19,20.669586,105.802765,63.925644,45.76233,427.80164,0.5838348,0.0,2024-11-19 08:05:08.630002944,VNM,Vietnam
2024-11-19,20.62218,105.79813,63.89428,45.58258,426.57022,0.56245524,0.0,2024-11-19 08:05:08.576010240,VNM,Vietnam
2024-11-19,20.598618,105.79586,63.878723,45.493595,426.93304,0.5927261,0.0,2024-11-19 08:05:08.549013504,VNM,Vietnam
2024-11-19,20.724995,105.795235,63.951473,46.035976,426.93607,0.59543276,0.0,2024-11-19 08:05:08.378022912,VNM,Vietnam
2024-11-19,20.677326,105.79102,63.92027,45.85359,427.6065,0.58553386,0.0,2024-11-19 08:05:08.323989760,VNM,Vietnam
2024-11-19,20.653555,105.78879,63.90461,45.76309,427.18414,0.5158658,0.0,2024-11-19 08:05:08.296993280,VNM,Vietnam
2024-11-19,20.62986,105.786545,63.88899,45.673134,426.69345,0.58532894,0.0,2024-11-19 08:05:08.269996800,VNM,Vietnam
2024-11-19,20.606215,105.78428,63.873383,45.583637,426.9543,0.6059434,0.0,2024-11-19 08:05:08.243000576,VNM,Vietnam
2024-11-19,20.732813,105.783295,63.94601,46.12871,426.80728,0.6037115,0.0,2024-11-19 08:05:08.072009472,VNM,Vietnam
2024-11-19,20.708866,105.78126,63.93039,46.036682,426.62704,0.5891628,0.0,2024-11-19 08:05:08.045013248,VNM,Vietnam
2024-11-19,20.685001,105.77921,63.91481,45.945194,427.0714,0.5673875,0.0,2024-11-19 08:05:08.018016768,VNM,Vietnam
2024-11-19,20.661179,105.77708,63.899193,45.854168,427.4367,0.5388641,0.0,2024-11-19 08:05:07.991020544,VNM,Vietnam
2024-11-19,21.212727,106.20614,64.5783,46.129887,425.74408,0.59276354,0.0,2024-11-19 08:05:18.071995648,VNM,Vietnam
2024-11-19,20.41775,105.38219,63.5034,33.569347,426.34192,0.6099065,0.0,2024-11-19 08:05:22.684000512,VNM,Vietnam
2024-11-19,21.094044,106.19569,64.50082,45.67528,425.3179,0.5408476,0.0,2024-11-19 08:05:17.937013504,VNM,Vietnam
2024-11-19,21.197235,106.19261,64.557976,46.13084,426.54886,0.55114776,0.0,2024-11-19 08:05:17.738020352,VNM,Vietnam
2024-11-19,20.856607,105.72621,64.04778,33.55557,427.7078,0.6571922,0.0,2024-11-19 08:05:31.072005632,VNM,Vietnam
2024-11-19,20.8381,105.73079,64.040344,33.56246,427.03287,0.69024307,0.0,2024-11-19 08:05:31.045009152,VNM,Vietnam
2024-11-19,20.819584,105.73535,64.032906,33.570534,428.20825,0.6505727,0.0,2024-11-19 08:05:31.018012672,VNM,Vietnam
2024-11-19,20.801054,105.73988,64.02543,33.579967,428.13586,0.6556408,0.0,2024-11-19 08:05:30.991016448,VNM,Vietnam
2024-11-19,20.782522,105.744415,64.01796,33.591026,427.3801,0.71282214,0.0,2024-11-19 08:05:30.964019712,VNM,Vietnam
2024-11-19,20.76398,105.74893,64.010475,33.603207,428.45447,0.7612583,0.0,2024-11-19 08:05:30.937023488,VNM,Vietnam
2024-11-19,20.745419,105.75339,64.00294,33.616463,428.33948,0.7941481,0.0,2024-11-19 08:05:30.909986816,VNM,Vietnam
2024-11-19,20.803755,105.7217,64.012245,33.575516,427.11176,0.7142952,0.0,2024-11-19 08:05:30.683997184,VNM,Vietnam
2024-11-19,20.785244,105.72628,64.004814,33.58545,427.32367,0.65360355,0.0,2024-11-19 08:05:30.657000704,VNM,Vietnam
2024-11-19,20.74814,105.7353,63.989822,33.6086,426.3127,0.76635885,0.0,2024-11-19 08:05:30.603008000,VNM,Vietnam
2024-11-19,20.72955,105.7397,63.98222,33.621136,426.01245,0.80678445,0.0,2024-11-19 08:05:30.576011776,VNM,Vietnam
2024-11-19,20.694857,105.72944,63.953033,33.629017,427.75842,0.7276038,0.0,2024-11-19 08:05:30.216005376,VNM,Vietnam
2024-11-19,20.683975,105.67845,63.904964,33.60175,428.05063,0.6278063,0.0,2024-11-19 08:05:29.270003712,VNM,Vietnam
2024-11-19,20.742834,105.77197,64.01651,33.63254,427.33105,0.68436676,0.0,2024-11-19 08:05:31.216000000,VNM,Vietnam
2024-11-19,20.668066,105.66506,63.88445,33.609074,427.17645,0.6180626,0.0,2024-11-19 08:05:28.936994048,VNM,Vietnam
2024-11-19,20.48622,105.546394,63.67837,33.629974,425.64648,0.65585816,0.0,2024-11-19 08:05:25.883017472,VNM,Vietnam
2024-11-19,21.149488,106.18834,64.52673,45.947235,425.53485,0.48634762,0.0,2024-11-19 08:05:17.683987456,VNM,Vietnam
2024-11-19,21.125671,106.18608,64.51106,45.856155,426.3912,0.45193073,0.0,2024-11-19 08:05:17.656990976,VNM,Vietnam
2024-11-19,21.054516,106.179146,64.46411,45.58631,425.6137,0.50492567,0.0,2024-11-19 08:05:17.576001536,VNM,Vietnam
2024-11-19,21.030949,106.17683,64.44855,45.497467,424.96924,0.509592,0.0,2024-11-19 08:05:17.549005056,VNM,Vietnam
2024-11-19,21.157293,106.17646,64.52132,46.03954,426.09116,0.51709783,0.0,2024-11-19 08:05:17.378014208,VNM,Vietnam
2024-11-19,21.133434,106.17427,64.50567,45.947845,425.7166,0.48365188,0.0,2024-11-19 08:05:17.351017984,VNM,Vietnam
2024-11-19,21.109648,106.17206,64.49004,45.856674,425.9057,0.48242265,0.0,2024-11-19 08:05:17.324021248,VNM,Vietnam
2024-11-19,21.085888,106.169716,64.47435,45.765926,426.52902,0.4658093,0.0,2024-11-19 08:05:17.297025024,VNM,Vietnam
2024-11-19,21.03856,106.16496,64.44301,45.58611,425.1151,0.49136758,0.0,2024-11-19 08:05:17.242991872,VNM,Vietnam
2024-11-19,21.141417,106.162224,64.50022,46.039337,425.39066,0.50323427,0.0,2024-11-19 08:05:17.045004544,VNM,Vietnam
2024-11-19,21.069984,106.155556,64.453285,45.7661,426.39532,0.46145096,0.0,2024-11-19 08:05:16.964015360,VNM,Vietnam
2024-11-19,21.022642,106.15084,64.42197,45.58643,425.792,0.5017826,0.0,2024-11-19 08:05:16.910022400,VNM,Vietnam
2024-11-19,21.046839,106.190865,64.469505,45.49665,426.21204,0.49167973,0.0,2024-11-19 08:05:17.883020544,VNM,Vietnam
2024-11-19,20.999054,106.1484,64.40629,45.49735,426.6107,0.48504648,0.0,2024-11-19 08:05:16.883026176,VNM,Vietnam
2024-11-19,20.4458,105.450096,63.57547,33.596786,425.85623,0.583637,0.0,2024-11-19 08:05:23.964017664,VNM,Vietnam
2024-11-19,20.761435,105.76766,64.02418,33.619175,428.28204,0.64460564,0.0,2024-11-19 08:05:31.242996480,VNM,Vietnam
2024-11-19,21.244438,105.931526,64.520294,20.84751,425.96448,0.7751661,0.0,2024-11-19 08:05:59.710997248,VNM,Vietnam
2024-11-19,20.828878,105.867744,64.07253,46.12849,424.818,0.644482,0.0,2024-11-19 08:05:10.071998720,VNM,Vietnam
2024-11-19,21.213211,105.94819,64.5145,21.200487,427.08517,0.64268553,0.0,2024-11-19 08:05:59.657004288,VNM,Vietnam
2024-11-19,20.881128,105.81031,64.13089,33.579952,426.85867,0.63167226,0.0,2024-11-19 08:05:32.656989952,VNM,Vietnam
2024-11-19,20.844013,105.819275,64.11585,33.602486,426.72787,0.61148065,0.0,2024-11-19 08:05:32.602996992,VNM,Vietnam
2024-11-19,20.854242,105.74531,64.061844,33.567368,426.91647,0.6923166,0.0,2024-11-19 08:05:31.378018816,VNM,Vietnam
2024-11-19,20.872753,105.740685,64.069244,33.5601,426.35452,0.68860984,0.0,2024-11-19 08:05:31.405015296,VNM,Vietnam
2024-11-19,20.758947,105.78601,64.03763,33.63199,427.91537,0.7494753,0.0,2024-11-19 08:05:31.549009920,VNM,Vietnam
2024-11-19,20.777536,105.7816,64.04521,33.617805,426.98233,0.6433035,0.0,2024-11-19 08:05:31.576006144,VNM,Vietnam
2024-11-19,20.796114,105.777176,64.05278,33.604744,427.36145,0.69909245,0.0,2024-11-19 08:05:31.603002624,VNM,Vietnam
2024-11-19,20.814674,105.772705,64.06031,33.592773,427.8582,0.608342,0.0,2024-11-19 08:05:31.629998848,VNM,Vietnam
2024-11-19,20.833212,105.76817,64.06779,33.58188,427.69894,0.6752806,0.0,2024-11-19 08:05:31.656995328,VNM,Vietnam
2024-11-19,20.931715,105.833984,64.18058,33.57129,427.17212,0.63665026,0.0,2024-11-19 08:05:33.351011584,VNM,Vietnam
2024-11-19,20.851719,105.76362,64.075226,33.57203,427.50186,0.6471534,0.0,2024-11-19 08:05:31.683991808,VNM,Vietnam
2024-11-19,20.888668,105.754364,64.089966,33.55557,427.8747,0.6815637,0.0,2024-11-19 08:05:31.738024960,VNM,Vietnam
2024-11-19,20.774761,105.799866,64.058426,33.629135,426.9558,0.6539924,0.0,2024-11-19 08:05:31.883025152,VNM,Vietnam
2024-11-19,20.793348,105.79551,64.066055,33.615208,427.62964,0.73804986,0.0,2024-11-19 08:05:31.910021632,VNM,Vietnam
2024-11-19,20.811914,105.7911,64.07362,33.602352,427.1987,0.64042753,0.0,2024-11-19 08:05:31.937017856,VNM,Vietnam
2024-11-19,20.862581,105.81482,64.1234,33.590683,426.9778,0.704031,0.0,2024-11-19 08:05:32.629993472,VNM,Vietnam
2024-11-19,20.830471,105.78667,64.081184,33.590622,427.4152,0.6682183,0.0,2024-11-19 08:05:31.964014592,VNM,Vietnam
2024-11-19,20.867535,105.777664,64.09617,33.570908,427.16852,0.60391617,0.0,2024-11-19 08:05:32.018007296,VNM,Vietnam
2024-11-19,20.88606,105.773155,64.10366,33.56326,427.01254,0.6956912,0.0,2024-11-19 08:05:32.045003776,VNM,Vietnam
2024-11-19,20.90458,105.76861,64.11112,33.55674,427.4701,0.71786505,0.0,2024-11-19 08:05:32.072000256,VNM,Vietnam
2024-11-19,20.79098,105.81444,64.08001,33.635117,426.89102,0.74254465,0.0,2024-11-19 08:05:32.215994624,VNM,Vietnam
2024-11-19,20.870201,105.75901,64.08262,33.563255,427.78943,0.7034277,0.0,2024-11-19 08:05:31.710988288,VNM,Vietnam
2024-11-19,20.8096,105.810104,64.08768,33.62133,426.82608,0.7774341,0.0,2024-11-19 08:05:32.242990848,VNM,Vietnam
2024-11-19,20.908255,105.87596,64.20057,33.607025,427.42847,0.6967202,0.0,2024-11-19 08:05:33.937007104,VNM,Vietnam
2024-11-19,20.860088,105.8337,64.13724,33.606655,427.2715,0.6924293,0.0,2024-11-19 08:05:32.937012736,VNM,Vietnam
2024-11-19,20.878672,105.8293,64.14483,33.595554,426.77637,0.6115026,0.0,2024-11-19 08:05:32.964008960,VNM,Vietnam
2024-11-19,20.91578,105.82035,64.15988,33.57615,426.86942,0.69615376,0.0,2024-11-19 08:05:33.018001920,VNM,Vietnam
2024-11-19,20.934296,105.81576,64.167305,33.56755,427.05002,0.7468855,0.0,2024-11-19 08:05:33.044998400,VNM,Vietnam
2024-11-19,20.952791,105.81112,64.174675,33.5601,426.79047,0.70470625,0.0,2024-11-19 08:05:33.071994880,VNM,Vietnam
2024-11-19,20.838953,105.856544,64.14313,33.633923,426.38876,0.7372352,0.0,2024-11-19 08:05:33.215988992,VNM,Vietnam
2024-11-19,20.857534,105.85215,64.15071,33.6193,426.72165,0.5933881,0.0,2024-11-19 08:05:33.243025664,VNM,Vietnam
2024-11-19,20.876106,105.84772,64.15828,33.605755,426.76416,0.6664343,0.0,2024-11-19 08:05:33.270022400,VNM,Vietnam
2024-11-19,20.894655,105.84317,64.16574,33.593163,425.8939,0.71278286,0.0,2024-11-19 08:05:33.297018880,VNM,Vietnam
2024-11-19,20.899654,105.805786,64.13837,33.5705,427.56625,0.669695,0.0,2024-11-19 08:05:32.683986432,VNM,Vietnam
2024-11-19,20.963917,105.86247,64.22309,33.57474,425.25467,0.75284094,0.0,2024-11-19 08:05:34.017996544,VNM,Vietnam
2024-11-19,20.913197,105.83861,64.17319,33.581688,427.07275,0.68850523,0.0,2024-11-19 08:05:33.324015104,VNM,Vietnam
2024-11-19,21.228848,105.93986,64.51741,21.023535,426.21524,0.66271836,0.0,2024-11-19 08:05:59.684001024,VNM,Vietnam
2024-11-19,20.892124,105.86133,64.179,33.601025,426.53033,0.64410126,0.0,2024-11-19 08:05:33.602991616,VNM,Vietnam
2024-11-19,20.910707,105.85694,64.18661,33.590027,426.63864,0.65805304,0.0,2024-11-19 08:05:33.629988096,VNM,Vietnam
2024-11-19,20.929274,105.85251,64.19417,33.580128,426.94403,0.67289835,0.0,2024-11-19 08:05:33.657024768,VNM,Vietnam
2024-11-19,20.966349,105.84357,64.209206,33.563923,426.8706,0.7580206,0.0,2024-11-19 08:05:33.711017728,VNM,Vietnam
2024-11-19,20.889662,105.88035,64.19297,33.6198,425.74716,0.72955436,0.0,2024-11-19 08:05:33.910010880,VNM,Vietnam
2024-11-19,20.841486,105.83804,64.12959,33.61884,427.40555,0.670704,0.0,2024-11-19 08:05:32.910016000,VNM,Vietnam
2024-11-19,20.828192,105.805695,64.09526,33.6086,427.3017,0.5941075,0.0,2024-11-19 08:05:32.269987584,VNM,Vietnam
2024-11-19,20.865274,105.79675,64.1103,33.586388,427.40317,0.6238872,0.0,2024-11-19 08:05:32.324020736,VNM,Vietnam
2024-11-19,21.031115,106.02577,64.396225,33.63359,426.56906,0.60903066,0.0,2024-11-19 08:05:37.216007680,VNM,Vietnam
2024-11-19,21.049713,106.02145,64.40387,33.619724,426.53027,0.61607534,0.0,2024-11-19 08:05:37.243004160,VNM,Vietnam
2024-11-19,21.086847,106.01267,64.41904,33.595352,427.09262,0.61245227,0.0,2024-11-19 08:05:37.296997120,VNM,Vietnam
2024-11-19,21.105385,106.008224,64.42656,33.584827,426.74188,0.5822348,0.0,2024-11-19 08:05:37.323993344,VNM,Vietnam
2024-11-19,21.14241,105.99918,64.44148,33.56706,426.52206,0.5885908,0.0,2024-11-19 08:05:37.377986304,VNM,Vietnam
2024-11-19,21.160896,105.99458,64.448875,33.559658,425.69974,0.6082405,0.0,2024-11-19 08:05:37.405022976,VNM,Vietnam
2024-11-19,21.04687,106.03955,64.416916,33.629272,426.6353,0.56163406,0.0,2024-11-19 08:05:37.549017344,VNM,Vietnam
2024-11-19,21.065458,106.03515,64.42449,33.614536,425.8739,0.7022745,0.0,2024-11-19 08:05:37.576013824,VNM,Vietnam
2024-11-19,21.144932,105.98009,64.42753,33.555958,426.07843,0.64279115,0.0,2024-11-19 08:05:37.072013312,VNM,Vietnam
2024-11-19,21.084026,106.03069,64.43202,33.60097,426.55783,0.633581,0.0,2024-11-19 08:05:37.603010304,VNM,Vietnam
2024-11-19,20.979721,105.87617,64.24375,33.569984,427.07623,0.6883891,0.0,2024-11-19 08:05:34.351005952,VNM,Vietnam
2024-11-19,20.937765,105.92257,64.25622,33.619144,427.0143,0.6792201,0.0,2024-11-19 08:05:34.910005248,VNM,Vietnam
2024-11-19,21.011858,105.90473,64.28627,33.57419,427.13867,0.6360985,0.0,2024-11-19 08:05:35.017991168,VNM,Vietnam
2024-11-19,21.048828,105.89558,64.30109,33.55815,427.26035,0.73719496,0.0,2024-11-19 08:05:35.072024064,VNM,Vietnam
2024-11-19,20.84674,105.80125,64.1028,33.596947,427.4491,0.6026995,0.0,2024-11-19 08:05:32.297024256,VNM,Vietnam
2024-11-19,21.1264,105.98461,64.42005,33.562458,426.38745,0.64359796,0.0,2024-11-19 08:05:37.045016832,VNM,Vietnam
2024-11-19,21.057335,105.96584,64.36326,33.584904,427.3832,0.65164083,0.0,2024-11-19 08:05:36.323998976,VNM,Vietnam
2024-11-19,20.883808,105.79228,64.11781,33.576984,426.99475,0.6463948,0.0,2024-11-19 08:05:32.351016960,VNM,Vietnam
2024-11-19,20.902304,105.78768,64.12522,33.5686,427.05664,0.73779577,0.0,2024-11-19 08:05:32.378013440,VNM,Vietnam
2024-11-19,20.920794,105.78307,64.132614,33.5612,426.98434,0.67697954,0.0,2024-11-19 08:05:32.405009664,VNM,Vietnam
2024-11-19,20.806862,105.82817,64.10075,33.630863,427.61316,0.7397221,0.0,2024-11-19 08:05:32.549004288,VNM,Vietnam
2024-11-19,20.825445,105.82374,64.10832,33.61608,426.92032,0.6806343,0.0,2024-11-19 08:05:32.576000768,VNM,Vietnam
2024-11-19,20.849005,105.782166,64.08868,33.57995,427.83206,0.611359,0.0,2024-11-19 08:05:31.991010816,VNM,Vietnam
2024-11-19,20.961195,105.88069,64.23628,33.57936,426.38486,0.7050384,0.0,2024-11-19 08:05:34.324009728,VNM,Vietnam
2024-11-19,21.075878,105.96137,64.37077,33.575665,426.28897,0.65280324,0.0,2024-11-19 08:05:36.350995200,VNM,Vietnam
2024-11-19,21.089293,105.99357,64.405014,33.57904,426.20038,0.56333196,0.0,2024-11-19 08:05:36.991024128,VNM,Vietnam
2024-11-19,21.0944,105.95684,64.378235,33.56751,426.48132,0.6877609,0.0,2024-11-19 08:05:36.377991680,VNM,Vietnam
2024-11-19,20.999014,105.99762,64.35406,33.634327,426.76346,0.6144517,0.0,2024-11-19 08:05:36.549022720,VNM,Vietnam
2024-11-19,21.036205,105.988914,64.36931,33.607845,426.20258,0.71483064,0.0,2024-11-19 08:05:36.603015680,VNM,Vietnam
2024-11-19,21.054756,105.98444,64.376816,33.595497,427.52567,0.6588172,0.0,2024-11-19 08:05:36.630012160,VNM,Vietnam
2024-11-19,21.07329,105.97992,64.384285,33.584236,427.54977,0.61784625,0.0,2024-11-19 08:05:36.657008640,VNM,Vietnam
2024-11-19,21.091818,105.97535,64.391716,33.573902,427.30463,0.6515007,0.0,2024-11-19 08:05:36.684005120,VNM,Vietnam
2024-11-19,21.110323,105.97069,64.39907,33.564568,426.67807,0.6804163,0.0,2024-11-19 08:05:36.711001344,VNM,Vietnam
2024-11-19,21.12881,105.96599,64.40639,33.556324,425.6764,0.61704475,0.0,2024-11-19 08:05:36.737997824,VNM,Vietnam
2024-11-19,21.01495,106.01117,64.37467,33.628056,426.83554,0.62317693,0.0,2024-11-19 08:05:36.882998016,VNM,Vietnam
2024-11-19,21.05215,106.00244,64.38991,33.601345,426.83517,0.6723953,0.0,2024-11-19 08:05:36.936990976,VNM,Vietnam
2024-11-19,21.070732,105.99803,64.39749,33.589653,426.07275,0.6745304,0.0,2024-11-19 08:05:36.964027648,VNM,Vietnam
2024-11-19,21.112902,105.95223,64.385635,33.560364,426.992,0.6534955,0.0,2024-11-19 08:05:36.404988416,VNM,Vietnam
2024-11-19,20.934954,105.94074,64.26934,33.62967,426.49423,0.68494385,0.0,2024-11-19 08:05:35.216018688,VNM,Vietnam
2024-11-19,20.822868,105.842354,64.12192,33.63214,426.63226,0.6841351,0.0,2024-11-19 08:05:32.883019776,VNM,Vietnam
2024-11-19,20.918154,105.80119,64.145775,33.56216,426.2908,0.75228286,0.0,2024-11-19 08:05:32.711023104,VNM,Vietnam
2024-11-19,21.100197,106.04528,64.45356,33.606033,426.8118,0.63698244,0.0,2024-11-19 08:05:37.937025792,VNM,Vietnam
2024-11-19,21.118792,106.0409,64.46117,33.594963,426.96643,0.6200686,0.0,2024-11-19 08:05:37.964022272,VNM,Vietnam
2024-11-19,21.137379,106.036514,64.468765,33.58503,426.11713,0.56144935,0.0,2024-11-19 08:05:37.991018496,VNM,Vietnam
2024-11-19,21.15593,106.03201,64.47626,33.575645,426.49246,0.59664994,0.0,2024-11-19 08:05:38.018014976,VNM,Vietnam
2024-11-19,21.192965,106.02285,64.4911,33.559746,426.3874,0.61873347,0.0,2024-11-19 08:05:38.072007936,VNM,Vietnam
2024-11-19,21.0975,106.063934,64.467094,33.62014,426.70255,0.6594464,0.0,2024-11-19 08:05:38.242998528,VNM,Vietnam
2024-11-19,21.116053,106.05952,64.47465,33.606754,425.99515,0.6725252,0.0,2024-11-19 08:05:38.269995264,VNM,Vietnam
2024-11-19,21.134604,106.05504,64.48215,33.594257,426.18576,0.6362084,0.0,2024-11-19 08:05:38.296991488,VNM,Vietnam
2024-11-19,21.15314,106.05051,64.48961,33.582848,426.62894,0.6063039,0.0,2024-11-19 08:05:38.324028160,VNM,Vietnam
2024-11-19,21.17674,106.00822,64.4695,33.55391,425.50388,0.6437036,0.0,2024-11-19 08:05:37.737992192,VNM,Vietnam
2024-11-19,21.171656,106.04594,64.49703,33.57252,426.46646,0.6313255,0.0,2024-11-19 08:05:38.351024640,VNM,Vietnam
2024-11-19,21.09471,106.08203,64.48016,33.629704,426.38934,0.63142896,0.0,2024-11-19 08:05:38.549011968,VNM,Vietnam
2024-11-19,21.113302,106.07772,64.48781,33.61588,426.8,0.609253,0.0,2024-11-19 08:05:38.576008192,VNM,Vietnam
2024-11-19,21.13187,106.07332,64.495384,33.603203,426.452,0.64876074,0.0,2024-11-19 08:05:38.603004928,VNM,Vietnam
2024-11-19,21.111088,106.09664,64.50184,33.635193,426.13217,0.6275402,0.0,2024-11-19 08:05:38.882987264,VNM,Vietnam
2024-11-19,21.129686,106.09232,64.50948,33.621277,426.49112,0.6615361,0.0,2024-11-19 08:05:38.910023936,VNM,Vietnam
2024-11-19,21.288843,106.10751,64.61744,33.556732,424.96548,0.74579316,0.0,2024-11-19 08:05:40.071997184,VNM,Vietnam
2024-11-19,21.174803,106.15271,64.58566,33.62938,425.18005,0.5791192,0.0,2024-11-19 08:05:40.215991552,VNM,Vietnam
2024-11-19,21.22537,106.17694,64.63567,33.61837,426.2059,0.6059922,0.0,2024-11-19 08:05:40.910012928,VNM,Vietnam
2024-11-19,21.148209,106.087685,64.51684,33.608192,426.2556,0.6425951,0.0,2024-11-19 08:05:38.937020416,VNM,Vietnam
2024-11-19,21.166826,106.08351,64.52461,33.596695,426.0191,0.620703,0.0,2024-11-19 08:05:38.964016640,VNM,Vietnam
2024-11-19,21.240866,106.06524,64.5543,33.558586,426.6565,0.65506315,0.0,2024-11-19 08:05:39.072002304,VNM,Vietnam
2024-11-19,21.251825,106.11669,64.60262,33.573013,426.01526,0.54526734,0.0,2024-11-19 08:05:40.018004224,VNM,Vietnam
2024-11-19,21.233292,106.12121,64.59516,33.58279,426.51752,0.5150378,0.0,2024-11-19 08:05:39.991007744,VNM,Vietnam
2024-11-19,21.21474,106.12569,64.587654,33.593662,425.642,0.5698327,0.0,2024-11-19 08:05:39.964011264,VNM,Vietnam
2024-11-19,21.196173,106.13011,64.5801,33.605625,425.39493,0.61611694,0.0,2024-11-19 08:05:39.937014784,VNM,Vietnam
2024-11-19,21.177588,106.1345,64.57252,33.618675,425.8931,0.64506084,0.0,2024-11-19 08:05:39.910018560,VNM,Vietnam
2024-11-19,21.158983,106.13884,64.56489,33.632816,425.28983,0.57844377,0.0,2024-11-19 08:05:39.883022080,VNM,Vietnam
2024-11-19,21.272964,106.09354,64.59654,33.559048,425.5764,0.69110304,0.0,2024-11-19 08:05:39.738021888,VNM,Vietnam
2024-11-19,21.25445,106.09806,64.58908,33.565838,425.7432,0.640144,0.0,2024-11-19 08:05:39.711025152,VNM,Vietnam
2024-11-19,21.235933,106.102585,64.58163,33.573772,425.87067,0.56222516,0.0,2024-11-19 08:05:39.683988480,VNM,Vietnam
2024-11-19,21.17446,106.02745,64.483696,33.567085,425.62448,0.6510154,0.0,2024-11-19 08:05:38.045011456,VNM,Vietnam
2024-11-19,21.2039,106.07454,64.539604,33.576015,425.26938,0.6720695,0.0,2024-11-19 08:05:39.018009600,VNM,Vietnam
2024-11-19,21.18537,106.07904,64.53212,33.586044,426.44467,0.5692818,0.0,2024-11-19 08:05:38.991013120,VNM,Vietnam
2024-11-19,21.161596,106.12022,64.551315,33.61713,426.21533,0.6261857,0.0,2024-11-19 08:05:39.576003072,VNM,Vietnam
2024-11-19,21.142965,106.12451,64.54364,33.63076,425.96445,0.5577654,0.0,2024-11-19 08:05:39.549006336,VNM,Vietnam
2024-11-19,21.25675,106.079056,64.57507,33.555027,426.10855,0.6706101,0.0,2024-11-19 08:05:39.405012224,VNM,Vietnam
2024-11-19,21.238214,106.0836,64.56762,33.56214,426.04745,0.6073309,0.0,2024-11-19 08:05:39.378015744,VNM,Vietnam
2024-11-19,21.18257,106.09717,64.5452,33.590485,426.40277,0.59588194,0.0,2024-11-19 08:05:39.297026304,VNM,Vietnam
2024-11-19,21.126791,106.110214,64.52233,33.62872,425.23483,0.65838456,0.0,2024-11-19 08:05:39.215996672,VNM,Vietnam
2024-11-19,21.180216,106.1159,64.55898,33.60463,426.69086,0.63358146,0.0,2024-11-19 08:05:39.602999552,VNM,Vietnam
2024-11-19,21.21739,106.10706,64.57412,33.582848,426.01953,0.5548996,0.0,2024-11-19 08:05:39.656992256,VNM,Vietnam
2024-11-19,20.936644,105.796585,64.153175,33.554947,426.85434,0.6517266,0.0,2024-11-19 08:05:32.738019584,VNM,Vietnam
2024-11-19,21.212004,106.14413,64.601,33.603714,426.44455,0.64918554,0.0,2024-11-19 08:05:40.270024448,VNM,Vietnam
2024-11-19,20.89195,105.59855,64.03804,20.671574,427.2325,0.87389,0.0,2024-11-19 08:05:52.072012544,VNM,Vietnam
2024-11-19,21.286276,106.12642,64.63122,33.565533,425.8024,0.6703037,0.0,2024-11-19 08:05:40.378010368,VNM,Vietnam
2024-11-19,21.3048,106.12186,64.63866,33.55872,426.3641,0.6731313,0.0,2024-11-19 08:05:40.405006592,VNM,Vietnam
2024-11-19,21.209541,106.16312,64.61492,33.62178,425.94943,0.64415467,0.0,2024-11-19 08:05:40.575997696,VNM,Vietnam
2024-11-19,21.228136,106.15878,64.62255,33.609436,426.28024,0.62503487,0.0,2024-11-19 08:05:40.602993920,VNM,Vietnam
2024-11-19,21.24671,106.1544,64.63014,33.597866,426.5416,0.5712785,0.0,2024-11-19 08:05:40.629990400,VNM,Vietnam
2024-11-19,21.283802,106.14548,64.645164,33.577824,425.63248,0.6838733,0.0,2024-11-19 08:05:40.684023296,VNM,Vietnam
2024-11-19,21.302296,106.14083,64.65252,33.56922,426.52142,0.6424125,0.0,2024-11-19 08:05:40.711020032,VNM,Vietnam
2024-11-19,21.320826,106.13634,64.66001,33.561913,426.36667,0.6561699,0.0,2024-11-19 08:05:40.738016256,VNM,Vietnam
2024-11-19,21.158234,106.01281,64.46209,33.56102,426.77032,0.623743,0.0,2024-11-19 08:05:37.710995968,VNM,Vietnam
2024-11-19,21.267733,106.13091,64.623726,33.57343,425.3301,0.61239547,0.0,2024-11-19 08:05:40.351013888,VNM,Vietnam
2024-11-19,21.24396,106.17259,64.64328,33.605072,425.63208,0.58169645,0.0,2024-11-19 08:05:40.937009408,VNM,Vietnam
2024-11-19,21.281061,106.16364,64.658295,33.581627,425.87814,0.6092822,0.0,2024-11-19 08:05:40.991002368,VNM,Vietnam
2024-11-19,21.299603,106.15915,64.66578,33.572075,425.83255,0.6604114,0.0,2024-11-19 08:05:41.017998592,VNM,Vietnam
2024-11-19,20.843855,105.55643,63.974815,20.674374,427.95374,0.86979485,0.0,2024-11-19 08:05:51.072017920,VNM,Vietnam
2024-11-19,20.76614,105.62039,63.978413,21.737068,426.4847,0.84136534,0.0,2024-11-19 08:05:51.243008512,VNM,Vietnam
2024-11-19,20.782072,105.634476,63.999466,21.737196,427.55475,0.7987537,0.0,2024-11-19 08:05:51.576018432,VNM,Vietnam
2024-11-19,21.139704,106.01733,64.45461,33.5692,426.39105,0.6140351,0.0,2024-11-19 08:05:37.683999488,VNM,Vietnam
2024-11-19,21.12116,106.02182,64.44712,33.578556,426.3802,0.574954,0.0,2024-11-19 08:05:37.657003264,VNM,Vietnam
2024-11-19,21.102596,106.02625,64.43957,33.589195,426.49097,0.6290515,0.0,2024-11-19 08:05:37.630006784,VNM,Vietnam
2024-11-19,21.262518,106.16814,64.65081,33.592808,426.43356,0.5775484,0.0,2024-11-19 08:05:40.964005888,VNM,Vietnam
2024-11-19,20.860846,105.61528,64.03235,21.022736,428.40195,0.8053045,0.0,2024-11-19 08:05:52.018019584,VNM,Vietnam
2024-11-19,20.8444,105.57875,63.993023,20.84787,428.0945,0.8760506,0.0,2024-11-19 08:05:51.377990656,VNM,Vietnam
2024-11-19,20.82987,105.65432,64.04464,21.556171,429.18573,0.847678,0.0,2024-11-19 08:05:52.269999616,VNM,Vietnam
2024-11-19,20.845592,105.646,64.04761,21.37734,428.45474,0.8131993,0.0,2024-11-19 08:05:52.296996096,VNM,Vietnam
2024-11-19,20.861258,105.6377,64.05055,21.199478,429.7397,0.7622327,0.0,2024-11-19 08:05:52.323992576,VNM,Vietnam
2024-11-19,20.876879,105.629364,64.05345,21.022562,428.354,0.78923774,0.0,2024-11-19 08:05:52.350988800,VNM,Vietnam
2024-11-19,20.892452,105.620995,64.056305,20.846624,427.93262,0.84450656,0.0,2024-11-19 08:05:52.377985536,VNM,Vietnam
2024-11-19,20.907972,105.61264,64.059135,20.671726,427.89032,0.81666416,0.0,2024-11-19 08:05:52.405022208,VNM,Vietnam
2024-11-19,20.84587,105.668495,64.06579,21.55726,427.92267,0.8160338,0.0,2024-11-19 08:05:52.603009280,VNM,Vietnam
2024-11-19,20.861582,105.660164,64.06874,21.378565,428.48648,0.6969189,0.0,2024-11-19 08:05:52.630005760,VNM,Vietnam
2024-11-19,20.87723,105.65187,64.071686,21.20086,428.58224,0.71735376,0.0,2024-11-19 08:05:52.657002240,VNM,Vietnam
2024-11-19,20.908413,105.63517,64.07743,20.84796,427.08774,0.7995775,0.0,2024-11-19 08:05:52.710995200,VNM,Vietnam
2024-11-19,20.923935,105.62678,64.080246,20.672985,427.4006,0.8398603,0.0,2024-11-19 08:05:52.737991680,VNM,Vietnam
2024-11-19,20.861862,105.6826,64.08689,21.55774,429.7182,0.7758872,0.0,2024-11-19 08:05:52.937024768,VNM,Vietnam
2024-11-19,20.877579,105.67428,64.08984,21.378979,429.29102,0.7152196,0.0,2024-11-19 08:05:52.964021248,VNM,Vietnam
2024-11-19,20.924412,105.64928,64.09853,20.848509,428.15927,0.8363639,0.0,2024-11-19 08:05:53.045010688,VNM,Vietnam
2024-11-19,20.86213,105.705025,64.10502,21.738237,428.595,0.8449464,0.0,2024-11-19 08:05:53.242997760,VNM,Vietnam
2024-11-19,20.877895,105.696754,64.10804,21.558548,428.36725,0.82234496,0.0,2024-11-19 08:05:53.269994240,VNM,Vietnam
2024-11-19,20.92487,105.671776,64.11681,21.025324,428.2322,0.7539923,0.0,2024-11-19 08:05:53.351023616,VNM,Vietnam
2024-11-19,20.86227,105.72747,64.1231,21.919823,428.4889,0.842973,0.0,2024-11-19 08:05:53.549010944,VNM,Vietnam
2024-11-19,21.193409,106.148445,64.59335,33.616,425.6857,0.67133933,0.0,2024-11-19 08:05:40.242987776,VNM,Vietnam
2024-11-19,20.860348,105.59288,64.014114,20.8476,428.27502,0.8409123,0.0,2024-11-19 08:05:51.711000320,VNM,Vietnam
2024-11-19,20.846102,105.69088,64.08388,21.737392,427.51233,0.8255775,0.0,2024-11-19 08:05:52.909988096,VNM,Vietnam
2024-11-19,20.95357,105.936424,64.27701,33.61601,426.13226,0.69318575,0.0,2024-11-19 08:05:35.243015168,VNM,Vietnam
2024-11-19,21.238796,105.84775,64.53729,24.872255,426.45862,0.7677228,0.0,2024-11-19 08:06:26.243020032,VNM,Vietnam
2024-11-19,21.245779,105.831856,64.52942,24.774569,428.26932,0.7777517,0.0,2024-11-19 08:06:26.270016512,VNM,Vietnam
2024-11-19,21.252699,105.81596,64.52152,24.679516,427.7079,0.89419544,0.0,2024-11-19 08:06:26.297012736,VNM,Vietnam
2024-11-19,21.259577,105.80009,64.51362,24.586964,428.31537,0.721895,0.0,2024-11-19 08:06:26.324009472,VNM,Vietnam
2024-11-19,21.247726,105.877754,64.56618,24.972343,427.72528,0.8125176,0.0,2024-11-19 08:06:26.548993024,VNM,Vietnam
2024-11-19,21.254765,105.86185,64.55833,24.872171,426.6157,0.82136935,0.0,2024-11-19 08:06:26.575989504,VNM,Vietnam
2024-11-19,21.261751,105.845955,64.55047,24.774454,427.9328,0.8220478,0.0,2024-11-19 08:06:26.603026176,VNM,Vietnam
2024-11-19,21.26369,105.89192,64.587265,24.971954,428.03143,0.856135,0.0,2024-11-19 08:06:26.883008512,VNM,Vietnam
2024-11-19,21.270758,105.87601,64.57943,24.871809,427.39127,0.83380014,0.0,2024-11-19 08:06:26.910004736,VNM,Vietnam
2024-11-19,21.27774,105.86011,64.571556,24.774153,427.26877,0.8234959,0.0,2024-11-19 08:06:26.937001216,VNM,Vietnam
2024-11-19,21.279625,105.90608,64.60833,24.972334,427.75378,0.7417679,0.0,2024-11-19 08:06:27.216018176,VNM,Vietnam
2024-11-19,21.197546,105.95649,64.51156,21.378183,426.3001,0.664775,0.0,2024-11-19 08:05:59.630008064,VNM,Vietnam
2024-11-19,21.23176,105.86366,64.545135,24.97244,427.3555,0.78786016,0.0,2024-11-19 08:06:26.216023552,VNM,Vietnam
2024-11-19,21.181824,105.9648,64.5086,21.556849,427.3177,0.6801939,0.0,2024-11-19 08:05:59.603011584,VNM,Vietnam
2024-11-19,21.150238,105.98132,64.50253,21.916874,426.3371,0.6721042,0.0,2024-11-19 08:05:59.549018880,VNM,Vietnam
2024-11-19,21.244066,105.90896,64.50204,20.671623,425.9977,0.78279036,0.0,2024-11-19 08:05:59.405024256,VNM,Vietnam
2024-11-19,21.228516,105.91732,64.4992,20.846674,426.66208,0.7372278,0.0,2024-11-19 08:05:59.377987584,VNM,Vietnam
2024-11-19,21.181566,105.94233,64.49047,21.377863,425.4392,0.66534275,0.0,2024-11-19 08:05:59.296998400,VNM,Vietnam
2024-11-19,21.165817,105.95064,64.48748,21.55685,426.71655,0.7455372,0.0,2024-11-19 08:05:59.270001920,VNM,Vietnam
2024-11-19,21.150028,105.95891,64.48446,21.736612,426.9068,0.74318904,0.0,2024-11-19 08:05:59.243005440,VNM,Vietnam
2024-11-19,21.134184,105.96719,64.48141,21.917257,427.36285,0.71523297,0.0,2024-11-19 08:05:59.216009216,VNM,Vietnam
2024-11-19,21.227966,105.89484,64.480896,20.672016,427.04486,0.7344156,0.0,2024-11-19 08:05:59.072014848,VNM,Vietnam
2024-11-19,21.212444,105.90317,64.47805,20.846815,426.60593,0.72479457,0.0,2024-11-19 08:05:59.045018112,VNM,Vietnam
2024-11-19,21.196873,105.91149,64.475174,21.02261,426.46902,0.6995889,0.0,2024-11-19 08:05:59.018021888,VNM,Vietnam
2024-11-19,21.101755,105.87159,64.38505,21.376745,426.51184,0.6908884,0.0,2024-11-19 08:05:57.630019072,VNM,Vietnam
2024-11-19,21.08602,105.8799,64.38207,21.55565,427.3552,0.76497686,0.0,2024-11-19 08:05:57.603022592,VNM,Vietnam
2024-11-19,21.166058,105.97306,64.505585,21.736406,427.23535,0.68780917,0.0,2024-11-19 08:05:59.576015360,VNM,Vietnam
2024-11-19,21.236727,105.801834,64.50045,24.679516,425.152,0.72325116,0.0,2024-11-19 08:06:25.964003072,VNM,Vietnam
2024-11-19,21.222868,105.833595,64.51623,24.871788,427.51797,0.74820304,0.0,2024-11-19 08:06:25.910010368,VNM,Vietnam
2024-11-19,21.34364,105.96266,64.69269,24.970217,427.0614,0.79179126,0.0,2024-11-19 08:06:28.549022464,VNM,Vietnam
2024-11-19,21.350693,105.94674,64.68484,24.869972,426.89133,0.7831859,0.0,2024-11-19 08:06:28.576018688,VNM,Vietnam
2024-11-19,21.323448,105.85665,64.5979,24.586908,428.14316,0.7900251,0.0,2024-11-19 08:06:27.657013504,VNM,Vietnam
2024-11-19,21.357723,105.930824,64.67699,24.772156,427.32666,0.782758,0.0,2024-11-19 08:06:28.603015168,VNM,Vietnam
2024-11-19,21.371542,105.89905,64.66119,24.584099,427.09082,0.7295584,0.0,2024-11-19 08:06:28.657008128,VNM,Vietnam
2024-11-19,21.359724,105.97678,64.7138,24.96916,426.15222,0.8248779,0.0,2024-11-19 08:06:28.882997504,VNM,Vietnam
2024-11-19,21.375534,105.991035,64.734856,24.970404,427.49335,0.86608094,0.0,2024-11-19 08:06:29.216007168,VNM,Vietnam
2024-11-19,21.389597,105.95922,64.71916,24.772923,426.44977,0.81540465,0.0,2024-11-19 08:06:29.270000128,VNM,Vietnam
2024-11-19,21.396475,105.94334,64.71124,24.677885,426.79785,0.81786716,0.0,2024-11-19 08:06:29.296996608,VNM,Vietnam
2024-11-19,21.403421,105.927444,64.70338,24.58524,426.79486,0.7575804,0.0,2024-11-19 08:06:29.323993088,VNM,Vietnam
2024-11-19,21.391483,106.00521,64.75593,24.970427,427.7627,0.8381471,0.0,2024-11-19 08:06:29.549016832,VNM,Vietnam
2024-11-19,21.398533,105.989296,64.748085,24.870302,427.68182,0.89628285,0.0,2024-11-19 08:06:29.576013312,VNM,Vietnam
2024-11-19,21.412477,105.95751,64.73235,24.677444,427.56866,0.8011332,0.0,2024-11-19 08:06:29.630006272,VNM,Vietnam
2024-11-19,21.364643,105.91493,64.66909,24.676886,427.18872,0.76852334,0.0,2024-11-19 08:06:28.630011648,VNM,Vietnam
2024-11-19,21.316565,105.872536,64.60581,24.679537,428.09924,0.77276325,0.0,2024-11-19 08:06:27.630017024,VNM,Vietnam
2024-11-19,21.309631,105.88843,64.6137,24.774677,428.29984,0.85605764,0.0,2024-11-19 08:06:27.603020544,VNM,Vietnam
2024-11-19,21.302631,105.90433,64.62156,24.872316,428.1895,0.8263685,0.0,2024-11-19 08:06:27.576024320,VNM,Vietnam
2024-11-19,21.197906,105.789375,64.46616,24.773905,426.89584,0.8358923,0.0,2024-11-19 08:06:25.270021888,VNM,Vietnam
2024-11-19,21.204811,105.7735,64.45827,24.678812,428.4585,0.76815784,0.0,2024-11-19 08:06:25.297018368,VNM,Vietnam
2024-11-19,21.199848,105.83532,64.50296,24.972036,427.57355,0.75877637,0.0,2024-11-19 08:06:25.548998400,VNM,Vietnam
2024-11-19,21.206861,105.81942,64.4951,24.872126,427.18686,0.8537688,0.0,2024-11-19 08:06:25.575994880,VNM,Vietnam
2024-11-19,21.22074,105.78767,64.47934,24.679684,428.21216,0.7402438,0.0,2024-11-19 08:06:25.629987840,VNM,Vietnam
2024-11-19,21.227602,105.771805,64.471436,24.587208,429.16464,0.71020716,0.0,2024-11-19 08:06:25.657024256,VNM,Vietnam
2024-11-19,21.405529,105.9734,64.74023,24.772633,428.16806,0.79983044,0.0,2024-11-19 08:06:29.603009792,VNM,Vietnam
2024-11-19,20.972164,105.93207,64.28463,33.603516,426.9918,0.6895087,0.0,2024-11-19 08:05:35.270011392,VNM,Vietnam
2024-11-19,21.005365,105.76443,64.240295,21.198597,427.97772,0.69795865,0.0,2024-11-19 08:05:55.324016640,VNM,Vietnam
2024-11-19,21.116524,105.81849,64.351616,20.848255,427.65176,0.7809369,0.0,2024-11-19 08:05:57.044988928,VNM,Vietnam
2024-11-19,21.116138,105.795975,64.33338,20.67262,427.25656,0.85038924,0.0,2024-11-19 08:05:56.738009856,VNM,Vietnam
2024-11-19,21.101309,105.84925,64.3669,21.200638,427.06284,0.7219142,0.0,2024-11-19 08:05:57.324005632,VNM,Vietnam
2024-11-19,21.068153,105.75347,64.270004,20.670527,426.85968,0.88212067,0.0,2024-11-19 08:05:55.738015488,VNM,Vietnam
2024-11-19,21.229685,105.984726,64.553795,21.376478,427.30002,0.6892549,0.0,2024-11-19 08:06:00.296993024,VNM,Vietnam
2024-11-19,21.245354,105.97643,64.55675,21.198729,427.3791,0.62306595,0.0,2024-11-19 08:06:00.323989504,VNM,Vietnam
2024-11-19,21.26098,105.9681,64.55964,21.021927,425.85654,0.67903394,0.0,2024-11-19 08:06:00.351026176,VNM,Vietnam
2024-11-19,21.355453,105.88495,64.64009,24.585861,428.21216,0.75209475,0.0,2024-11-19 08:06:28.323998464,VNM,Vietnam
2024-11-19,21.30751,105.84252,64.57686,24.587086,427.92728,0.85556173,0.0,2024-11-19 08:06:27.324003840,VNM,Vietnam
2024-11-19,21.116953,105.840904,64.369804,21.023462,426.96515,0.72577614,0.0,2024-11-19 08:05:57.351002112,VNM,Vietnam
2024-11-19,20.942322,105.79766,64.22833,21.916208,427.31723,0.78434134,0.0,2024-11-19 08:05:55.215990528,VNM,Vietnam
2024-11-19,20.98932,105.75032,64.21918,21.198853,427.8527,0.76156193,0.0,2024-11-19 08:05:54.991006976,VNM,Vietnam
2024-11-19,20.942202,105.77525,64.210304,21.734947,427.70526,0.83315784,0.0,2024-11-19 08:05:54.910017536,VNM,Vietnam
2024-11-19,20.835714,105.74989,64.05441,33.5756,427.28586,0.61164457,0.0,2024-11-19 08:05:31.351022592,VNM,Vietnam
2024-11-19,21.020082,105.71116,64.2067,20.670675,427.74734,0.7819265,0.0,2024-11-19 08:05:54.738020864,VNM,Vietnam
2024-11-19,21.132545,105.83254,64.372665,20.847282,426.7234,0.78866535,0.0,2024-11-19 08:05:57.377998592,VNM,Vietnam
2024-11-19,21.003983,105.6972,64.18566,20.67272,427.4505,0.8033673,0.0,2024-11-19 08:05:54.405011200,VNM,Vietnam
2024-11-19,20.925756,105.73903,64.17121,21.559662,428.1018,0.81289923,0.0,2024-11-19 08:05:54.269988864,VNM,Vietnam
2024-11-19,20.90999,105.74735,64.168236,21.739445,427.6505,0.82452834,0.0,2024-11-19 08:05:54.242992384,VNM,Vietnam
2024-11-19,20.894196,105.75561,64.16519,21.919937,427.78876,0.8210255,0.0,2024-11-19 08:05:54.215995904,VNM,Vietnam
2024-11-19,20.98801,105.683205,64.16467,20.673977,427.6712,0.7622857,0.0,2024-11-19 08:05:54.072001536,VNM,Vietnam
2024-11-19,20.894043,105.73327,64.14719,21.739456,425.0223,0.7457216,0.0,2024-11-19 08:05:53.910022912,VNM,Vietnam
2024-11-19,20.971975,105.66912,64.14357,20.674711,428.20718,0.82059216,0.0,2024-11-19 08:05:53.737986048,VNM,Vietnam
2024-11-19,20.910349,105.76949,64.1862,21.916386,427.41742,0.7703541,0.0,2024-11-19 08:05:54.549005568,VNM,Vietnam
2024-11-19,21.293653,105.87428,64.59262,24.774887,427.35675,0.7785272,0.0,2024-11-19 08:06:27.270010880,VNM,Vietnam
2024-11-19,21.286678,105.890175,64.60049,24.872385,427.4786,0.80421066,0.0,2024-11-19 08:06:27.243014656,VNM,Vietnam
2024-11-19,21.339994,105.993866,64.62858,20.670677,426.36496,0.79109395,0.0,2024-11-19 08:06:01.405013504,VNM,Vietnam
2024-11-19,21.246155,106.06616,64.62902,21.915356,427.72488,0.72253025,0.0,2024-11-19 08:06:01.549007872,VNM,Vietnam
2024-11-19,21.262003,106.0579,64.63209,21.734674,426.61227,0.7259564,0.0,2024-11-19 08:06:01.576004352,VNM,Vietnam
2024-11-19,21.085917,105.69055,64.31857,24.775778,427.97293,0.86450714,0.0,2024-11-19 08:06:22.937023232,VNM,Vietnam
2024-11-19,21.276552,105.95977,64.562515,20.84613,426.75793,0.7237201,0.0,2024-11-19 08:06:00.378022400,VNM,Vietnam
2024-11-19,21.183914,105.82116,64.48189,24.971521,427.95258,0.7796177,0.0,2024-11-19 08:06:25.215988736,VNM,Vietnam
2024-11-19,21.311686,105.93435,64.65053,24.970781,428.04358,0.76992214,0.0,2024-11-19 08:06:27.883002880,VNM,Vietnam
2024-11-19,21.324455,106.00223,64.62575,20.84558,426.7891,0.7411064,0.0,2024-11-19 08:06:01.378017024,VNM,Vietnam
2024-11-19,21.318718,105.91844,64.64268,24.870785,427.98398,0.81587136,0.0,2024-11-19 08:06:27.909999360,VNM,Vietnam
2024-11-19,21.346306,105.854935,64.611084,24.495644,427.1265,0.87512237,0.0,2024-11-19 08:06:28.018025472,VNM,Vietnam
2024-11-19,21.32761,105.94853,64.67159,24.971262,427.0145,0.8183091,0.0,2024-11-19 08:06:28.216012800,VNM,Vietnam
2024-11-19,21.334644,105.93262,64.66374,24.871252,427.97272,0.82998914,0.0,2024-11-19 08:06:28.243009024,VNM,Vietnam
2024-11-19,21.341627,105.91672,64.655876,24.773678,428.67633,0.78108054,0.0,2024-11-19 08:06:28.270005760,VNM,Vietnam
2024-11-19,21.348566,105.900826,64.64799,24.678514,427.6094,0.7532829,0.0,2024-11-19 08:06:28.297001984,VNM,Vietnam
2024-11-19,21.309563,106.0781,64.67729,21.55736,426.72113,0.7568608,0.0,2024-11-19 08:06:02.270025984,VNM,Vietnam
2024-11-19,21.078964,105.70642,64.32645,24.873255,429.01917,0.80846095,0.0,2024-11-19 08:06:22.910026496,VNM,Vietnam
2024-11-19,21.02892,105.61826,64.2264,24.679861,426.4294,0.97485995,0.0,2024-11-19 08:06:21.630009344,VNM,Vietnam
2024-11-19,21.339508,105.87079,64.619026,24.585629,428.0389,0.83104974,0.0,2024-11-19 08:06:27.990988800,VNM,Vietnam
2024-11-19,21.30887,106.01055,64.62286,21.021482,426.56525,0.65938014,0.0,2024-11-19 08:06:01.351020544,VNM,Vietnam
2024-11-19,21.277546,106.02718,64.61701,21.376274,426.63947,0.7262965,0.0,2024-11-19 08:06:01.296987648,VNM,Vietnam
2024-11-19,21.292076,105.951416,64.565346,20.671345,426.4062,0.76252335,0.0,2024-11-19 08:06:00.405018880,VNM,Vietnam
2024-11-19,21.198204,106.02374,64.56579,21.916334,427.4289,0.68440133,0.0,2024-11-19 08:06:00.549013504,VNM,Vietnam
2024-11-19,21.214039,106.01547,64.56884,21.73565,426.81342,0.684355,0.0,2024-11-19 08:06:00.576009728,VNM,Vietnam
2024-11-19,21.229822,106.00719,64.57185,21.555862,427.44028,0.7034713,0.0,2024-11-19 08:06:00.603006208,VNM,Vietnam
2024-11-19,21.27687,105.98227,64.580696,21.022173,425.9439,0.70782566,0.0,2024-11-19 08:06:00.683995392,VNM,Vietnam
2024-11-19,21.29247,105.97391,64.58355,20.846218,426.431,0.70006365,0.0,2024-11-19 08:06:00.710991872,VNM,Vietnam
2024-11-19,21.308012,105.96556,64.586395,20.671314,426.84158,0.7798001,0.0,2024-11-19 08:06:00.737988352,VNM,Vietnam
2024-11-19,21.214197,106.037895,64.58688,21.916143,425.2918,0.8199399,0.0,2024-11-19 08:06:00.882988544,VNM,Vietnam
2024-11-19,21.293232,106.01888,64.61996,21.198397,426.74524,0.69508725,0.0,2024-11-19 08:06:01.324024320,VNM,Vietnam
2024-11-19,21.230034,106.029625,64.589935,21.735487,425.6282,0.8774137,0.0,2024-11-19 08:06:00.910025216,VNM,Vietnam
2024-11-19,21.261547,106.01307,64.59594,21.376923,427.08765,0.7470426,0.0,2024-11-19 08:06:00.964018176,VNM,Vietnam
2024-11-19,21.27723,106.00476,64.598885,21.199041,426.80453,0.71403396,0.0,2024-11-19 08:06:00.991014400,VNM,Vietnam
2024-11-19,21.292868,105.996414,64.601776,21.022104,426.6288,0.6709359,0.0,2024-11-19 08:06:01.018011136,VNM,Vietnam
2024-11-19,21.308453,105.98807,64.604645,20.846174,426.31,0.74558157,0.0,2024-11-19 08:06:01.045007360,VNM,Vietnam
2024-11-19,21.323992,105.9797,64.60747,20.671232,425.79572,0.7713708,0.0,2024-11-19 08:06:01.072003840,VNM,Vietnam
2024-11-19,21.230171,106.05202,64.60794,21.915638,426.7907,0.82151157,0.0,2024-11-19 08:06:01.215998208,VNM,Vietnam
2024-11-19,21.309237,106.03301,64.641045,21.198137,426.28156,0.6697314,0.0,2024-11-19 08:06:01.656993536,VNM,Vietnam
2024-11-19,21.261814,106.03546,64.61402,21.555082,426.31052,0.81728,0.0,2024-11-19 08:06:01.269991168,VNM,Vietnam
2024-11-19,21.24582,106.02135,64.59295,21.555735,425.93854,0.81068337,0.0,2024-11-19 08:06:00.937021696,VNM,Vietnam
2024-11-19,21.2778,106.04962,64.63511,21.5549,426.63303,0.72970223,0.0,2024-11-19 08:06:01.603000576,VNM,Vietnam
2024-11-19,20.99895,105.63608,64.22115,24.87452,428.35754,0.8578984,0.0,2024-11-19 08:06:21.243006976,VNM,Vietnam
2024-11-19,20.830708,105.46523,63.98182,24.77619,430.09125,0.8858608,0.0,2024-11-19 08:06:17.602994432,VNM,Vietnam
2024-11-19,21.078295,105.94229,64.35676,33.563248,426.66898,0.6528489,0.0,2024-11-19 08:05:36.045022208,VNM,Vietnam
2024-11-19,21.059757,105.94687,64.34932,33.571335,426.8428,0.65116876,0.0,2024-11-19 08:05:36.018025984,VNM,Vietnam
2024-11-19,21.004059,105.960365,64.3268,33.60393,426.48373,0.61577463,0.0,2024-11-19 08:05:35.936996352,VNM,Vietnam
2024-11-19,21.080826,105.92391,64.343346,33.559387,426.4018,0.7080433,0.0,2024-11-19 08:05:35.738003200,VNM,Vietnam
2024-11-19,20.878107,105.719185,64.126144,21.739033,426.09683,0.6840657,0.0,2024-11-19 08:05:53.576007424,VNM,Vietnam
2024-11-19,21.062359,105.92858,64.33601,33.567104,427.0044,0.72199154,0.0,2024-11-19 08:05:35.711006976,VNM,Vietnam
2024-11-19,21.025347,105.9377,64.32115,33.585754,426.869,0.612817,0.0,2024-11-19 08:05:35.657014016,VNM,Vietnam
2024-11-19,21.006798,105.94221,64.31367,33.59681,427.02426,0.59392494,0.0,2024-11-19 08:05:35.630017536,VNM,Vietnam
2024-11-19,20.988232,105.94668,64.30614,33.60896,426.3163,0.7175997,0.0,2024-11-19 08:05:35.603021056,VNM,Vietnam
2024-11-19,21.06482,105.90975,64.32222,33.558746,426.61838,0.7301119,0.0,2024-11-19 08:05:35.404993536,VNM,Vietnam
2024-11-19,20.903204,105.551384,64.094696,24.871912,427.29526,0.9354293,0.0,2024-11-19 08:06:19.243017728,VNM,Vietnam
2024-11-19,20.89389,105.71088,64.12915,21.559149,427.62442,0.82203966,0.0,2024-11-19 08:05:53.603003904,VNM,Vietnam
2024-11-19,20.956469,105.67751,64.14078,20.849518,427.40643,0.83178765,0.0,2024-11-19 08:05:53.710989824,VNM,Vietnam
2024-11-19,21.387787,106.036476,64.69185,20.672527,426.34988,0.7700399,0.0,2024-11-19 08:06:02.405008128,VNM,Vietnam
2024-11-19,21.372248,106.04481,64.688995,20.847486,426.23526,0.76905304,0.0,2024-11-19 08:06:02.378011648,VNM,Vietnam
2024-11-19,21.35665,106.05316,64.68613,21.023497,426.2476,0.7232257,0.0,2024-11-19 08:06:02.351015168,VNM,Vietnam
2024-11-19,21.341002,106.0615,64.68323,21.200499,426.37173,0.6796525,0.0,2024-11-19 08:06:02.324018688,VNM,Vietnam
2024-11-19,21.325304,106.069824,64.68028,21.378471,426.37115,0.65406156,0.0,2024-11-19 08:06:02.297022464,VNM,Vietnam
2024-11-19,21.293762,106.08638,64.67426,21.737206,426.0629,0.7626286,0.0,2024-11-19 08:06:02.242989312,VNM,Vietnam
2024-11-19,21.324856,106.02473,64.64397,21.021406,426.12012,0.662801,0.0,2024-11-19 08:06:01.683990016,VNM,Vietnam
2024-11-19,21.277906,106.09465,64.6712,21.91796,425.74448,0.7382284,0.0,2024-11-19 08:06:02.215992832,VNM,Vietnam
2024-11-19,20.926395,105.78353,64.20727,21.915466,427.94556,0.7688277,0.0,2024-11-19 08:05:54.883021056,VNM,Vietnam
2024-11-19,21.371735,106.02233,64.67074,20.673506,426.5689,0.75759,0.0,2024-11-19 08:06:02.071998464,VNM,Vietnam
2024-11-19,21.34062,106.039024,64.66503,21.02402,426.81808,0.6722056,0.0,2024-11-19 08:06:02.018005504,VNM,Vietnam
2024-11-19,21.324995,106.04734,64.662125,21.200722,426.87326,0.6902735,0.0,2024-11-19 08:06:01.991009280,VNM,Vietnam
2024-11-19,21.309319,106.05563,64.65918,21.378393,426.41577,0.6417204,0.0,2024-11-19 08:06:01.964012544,VNM,Vietnam
2024-11-19,21.293598,106.063896,64.65618,21.556984,426.59683,0.72588986,0.0,2024-11-19 08:06:01.937016320,VNM,Vietnam
2024-11-19,21.277822,106.07216,64.65316,21.736513,426.50772,0.7246735,0.0,2024-11-19 08:06:01.910019840,VNM,Vietnam
2024-11-19,21.262003,106.08038,64.65008,21.916914,425.92328,0.6793206,0.0,2024-11-19 08:06:01.883023360,VNM,Vietnam
2024-11-19,21.355957,106.008026,64.64966,20.670965,426.47986,0.82798487,0.0,2024-11-19 08:06:01.738023168,VNM,Vietnam
2024-11-19,21.340439,106.01636,64.64681,20.845652,426.06665,0.7296971,0.0,2024-11-19 08:06:01.711026688,VNM,Vietnam
2024-11-19,21.356195,106.03069,64.66791,20.848309,426.72318,0.7198118,0.0,2024-11-19 08:06:02.045001984,VNM,Vietnam
2024-11-19,21.293537,106.04134,64.63811,21.376064,426.8524,0.70349765,0.0,2024-11-19 08:06:01.629997312,VNM,Vietnam
2024-11-23,22.109745,105.67895,49.867943,0.6661547,422.26404,0.8502808,0.0,2024-11-23 06:30:11.983010304,VNM,Vietnam
2024-11-23,22.403963,105.85451,50.21412,0.31234586,425.63498,0.79874164,0.0,2024-11-23 06:30:17.208006912,VNM,Vietnam
2024-11-23,22.38126,105.8134,50.172787,0.55637974,426.80173,0.81330943,0.0,2024-11-23 06:30:16.514025728,VNM,Vietnam
2024-11-23,22.400145,105.787964,50.175537,1.044937,426.18414,0.7651875,0.0,2024-11-23 06:30:16.459992320,VNM,Vietnam
2024-11-23,22.327772,105.850296,50.14641,0.42144915,426.27502,0.92027676,0.0,2024-11-23 06:30:16.289001728,VNM,Vietnam
2024-11-23,22.11227,105.63918,49.849014,0.17818476,424.55942,0.76993334,0.0,2024-11-23 06:30:11.595001600,VNM,Vietnam
2024-11-23,21.889719,105.40191,49.531662,0.31106102,427.14066,0.7761086,0.0,2024-11-23 06:30:06.540995840,VNM,Vietnam
2024-11-23,22.12161,105.62639,49.85027,0.06904601,425.10602,0.7215216,0.0,2024-11-23 06:30:11.568005376,VNM,Vietnam
2024-11-23,22.12834,105.65332,49.870342,0.17813702,424.71954,0.79357666,0.0,2024-11-23 06:30:11.929017344,VNM,Vietnam
2024-11-23,22.375885,105.89288,50.210384,0.42131916,424.8256,0.8304325,0.0,2024-11-23 06:30:17.288996096,VNM,Vietnam
2024-11-23,22.14441,105.66747,49.89167,0.17808862,424.0624,0.77631253,0.0,2024-11-23 06:30:12.262027008,VNM,Vietnam
2024-11-23,22.38792,105.84031,50.1928,0.31230828,425.3741,0.71379447,0.0,2024-11-23 06:30:16.874997504,VNM,Vietnam
2024-11-23,22.712425,106.19194,50.65836,0.4206725,424.66623,0.76213735,0.0,2024-11-23 06:30:24.288998656,VNM,Vietnam
2024-11-23,22.687077,106.19051,50.635868,0.6649023,424.89902,0.70513797,0.0,2024-11-23 06:30:23.983025664,VNM,Vietnam
2024-11-23,22.705776,106.16484,50.63822,0.1767985,424.71234,0.74773484,0.0,2024-11-23 06:30:23.928992512,VNM,Vietnam
2024-11-23,22.689768,106.150566,50.616894,0.1768119,424.4965,0.7686045,0.0,2024-11-23 06:30:23.595017216,VNM,Vietnam
2024-11-23,22.655064,106.16197,50.59321,0.6649196,425.44803,0.85277987,0.0,2024-11-23 06:30:23.316000512,VNM,Vietnam
2024-11-23,22.676523,106.09644,50.57673,0.31288764,429.2263,0.75363016,0.0,2024-11-23 06:30:22.875004928,VNM,Vietnam
2024-11-23,22.382618,105.91993,50.230545,0.66547316,425.86377,0.8418096,0.0,2024-11-23 06:30:17.649002240,VNM,Vietnam
2024-11-23,22.410622,105.881485,50.234165,0.06957179,426.1987,0.67343354,0.0,2024-11-23 06:30:17.568013312,VNM,Vietnam
2024-11-23,22.664402,106.14912,50.594368,0.42070892,425.824,0.8753005,0.0,2024-11-23 06:30:23.289003776,VNM,Vietnam
2024-12-01,21.501085,105.9532,48.536842,47.449234,426.7758,0.6272072,0.0,2024-12-01 03:15:49.911001088,VNM,Vietnam
2024-12-01,21.194355,106.17318,48.061092,3.5162427,428.11664,0.66205436,0.0,2024-12-01 03:16:49.884001280,VNM,Vietnam
2024-12-01,21.246777,106.0677,48.193146,18.99786,427.11462,0.6731887,0.0,2024-12-01 03:16:27.883999744,VNM,Vietnam
2024-12-01,21.241613,105.97069,48.267628,34.550877,427.24005,0.6052878,0.0,2024-12-01 03:16:07.802998528,VNM,Vietnam
2024-12-01,21.214884,106.06074,48.168663,18.861177,425.59763,0.62026703,0.0,2024-12-01 03:16:27.523993856,VNM,Vietnam
2024-12-01,21.149551,105.98406,48.147507,18.997765,426.6583,0.6203092,0.0,2024-12-01 03:16:25.884010752,VNM,Vietnam
2024-12-01,21.402418,106.04729,48.372253,35.078136,426.2569,0.5775892,0.0,2024-12-01 03:16:09.884016896,VNM,Vietnam
2024-12-01,21.327633,106.0241,48.317646,34.72651,426.34073,0.52111083,0.0,2024-12-01 03:16:09.162999040,VNM,Vietnam
2024-12-01,21.306519,106.0264,48.298054,34.551422,426.25668,0.49800122,0.0,2024-12-01 03:16:09.136002560,VNM,Vietnam
2024-12-01,21.215815,105.98904,48.2363,34.202183,426.6273,0.6127871,0.0,2024-12-01 03:16:08.082015232,VNM,Vietnam
2024-12-01,20.542173,105.26441,48.03491,46.173927,426.12164,0.55476767,0.0,2024-12-01 03:15:33.748988928,VNM,Vietnam
2024-12-01,20.74989,105.31439,48.191692,47.44071,425.15137,0.5532682,0.0,2024-12-01 03:15:34.577992448,VNM,Vietnam
2024-12-01,21.468771,105.92577,48.52159,47.451736,426.90213,0.6536754,0.0,2024-12-01 03:15:49.244016384,VNM,Vietnam
2024-12-01,21.296045,106.13037,48.207054,18.8635,428.003,0.6227335,0.0,2024-12-01 03:16:29.190007808,VNM,Vietnam
2024-12-01,21.26227,106.06057,48.209904,19.132843,428.37082,0.62678915,0.0,2024-12-01 03:16:27.910996480,VNM,Vietnam
2024-12-01,21.19492,105.99118,48.216976,34.02856,426.74518,0.61317855,0.0,2024-12-01 03:16:08.055019008,VNM,Vietnam
2024-12-01,21.503815,105.9771,48.52762,47.238117,427.38126,0.6542601,0.0,2024-12-01 03:15:50.550989824,VNM,Vietnam
2024-12-01,21.53353,105.98096,48.552105,47.449825,427.1686,0.66969466,0.0,2024-12-01 03:15:50.577986304,VNM,Vietnam
2024-12-01,21.149931,106.004974,48.138115,18.85934,426.2543,0.6419618,0.0,2024-12-01 03:16:26.190023936,VNM,Vietnam
2024-12-01,21.48754,105.96337,48.51988,47.23774,426.28214,0.6026904,0.0,2024-12-01 03:15:50.217014528,VNM,Vietnam
2024-12-01,21.237894,106.1899,48.091152,3.6754324,428.51367,0.6886021,0.0,2024-12-01 03:16:50.578022912,VNM,Vietnam
2024-12-01,19.96547,105.38515,47.287724,41.041447,425.11084,0.6430763,0.0,2024-12-01 03:17:12.749015040,VNM,Vietnam
2024-12-01,19.965172,105.27496,47.337517,41.75659,425.25693,0.6649733,0.0,2024-12-01 03:17:12.883997184,VNM,Vietnam
2024-12-01,20.208717,105.591385,47.398018,41.04009,425.5315,0.62577236,0.0,2024-12-01 03:17:17.748987904,VNM,Vietnam
2024-12-01,20.624,105.36409,48.02307,35.245728,425.14517,0.62296164,0.0,2024-12-01 03:15:53.578010112,VNM,Vietnam
2024-12-01,21.474237,105.97318,48.50329,47.026566,426.1943,0.5583636,0.0,2024-12-01 03:15:50.523993600,VNM,Vietnam
2024-12-01,21.265076,106.14445,48.173637,18.601988,427.62225,0.5724163,0.0,2024-12-01 03:16:29.136014848,VNM,Vietnam
2024-12-04,22.380388,102.25188,58.26042,0.61561453,425.37207,0.82979316,0.0,2024-12-04 02:27:34.007014656,VNM,Vietnam
2024-12-04,22.463705,102.26298,58.3121,0.35283554,424.3617,0.57274985,0.0,2024-12-04 02:27:35.087998464,VNM,Vietnam
2024-12-05,20.320246,106.54197,62.1805,0.38169518,426.1491,0.78484863,0.0,2024-12-05 01:39:17.037010688,VNM,Vietnam
2024-12-05,18.866589,105.385345,62.161396,0.53203076,426.5062,1.1804764,0.0,2024-12-05 01:38:47.956017920,VNM,Vietnam
2024-12-05,20.2715,106.500626,62.18085,0.38191032,424.3684,0.7442493,0.0,2024-12-05 01:39:16.037016064,VNM,Vietnam
2024-12-05,20.375896,106.548294,62.210358,0.8087741,426.4,0.86532134,0.0,2024-12-05 01:39:17.757022976,VNM,Vietnam
2024-12-05,21.376534,107.38509,62.227596,1.0490781,426.76993,1.115217,0.0,2024-12-05 01:39:38.118007040,VNM,Vietnam
2024-12-05,20.325048,106.56623,62.165558,0.26895595,425.5845,0.75368214,0.0,2024-12-05 01:39:17.343024128,VNM,Vietnam
2024-12-05,20.354765,106.510185,62.22539,1.0398531,426.8767,0.8346638,0.0,2024-12-05 01:39:17.118000128,VNM,Vietnam
2024-12-05,20.3366,106.55569,62.18051,0.38340032,426.1832,0.7572156,0.0,2024-12-05 01:39:17.370020352,VNM,Vietnam
2024-12-05,20.331757,106.53142,62.195442,0.58145803,425.95013,0.7915633,0.0,2024-12-05 01:39:17.064007168,VNM,Vietnam
2024-12-05,20.371103,106.52391,62.22539,1.0415995,427.17014,0.8776904,0.0,2024-12-05 01:39:17.451009792,VNM,Vietnam
2024-12-05,20.32712,106.50696,62.21064,0.8082368,425.5744,0.8138836,0.0,2024-12-05 01:39:16.756988160,VNM,Vietnam
2024-12-05,20.322296,106.48256,62.22568,1.0408727,425.12234,0.786218,0.0,2024-12-05 01:39:16.451015168,VNM,Vietnam
2024-12-05,20.310822,106.49318,62.21072,0.80754495,426.49323,0.8581326,0.0,2024-12-05 01:39:16.424018944,VNM,Vietnam
2024-12-05,20.287802,106.51434,62.180805,0.38272724,424.05377,0.78077114,0.0,2024-12-05 01:39:16.370025984,VNM,Vietnam
2024-12-05,20.338594,106.496346,62.225594,1.0414498,424.68066,0.79904795,0.0,2024-12-05 01:39:16.784024832,VNM,Vietnam
2024-12-05,20.348125,106.54512,62.19547,0.5836624,424.20605,0.7549911,0.0,2024-12-05 01:39:17.397017088,VNM,Vietnam
2024-12-05,20.264683,106.5354,62.1509,0.3413616,425.4299,0.84441507,0.0,2024-12-05 01:39:16.315992832,VNM,Vietnam
2024-12-05,20.276255,106.52489,62.16585,0.26864448,425.24576,0.7774584,0.0,2024-12-05 01:39:16.342989312,VNM,Vietnam
2024-12-05,20.343271,106.52081,62.210415,0.8062743,425.49432,0.8312629,0.0,2024-12-05 01:39:17.091003648,VNM,Vietnam
2024-12-05,20.239002,106.47302,62.181152,0.3822243,426.6647,0.7954038,0.0,2024-12-05 01:39:15.369991168,VNM,Vietnam
2024-12-05,19.16105,105.62922,62.15353,0.5298393,427.52173,0.8921552,0.0,2024-12-05 01:38:53.956025600,VNM,Vietnam
2024-12-05,20.278334,106.4656,62.210995,0.808075,425.962,0.8601766,0.0,2024-12-05 01:39:15.756993536,VNM,Vietnam
2024-12-05,20.266846,106.47619,62.19605,0.5835968,426.13596,0.7812561,0.0,2024-12-05 01:39:15.729997056,VNM,Vietnam
2024-12-05,20.243793,106.49728,62.166164,0.2688946,425.2671,0.7230262,0.0,2024-12-05 01:39:15.676004352,VNM,Vietnam
2024-12-05,20.273485,106.44123,62.22602,1.0403316,425.77054,0.8361338,0.0,2024-12-05 01:39:15.451020800,VNM,Vietnam
2024-12-05,20.262014,106.45186,62.211063,0.806995,425.74762,0.8537757,0.0,2024-12-05 01:39:15.424024064,VNM,Vietnam
2024-12-05,20.227459,106.48357,62.1662,0.2684211,425.38638,0.8102299,0.0,2024-12-05 01:39:15.342994688,VNM,Vietnam
2024-12-05,20.257288,106.42743,62.22622,1.0414778,424.84503,0.85286224,0.0,2024-12-05 01:39:15.118010880,VNM,Vietnam
2024-12-05,20.245829,106.438034,62.211277,0.80841225,426.45724,0.84804004,0.0,2024-12-05 01:39:15.091014400,VNM,Vietnam
2024-12-05,20.234344,106.448616,62.19634,0.58399457,425.991,0.82191074,0.0,2024-12-05 01:39:15.064017920,VNM,Vietnam
2024-12-05,20.241047,106.41363,62.226395,1.042063,425.2654,0.89271414,0.0,2024-12-05 01:39:14.783995392,VNM,Vietnam
2024-12-05,20.224722,106.39992,62.226456,1.0407856,424.7499,0.87726074,0.0,2024-12-05 01:39:14.451025920,VNM,Vietnam
2024-12-05,20.25052,106.46245,62.196106,0.58237845,425.50827,0.79098463,0.0,2024-12-05 01:39:15.396987392,VNM,Vietnam
2024-12-05,20.19218,106.37238,62.22675,1.0407325,426.09647,0.90487784,0.0,2024-12-05 01:39:13.784000768,VNM,Vietnam
2024-12-05,19.100462,105.59896,62.139847,0.7514233,427.00476,0.9534381,0.0,2024-12-05 01:38:52.928994304,VNM,Vietnam
2024-12-05,19.156206,105.60519,62.168797,0.34138995,426.97437,0.9488228,0.0,2024-12-05 01:38:53.649006336,VNM,Vietnam
2024-12-05,19.144672,105.61567,62.153893,0.5304454,426.5017,0.8184189,0.0,2024-12-05 01:38:53.622010112,VNM,Vietnam
2024-12-05,19.133112,105.62612,62.138985,0.751755,426.49493,0.7927971,0.0,2024-12-05 01:38:53.595013632,VNM,Vietnam
2024-12-05,19.190678,105.57357,62.21356,0.5791025,426.491,0.9473636,0.0,2024-12-05 01:38:53.729995776,VNM,Vietnam
2024-12-05,19.162855,105.57055,62.199047,0.3784822,426.14682,0.8453322,0.0,2024-12-05 01:38:53.369989632,VNM,Vietnam
2024-12-05,19.139862,105.5916,62.16922,0.34119576,425.89203,0.9686614,0.0,2024-12-05 01:38:53.315996928,VNM,Vietnam
2024-12-05,19.128326,105.60209,62.15431,0.5303769,427.2265,0.99335456,0.0,2024-12-05 01:38:53.289000448,VNM,Vietnam
2024-12-05,19.116768,105.61255,62.139397,0.75178677,426.7093,0.87157685,0.0,2024-12-05 01:38:53.262003968,VNM,Vietnam
2024-12-05,19.180857,105.525185,62.244267,1.0380905,426.58273,1.0276282,0.0,2024-12-05 01:38:53.118009600,VNM,Vietnam
2024-12-05,19.158045,105.546364,62.21447,0.58031905,425.99344,0.9221421,0.0,2024-12-05 01:38:53.064016896,VNM,Vietnam
2024-12-05,19.146582,105.55693,62.199543,0.37967935,426.39404,0.8748451,0.0,2024-12-05 01:38:53.037020160,VNM,Vietnam
2024-12-05,19.151371,105.581085,62.18413,0.26551557,427.96252,0.9174616,0.0,2024-12-05 01:38:53.342993152,VNM,Vietnam
2024-12-05,19.246191,105.57955,62.242558,1.0368695,427.7582,0.98676455,0.0,2024-12-05 01:38:54.451013888,VNM,Vietnam
2024-12-05,19.172579,105.618744,62.16843,0.3410423,427.52606,0.9243888,0.0,2024-12-05 01:38:53.983022080,VNM,Vietnam
2024-12-05,19.149498,105.63967,62.13863,0.7509858,428.03555,0.82529724,0.0,2024-12-05 01:38:53.928988928,VNM,Vietnam
2024-12-05,18.855047,105.3958,62.146503,0.75358874,426.83585,1.1334496,0.0,2024-12-05 01:38:47.929021440,VNM,Vietnam
2024-12-05,18.997538,105.493576,62.157772,0.53038156,426.388,0.8801373,0.0,2024-12-05 01:38:50.622026496,VNM,Vietnam
2024-12-05,19.11866,105.553955,62.184948,0.26532236,427.26468,0.91535985,0.0,2024-12-05 01:38:52.676008192,VNM,Vietnam
2024-12-05,19.009064,105.48309,62.172676,0.3410636,426.9608,0.85793674,0.0,2024-12-05 01:38:50.649022720,VNM,Vietnam
2024-12-05,19.032045,105.46205,62.20249,0.3781698,426.33945,0.8470038,0.0,2024-12-05 01:38:50.703015680,VNM,Vietnam
2024-12-05,19.113808,105.5299,62.200264,0.3782628,426.3222,0.8688767,0.0,2024-12-05 01:38:52.369995008,VNM,Vietnam
2024-12-05,18.878105,105.37486,62.176292,0.34225383,426.53772,1.0584654,0.0,2024-12-05 01:38:47.983014400,VNM,Vietnam
2024-12-05,19.10233,105.54043,62.185356,0.26587698,426.823,0.8836572,0.0,2024-12-05 01:38:52.342998784,VNM,Vietnam
2024-12-05,19.067743,105.57187,62.140644,0.752287,426.14072,0.84208816,0.0,2024-12-05 01:38:52.262009344,VNM,Vietnam
2024-12-05,19.10894,105.50575,62.215637,0.5788594,426.31882,0.8837206,0.0,2024-12-05 01:38:52.064022016,VNM,Vietnam
2024-12-05,19.086012,105.52684,62.185825,0.26602682,427.8969,0.90122414,0.0,2024-12-05 01:38:52.009989120,VNM,Vietnam
2024-12-05,19.074509,105.53734,62.17092,0.34154472,426.77313,1.0496812,0.0,2024-12-05 01:38:51.982992640,VNM,Vietnam
2024-12-05,19.051428,105.55828,62.141113,0.7517426,425.84836,0.83694154,0.0,2024-12-05 01:38:51.928999680,VNM,Vietnam
2024-12-05,19.092617,105.492165,62.21611,0.57944524,425.93088,0.8970151,0.0,2024-12-05 01:38:51.730006784,VNM,Vietnam
2024-12-05,19.079296,105.56142,62.15555,0.53097636,426.63184,0.9763678,0.0,2024-12-05 01:38:52.289005824,VNM,Vietnam
2024-12-05,18.889597,105.36436,62.191185,0.26473787,426.47375,0.9600213,0.0,2024-12-05 01:38:48.010010624,VNM,Vietnam
2024-12-05,18.871449,105.4093,62.146065,0.7529529,425.9896,0.84237343,0.0,2024-12-05 01:38:48.261990912,VNM,Vietnam
2024-12-05,20.248396,106.52165,62.150978,0.3417875,425.23068,0.8332753,0.0,2024-12-05 01:39:15.983023360,VNM,Vietnam
2024-12-05,19.130146,105.54343,62.19986,0.37816098,426.90002,0.8482821,0.0,2024-12-05 01:38:52.703004928,VNM,Vietnam
2024-12-05,19.095621,105.57496,62.155125,0.5306675,426.36652,0.94251955,0.0,2024-12-05 01:38:52.622015488,VNM,Vietnam
2024-12-05,18.985987,105.50404,62.142868,0.75186145,426.25266,1.0066661,0.0,2024-12-05 01:38:50.594989824,VNM,Vietnam
2024-12-05,19.038567,105.42738,62.232746,0.8031212,426.23422,0.9090559,0.0,2024-12-05 01:38:50.423998720,VNM,Vietnam
2024-12-05,19.004208,105.459045,62.188023,0.2653203,425.85547,0.8460273,0.0,2024-12-05 01:38:50.343009536,VNM,Vietnam
2024-12-05,18.981176,105.480034,62.158215,0.5305418,427.10233,0.9920724,0.0,2024-12-05 01:38:50.289016832,VNM,Vietnam
2024-12-05,19.02222,105.41382,62.23322,0.803391,425.19006,0.9131147,0.0,2024-12-05 01:38:50.090989056,VNM,Vietnam
2024-12-05,18.976377,105.45599,62.173603,0.3411101,426.25223,0.964479,0.0,2024-12-05 01:38:49.983003392,VNM,Vietnam
2024-12-05,18.9533,105.47693,62.1438,0.7515622,427.34036,0.8705342,0.0,2024-12-05 01:38:49.929010688,VNM,Vietnam
2024-12-05,19.005836,105.40027,62.233665,0.80311465,426.0709,1.0433819,0.0,2024-12-05 01:38:49.757013760,VNM,Vietnam
2024-12-05,18.959984,105.44247,62.174026,0.34131837,425.42883,0.8897005,0.0,2024-12-05 01:38:49.648987904,VNM,Vietnam
2024-12-05,18.95514,105.4184,62.18941,0.26521644,425.5647,0.8655738,0.0,2024-12-05 01:38:49.343014912,VNM,Vietnam
2024-12-05,18.956688,105.35973,62.234966,0.8015806,425.7287,1.0001642,0.0,2024-12-05 01:38:48.757019392,VNM,Vietnam
2024-12-05,19.08117,105.502716,62.201202,0.37926474,426.6533,0.84667885,0.0,2024-12-05 01:38:51.703010048,VNM,Vietnam
2024-12-05,19.17921,105.58414,62.198635,0.3786846,426.9446,0.8992178,0.0,2024-12-05 01:38:53.702999296,VNM,Vietnam
2024-12-05,19.043499,105.45149,62.217403,0.5785334,425.70197,0.8742173,0.0,2024-12-05 01:38:50.730011904,VNM,Vietnam
2024-12-05,19.020565,105.47258,62.187584,0.26519027,425.78195,0.8390155,0.0,2024-12-05 01:38:50.676019200,VNM,Vietnam
2024-12-05,19.054928,105.44091,62.232315,0.8033521,425.76266,0.98993176,0.0,2024-12-05 01:38:50.757008640,VNM,Vietnam
2024-12-05,19.013899,105.507126,62.15733,0.5303305,426.4702,0.8903091,0.0,2024-12-05 01:38:50.956001536,VNM,Vietnam
2024-12-05,19.036919,105.48614,62.187138,0.2652108,426.51764,0.8026592,0.0,2024-12-05 01:38:51.009994496,VNM,Vietnam
2024-12-05,19.053373,105.499664,62.186775,0.2663307,426.3362,0.89124316,0.0,2024-12-05 01:38:51.343004160,VNM,Vietnam
2024-12-05,19.035112,105.54469,62.14159,0.7511977,426.17572,0.91938984,0.0,2024-12-05 01:38:51.595024640,VNM,Vietnam
2024-12-05,20.25996,106.511154,62.165913,0.2685491,425.45044,0.7917124,0.0,2024-12-05 01:39:16.010019840,VNM,Vietnam
2024-12-05,19.058191,105.52376,62.171394,0.34122682,427.6282,1.0091475,0.0,2024-12-05 01:38:51.649017344,VNM,Vietnam
2024-12-05,21.34374,107.50088,62.12319,0.7428125,425.4002,0.80360454,0.0,2024-12-05 01:39:38.929026304,VNM,Vietnam
2024-12-05,21.355433,107.4904,62.138187,0.5228837,425.45917,0.87560856,0.0,2024-12-05 01:39:38.956022784,VNM,Vietnam
2024-12-05,20.255331,106.48675,62.181107,0.3834306,426.17035,0.77127653,0.0,2024-12-05 01:39:15.703000832,VNM,Vietnam
2024-12-05,20.387371,106.537674,62.22532,1.0420818,425.63733,0.8258854,0.0,2024-12-05 01:39:17.784019456,VNM,Vietnam
2024-12-05,21.321093,107.37834,62.19728,0.59060836,425.51675,0.8486038,0.0,2024-12-05 01:39:37.396988928,VNM,Vietnam
2024-12-05,20.306,106.46885,62.225727,1.0397893,425.89316,0.86567205,0.0,2024-12-05 01:39:16.118005504,VNM,Vietnam
2024-12-05,21.073698,107.14441,62.210285,0.8139338,425.46136,0.8356408,0.0,2024-12-05 01:39:32.091002624,VNM,Vietnam
2024-12-05,21.036663,107.091965,62.22507,1.0477238,422.4672,0.7357311,0.0,2024-12-05 01:39:31.118004480,VNM,Vietnam
2024-12-05,20.41993,106.56522,62.2252,1.0432698,422.53745,0.7917936,0.0,2024-12-05 01:39:18.451004160,VNM,Vietnam
2024-12-05,20.403692,106.55144,62.225296,1.04339,425.25574,0.89477247,0.0,2024-12-05 01:39:18.117994752,VNM,Vietnam
2024-12-05,21.316454,107.35379,62.212082,0.8146857,424.7711,0.88986266,0.0,2024-12-05 01:39:37.091015936,VNM,Vietnam
2024-12-05,18.858496,105.27855,62.237923,0.801943,427.94803,1.0715256,0.0,2024-12-05 01:38:46.756989952,VNM,Vietnam
2024-12-05,18.812685,105.320724,62.17832,0.34166625,426.43958,0.96887606,0.0,2024-12-05 01:38:46.649004288,VNM,Vietnam
2024-12-05,18.853514,105.254425,62.25333,1.0353653,426.67905,1.1582229,0.0,2024-12-05 01:38:46.451016960,VNM,Vietnam
2024-12-05,18.842123,105.26503,62.238426,0.8019368,426.4734,1.1420928,0.0,2024-12-05 01:38:46.424020480,VNM,Vietnam
2024-12-05,18.83071,105.27561,62.223522,0.57719064,428.03677,1.0698369,0.0,2024-12-05 01:38:46.397024256,VNM,Vietnam
2024-12-05,18.837133,105.24092,62.253826,1.0351785,425.9883,1.0479282,0.0,2024-12-05 01:38:46.118007296,VNM,Vietnam
2024-12-05,18.817533,105.34473,62.162926,0.5312911,426.33237,1.026974,0.0,2024-12-05 01:38:46.956023296,VNM,Vietnam
2024-12-05,18.825743,105.25153,62.23892,0.8017251,426.28558,1.0639619,0.0,2024-12-05 01:38:46.091010816,VNM,Vietnam
2024-12-05,21.558798,107.56401,62.214725,0.81459063,425.12988,1.1378226,0.0,2024-12-05 01:39:42.090988544,VNM,Vietnam
2024-12-05,21.327553,107.48689,62.12299,0.7432667,426.2358,0.8415467,0.0,2024-12-05 01:39:38.595011072,VNM,Vietnam
2024-12-05,18.820768,105.22742,62.254337,1.0353082,425.75424,1.0709513,0.0,2024-12-05 01:38:45.783991808,VNM,Vietnam
2024-12-05,18.874865,105.29207,62.237423,0.8019479,426.67383,1.1378902,0.0,2024-12-05 01:38:47.091005440,VNM,Vietnam
2024-12-05,18.88626,105.281456,62.252335,1.035374,427.02737,1.1476405,0.0,2024-12-05 01:38:47.118001920,VNM,Vietnam
2024-12-05,18.861742,105.36134,62.17677,0.3424427,426.21893,0.9749699,0.0,2024-12-05 01:38:47.648998656,VNM,Vietnam
2024-12-05,21.413479,107.43771,62.213108,0.8160284,427.42606,0.9456845,0.0,2024-12-05 01:39:39.091005184,VNM,Vietnam
2024-12-05,21.378742,107.4694,62.16817,0.27174667,425.5843,0.8768073,0.0,2024-12-05 01:39:39.010015744,VNM,Vietnam
2024-12-05,18.852007,105.31321,62.20762,0.37705195,427.188,0.9774524,0.0,2024-12-05 01:38:47.037012480,VNM,Vietnam
2024-12-05,21.57035,107.55339,62.22972,1.0478593,426.4426,1.0347333,0.0,2024-12-05 01:39:42.118025216,VNM,Vietnam
2024-12-05,18.873234,105.350845,62.191666,0.26488218,427.42584,1.0378925,0.0,2024-12-05 01:38:47.675995392,VNM,Vietnam
2024-12-05,21.339245,107.47642,62.13798,0.5232411,425.26556,0.8644693,0.0,2024-12-05 01:39:38.622007296,VNM,Vietnam
2024-12-05,18.896149,105.32974,62.221478,0.57640547,426.8699,1.0341134,0.0,2024-12-05 01:38:47.729988096,VNM,Vietnam
2024-12-21,20.99756,106.34536,44.439926,44.387104,429.1371,0.73342043,0.0,2024-12-21 04:55:16.315010048,VNM,Vietnam
2024-12-21,20.92846,106.324974,44.370537,43.896015,429.48172,0.702618,0.0,2024-12-21 04:55:15.874014976,VNM,Vietnam
2024-12-21,20.9397,106.295105,44.381363,43.77837,429.46396,0.8070697,0.0,2024-12-21 04:55:15.179993088,VNM,Vietnam
2024-12-21,20.965748,106.31259,44.407646,44.017357,429.74234,0.7184226,0.0,2024-12-21 04:55:15.566995712,VNM,Vietnam
2024-12-21,20.987015,106.31422,44.428936,44.13947,430.3181,0.7252227,0.0,2024-12-21 04:55:15.593992192,VNM,Vietnam
2024-12-21,20.992262,106.32984,44.434402,44.262657,428.99957,0.7791481,0.0,2024-12-21 04:55:15.955004160,VNM,Vietnam
2024-12-21,21.013748,106.33132,44.455906,44.387836,429.7105,0.7145339,0.0,2024-12-21 04:55:15.982000640,VNM,Vietnam
2024-12-21,21.029858,106.31729,44.471817,44.388092,429.11496,0.7564863,0.0,2024-12-21 04:55:15.648025344,VNM,Vietnam
2024-12-25,21.690912,105.03994,51.68225,31.037144,429.03043,0.918157,0.0,2024-12-25 03:16:01.732019456,VNM,Vietnam
2024-12-25,21.74146,104.86684,51.811806,31.908007,429.76236,0.92002547,0.0,2024-12-25 03:15:59.930017536,VNM,Vietnam
2024-12-25,21.702456,105.079834,51.673077,30.692677,429.48032,1.012595,0.0,2024-12-25 03:16:01.786012416,VNM,Vietnam
2024-12-25,21.75697,104.852554,51.832596,31.910769,430.169,0.943862,0.0,2024-12-25 03:15:59.597007872,VNM,Vietnam
2024-12-25,21.637802,105.06304,51.62371,31.210142,430.34808,0.9313921,0.0,2024-12-25 03:16:02.705017600,VNM,Vietnam
2024-12-25,21.75879,104.92776,51.797405,31.384333,429.7213,0.90942717,0.0,2024-12-25 03:16:00.011006720,VNM,Vietnam
2024-12-25,21.642122,105.00833,51.654266,31.558136,429.19336,1.0036707,0.0,2024-12-25 03:16:02.318014976,VNM,Vietnam
2024-12-25,21.711302,104.971016,51.73403,31.38405,429.75064,0.8100306,0.0,2024-12-25 03:16:01.011001600,VNM,Vietnam
2024-12-25,21.693962,104.91006,51.748425,31.908785,428.56943,0.8849914,0.0,2024-12-25 03:16:00.930012160,VNM,Vietnam
2024-12-25,21.72125,104.93635,51.759827,31.558475,429.75528,0.82636744,0.0,2024-12-25 03:16:00.650995200,VNM,Vietnam
2024-12-25,21.742826,104.942184,51.77616,31.384146,429.5381,0.910747,0.0,2024-12-25 03:16:00.345022464,VNM,Vietnam
2024-12-26,21.58723,103.21822,49.214447,0.45709613,423.4268,0.5853583,0.0,2024-12-26 06:30:16.921024000,VNM,Vietnam
2024-12-26,21.269653,103.303314,48.953247,0.23431987,424.5243,0.51909816,0.0,2024-12-26 06:30:11.975003648,VNM,Vietnam
2024-12-26,21.322266,103.29518,48.999207,0.14459412,424.06714,0.6060522,0.0,2024-12-26 06:30:13.001994752,VNM,Vietnam
2024-12-26,21.286482,103.31271,48.973457,0.17080411,423.34323,0.56822574,0.0,2024-12-26 06:30:12.723018240,VNM,Vietnam
2024-12-26,21.974976,103.13668,49.54417,0.25480947,426.44116,0.583942,0.0,2024-12-26 06:30:23.642009600,VNM,Vietnam
2024-12-26,21.325293,103.280464,48.99536,0.44880828,422.73865,0.5294498,0.0,2024-12-26 06:30:12.587995648,VNM,Vietnam
2024-12-26,21.95479,103.14127,49.52715,0.25407502,423.32486,0.5527416,0.0,2024-12-26 06:30:23.308999680,VNM,Vietnam
2024-12-26,21.26636,103.317566,48.95668,0.17212462,426.28864,0.52138597,0.0,2024-12-26 06:30:12.389002752,VNM,Vietnam
2024-12-26,21.506977,103.2376,49.147392,0.45685515,423.61072,0.5658177,0.0,2024-12-26 06:30:15.588019968,VNM,Vietnam
2024-12-26,21.514595,103.2309,49.15157,0.567146,423.32208,0.5480975,0.0,2024-12-26 06:30:15.561988864,VNM,Vietnam
2024-12-26,21.435673,103.273186,49.09622,0.11187259,424.6594,0.67702615,0.0,2024-12-26 06:30:15.029020672,VNM,Vietnam
2024-12-26,21.453928,103.24513,49.100742,0.5640711,421.62418,0.5678106,0.0,2024-12-26 06:30:14.561994240,VNM,Vietnam
2024-12-26,21.433647,103.24987,49.08375,0.5627083,423.41748,0.5561059,0.0,2024-12-26 06:30:14.228019200,VNM,Vietnam
2024-12-26,21.531763,103.2413,49.172462,0.24334672,423.9362,0.5217027,0.0,2024-12-26 06:30:16.308997632,VNM,Vietnam
2024-12-26,21.297525,103.29192,48.974365,0.3392507,422.66312,0.5326025,0.0,2024-12-26 06:30:12.282022912,VNM,Vietnam
2024-12-26,21.3128,103.27868,48.982765,0.5583897,421.42456,0.53272575,0.0,2024-12-26 06:30:12.227989760,VNM,Vietnam
2024-12-26,21.480413,103.27156,49.137737,0.2620266,423.92358,0.5721905,0.0,2024-12-26 06:30:16.083008000,VNM,Vietnam
2024-12-26,21.254103,103.31611,48.94443,0.112494975,424.21786,0.48738968,0.0,2024-12-26 06:30:12.028996608,VNM,Vietnam
2024-12-26,21.385702,103.26601,49.04581,0.45087457,422.7437,0.659299,0.0,2024-12-26 06:30:13.587990272,VNM,Vietnam
2024-12-26,21.52403,103.24776,49.168087,0.15194945,423.67636,0.5353525,0.0,2024-12-26 06:30:16.335994112,VNM,Vietnam
2024-12-26,21.261913,103.30974,48.948883,0.1449952,423.47476,0.5225462,0.0,2024-12-26 06:30:12.002000384,VNM,Vietnam
2024-12-26,21.12926,103.33664,48.836025,0.23695022,425.38034,0.49796283,0.0,2024-12-26 06:30:09.642004992,VNM,Vietnam
2024-12-26,20.804392,103.40379,48.56065,0.4621339,425.0193,0.54892755,0.0,2024-12-26 06:30:03.921014016,VNM,Vietnam
2024-12-26,20.796724,103.41032,48.556435,0.35397214,424.35495,0.5500608,0.0,2024-12-26 06:30:03.948010496,VNM,Vietnam
2024-12-26,21.571772,103.23147,49.205822,0.24196388,423.0474,0.60222703,0.0,2024-12-26 06:30:16.975016960,VNM,Vietnam
2024-12-26,21.556242,103.24434,49.19699,0.10786076,423.02136,0.62511,0.0,2024-12-26 06:30:17.029009920,VNM,Vietnam
2024-12-26,21.54049,103.25691,49.187847,0.25943163,424.06805,0.63788104,0.0,2024-12-26 06:30:17.083002624,VNM,Vietnam
2024-12-26,21.856306,103.149155,49.437668,0.57319546,415.20334,0.60462964,0.0,2024-12-26 06:30:21.228021504,VNM,Vietnam
2024-12-26,20.808935,103.41202,48.568733,0.24951449,425.72754,0.501924,0.0,2024-12-26 06:30:04.309022464,VNM,Vietnam
2024-12-26,21.272587,103.28834,48.949207,0.5576008,424.46545,0.61762184,0.0,2024-12-26 06:30:11.562010880,VNM,Vietnam
2024-12-26,21.264975,103.29498,48.945038,0.44742352,423.2985,0.6889948,0.0,2024-12-26 06:30:11.588001280,VNM,Vietnam
2024-12-26,21.25732,103.301575,48.940815,0.3386526,425.5518,0.6936051,0.0,2024-12-26 06:30:11.614997504,VNM,Vietnam
2024-12-26,21.24181,103.31455,48.93211,0.14518306,424.888,0.518975,0.0,2024-12-26 06:30:11.668990720,VNM,Vietnam
2024-12-26,21.233997,103.32092,48.927658,0.11324802,424.33167,0.5829488,0.0,2024-12-26 06:30:11.695986944,VNM,Vietnam
2024-12-26,21.097925,103.36192,48.81812,0.27133295,424.2564,0.62829375,0.0,2024-12-26 06:30:09.749025024,VNM,Vietnam
2024-12-26,21.105827,103.355736,48.822712,0.17549965,425.07202,0.5570402,0.0,2024-12-26 06:30:09.722994432,VNM,Vietnam
2024-12-26,21.178078,103.342995,48.88504,0.27206782,421.95114,0.72644544,0.0,2024-12-26 06:30:11.082994944,VNM,Vietnam
2024-12-26,20.821068,103.41355,48.580894,0.1583916,424.77856,0.50963277,0.0,2024-12-26 06:30:04.668988160,VNM,Vietnam
2024-12-26,20.813215,103.41986,48.576427,0.11965158,423.96054,0.49940684,0.0,2024-12-26 06:30:04.696024832,VNM,Vietnam
2024-12-26,21.285069,103.29016,48.961807,0.44774944,424.649,0.61365324,0.0,2024-12-26 06:30:11.921010944,VNM,Vietnam
