date,latitude,longitude,time,xco2,xco2_quality_flag,rice_proportion_in_buffer,is_rice_influenced
2021-01-02,22.740501,106.144390,2021-01-02 06:17:23.895001600,415.188600,0.000000,0.308642,True
2021-01-02,22.715103,106.180600,2021-01-02 06:17:24.389024256,415.522280,0.000000,0.333333,True
2021-01-02,22.730429,106.167230,2021-01-02 06:17:24.335997184,415.961640,0.000000,0.308642,True
2021-01-02,22.687300,106.191920,2021-01-02 06:17:24.083011072,415.835450,0.000000,0.432099,True
2021-01-02,22.695044,106.185356,2021-01-02 06:17:24.056014848,416.127900,0.000000,0.382716,True
2021-01-02,20.695410,106.637650,2021-01-02 06:16:50.282027776,412.786700,0.000000,0.493827,True
2021-01-02,20.652166,106.661920,2021-01-02 06:16:50.029001472,417.091500,0.000000,0.444444,True
2021-01-02,20.659935,106.655495,2021-01-02 06:16:50.002004992,416.464700,0.000000,0.456790,True
2021-01-02,20.667627,106.649000,2021-01-02 06:16:49.975008768,416.244300,0.000000,0.407407,True
2021-01-02,20.675348,106.642380,2021-01-02 06:16:49.948012288,415.773930,0.000000,0.382716,True
2021-01-02,20.683014,106.635700,2021-01-02 06:16:49.921015808,414.519700,0.000000,0.493827,True
2021-01-02,20.655237,106.646996,2021-01-02 06:16:49.615002624,416.974060,0.000000,0.407407,True
2021-01-02,20.647516,106.653610,2021-01-02 06:16:49.641999104,416.800380,0.000000,0.395062,True
2021-01-02,20.687687,106.644260,2021-01-02 06:16:50.309024000,413.980440,0.000000,0.444444,True
2021-01-02,20.679989,106.650740,2021-01-02 06:16:50.336020480,414.626300,0.000000,0.493827,True
2021-01-02,20.664406,106.663520,2021-01-02 06:16:50.389007616,415.881300,0.000000,0.432099,True
2021-01-02,20.828444,106.611570,2021-01-02 06:16:52.642023168,417.240540,0.000000,0.345679,True
2021-01-02,20.916388,106.585820,2021-01-02 06:16:53.947990528,415.710400,0.000000,0.444444,True
2021-01-02,20.924042,106.579120,2021-01-02 06:16:53.920994048,415.276900,0.000000,0.432099,True
2021-01-02,20.775845,106.618970,2021-01-02 06:16:51.614991616,416.002260,0.000000,0.308642,True
2021-01-02,20.724722,106.649506,2021-01-02 06:16:51.389002240,416.071500,0.000000,0.407407,True
2021-01-02,20.732523,106.643135,2021-01-02 06:16:51.363011584,418.017900,0.000000,0.308642,True
2021-01-02,20.747960,106.630170,2021-01-02 06:16:51.309018624,417.209300,0.000000,0.469136,True
2021-01-02,20.768137,106.625620,2021-01-02 06:16:51.641988352,416.240970,0.000000,0.320988,True
2021-01-02,20.755669,106.623535,2021-01-02 06:16:51.282022144,416.732400,0.000000,0.358025,True
2021-01-02,20.770897,106.610100,2021-01-02 06:16:51.227989248,417.128400,0.000000,0.308642,True
2021-01-02,20.735514,106.628130,2021-01-02 06:16:50.948006912,418.556800,0.000000,0.395062,True
2021-01-02,20.743180,106.621450,2021-01-02 06:16:50.921010432,418.065900,0.000000,0.493827,True
2021-01-02,20.750765,106.614730,2021-01-02 06:16:50.895019776,416.992460,0.000000,0.370370,True
2021-01-02,20.676594,106.665050,2021-01-02 06:16:50.749013760,414.975920,0.000000,0.395062,True
2021-01-02,20.656536,106.669790,2021-01-02 06:16:50.416004096,416.096400,0.000000,0.580247,True
2021-01-02,20.763323,106.616840,2021-01-02 06:16:51.255025920,416.473500,0.000000,0.395062,True
2021-01-02,20.760456,106.632126,2021-01-02 06:16:51.669025024,416.564300,0.000000,0.382716,True
2021-01-02,20.752705,106.638580,2021-01-02 06:16:51.696021248,415.747830,0.000000,0.444444,True
2021-01-02,20.744904,106.644960,2021-01-02 06:16:51.723017728,417.023560,0.000000,0.370370,True
2021-01-02,20.785130,106.635635,2021-01-02 06:16:52.388996864,417.064240,0.000000,0.370370,True
2021-01-02,20.831339,106.596270,2021-01-02 06:16:52.228024064,416.415600,0.000000,0.370370,True
2021-01-02,20.757202,106.646670,2021-01-02 06:16:52.083023872,416.040830,0.000000,0.358025,True
2021-01-02,20.765066,106.640380,2021-01-02 06:16:52.055987200,416.318500,0.000000,0.395062,True
2021-01-02,20.780634,106.627570,2021-01-02 06:16:52.001994240,417.097300,0.000000,0.370370,True
2021-01-02,20.737047,106.651260,2021-01-02 06:16:51.749008128,416.587280,0.000000,0.333333,True
2021-01-02,20.650383,106.638214,2021-01-02 06:16:49.228000256,416.943600,0.000000,0.333333,True
2021-01-02,21.056833,106.552734,2021-01-02 06:16:56.281995264,414.893370,0.000000,0.419753,True
2021-01-02,21.064468,106.546000,2021-01-02 06:16:56.254998784,414.458400,0.000000,0.506173,True
2021-01-02,21.044325,106.550620,2021-01-02 06:16:55.921023488,417.141020,0.000000,0.320988,True
2021-01-02,21.051891,106.543850,2021-01-02 06:16:55.894992640,416.110440,0.000000,0.345679,True
2021-01-02,21.086473,106.564950,2021-01-02 06:16:57.389009920,416.716250,0.000000,0.469136,True
2021-01-02,21.094257,106.558540,2021-01-02 06:16:57.363019264,416.226140,0.000000,0.333333,True
2021-01-02,21.074123,106.563324,2021-01-02 06:16:57.029003776,417.666720,0.000000,0.320988,True
2021-01-02,21.112389,106.530060,2021-01-02 06:16:56.895027456,418.166080,0.000000,0.493827,True
2021-01-02,21.069332,106.554850,2021-01-02 06:16:56.642001152,417.739800,0.000000,0.370370,True
2021-01-02,20.921074,106.594270,2021-01-02 06:16:54.335998976,415.788270,0.000000,0.395062,True
2021-01-02,20.928753,106.587746,2021-01-02 06:16:54.309002496,415.056730,0.000000,0.370370,True
2021-01-02,20.944109,106.574380,2021-01-02 06:16:54.255009536,415.469760,0.000000,0.333333,True
2021-01-02,20.951680,106.567630,2021-01-02 06:16:54.228013056,414.942080,0.000000,0.382716,True
2021-01-02,21.031874,106.548640,2021-01-02 06:16:55.562023168,420.060330,0.000000,0.320988,True
2021-01-02,20.965698,106.592930,2021-01-02 06:16:55.389020672,417.280820,0.000000,0.320988,True
2021-01-02,21.049145,106.559420,2021-01-02 06:16:56.308991744,416.808800,0.000000,0.308642,True
2021-01-02,21.098770,106.566500,2021-01-02 06:16:57.749016064,416.554750,0.000000,0.308642,True
2021-01-16,10.652037,105.831510,2021-01-16 06:26:23.723013120,416.584900,0.000000,0.530864,True
2021-01-16,10.685913,105.811580,2021-01-16 06:26:23.614987008,416.743230,0.000000,0.629630,True
2021-01-16,10.677454,105.816696,2021-01-16 06:26:23.642023680,417.874300,0.000000,0.592593,True
2021-01-16,10.697389,105.812200,2021-01-16 06:26:23.974993152,416.758180,0.000000,0.629630,True
2021-01-16,10.725923,105.802660,2021-01-16 06:26:24.282012160,417.215270,0.000000,0.629630,True
2021-01-16,10.717482,105.807790,2021-01-16 06:26:24.309008640,418.052120,0.000000,0.617284,True
2021-01-16,10.737590,105.803390,2021-01-16 06:26:24.642018304,416.802120,0.000000,0.604938,True
2021-01-16,10.649101,105.826190,2021-01-16 06:26:23.336010496,416.922820,0.000000,0.518519,True
2021-01-18,22.503786,103.736810,2021-01-18 06:18:20.723017728,415.790440,0.000000,0.308642,True
2021-01-18,22.538300,103.700610,2021-01-18 06:18:20.255025920,420.750670,0.000000,0.333333,True
2021-01-18,22.458210,103.755850,2021-01-18 06:18:20.082989056,416.111240,0.000000,0.444444,True
2021-01-18,22.441317,103.761560,2021-01-18 06:18:19.749014016,417.108300,0.000000,0.469136,True
2021-01-18,22.452330,103.753650,2021-01-18 06:18:19.723023104,417.129030,0.000000,0.333333,True
2021-01-18,22.474983,103.725365,2021-01-18 06:18:19.281987584,415.953300,0.000000,0.345679,True
2021-01-18,22.467598,103.722290,2021-01-18 06:18:18.921015808,416.142580,0.000000,0.370370,True
2021-01-18,22.460331,103.719310,2021-01-18 06:18:18.562015488,415.444060,0.000000,0.308642,True
2021-01-26,9.917526,106.398270,2021-01-26 06:42:44.390999040,416.391720,0.000000,0.469136,True
2021-01-26,10.073465,106.571340,2021-01-26 06:42:47.309993472,416.802430,0.000000,0.604938,True
2021-01-26,10.072024,106.550890,2021-01-26 06:42:47.336989952,416.533540,0.000000,0.382716,True
2021-01-26,10.074849,106.591710,2021-01-26 06:42:47.282997248,416.218600,0.000000,0.543210,True
2021-01-26,10.076192,106.612015,2021-01-26 06:42:47.256000512,416.430000,0.000000,0.308642,True
2021-01-26,10.056553,106.558890,2021-01-26 06:42:46.977024000,416.192050,0.000000,0.456790,True
2021-01-26,10.057934,106.579270,2021-01-26 06:42:46.950027776,416.789150,0.000000,0.493827,True
2021-01-26,10.060492,106.619760,2021-01-26 06:42:46.895994624,416.577030,0.000000,0.419753,True
2021-01-26,10.041113,106.566925,2021-01-26 06:42:46.617018112,415.874020,0.000000,0.345679,True
2021-01-26,10.043633,106.607390,2021-01-26 06:42:46.563024896,415.698550,0.000000,0.395062,True
2021-01-26,9.899049,106.365120,2021-01-26 06:42:44.085026048,417.234200,0.000000,0.617284,True
2021-01-26,10.024291,106.554565,2021-01-26 06:42:46.283002368,416.118740,0.000000,0.382716,True
2021-01-26,9.900785,106.385870,2021-01-26 06:42:44.057989376,416.385130,0.000000,0.456790,True
2021-01-26,9.868673,106.381710,2021-01-26 06:42:43.364007936,417.376220,0.000000,0.617284,True
2021-01-26,9.816582,106.324135,2021-01-26 06:42:42.391009792,417.193450,0.000000,0.469136,True
2021-01-26,9.818111,106.344700,2021-01-26 06:42:42.364013312,417.298500,0.000000,0.493827,True
2021-01-26,9.819682,106.365260,2021-01-26 06:42:42.337017088,417.918240,0.000000,0.580247,True
2021-01-26,9.821094,106.385660,2021-01-26 06:42:42.310020608,417.789250,0.000000,0.555556,True
2021-01-26,9.822502,106.406010,2021-01-26 06:42:42.283024384,416.246030,0.000000,0.370370,True
2021-01-26,9.798039,106.290970,2021-01-26 06:42:42.084996608,417.317780,0.000000,0.432099,True
2021-01-26,9.799718,106.311676,2021-01-26 06:42:42.058000384,417.180200,0.000000,0.518519,True
2021-01-26,9.801346,106.332306,2021-01-26 06:42:42.031003904,416.866460,0.000000,0.469136,True
2021-01-26,9.802858,106.352810,2021-01-26 06:42:42.004007424,417.469900,0.000000,0.555556,True
2021-01-26,9.804322,106.373250,2021-01-26 06:42:41.977010944,416.425080,0.000000,0.617284,True
2021-01-26,9.805740,106.393616,2021-01-26 06:42:41.950014464,415.930020,0.000000,0.580247,True
2021-01-26,9.781251,106.278590,2021-01-26 06:42:41.751986944,417.750730,0.000000,0.382716,True
2021-01-26,9.782909,106.299280,2021-01-26 06:42:41.724990720,417.227480,0.000000,0.444444,True
2021-01-26,9.784507,106.319885,2021-01-26 06:42:41.697994240,417.652830,0.000000,0.629630,True
2021-01-26,9.786045,106.340400,2021-01-26 06:42:41.670997504,416.866760,0.000000,0.617284,True
2021-01-26,9.841898,106.458780,2021-01-26 06:42:42.563006720,416.267730,0.000000,0.333333,True
2021-01-26,9.882181,106.352780,2021-01-26 06:42:43.752016640,416.519440,0.000000,0.370370,True
2021-01-26,9.883819,106.373490,2021-01-26 06:42:43.725019904,416.637700,0.000000,0.506173,True
2021-01-26,9.885442,106.394140,2021-01-26 06:42:43.698023680,415.995100,0.000000,0.469136,True
2021-01-26,9.886961,106.414670,2021-01-26 06:42:43.671027200,416.763520,0.000000,0.617284,True
2021-01-26,9.865409,106.340380,2021-01-26 06:42:43.418000896,416.398100,0.000000,0.333333,True
2021-01-26,9.867060,106.361080,2021-01-26 06:42:43.391004672,416.944600,0.000000,0.530864,True
2021-01-26,9.870250,106.402260,2021-01-26 06:42:43.337011456,416.920230,0.000000,0.407407,True
2021-01-26,9.871678,106.422676,2021-01-26 06:42:43.310015232,416.909550,0.000000,0.407407,True
2021-01-26,9.902297,106.406450,2021-01-26 06:42:44.030992896,416.307460,0.000000,0.456790,True
2021-01-26,9.851803,106.369330,2021-01-26 06:42:43.030998528,417.084050,0.000000,0.629630,True
2021-01-26,9.853339,106.389860,2021-01-26 06:42:43.004002048,417.418060,0.000000,0.580247,True
2021-01-26,9.831718,106.315650,2021-01-26 06:42:42.752021760,417.113740,0.000000,0.555556,True
2021-01-26,9.834972,106.356980,2021-01-26 06:42:42.697988864,416.910830,0.000000,0.382716,True
2021-01-26,9.836449,106.377480,2021-01-26 06:42:42.670992384,417.932800,0.000000,0.617284,True
2021-01-26,9.837907,106.397930,2021-01-26 06:42:42.643995648,416.853580,0.000000,0.641975,True
2021-01-26,9.848559,106.328010,2021-01-26 06:42:43.084991232,418.710200,0.000000,0.567901,True
2021-01-26,10.094132,106.644510,2021-01-26 06:42:47.563019776,416.817660,0.000000,0.617284,True
2021-01-26,10.305756,106.703910,2021-01-26 06:42:52.030989824,415.024840,0.000000,0.320988,True
2021-01-26,10.307256,106.724464,2021-01-26 06:42:52.003993600,415.711520,0.000000,0.481481,True
2021-01-26,10.308684,106.744934,2021-01-26 06:42:51.976996864,416.496300,0.000000,0.382716,True
2021-01-26,10.310068,106.765320,2021-01-26 06:42:51.950000640,416.868530,0.000000,0.419753,True
2021-01-26,10.285752,106.650130,2021-01-26 06:42:51.752013312,416.304350,0.000000,0.493827,True
2021-01-26,10.291867,106.732530,2021-01-26 06:42:51.644027392,415.665300,0.000000,0.543210,True
2021-01-26,10.270562,106.658500,2021-01-26 06:42:51.391001344,414.342200,0.000000,0.308642,True
2021-01-26,10.272110,106.679120,2021-01-26 06:42:51.364004864,414.764950,0.000000,0.592593,True
2021-01-26,10.277721,106.760800,2021-01-26 06:42:51.256019200,416.880600,0.000000,0.308642,True
2021-01-26,10.255345,106.666740,2021-01-26 06:42:51.030995456,415.011600,0.000000,0.345679,True
2021-01-26,10.258230,106.707700,2021-01-26 06:42:50.977002496,415.298770,0.000000,0.555556,True
2021-01-26,10.242764,106.715706,2021-01-26 06:42:50.616996352,415.494540,0.000000,0.469136,True
2021-01-26,10.302513,106.662506,2021-01-26 06:42:52.085022976,415.559570,0.000000,0.432099,True
2021-01-26,10.324032,106.736885,2021-01-26 06:42:52.337003008,417.024380,0.000000,0.518519,True
2021-01-26,9.787498,106.360830,2021-01-26 06:42:41.644001280,417.272280,0.000000,0.617284,True
2021-01-26,10.403417,106.737070,2021-01-26 06:42:54.085011968,416.155300,0.000000,0.518519,True
2021-01-26,10.386561,106.724620,2021-01-26 06:42:53.752002560,415.930660,0.000000,0.469136,True
2021-01-26,10.369724,106.712190,2021-01-26 06:42:53.417986816,415.739560,0.000000,0.567901,True
2021-01-26,10.371392,106.732950,2021-01-26 06:42:53.390990592,416.492740,0.000000,0.543210,True
2021-01-26,10.374444,106.774155,2021-01-26 06:42:53.336997632,416.827240,0.000000,0.481481,True
2021-01-26,10.352871,106.699720,2021-01-26 06:42:53.085017344,416.051760,0.000000,0.382716,True
2021-01-26,10.354519,106.720474,2021-01-26 06:42:53.058021120,415.885070,0.000000,0.395062,True
2021-01-26,10.356090,106.741135,2021-01-26 06:42:53.031024640,416.295930,0.000000,0.469136,True
2021-01-26,10.357591,106.761700,2021-01-26 06:42:53.004028416,417.377660,0.000000,0.345679,True
2021-01-26,10.336143,106.687410,2021-01-26 06:42:52.752007936,416.117280,0.000000,0.320988,True
2021-01-26,10.337774,106.708140,2021-01-26 06:42:52.725011456,415.996900,0.000000,0.543210,True
2021-01-26,10.339347,106.728790,2021-01-26 06:42:52.698014976,416.668180,0.000000,0.530864,True
2021-01-26,10.340848,106.749344,2021-01-26 06:42:52.671018496,416.225830,0.000000,0.518519,True
2021-01-26,10.342291,106.769820,2021-01-26 06:42:52.644022016,416.905030,0.000000,0.629630,True
2021-01-26,10.320951,106.695670,2021-01-26 06:42:52.390995968,416.467560,0.000000,0.469136,True
2021-01-26,10.325449,106.757340,2021-01-26 06:42:52.310006528,416.631350,0.000000,0.530864,True
2021-01-26,10.117719,106.526120,2021-01-26 06:42:48.418013952,418.029850,0.000000,0.395062,True
2021-01-26,10.119356,106.546830,2021-01-26 06:42:48.391017728,417.132570,0.000000,0.530864,True
2021-01-26,10.120969,106.567480,2021-01-26 06:42:48.364021248,416.606840,0.000000,0.370370,True
2021-01-26,10.123925,106.608460,2021-01-26 06:42:48.310028288,417.407320,0.000000,0.456790,True
2021-01-26,10.104115,106.555070,2021-01-26 06:42:48.031011584,417.073120,0.000000,0.604938,True
2021-01-26,10.107076,106.596090,2021-01-26 06:42:47.977018624,416.921800,0.000000,0.493827,True
2021-01-26,10.108451,106.616470,2021-01-26 06:42:47.950022144,417.229340,0.000000,0.543210,True
2021-01-26,10.109770,106.636770,2021-01-26 06:42:47.923025920,416.705470,0.000000,0.493827,True
2021-01-26,10.087294,106.542720,2021-01-26 06:42:47.698001920,416.946170,0.000000,0.308642,True
2021-01-26,10.088775,106.563230,2021-01-26 06:42:47.671005440,416.759000,0.000000,0.493827,True
2021-01-26,10.090220,106.583690,2021-01-26 06:42:47.644009216,417.028930,0.000000,0.345679,True
2021-01-26,10.091578,106.604034,2021-01-26 06:42:47.617012480,416.875500,0.000000,0.641975,True
2021-01-26,10.092912,106.624330,2021-01-26 06:42:47.590016000,416.998470,0.000000,0.407407,True
2021-01-26,10.140657,106.620926,2021-01-26 06:42:48.644003584,417.127470,0.000000,0.345679,True
2021-01-26,10.139235,106.600494,2021-01-26 06:42:48.671000064,417.251460,0.000000,0.555556,True
2021-01-26,10.136158,106.559326,2021-01-26 06:42:48.724992768,416.485080,0.000000,0.333333,True
2021-01-26,9.788927,106.381200,2021-01-26 06:42:41.617004800,416.447660,0.000000,0.419753,True
2021-01-26,11.016706,106.948860,2021-01-26 06:42:16.058020608,416.313480,0.000000,0.333333,True
2021-01-26,10.909212,106.578710,2021-01-26 06:41:32.031021312,417.501430,0.000000,0.333333,True
2021-01-26,10.837323,106.397880,2021-01-26 06:41:10.363989248,416.256440,0.000000,0.580247,True
2021-01-26,9.790255,106.401470,2021-01-26 06:42:41.590008576,416.485230,0.000000,0.444444,True
2021-01-26,9.720237,106.311360,2021-01-26 06:42:40.309991424,417.091700,0.000000,0.469136,True
2021-01-26,9.721659,106.331720,2021-01-26 06:42:40.282994688,417.520660,0.000000,0.432099,True
2021-01-26,9.722965,106.351950,2021-01-26 06:42:40.255998464,417.100070,0.000000,0.617284,True
2021-01-26,9.703434,106.299034,2021-01-26 06:42:39.977021696,417.042480,0.000000,0.530864,True
2021-01-26,9.704819,106.319374,2021-01-26 06:42:39.950025216,417.593380,0.000000,0.493827,True
2021-01-26,9.706213,106.339670,2021-01-26 06:42:39.922988544,416.726000,0.000000,0.432099,True
2021-01-26,9.707449,106.359825,2021-01-26 06:42:39.895992320,416.788270,0.000000,0.456790,True
2021-01-26,9.686633,106.286680,2021-01-26 06:42:39.644012288,417.277800,0.000000,0.419753,True
2021-01-26,9.687990,106.307000,2021-01-26 06:42:39.617015808,417.729130,0.000000,0.493827,True
2021-01-26,9.689367,106.327280,2021-01-26 06:42:39.590019328,416.628880,0.000000,0.506173,True
2021-01-26,9.690564,106.347404,2021-01-26 06:42:39.563022848,418.335140,0.000000,0.493827,True
2021-01-26,9.671113,106.294586,2021-01-26 06:42:39.283000320,416.796600,0.000000,0.358025,True
2021-01-26,9.672412,106.314810,2021-01-26 06:42:39.256003840,417.373660,0.000000,0.543210,True
2021-01-26,9.718813,106.290960,2021-01-26 06:42:40.337028096,416.043060,0.000000,0.469136,True
2021-01-26,9.717252,106.270430,2021-01-26 06:42:40.364024320,417.342960,0.000000,0.456790,True
2021-01-26,9.741015,106.384500,2021-01-26 06:42:40.563017472,417.000980,0.000000,0.506173,True
2021-01-26,9.764442,106.266230,2021-01-26 06:42:41.418011648,416.881070,0.000000,0.506173,True
2021-01-26,9.766117,106.286934,2021-01-26 06:42:41.391015168,417.399300,0.000000,0.567901,True
2021-01-26,9.767733,106.307556,2021-01-26 06:42:41.364018944,417.718600,0.000000,0.506173,True
2021-01-26,9.769300,106.328100,2021-01-26 06:42:41.337022464,416.894300,0.000000,0.358025,True
2021-01-26,9.770751,106.348526,2021-01-26 06:42:41.310026240,416.946100,0.000000,0.481481,True
2021-01-26,9.772144,106.368870,2021-01-26 06:42:41.282989568,417.047200,0.000000,0.469136,True
2021-01-26,9.774698,106.409290,2021-01-26 06:42:41.228996608,416.739380,0.000000,0.444444,True
2021-01-26,9.749220,106.274550,2021-01-26 06:42:41.058005760,416.340150,0.000000,0.493827,True
2021-01-26,9.750879,106.295204,2021-01-26 06:42:41.031009280,417.079100,0.000000,0.481481,True
2021-01-26,9.752391,106.315710,2021-01-26 06:42:41.004012800,417.070980,0.000000,0.518519,True
2021-01-26,9.753855,106.336150,2021-01-26 06:42:40.977016576,416.938000,0.000000,0.592593,True
2021-01-26,9.755260,106.356500,2021-01-26 06:42:40.950019840,417.343900,0.000000,0.617284,True
2021-01-26,9.732497,106.262240,2021-01-26 06:42:40.724996096,416.285580,0.000000,0.481481,True
2021-01-26,9.734086,106.282830,2021-01-26 06:42:40.697999360,417.146150,0.000000,0.543210,True
2021-01-26,9.735604,106.303330,2021-01-26 06:42:40.671003136,417.873380,0.000000,0.592593,True
2021-01-26,9.737052,106.323746,2021-01-26 06:42:40.644006656,417.089420,0.000000,0.641975,True
2021-01-26,9.738441,106.344080,2021-01-26 06:42:40.617010432,416.894350,0.000000,0.543210,True
2021-01-26,9.739784,106.364350,2021-01-26 06:42:40.590013952,416.802430,0.000000,0.395062,True
2021-01-26,9.715620,106.249810,2021-01-26 06:42:40.391020800,416.319100,0.000000,0.592593,True
2021-01-26,9.673680,106.334984,2021-01-26 06:42:39.229007360,417.956700,0.000000,0.617284,True
2021-01-26,9.513670,106.101600,2021-01-26 06:42:36.391002112,418.657650,0.000000,0.604938,True
2021-01-26,9.504206,106.191310,2021-01-26 06:42:35.923010304,417.724240,0.000000,0.382716,True
2021-01-26,9.479995,106.076900,2021-01-26 06:42:35.725023232,416.503000,0.000000,0.481481,True
2021-01-26,9.547232,106.126260,2021-01-26 06:42:37.057987328,418.278300,0.000000,0.530864,True
2021-01-26,9.655637,106.302490,2021-01-26 06:42:38.922994176,416.034400,0.000000,0.395062,True
2021-01-26,9.656903,106.322660,2021-01-26 06:42:38.895997696,416.591030,0.000000,0.469136,True
2021-01-26,9.545552,106.105570,2021-01-26 06:42:37.085024000,419.721770,0.000000,0.629630,True
2021-01-26,9.562461,106.117960,2021-01-26 06:42:37.417993216,418.302220,0.000000,0.617284,True
2021-01-26,9.596077,106.142600,2021-01-26 06:42:38.085018368,418.616180,0.000000,0.493827,True
2021-01-28,22.014973,103.920500,2021-01-28 06:46:06.725005056,416.807040,0.000000,0.469136,True
2021-01-28,22.042164,103.923320,2021-01-28 06:46:07.085011200,415.837830,0.000000,0.506173,True
2021-02-05,21.362590,103.012550,2021-02-05 03:40:26.085010176,416.635500,0.000000,0.333333,True
2021-02-05,21.469814,103.146940,2021-02-05 03:40:28.697991424,413.949370,0.000000,0.407407,True
2021-02-05,22.178959,103.766650,2021-02-05 03:40:43.364015104,415.003100,0.000000,0.444444,True
2021-02-05,21.324396,103.021080,2021-02-05 03:40:25.698007552,416.588530,0.000000,0.592593,True
2021-02-05,21.335413,103.009850,2021-02-05 03:40:25.725004288,416.020420,0.000000,0.382716,True
2021-02-05,21.319235,102.995926,2021-02-05 03:40:25.390988544,415.980930,0.000000,0.333333,True
2021-02-10,18.952333,105.477510,2021-02-10 06:22:45.722988544,418.156770,0.000000,0.419753,True
2021-02-10,18.944067,105.483055,2021-02-10 06:22:45.749019392,418.801600,0.000000,0.481481,True
2021-02-12,12.534951,108.060560,2021-02-12 06:09:14.642012672,414.876620,0.000000,0.382716,True
2021-02-12,12.536497,108.054955,2021-02-12 06:09:14.255010048,415.086640,0.000000,0.370370,True
2021-02-12,12.531499,108.070870,2021-02-12 06:09:15.416017664,415.321530,0.000000,0.333333,True
2021-02-12,12.533333,108.065840,2021-02-12 06:09:15.029015296,415.224330,0.000000,0.395062,True
2021-02-12,12.777333,107.996100,2021-02-12 06:09:18.587998208,415.815000,0.000000,0.345679,True
2021-02-12,12.784322,108.002525,2021-02-12 06:09:19.336012544,415.374850,0.000000,0.395062,True
2021-02-12,12.527879,108.054350,2021-02-12 06:09:13.895004160,415.850130,0.000000,0.358025,True
2021-02-12,12.403837,108.097620,2021-02-12 06:09:12.696016384,415.406800,0.000000,0.555556,True
2021-02-12,12.413956,108.092790,2021-02-12 06:09:12.669019904,415.039760,0.000000,0.617284,True
2021-02-12,12.423989,108.087900,2021-02-12 06:09:12.642023680,415.122680,0.000000,0.617284,True
2021-02-12,12.434057,108.082880,2021-02-12 06:09:12.614987008,415.247280,0.000000,0.567901,True
2021-02-12,12.405493,108.092430,2021-02-12 06:09:12.309013760,416.070600,0.000000,0.604938,True
2021-02-12,12.415562,108.087420,2021-02-12 06:09:12.282017536,415.257230,0.000000,0.604938,True
2021-02-12,12.425561,108.082330,2021-02-12 06:09:12.255021056,414.603760,0.000000,0.629630,True
2021-02-12,12.435458,108.077190,2021-02-12 06:09:12.228024576,415.750300,0.000000,0.555556,True
2021-02-12,12.442574,108.083410,2021-02-12 06:09:12.974992896,415.502750,0.000000,0.333333,True
2021-02-12,12.432434,108.088240,2021-02-12 06:09:13.001989376,415.094880,0.000000,0.592593,True
2021-02-12,12.438834,108.093360,2021-02-12 06:09:13.748998144,414.998800,0.000000,0.432099,True
2021-02-12,12.420367,108.097916,2021-02-12 06:09:13.415988480,415.719180,0.000000,0.617284,True
2021-02-12,12.401899,108.102460,2021-02-12 06:09:13.083019008,415.357450,0.000000,0.506173,True
2021-02-12,12.412138,108.097810,2021-02-12 06:09:13.056022528,416.013800,0.000000,0.617284,True
2021-02-12,12.422314,108.093070,2021-02-12 06:09:13.029026048,415.316800,0.000000,0.604938,True
2021-02-12,12.440781,108.088510,2021-02-12 06:09:13.363001344,416.021120,0.000000,0.395062,True
2021-02-12,12.407066,108.086876,2021-02-12 06:09:11.921005568,415.893830,0.000000,0.580247,True
2021-02-12,12.416964,108.081730,2021-02-12 06:09:11.895014912,415.110260,0.000000,0.617284,True
2021-02-17,9.660070,106.300680,2021-02-17 08:55:35.751986432,415.636700,0.000000,0.320988,True
2021-02-17,9.676923,106.288420,2021-02-17 08:55:35.418011136,415.866120,0.000000,0.407407,True
2021-02-17,9.643368,106.313140,2021-02-17 08:55:36.084996096,415.836030,0.000000,0.395062,True
2021-02-17,9.693706,106.276050,2021-02-17 08:55:35.085001472,415.910300,0.000000,0.481481,True
2021-02-17,9.861942,106.152520,2021-02-17 08:55:31.752008192,415.933870,0.000000,0.469136,True
2021-02-17,9.878756,106.140150,2021-02-17 08:55:31.417992704,415.484740,0.000000,0.518519,True
2021-02-17,9.870165,106.127500,2021-02-17 08:55:31.390996224,415.225300,0.000000,0.567901,True
2021-02-17,9.895583,106.127780,2021-02-17 08:55:31.085023488,414.886020,0.000000,0.419753,True
2021-02-17,9.886992,106.115135,2021-02-17 08:55:31.058026752,415.809200,0.000000,0.456790,True
2021-02-17,9.861390,106.077095,2021-02-17 08:55:30.976997376,415.798680,0.000000,0.370370,True
2021-02-17,9.903833,106.102800,2021-02-17 08:55:30.725017088,414.955870,0.000000,0.395062,True
2021-02-17,9.895262,106.090126,2021-02-17 08:55:30.698020608,414.960400,0.000000,0.432099,True
2021-02-17,9.929277,106.103140,2021-02-17 08:55:30.417998080,415.615700,0.000000,0.395062,True
2021-02-17,9.894823,106.014460,2021-02-17 08:55:29.923009792,415.446500,0.000000,0.370370,True
2021-02-17,9.954187,106.065600,2021-02-17 08:55:29.725022464,414.907300,0.000000,0.456790,True
2021-02-17,9.962082,105.964990,2021-02-17 08:55:28.590005760,416.634160,0.000000,0.358025,True
2021-02-17,10.080516,105.991660,2021-02-17 08:55:27.418014464,414.970150,0.000000,0.444444,True
2021-02-17,9.946044,106.090710,2021-02-17 08:55:30.084988672,415.612900,0.000000,0.493827,True
2021-02-17,9.710526,106.263695,2021-02-17 08:55:34.751992064,415.194670,0.000000,0.345679,True
2021-02-17,9.836465,106.152160,2021-02-17 08:55:32.058021632,416.394960,0.000000,0.493827,True
2021-02-17,9.794096,106.126490,2021-02-17 08:55:32.310001664,415.268100,0.000000,0.641975,True
2021-02-17,9.727371,106.251350,2021-02-17 08:55:34.418016768,415.702760,0.000000,0.567901,True
2021-02-17,9.718791,106.238716,2021-02-17 08:55:34.391020288,415.358060,0.000000,0.592593,True
2021-02-17,9.710237,106.226060,2021-02-17 08:55:34.364023808,414.702700,0.000000,0.469136,True
2021-02-17,9.744312,106.239136,2021-02-17 08:55:34.085006848,415.262630,0.000000,0.419753,True
2021-02-17,9.718606,106.201110,2021-02-17 08:55:34.004017920,413.838200,0.000000,0.530864,True
2021-02-17,9.761084,106.226730,2021-02-17 08:55:33.751997440,416.257020,0.000000,0.456790,True
2021-02-17,9.760760,106.189064,2021-02-17 08:55:33.363988992,416.288640,0.000000,0.333333,True
2021-02-17,9.785609,106.113754,2021-02-17 08:55:32.283005184,415.947360,0.000000,0.506173,True
2021-02-17,9.794363,106.164246,2021-02-17 08:55:32.698009856,415.521850,0.000000,0.345679,True
2021-02-17,9.785830,106.151560,2021-02-17 08:55:32.671013376,415.563500,0.000000,0.407407,True
2021-02-17,9.802608,106.139206,2021-02-17 08:55:32.336997888,416.101500,0.000000,0.592593,True
2021-02-17,9.853351,106.139880,2021-02-17 08:55:31.725011712,416.138370,0.000000,0.518519,True
2021-02-17,9.795750,105.942340,2021-02-17 06:26:29.614994688,414.628720,0.000000,0.506173,True
2021-02-17,9.444427,106.020720,2021-02-17 06:26:23.974993152,416.758120,0.000000,0.481481,True
2021-02-17,9.442763,106.018690,2021-02-17 06:26:23.587990784,416.693450,0.000000,0.493827,True
2021-02-26,13.068067,109.275730,2021-02-26 05:02:05.237998592,414.207700,0.000000,0.395062,True
2021-02-26,13.101448,109.250360,2021-02-26 05:02:04.571013376,414.451870,0.000000,0.444444,True
2021-03-01,9.462044,105.986020,2021-03-01 04:16:43.563000320,413.168030,0.000000,0.641975,True
2021-03-05,9.750208,105.849240,2021-03-05 02:43:33.087992320,415.955870,0.000000,0.481481,True
2021-03-05,9.724925,105.848930,2021-03-05 02:43:33.395011328,415.268000,0.000000,0.345679,True
2021-03-05,9.733385,105.861580,2021-03-05 02:43:33.422007808,415.318850,0.000000,0.493827,True
2021-03-05,9.665958,105.873200,2021-03-05 02:43:34.368009472,416.546330,0.000000,0.555556,True
2021-03-05,10.069902,105.500660,2021-03-05 02:43:25.593001728,415.229300,0.000000,0.456790,True
2021-03-05,9.725128,105.735280,2021-03-05 02:43:32.232997888,415.559800,0.000000,0.320988,True
2021-03-05,10.078264,105.513460,2021-03-05 02:43:25.619998208,415.014950,0.000000,0.493827,True
2021-03-05,9.758825,105.710730,2021-03-05 02:43:31.566013184,415.273130,0.000000,0.469136,True
2021-03-05,10.061564,105.487850,2021-03-05 02:43:25.566005504,414.998720,0.000000,0.629630,True
2021-03-05,9.817487,105.724360,2021-03-05 02:43:30.980017408,415.415530,0.000000,0.308642,True
2021-03-05,9.825891,105.737120,2021-03-05 02:43:31.007013888,414.774200,0.000000,0.382716,True
2021-03-05,9.775702,105.698430,2021-03-05 02:43:31.233003264,415.067140,0.000000,0.493827,True
2021-03-05,9.784019,105.711235,2021-03-05 02:43:31.259999744,415.866970,0.000000,0.469136,True
2021-03-05,9.834395,105.787520,2021-03-05 02:43:31.422018816,415.001560,0.000000,0.444444,True
2021-03-05,9.742017,105.723060,2021-03-05 02:43:31.899022848,415.212340,0.000000,0.395062,True
2021-03-05,10.179147,105.477196,2021-03-05 02:43:24.007011584,414.141880,0.000000,0.432099,True
2021-03-05,10.162351,105.451670,2021-03-05 02:43:23.953018624,415.125200,0.000000,0.617284,True
2021-03-05,10.153991,105.438870,2021-03-05 02:43:23.926022400,414.647500,0.000000,0.629630,True
2021-03-05,10.145657,105.426056,2021-03-05 02:43:23.899025920,415.170230,0.000000,0.580247,True
2021-03-05,10.221274,105.502890,2021-03-05 02:43:23.754991360,415.071840,0.000000,0.617284,True
2021-03-05,10.212799,105.490210,2021-03-05 02:43:23.727994880,413.564760,0.000000,0.629630,True
2021-03-05,10.195928,105.464790,2021-03-05 02:43:23.674001920,415.266630,0.000000,0.481481,True
2021-03-05,10.187525,105.452040,2021-03-05 02:43:23.647005440,413.767970,0.000000,0.617284,True
2021-03-05,10.179144,105.439260,2021-03-05 02:43:23.620009216,414.954800,0.000000,0.617284,True
2021-03-05,10.170789,105.426460,2021-03-05 02:43:23.593012736,415.106350,0.000000,0.641975,True
2021-03-05,10.162458,105.413640,2021-03-05 02:43:23.566016256,414.329250,0.000000,0.555556,True
2021-03-05,10.238054,105.490425,2021-03-05 02:43:23.422021888,414.018900,0.000000,0.580247,True
2021-03-05,10.229575,105.477730,2021-03-05 02:43:23.395025408,415.345120,0.000000,0.592593,True
2021-03-05,10.221123,105.465020,2021-03-05 02:43:23.367988736,414.415040,0.000000,0.629630,True
2021-03-05,10.212696,105.452286,2021-03-05 02:43:23.340992512,414.674350,0.000000,0.604938,True
2021-03-05,10.204295,105.439530,2021-03-05 02:43:23.313995776,414.630500,0.000000,0.444444,True
2021-03-05,10.195920,105.426760,2021-03-05 02:43:23.286999552,414.590100,0.000000,0.580247,True
2021-03-05,10.187570,105.413960,2021-03-05 02:43:23.260003072,414.905980,0.000000,0.543210,True
2021-03-05,10.179241,105.401150,2021-03-05 02:43:23.233006592,415.588750,0.000000,0.641975,True
2021-03-05,10.254846,105.477974,2021-03-05 02:43:23.088006400,414.740450,0.000000,0.580247,True
2021-03-05,10.246364,105.465290,2021-03-05 02:43:23.061009920,415.481450,0.000000,0.481481,True
2021-03-05,10.237914,105.452580,2021-03-05 02:43:23.034013440,415.027100,0.000000,0.580247,True
2021-03-05,10.229490,105.439865,2021-03-05 02:43:23.007017216,414.814880,0.000000,0.617284,True
2021-03-05,10.221092,105.427124,2021-03-05 02:43:22.980020480,415.699620,0.000000,0.592593,True
2021-03-05,10.212720,105.414360,2021-03-05 02:43:22.953024256,415.816350,0.000000,0.567901,True
2021-03-05,10.204373,105.401580,2021-03-05 02:43:22.925987584,414.710140,0.000000,0.506173,True
2021-03-05,10.196052,105.388780,2021-03-05 02:43:22.898991104,415.381130,0.000000,0.617284,True
2021-03-05,10.271728,105.465630,2021-03-05 02:43:22.754996736,414.528780,0.000000,0.592593,True
2021-03-05,10.170735,105.464440,2021-03-05 02:43:23.980015360,414.687230,0.000000,0.592593,True
2021-03-05,9.800756,105.698780,2021-03-05 02:43:30.926024704,415.588960,0.000000,0.506173,True
2021-03-05,10.196047,105.502640,2021-03-05 02:43:24.061004544,415.256770,0.000000,0.469136,True
2021-03-05,10.086754,105.488380,2021-03-05 02:43:25.259992064,415.417140,0.000000,0.444444,True
2021-03-05,10.078429,105.475570,2021-03-05 02:43:25.232995840,415.620570,0.000000,0.518519,True
2021-03-05,10.154021,105.552350,2021-03-05 02:43:25.087995648,414.456400,0.000000,0.444444,True
2021-03-05,10.095241,105.463240,2021-03-05 02:43:24.899020544,414.500580,0.000000,0.456790,True
2021-03-05,10.170836,105.540020,2021-03-05 02:43:24.755026176,413.915280,0.000000,0.543210,True
2021-03-05,10.162354,105.527330,2021-03-05 02:43:24.727989504,414.486800,0.000000,0.493827,True
2021-03-05,10.153900,105.514610,2021-03-05 02:43:24.700993024,413.498960,0.000000,0.308642,True
2021-03-05,10.128703,105.476350,2021-03-05 02:43:24.620003584,413.577000,0.000000,0.345679,True
2021-03-05,10.120358,105.463560,2021-03-05 02:43:24.593007360,414.032870,0.000000,0.308642,True
2021-03-05,10.112040,105.450750,2021-03-05 02:43:24.566010880,414.956760,0.000000,0.382716,True
2021-03-05,10.187655,105.527596,2021-03-05 02:43:24.422016256,413.594820,0.000000,0.629630,True
2021-03-05,10.170718,105.502235,2021-03-05 02:43:24.368023552,414.265400,0.000000,0.530864,True
2021-03-05,10.162290,105.489525,2021-03-05 02:43:24.340986880,415.100900,0.000000,0.580247,True
2021-03-05,10.145509,105.464040,2021-03-05 02:43:24.286993920,415.430940,0.000000,0.506173,True
2021-03-05,10.137158,105.451260,2021-03-05 02:43:24.259997696,414.692080,0.000000,0.543210,True
2021-03-05,10.128845,105.438460,2021-03-05 02:43:24.233001216,414.759460,0.000000,0.580247,True
2021-03-05,10.204517,105.515320,2021-03-05 02:43:24.088001024,413.841200,0.000000,0.345679,True
2021-03-05,10.187584,105.489930,2021-03-05 02:43:24.034008064,415.195430,0.000000,0.370370,True
2021-03-05,9.792429,105.685950,2021-03-05 02:43:30.898988032,415.404270,0.000000,0.629630,True
2021-03-05,10.036168,105.601330,2021-03-05 02:43:27.033991936,415.455020,0.000000,0.308642,True
2021-03-05,10.027754,105.588615,2021-03-05 02:43:27.006995456,414.647030,0.000000,0.358025,True
2021-03-05,10.019365,105.575880,2021-03-05 02:43:26.979998976,414.751600,0.000000,0.555556,True
2021-03-05,10.011002,105.563126,2021-03-05 02:43:26.953002496,414.563870,0.000000,0.604938,True
2021-03-05,10.002664,105.550350,2021-03-05 02:43:26.926006016,414.863040,0.000000,0.493827,True
2021-03-05,9.994350,105.537550,2021-03-05 02:43:26.899009792,414.783050,0.000000,0.567901,True
2021-03-05,10.069940,105.614360,2021-03-05 02:43:26.755015424,415.043200,0.000000,0.555556,True
2021-03-05,10.061461,105.601670,2021-03-05 02:43:26.728018688,414.007720,0.000000,0.493827,True
2021-03-05,10.053011,105.588960,2021-03-05 02:43:26.701022464,414.806270,0.000000,0.567901,True
2021-03-05,10.044586,105.576230,2021-03-05 02:43:26.674025984,414.059800,0.000000,0.567901,True
2021-03-05,10.036186,105.563484,2021-03-05 02:43:26.646989312,415.254820,0.000000,0.395062,True
2021-03-05,10.027811,105.550710,2021-03-05 02:43:26.619992832,414.217960,0.000000,0.493827,True
2021-03-05,10.044609,105.614030,2021-03-05 02:43:27.060988160,414.265230,0.000000,0.444444,True
2021-03-05,10.019461,105.537926,2021-03-05 02:43:26.592996352,414.483200,0.000000,0.395062,True
2021-03-05,10.086708,105.601920,2021-03-05 02:43:26.422005760,415.264300,0.000000,0.358025,True
2021-03-05,10.078233,105.589230,2021-03-05 02:43:26.395009024,414.557680,0.000000,0.419753,True
2021-03-05,10.069784,105.576520,2021-03-05 02:43:26.368012544,415.207550,0.000000,0.358025,True
2021-03-05,10.052965,105.551040,2021-03-05 02:43:26.314019840,414.882540,0.000000,0.333333,True
2021-03-05,10.044594,105.538270,2021-03-05 02:43:26.287023616,415.305050,0.000000,0.567901,True
2021-03-05,10.036250,105.525480,2021-03-05 02:43:26.260026880,414.956760,0.000000,0.604938,True
2021-03-05,10.027935,105.512690,2021-03-05 02:43:26.232990208,414.375850,0.000000,0.617284,True
2021-03-05,10.103558,105.589590,2021-03-05 02:43:26.087990016,413.458860,0.000000,0.580247,True
2021-03-05,10.095086,105.576920,2021-03-05 02:43:26.060993792,415.636300,0.000000,0.530864,True
2021-03-05,10.086629,105.564186,2021-03-05 02:43:26.033997312,414.296360,0.000000,0.617284,True
2021-03-05,10.078198,105.551430,2021-03-05 02:43:26.007000832,414.616420,0.000000,0.333333,True
2021-03-05,10.011136,105.525116,2021-03-05 02:43:26.565999872,414.802950,0.000000,0.469136,True
2021-03-05,10.053078,105.626700,2021-03-05 02:43:27.088024832,415.541350,0.000000,0.407407,True
2021-03-05,9.977467,105.549800,2021-03-05 02:43:27.233025024,414.293300,0.000000,0.629630,True
2021-03-05,9.985780,105.562584,2021-03-05 02:43:27.260021760,415.254300,0.000000,0.567901,True
2021-03-05,10.263259,105.452940,2021-03-05 02:43:22.728000256,415.365400,0.000000,0.530864,True
2021-03-05,9.943655,105.612590,2021-03-05 02:43:28.287012608,414.873700,0.000000,0.370370,True
2021-03-05,9.935309,105.599810,2021-03-05 02:43:28.260016128,414.242340,0.000000,0.493827,True
2021-03-05,9.926991,105.587000,2021-03-05 02:43:28.233019904,414.261930,0.000000,0.456790,True
2021-03-05,9.968838,105.612930,2021-03-05 02:43:27.979993600,415.353420,0.000000,0.370370,True
2021-03-05,9.952130,105.587400,2021-03-05 02:43:27.926000640,414.845430,0.000000,0.469136,True
2021-03-05,9.943813,105.574610,2021-03-05 02:43:27.899004160,414.574430,0.000000,0.506173,True
2021-03-05,9.985704,105.600560,2021-03-05 02:43:27.647024128,415.296700,0.000000,0.345679,True
2021-03-05,9.977337,105.587810,2021-03-05 02:43:27.620027648,414.727570,0.000000,0.345679,True
2021-03-05,9.968994,105.575020,2021-03-05 02:43:27.592990976,414.340820,0.000000,0.518519,True
2021-03-05,9.960677,105.562210,2021-03-05 02:43:27.565994496,415.101620,0.000000,0.543210,True
2021-03-05,10.010900,105.600900,2021-03-05 02:43:27.341010688,415.169680,0.000000,0.456790,True
2021-03-05,10.002500,105.588150,2021-03-05 02:43:27.314014464,415.031500,0.000000,0.530864,True
2021-03-05,9.994126,105.575380,2021-03-05 02:43:27.287017984,414.623500,0.000000,0.481481,True
2021-03-05,10.069794,105.538650,2021-03-05 02:43:25.980004352,414.337740,0.000000,0.419753,True
2021-03-05,10.061416,105.525856,2021-03-05 02:43:25.953007872,414.561600,0.000000,0.555556,True
2021-03-05,10.053063,105.513040,2021-03-05 02:43:25.926011648,415.325930,0.000000,0.629630,True
2021-03-05,10.044736,105.500190,2021-03-05 02:43:25.899014912,414.836850,0.000000,0.617284,True
2021-03-05,9.884735,105.674736,2021-03-05 02:43:29.647013120,415.114040,0.000000,0.395062,True
2021-03-05,9.893126,105.687480,2021-03-05 02:43:29.674009856,415.637500,0.000000,0.419753,True
2021-03-05,9.901546,105.700200,2021-03-05 02:43:29.701006080,415.243930,0.000000,0.345679,True
2021-03-05,9.842904,105.648810,2021-03-05 02:43:29.898993408,415.268460,0.000000,0.444444,True
2021-03-05,9.851214,105.661610,2021-03-05 02:43:29.925989888,415.361330,0.000000,0.592593,True
2021-03-05,9.859550,105.674385,2021-03-05 02:43:29.952986368,414.956500,0.000000,0.469136,True
2021-03-05,9.867911,105.687140,2021-03-05 02:43:29.980022784,414.585330,0.000000,0.358025,True
2021-03-05,9.876298,105.699875,2021-03-05 02:43:30.007019264,414.519320,0.000000,0.530864,True
2021-03-05,9.884710,105.712590,2021-03-05 02:43:30.034015744,414.755740,0.000000,0.333333,True
2021-03-05,9.826084,105.661194,2021-03-05 02:43:30.233008896,414.983400,0.000000,0.456790,True
2021-03-05,9.834402,105.674000,2021-03-05 02:43:30.260005120,415.227570,0.000000,0.395062,True
2021-03-05,9.842738,105.686775,2021-03-05 02:43:30.287001600,415.787170,0.000000,0.456790,True
2021-03-05,9.851098,105.699524,2021-03-05 02:43:30.313998336,414.464140,0.000000,0.555556,True
2021-03-05,9.809263,105.673546,2021-03-05 02:43:30.566018560,415.314300,0.000000,0.567901,True
2021-03-05,9.817585,105.686360,2021-03-05 02:43:30.593015040,414.875580,0.000000,0.530864,True
2021-03-05,9.876370,105.661970,2021-03-05 02:43:29.620016896,414.196960,0.000000,0.506173,True
2021-03-05,10.120367,105.577040,2021-03-05 02:43:25.755020544,414.962700,0.000000,0.481481,True
2021-03-05,10.111904,105.564370,2021-03-05 02:43:25.728024320,414.341550,0.000000,0.518519,True
2021-03-05,10.103467,105.551680,2021-03-05 02:43:25.700987648,415.987500,0.000000,0.518519,True
2021-03-05,9.910171,105.599260,2021-03-05 02:43:28.565989120,414.096620,0.000000,0.407407,True
2021-03-05,9.918480,105.612050,2021-03-05 02:43:28.593025792,414.393130,0.000000,0.407407,True
2021-03-05,9.893348,105.611720,2021-03-05 02:43:28.898998784,414.579130,0.000000,0.506173,True
2021-03-05,9.918376,105.650040,2021-03-05 02:43:28.979988224,415.062040,0.000000,0.320988,True
2021-03-05,9.876542,105.624115,2021-03-05 02:43:29.233014272,414.974800,0.000000,0.493827,True
2021-03-05,9.884858,105.636930,2021-03-05 02:43:29.260010752,414.414280,0.000000,0.543210,True
2021-03-05,9.893199,105.649704,2021-03-05 02:43:29.287006976,415.087250,0.000000,0.370370,True
2021-03-05,9.859716,105.636400,2021-03-05 02:43:29.566023936,414.685500,0.000000,0.506173,True
2021-03-05,10.254817,105.440240,2021-03-05 02:43:22.701003776,414.751130,0.000000,0.592593,True
2021-03-05,10.238000,105.414780,2021-03-05 02:43:22.647011072,415.046970,0.000000,0.555556,True
2021-03-05,10.582462,105.141310,2021-03-05 02:43:15.620012288,416.486600,0.000000,0.592593,True
2021-03-05,10.574093,105.128500,2021-03-05 02:43:15.593015808,415.537660,0.000000,0.629630,True
2021-03-05,10.565749,105.115660,2021-03-05 02:43:15.566019584,416.293060,0.000000,0.580247,True
2021-03-05,10.641421,105.192470,2021-03-05 02:43:15.422024960,415.374000,0.000000,0.543210,True
2021-03-05,10.632940,105.179794,2021-03-05 02:43:15.394988288,416.163730,0.000000,0.604938,True
2021-03-05,10.616055,105.154370,2021-03-05 02:43:15.340995584,415.487550,0.000000,0.370370,True
2021-03-05,10.607652,105.141640,2021-03-05 02:43:15.313999104,415.078100,0.000000,0.432099,True
2021-03-05,10.582570,105.103270,2021-03-05 02:43:15.233009920,415.667940,0.000000,0.641975,True
2021-03-05,10.616053,105.116540,2021-03-05 02:43:14.952987136,416.074740,0.000000,0.592593,True
2021-03-05,10.599375,105.090990,2021-03-05 02:43:14.898994176,415.627320,0.000000,0.604938,True
2021-03-05,10.616096,105.078300,2021-03-05 02:43:14.566024704,415.887630,0.000000,0.469136,True
2021-03-05,10.674847,105.129814,2021-03-05 02:43:14.367997440,415.477940,0.000000,0.456790,True
2021-03-05,10.590858,105.154106,2021-03-05 02:43:15.647008768,415.290770,0.000000,0.444444,True
2021-03-05,10.666407,105.117070,2021-03-05 02:43:14.341000960,414.963100,0.000000,0.518519,True
2021-03-05,10.632908,105.065940,2021-03-05 02:43:14.233015040,415.677100,0.000000,0.617284,True
2021-03-05,10.674795,105.091920,2021-03-05 02:43:13.979988992,415.381650,0.000000,0.518519,True
2021-03-05,10.666394,105.079110,2021-03-05 02:43:13.952992512,415.467320,0.000000,0.407407,True
2021-03-05,10.658020,105.066280,2021-03-05 02:43:13.925996032,416.065370,0.000000,0.617284,True
2021-03-05,10.649671,105.053430,2021-03-05 02:43:13.898999808,415.661250,0.000000,0.567901,True
2021-03-05,10.683289,105.066860,2021-03-05 02:43:13.620023296,415.888760,0.000000,0.407407,True
2021-03-05,10.674918,105.054050,2021-03-05 02:43:13.593026560,415.295930,0.000000,0.493827,True
2021-03-05,10.742273,105.118020,2021-03-05 02:43:13.421995520,415.345980,0.000000,0.580247,True
2021-03-05,10.759083,105.105590,2021-03-05 02:43:13.088020224,416.274380,0.000000,0.518519,True
2021-03-05,10.095056,105.538970,2021-03-05 02:43:25.673991168,414.782780,0.000000,0.469136,True
2021-03-05,10.657992,105.104320,2021-03-05 02:43:14.314004480,415.045800,0.000000,0.506173,True
2021-03-05,10.599271,105.166855,2021-03-05 02:43:15.674004992,415.963960,0.000000,0.592593,True
2021-03-05,10.548922,105.128000,2021-03-05 02:43:15.898988800,416.162400,0.000000,0.641975,True
2021-03-05,10.523725,105.241850,2021-03-05 02:43:17.368021248,415.887400,0.000000,0.469136,True
2021-03-05,10.515295,105.229110,2021-03-05 02:43:17.341024768,415.563660,0.000000,0.469136,True
2021-03-05,10.506891,105.216340,2021-03-05 02:43:17.313988096,415.734900,0.000000,0.530864,True
2021-03-05,10.498513,105.203560,2021-03-05 02:43:17.286991872,415.896100,0.000000,0.543210,True
2021-03-05,10.540530,105.229430,2021-03-05 02:43:17.034005760,415.273700,0.000000,0.567901,True
2021-03-05,10.532093,105.216680,2021-03-05 02:43:17.007009536,415.581450,0.000000,0.617284,True
2021-03-05,10.523682,105.203900,2021-03-05 02:43:16.980012800,415.334840,0.000000,0.641975,True
2021-03-05,10.515296,105.191110,2021-03-05 02:43:16.953016576,416.198880,0.000000,0.604938,True
2021-03-05,10.506936,105.178290,2021-03-05 02:43:16.926020096,415.761600,0.000000,0.444444,True
2021-03-05,10.498601,105.165450,2021-03-05 02:43:16.899023616,415.582460,0.000000,0.506173,True
2021-03-05,10.557319,105.216850,2021-03-05 02:43:16.700996096,416.262050,0.000000,0.493827,True
2021-03-05,10.548881,105.204120,2021-03-05 02:43:16.673999872,416.210200,0.000000,0.370370,True
2021-03-05,10.540474,105.191370,2021-03-05 02:43:16.647003136,414.816500,0.000000,0.469136,True
2021-03-05,10.532095,105.178604,2021-03-05 02:43:16.620006912,415.545840,0.000000,0.592593,True
2021-03-05,10.523742,105.165820,2021-03-05 02:43:16.593010432,416.184140,0.000000,0.592593,True
2021-03-05,10.515412,105.153010,2021-03-05 02:43:16.566013952,415.702850,0.000000,0.530864,True
2021-03-05,10.582593,105.217130,2021-03-05 02:43:16.395023104,414.591500,0.000000,0.518519,True
2021-03-05,10.574115,105.204410,2021-03-05 02:43:16.368026624,415.456970,0.000000,0.592593,True
2021-03-05,10.565664,105.191666,2021-03-05 02:43:16.340989952,415.580800,0.000000,0.617284,True
2021-03-05,10.557240,105.178894,2021-03-05 02:43:16.313993728,415.174600,0.000000,0.456790,True
2021-03-05,10.548840,105.166110,2021-03-05 02:43:16.286997248,415.596340,0.000000,0.617284,True
2021-03-05,10.540469,105.153300,2021-03-05 02:43:16.260000768,415.219360,0.000000,0.493827,True
2021-03-05,10.532142,105.140490,2021-03-05 02:43:16.233004288,415.560700,0.000000,0.395062,True
2021-03-05,10.590906,105.191960,2021-03-05 02:43:16.034011392,414.787480,0.000000,0.382716,True
2021-03-05,10.582458,105.179214,2021-03-05 02:43:16.007014656,416.067600,0.000000,0.333333,True
2021-03-05,10.565639,105.153650,2021-03-05 02:43:15.953021952,416.459140,0.000000,0.567901,True
2021-03-05,10.557268,105.140830,2021-03-05 02:43:15.926025472,415.729860,0.000000,0.629630,True
2021-03-05,10.532181,105.254580,2021-03-05 02:43:17.395017728,414.825840,0.000000,0.555556,True
2021-03-05,10.246401,105.427520,2021-03-05 02:43:22.674007296,416.169130,0.000000,0.567901,True
2021-03-05,10.540664,105.267280,2021-03-05 02:43:17.422014208,414.182860,0.000000,0.617284,True
2021-03-05,10.473317,105.203110,2021-03-05 02:43:17.593005056,416.303740,0.000000,0.543210,True
2021-03-05,10.296762,105.352340,2021-03-05 02:43:21.287010304,415.323970,0.000000,0.580247,True
2021-03-05,10.288410,105.339550,2021-03-05 02:43:21.260013824,416.148930,0.000000,0.543210,True
2021-03-05,10.280092,105.326750,2021-03-05 02:43:21.233017344,415.290340,0.000000,0.604938,True
2021-03-05,10.355784,105.403650,2021-03-05 02:43:21.088017152,415.750240,0.000000,0.555556,True
2021-03-05,10.347309,105.390970,2021-03-05 02:43:21.061020928,414.422640,0.000000,0.481481,True
2021-03-05,10.338841,105.378250,2021-03-05 02:43:21.034024192,415.934970,0.000000,0.506173,True
2021-03-05,10.330400,105.365500,2021-03-05 02:43:21.006987520,414.163670,0.000000,0.469136,True
2021-03-05,10.321985,105.352740,2021-03-05 02:43:20.979991296,415.117700,0.000000,0.543210,True
2021-03-05,10.313596,105.339960,2021-03-05 02:43:20.952994816,415.916530,0.000000,0.444444,True
2021-03-05,10.305232,105.327150,2021-03-05 02:43:20.925998336,415.661400,0.000000,0.604938,True
2021-03-05,10.296894,105.314320,2021-03-05 02:43:20.899002112,416.221620,0.000000,0.629630,True
2021-03-05,10.305142,105.365120,2021-03-05 02:43:21.314006784,415.097900,0.000000,0.629630,True
2021-03-05,10.338835,105.340370,2021-03-05 02:43:20.647021824,415.796570,0.000000,0.419753,True
2021-03-05,10.330447,105.327600,2021-03-05 02:43:20.620025344,414.975250,0.000000,0.432099,True
2021-03-05,10.322085,105.314804,2021-03-05 02:43:20.592988672,415.561200,0.000000,0.518519,True
2021-03-05,10.313748,105.301990,2021-03-05 02:43:20.565992448,416.002530,0.000000,0.543210,True
2021-03-05,10.389363,105.378840,2021-03-05 02:43:20.421998080,416.047670,0.000000,0.506173,True
2021-03-05,10.380879,105.366160,2021-03-05 02:43:20.395001344,414.883880,0.000000,0.543210,True
2021-03-05,10.372421,105.353455,2021-03-05 02:43:20.368005120,416.463840,0.000000,0.604938,True
2021-03-05,10.363991,105.340740,2021-03-05 02:43:20.341008640,415.583470,0.000000,0.629630,True
2021-03-05,10.355585,105.328000,2021-03-05 02:43:20.314012160,415.601960,0.000000,0.444444,True
2021-03-05,10.347205,105.315240,2021-03-05 02:43:20.287015680,415.507870,0.000000,0.382716,True
2021-03-05,10.338851,105.302460,2021-03-05 02:43:20.260019200,416.129240,0.000000,0.469136,True
2021-03-05,10.313549,105.377880,2021-03-05 02:43:21.341003264,415.220100,0.000000,0.617284,True
2021-03-05,10.321980,105.390610,2021-03-05 02:43:21.367999488,414.855530,0.000000,0.641975,True
2021-03-05,10.330439,105.403320,2021-03-05 02:43:21.394996224,415.983760,0.000000,0.506173,True
2021-03-05,10.229617,105.402020,2021-03-05 02:43:22.620014592,415.410300,0.000000,0.370370,True
2021-03-05,10.221260,105.389244,2021-03-05 02:43:22.593018112,415.459930,0.000000,0.395062,True
2021-03-05,10.212928,105.376440,2021-03-05 02:43:22.566021632,415.013800,0.000000,0.382716,True
2021-03-05,10.288523,105.453280,2021-03-05 02:43:22.422027264,415.292820,0.000000,0.432099,True
2021-03-05,10.271572,105.427840,2021-03-05 02:43:22.367994368,414.833530,0.000000,0.444444,True
2021-03-05,10.263136,105.415090,2021-03-05 02:43:22.340997632,415.296780,0.000000,0.506173,True
2021-03-05,10.254726,105.402320,2021-03-05 02:43:22.314001408,414.880280,0.000000,0.555556,True
2021-03-05,10.246344,105.389530,2021-03-05 02:43:22.287004928,415.645900,0.000000,0.580247,True
2021-03-05,10.237987,105.376724,2021-03-05 02:43:22.260008448,415.539950,0.000000,0.580247,True
2021-03-05,10.229671,105.363930,2021-03-05 02:43:22.233011968,414.788100,0.000000,0.580247,True
2021-03-05,10.305345,105.440860,2021-03-05 02:43:22.088011776,415.185180,0.000000,0.518519,True
2021-03-05,10.296870,105.428185,2021-03-05 02:43:22.061015296,414.317020,0.000000,0.567901,True
2021-03-05,10.288411,105.415480,2021-03-05 02:43:22.034019072,415.233460,0.000000,0.617284,True
2021-03-05,10.279979,105.402750,2021-03-05 02:43:22.007022336,415.199130,0.000000,0.604938,True
2021-03-05,10.271572,105.390000,2021-03-05 02:43:21.980026112,415.182130,0.000000,0.617284,True
2021-03-05,10.263191,105.377235,2021-03-05 02:43:21.952989440,415.456330,0.000000,0.617284,True
2021-03-05,10.254835,105.364440,2021-03-05 02:43:21.925992960,416.126860,0.000000,0.530864,True
2021-03-05,10.246504,105.351630,2021-03-05 02:43:21.898996480,415.596530,0.000000,0.580247,True
2021-03-05,10.322132,105.428444,2021-03-05 02:43:21.755002112,415.366520,0.000000,0.629630,True
2021-03-05,10.313650,105.415750,2021-03-05 02:43:21.728005632,415.584470,0.000000,0.567901,True
2021-03-05,10.305195,105.403040,2021-03-05 02:43:21.701009152,415.515720,0.000000,0.543210,True
2021-03-05,10.296766,105.390305,2021-03-05 02:43:21.674012928,415.058170,0.000000,0.530864,True
2021-03-05,10.288362,105.377556,2021-03-05 02:43:21.647016448,415.863040,0.000000,0.518519,True
2021-03-05,10.279983,105.364790,2021-03-05 02:43:21.620019968,416.129300,0.000000,0.530864,True
2021-03-05,10.271628,105.352005,2021-03-05 02:43:21.593023488,415.081450,0.000000,0.432099,True
2021-03-05,10.263299,105.339190,2021-03-05 02:43:21.565986816,415.663120,0.000000,0.543210,True
2021-03-05,10.338923,105.416016,2021-03-05 02:43:21.421992448,414.686740,0.000000,0.629630,True
2021-03-05,10.330524,105.289650,2021-03-05 02:43:20.233022976,414.686370,0.000000,0.456790,True
2021-03-05,10.406196,105.366486,2021-03-05 02:43:20.088022784,415.714170,0.000000,0.543210,True
2021-03-05,10.397714,105.353800,2021-03-05 02:43:20.061026048,415.059940,0.000000,0.580247,True
2021-03-05,10.389251,105.341080,2021-03-05 02:43:20.033989376,416.083950,0.000000,0.580247,True
2021-03-05,10.448078,105.278710,2021-03-05 02:43:18.673988864,415.996900,0.000000,0.530864,True
2021-03-05,10.439667,105.265950,2021-03-05 02:43:18.646992384,415.251700,0.000000,0.518519,True
2021-03-05,10.431280,105.253174,2021-03-05 02:43:18.619996160,416.494260,0.000000,0.617284,True
2021-03-05,10.422919,105.240380,2021-03-05 02:43:18.592999424,415.012450,0.000000,0.617284,True
2021-03-05,10.414583,105.227554,2021-03-05 02:43:18.566003200,416.377750,0.000000,0.530864,True
2021-03-05,10.490244,105.304410,2021-03-05 02:43:18.422008832,416.074830,0.000000,0.629630,True
2021-03-05,10.481765,105.291756,2021-03-05 02:43:18.395012352,414.621920,0.000000,0.481481,True
2021-03-05,10.473312,105.279076,2021-03-05 02:43:18.368015872,416.620760,0.000000,0.604938,True
2021-03-05,10.464887,105.266380,2021-03-05 02:43:18.341019392,415.275450,0.000000,0.592593,True
2021-03-05,10.456486,105.253660,2021-03-05 02:43:18.314022912,416.064200,0.000000,0.481481,True
2021-03-05,10.448110,105.240920,2021-03-05 02:43:18.287026688,416.414100,0.000000,0.469136,True
2021-03-05,10.439758,105.228160,2021-03-05 02:43:18.259990016,415.651670,0.000000,0.506173,True
2021-03-05,10.431429,105.215330,2021-03-05 02:43:18.232993536,415.958600,0.000000,0.617284,True
2021-03-05,10.507124,105.292140,2021-03-05 02:43:18.087993088,415.820700,0.000000,0.592593,True
2021-03-05,10.498639,105.279440,2021-03-05 02:43:18.060996864,415.562840,0.000000,0.617284,True
2021-03-05,10.490173,105.266740,2021-03-05 02:43:18.034000384,416.869700,0.000000,0.617284,True
2021-03-05,10.481734,105.254010,2021-03-05 02:43:18.007003904,414.503140,0.000000,0.592593,True
2021-03-05,10.473321,105.241264,2021-03-05 02:43:17.980007680,416.134120,0.000000,0.592593,True
2021-03-05,10.464933,105.228500,2021-03-05 02:43:17.953010944,416.323060,0.000000,0.641975,True
2021-03-05,10.456570,105.215710,2021-03-05 02:43:17.926014720,416.665370,0.000000,0.567901,True
2021-03-05,10.448232,105.202910,2021-03-05 02:43:17.899018240,415.830540,0.000000,0.518519,True
2021-03-05,10.523876,105.279594,2021-03-05 02:43:17.755023872,415.113220,0.000000,0.617284,True
2021-03-05,10.515381,105.266870,2021-03-05 02:43:17.728027392,415.616640,0.000000,0.629630,True
2021-03-05,10.506913,105.254120,2021-03-05 02:43:17.700990720,415.061770,0.000000,0.604938,True
2021-03-05,10.498472,105.241350,2021-03-05 02:43:17.673994240,416.263850,0.000000,0.617284,True
2021-03-05,10.490061,105.228610,2021-03-05 02:43:17.646998016,415.284670,0.000000,0.641975,True
2021-03-05,10.481677,105.215866,2021-03-05 02:43:17.620001280,415.596680,0.000000,0.580247,True
2021-03-05,10.464982,105.190330,2021-03-05 02:43:17.566008576,415.380600,0.000000,0.555556,True
2021-03-05,10.473466,105.316850,2021-03-05 02:43:18.755018496,413.832100,0.000000,0.493827,True
2021-03-05,10.406123,105.252785,2021-03-05 02:43:18.926009088,415.616200,0.000000,0.629630,True
2021-03-05,10.380815,105.328350,2021-03-05 02:43:20.006993152,415.464940,0.000000,0.580247,True
2021-03-05,10.372404,105.315590,2021-03-05 02:43:19.979996672,414.995730,0.000000,0.567901,True
2021-03-05,10.364019,105.302810,2021-03-05 02:43:19.953000192,416.391140,0.000000,0.580247,True
2021-03-05,10.355659,105.290016,2021-03-05 02:43:19.926003968,414.917600,0.000000,0.432099,True
2021-03-05,10.347324,105.277190,2021-03-05 02:43:19.899007232,416.570130,0.000000,0.617284,True
2021-03-05,10.423019,105.354060,2021-03-05 02:43:19.755012864,415.285680,0.000000,0.432099,True
2021-03-05,10.414546,105.341380,2021-03-05 02:43:19.728016640,415.892970,0.000000,0.481481,True
2021-03-05,10.406100,105.328680,2021-03-05 02:43:19.701020160,415.597200,0.000000,0.543210,True
2021-03-05,10.397680,105.315956,2021-03-05 02:43:19.674023680,415.924700,0.000000,0.580247,True
2021-03-05,10.389276,105.303215,2021-03-05 02:43:19.646987008,415.505370,0.000000,0.567901,True
2021-03-05,10.380891,105.290440,2021-03-05 02:43:19.619990528,416.281040,0.000000,0.629630,True
2021-03-05,10.372532,105.277650,2021-03-05 02:43:19.592994304,415.266240,0.000000,0.506173,True
2021-03-05,10.364198,105.264840,2021-03-05 02:43:19.565997568,416.273220,0.000000,0.530864,True
2021-03-05,10.439830,105.341660,2021-03-05 02:43:19.422003200,414.769900,0.000000,0.530864,True
2021-03-05,10.431337,105.328960,2021-03-05 02:43:19.395006976,414.281160,0.000000,0.629630,True
2021-03-05,10.422872,105.316240,2021-03-05 02:43:19.368010496,416.119900,0.000000,0.580247,True
2021-03-05,10.414433,105.303505,2021-03-05 02:43:19.341014016,416.320530,0.000000,0.543210,True
2021-03-05,10.406018,105.290750,2021-03-05 02:43:19.314017536,415.931600,0.000000,0.617284,True
2021-03-05,10.397631,105.277970,2021-03-05 02:43:19.287021056,415.805420,0.000000,0.629630,True
2021-03-05,10.389269,105.265170,2021-03-05 02:43:19.260024832,415.920620,0.000000,0.617284,True
2021-03-05,10.380939,105.252340,2021-03-05 02:43:19.232988160,414.598660,0.000000,0.629630,True
2021-03-05,10.456596,105.329124,2021-03-05 02:43:19.087987968,415.392030,0.000000,0.345679,True
2021-03-05,10.448113,105.316430,2021-03-05 02:43:19.060991232,415.298160,0.000000,0.469136,True
2021-03-05,10.439663,105.303740,2021-03-05 02:43:19.033995008,414.848660,0.000000,0.580247,True
2021-03-05,10.431240,105.291030,2021-03-05 02:43:19.006998528,415.436340,0.000000,0.604938,True
2021-03-05,10.422842,105.278305,2021-03-05 02:43:18.980002048,415.219270,0.000000,0.629630,True
2021-03-05,10.414471,105.265560,2021-03-05 02:43:18.953005824,414.922030,0.000000,0.641975,True
2021-03-05,10.397801,105.239990,2021-03-05 02:43:18.899012864,416.121200,0.000000,0.617284,True
2021-03-05,10.086652,105.526230,2021-03-05 02:43:25.646994688,415.680450,0.000000,0.481481,True
2021-03-06,12.957860,109.187300,2021-03-06 01:55:57.563026176,416.194800,0.000000,0.481481,True
2021-03-06,12.966351,109.200120,2021-03-06 01:55:57.590022656,416.255250,0.000000,0.308642,True
2021-03-06,12.974865,109.212906,2021-03-06 01:55:57.617019136,414.605500,0.000000,0.506173,True
2021-03-06,12.983403,109.225680,2021-03-06 01:55:57.644015616,416.059080,0.000000,0.382716,True
2021-03-06,13.000547,109.251144,2021-03-06 01:55:57.698008576,414.374450,0.000000,0.382716,True
2021-03-06,13.009155,109.263840,2021-03-06 01:55:57.725004800,414.254430,0.000000,0.481481,True
2021-03-06,12.941171,109.199990,2021-03-06 01:55:57.895995648,416.040950,0.000000,0.456790,True
2021-03-06,12.991565,109.200230,2021-03-06 01:55:57.283003648,415.202550,0.000000,0.469136,True
2021-03-06,12.958139,109.225540,2021-03-06 01:55:57.949988608,416.054400,0.000000,0.592593,True
2021-03-06,12.975207,109.251015,2021-03-06 01:55:58.004021760,416.985800,0.000000,0.506173,True
2021-03-06,12.983779,109.263720,2021-03-06 01:55:58.031017984,415.637120,0.000000,0.469136,True
2021-03-06,12.992375,109.276400,2021-03-06 01:55:58.058014464,415.523300,0.000000,0.308642,True
2021-03-06,13.001010,109.289080,2021-03-06 01:55:58.085010944,416.201660,0.000000,0.567901,True
2021-03-06,12.924437,109.212585,2021-03-06 01:55:58.229005312,416.778530,0.000000,0.604938,True
2021-03-06,12.932925,109.225395,2021-03-06 01:55:58.256001792,416.191100,0.000000,0.629630,True
2021-03-06,12.941441,109.238190,2021-03-06 01:55:58.282998016,416.214600,0.000000,0.481481,True
2021-03-06,12.949983,109.250980,2021-03-06 01:55:58.309994752,416.057650,0.000000,0.580247,True
2021-03-06,12.958549,109.263730,2021-03-06 01:55:58.336990976,415.398620,0.000000,0.604938,True
2021-03-06,12.966661,109.238290,2021-03-06 01:55:57.977025280,415.391660,0.000000,0.543210,True
2021-03-06,12.967141,109.276474,2021-03-06 01:55:58.363987456,415.274840,0.000000,0.629630,True
2021-03-06,13.042533,109.238460,2021-03-06 01:55:57.058019840,416.876070,0.000000,0.407407,True
2021-03-06,13.067342,109.200400,2021-03-06 01:55:56.363998464,416.125730,0.000000,0.432099,True
2021-03-06,13.084598,109.225780,2021-03-06 01:55:56.417991168,415.853970,0.000000,0.580247,True
2021-03-06,13.007992,109.149300,2021-03-06 01:55:56.562991360,416.198500,0.000000,0.456790,True
2021-03-06,13.051169,109.251140,2021-03-06 01:55:57.085016320,415.566400,0.000000,0.444444,True
2021-03-06,13.042088,109.200450,2021-03-06 01:55:56.671017472,415.269200,0.000000,0.320988,True
2021-03-06,13.050669,109.213165,2021-03-06 01:55:56.698013696,416.222630,0.000000,0.592593,True
2021-03-06,13.059275,109.225860,2021-03-06 01:55:56.725010432,414.174300,0.000000,0.518519,True
2021-03-06,13.067907,109.238530,2021-03-06 01:55:56.752006656,416.492300,0.000000,0.518519,True
2021-03-06,13.033927,109.225770,2021-03-06 01:55:57.031023616,415.724640,0.000000,0.345679,True
2021-03-06,12.917562,109.352510,2021-03-06 01:55:59.751990272,414.594640,0.000000,0.320988,True
2021-03-06,12.916274,109.238174,2021-03-06 01:55:58.590017280,415.967320,0.000000,0.506173,True
2021-03-06,12.924774,109.250950,2021-03-06 01:55:58.617013760,415.905500,0.000000,0.592593,True
2021-03-06,12.933299,109.263710,2021-03-06 01:55:58.644009984,415.882840,0.000000,0.592593,True
2021-03-06,12.941851,109.276440,2021-03-06 01:55:58.671006720,415.683600,0.000000,0.444444,True
2021-03-06,12.934248,109.339836,2021-03-06 01:55:59.418015232,416.730160,0.000000,0.456790,True
2021-03-06,13.301709,109.061000,2021-03-06 01:55:52.085003264,415.245030,0.000000,0.358025,True
2021-03-07,12.591150,108.395410,2021-03-07 06:15:05.281993984,413.118680,0.000000,0.432099,True
2021-03-07,12.551883,108.403670,2021-03-07 06:15:05.002011392,414.313320,0.000000,0.320988,True
2021-03-07,12.590001,108.395590,2021-03-07 06:15:04.894991104,413.853820,0.000000,0.382716,True
2021-03-07,12.550774,108.404190,2021-03-07 06:15:04.615008768,414.700680,0.000000,0.358025,True
2021-03-07,12.549677,108.404440,2021-03-07 06:15:04.228006400,414.841280,0.000000,0.345679,True
2021-03-07,13.959613,108.092000,2021-03-07 06:15:27.562017792,414.529270,0.000000,0.580247,True
2021-03-07,13.950256,108.094610,2021-03-07 06:15:27.588008448,414.006930,0.000000,0.592593,True
2021-03-07,13.970602,108.090180,2021-03-07 06:15:27.921018112,414.487030,0.000000,0.604938,True
2021-03-07,13.961222,108.092720,2021-03-07 06:15:27.948014592,413.932680,0.000000,0.629630,True
2021-03-07,13.951764,108.095190,2021-03-07 06:15:27.975010816,414.360260,0.000000,0.641975,True
2021-03-07,13.942375,108.097560,2021-03-07 06:15:28.002007296,414.417800,0.000000,0.320988,True
2021-03-07,13.981569,108.088295,2021-03-07 06:15:28.281989632,414.655150,0.000000,0.506173,True
2021-03-07,13.972114,108.090775,2021-03-07 06:15:28.309026304,414.385070,0.000000,0.617284,True
2021-03-07,13.962727,108.093150,2021-03-07 06:15:28.336022784,413.891970,0.000000,0.641975,True
2021-03-07,13.953294,108.095440,2021-03-07 06:15:28.363019264,414.365480,0.000000,0.604938,True
2021-03-07,13.943842,108.097650,2021-03-07 06:15:28.389009920,413.796800,0.000000,0.358025,True
2021-03-07,12.552969,108.402850,2021-03-07 06:15:05.389013760,414.784520,0.000000,0.345679,True
2021-03-07,13.983033,108.088720,2021-03-07 06:15:28.668992256,414.507840,0.000000,0.444444,True
2021-03-07,13.973598,108.091030,2021-03-07 06:15:28.695988736,413.766540,0.000000,0.617284,True
2021-03-07,13.964144,108.093240,2021-03-07 06:15:28.723025408,414.003880,0.000000,0.617284,True
2021-03-07,13.954688,108.095370,2021-03-07 06:15:28.749015808,414.357540,0.000000,0.617284,True
2021-03-07,13.974990,108.090960,2021-03-07 06:15:29.082991104,414.180480,0.000000,0.617284,True
2021-03-07,11.262024,108.689095,2021-03-07 06:14:42.894990080,415.366500,0.000000,0.333333,True
2021-03-14,10.465887,107.299126,2021-03-14 06:20:44.416022272,415.617500,0.000000,0.308642,True
2021-03-14,10.464429,107.309070,2021-03-14 06:20:43.642017280,417.293370,0.000000,0.320988,True
2021-03-14,10.463846,107.313390,2021-03-14 06:20:43.255014656,417.706120,0.000000,0.333333,True
2021-03-14,10.526310,107.286010,2021-03-14 06:20:45.416016896,416.177550,0.000000,0.358025,True
2021-03-16,11.330901,108.441185,2021-03-16 06:08:53.308996096,415.147200,0.000000,0.481481,True
2021-03-16,11.306747,108.453410,2021-03-16 06:08:52.228012288,414.617250,0.000000,0.407407,True
2021-03-16,11.259066,108.462746,2021-03-16 06:08:51.588023808,415.329830,0.000000,0.320988,True
2021-03-22,10.486232,106.528520,2021-03-22 09:02:24.896015616,415.097720,0.000000,0.320988,True
2021-03-22,10.525791,106.538080,2021-03-22 09:02:25.589996800,415.784400,0.000000,0.320988,True
2021-03-22,10.502951,106.541016,2021-03-22 09:02:25.229025024,414.588070,0.000000,0.481481,True
2021-03-22,10.509068,106.525590,2021-03-22 09:02:25.256021504,415.934840,0.000000,0.308642,True
2021-03-22,10.519672,106.553510,2021-03-22 09:02:25.563000320,415.149870,0.000000,0.395062,True
2021-03-22,10.572366,106.473800,2021-03-22 09:02:26.057988608,415.383540,0.000000,0.308642,True
2021-03-22,10.565304,106.547670,2021-03-22 09:02:26.283012608,415.240200,0.000000,0.395062,True
2021-03-22,10.571325,106.532295,2021-03-22 09:02:26.310009088,416.159700,0.000000,0.518519,True
2021-03-22,10.695329,106.546070,2021-03-22 09:02:28.418023936,414.938870,0.000000,0.345679,True
2021-03-22,10.220583,106.034870,2021-03-22 09:02:40.084989440,413.987850,0.000000,0.345679,True
2021-03-22,10.588057,106.544800,2021-03-22 09:02:26.644024576,414.119260,0.000000,0.444444,True
2021-03-22,10.594030,106.529440,2021-03-22 09:02:26.671021056,414.942400,0.000000,0.308642,True
2021-03-22,10.599954,106.514114,2021-03-22 09:02:26.698017280,415.363830,0.000000,0.333333,True
2021-03-22,10.610762,106.541954,2021-03-22 09:02:27.003990528,415.014000,0.000000,0.358025,True
2021-03-22,10.616687,106.526620,2021-03-22 09:02:27.031027200,415.368900,0.000000,0.308642,True
2021-03-22,10.500560,106.626370,2021-03-22 09:02:01.004010752,416.320650,0.000000,0.567901,True
2021-03-22,10.531582,106.608795,2021-03-22 09:02:01.058003712,414.987670,0.000000,0.333333,True
2021-03-22,10.404326,106.744960,2021-03-22 09:01:40.616996096,414.476600,0.000000,0.432099,True
2021-03-22,10.385610,106.750656,2021-03-22 09:01:40.589999616,414.429440,0.000000,0.382716,True
2021-03-22,10.366872,106.756310,2021-03-22 09:01:40.563003136,414.482900,0.000000,0.481481,True
2021-03-22,10.368883,106.738160,2021-03-22 09:01:40.256024320,414.291750,0.000000,0.518519,True
2021-03-22,10.350146,106.743820,2021-03-22 09:01:40.228987648,414.279270,0.000000,0.506173,True
2021-03-22,10.316709,106.718870,2021-03-22 09:01:39.563008512,413.801480,0.000000,0.345679,True
2021-03-22,10.287294,106.657640,2021-03-22 09:01:38.282991360,415.238280,0.000000,0.395062,True
2021-03-22,10.345217,106.621910,2021-03-22 09:01:38.058007808,414.637360,0.000000,0.432099,True
2021-03-22,10.307939,106.633630,2021-03-22 09:01:38.004014848,414.521480,0.000000,0.432099,True
2021-03-22,10.309870,106.615330,2021-03-22 09:01:37.698001664,414.538900,0.000000,0.493827,True
2021-03-22,10.330385,106.591064,2021-03-22 09:01:37.418019328,415.257140,0.000000,0.456790,True
2021-03-22,10.311772,106.596990,2021-03-22 09:01:37.391022592,415.393000,0.000000,0.407407,True
2021-03-22,10.326588,106.627790,2021-03-22 09:01:38.031011072,415.181100,0.000000,0.592593,True
2021-03-22,10.530294,106.587520,2021-03-22 09:02:00.751990272,415.807340,0.000000,0.419753,True
2021-03-22,10.514858,106.596320,2021-03-22 09:02:00.724994048,415.606870,0.000000,0.506173,True
2021-03-22,10.387729,106.623924,2021-03-22 09:01:59.895990016,414.801360,0.000000,0.592593,True
2021-03-22,10.386742,106.602710,2021-03-22 09:01:59.590017280,415.287780,0.000000,0.543210,True
2021-03-22,10.354271,106.598950,2021-03-22 09:01:59.229005312,414.001950,0.000000,0.456790,True
2021-03-22,10.400191,106.551450,2021-03-22 09:01:59.004021760,415.859740,0.000000,0.333333,True
2021-03-22,10.384605,106.560230,2021-03-22 09:01:58.977025024,415.071100,0.000000,0.469136,True
2021-03-22,10.368969,106.568985,2021-03-22 09:01:58.949988352,415.253800,0.000000,0.432099,True
2021-03-22,10.370012,106.590220,2021-03-22 09:01:59.256001792,415.302000,0.000000,0.481481,True
2021-03-22,10.383457,106.538960,2021-03-22 09:01:58.671011840,415.203200,0.000000,0.444444,True
2021-03-22,10.367872,106.547740,2021-03-22 09:01:58.644015616,415.146120,0.000000,0.395062,True
2021-03-30,10.720284,106.297390,2021-03-30 05:57:35.968997120,415.488000,0.000000,0.617284,True
2021-03-30,15.559581,108.527100,2021-03-30 05:58:04.861014784,416.235050,0.000000,0.308642,True
2021-03-30,10.362684,105.608570,2021-03-30 06:20:49.642024960,415.114170,0.000000,0.506173,True
2021-03-30,10.361314,105.597534,2021-03-30 06:20:50.028987136,414.072540,0.000000,0.469136,True
2021-03-30,10.341298,105.590454,2021-03-30 06:20:50.083020288,413.070280,0.000000,0.308642,True
2021-04-19,15.922131,108.238840,2021-04-19 08:08:38.340995840,423.039920,0.000000,0.407407,True
2021-04-24,22.812838,104.234690,2021-04-24 06:18:02.416015872,418.799300,0.000000,0.493827,True
2021-04-24,22.701430,104.263190,2021-04-24 06:18:00.416026624,417.880280,0.000000,0.320988,True
2021-04-24,22.711731,104.265310,2021-04-24 06:18:00.388989952,419.188570,0.000000,0.395062,True
2021-04-24,22.619072,104.290360,2021-04-24 06:17:58.723016192,418.037700,0.000000,0.518519,True
2021-04-24,22.610762,104.297290,2021-04-24 06:17:58.363010304,417.307370,0.000000,0.469136,True
2021-04-24,22.620955,104.299050,2021-04-24 06:17:58.336013824,416.246340,0.000000,0.444444,True
2021-04-24,22.612583,104.306040,2021-04-24 06:17:57.975001856,417.802060,0.000000,0.407407,True
2021-04-24,22.622843,104.307670,2021-04-24 06:17:57.948005376,418.108000,0.000000,0.320988,True
2021-04-24,22.614690,104.315050,2021-04-24 06:17:57.587999232,418.984600,0.000000,0.333333,True
2021-04-24,10.515376,107.243004,2021-04-24 06:14:21.562013696,415.738740,0.000000,0.543210,True
2021-04-24,10.496630,107.247360,2021-04-24 06:14:21.227998208,417.108900,0.000000,0.592593,True
2021-04-24,10.459205,107.256096,2021-04-24 06:14:20.562019072,415.698940,0.000000,0.320988,True
2021-04-24,10.544592,107.176960,2021-04-24 06:14:23.055990784,417.239620,0.000000,0.419753,True
2021-04-24,10.552115,107.185220,2021-04-24 06:14:23.028994048,417.818660,0.000000,0.345679,True
2021-04-24,10.525835,107.181300,2021-04-24 06:14:22.723021312,417.111400,0.000000,0.320988,True
2021-04-26,10.389803,106.751030,2021-04-26 05:50:09.461018624,415.567630,0.000000,0.345679,True
2021-04-26,10.361091,106.751320,2021-04-26 05:50:10.101007104,416.108580,0.000000,0.456790,True
2021-04-26,10.406227,106.737900,2021-04-26 05:50:09.128008960,416.754180,0.000000,0.555556,True
2021-04-26,10.438573,106.732765,2021-04-26 05:50:30.938994944,415.844500,0.000000,0.407407,True
2021-05-04,11.198289,108.247284,2021-05-04 02:45:30.809019648,419.428280,0.000000,0.382716,True
2021-05-04,11.146752,108.170970,2021-05-04 02:45:30.647000832,418.865420,0.000000,0.370370,True
2021-05-04,11.215063,108.234870,2021-05-04 02:45:30.476009728,418.827480,0.000000,0.432099,True
2021-05-10,11.263696,108.709460,2021-05-10 06:14:30.002000128,418.162630,0.000000,0.320988,True
2021-05-10,12.739148,108.427230,2021-05-10 06:14:53.895010816,417.586330,0.000000,0.382716,True
2021-05-10,12.719061,108.431660,2021-05-10 06:14:53.562000896,416.044250,0.000000,0.419753,True
2021-05-26,19.014767,105.528680,2021-05-26 06:16:20.895021312,419.253970,0.000000,0.493827,True
2021-05-26,18.962980,105.468480,2021-05-26 06:16:21.082990592,418.619300,0.000000,0.444444,True
2021-05-26,18.977505,105.486020,2021-05-26 06:16:21.028997888,418.710700,0.000000,0.530864,True
2021-05-26,18.999690,105.511850,2021-05-26 06:16:20.948008448,418.385650,0.000000,0.345679,True
2021-05-26,18.992203,105.503270,2021-05-26 06:16:20.975005184,418.520600,0.000000,0.456790,True
2021-05-26,19.033420,105.524055,2021-05-26 06:16:21.227991040,418.505580,0.000000,0.432099,True
2021-05-26,18.984838,105.494700,2021-05-26 06:16:21.002001408,418.607760,0.000000,0.518519,True
2021-05-26,19.025866,105.515700,2021-05-26 06:16:21.254987520,418.988530,0.000000,0.395062,True
2021-05-26,19.044512,105.511086,2021-05-26 06:16:21.587996928,418.954500,0.000000,0.555556,True
2021-05-26,18.981585,105.463910,2021-05-26 06:16:21.416000256,418.920720,0.000000,0.493827,True
2021-05-26,19.052073,105.519430,2021-05-26 06:16:21.562006528,418.638060,0.000000,0.395062,True
2021-05-26,18.951609,105.481865,2021-05-26 06:16:20.723024896,418.368530,0.000000,0.395062,True
2021-05-26,19.036970,105.502625,2021-05-26 06:16:21.614993664,418.743440,0.000000,0.580247,True
2021-05-26,19.029478,105.494064,2021-05-26 06:16:21.641989888,418.700740,0.000000,0.592593,True
2021-05-26,19.022106,105.485504,2021-05-26 06:16:21.669026560,418.713000,0.000000,0.506173,True
2021-05-26,19.018328,105.507230,2021-05-26 06:16:21.282024192,419.150480,0.000000,0.395062,True
2021-05-26,18.958885,105.490610,2021-05-26 06:16:20.695988224,417.936600,0.000000,0.419753,True
2021-05-26,18.947601,105.503870,2021-05-26 06:16:20.336022272,419.203280,0.000000,0.358025,True
2021-05-26,18.973572,105.507880,2021-05-26 06:16:20.641995520,418.841740,0.000000,0.419753,True
2021-05-26,19.048195,105.489410,2021-05-26 06:16:21.974999552,419.522600,0.000000,0.382716,True
2021-05-26,18.940228,105.547070,2021-05-26 06:16:19.562017536,419.198820,0.000000,0.469136,True
2021-05-26,18.966213,105.499290,2021-05-26 06:16:20.668991744,418.096300,0.000000,0.469136,True
2021-05-26,18.958850,105.542480,2021-05-26 06:16:19.895026944,418.959350,0.000000,0.382716,True
2021-05-26,18.977484,105.537890,2021-05-26 06:16:20.227996416,419.583920,0.000000,0.456790,True
2021-05-26,18.969948,105.529520,2021-05-26 06:16:20.254992896,419.154630,0.000000,0.543210,True
2021-05-26,18.962430,105.521034,2021-05-26 06:16:20.281989376,419.568480,0.000000,0.432099,True
2021-05-26,18.954956,105.512450,2021-05-26 06:16:20.309026048,419.348200,0.000000,0.506173,True
2021-05-26,18.940280,105.495170,2021-05-26 06:16:20.363018752,418.740230,0.000000,0.382716,True
2021-05-26,18.933010,105.486420,2021-05-26 06:16:20.389009408,418.390700,0.000000,0.395062,True
2021-05-26,18.996117,105.533300,2021-05-26 06:16:20.562011904,418.857820,0.000000,0.444444,True
2021-05-26,18.988575,105.524940,2021-05-26 06:16:20.588002560,418.426000,0.000000,0.407407,True
2021-05-26,18.981050,105.516460,2021-05-26 06:16:20.614998784,418.863200,0.000000,0.506173,True
2021-05-26,18.951323,105.534100,2021-05-26 06:16:19.921017600,419.254550,0.000000,0.481481,True
2021-05-26,18.921665,105.551610,2021-05-26 06:16:19.228001792,418.420750,0.000000,0.407407,True
2021-05-29,11.633597,108.978630,2021-05-29 05:58:59.127990784,416.757420,0.000000,0.493827,True
2021-05-29,11.587645,108.906310,2021-05-29 05:58:57.849019648,415.698300,0.000000,0.345679,True
2021-05-29,11.577089,108.917435,2021-05-29 05:58:57.822022912,416.076320,0.000000,0.407407,True
2021-05-29,11.534601,108.961720,2021-05-29 05:58:57.713997056,416.218720,0.000000,0.456790,True
2021-05-29,11.668805,109.061920,2021-05-29 05:59:00.380005632,417.082180,0.000000,0.456790,True
2021-05-29,11.751058,109.066330,2021-05-29 05:59:01.460989440,416.410220,0.000000,0.382716,True
2021-05-29,11.734265,109.053790,2021-05-29 05:59:01.128019968,416.222960,0.000000,0.518519,True
2021-05-29,11.562042,108.963190,2021-05-29 05:58:58.074003200,416.807740,0.000000,0.320988,True
2021-05-29,11.516183,108.890976,2021-05-29 05:58:56.794991616,415.542850,0.000000,0.518519,True
2021-05-29,11.505570,108.902060,2021-05-29 05:58:56.767995392,416.345760,0.000000,0.419753,True
2021-05-29,11.482563,108.865970,2021-05-29 05:58:56.128006912,414.873800,0.000000,0.308642,True
2021-05-29,11.465834,108.853424,2021-05-29 05:58:55.794997248,414.969100,0.000000,0.345679,True
2021-05-29,11.471950,108.877050,2021-05-29 05:58:56.101010432,415.701300,0.000000,0.345679,True
2021-06-17,19.887497,105.821450,2021-06-17 08:54:35.894012928,415.409030,0.000000,0.543210,True
2021-06-17,19.878735,105.808420,2021-06-17 08:54:35.867016448,415.680700,0.000000,0.382716,True
2021-06-17,19.930160,105.846700,2021-06-17 08:54:35.641992448,416.844360,0.000000,0.308642,True
2021-06-17,19.921326,105.833750,2021-06-17 08:54:35.614996224,414.551640,0.000000,0.407407,True
2021-06-17,19.894972,105.794754,2021-06-17 08:54:35.534007040,415.727020,0.000000,0.469136,True
2021-06-17,19.911203,105.781006,2021-06-17 08:54:35.200997376,415.687320,0.000000,0.382716,True
2021-06-17,19.917656,105.714386,2021-06-17 08:54:34.453022976,415.631380,0.000000,0.580247,True
2021-06-17,19.926346,105.727490,2021-06-17 08:54:34.480019456,415.860050,0.000000,0.358025,True
2021-06-17,19.943794,105.753650,2021-06-17 08:54:34.534012416,416.556200,0.000000,0.358025,True
2021-06-17,19.901327,105.728060,2021-06-17 08:54:34.785992704,415.787260,0.000000,0.518519,True
2021-06-17,19.910017,105.741140,2021-06-17 08:54:34.812988928,415.957120,0.000000,0.555556,True
2021-06-17,19.935059,105.740580,2021-06-17 08:54:34.507015936,416.179930,0.000000,0.395062,True
2021-06-17,19.905100,105.847460,2021-06-17 08:54:35.948005888,415.722320,0.000000,0.370370,True
2021-06-17,19.848820,105.915230,2021-06-17 08:54:37.309012480,416.118530,0.000000,0.320988,True
2021-06-17,19.838705,105.862610,2021-06-17 08:54:36.894007808,416.596130,0.000000,0.308642,True
2021-06-17,19.862480,105.822130,2021-06-17 08:54:36.200991744,415.085000,0.000000,0.308642,True
2021-06-17,19.888830,105.861170,2021-06-17 08:54:36.282021632,414.785680,0.000000,0.345679,True
2021-06-17,19.846180,105.835810,2021-06-17 08:54:36.534001664,415.254940,0.000000,0.358025,True
2021-06-17,19.872522,105.874870,2021-06-17 08:54:36.614990592,416.156620,0.000000,0.432099,True
2021-06-17,19.821215,105.836520,2021-06-17 08:54:36.840014592,416.689640,0.000000,0.308642,True
2021-06-17,19.837446,105.822750,2021-06-17 08:54:36.507005184,414.940830,0.000000,0.543210,True
2021-06-17,19.942650,105.713840,2021-06-17 08:54:34.147009792,415.491550,0.000000,0.407407,True
2021-06-17,20.011587,105.778260,2021-06-17 08:54:33.975013376,418.281100,0.000000,0.333333,True
2021-06-17,20.031510,105.618355,2021-06-17 08:54:32.120024320,415.983400,0.000000,0.469136,True
2021-06-17,20.082766,105.656960,2021-06-17 08:54:31.893994496,416.655730,0.000000,0.555556,True
2021-06-17,20.074000,105.643930,2021-06-17 08:54:31.866998272,417.041100,0.000000,0.370370,True
2021-06-17,20.099026,105.643200,2021-06-17 08:54:31.561025024,417.287960,0.000000,0.481481,True
2021-06-17,20.090263,105.630190,2021-06-17 08:54:31.533988352,416.853240,0.000000,0.370370,True
2021-06-17,20.081526,105.617150,2021-06-17 08:54:31.506991872,416.267850,0.000000,0.382716,True
2021-06-17,20.072811,105.604090,2021-06-17 08:54:31.479995392,417.383200,0.000000,0.382716,True
2021-06-17,20.132887,105.655440,2021-06-17 08:54:31.282008064,416.801820,0.000000,0.308642,True
2021-06-17,20.131540,105.615690,2021-06-17 08:54:30.894000128,417.949650,0.000000,0.382716,True
2021-06-17,20.080357,105.577220,2021-06-17 08:54:31.119989504,416.676060,0.000000,0.419753,True
2021-06-17,20.097767,105.603370,2021-06-17 08:54:31.174022656,416.893950,0.000000,0.469136,True
2021-06-17,20.002739,105.765280,2021-06-17 08:54:33.948016640,415.769560,0.000000,0.493827,True
2021-06-17,19.967598,105.713150,2021-06-17 08:54:33.839990784,415.567900,0.000000,0.543210,True
2021-06-17,19.975159,105.686380,2021-06-17 08:54:33.480024832,416.534850,0.000000,0.617284,True
2021-06-17,19.966461,105.673270,2021-06-17 08:54:33.452988160,416.015380,0.000000,0.543210,True
2021-06-17,20.017675,105.711810,2021-06-17 08:54:33.228004352,416.485870,0.000000,0.444444,True
2021-06-17,19.991468,105.672690,2021-06-17 08:54:33.147015424,416.570370,0.000000,0.419753,True
2021-06-17,19.982779,105.659610,2021-06-17 08:54:33.120018944,416.590150,0.000000,0.469136,True
2021-06-17,20.023962,105.645180,2021-06-17 08:54:32.479990016,417.454650,0.000000,0.382716,True
2021-06-18,21.469524,104.965290,2021-06-18 06:23:06.642006016,415.755580,0.000000,0.308642,True
2021-06-18,22.135601,104.837814,2021-06-18 06:23:17.227987712,414.806580,0.000000,0.308642,True
2021-06-18,21.603098,104.923960,2021-06-18 06:23:09.002001408,416.417570,0.000000,0.358025,True
2021-06-18,18.719270,105.613740,2021-06-18 06:22:20.947987200,414.422970,0.000000,0.345679,True
2021-06-18,18.725464,105.622850,2021-06-18 06:22:20.920990720,414.157170,0.000000,0.444444,True
2021-06-18,18.731691,105.631850,2021-06-18 06:22:20.895000064,414.094880,0.000000,0.481481,True
2021-06-18,18.675055,105.581440,2021-06-18 06:22:20.723003392,414.826600,0.000000,0.456790,True
2021-06-18,18.680962,105.590744,2021-06-18 06:22:20.696006912,414.686800,0.000000,0.320988,True
2021-06-18,18.711470,105.636490,2021-06-18 06:22:20.561990400,414.621000,0.000000,0.308642,True
2021-06-18,18.649029,105.576690,2021-06-18 06:22:20.416024576,415.184450,0.000000,0.543210,True
2021-06-18,18.654879,105.586044,2021-06-18 06:22:20.388987904,414.742830,0.000000,0.530864,True
2021-06-18,18.660778,105.595350,2021-06-18 06:22:20.362997248,414.368680,0.000000,0.506173,True
2021-06-18,18.701147,105.586136,2021-06-18 06:22:21.029016832,415.435150,0.000000,0.308642,True
2021-06-18,18.695232,105.576840,2021-06-18 06:22:21.056013056,414.445920,0.000000,0.419753,True
2021-06-18,18.751910,105.627210,2021-06-18 06:22:21.228009728,414.375950,0.000000,0.320988,True
2021-06-18,18.781712,105.567610,2021-06-18 06:22:22.363026688,415.171400,0.000000,0.358025,True
2021-06-18,18.767603,105.581480,2021-06-18 06:22:22.002014976,414.260930,0.000000,0.382716,True
2021-06-18,18.747450,105.586120,2021-06-18 06:22:21.669005056,414.434880,0.000000,0.320988,True
2021-06-18,18.753483,105.595280,2021-06-18 06:22:21.642008832,415.305150,0.000000,0.308642,True
2021-06-18,18.765848,105.613550,2021-06-18 06:22:21.588015872,415.568200,0.000000,0.506173,True
2021-06-18,18.772093,105.622540,2021-06-18 06:22:21.562025216,414.352020,0.000000,0.395062,True
2021-06-18,18.745672,105.618210,2021-06-18 06:22:21.255006208,414.892940,0.000000,0.358025,True
2021-06-18,18.666735,105.604614,2021-06-18 06:22:20.336001024,415.570740,0.000000,0.481481,True
2021-06-18,18.678856,105.622990,2021-06-18 06:22:20.282008064,414.924380,0.000000,0.370370,True
2021-06-18,18.685036,105.632110,2021-06-18 06:22:20.255011584,415.391750,0.000000,0.407407,True
2021-06-18,18.618250,105.636900,2021-06-18 06:22:19.282013440,415.189300,0.000000,0.345679,True
2021-06-18,18.624409,105.646040,2021-06-18 06:22:19.255016960,415.456270,0.000000,0.432099,True
2021-06-18,18.630600,105.655075,2021-06-18 06:22:19.228020736,414.714870,0.000000,0.469136,True
2021-06-18,18.568373,105.595116,2021-06-18 06:22:19.083020544,415.366850,0.000000,0.358025,True
2021-06-18,18.604204,105.650696,2021-06-18 06:22:18.921001472,415.198640,0.000000,0.358025,True
2021-06-18,18.610388,105.659740,2021-06-18 06:22:18.895011072,413.532440,0.000000,0.358025,True
2021-06-18,18.548212,105.599740,2021-06-18 06:22:18.749004800,415.090760,0.000000,0.518519,True
2021-06-18,18.612152,105.627686,2021-06-18 06:22:19.309009920,415.345580,0.000000,0.432099,True
2021-06-18,18.775755,105.558340,2021-06-18 06:22:22.389017344,414.914860,0.000000,0.308642,True
2021-06-18,18.650816,105.650420,2021-06-18 06:22:19.561996032,414.641700,0.000000,0.419753,True
2021-06-18,18.634703,105.590650,2021-06-18 06:22:20.056018688,414.594200,0.000000,0.395062,True
2021-06-18,18.640596,105.599960,2021-06-18 06:22:20.029022208,414.529940,0.000000,0.370370,True
2021-06-18,18.646547,105.609230,2021-06-18 06:22:20.002025728,414.158480,0.000000,0.555556,True
2021-06-18,18.652540,105.618420,2021-06-18 06:22:19.974989056,415.022950,0.000000,0.481481,True
2021-06-18,18.620417,105.604580,2021-06-18 06:22:19.696012544,414.817230,0.000000,0.370370,True
2021-06-18,18.626360,105.613860,2021-06-18 06:22:19.669015808,415.291660,0.000000,0.432099,True
2021-06-18,18.632345,105.623055,2021-06-18 06:22:19.642019584,415.460720,0.000000,0.382716,True
2021-06-18,18.638453,105.632260,2021-06-18 06:22:19.615023104,414.314120,0.000000,0.407407,True
2021-06-18,18.644617,105.641396,2021-06-18 06:22:19.587986432,414.714840,0.000000,0.493827,True
2021-06-18,18.588533,105.590510,2021-06-18 06:22:19.415989760,414.497220,0.000000,0.333333,True
2021-06-18,18.795810,105.553720,2021-06-18 06:22:22.722992640,415.197880,0.000000,0.358025,True
2021-06-18,18.993570,105.571440,2021-06-18 06:22:25.227987968,410.261140,0.000000,0.333333,True
2021-06-18,19.007492,105.557820,2021-06-18 06:22:25.587994112,417.424500,0.000000,0.395062,True
2021-06-18,19.202557,105.502430,2021-06-18 06:22:28.948024320,414.853760,0.000000,0.370370,True
2021-06-18,19.208937,105.511380,2021-06-18 06:22:28.920987648,414.083000,0.000000,0.320988,True
2021-06-18,19.031273,105.489105,2021-06-18 06:22:26.749001728,415.187960,0.000000,0.592593,True
2021-06-18,19.037270,105.498344,2021-06-18 06:22:26.723011072,414.341580,0.000000,0.617284,True
2021-06-18,19.043316,105.507540,2021-06-18 06:22:26.696014592,414.272370,0.000000,0.506173,True
2021-06-18,19.049420,105.516680,2021-06-18 06:22:26.669018368,414.313630,0.000000,0.444444,True
2021-06-18,19.055565,105.525740,2021-06-18 06:22:26.642021888,416.690580,0.000000,0.444444,True
2021-06-18,19.068151,105.543816,2021-06-18 06:22:26.587988736,415.652280,0.000000,0.419753,True
2021-06-18,19.074509,105.552704,2021-06-18 06:22:26.561998080,413.851680,0.000000,0.481481,True
2021-06-18,19.011131,105.493700,2021-06-18 06:22:26.415992064,412.547270,0.000000,0.382716,True
2021-06-18,19.041650,105.539444,2021-06-18 06:22:26.282015744,414.473300,0.000000,0.592593,True
2021-06-18,19.047968,105.548450,2021-06-18 06:22:26.255019264,412.367740,0.000000,0.543210,True
2021-06-18,19.054314,105.557340,2021-06-18 06:22:26.228022784,413.011400,0.000000,0.382716,True
2021-06-18,19.021430,105.544110,2021-06-18 06:22:25.948000256,414.983200,0.000000,0.592593,True
2021-06-18,18.988840,105.530610,2021-06-18 06:22:25.669023744,416.715100,0.000000,0.358025,True
2021-06-18,18.994957,105.539700,2021-06-18 06:22:25.642027264,416.630000,0.000000,0.444444,True
2021-06-18,19.001196,105.548805,2021-06-18 06:22:25.614990592,415.661350,0.000000,0.382716,True
2021-06-18,19.094700,105.548070,2021-06-18 06:22:26.895007744,414.059900,0.000000,0.358025,True
2021-06-18,19.115936,105.511925,2021-06-18 06:22:27.642016512,414.807620,0.000000,0.333333,True
2021-06-18,19.134972,105.538826,2021-06-18 06:22:27.561992704,413.980100,0.000000,0.333333,True
2021-06-18,19.095873,105.516525,2021-06-18 06:22:27.309006592,415.216950,0.000000,0.395062,True
2021-06-18,19.102163,105.525580,2021-06-18 06:22:27.282010368,414.896900,0.000000,0.308642,True
2021-06-18,19.108510,105.534570,2021-06-18 06:22:27.255013888,414.358100,0.000000,0.407407,True
2021-06-18,19.114887,105.543440,2021-06-18 06:22:27.228017408,414.879970,0.000000,0.333333,True
2021-06-18,18.473457,105.627630,2021-06-18 06:22:17.389004288,414.687300,0.000000,0.308642,True
2021-06-18,18.479294,105.636990,2021-06-18 06:22:17.363013632,414.851840,0.000000,0.419753,True
2021-06-18,18.485190,105.646320,2021-06-18 06:22:17.336017152,414.789830,0.000000,0.456790,True
2021-06-18,18.491127,105.655556,2021-06-18 06:22:17.309020672,414.033840,0.000000,0.444444,True
2021-06-18,18.497185,105.664810,2021-06-18 06:22:17.282024448,415.543100,0.000000,0.481481,True
2021-06-18,18.503304,105.673980,2021-06-18 06:22:17.254987776,414.543120,0.000000,0.506173,True
2021-06-18,18.509455,105.683050,2021-06-18 06:22:17.227991040,414.806400,0.000000,0.493827,True
2021-06-18,18.465027,105.650880,2021-06-18 06:22:17.002001664,414.772950,0.000000,0.345679,True
2021-06-18,18.470955,105.660120,2021-06-18 06:22:16.975005184,414.116670,0.000000,0.506173,True
2021-06-18,18.477003,105.669365,2021-06-18 06:22:16.948008704,415.246950,0.000000,0.493827,True
2021-06-18,18.483110,105.678535,2021-06-18 06:22:16.921012480,414.095830,0.000000,0.358025,True
2021-06-18,18.489252,105.687610,2021-06-18 06:22:16.895021824,413.886320,0.000000,0.481481,True
2021-06-18,18.529623,105.678390,2021-06-18 06:22:17.562006784,414.628330,0.000000,0.444444,True
2021-06-18,18.523464,105.669320,2021-06-18 06:22:17.587997440,414.008850,0.000000,0.333333,True
2021-06-18,18.511274,105.650900,2021-06-18 06:22:17.641990144,415.047030,0.000000,0.493827,True
2021-06-18,18.557660,105.650850,2021-06-18 06:22:18.282018816,415.626040,0.000000,0.432099,True
2021-06-18,18.569965,105.669060,2021-06-18 06:22:18.228025856,414.845950,0.000000,0.345679,True
2021-06-18,18.551582,105.641610,2021-06-18 06:22:18.309015296,415.449600,0.000000,0.333333,True
2021-06-18,18.507908,105.608980,2021-06-18 06:22:18.083025920,415.282650,0.000000,0.382716,True
2021-06-18,18.513708,105.618380,2021-06-18 06:22:18.055989248,415.985230,0.000000,0.419753,True
2021-06-18,18.519560,105.627720,2021-06-18 06:22:18.028992768,413.984700,0.000000,0.419753,True
2021-06-18,18.525470,105.637030,2021-06-18 06:22:18.001996288,415.467530,0.000000,0.543210,True
2021-06-18,18.531422,105.646255,2021-06-18 06:22:17.974999808,414.718930,0.000000,0.580247,True
2021-06-18,18.537495,105.655500,2021-06-18 06:22:17.948003328,414.426700,0.000000,0.530864,True
2021-06-18,18.543627,105.664665,2021-06-18 06:22:17.921006848,414.823640,0.000000,0.419753,True
2021-06-18,18.487791,105.613600,2021-06-18 06:22:17.749010432,414.114070,0.000000,0.469136,True
2021-06-18,18.493584,105.623000,2021-06-18 06:22:17.723019520,415.387880,0.000000,0.456790,True
2021-06-18,18.505330,105.641670,2021-06-18 06:22:17.669026816,414.108640,0.000000,0.456790,True
2021-06-18,18.517340,105.660160,2021-06-18 06:22:17.614993920,416.158700,0.000000,0.456790,True
2021-06-18,18.499428,105.632360,2021-06-18 06:22:17.696023296,414.936950,0.000000,0.432099,True
2021-06-18,18.456812,105.673900,2021-06-18 06:22:16.614999296,414.507260,0.000000,0.444444,True
2021-06-18,18.462912,105.683075,2021-06-18 06:22:16.588002560,414.587800,0.000000,0.370370,True
2021-06-18,18.442713,105.687614,2021-06-18 06:22:16.254992896,414.657700,0.000000,0.333333,True
2021-06-18,18.448840,105.696690,2021-06-18 06:22:16.227996672,414.243440,0.000000,0.469136,True
2021-06-20,21.035397,106.691740,2021-06-20 06:10:34.415991552,415.035100,0.000000,0.481481,True
2021-06-20,21.042410,106.700806,2021-06-20 06:10:34.388995072,416.232060,0.000000,0.320988,True
2021-06-20,21.030828,106.714360,2021-06-20 06:10:34.028989184,416.206820,0.000000,0.481481,True
2021-06-20,21.023775,106.705370,2021-06-20 06:10:34.056025856,415.564400,0.000000,0.320988,True
2021-06-20,21.037933,106.723305,2021-06-20 06:10:34.001992704,416.485020,0.000000,0.308642,True
2021-06-20,21.012170,106.718990,2021-06-20 06:10:33.696019712,416.971200,0.000000,0.370370,True
2021-06-20,21.026394,106.736780,2021-06-20 06:10:33.641986560,415.640300,0.000000,0.382716,True
2021-06-20,21.019268,106.727920,2021-06-20 06:10:33.669023232,414.359000,0.000000,0.506173,True
2021-06-20,21.022232,106.759070,2021-06-20 06:10:33.255024128,417.154800,0.000000,0.382716,True
2021-06-20,20.942175,106.714770,2021-06-20 06:10:32.749011968,415.964000,0.000000,0.320988,True
2021-06-20,20.949156,106.723850,2021-06-20 06:10:32.723021568,415.906130,0.000000,0.320988,True
2021-06-20,20.923618,106.719240,2021-06-20 06:10:32.416002560,413.706970,0.000000,0.395062,True
2021-06-20,20.930593,106.728330,2021-06-20 06:10:32.389006080,414.871220,0.000000,0.345679,True
2021-06-20,20.917728,106.795300,2021-06-20 06:10:31.227998464,415.047000,0.000000,0.419753,True
2021-06-20,10.940627,106.355194,2021-06-20 08:10:27.938993152,414.041930,0.000000,0.407407,True
2021-06-20,10.943487,106.392395,2021-06-20 08:10:27.993026304,414.793330,0.000000,0.419753,True
2021-06-20,10.922391,106.349000,2021-06-20 08:10:28.245006592,414.820620,0.000000,0.481481,True
2021-06-20,10.856801,106.417630,2021-06-20 08:10:29.605007104,415.475400,0.000000,0.308642,True
2021-06-20,10.858211,106.436230,2021-06-20 08:10:29.632003584,416.000060,0.000000,0.567901,True
2021-06-20,10.859676,106.454834,2021-06-20 08:10:29.658999808,415.082370,0.000000,0.358025,True
2021-06-20,10.836118,106.374640,2021-06-20 08:10:29.857993216,416.248200,0.000000,0.370370,True
2021-06-20,10.668372,106.499466,2021-06-20 08:10:33.191026688,415.703340,0.000000,0.419753,True
2021-06-20,10.302173,106.677640,2021-06-20 08:10:18.605026816,416.880130,0.000000,0.481481,True
2021-06-20,10.303355,106.736120,2021-06-20 08:10:18.353006336,414.613700,0.000000,0.530864,True
2021-06-20,10.318960,106.665120,2021-06-20 08:10:18.272016896,415.890780,0.000000,0.456790,True
2021-06-20,10.571757,106.536590,2021-06-20 08:10:13.020023808,413.572500,0.000000,0.407407,True
2021-06-20,10.543336,106.537800,2021-06-20 08:10:13.659006464,412.802280,0.000000,0.444444,True
2021-06-20,10.531772,106.526474,2021-06-20 08:10:13.966025472,414.177920,0.000000,0.358025,True
2021-06-20,10.515004,106.539080,2021-06-20 08:10:14.298994688,414.511700,0.000000,0.469136,True
2021-06-20,10.502850,106.528270,2021-06-20 08:10:14.605008128,412.121860,0.000000,0.358025,True
2021-06-20,10.364113,106.651470,2021-06-20 08:10:17.299018752,414.716670,0.000000,0.518519,True
2021-06-20,10.347293,106.663920,2021-06-20 08:10:17.631988224,415.353240,0.000000,0.370370,True
2021-06-20,10.330538,106.676290,2021-06-20 08:10:17.966003712,414.801270,0.000000,0.456790,True
2021-06-20,10.325326,106.699950,2021-06-20 08:10:17.992999936,413.208160,0.000000,0.432099,True
2021-06-20,10.618041,106.536890,2021-06-20 08:10:34.191021568,414.873630,0.000000,0.320988,True
2021-06-20,11.116281,106.414600,2021-06-20 08:10:46.658988288,417.041170,0.000000,0.407407,True
2021-06-20,10.385595,106.748440,2021-06-20 08:10:38.912017664,415.374180,0.000000,0.333333,True
2021-06-20,10.583183,106.543200,2021-06-20 08:10:34.831009792,414.258180,0.000000,0.382716,True
2021-06-20,10.572988,106.648610,2021-06-20 08:10:35.299001600,416.478550,0.000000,0.358025,True
2021-06-20,10.469515,106.686080,2021-06-20 08:10:37.244997888,416.221340,0.000000,0.308642,True
2021-06-20,10.419079,106.723430,2021-06-20 08:10:38.244992512,416.505460,0.000000,0.432099,True
2021-06-20,10.420409,106.741960,2021-06-20 08:10:38.271988992,416.070680,0.000000,0.592593,True
2021-06-20,10.399776,106.698820,2021-06-20 08:10:38.524009216,416.138500,0.000000,0.518519,True
2021-06-20,10.402307,106.735880,2021-06-20 08:10:38.578002176,416.117220,0.000000,0.506173,True
2021-06-20,10.403636,106.754420,2021-06-20 08:10:38.604998656,417.217500,0.000000,0.345679,True
2021-06-20,10.383078,106.711400,2021-06-20 08:10:38.858024960,415.502320,0.000000,0.481481,True
2021-06-20,10.384316,106.729910,2021-06-20 08:10:38.885021184,415.659120,0.000000,0.456790,True
2021-06-20,10.386917,106.766975,2021-06-20 08:10:38.939013888,415.750700,0.000000,0.407407,True
2021-06-20,11.637169,108.978180,2021-06-20 06:07:45.561988864,414.744230,0.000000,0.370370,True
2021-06-20,11.618580,108.982315,2021-06-20 06:07:45.228013824,415.527100,0.000000,0.555556,True
2021-06-20,11.566914,108.944950,2021-06-20 06:07:44.669014528,415.090480,0.000000,0.395062,True
2021-06-20,11.544792,108.937610,2021-06-20 06:07:44.363001344,414.957900,0.000000,0.481481,True
2021-06-20,11.526069,108.941770,2021-06-20 06:07:44.029026048,412.185400,0.000000,0.419753,True
2021-06-20,11.500839,108.922775,2021-06-20 06:07:43.749003520,414.851260,0.000000,0.333333,True
2021-06-20,14.842674,108.192240,2021-06-20 06:08:43.363003136,416.794770,0.000000,0.407407,True
2021-06-21,13.889703,108.995480,2021-06-21 07:23:52.939991552,415.047600,0.000000,0.382716,True
2021-06-21,13.920545,109.008660,2021-06-21 07:23:52.994024448,414.624760,0.000000,0.407407,True
2021-06-21,13.935990,109.015190,2021-06-21 07:23:53.021020928,415.528870,0.000000,0.518519,True
2021-06-21,13.888552,109.014946,2021-06-21 07:23:53.299997440,415.150970,0.000000,0.419753,True
2021-06-21,13.903977,109.021520,2021-06-21 07:23:53.326993920,414.784940,0.000000,0.358025,True
2021-06-21,13.919422,109.028050,2021-06-21 07:23:53.353990400,416.140960,0.000000,0.308642,True
2021-06-21,13.934876,109.034570,2021-06-21 07:23:53.381027072,415.772430,0.000000,0.407407,True
2021-06-21,13.854353,109.060160,2021-06-21 07:23:54.326988544,415.118230,0.000000,0.395062,True
2021-06-21,13.901887,109.060300,2021-06-21 07:23:54.048011776,415.319150,0.000000,0.320988,True
2021-06-21,13.886433,109.053790,2021-06-21 07:23:54.021015296,414.776250,0.000000,0.320988,True
2021-06-21,13.870998,109.047226,2021-06-21 07:23:53.994019072,415.122070,0.000000,0.358025,True
2021-06-21,13.887611,109.034400,2021-06-21 07:23:53.660003584,414.411930,0.000000,0.456790,True
2021-06-21,13.872193,109.027820,2021-06-21 07:23:53.633007104,415.319300,0.000000,0.395062,True
2021-06-21,13.937169,108.995760,2021-06-21 07:23:52.660008960,414.878940,0.000000,0.456790,True
2021-06-21,13.869782,109.066696,2021-06-21 07:23:54.354025216,415.249360,0.000000,0.580247,True
2021-06-21,13.984816,108.996010,2021-06-21 07:23:52.380992256,414.931670,0.000000,0.333333,True
2021-06-21,13.938500,108.976390,2021-06-21 07:23:52.300002816,414.863370,0.000000,0.444444,True
2021-06-21,13.923118,108.969700,2021-06-21 07:23:52.273006336,414.875240,0.000000,0.419753,True
2021-06-21,13.924307,108.950160,2021-06-21 07:23:51.913000448,414.344060,0.000000,0.469136,True
2021-06-21,13.868701,109.086050,2021-06-21 07:23:54.713990912,415.196620,0.000000,0.358025,True
2021-06-21,14.075491,108.794754,2021-06-21 07:23:48.191998464,414.871550,0.000000,0.345679,True
2021-06-24,10.609875,106.389404,2021-06-24 06:37:12.922026752,413.291300,0.000000,0.469136,True
2021-06-24,10.324376,106.661550,2021-06-24 06:37:18.335998208,414.242860,0.000000,0.481481,True
2021-06-24,10.945047,106.352455,2021-06-24 06:37:26.003025664,414.207060,0.000000,0.444444,True
2021-06-24,11.071363,106.449880,2021-06-24 06:37:45.723015424,414.671200,0.000000,0.567901,True
2021-06-24,10.999764,106.425354,2021-06-24 06:37:46.615024128,413.110800,0.000000,0.333333,True
2021-07-02,10.357968,106.620210,2021-07-02 03:34:15.355015168,415.315430,0.000000,0.469136,True
2021-07-02,10.587877,106.355700,2021-07-02 03:34:09.822999552,417.367370,0.000000,0.382716,True
2021-07-02,10.599138,106.366320,2021-07-02 03:34:09.796003072,416.946560,0.000000,0.493827,True
2021-07-03,14.919031,108.887780,2021-07-03 02:46:27.784007168,416.134550,0.000000,0.345679,True
2021-07-03,14.911170,108.913340,2021-07-03 02:46:28.145019136,416.352100,0.000000,0.444444,True
2021-07-03,14.919970,108.925980,2021-07-03 02:46:28.172015616,417.031160,0.000000,0.456790,True
2021-07-03,14.903355,108.938920,2021-07-03 02:46:28.505025024,415.781520,0.000000,0.382716,True
2021-07-03,14.843878,108.926765,2021-07-03 02:46:29.091020800,416.110440,0.000000,0.358025,True
2021-07-03,14.735455,108.991350,2021-07-03 02:46:31.064013568,415.021880,0.000000,0.308642,True
2021-07-03,15.079298,108.860420,2021-07-03 02:46:25.585990400,416.456820,0.000000,0.333333,True
2021-07-03,15.046085,108.886190,2021-07-03 02:46:26.253015808,416.240140,0.000000,0.444444,True
2021-07-03,15.029495,108.899150,2021-07-03 02:46:26.586025216,415.922300,0.000000,0.358025,True
2021-07-03,14.934727,108.836464,2021-07-03 02:46:27.063994880,415.648160,0.000000,0.382716,True
2021-07-03,16.540590,107.572845,2021-07-03 02:45:54.729992192,415.915220,0.000000,0.333333,True
2021-07-03,16.516401,107.611930,2021-07-03 02:45:55.424013568,415.388340,0.000000,0.395062,True
2021-07-10,14.040336,109.019340,2021-07-10 23:42:28.418015232,416.431800,0.000000,0.358025,True
2021-07-10,14.056994,109.006550,2021-07-10 23:42:28.085005568,417.453860,0.000000,0.308642,True
2021-07-10,13.848062,109.147480,2021-07-10 23:42:32.057987328,416.898350,0.000000,0.358025,True
2021-07-10,13.928015,108.970460,2021-07-10 23:42:29.228994560,416.479460,0.000000,0.456790,True
2021-07-10,13.929049,109.008280,2021-07-10 23:42:29.617003008,417.073120,0.000000,0.419753,True
2021-07-10,13.839113,109.135060,2021-07-10 23:42:32.030991104,416.879330,0.000000,0.432099,True
2021-07-10,13.813523,109.135390,2021-07-10 23:42:32.337004288,416.752700,0.000000,0.370370,True
2021-07-10,13.807033,109.198150,2021-07-10 23:42:33.085018624,416.832550,0.000000,0.419753,True
2021-07-29,22.139782,104.837630,2021-07-29 06:17:20.614995456,411.615600,0.000000,0.345679,True
2021-08-16,21.636265,105.626080,2021-08-16 09:02:04.735996160,414.810060,0.000000,0.308642,True
2021-08-16,20.840918,105.885704,2021-08-16 09:01:26.961025024,417.664280,0.000000,0.382716,True
2021-08-16,20.811506,105.867065,2021-08-16 09:01:27.240001792,417.475220,0.000000,0.518519,True
2021-08-16,20.827587,105.852990,2021-08-16 09:01:26.906991872,417.806580,0.000000,0.370370,True
2021-08-20,21.077295,105.579315,2021-08-20 07:28:39.354008320,418.392100,0.000000,0.419753,True
2021-08-20,21.282393,105.332344,2021-08-20 07:28:34.607021312,418.537140,0.000000,0.518519,True
2021-08-20,21.276043,105.315730,2021-08-20 07:28:34.580024832,416.439100,0.000000,0.555556,True
2021-08-20,21.083700,105.595760,2021-08-20 07:28:39.381004544,418.642300,0.000000,0.370370,True
2021-08-23,16.596703,107.519844,2021-08-23 06:09:28.669013760,412.297400,0.000000,0.345679,True
2021-08-23,16.568277,107.520080,2021-08-23 06:09:28.363000320,413.157100,0.000000,0.308642,True
2021-08-23,16.549587,107.524610,2021-08-23 06:09:28.029025024,412.316560,0.000000,0.358025,True
2021-08-23,16.587729,107.528540,2021-08-23 06:09:28.309007616,413.125670,0.000000,0.395062,True
2021-09-28,20.514450,106.451330,2021-09-28 06:25:36.619989760,414.011470,0.000000,0.419753,True
2021-09-28,20.902597,106.823820,2021-09-28 06:25:45.006989056,412.265530,0.000000,0.358025,True
2021-09-28,20.911377,106.810760,2021-09-28 06:25:44.979992320,414.609950,0.000000,0.481481,True
2021-09-28,20.674297,106.669610,2021-09-28 06:25:40.727993856,415.324770,0.000000,0.419753,True
2021-09-28,20.229307,106.229950,2021-09-28 06:25:30.979988224,410.080960,0.000000,0.419753,True
2021-09-28,20.238064,106.216934,2021-09-28 06:25:30.952991488,410.083250,0.000000,0.493827,True
2021-09-28,20.246845,106.203930,2021-09-28 06:25:30.925995008,413.024700,0.000000,0.358025,True
2021-09-28,20.132917,106.107690,2021-09-28 06:25:28.592996352,415.107000,0.000000,0.567901,True
2021-09-28,20.057838,106.105520,2021-09-28 06:25:27.673990912,411.486760,0.000000,0.481481,True
2021-09-28,20.082840,106.106224,2021-09-28 06:25:27.980004352,415.214870,0.000000,0.555556,True
2021-09-28,19.194138,105.342520,2021-09-28 06:25:09.620015360,413.652800,0.000000,0.320988,True
2021-09-28,19.650415,105.763214,2021-09-28 06:25:19.341024768,411.613280,0.000000,0.320988,True
2021-09-28,19.544874,105.654686,2021-09-28 06:25:16.980023552,412.460000,0.000000,0.469136,True
2021-09-28,19.594967,105.655990,2021-09-28 06:25:17.593015552,406.897860,0.000000,0.555556,True
2021-09-28,19.618872,105.696240,2021-09-28 06:25:18.286996992,413.578740,0.000000,0.382716,True
2021-09-28,19.635191,105.709890,2021-09-28 06:25:18.620006912,414.521880,0.000000,0.419753,True
2021-09-28,19.829780,105.913590,2021-09-28 06:25:23.006987520,414.120100,0.000000,0.320988,True
2021-09-28,19.715656,105.817850,2021-09-28 06:25:20.673988864,413.709840,0.000000,0.580247,True
2021-09-28,19.724354,105.804825,2021-09-28 06:25:20.646992128,414.714050,0.000000,0.358025,True
2021-09-28,19.690678,105.817220,2021-09-28 06:25:20.368015872,413.207670,0.000000,0.382716,True
2021-09-28,19.699348,105.804184,2021-09-28 06:25:20.341019392,413.727080,0.000000,0.481481,True
2021-09-28,19.975348,106.076750,2021-09-28 06:25:26.395020032,414.861540,0.000000,0.333333,True
2021-09-29,15.641531,108.433960,2021-09-29 05:37:37.487024384,412.926900,0.000000,0.395062,True
2021-09-29,15.703995,108.405110,2021-09-29 05:37:37.928019712,410.934880,0.000000,0.308642,True
2021-09-29,10.537972,106.631226,2021-09-29 05:36:12.208025856,413.086360,0.000000,0.469136,True
2021-09-29,10.537613,106.609940,2021-09-29 05:36:11.901006848,413.554300,0.000000,0.469136,True
2021-09-29,10.504413,106.584496,2021-09-29 05:36:11.234987776,414.201750,0.000000,0.481481,True
2021-09-29,10.422791,106.734760,2021-09-29 05:35:50.487001088,414.838800,0.000000,0.481481,True
2021-09-29,10.295251,106.752014,2021-09-29 05:35:28.208023296,412.666050,0.000000,0.592593,True
2021-10-01,21.945803,103.883320,2021-10-01 06:17:55.281997056,412.954350,0.000000,0.370370,True
2021-10-01,21.942749,103.885130,2021-10-01 06:17:55.668999680,414.667420,0.000000,0.370370,True
2021-10-01,21.939583,103.886570,2021-10-01 06:17:56.056002048,414.087460,0.000000,0.358025,True
2021-10-01,21.947030,103.884560,2021-10-01 06:17:56.416008192,413.122620,0.000000,0.333333,True
2021-10-02,20.828080,106.600630,2021-10-02 04:53:11.538016512,411.004200,0.000000,0.308642,True
2021-10-02,20.450474,106.258070,2021-10-02 04:53:03.565016064,414.108280,0.000000,0.567901,True
2021-10-02,20.438572,106.268350,2021-10-02 04:53:03.538019584,413.954440,0.000000,0.345679,True
2021-10-02,20.377817,106.237270,2021-10-02 04:53:02.510988544,411.819100,0.000000,0.407407,True
2021-10-02,20.385515,106.202890,2021-10-02 04:53:02.232011776,414.219330,0.000000,0.333333,True
2021-10-02,20.373590,106.213180,2021-10-02 04:53:02.205015296,412.548000,0.000000,0.456790,True
2021-10-02,20.187176,106.095810,2021-10-02 04:52:58.817988864,413.320860,0.000000,0.320988,True
2021-10-02,20.604160,106.348050,2021-10-02 04:53:06.286023168,413.906520,0.000000,0.444444,True
2021-10-02,20.616001,106.337690,2021-10-02 04:53:06.313019648,413.424560,0.000000,0.333333,True
2021-10-02,20.658157,106.496330,2021-10-02 04:53:08.483999744,413.362500,0.000000,0.370370,True
2021-10-02,20.670135,106.486100,2021-10-02 04:53:08.510996224,413.305540,0.000000,0.444444,True
2021-10-02,20.835659,106.566240,2021-10-02 04:53:11.258999808,413.086600,0.000000,0.358025,True
2021-10-02,20.843180,106.531654,2021-10-02 04:53:10.980023040,413.563700,0.000000,0.333333,True
2021-10-02,20.795582,106.572945,2021-10-02 04:53:10.871997184,413.038880,0.000000,0.395062,True
2021-10-02,20.771658,106.593400,2021-10-02 04:53:10.818004480,414.160700,0.000000,0.308642,True
2021-10-02,20.827003,106.517690,2021-10-02 04:53:10.646007552,414.128880,0.000000,0.333333,True
2021-10-02,20.803236,106.538420,2021-10-02 04:53:10.592014848,412.568150,0.000000,0.333333,True
2021-10-02,20.791317,106.548744,2021-10-02 04:53:10.565018368,413.910250,0.000000,0.469136,True
2021-10-02,20.775112,106.534870,2021-10-02 04:53:10.232008704,413.983460,0.000000,0.432099,True
2021-10-02,20.770770,106.510740,2021-10-02 04:53:09.925995264,413.833530,0.000000,0.333333,True
2021-10-02,20.746939,106.531320,2021-10-02 04:53:09.872002560,413.504150,0.000000,0.518519,True
2021-10-02,20.706863,106.537880,2021-10-02 04:53:09.483994368,413.082900,0.000000,0.407407,True
2021-10-02,20.726437,106.493310,2021-10-02 04:53:09.232014080,413.830000,0.000000,0.382716,True
2021-10-02,20.690596,106.524040,2021-10-02 04:53:09.151024896,413.402070,0.000000,0.530864,True
2021-10-02,20.686388,106.499920,2021-10-02 04:53:08.845011712,413.967300,0.000000,0.469136,True
2021-10-02,20.674410,106.510155,2021-10-02 04:53:08.818014976,413.484070,0.000000,0.456790,True
2021-10-02,20.734985,106.541565,2021-10-02 04:53:09.845006336,413.578920,0.000000,0.395062,True
2021-10-23,21.023594,106.117830,2021-10-23 06:15:41.978998528,416.885350,0.000000,0.592593,True
2021-10-23,20.959845,106.087340,2021-10-23 06:15:41.871012608,416.818100,0.000000,0.469136,True
2021-10-23,20.975700,106.095000,2021-10-23 06:15:41.898009344,417.295500,0.000000,0.407407,True
2021-10-23,21.039684,106.125380,2021-10-23 06:15:42.005994752,417.552800,0.000000,0.407407,True
2021-10-23,21.007557,106.110260,2021-10-23 06:15:41.952002048,416.607480,0.000000,0.320988,True
2021-10-23,21.055830,106.132920,2021-10-23 06:15:42.032991488,416.813900,0.000000,0.395062,True
2021-10-23,20.943308,106.122970,2021-10-23 06:15:42.563988224,417.664730,0.000000,0.444444,True
2021-10-23,20.991447,106.124240,2021-10-23 06:15:42.285011712,416.861900,0.000000,0.518519,True
2021-10-23,21.007440,106.131830,2021-10-23 06:15:42.312008192,416.848660,0.000000,0.432099,True
2021-10-23,20.944077,106.079636,2021-10-23 06:15:41.844016384,417.760070,0.000000,0.308642,True
2021-10-23,21.039625,106.146900,2021-10-23 06:15:42.366001152,416.417200,0.000000,0.333333,True
2021-10-23,20.927473,106.115300,2021-10-23 06:15:42.536991744,417.169620,0.000000,0.518519,True
2021-10-23,20.975502,106.116640,2021-10-23 06:15:42.258015232,417.070400,0.000000,0.432099,True
2021-10-23,21.071995,106.118935,2021-10-23 06:15:41.699016192,417.484130,0.000000,0.320988,True
2021-10-23,21.039980,106.082460,2021-10-23 06:15:41.285017088,416.579440,0.000000,0.320988,True
2021-10-23,21.008076,106.067245,2021-10-23 06:15:41.231024384,417.605770,0.000000,0.358025,True
2021-10-23,20.976469,106.051834,2021-10-23 06:15:41.176991232,417.094800,0.000000,0.395062,True
2021-10-23,21.104338,106.091064,2021-10-23 06:15:41.032996608,416.551540,0.000000,0.555556,True
2021-10-23,20.992638,106.037920,2021-10-23 06:15:40.844021760,417.277830,0.000000,0.308642,True
2021-10-23,21.008865,106.024086,2021-10-23 06:15:40.510006272,416.850220,0.000000,0.345679,True
2021-10-23,21.120605,106.055800,2021-10-23 06:15:40.339015424,416.649870,0.000000,0.469136,True
2021-10-23,21.023750,106.096300,2021-10-23 06:15:41.618026752,417.298300,0.000000,0.345679,True
2021-10-23,20.975159,106.138230,2021-10-23 06:15:42.618021376,417.207860,0.000000,0.382716,True
2021-10-23,20.894455,106.186226,2021-10-23 06:15:43.924994816,416.679230,0.000000,0.469136,True
2021-10-23,20.958643,106.216480,2021-10-23 06:15:44.033020672,416.686900,0.000000,0.481481,True
2021-10-23,20.878576,106.178580,2021-10-23 06:15:43.897998336,417.145540,0.000000,0.481481,True
2021-10-23,20.862732,106.170920,2021-10-23 06:15:43.871001856,416.853270,0.000000,0.530864,True
2021-10-23,20.846964,106.163220,2021-10-23 06:15:43.844005632,416.235050,0.000000,0.444444,True
2021-10-23,20.974840,106.202580,2021-10-23 06:15:43.699005184,415.685670,0.000000,0.407407,True
2021-10-23,20.958693,106.195070,2021-10-23 06:15:43.672008704,416.942020,0.000000,0.407407,True
2021-10-23,20.942614,106.187520,2021-10-23 06:15:43.645012480,417.720100,0.000000,0.382716,True
2021-10-23,20.910646,106.172340,2021-10-23 06:15:43.591019520,417.286870,0.000000,0.382716,True
2021-10-23,20.894743,106.164720,2021-10-23 06:15:43.564023040,416.577400,0.000000,0.358025,True
2021-10-23,20.878922,106.157040,2021-10-23 06:15:43.536986368,417.641600,0.000000,0.518519,True
2021-10-23,20.991175,106.145805,2021-10-23 06:15:42.645017856,416.760530,0.000000,0.481481,True
2021-10-23,20.863146,106.149345,2021-10-23 06:15:43.509989888,417.302120,0.000000,0.432099,True
2021-10-23,20.974895,106.181140,2021-10-23 06:15:43.338999296,416.694500,0.000000,0.407407,True
2021-10-23,20.879335,106.135414,2021-10-23 06:15:43.177020672,416.995940,0.000000,0.469136,True
2021-10-23,21.007252,106.174770,2021-10-23 06:15:43.033026304,416.220120,0.000000,0.432099,True
2021-10-23,20.991083,106.167270,2021-10-23 06:15:43.005989632,416.172030,0.000000,0.444444,True
2021-10-23,20.975025,106.159700,2021-10-23 06:15:42.978992896,416.553100,0.000000,0.345679,True
2021-10-23,20.959007,106.152130,2021-10-23 06:15:42.951996672,416.671970,0.000000,0.592593,True
2021-10-23,20.943048,106.144520,2021-10-23 06:15:42.925000192,417.265470,0.000000,0.469136,True
2021-10-23,20.927153,106.136894,2021-10-23 06:15:42.898003712,416.760830,0.000000,0.370370,True
2021-10-23,20.895530,106.121540,2021-10-23 06:15:42.844010752,416.697600,0.000000,0.382716,True
2021-10-23,21.023405,106.160870,2021-10-23 06:15:42.699010560,417.033600,0.000000,0.481481,True
2021-10-23,20.991041,106.188660,2021-10-23 06:15:43.365995520,416.327100,0.000000,0.518519,True
2021-10-23,21.217924,105.929020,2021-10-23 06:15:37.618008064,417.567540,0.000000,0.444444,True
2021-10-23,21.152983,106.049310,2021-10-23 06:15:40.033002240,416.001100,0.000000,0.469136,True
2021-10-23,21.217800,105.950490,2021-10-23 06:15:37.979020032,416.023530,0.000000,0.493827,True
2021-10-23,21.201767,105.942930,2021-10-23 06:15:37.952023808,416.384640,0.000000,0.481481,True
2021-10-23,21.185783,105.935350,2021-10-23 06:15:37.924987136,416.975620,0.000000,0.567901,True
2021-10-23,21.154018,105.920074,2021-10-23 06:15:37.870994176,415.297970,0.000000,0.320988,True
2021-10-23,21.266188,105.951590,2021-10-23 06:15:37.698997504,415.985230,0.000000,0.395062,True
2021-10-23,21.282425,105.937700,2021-10-23 06:15:37.366028032,415.473970,0.000000,0.469136,True
2021-10-23,21.234129,105.915054,2021-10-23 06:15:37.284998656,417.366730,0.000000,0.407407,True
2021-10-23,21.202223,105.899826,2021-10-23 06:15:37.231005696,417.449620,0.000000,0.370370,True
2021-10-23,21.170568,105.884470,2021-10-23 06:15:37.177012992,417.291600,0.000000,0.518519,True
2021-10-23,21.282383,105.916060,2021-10-23 06:15:37.006021888,416.693480,0.000000,0.444444,True
2021-10-23,21.218407,105.885880,2021-10-23 06:15:36.897996032,417.510000,0.000000,0.456790,True
2021-10-23,21.298555,105.902260,2021-10-23 06:15:36.672006656,417.666840,0.000000,0.370370,True
2021-10-23,20.846506,106.184845,2021-10-23 06:15:44.204011520,417.151340,0.000000,0.518519,True
2021-10-23,21.250069,105.965520,2021-10-23 06:15:38.033012992,415.449770,0.000000,0.419753,True
2021-10-23,21.153759,105.941880,2021-10-23 06:15:38.231000320,414.747070,0.000000,0.370370,True
2021-10-23,21.136826,106.041820,2021-10-23 06:15:40.006005760,416.188500,0.000000,0.506173,True
2021-10-23,21.185282,106.021370,2021-10-23 06:15:39.366017280,415.666300,0.000000,0.469136,True
2021-10-23,21.153051,106.006330,2021-10-23 06:15:39.312024320,416.883900,0.000000,0.555556,True
2021-10-23,21.169659,105.949524,2021-10-23 06:15:38.257996800,416.556520,0.000000,0.333333,True
2021-10-23,21.233894,105.979580,2021-10-23 06:15:38.366022656,415.919220,0.000000,0.320988,True
2021-10-23,21.169363,105.970840,2021-10-23 06:15:38.618002944,416.550600,0.000000,0.407407,True
2021-10-23,21.153301,105.984940,2021-10-23 06:15:38.952018176,416.789640,0.000000,0.493827,True
2021-10-23,21.169308,105.992546,2021-10-23 06:15:38.979014912,416.590000,0.000000,0.333333,True
2021-10-23,21.073536,105.968310,2021-10-23 06:15:39.177001984,415.687560,0.000000,0.432099,True
2021-10-23,20.862337,106.192520,2021-10-23 06:15:44.231008000,416.692750,0.000000,0.444444,True
2021-10-23,21.202244,106.029630,2021-10-23 06:15:59.204010752,415.942800,0.000000,0.370370,True
2021-10-23,21.297556,106.036480,2021-10-23 06:15:59.311996416,414.639280,0.000000,0.358025,True
2021-10-23,21.273499,106.034840,2021-10-23 06:15:59.284999936,415.336900,0.000000,0.419753,True
2021-10-23,21.289330,106.020690,2021-10-23 06:15:58.951990272,415.517330,0.000000,0.456790,True
2021-10-23,21.265375,106.019050,2021-10-23 06:15:58.924994048,416.216280,0.000000,0.407407,True
2021-10-23,21.329504,106.008240,2021-10-23 06:15:58.645011456,414.375850,0.000000,0.419753,True
2021-10-23,21.394623,105.996960,2021-10-23 06:15:58.365994752,414.790500,0.000000,0.395062,True
2021-10-23,21.321754,105.992400,2021-10-23 06:15:58.285005312,415.846600,0.000000,0.320988,True
2021-10-23,21.243517,105.971550,2021-10-23 06:15:57.844009984,416.405120,0.000000,0.506173,True
2021-10-23,21.402996,105.967590,2021-10-23 06:15:57.672013312,415.049700,0.000000,0.345679,True
2021-10-23,21.354624,105.964584,2021-10-23 06:15:57.618020608,415.732820,0.000000,0.333333,True
2021-10-23,21.257713,106.003340,2021-10-23 06:15:58.564022016,416.440600,0.000000,0.308642,True
2021-10-23,21.039824,106.168410,2021-10-23 06:16:02.537004032,416.166560,0.000000,0.444444,True
2021-10-23,21.016384,106.166580,2021-10-23 06:16:02.510007552,417.206670,0.000000,0.382716,True
2021-10-23,21.127460,106.159805,2021-10-23 06:16:02.285024000,416.353940,0.000000,0.493827,True
2021-10-23,21.192240,106.149150,2021-10-23 06:16:02.006007296,416.402040,0.000000,0.370370,True
2021-10-23,21.143946,106.146030,2021-10-23 06:16:01.952014080,416.440160,0.000000,0.382716,True
2021-10-23,21.112442,106.128716,2021-10-23 06:16:01.564005888,417.465450,0.000000,0.481481,True
2021-10-23,21.175980,106.118380,2021-10-23 06:16:01.284989184,417.269780,0.000000,0.493827,True
2021-10-23,21.146461,106.055380,2021-10-23 06:15:59.843999232,417.337250,0.000000,0.395062,True
2021-10-23,21.313765,106.066820,2021-10-23 06:16:00.033014272,415.697000,0.000000,0.370370,True
2021-10-23,21.113610,106.083220,2021-10-23 06:16:00.510018304,416.826020,0.000000,0.530864,True
2021-10-23,21.137060,106.085075,2021-10-23 06:16:00.537015040,416.316680,0.000000,0.382716,True
2021-10-23,21.248928,106.077580,2021-10-23 06:16:00.311991040,415.367500,0.000000,0.358025,True
2021-10-23,20.894180,106.207760,2021-10-23 06:15:44.285000704,416.795800,0.000000,0.481481,True
2021-10-23,20.797880,106.226500,2021-10-23 06:15:45.204006144,416.854160,0.000000,0.493827,True
2021-10-23,20.782108,106.218810,2021-10-23 06:15:45.177009664,417.117130,0.000000,0.481481,True
2021-10-23,20.861770,106.235490,2021-10-23 06:15:44.952025856,416.880740,0.000000,0.481481,True
2021-10-23,20.829924,106.220200,2021-10-23 06:15:44.897992960,416.790300,0.000000,0.333333,True
2021-10-23,20.814090,106.212520,2021-10-23 06:15:44.870996480,417.394200,0.000000,0.518519,True
2021-10-23,20.798315,106.204830,2021-10-23 06:15:44.844000000,416.945300,0.000000,0.567901,True
2021-10-23,20.926186,106.244280,2021-10-23 06:15:44.698999808,416.930940,0.000000,0.320988,True
2021-10-23,20.893980,106.229220,2021-10-23 06:15:44.645006848,416.840670,0.000000,0.481481,True
2021-10-23,20.877964,106.221634,2021-10-23 06:15:44.618010624,417.205400,0.000000,0.345679,True
2021-10-23,20.846117,106.206375,2021-10-23 06:15:44.564017664,416.064600,0.000000,0.382716,True
2021-10-23,20.830282,106.198710,2021-10-23 06:15:44.537021184,416.627500,0.000000,0.543210,True
2021-10-23,20.814510,106.191000,2021-10-23 06:15:44.510024704,416.498700,0.000000,0.506173,True
2021-10-23,20.942413,106.230380,2021-10-23 06:15:44.365990144,416.669100,0.000000,0.407407,True
2021-10-23,21.315113,105.931950,2021-10-23 06:15:56.871011840,416.298460,0.000000,0.358025,True
2021-10-23,21.402927,105.922450,2021-10-23 06:15:56.618025728,416.366880,0.000000,0.308642,True
2021-10-23,20.856966,105.728485,2021-10-23 06:14:15.231008000,417.566070,0.000000,0.320988,True
2021-10-23,20.877893,105.845500,2021-10-23 06:14:35.536993024,416.884030,0.000000,0.419753,True
2021-10-23,20.828154,105.868320,2021-10-23 06:14:36.509991168,416.172730,0.000000,0.407407,True
2021-10-23,20.876660,105.826164,2021-10-23 06:14:35.509996544,416.269740,0.000000,0.320988,True
2021-10-23,20.896263,105.870380,2021-10-23 06:14:35.258016512,416.797200,0.000000,0.395062,True
2021-10-23,20.926178,105.803880,2021-10-23 06:14:34.536998400,417.396500,0.000000,0.320988,True
2021-10-23,20.927433,105.823190,2021-10-23 06:14:34.563994880,417.275100,0.000000,0.382716,True
2021-10-23,20.909071,105.798420,2021-10-23 06:14:34.844017408,416.359250,0.000000,0.308642,True
2021-10-23,20.910246,105.817770,2021-10-23 06:14:34.871014144,416.242000,0.000000,0.444444,True
2021-10-23,20.911448,105.837105,2021-10-23 06:14:34.898010368,417.721370,0.000000,0.407407,True
2021-10-23,20.892542,105.812386,2021-10-23 06:14:35.176987136,416.097960,0.000000,0.382716,True
2021-10-23,20.893713,105.831720,2021-10-23 06:14:35.204023808,416.148740,0.000000,0.382716,True
2021-10-23,20.721506,106.062530,2021-10-23 06:14:38.979018240,417.569980,0.000000,0.345679,True
2021-10-23,20.722843,106.081920,2021-10-23 06:14:39.006014720,417.325740,0.000000,0.456790,True
2021-10-23,20.724220,106.101326,2021-10-23 06:14:39.033011200,417.023130,0.000000,0.345679,True
2021-10-23,20.708199,106.115060,2021-10-23 06:14:39.366020864,417.376740,0.000000,0.308642,True
2021-10-23,21.173609,105.869350,2021-10-23 06:14:53.033015808,415.815030,0.000000,0.308642,True
2021-10-23,21.151266,105.867970,2021-10-23 06:14:53.338988800,417.816560,0.000000,0.320988,True
2021-10-23,21.157446,105.883330,2021-10-23 06:14:53.366025472,416.964450,0.000000,0.506173,True
2021-10-23,20.736267,106.029150,2021-10-23 06:14:38.618006528,417.959380,0.000000,0.456790,True
2021-10-23,20.734957,106.009830,2021-10-23 06:14:38.591010048,417.490600,0.000000,0.370370,True
2021-10-23,20.731266,105.951965,2021-10-23 06:14:38.510020608,417.122380,0.000000,0.308642,True
2021-10-23,20.803570,106.012276,2021-10-23 06:14:37.338994944,416.353700,0.000000,0.333333,True
2021-10-23,20.805010,106.031670,2021-10-23 06:14:37.365991680,416.755000,0.000000,0.345679,True
2021-10-23,20.786201,106.006730,2021-10-23 06:14:37.645008384,416.987200,0.000000,0.567901,True
2021-10-23,20.787539,106.026160,2021-10-23 06:14:37.672004608,417.445220,0.000000,0.382716,True
2021-10-23,20.772823,106.059560,2021-10-23 06:14:38.033016576,417.483730,0.000000,0.370370,True
2021-10-23,20.747671,105.937874,2021-10-23 06:14:38.177010944,415.848360,0.000000,0.432099,True
2021-10-23,20.845680,105.718254,2021-10-23 06:14:15.537021184,417.031400,0.000000,0.333333,True
2021-10-23,20.821527,105.840270,2021-10-23 06:14:15.672003328,417.305150,0.000000,0.432099,True
2021-10-23,20.816814,105.864930,2021-10-23 06:14:15.698999808,417.770630,0.000000,0.469136,True
2021-10-23,20.819727,105.780620,2021-10-23 06:14:15.924989184,417.308500,0.000000,0.432099,True
2021-10-23,20.814901,105.805046,2021-10-23 06:14:15.952025856,417.870100,0.000000,0.604938,True
2021-10-23,20.800667,105.878840,2021-10-23 06:14:16.033015296,417.584960,0.000000,0.308642,True
2021-10-23,20.818410,105.722020,2021-10-23 06:14:16.177009664,416.684200,0.000000,0.506173,True
2021-10-23,20.808624,105.770480,2021-10-23 06:14:16.231002624,415.542240,0.000000,0.320988,True
2021-10-23,20.797447,105.760400,2021-10-23 06:14:16.537015552,417.705660,0.000000,0.543210,True
2021-10-23,20.786203,105.750100,2021-10-23 06:14:16.843994624,416.701570,0.000000,0.543210,True
2021-10-23,20.781256,105.774190,2021-10-23 06:14:16.870991104,417.034330,0.000000,0.407407,True
2021-10-23,20.769947,105.763770,2021-10-23 06:14:17.177004288,417.220700,0.000000,0.444444,True
2021-10-23,20.724857,105.923996,2021-10-23 06:14:17.671992576,416.310550,0.000000,0.370370,True
2021-10-23,20.708810,105.938120,2021-10-23 06:14:18.006007808,417.913800,0.000000,0.432099,True
2021-10-23,20.702187,105.903020,2021-10-23 06:14:18.285024768,417.635770,0.000000,0.382716,True
2021-10-23,20.837757,105.826416,2021-10-23 06:14:15.338993664,416.890620,0.000000,0.567901,True
2021-10-23,20.853853,105.812480,2021-10-23 06:14:15.006024448,416.380340,0.000000,0.444444,True
2021-10-23,20.863415,105.763390,2021-10-23 06:14:14.951991040,417.190460,0.000000,0.395062,True
2021-10-23,20.870071,105.798615,2021-10-23 06:14:14.672008704,419.120600,0.000000,0.481481,True
2021-10-23,20.874838,105.774010,2021-10-23 06:14:14.645012480,418.066930,0.000000,0.580247,True
2021-10-23,20.881542,105.809395,2021-10-23 06:14:14.365995520,417.337100,0.000000,0.481481,True
2021-10-23,20.900532,105.710990,2021-10-23 06:14:14.258009856,417.350340,0.000000,0.382716,True
2021-10-23,20.897402,105.795000,2021-10-23 06:14:14.033026304,418.529270,0.000000,0.456790,True
2021-10-23,20.902079,105.770294,2021-10-23 06:14:14.005989632,417.584260,0.000000,0.407407,True
2021-10-23,20.929653,105.767100,2021-10-23 06:14:13.366000896,416.496520,0.000000,0.370370,True
2021-10-23,20.681074,105.941260,2021-10-23 06:14:18.644990720,417.581600,0.000000,0.395062,True
2021-10-23,20.671570,105.990460,2021-10-23 06:14:18.699023616,415.630500,0.000000,0.419753,True
2021-10-23,20.674566,105.906265,2021-10-23 06:14:18.925013248,416.683300,0.000000,0.469136,True
2021-10-23,20.660122,105.979660,2021-10-23 06:14:19.006002432,416.565300,0.000000,0.320988,True
2021-10-23,20.655376,106.004300,2021-10-23 06:14:19.032998912,417.763000,0.000000,0.333333,True
2021-10-23,20.648935,105.969190,2021-10-23 06:14:19.312015872,417.464500,0.000000,0.419753,True
2021-10-23,20.657267,105.861800,2021-10-23 06:14:19.510003200,417.717160,0.000000,0.481481,True
2021-10-23,20.652338,105.885900,2021-10-23 06:14:19.536999424,416.725220,0.000000,0.432099,True
2021-10-23,20.641098,105.875650,2021-10-23 06:14:19.844018432,416.364840,0.000000,0.320988,True
2021-10-23,20.631182,105.924020,2021-10-23 06:14:19.898011392,416.783080,0.000000,0.345679,True
2021-10-23,21.007256,106.153360,2021-10-23 06:15:42.672014336,416.846000,0.000000,0.592593,True
2021-10-23,20.892662,106.091125,2021-10-23 06:14:58.672011264,415.819200,0.000000,0.493827,True
2021-10-23,20.801840,106.190120,2021-10-23 06:15:00.698996992,417.482270,0.000000,0.395062,True
2021-10-23,20.831960,106.102270,2021-10-23 06:14:59.618013184,417.573500,0.000000,0.370370,True
2021-10-23,20.825886,106.086890,2021-10-23 06:14:59.591016704,417.322400,0.000000,0.308642,True
2021-10-23,20.813816,106.056060,2021-10-23 06:14:59.537024000,417.167500,0.000000,0.419753,True
2021-10-23,20.807820,106.040610,2021-10-23 06:14:59.509987328,417.324220,0.000000,0.506173,True
2021-10-23,20.866592,106.134540,2021-10-23 06:14:59.365992704,417.474980,0.000000,0.432099,True
2021-10-23,20.860435,106.119200,2021-10-23 06:14:59.338996480,417.324460,0.000000,0.456790,True
2021-10-23,20.848202,106.088486,2021-10-23 06:14:59.285003776,417.421630,0.000000,0.308642,True
2021-10-23,20.842123,106.073090,2021-10-23 06:14:59.258007040,417.572020,0.000000,0.320988,True
2021-10-23,20.836060,106.057650,2021-10-23 06:14:59.231010560,417.202400,0.000000,0.382716,True
2021-10-23,20.830020,106.042190,2021-10-23 06:14:59.204014336,416.438100,0.000000,0.604938,True
2021-10-23,20.882710,106.120460,2021-10-23 06:14:59.033023232,417.372560,0.000000,0.555556,True
2021-10-23,20.876535,106.105100,2021-10-23 06:14:59.006027008,417.370850,0.000000,0.407407,True
2021-10-23,20.870388,106.089730,2021-10-23 06:14:58.978990336,417.328950,0.000000,0.358025,True
2021-10-23,20.852106,106.043490,2021-10-23 06:14:58.898000896,416.705750,0.000000,0.345679,True
2021-10-23,20.846066,106.028040,2021-10-23 06:14:58.871004672,416.988430,0.000000,0.308642,True
2021-10-23,20.898827,106.106470,2021-10-23 06:14:58.699008000,417.329900,0.000000,0.530864,True
2021-10-23,20.838060,106.117645,2021-10-23 06:14:59.645009408,417.531740,0.000000,0.580247,True
2021-10-23,20.844189,106.132990,2021-10-23 06:14:59.672006144,416.931900,0.000000,0.481481,True
2021-10-23,20.850346,106.148320,2021-10-23 06:14:59.699002624,417.358200,0.000000,0.407407,True
2021-10-23,20.791584,106.054405,2021-10-23 06:14:59.844002816,417.693100,0.000000,0.345679,True
2021-10-23,20.795680,106.174780,2021-10-23 06:15:00.672000768,417.544160,0.000000,0.543210,True
2021-10-23,20.777365,106.128654,2021-10-23 06:15:00.591011328,416.984950,0.000000,0.506173,True
2021-10-23,20.765290,106.097810,2021-10-23 06:15:00.537018624,416.841160,0.000000,0.543210,True
2021-10-23,20.759289,106.082360,2021-10-23 06:15:00.510022144,417.486600,0.000000,0.432099,True
2021-10-23,20.818012,106.176216,2021-10-23 06:15:00.365987328,417.408600,0.000000,0.543210,True
2021-10-23,20.811857,106.160870,2021-10-23 06:15:00.338990848,417.642300,0.000000,0.567901,True
2021-10-23,20.805729,106.145520,2021-10-23 06:15:00.311994624,417.065600,0.000000,0.444444,True
2021-10-23,20.799627,106.130150,2021-10-23 06:15:00.284998144,417.541200,0.000000,0.530864,True
2021-10-23,20.787504,106.099340,2021-10-23 06:15:00.231005184,416.795840,0.000000,0.358025,True
2021-10-23,20.781483,106.083916,2021-10-23 06:15:00.204008704,417.596220,0.000000,0.419753,True
2021-10-23,20.775486,106.068460,2021-10-23 06:15:00.177012480,417.171800,0.000000,0.444444,True
2021-10-23,20.834210,106.162300,2021-10-23 06:15:00.033018112,416.532650,0.000000,0.358025,True
2021-10-23,20.828037,106.146940,2021-10-23 06:15:00.006021376,417.539030,0.000000,0.592593,True
2021-10-23,20.821892,106.131560,2021-10-23 06:14:59.979025152,417.370030,0.000000,0.407407,True
2021-10-23,20.815773,106.116165,2021-10-23 06:14:59.951988480,417.644230,0.000000,0.481481,True
2021-10-23,20.809683,106.100746,2021-10-23 06:14:59.924992000,417.795440,0.000000,0.370370,True
2021-10-23,20.803620,106.085310,2021-10-23 06:14:59.897995520,417.784550,0.000000,0.506173,True
2021-10-23,20.797580,106.069855,2021-10-23 06:14:59.870999040,417.571900,0.000000,0.308642,True
2021-10-23,20.793552,106.114750,2021-10-23 06:15:00.258001920,418.085100,0.000000,0.469136,True
2021-10-23,20.995934,106.023010,2021-10-23 06:14:56.699018752,416.205170,0.000000,0.308642,True
2021-10-23,20.957375,106.035484,2021-10-23 06:14:57.339007488,416.616850,0.000000,0.345679,True
2021-10-23,20.906660,106.017166,2021-10-23 06:14:57.925002752,417.587800,0.000000,0.395062,True
2021-10-23,21.108969,105.925200,2021-10-23 06:14:54.366019840,416.122300,0.000000,0.320988,True
2021-10-23,21.118958,105.895836,2021-10-23 06:14:54.006013952,416.902400,0.000000,0.345679,True
2021-10-23,20.902720,106.061930,2021-10-23 06:14:58.312005632,416.999500,0.000000,0.419753,True
2021-10-23,20.886526,106.075770,2021-10-23 06:14:58.645015040,417.223700,0.000000,0.395062,True
2021-10-27,21.321815,105.531456,2021-10-27 04:42:18.215992064,417.448970,0.000000,0.432099,True
2021-10-27,21.575958,105.601685,2021-10-27 04:43:18.522001408,414.482180,0.000000,0.345679,True
2021-10-27,21.623526,105.603820,2021-10-27 04:43:18.243024896,413.329400,0.000000,0.382716,True
2021-11-03,10.982674,106.311040,2021-11-03 02:26:46.993027072,416.091030,0.000000,0.444444,True
2021-11-03,10.979202,106.332596,2021-11-03 02:26:47.020023296,416.026950,0.000000,0.469136,True
2021-11-03,10.949224,106.336140,2021-11-03 02:26:47.659006208,416.108200,0.000000,0.419753,True
2021-11-03,10.945720,106.357710,2021-11-03 02:26:47.686002432,415.972960,0.000000,0.370370,True
2021-11-03,10.932482,106.348700,2021-11-03 02:26:47.993021440,416.264530,0.000000,0.358025,True
2021-11-03,10.925545,106.391870,2021-11-03 02:26:48.047014400,416.101500,0.000000,0.493827,True
2021-11-03,10.912263,106.382810,2021-11-03 02:26:48.353027840,415.660100,0.000000,0.407407,True
2021-11-03,11.306441,106.291916,2021-11-03 02:27:03.767025664,413.658170,0.000000,0.308642,True
2021-11-03,11.035863,106.475360,2021-11-03 02:27:09.074017792,416.468960,0.000000,0.592593,True
2021-11-04,20.529125,105.946870,2021-11-04 01:38:09.508026880,417.117900,0.000000,0.320988,True
2021-11-04,20.473410,105.891525,2021-11-04 01:38:09.707019776,418.477420,0.000000,0.320988,True
2021-11-04,20.489124,105.919240,2021-11-04 01:38:09.761012736,418.539180,0.000000,0.432099,True
2021-11-04,20.504940,105.946890,2021-11-04 01:38:09.815005696,418.053470,0.000000,0.580247,True
2021-11-04,20.488707,105.960700,2021-11-04 01:38:10.148015360,417.173100,0.000000,0.444444,True
2021-11-04,20.472893,105.933060,2021-11-04 01:38:10.094022400,417.990500,0.000000,0.555556,True
2021-11-04,20.480787,105.946890,2021-11-04 01:38:10.121018880,416.989470,0.000000,0.395062,True
2021-11-04,20.496655,105.974495,2021-11-04 01:38:10.175011584,416.511100,0.000000,0.395062,True
2021-11-04,20.448793,105.933020,2021-11-04 01:38:10.399995392,417.719060,0.000000,0.543210,True
2021-11-04,20.472473,105.974510,2021-11-04 01:38:10.481025024,417.252230,0.000000,0.518519,True
2021-11-04,20.464554,105.960700,2021-11-04 01:38:10.453988352,416.845700,0.000000,0.407407,True
2021-11-04,20.512888,105.960686,2021-11-04 01:38:09.842002176,417.390000,0.000000,0.456790,True
2021-11-04,20.480420,105.988304,2021-11-04 01:38:10.508021248,417.826100,0.000000,0.506173,True
2021-11-04,20.586103,105.877770,2021-11-04 01:38:08.148026112,418.067440,0.000000,0.419753,True
2021-11-04,20.594057,105.891560,2021-11-04 01:38:08.175022592,420.099400,0.000000,0.345679,True
2021-11-04,20.554047,105.863950,2021-11-04 01:38:08.427002624,415.205300,0.000000,0.382716,True
2021-11-04,20.561949,105.877785,2021-11-04 01:38:08.453999104,418.226650,0.000000,0.481481,True
2021-11-04,20.577827,105.905396,2021-11-04 01:38:08.507992064,419.691930,0.000000,0.395062,True
2021-11-04,20.440428,105.960680,2021-11-04 01:38:10.761007360,417.173740,0.000000,0.469136,True
2021-11-04,20.456238,105.988320,2021-11-04 01:38:10.815000320,417.573000,0.000000,0.567901,True
2021-11-04,20.229214,106.139915,2021-11-04 01:38:15.093995264,414.971920,0.000000,0.419753,True
2021-11-04,20.237091,106.153740,2021-11-04 01:38:15.120991744,413.610720,0.000000,0.518519,True
2021-11-04,20.197287,106.125984,2021-11-04 01:38:15.373011968,413.400880,0.000000,0.506173,True
2021-11-04,20.220835,106.167500,2021-11-04 01:38:15.454001408,414.362300,0.000000,0.456790,True
2021-11-04,20.173237,106.125870,2021-11-04 01:38:15.679991040,412.198180,0.000000,0.567901,True
2021-11-04,20.204576,106.181270,2021-11-04 01:38:15.788016896,414.354370,0.000000,0.395062,True
2021-11-04,20.172056,106.208780,2021-11-04 01:38:16.453996032,410.639100,0.000000,0.419753,True
2021-11-04,20.179953,106.222580,2021-11-04 01:38:16.480992256,412.239620,0.000000,0.345679,True
2021-11-04,20.116701,106.153250,2021-11-04 01:38:16.652989184,410.407040,0.000000,0.456790,True
2021-11-04,20.147924,106.208720,2021-11-04 01:38:16.761015040,411.985800,0.000000,0.308642,True
2021-11-04,20.099745,106.208520,2021-11-04 01:38:17.373001216,413.662600,0.000000,0.395062,True
2021-11-04,20.197966,106.084435,2021-11-04 01:38:14.986009600,414.318730,0.000000,0.345679,True
2021-11-04,20.245468,106.126150,2021-11-04 01:38:14.761025792,413.122500,0.000000,0.592593,True
2021-11-04,20.221990,106.084564,2021-11-04 01:38:14.679996416,413.821100,0.000000,0.419753,True
2021-11-04,20.464182,106.002110,2021-11-04 01:38:10.841996544,416.882100,0.000000,0.444444,True
2021-11-04,20.416327,105.960630,2021-11-04 01:38:11.067020544,418.656980,0.000000,0.555556,True
2021-11-04,20.424190,105.974490,2021-11-04 01:38:11.094017024,416.570400,0.000000,0.444444,True
2021-11-04,20.439999,106.002120,2021-11-04 01:38:11.148009728,413.419650,0.000000,0.518519,True
2021-11-04,20.447940,106.015915,2021-11-04 01:38:11.175006464,415.595100,0.000000,0.481481,True
2021-11-04,20.376650,105.932770,2021-11-04 01:38:11.319000832,417.241300,0.000000,0.469136,True
2021-11-04,20.384438,105.946686,2021-11-04 01:38:11.345997056,417.153750,0.000000,0.469136,True
2021-11-04,20.392250,105.960570,2021-11-04 01:38:11.372993536,416.440100,0.000000,0.493827,True
2021-11-04,20.448320,105.974510,2021-11-04 01:38:10.788003840,416.981020,0.000000,0.456790,True
2021-11-04,20.400090,105.974440,2021-11-04 01:38:11.399990016,416.492030,0.000000,0.481481,True
2021-11-04,20.383848,105.988235,2021-11-04 01:38:11.734005504,416.212550,0.000000,0.444444,True
2021-11-04,20.399600,106.015915,2021-11-04 01:38:11.787998464,413.745330,0.000000,0.481481,True
2021-11-04,20.391264,106.043520,2021-11-04 01:38:12.148004608,414.947970,0.000000,0.530864,True
2021-11-04,20.327932,105.974174,2021-11-04 01:38:12.318995200,413.362240,0.000000,0.493827,True
2021-11-04,20.335716,105.988080,2021-11-04 01:38:12.345991680,414.007660,0.000000,0.407407,True
2021-11-04,20.351358,106.015830,2021-11-04 01:38:12.400024832,415.408050,0.000000,0.456790,True
2021-11-04,20.311690,105.987970,2021-11-04 01:38:12.653010944,413.569430,0.000000,0.543210,True
2021-11-04,20.334202,106.112460,2021-11-04 01:38:13.508005120,411.692630,0.000000,0.493827,True
2021-11-04,20.423756,106.015920,2021-11-04 01:38:11.481019392,413.139430,0.000000,0.432099,True
2021-11-04,20.610287,105.877730,2021-11-04 01:38:07.842012928,419.537900,0.000000,0.395062,True
2021-11-04,20.764889,105.683890,2021-11-04 01:38:04.094014720,416.388520,0.000000,0.481481,True
2021-11-04,20.724573,105.697770,2021-11-04 01:38:04.734003200,417.681370,0.000000,0.469136,True
2021-11-04,20.748314,105.739296,2021-11-04 01:38:04.814992384,414.917850,0.000000,0.456790,True
2021-11-04,20.740063,105.766960,2021-11-04 01:38:05.174998784,415.518370,0.000000,0.345679,True
2021-11-04,20.700031,105.739360,2021-11-04 01:38:05.427019008,414.318200,0.000000,0.407407,True
2021-11-04,20.707943,105.753200,2021-11-04 01:38:05.454015488,416.119230,0.000000,0.382716,True
2021-11-04,20.723845,105.780820,2021-11-04 01:38:05.508008192,417.150050,0.000000,0.333333,True
2021-11-04,20.821144,105.697620,2021-11-04 01:38:03.508019200,417.473420,0.000000,0.506173,True
2021-11-04,20.894170,105.614370,2021-11-04 01:38:01.815008768,418.072140,0.000000,0.395062,True
2021-11-04,20.877977,105.628265,2021-11-04 01:38:02.148018432,417.826420,0.000000,0.580247,True
2021-11-04,20.885956,105.642075,2021-11-04 01:38:02.175014912,416.451660,0.000000,0.444444,True
2021-11-04,20.837355,105.683740,2021-11-04 01:38:03.175009536,417.530360,0.000000,0.382716,True
2021-11-04,20.789017,105.683860,2021-11-04 01:38:03.788001536,416.852080,0.000000,0.432099,True
2021-11-04,20.675930,105.739360,2021-11-04 01:38:05.733997824,416.447360,0.000000,0.530864,True
2021-11-04,20.611063,105.794750,2021-11-04 01:38:07.067002112,416.944000,0.000000,0.345679,True
2021-11-04,20.634779,105.836260,2021-11-04 01:38:07.147991296,417.728520,0.000000,0.456790,True
2021-11-04,20.642736,105.850060,2021-11-04 01:38:07.174987776,418.447900,0.000000,0.382716,True
2021-11-04,20.610626,105.836280,2021-11-04 01:38:07.454004480,418.488600,0.000000,0.358025,True
2021-11-04,20.618557,105.850100,2021-11-04 01:38:07.481000960,417.660680,0.000000,0.469136,True
2021-11-04,20.626513,105.863900,2021-11-04 01:38:07.507997440,418.675100,0.000000,0.555556,True
2021-11-04,20.594402,105.850120,2021-11-04 01:38:07.788020224,418.718540,0.000000,0.320988,True
2021-11-04,20.602331,105.863940,2021-11-04 01:38:07.815016448,418.440500,0.000000,0.395062,True
2021-11-04,20.603209,105.780870,2021-11-04 01:38:07.040005632,416.355930,0.000000,0.320988,True
2021-11-04,20.658960,105.836220,2021-11-04 01:38:06.842018304,417.858250,0.000000,0.456790,True
2021-11-04,20.707624,105.794680,2021-11-04 01:38:05.842023936,418.044530,0.000000,0.493827,True
2021-11-04,20.659714,105.753204,2021-11-04 01:38:06.067007488,417.584440,0.000000,0.530864,True
2021-11-04,20.675507,105.780910,2021-11-04 01:38:06.121000192,417.094000,0.000000,0.432099,True
2021-11-04,20.635641,105.753180,2021-11-04 01:38:06.373020672,417.836500,0.000000,0.407407,True
2021-11-04,20.643497,105.767060,2021-11-04 01:38:06.400017152,417.080260,0.000000,0.419753,True
2021-11-04,20.651380,105.780914,2021-11-04 01:38:06.427013632,416.862000,0.000000,0.370370,True
2021-11-04,20.667223,105.808570,2021-11-04 01:38:06.481006336,417.668820,0.000000,0.604938,True
2021-11-04,20.675184,105.822370,2021-11-04 01:38:06.508002816,417.805540,0.000000,0.469136,True
2021-11-04,20.635162,105.794760,2021-11-04 01:38:06.760988672,418.137120,0.000000,0.308642,True
2021-11-04,20.643068,105.808600,2021-11-04 01:38:06.788025344,416.719880,0.000000,0.308642,True
2021-11-04,20.651001,105.822420,2021-11-04 01:38:06.815022080,417.886300,0.000000,0.333333,True
2021-11-04,20.659288,105.794754,2021-11-04 01:38:06.454010112,418.588700,0.000000,0.308642,True
2021-11-20,13.807012,109.198950,2021-11-20 08:51:14.125000960,415.273160,0.000000,0.419753,True
2021-11-20,13.818433,109.188190,2021-11-20 08:51:14.151997440,414.855900,0.000000,0.333333,True
2021-11-20,20.904295,106.706604,2021-11-20 06:05:42.254993408,415.896030,0.000000,0.320988,True
2021-11-22,21.836550,103.675750,2021-11-22 08:54:37.871994624,415.823700,0.000000,0.382716,True
2021-11-27,18.590048,105.792816,2021-11-27 06:11:20.588020224,415.230530,0.000000,0.506173,True
2021-11-27,19.127386,105.647700,2021-11-27 06:11:30.615002880,416.336850,0.000000,0.345679,True
2021-11-27,19.138910,105.641310,2021-11-27 06:11:30.588006400,415.840850,0.000000,0.395062,True
2021-11-27,19.120657,105.646410,2021-11-27 06:11:30.254996736,416.316300,0.000000,0.395062,True
2021-11-27,19.132038,105.639970,2021-11-27 06:11:30.228000256,416.081400,0.000000,0.382716,True
2021-11-27,18.616924,105.797020,2021-11-27 06:11:22.029010176,415.344200,0.000000,0.407407,True
2021-11-27,18.610342,105.796130,2021-11-27 06:11:21.669004288,415.608060,0.000000,0.469136,True
2021-11-27,18.621922,105.790080,2021-11-27 06:11:21.642007808,415.903000,0.000000,0.395062,True
2021-11-27,18.615238,105.788994,2021-11-27 06:11:21.282001664,415.895570,0.000000,0.382716,True
2021-11-27,18.626730,105.782720,2021-11-27 06:11:21.255005440,415.322970,0.000000,0.432099,True
2021-11-27,18.608423,105.787800,2021-11-27 06:11:20.920989696,416.214870,0.000000,0.358025,True
2021-11-27,18.578552,105.799080,2021-11-27 06:11:20.615016960,416.145320,0.000000,0.370370,True
2021-11-27,18.464853,105.843810,2021-11-27 06:11:19.748998656,415.425700,0.000000,0.407407,True
2021-11-27,18.488462,105.832190,2021-11-27 06:11:19.696011520,415.130680,0.000000,0.444444,True
2021-11-27,18.601374,105.786476,2021-11-27 06:11:20.561989632,414.713100,0.000000,0.407407,True
2021-11-27,19.190342,105.642020,2021-11-27 06:11:32.723017984,415.308720,0.000000,0.493827,True
2021-11-27,18.437784,105.840256,2021-11-27 06:11:18.309014272,415.276820,0.000000,0.444444,True
2021-11-27,18.467823,105.829025,2021-11-27 06:11:18.614987264,416.299800,0.000000,0.567901,True
2021-11-27,18.456251,105.835180,2021-11-27 06:11:18.642023936,416.333600,0.000000,0.407407,True
2021-11-27,19.178417,105.647920,2021-11-27 06:11:32.749008640,415.716980,0.000000,0.407407,True
2021-11-27,19.157167,105.636220,2021-11-27 06:11:30.921016064,414.894700,0.000000,0.469136,True
2021-11-27,19.196678,105.642800,2021-11-27 06:11:33.083024128,415.556500,0.000000,0.333333,True
2021-11-27,19.168663,105.629840,2021-11-27 06:11:30.895025408,414.606840,0.000000,0.358025,True
2021-11-27,19.135557,105.657270,2021-11-27 06:11:31.723023360,415.817500,0.000000,0.358025,True
2021-11-27,19.123648,105.663180,2021-11-27 06:11:31.749014016,416.146970,0.000000,0.444444,True
2021-11-27,19.189060,105.634050,2021-11-27 06:11:31.975003392,416.170470,0.000000,0.444444,True
2021-11-27,19.177479,105.640240,2021-11-27 06:11:32.001999872,415.097080,0.000000,0.419753,True
2021-11-27,19.147360,105.651270,2021-11-27 06:11:31.695986688,415.257750,0.000000,0.407407,True
2021-11-27,19.165695,105.646310,2021-11-27 06:11:32.028996352,413.982200,0.000000,0.518519,True
2021-11-27,19.141962,105.658190,2021-11-27 06:11:32.082989312,415.862240,0.000000,0.481481,True
2021-11-27,19.195711,105.635090,2021-11-27 06:11:32.336015360,415.627100,0.000000,0.320988,True
2021-11-27,19.183954,105.641174,2021-11-27 06:11:32.363011840,415.849370,0.000000,0.456790,True
2021-11-27,19.172113,105.647156,2021-11-27 06:11:32.389002240,415.043500,0.000000,0.518519,True
2021-11-27,19.159105,105.645180,2021-11-27 06:11:31.668990208,413.539280,0.000000,0.370370,True
2021-11-27,19.145657,105.642620,2021-11-27 06:11:30.948012288,415.569950,0.000000,0.308642,True
2021-11-27,19.134012,105.648920,2021-11-27 06:11:30.975009024,416.142640,0.000000,0.308642,True
2021-11-27,19.122398,105.655075,2021-11-27 06:11:31.002005248,417.106380,0.000000,0.370370,True
2021-11-27,19.186914,105.624790,2021-11-27 06:11:31.227994880,415.477230,0.000000,0.382716,True
2021-11-27,19.175508,105.631230,2021-11-27 06:11:31.254991360,416.075100,0.000000,0.382716,True
2021-11-27,19.152380,105.643970,2021-11-27 06:11:31.309024256,415.519260,0.000000,0.320988,True
2021-11-27,19.140745,105.650120,2021-11-27 06:11:31.336020992,415.739320,0.000000,0.395062,True
2021-11-27,19.129015,105.656220,2021-11-27 06:11:31.363017216,416.667820,0.000000,0.395062,True
2021-11-27,19.163977,105.637630,2021-11-27 06:11:31.281987584,415.479000,0.000000,0.481481,True
2021-12-04,22.725935,103.313446,2021-12-04 04:19:17.581999872,415.090970,0.000000,0.333333,True
2021-12-04,21.913100,103.347640,2021-12-04 06:18:41.389008896,415.992250,0.000000,0.358025,True
2021-12-04,21.900625,103.354294,2021-12-04 06:18:41.416005632,414.595180,0.000000,0.395062,True
2021-12-04,21.899988,103.343980,2021-12-04 06:18:40.668996864,415.632600,0.000000,0.370370,True
2021-12-04,21.906527,103.345860,2021-12-04 06:18:41.029003008,416.761870,0.000000,0.407407,True
2021-12-04,21.894611,103.352830,2021-12-04 06:18:41.055999232,415.442660,0.000000,0.320988,True
2021-12-05,18.623497,105.766235,2021-12-05 03:31:29.771001088,418.258670,0.000000,0.333333,True
2021-12-05,18.630560,105.731660,2021-12-05 03:31:29.492024320,419.375240,0.000000,0.345679,True
2021-12-05,18.599980,105.787270,2021-12-05 03:31:29.717008128,418.340730,0.000000,0.444444,True
2021-12-05,18.499624,105.624060,2021-12-05 03:31:26.825010176,418.869350,0.000000,0.493827,True
2021-12-05,18.628159,105.790140,2021-12-05 03:31:30.078020096,418.425230,0.000000,0.320988,True
2021-12-05,18.686640,105.737305,2021-12-05 03:31:30.213002240,418.436000,0.000000,0.543210,True
2021-12-05,18.632816,105.672780,2021-12-05 03:31:28.905988608,418.540920,0.000000,0.308642,True
2021-12-05,18.487920,105.634640,2021-12-05 03:31:26.798013696,418.653320,0.000000,0.395062,True
2021-12-05,18.476189,105.645210,2021-12-05 03:31:26.771017216,418.788600,0.000000,0.481481,True
2021-12-05,18.464434,105.655750,2021-12-05 03:31:26.744020992,419.249150,0.000000,0.407407,True
2021-12-05,18.506552,105.589360,2021-12-05 03:31:26.545993216,418.843800,0.000000,0.481481,True
2021-12-05,18.483261,105.610596,2021-12-05 03:31:26.492000512,418.964360,0.000000,0.370370,True
2021-12-05,18.513649,105.696010,2021-12-05 03:31:27.744015360,418.937960,0.000000,0.530864,True
2021-12-05,18.525387,105.685470,2021-12-05 03:31:27.771011840,419.120180,0.000000,0.382716,True
2021-12-05,18.537102,105.674910,2021-12-05 03:31:27.798008320,418.833620,0.000000,0.419753,True
2021-12-05,18.548788,105.664330,2021-12-05 03:31:27.825004800,418.500000,0.000000,0.419753,True
2021-12-05,18.520784,105.661415,2021-12-05 03:31:27.464998656,418.222720,0.000000,0.345679,True
2021-12-05,18.553482,105.688340,2021-12-05 03:31:28.132023808,418.650940,0.000000,0.493827,True
2021-12-05,18.616470,105.659340,2021-12-05 03:31:28.573019392,417.493530,0.000000,0.382716,True
2021-12-05,18.511305,105.613440,2021-12-05 03:31:26.852006656,418.883200,0.000000,0.469136,True
2021-12-05,18.509050,105.671980,2021-12-05 03:31:27.438002176,418.924740,0.000000,0.543210,True
2021-12-05,18.485504,105.693040,2021-12-05 03:31:27.384009472,419.115230,0.000000,0.518519,True
2021-12-05,18.497290,105.682526,2021-12-05 03:31:27.411005696,418.789520,0.000000,0.456790,True
2021-12-05,18.480808,105.669210,2021-12-05 03:31:27.077996288,418.997070,0.000000,0.481481,True
2021-12-05,18.492561,105.658670,2021-12-05 03:31:27.104992512,417.864230,0.000000,0.432099,True
2021-12-05,18.504288,105.648094,2021-12-05 03:31:27.131988992,418.861420,0.000000,0.456790,True
2021-12-05,18.515990,105.637500,2021-12-05 03:31:27.159025664,418.740900,0.000000,0.358025,True
2021-12-05,18.527666,105.626880,2021-12-05 03:31:27.186022144,418.191070,0.000000,0.370370,True
2021-12-05,18.550945,105.605550,2021-12-05 03:31:27.240015104,417.772830,0.000000,0.407407,True
2021-12-06,10.822062,106.499930,2021-12-06 02:42:54.779006976,417.133120,0.000000,0.543210,True
2021-12-06,10.859917,106.469300,2021-12-06 02:42:55.194011648,417.640560,0.000000,0.444444,True
2021-12-06,10.826433,106.444305,2021-12-06 02:42:54.527026688,419.086940,0.000000,0.358025,True
2021-12-06,11.044515,106.468750,2021-12-06 02:43:21.193991168,416.826720,0.000000,0.530864,True
2021-12-06,11.052579,106.554390,2021-12-06 02:43:21.419015168,418.255860,0.000000,0.432099,True
2021-12-06,11.011126,106.443726,2021-12-06 02:43:20.527006464,417.641200,0.000000,0.345679,True
2021-12-06,10.944188,106.393776,2021-12-06 02:43:19.194002176,417.706120,0.000000,0.444444,True
2021-12-06,10.994368,106.431260,2021-12-06 02:43:20.193996544,418.054700,0.000000,0.407407,True
2021-12-06,10.942059,106.412130,2021-12-06 02:43:19.167005696,417.628300,0.000000,0.382716,True
2021-12-06,10.925314,106.399635,2021-12-06 02:43:18.832990208,417.969120,0.000000,0.395062,True
2021-12-06,10.843610,106.318756,2021-12-06 02:43:17.194013184,418.058300,0.000000,0.444444,True
2021-12-06,10.853982,106.386190,2021-12-06 02:43:17.445993216,417.939540,0.000000,0.518519,True
2021-12-06,10.863814,106.453190,2021-12-06 02:43:17.698013440,418.154800,0.000000,0.308642,True
2021-12-06,10.872912,106.380420,2021-12-06 02:43:17.805999360,418.178700,0.000000,0.432099,True
2021-12-06,10.887466,106.411250,2021-12-06 02:43:18.113018368,417.574900,0.000000,0.308642,True
2021-12-06,10.891792,106.374630,2021-12-06 02:43:18.167011328,418.735000,0.000000,0.481481,True
2021-12-06,10.893873,106.356255,2021-12-06 02:43:18.194007552,418.725520,0.000000,0.555556,True
2021-12-06,10.897333,106.478200,2021-12-06 02:43:18.364998400,417.276500,0.000000,0.382716,True
2021-12-06,10.908609,106.387000,2021-12-06 02:43:18.500020736,418.154540,0.000000,0.382716,True
2021-12-06,10.910680,106.368640,2021-12-06 02:43:18.527017216,417.806800,0.000000,0.506173,True
2021-12-06,10.923182,106.417940,2021-12-06 02:43:18.805993728,418.150240,0.000000,0.308642,True
2021-12-06,10.583762,106.576550,2021-12-06 02:42:00.860007168,419.614560,0.000000,0.407407,True
2021-12-06,10.542807,106.619330,2021-12-06 02:42:01.419006464,419.223360,0.000000,0.444444,True
2021-12-06,10.578174,106.627450,2021-12-06 02:42:01.779012608,419.358300,0.000000,0.444444,True
2021-12-06,10.381300,106.575520,2021-12-06 02:41:36.193997568,419.068450,0.000000,0.382716,True
2021-12-06,10.506949,106.685690,2021-12-06 02:41:39.167025152,419.214400,0.000000,0.382716,True
2021-12-06,10.663983,106.510086,2021-12-06 02:42:23.166987776,418.581880,0.000000,0.320988,True
2021-12-06,10.678419,106.501595,2021-12-06 02:42:23.194024448,418.041800,0.000000,0.308642,True
2021-12-06,10.593312,106.573135,2021-12-06 02:42:23.338018560,418.925300,0.000000,0.320988,True
2021-12-06,10.711955,106.526540,2021-12-06 02:42:23.860003584,417.890100,0.000000,0.308642,True
2021-12-06,10.620453,106.535450,2021-12-06 02:42:23.085998336,418.711200,0.000000,0.320988,True
2021-12-06,11.032102,106.948044,2021-12-06 02:42:10.472990976,417.243130,0.000000,0.345679,True
2021-12-06,10.538840,106.493990,2021-12-06 02:42:21.724991744,417.545870,0.000000,0.320988,True
2021-12-06,10.565807,106.456130,2021-12-06 02:42:21.473011712,418.503020,0.000000,0.320988,True
2021-12-13,21.509912,107.994780,2021-12-13 06:11:24.587998720,418.524720,0.000000,0.358025,True
2021-12-18,21.471031,105.858610,2021-12-18 07:57:31.643988736,418.915470,0.000000,0.370370,True
2021-12-18,21.002768,106.204210,2021-12-18 07:57:19.085014016,419.072940,0.000000,0.395062,True
2021-12-18,21.019756,106.168210,2021-12-18 07:57:18.390992640,419.762020,0.000000,0.444444,True
2021-12-18,21.275131,105.941780,2021-12-18 07:57:13.058010112,418.922150,0.000000,0.530864,True
2021-12-18,21.230118,105.918290,2021-12-18 07:57:12.977020672,418.188400,0.000000,0.370370,True
2021-12-18,21.215096,105.910350,2021-12-18 07:57:12.950024448,418.107700,0.000000,0.370370,True
2021-12-18,21.185022,105.894320,2021-12-18 07:57:12.895991296,419.005920,0.000000,0.395062,True
2021-12-18,21.306068,105.935370,2021-12-18 07:57:12.751996672,418.944850,0.000000,0.419753,True
2021-12-18,21.231026,105.896225,2021-12-18 07:57:12.617014528,418.410680,0.000000,0.370370,True
2021-12-18,21.215992,105.888214,2021-12-18 07:57:12.590018304,418.285370,0.000000,0.493827,True
2021-12-18,21.290121,105.949510,2021-12-18 07:57:13.085006592,419.106480,0.000000,0.320988,True
2021-12-18,21.277012,105.897835,2021-12-18 07:57:12.336992000,418.744450,0.000000,0.320988,True
2021-12-18,21.246973,105.882065,2021-12-18 07:57:12.282999040,419.025480,0.000000,0.370370,True
2021-12-18,21.231937,105.874090,2021-12-18 07:57:12.256002560,418.499480,0.000000,0.444444,True
2021-12-18,21.337933,105.906930,2021-12-18 07:57:12.085011968,418.661380,0.000000,0.345679,True
2021-12-18,21.307932,105.891450,2021-12-18 07:57:12.031019008,419.063420,0.000000,0.320988,True
2021-12-18,21.292923,105.883610,2021-12-18 07:57:12.004022528,418.344670,0.000000,0.345679,True
2021-12-18,21.292019,105.905660,2021-12-18 07:57:12.363988480,419.361400,0.000000,0.543210,True
2021-12-18,21.169054,105.908480,2021-12-18 07:57:13.229000704,417.844940,0.000000,0.370370,True
2021-12-18,21.259176,105.955956,2021-12-18 07:57:13.391019776,418.895970,0.000000,0.432099,True
2021-12-18,21.050740,106.161760,2021-12-18 07:57:18.085019648,419.559880,0.000000,0.530864,True
2021-12-18,21.035763,106.154015,2021-12-18 07:57:18.058023168,419.809500,0.000000,0.432099,True
2021-12-18,21.020773,106.146230,2021-12-18 07:57:18.031026944,419.583920,0.000000,0.543210,True
2021-12-18,20.990770,106.130500,2021-12-18 07:57:17.976993536,419.936600,0.000000,0.469136,True
2021-12-18,20.975758,106.122536,2021-12-18 07:57:17.949997312,420.251000,0.000000,0.432099,True
2021-12-18,21.051722,106.139930,2021-12-18 07:57:17.725013504,418.853580,0.000000,0.407407,True
2021-12-18,21.006746,106.116394,2021-12-18 07:57:17.644024064,420.321260,0.000000,0.345679,True
2021-12-18,21.067660,106.125830,2021-12-18 07:57:17.390997760,420.655500,0.000000,0.308642,True
2021-12-18,21.098572,106.119530,2021-12-18 07:57:17.085025024,420.447050,0.000000,0.518519,True
2021-12-18,21.210335,106.020325,2021-12-18 07:57:14.752026112,418.791170,0.000000,0.444444,True
2021-12-18,21.166286,105.974850,2021-12-18 07:57:14.310024960,417.476870,0.000000,0.456790,True
2021-12-18,21.258196,105.977790,2021-12-18 07:57:13.751991296,418.662320,0.000000,0.395062,True
2021-12-18,21.243210,105.970060,2021-12-18 07:57:13.724994816,418.340640,0.000000,0.506173,True
2021-12-18,21.213215,105.954450,2021-12-18 07:57:13.671002112,419.097960,0.000000,0.456790,True
2021-12-18,21.274170,105.963684,2021-12-18 07:57:13.418016256,418.551420,0.000000,0.481481,True
2021-12-18,21.034735,106.175950,2021-12-18 07:57:18.417989120,418.727900,0.000000,0.444444,True
2021-12-18,21.050589,106.191666,2021-12-18 07:57:39.589992448,419.768100,0.000000,0.432099,True
2021-12-18,21.032040,106.188194,2021-12-18 07:57:39.562995968,419.680970,0.000000,0.308642,True
2021-12-18,21.066570,106.177630,2021-12-18 07:57:39.256017152,418.997280,0.000000,0.456790,True
2021-12-18,21.048035,106.174160,2021-12-18 07:57:39.229020928,420.250150,0.000000,0.382716,True
2021-12-18,21.239946,106.123280,2021-12-18 07:57:37.724985600,418.717700,0.000000,0.320988,True
2021-12-18,21.069181,106.195070,2021-12-18 07:57:39.616988928,419.871730,0.000000,0.444444,True
2021-12-18,21.306747,106.083855,2021-12-18 07:57:36.751987456,418.800630,0.000000,0.308642,True
2021-12-18,21.322750,106.069680,2021-12-18 07:57:36.418012160,418.230220,0.000000,0.345679,True
2021-12-18,21.285140,106.063450,2021-12-18 07:57:36.364019200,419.182860,0.000000,0.345679,True
2021-12-18,21.071825,106.212524,2021-12-18 07:57:39.976995072,420.606350,0.000000,0.555556,True
2021-12-18,21.262878,105.867860,2021-12-18 07:57:11.949989632,419.672940,0.000000,0.345679,True
2021-12-18,21.053192,106.209170,2021-12-18 07:57:39.949998592,420.856300,0.000000,0.419753,True
2021-12-18,21.080101,106.264600,2021-12-18 07:57:41.058019072,419.072720,0.000000,0.493827,True
2021-12-18,21.077381,106.247220,2021-12-18 07:57:40.698013184,421.294680,0.000000,0.481481,True
2021-12-18,21.058670,106.243970,2021-12-18 07:57:40.671016704,420.474400,0.000000,0.493827,True
2021-12-18,21.039976,106.240700,2021-12-18 07:57:40.644019968,421.814480,0.000000,0.456790,True
2021-12-18,21.021318,106.237370,2021-12-18 07:57:40.617023744,421.146270,0.000000,0.407407,True
2021-12-18,21.074514,106.230000,2021-12-18 07:57:40.337000960,420.266850,0.000000,0.382716,True
2021-12-18,21.037193,106.223366,2021-12-18 07:57:40.283008000,420.162700,0.000000,0.506173,True
2021-12-18,21.018602,106.219955,2021-12-18 07:57:40.256011776,420.191900,0.000000,0.493827,True
2021-12-18,21.061310,106.261444,2021-12-18 07:57:41.031022592,420.518920,0.000000,0.432099,True
2021-12-18,21.319538,105.933655,2021-12-18 07:57:33.562988288,418.381840,0.000000,0.320988,True
2021-12-18,21.354050,105.922935,2021-12-18 07:57:33.256009472,418.444340,0.000000,0.358025,True
2021-12-18,21.303621,105.947800,2021-12-18 07:57:33.895997952,419.198640,0.000000,0.345679,True
2021-12-18,21.279608,106.028720,2021-12-18 07:57:35.644006912,419.402900,0.000000,0.444444,True
2021-12-18,21.311533,106.000380,2021-12-18 07:57:34.977022208,419.188700,0.000000,0.320988,True
2021-12-18,21.292883,105.997080,2021-12-18 07:57:34.950025472,419.058560,0.000000,0.320988,True
2021-12-18,21.274292,105.993690,2021-12-18 07:57:34.922988800,419.183200,0.000000,0.407407,True
2021-12-18,21.383670,105.995860,2021-12-18 07:57:34.725001728,418.315670,0.000000,0.395062,True
2021-12-18,21.346142,105.989520,2021-12-18 07:57:34.671008768,418.681760,0.000000,0.320988,True
2021-12-18,21.322140,105.951300,2021-12-18 07:57:33.922994432,418.738400,0.000000,0.370370,True
2021-12-18,21.271710,105.976080,2021-12-18 07:57:34.563023104,419.580000,0.000000,0.481481,True
2021-12-18,21.359383,105.957930,2021-12-18 07:57:33.977027328,419.091860,0.000000,0.506173,True
2021-12-18,21.418516,105.984764,2021-12-18 07:57:34.418022912,418.144400,0.000000,0.320988,True
2021-12-18,20.795668,105.750465,2021-12-18 07:56:08.923012864,419.450100,0.000000,0.530864,True
2021-12-18,21.254705,105.699730,2021-12-18 07:56:46.310016000,421.620420,0.000000,0.395062,True
2021-12-18,21.258972,105.768875,2021-12-18 07:56:46.725020672,419.632840,0.000000,0.370370,True
2021-12-18,21.217993,105.829560,2021-12-18 07:56:47.752011776,418.781740,0.000000,0.481481,True
2021-12-18,21.236355,105.764840,2021-12-18 07:56:47.030993664,419.512660,0.000000,0.370370,True
2021-12-18,21.221247,105.414070,2021-12-18 07:55:59.977014272,421.560850,0.000000,0.469136,True
2021-12-18,20.884695,105.783394,2021-12-18 07:56:07.058005760,419.887020,0.000000,0.308642,True
2021-12-18,20.853088,105.811730,2021-12-18 07:56:07.724990720,419.690430,0.000000,0.432099,True
2021-12-18,20.823532,105.792946,2021-12-18 07:56:08.337017344,420.557200,0.000000,0.543210,True
2021-12-18,20.808825,105.783430,2021-12-18 07:56:08.643996160,420.596650,0.000000,0.320988,True
2021-12-18,21.187178,105.675120,2021-12-18 07:56:24.057994240,420.334350,0.000000,0.592593,True
2021-12-18,20.888231,105.712570,2021-12-18 07:56:06.977016576,419.835330,0.000000,0.481481,True
2021-12-18,21.170202,105.872086,2021-12-18 07:56:48.752006400,418.383800,0.000000,0.382716,True
2021-12-18,21.154215,105.886220,2021-12-18 07:56:49.085016064,418.070620,0.000000,0.419753,True
2021-12-20,9.277664,105.483220,2021-12-20 08:01:09.671009536,423.488860,0.000000,0.543210,True
2021-12-20,9.385241,105.461300,2021-12-20 08:01:08.085019392,423.353640,0.000000,0.555556,True
2021-12-20,9.343795,105.472830,2021-12-20 08:01:08.725007872,422.048980,0.000000,0.432099,True
2021-12-20,9.351678,105.486100,2021-12-20 08:01:08.752004096,423.119700,0.000000,0.555556,True
2021-12-20,9.310210,105.497600,2021-12-20 08:01:09.390987008,421.728970,0.000000,0.518519,True
2021-12-20,9.285484,105.496540,2021-12-20 08:01:09.698006016,421.799650,0.000000,0.629630,True
2021-12-20,9.259636,105.534470,2021-12-20 08:01:10.391021824,420.424160,0.000000,0.370370,True
2021-12-20,9.301207,105.523100,2021-12-20 08:01:09.751998976,421.853060,0.000000,0.580247,True
2021-12-20,9.245274,105.468860,2021-12-20 08:01:09.950026240,422.055480,0.000000,0.432099,True
2021-12-20,9.268606,105.508766,2021-12-20 08:01:10.031015680,421.174350,0.000000,0.604938,True
2021-12-20,9.276441,105.522030,2021-12-20 08:01:10.058011904,420.270050,0.000000,0.580247,True
2021-12-20,9.267487,105.547710,2021-12-20 08:01:10.418018048,419.374420,0.000000,0.493827,True
2021-12-20,9.293332,105.509830,2021-12-20 08:01:09.725002240,421.577030,0.000000,0.641975,True
2021-12-22,22.244833,106.487250,2021-12-22 06:06:40.389017088,416.037800,0.000000,0.320988,True
2021-12-25,12.571058,109.131590,2021-12-25 05:39:41.084985856,416.720760,0.000000,0.432099,True
2021-12-25,12.513723,109.117004,2021-12-25 05:39:41.671021824,417.023040,0.000000,0.407407,True
2021-12-25,12.512938,109.156260,2021-12-25 05:39:42.058024448,418.278080,0.000000,0.370370,True
2021-12-25,12.520919,109.169490,2021-12-25 05:39:42.085020672,416.404330,0.000000,0.580247,True
2021-12-25,12.464457,109.115590,2021-12-25 05:39:42.283008000,418.329280,0.000000,0.419753,True
2021-12-25,12.488217,109.155556,2021-12-25 05:39:42.363997440,417.579620,0.000000,0.444444,True
2021-12-25,12.496192,109.168840,2021-12-25 05:39:42.390993920,418.548680,0.000000,0.320988,True
2021-12-25,12.490098,109.077095,2021-12-25 05:39:41.589992192,416.790700,0.000000,0.358025,True
2021-12-25,12.554372,109.144270,2021-12-25 05:39:41.417995776,417.237670,0.000000,0.506173,True
2021-12-25,12.548119,109.052660,2021-12-25 05:39:40.616994048,417.572170,0.000000,0.320988,True
2021-12-25,12.556011,109.065990,2021-12-25 05:39:40.643990528,416.919900,0.000000,0.543210,True
2021-12-25,12.563927,109.079290,2021-12-25 05:39:40.671027200,417.378800,0.000000,0.395062,True
2021-12-25,12.547173,109.091830,2021-12-25 05:39:41.003996928,416.953600,0.000000,0.444444,True
2021-12-25,12.555107,109.105095,2021-12-25 05:39:41.030993152,417.475250,0.000000,0.456790,True
2021-12-25,12.563068,109.118355,2021-12-25 05:39:41.057989632,417.832100,0.000000,0.370370,True
2021-12-25,12.538406,109.117750,2021-12-25 05:39:41.364002816,417.771000,0.000000,0.382716,True
2021-12-25,12.546376,109.131020,2021-12-25 05:39:41.390999296,416.807160,0.000000,0.395062,True
2021-12-27,10.498223,107.402504,2021-12-27 06:20:52.029016576,418.333600,0.000000,0.370370,True
2021-12-27,10.509838,107.402790,2021-12-27 06:20:52.389022720,417.074550,0.000000,0.320988,True
2021-12-27,10.495022,107.397270,2021-12-27 06:20:51.642013952,417.691560,0.000000,0.333333,True
2021-12-28,9.541219,105.840600,2021-12-28 04:52:04.670988288,418.472100,0.000000,0.530864,True
2021-12-28,10.425835,105.132744,2021-12-28 04:51:46.590016000,419.839080,0.000000,0.617284,True
2021-12-28,10.435210,105.106766,2021-12-28 04:51:46.229004288,418.620900,0.000000,0.469136,True
2021-12-28,10.485599,105.069520,2021-12-28 04:51:45.229009664,414.836730,0.000000,0.629630,True
