date,latitude,longitude,time,xco2,xco2_quality_flag,rice_proportion_in_buffer,is_rice_influenced
2023-01-01,20.827170,106.102640,2023-01-01 02:01:43.568995072,421.420600,0.000000,0.370370,True
2023-01-01,20.814026,106.068630,2023-01-01 02:01:43.515002368,421.075600,0.000000,0.358025,True
2023-01-01,20.807455,106.051520,2023-01-01 02:01:43.488005632,421.901580,0.000000,0.469136,True
2023-01-01,20.800898,106.034360,2023-01-01 02:01:43.461009152,421.696930,0.000000,0.308642,True
2023-01-01,20.863020,106.139190,2023-01-01 02:01:43.317015040,421.024780,0.000000,0.382716,True
2023-01-01,20.843208,106.088585,2023-01-01 02:01:43.236025600,421.140380,0.000000,0.395062,True
2023-01-01,20.836640,106.071620,2023-01-01 02:01:43.208988928,421.337340,0.000000,0.370370,True
2023-01-01,20.879065,106.125150,2023-01-01 02:01:42.982999296,421.838130,0.000000,0.481481,True
2023-01-01,20.872463,106.108330,2023-01-01 02:01:42.956003072,421.691650,0.000000,0.506173,True
2023-01-01,20.865864,106.091440,2023-01-01 02:01:42.929006592,421.184020,0.000000,0.444444,True
2023-01-01,20.833754,106.119560,2023-01-01 02:01:43.595991296,421.850860,0.000000,0.481481,True
2023-01-01,20.852701,106.057510,2023-01-01 02:01:42.875013632,420.633600,0.000000,0.407407,True
2023-01-01,20.895086,106.110900,2023-01-01 02:01:42.649989632,421.416840,0.000000,0.543210,True
2023-01-01,20.888472,106.094086,2023-01-01 02:01:42.622993152,421.143950,0.000000,0.456790,True
2023-01-01,20.881860,106.077210,2023-01-01 02:01:42.595996928,421.623700,0.000000,0.358025,True
2023-01-01,20.868664,106.043290,2023-01-01 02:01:42.542004224,422.073180,0.000000,0.333333,True
2023-01-01,20.911154,106.096924,2023-01-01 02:01:42.317020416,421.343350,0.000000,0.333333,True
2023-01-01,20.897940,106.063255,2023-01-01 02:01:42.263027456,422.253600,0.000000,0.567901,True
2023-01-01,20.846128,106.040450,2023-01-01 02:01:42.848017152,422.016400,0.000000,0.444444,True
2023-01-01,20.846987,106.153260,2023-01-01 02:01:43.650024448,422.079930,0.000000,0.456790,True
2023-01-01,20.791416,106.065575,2023-01-01 02:01:43.821015296,421.332100,0.000000,0.407407,True
2023-01-01,20.814900,106.181340,2023-01-01 02:01:44.317009408,421.342220,0.000000,0.530864,True
2023-01-01,20.830970,106.167310,2023-01-01 02:01:43.982994176,421.811650,0.000000,0.345679,True
2023-01-01,20.824339,106.150480,2023-01-01 02:01:43.955997440,422.183650,0.000000,0.592593,True
2023-01-01,20.811132,106.116684,2023-01-01 02:01:43.902004736,421.424960,0.000000,0.592593,True
2023-01-01,20.804540,106.099700,2023-01-01 02:01:43.875008000,421.237950,0.000000,0.432099,True
2023-01-01,20.797985,106.082680,2023-01-01 02:01:43.848011776,421.211300,0.000000,0.518519,True
2023-01-01,21.119360,105.913246,2023-01-01 02:01:37.983026432,422.052580,0.000000,0.308642,True
2023-01-01,21.106085,105.879480,2023-01-01 02:01:37.928993536,422.281800,0.000000,0.320988,True
2023-01-01,21.135326,105.898980,2023-01-01 02:01:37.650016768,421.676800,0.000000,0.395062,True
2023-01-01,21.151337,105.884860,2023-01-01 02:01:37.317007104,420.701870,0.000000,0.345679,True
2023-01-01,21.118217,105.800090,2023-01-01 02:01:37.182024960,421.547240,0.000000,0.358025,True
2023-01-01,21.167376,105.870700,2023-01-01 02:01:36.982991616,422.058440,0.000000,0.358025,True
2023-01-01,20.952610,106.037735,2023-01-01 02:01:41.289989120,420.535550,0.000000,0.370370,True
2023-01-01,21.007265,106.012120,2023-01-01 02:01:40.316990976,421.974850,0.000000,0.308642,True
2023-01-01,21.621948,105.608130,2023-01-01 02:01:57.595995904,420.442600,0.000000,0.320988,True
2023-01-01,20.720003,106.087685,2023-01-01 02:01:21.955996160,420.745450,0.000000,0.308642,True
2023-01-01,20.716702,106.068180,2023-01-01 02:01:21.928999680,422.769600,0.000000,0.370370,True
2023-01-01,20.728905,106.034620,2023-01-01 02:01:21.568993536,422.245180,0.000000,0.592593,True
2023-01-01,20.741722,106.001030,2023-01-01 02:01:21.208987392,421.016660,0.000000,0.481481,True
2023-01-01,20.723345,106.107160,2023-01-01 02:01:21.982992640,422.484280,0.000000,0.345679,True
2023-01-01,20.771307,106.064830,2023-01-01 02:01:20.982998016,422.242300,0.000000,0.456790,True
2023-01-01,20.767992,106.045395,2023-01-01 02:01:20.956001536,421.371100,0.000000,0.444444,True
2023-01-01,20.847797,105.863120,2023-01-01 02:01:18.820990208,420.944270,0.000000,0.308642,True
2023-01-01,20.879705,105.834780,2023-01-01 02:01:18.155010816,421.149600,0.000000,0.370370,True
2023-01-01,20.892693,105.801050,2023-01-01 02:01:17.793998848,421.699520,0.000000,0.456790,True
2023-01-01,20.914980,105.826126,2023-01-01 02:01:17.515022592,422.091980,0.000000,0.419753,True
2023-01-01,20.882961,105.854390,2023-01-01 02:01:18.182007296,420.985100,0.000000,0.358025,True
2023-01-01,20.751919,105.947780,2023-01-01 02:01:20.821019392,422.427800,0.000000,0.506173,True
2023-01-01,20.780226,106.011925,2023-01-01 02:01:20.595995392,421.619020,0.000000,0.481481,True
2023-01-01,20.803015,106.036840,2023-01-01 02:01:20.317018880,423.009740,0.000000,0.333333,True
2023-01-01,20.799700,106.017334,2023-01-01 02:01:20.290022400,422.231700,0.000000,0.395062,True
2023-01-01,20.812286,105.871800,2023-01-01 02:01:19.461018880,421.255920,0.000000,0.592593,True
2023-01-01,21.263397,105.785774,2023-01-01 02:01:34.983002624,421.272980,0.000000,0.308642,True
2023-01-01,21.252813,105.703830,2023-01-01 02:01:34.542007296,421.638920,0.000000,0.407407,True
2023-01-01,21.246193,105.686745,2023-01-01 02:01:34.515010816,421.456540,0.000000,0.320988,True
2023-01-01,21.275383,105.706630,2023-01-01 02:01:34.235993856,421.405100,0.000000,0.493827,True
2023-01-01,21.291386,105.692345,2023-01-01 02:01:33.902018560,421.132080,0.000000,0.444444,True
2023-01-01,21.284763,105.675316,2023-01-01 02:01:33.875022080,421.926760,0.000000,0.382716,True
2023-01-01,21.264898,105.623924,2023-01-01 02:01:33.793992704,422.309480,0.000000,0.444444,True
2023-01-01,21.329998,105.680980,2023-01-01 02:01:33.262995712,422.018800,0.000000,0.345679,True
2023-01-01,21.220852,105.732180,2023-01-01 02:01:35.208992000,421.097320,0.000000,0.308642,True
2023-01-01,21.215385,105.828220,2023-01-01 02:01:35.982997248,421.912960,0.000000,0.456790,True
2023-01-01,21.169016,105.709130,2023-01-01 02:01:35.794022144,421.936980,0.000000,0.382716,True
2023-01-01,21.185015,105.694920,2023-01-01 02:01:35.461012480,421.073200,0.000000,0.580247,True
2023-01-01,21.234116,105.766136,2023-01-01 02:01:35.263025408,421.665220,0.000000,0.345679,True
2023-01-01,21.399326,105.527470,2023-01-01 02:01:31.155021056,423.512880,0.000000,0.308642,True
2023-01-01,21.376757,105.524610,2023-01-01 02:01:31.460993792,422.778380,0.000000,0.407407,True
2023-01-01,21.328829,105.567240,2023-01-01 02:01:32.460988416,422.242000,0.000000,0.308642,True
2023-01-01,21.344755,105.552956,2023-01-01 02:01:32.128019200,422.384600,0.000000,0.320988,True
2023-01-01,21.393997,105.624180,2023-01-01 02:01:31.929025792,422.647980,0.000000,0.308642,True
2023-01-01,20.908674,105.786896,2023-01-01 02:01:17.460989440,422.817600,0.000000,0.518519,True
2023-01-01,21.411118,105.966965,2023-01-01 02:02:26.290026752,420.231380,0.000000,0.320988,True
2023-01-01,21.354885,105.957600,2023-01-01 02:02:26.208997120,420.733120,0.000000,0.506173,True
2023-01-01,21.317795,105.951080,2023-01-01 02:02:26.155004160,420.245760,0.000000,0.345679,True
2023-01-01,21.299303,105.947815,2023-01-01 02:02:26.128007936,420.168000,0.000000,0.419753,True
2023-01-01,21.315510,105.933754,2023-01-01 02:02:25.793992192,420.535280,0.000000,0.358025,True
2023-01-01,21.461988,105.941536,2023-01-01 02:02:25.649997824,420.451020,0.000000,0.358025,True
2023-01-01,21.349798,105.922806,2023-01-01 02:02:25.488019200,420.429600,0.000000,0.395062,True
2023-01-01,21.283410,105.962080,2023-01-01 02:02:26.461017344,420.775300,0.000000,0.419753,True
2023-01-01,21.223950,106.053345,2023-01-01 02:02:28.514999296,421.230650,0.000000,0.345679,True
2023-01-01,21.203140,106.032710,2023-01-01 02:02:28.127996928,420.457460,0.000000,0.320988,True
2023-01-01,21.290756,106.014240,2023-01-01 02:02:27.542001152,421.512600,0.000000,0.481481,True
2023-01-01,21.306904,106.000180,2023-01-01 02:02:27.208991488,421.016780,0.000000,0.308642,True
2023-01-01,21.269749,105.993680,2023-01-01 02:02:27.154998784,420.017640,0.000000,0.370370,True
2023-01-01,21.397724,105.998300,2023-01-01 02:02:26.983002112,419.922450,0.000000,0.320988,True
2023-01-01,21.378891,105.995285,2023-01-01 02:02:26.956005632,420.869870,0.000000,0.333333,True
2023-01-01,21.413862,105.984245,2023-01-01 02:02:26.649992448,419.671480,0.000000,0.308642,True
2023-01-01,21.395071,105.981240,2023-01-01 02:02:26.622995968,419.896640,0.000000,0.370370,True
2023-01-01,21.235298,106.004425,2023-01-01 02:02:27.461011968,420.875760,0.000000,0.469136,True
2023-01-01,21.467197,105.858460,2023-01-01 02:02:23.874992384,419.939600,0.000000,0.333333,True
2023-01-01,21.207962,106.067530,2023-01-01 02:02:28.848009216,422.040100,0.000000,0.555556,True
2023-01-01,21.122020,106.221480,2023-01-01 02:02:32.289993984,421.038300,0.000000,0.333333,True
2023-01-01,21.065865,106.212074,2023-01-01 02:02:32.209004800,420.772550,0.000000,0.456790,True
2023-01-01,21.047283,106.208810,2023-01-01 02:02:32.182008320,420.701700,0.000000,0.432099,True
2023-01-01,21.063421,106.194700,2023-01-01 02:02:31.847992832,420.164800,0.000000,0.493827,True
2023-01-01,21.173052,106.196360,2023-01-01 02:02:31.650005504,420.925840,0.000000,0.456790,True
2023-01-01,21.135456,106.190285,2023-01-01 02:02:31.596012544,420.606260,0.000000,0.469136,True
2023-01-01,21.116726,106.187126,2023-01-01 02:02:31.569016320,420.884220,0.000000,0.555556,True
2023-01-01,21.079435,106.180660,2023-01-01 02:02:31.515023360,420.462770,0.000000,0.432099,True
2023-01-01,21.042406,106.173910,2023-01-01 02:02:31.460990464,420.693900,0.000000,0.493827,True
2023-01-01,21.151287,106.176060,2023-01-01 02:02:31.263003136,421.223750,0.000000,0.333333,True
2023-01-01,21.109064,106.135030,2023-01-01 02:02:30.487992320,420.055480,0.000000,0.419753,True
2023-01-01,21.012730,106.219670,2023-01-01 02:02:32.488021504,421.249630,0.000000,0.493827,True
2023-01-01,21.090600,106.131730,2023-01-01 02:02:30.460995584,421.896820,0.000000,0.395062,True
2023-01-01,21.125233,106.120930,2023-01-01 02:02:30.155022592,420.659550,0.000000,0.543210,True
2023-01-01,21.106733,106.117584,2023-01-01 02:02:30.128026368,420.534330,0.000000,0.617284,True
2023-01-01,21.234370,106.122580,2023-01-01 02:02:29.955989248,421.297400,0.000000,0.370370,True
2023-01-01,21.178207,106.113250,2023-01-01 02:02:29.875000064,421.317840,0.000000,0.432099,True
2023-01-01,21.122643,106.103360,2023-01-01 02:02:29.794010880,420.708680,0.000000,0.506173,True
2023-01-01,21.138966,106.089270,2023-01-01 02:02:29.461001216,419.294800,0.000000,0.382716,True
2023-01-01,21.031244,106.222970,2023-01-01 02:02:32.515017984,420.724800,0.000000,0.493827,True
2023-01-01,21.049810,106.226230,2023-01-01 02:02:32.542014464,420.756470,0.000000,0.432099,True
2023-01-01,20.972109,106.313896,2023-01-01 02:02:34.568999936,420.865840,0.000000,0.358025,True
2023-01-01,21.044296,106.309030,2023-01-01 02:02:34.317019904,421.273130,0.000000,0.370370,True
2023-01-01,21.006649,106.302890,2023-01-01 02:02:34.263026944,420.808700,0.000000,0.444444,True
2023-01-01,20.987930,106.299730,2023-01-01 02:02:34.235990272,421.295040,0.000000,0.333333,True
2023-01-01,20.948530,106.275955,2023-01-01 02:02:33.821025792,420.477660,0.000000,0.308642,True
2023-01-01,21.076492,106.280820,2023-01-01 02:02:33.649994752,420.951450,0.000000,0.345679,True
2023-01-01,21.057629,106.277780,2023-01-01 02:02:33.622998272,421.777800,0.000000,0.432099,True
2023-01-01,21.038837,106.274690,2023-01-01 02:02:33.596001792,420.119930,0.000000,0.370370,True
2023-01-01,20.945938,106.258410,2023-01-01 02:02:33.461019648,420.767600,0.000000,0.395062,True
2023-01-01,21.092600,106.266780,2023-01-01 02:02:33.317025280,422.373840,0.000000,0.506173,True
2023-01-01,21.073776,106.263794,2023-01-01 02:02:33.289988608,420.153960,0.000000,0.481481,True
2023-01-01,21.071085,106.246620,2023-01-01 02:02:32.929017088,421.162480,0.000000,0.481481,True
2023-01-01,21.015053,106.237000,2023-01-01 02:02:32.847987456,421.002900,0.000000,0.345679,True
2023-01-01,20.978018,106.230330,2023-01-01 02:02:32.793994496,420.695430,0.000000,0.333333,True
2023-01-01,21.226555,106.070760,2023-01-01 02:02:28.875005440,420.428530,0.000000,0.493827,True
2023-01-01,21.032950,106.087616,2023-01-01 02:02:09.209008640,421.118230,0.000000,0.358025,True
2023-01-01,21.018814,106.079384,2023-01-01 02:02:09.182012416,421.067380,0.000000,0.493827,True
2023-01-01,21.004677,106.071100,2023-01-01 02:02:09.155015936,420.998440,0.000000,0.333333,True
2023-01-01,21.105574,106.106060,2023-01-01 02:02:08.983019264,420.860570,0.000000,0.592593,True
2023-01-01,21.091412,106.098015,2023-01-01 02:02:08.956022784,421.223820,0.000000,0.308642,True
2023-01-01,21.020666,106.057050,2023-01-01 02:02:08.821000704,420.548460,0.000000,0.567901,True
2023-01-01,21.006535,106.048700,2023-01-01 02:02:08.794003968,421.130130,0.000000,0.518519,True
2023-01-01,21.121666,106.091866,2023-01-01 02:02:08.650009600,421.758150,0.000000,0.456790,True
2023-01-01,21.107520,106.083820,2023-01-01 02:02:08.623013376,420.817960,0.000000,0.506173,True
2023-01-01,21.050909,106.051160,2023-01-01 02:02:08.514987264,421.898830,0.000000,0.493827,True
2023-01-01,21.047089,106.095810,2023-01-01 02:02:09.236005376,421.536200,0.000000,0.308642,True
2023-01-01,21.109373,106.061630,2023-01-01 02:02:08.263007232,421.430540,0.000000,0.530864,True
2023-01-01,21.095224,106.053480,2023-01-01 02:02:08.236010496,421.756470,0.000000,0.320988,True
2023-01-01,21.201855,106.021164,2023-01-01 02:02:06.982989824,420.765660,0.000000,0.370370,True
2023-01-01,21.014956,106.124080,2023-01-01 02:02:09.902024448,421.573880,0.000000,0.530864,True
2023-01-01,20.993204,106.204840,2023-01-01 02:02:11.317024000,420.161320,0.000000,0.444444,True
2023-01-01,20.979044,106.196780,2023-01-01 02:02:11.289987328,420.289200,0.000000,0.444444,True
2023-01-01,20.964888,106.188675,2023-01-01 02:02:11.262990848,421.573520,0.000000,0.543210,True
2023-01-01,20.894186,106.147420,2023-01-01 02:02:11.128008704,420.346070,0.000000,0.382716,True
2023-01-01,21.009172,106.190760,2023-01-01 02:02:10.983008512,421.707280,0.000000,0.518519,True
2023-01-01,20.995031,106.182710,2023-01-01 02:02:10.956012032,420.213300,0.000000,0.555556,True
2023-01-01,20.980894,106.174620,2023-01-01 02:02:10.929015552,420.892300,0.000000,0.432099,True
2023-01-01,20.952630,106.158295,2023-01-01 02:02:10.875022592,421.079400,0.000000,0.543210,True
2023-01-01,20.972569,106.099335,2023-01-01 02:02:09.820995072,420.410430,0.000000,0.407407,True
2023-01-01,20.996986,106.160500,2023-01-01 02:02:10.596005888,420.949300,0.000000,0.395062,True
2023-01-01,20.968737,106.144135,2023-01-01 02:02:10.542013184,420.842070,0.000000,0.432099,True
2023-01-01,20.954615,106.135880,2023-01-01 02:02:10.515016448,420.671700,0.000000,0.543210,True
2023-01-01,20.940495,106.127570,2023-01-01 02:02:10.488020224,420.433400,0.000000,0.407407,True
2023-01-01,21.041386,106.162550,2023-01-01 02:02:10.316989184,420.981000,0.000000,0.419753,True
2023-01-01,21.013067,106.146416,2023-01-01 02:02:10.262996224,420.811900,0.000000,0.530864,True
2023-01-01,20.998917,106.138260,2023-01-01 02:02:10.235999744,420.293980,0.000000,0.530864,True
2023-01-01,20.984770,106.130060,2023-01-01 02:02:10.209003520,421.422820,0.000000,0.432099,True
2023-01-01,20.956478,106.113520,2023-01-01 02:02:10.155010560,421.262000,0.000000,0.530864,True
2023-01-01,20.942337,106.105156,2023-01-01 02:02:10.128014080,420.378270,0.000000,0.493827,True
2023-01-01,21.057350,106.148410,2023-01-01 02:02:09.983013888,421.092040,0.000000,0.543210,True
2023-01-01,21.043215,106.140340,2023-01-01 02:02:09.956017408,421.051670,0.000000,0.370370,True
2023-01-01,21.011124,106.168620,2023-01-01 02:02:10.623002368,421.388760,0.000000,0.419753,True
2023-01-01,21.217980,106.007126,2023-01-01 02:02:06.650020608,420.971500,0.000000,0.469136,True
2023-01-01,21.271584,105.897920,2023-01-01 02:02:04.569001728,420.748050,0.000000,0.370370,True
2023-01-01,21.257416,105.889730,2023-01-01 02:02:04.542005248,420.753100,0.000000,0.469136,True
2023-01-01,21.243242,105.881546,2023-01-01 02:02:04.515009024,420.759860,0.000000,0.432099,True
2023-01-01,21.229078,105.873260,2023-01-01 02:02:04.488012544,421.517400,0.000000,0.444444,True
2023-01-01,21.301746,105.891850,2023-01-01 02:02:04.262988544,421.599500,0.000000,0.358025,True
2023-01-01,21.285755,105.906050,2023-01-01 02:02:04.595998208,421.069180,0.000000,0.617284,True
2023-01-01,21.175507,105.982850,2023-01-01 02:02:06.568990976,421.637360,0.000000,0.407407,True
2023-01-01,21.161343,105.974660,2023-01-01 02:02:06.541994496,420.807920,0.000000,0.493827,True
2023-01-01,21.147182,105.966420,2023-01-01 02:02:06.514998016,420.359440,0.000000,0.407407,True
2023-01-01,21.163103,105.952300,2023-01-01 02:02:06.181988352,420.426400,0.000000,0.382716,True
2023-01-01,21.134800,105.935770,2023-01-01 02:02:06.127995392,421.230300,0.000000,0.320988,True
2023-01-01,21.249935,105.978920,2023-01-01 02:02:05.982995200,421.230900,0.000000,0.456790,True
2023-01-01,21.235779,105.970856,2023-01-01 02:02:05.955998976,421.114140,0.000000,0.345679,True
2023-01-01,21.207478,105.954590,2023-01-01 02:02:05.902006272,421.181000,0.000000,0.308642,True
2023-01-01,21.179186,105.938140,2023-01-01 02:02:05.848013056,421.147830,0.000000,0.345679,True
2023-01-01,21.266010,105.964690,2023-01-01 02:02:05.650025728,420.518550,0.000000,0.432099,True
2023-01-01,21.251850,105.956650,2023-01-01 02:02:05.622989056,420.947660,0.000000,0.370370,True
2023-01-01,21.181082,105.915760,2023-01-01 02:02:05.488007168,421.344880,0.000000,0.518519,True
2023-01-01,21.166939,105.907394,2023-01-01 02:02:05.461010688,420.774140,0.000000,0.370370,True
2023-01-01,21.282013,105.950530,2023-01-01 02:02:05.317016064,421.139650,0.000000,0.345679,True
2023-01-01,21.267845,105.942480,2023-01-01 02:02:05.290019840,420.632020,0.000000,0.530864,True
2023-01-01,21.239527,105.926250,2023-01-01 02:02:05.236026880,421.512100,0.000000,0.444444,True
2023-01-01,21.283884,105.928330,2023-01-01 02:02:04.956004352,420.310850,0.000000,0.382716,True
2023-01-01,21.269732,105.920240,2023-01-01 02:02:04.929008128,420.361760,0.000000,0.345679,True
2023-01-01,20.878218,106.161540,2023-01-01 02:02:11.461018368,421.091980,0.000000,0.592593,True
2023-01-01,20.892340,106.169880,2023-01-01 02:02:11.488014592,420.629060,0.000000,0.407407,True
2023-01-01,20.920586,106.186424,2023-01-01 02:02:11.542007808,420.445920,0.000000,0.345679,True
2023-01-01,20.898733,106.267235,2023-01-01 02:02:12.956001280,420.273160,0.000000,0.419753,True
2023-01-01,20.884584,106.259140,2023-01-01 02:02:12.929004544,421.574040,0.000000,0.432099,True
2023-01-01,20.870438,106.251000,2023-01-01 02:02:12.902008320,420.991970,0.000000,0.320988,True
2023-01-01,20.914793,106.253150,2023-01-01 02:02:12.622991616,420.932430,0.000000,0.345679,True
2023-01-01,20.858297,106.220410,2023-01-01 02:02:12.515005952,420.738950,0.000000,0.469136,True
2023-01-01,20.844177,106.212105,2023-01-01 02:02:12.488009472,421.389740,0.000000,0.358025,True
2023-01-01,20.830060,106.203760,2023-01-01 02:02:12.461012736,421.257750,0.000000,0.604938,True
2023-01-01,20.945074,106.247070,2023-01-01 02:02:12.317018624,420.982150,0.000000,0.370370,True
2023-01-01,20.916777,106.230900,2023-01-01 02:02:12.263025664,421.801850,0.000000,0.333333,True
2023-01-01,20.888472,106.214570,2023-01-01 02:02:12.208992512,421.344570,0.000000,0.382716,True
2023-01-01,20.874321,106.206330,2023-01-01 02:02:12.181996032,420.936520,0.000000,0.432099,True
2023-01-01,20.860172,106.198044,2023-01-01 02:02:12.154999808,420.483900,0.000000,0.395062,True
2023-01-01,20.846024,106.189705,2023-01-01 02:02:12.128003072,420.470250,0.000000,0.506173,True
2023-01-01,20.960978,106.233070,2023-01-01 02:02:11.983003136,420.770940,0.000000,0.320988,True
2023-01-01,20.946844,106.225010,2023-01-01 02:02:11.956006400,421.036200,0.000000,0.493827,True
2023-01-01,20.904465,106.200570,2023-01-01 02:02:11.875017216,421.248300,0.000000,0.506173,True
2023-01-01,20.890343,106.192320,2023-01-01 02:02:11.848020736,421.329960,0.000000,0.543210,True
2023-01-01,20.862099,106.175670,2023-01-01 02:02:11.793987840,421.153230,0.000000,0.506173,True
2023-01-01,20.977123,106.218940,2023-01-01 02:02:11.649993472,420.478970,0.000000,0.333333,True
2023-01-01,20.962978,106.210884,2023-01-01 02:02:11.622996736,420.501650,0.000000,0.382716,True
2023-01-01,20.948837,106.202774,2023-01-01 02:02:11.596000512,420.481320,0.000000,0.308642,True
2023-01-01,20.897940,106.063255,2023-01-01 02:01:42.263027456,422.253600,0.000000,0.567901,True
2023-01-01,20.911154,106.096924,2023-01-01 02:01:42.317020416,421.343350,0.000000,0.333333,True
2023-01-01,20.868664,106.043290,2023-01-01 02:01:42.542004224,422.073180,0.000000,0.333333,True
2023-01-01,20.881860,106.077210,2023-01-01 02:01:42.595996928,421.623700,0.000000,0.358025,True
2023-01-01,20.888472,106.094086,2023-01-01 02:01:42.622993152,421.143950,0.000000,0.456790,True
2023-01-01,20.895086,106.110900,2023-01-01 02:01:42.649989632,421.416840,0.000000,0.543210,True
2023-01-01,20.852701,106.057510,2023-01-01 02:01:42.875013632,420.633600,0.000000,0.407407,True
2023-01-01,20.865864,106.091440,2023-01-01 02:01:42.929006592,421.184020,0.000000,0.444444,True
2023-01-01,20.872463,106.108330,2023-01-01 02:01:42.956003072,421.691650,0.000000,0.506173,True
2023-01-01,20.879065,106.125150,2023-01-01 02:01:42.982999296,421.838130,0.000000,0.481481,True
2023-01-01,20.836640,106.071620,2023-01-01 02:01:43.208988928,421.337340,0.000000,0.370370,True
2023-01-01,20.843208,106.088585,2023-01-01 02:01:43.236025600,421.140380,0.000000,0.395062,True
2023-01-01,20.863020,106.139190,2023-01-01 02:01:43.317015040,421.024780,0.000000,0.382716,True
2023-01-01,20.800898,106.034360,2023-01-01 02:01:43.461009152,421.696930,0.000000,0.308642,True
2023-01-01,20.807455,106.051520,2023-01-01 02:01:43.488005632,421.901580,0.000000,0.469136,True
2023-01-01,20.814026,106.068630,2023-01-01 02:01:43.515002368,421.075600,0.000000,0.358025,True
2023-01-01,20.846128,106.040450,2023-01-01 02:01:42.848017152,422.016400,0.000000,0.444444,True
2023-01-01,20.827170,106.102640,2023-01-01 02:01:43.568995072,421.420600,0.000000,0.370370,True
2023-01-01,21.007265,106.012120,2023-01-01 02:01:40.316990976,421.974850,0.000000,0.308642,True
2023-01-01,20.952610,106.037735,2023-01-01 02:01:41.289989120,420.535550,0.000000,0.370370,True
2023-01-01,20.833754,106.119560,2023-01-01 02:01:43.595991296,421.850860,0.000000,0.481481,True
2023-01-01,20.846987,106.153260,2023-01-01 02:01:43.650024448,422.079930,0.000000,0.456790,True
2023-01-01,20.791416,106.065575,2023-01-01 02:01:43.821015296,421.332100,0.000000,0.407407,True
2023-01-01,20.797985,106.082680,2023-01-01 02:01:43.848011776,421.211300,0.000000,0.518519,True
2023-01-01,20.804540,106.099700,2023-01-01 02:01:43.875008000,421.237950,0.000000,0.432099,True
2023-01-01,20.811132,106.116684,2023-01-01 02:01:43.902004736,421.424960,0.000000,0.592593,True
2023-01-01,20.824339,106.150480,2023-01-01 02:01:43.955997440,422.183650,0.000000,0.592593,True
2023-01-01,20.830970,106.167310,2023-01-01 02:01:43.982994176,421.811650,0.000000,0.345679,True
2023-01-01,20.814900,106.181340,2023-01-01 02:01:44.317009408,421.342220,0.000000,0.530864,True
2023-01-01,21.329998,105.680980,2023-01-01 02:01:33.262995712,422.018800,0.000000,0.345679,True
2023-01-01,21.264898,105.623924,2023-01-01 02:01:33.793992704,422.309480,0.000000,0.444444,True
2023-01-01,21.284763,105.675316,2023-01-01 02:01:33.875022080,421.926760,0.000000,0.382716,True
2023-01-01,21.291386,105.692345,2023-01-01 02:01:33.902018560,421.132080,0.000000,0.444444,True
2023-01-01,21.275383,105.706630,2023-01-01 02:01:34.235993856,421.405100,0.000000,0.493827,True
2023-01-01,21.246193,105.686745,2023-01-01 02:01:34.515010816,421.456540,0.000000,0.320988,True
2023-01-01,21.252813,105.703830,2023-01-01 02:01:34.542007296,421.638920,0.000000,0.407407,True
2023-01-01,21.263397,105.785774,2023-01-01 02:01:34.983002624,421.272980,0.000000,0.308642,True
2023-01-01,21.393997,105.624180,2023-01-01 02:01:31.929025792,422.647980,0.000000,0.308642,True
2023-01-01,21.344755,105.552956,2023-01-01 02:01:32.128019200,422.384600,0.000000,0.320988,True
2023-01-01,21.328829,105.567240,2023-01-01 02:01:32.460988416,422.242000,0.000000,0.308642,True
2023-01-01,21.220852,105.732180,2023-01-01 02:01:35.208992000,421.097320,0.000000,0.308642,True
2023-01-01,21.167376,105.870700,2023-01-01 02:01:36.982991616,422.058440,0.000000,0.358025,True
2023-01-01,21.118217,105.800090,2023-01-01 02:01:37.182024960,421.547240,0.000000,0.358025,True
2023-01-01,21.151337,105.884860,2023-01-01 02:01:37.317007104,420.701870,0.000000,0.345679,True
2023-01-01,21.135326,105.898980,2023-01-01 02:01:37.650016768,421.676800,0.000000,0.395062,True
2023-01-01,21.106085,105.879480,2023-01-01 02:01:37.928993536,422.281800,0.000000,0.320988,True
2023-01-01,21.119360,105.913246,2023-01-01 02:01:37.983026432,422.052580,0.000000,0.308642,True
2023-01-01,21.234116,105.766136,2023-01-01 02:01:35.263025408,421.665220,0.000000,0.345679,True
2023-01-01,21.185015,105.694920,2023-01-01 02:01:35.461012480,421.073200,0.000000,0.580247,True
2023-01-01,21.169016,105.709130,2023-01-01 02:01:35.794022144,421.936980,0.000000,0.382716,True
2023-01-01,21.215385,105.828220,2023-01-01 02:01:35.982997248,421.912960,0.000000,0.456790,True
2023-01-01,21.201855,106.021164,2023-01-01 02:02:06.982989824,420.765660,0.000000,0.370370,True
2023-01-01,21.095224,106.053480,2023-01-01 02:02:08.236010496,421.756470,0.000000,0.320988,True
2023-01-01,21.109373,106.061630,2023-01-01 02:02:08.263007232,421.430540,0.000000,0.530864,True
2023-01-01,21.050909,106.051160,2023-01-01 02:02:08.514987264,421.898830,0.000000,0.493827,True
2023-01-01,21.107520,106.083820,2023-01-01 02:02:08.623013376,420.817960,0.000000,0.506173,True
2023-01-01,21.121666,106.091866,2023-01-01 02:02:08.650009600,421.758150,0.000000,0.456790,True
2023-01-01,21.006535,106.048700,2023-01-01 02:02:08.794003968,421.130130,0.000000,0.518519,True
2023-01-01,21.020666,106.057050,2023-01-01 02:02:08.821000704,420.548460,0.000000,0.567901,True
2023-01-01,21.091412,106.098015,2023-01-01 02:02:08.956022784,421.223820,0.000000,0.308642,True
2023-01-01,21.105574,106.106060,2023-01-01 02:02:08.983019264,420.860570,0.000000,0.592593,True
2023-01-01,21.004677,106.071100,2023-01-01 02:02:09.155015936,420.998440,0.000000,0.333333,True
2023-01-01,21.018814,106.079384,2023-01-01 02:02:09.182012416,421.067380,0.000000,0.493827,True
2023-01-01,21.032950,106.087616,2023-01-01 02:02:09.209008640,421.118230,0.000000,0.358025,True
2023-01-01,21.047089,106.095810,2023-01-01 02:02:09.236005376,421.536200,0.000000,0.308642,True
2023-01-01,21.269732,105.920240,2023-01-01 02:02:04.929008128,420.361760,0.000000,0.345679,True
2023-01-01,21.283884,105.928330,2023-01-01 02:02:04.956004352,420.310850,0.000000,0.382716,True
2023-01-01,21.239527,105.926250,2023-01-01 02:02:05.236026880,421.512100,0.000000,0.444444,True
2023-01-01,21.267845,105.942480,2023-01-01 02:02:05.290019840,420.632020,0.000000,0.530864,True
2023-01-01,21.282013,105.950530,2023-01-01 02:02:05.317016064,421.139650,0.000000,0.345679,True
2023-01-01,21.166939,105.907394,2023-01-01 02:02:05.461010688,420.774140,0.000000,0.370370,True
2023-01-01,21.181082,105.915760,2023-01-01 02:02:05.488007168,421.344880,0.000000,0.518519,True
2023-01-01,21.251850,105.956650,2023-01-01 02:02:05.622989056,420.947660,0.000000,0.370370,True
2023-01-01,21.266010,105.964690,2023-01-01 02:02:05.650025728,420.518550,0.000000,0.432099,True
2023-01-01,21.179186,105.938140,2023-01-01 02:02:05.848013056,421.147830,0.000000,0.345679,True
2023-01-01,21.217980,106.007126,2023-01-01 02:02:06.650020608,420.971500,0.000000,0.469136,True
2023-01-01,21.207478,105.954590,2023-01-01 02:02:05.902006272,421.181000,0.000000,0.308642,True
2023-01-01,21.235779,105.970856,2023-01-01 02:02:05.955998976,421.114140,0.000000,0.345679,True
2023-01-01,21.249935,105.978920,2023-01-01 02:02:05.982995200,421.230900,0.000000,0.456790,True
2023-01-01,21.134800,105.935770,2023-01-01 02:02:06.127995392,421.230300,0.000000,0.320988,True
2023-01-01,21.163103,105.952300,2023-01-01 02:02:06.181988352,420.426400,0.000000,0.382716,True
2023-01-01,21.147182,105.966420,2023-01-01 02:02:06.514998016,420.359440,0.000000,0.407407,True
2023-01-01,21.161343,105.974660,2023-01-01 02:02:06.541994496,420.807920,0.000000,0.493827,True
2023-01-01,21.175507,105.982850,2023-01-01 02:02:06.568990976,421.637360,0.000000,0.407407,True
2023-01-01,20.972569,106.099335,2023-01-01 02:02:09.820995072,420.410430,0.000000,0.407407,True
2023-01-01,21.014956,106.124080,2023-01-01 02:02:09.902024448,421.573880,0.000000,0.530864,True
2023-01-01,20.948837,106.202774,2023-01-01 02:02:11.596000512,420.481320,0.000000,0.308642,True
2023-01-01,20.962978,106.210884,2023-01-01 02:02:11.622996736,420.501650,0.000000,0.382716,True
2023-01-01,20.977123,106.218940,2023-01-01 02:02:11.649993472,420.478970,0.000000,0.333333,True
2023-01-01,20.862099,106.175670,2023-01-01 02:02:11.793987840,421.153230,0.000000,0.506173,True
2023-01-01,20.890343,106.192320,2023-01-01 02:02:11.848020736,421.329960,0.000000,0.543210,True
2023-01-01,20.904465,106.200570,2023-01-01 02:02:11.875017216,421.248300,0.000000,0.506173,True
2023-01-01,20.946844,106.225010,2023-01-01 02:02:11.956006400,421.036200,0.000000,0.493827,True
2023-01-01,20.960978,106.233070,2023-01-01 02:02:11.983003136,420.770940,0.000000,0.320988,True
2023-01-01,20.846024,106.189705,2023-01-01 02:02:12.128003072,420.470250,0.000000,0.506173,True
2023-01-01,20.860172,106.198044,2023-01-01 02:02:12.154999808,420.483900,0.000000,0.395062,True
2023-01-01,20.874321,106.206330,2023-01-01 02:02:12.181996032,420.936520,0.000000,0.432099,True
2023-01-01,20.888472,106.214570,2023-01-01 02:02:12.208992512,421.344570,0.000000,0.382716,True
2023-01-01,20.916777,106.230900,2023-01-01 02:02:12.263025664,421.801850,0.000000,0.333333,True
2023-01-01,20.830060,106.203760,2023-01-01 02:02:12.461012736,421.257750,0.000000,0.604938,True
2023-01-01,20.844177,106.212105,2023-01-01 02:02:12.488009472,421.389740,0.000000,0.358025,True
2023-01-01,20.858297,106.220410,2023-01-01 02:02:12.515005952,420.738950,0.000000,0.469136,True
2023-01-01,20.914793,106.253150,2023-01-01 02:02:12.622991616,420.932430,0.000000,0.345679,True
2023-01-01,20.870438,106.251000,2023-01-01 02:02:12.902008320,420.991970,0.000000,0.320988,True
2023-01-01,20.884584,106.259140,2023-01-01 02:02:12.929004544,421.574040,0.000000,0.432099,True
2023-01-01,20.898733,106.267235,2023-01-01 02:02:12.956001280,420.273160,0.000000,0.419753,True
2023-01-01,20.945074,106.247070,2023-01-01 02:02:12.317018624,420.982150,0.000000,0.370370,True
2023-01-01,20.920586,106.186424,2023-01-01 02:02:11.542007808,420.445920,0.000000,0.345679,True
2023-01-01,20.892340,106.169880,2023-01-01 02:02:11.488014592,420.629060,0.000000,0.407407,True
2023-01-01,21.043215,106.140340,2023-01-01 02:02:09.956017408,421.051670,0.000000,0.370370,True
2023-01-01,21.057350,106.148410,2023-01-01 02:02:09.983013888,421.092040,0.000000,0.543210,True
2023-01-01,20.942337,106.105156,2023-01-01 02:02:10.128014080,420.378270,0.000000,0.493827,True
2023-01-01,20.956478,106.113520,2023-01-01 02:02:10.155010560,421.262000,0.000000,0.530864,True
2023-01-01,20.984770,106.130060,2023-01-01 02:02:10.209003520,421.422820,0.000000,0.432099,True
2023-01-01,20.998917,106.138260,2023-01-01 02:02:10.235999744,420.293980,0.000000,0.530864,True
2023-01-01,21.013067,106.146416,2023-01-01 02:02:10.262996224,420.811900,0.000000,0.530864,True
2023-01-01,21.041386,106.162550,2023-01-01 02:02:10.316989184,420.981000,0.000000,0.419753,True
2023-01-01,20.940495,106.127570,2023-01-01 02:02:10.488020224,420.433400,0.000000,0.407407,True
2023-01-01,20.954615,106.135880,2023-01-01 02:02:10.515016448,420.671700,0.000000,0.543210,True
2023-01-01,20.968737,106.144135,2023-01-01 02:02:10.542013184,420.842070,0.000000,0.432099,True
2023-01-01,20.996986,106.160500,2023-01-01 02:02:10.596005888,420.949300,0.000000,0.395062,True
2023-01-01,21.011124,106.168620,2023-01-01 02:02:10.623002368,421.388760,0.000000,0.419753,True
2023-01-01,20.952630,106.158295,2023-01-01 02:02:10.875022592,421.079400,0.000000,0.543210,True
2023-01-01,20.980894,106.174620,2023-01-01 02:02:10.929015552,420.892300,0.000000,0.432099,True
2023-01-01,20.995031,106.182710,2023-01-01 02:02:10.956012032,420.213300,0.000000,0.555556,True
2023-01-01,21.009172,106.190760,2023-01-01 02:02:10.983008512,421.707280,0.000000,0.518519,True
2023-01-01,20.894186,106.147420,2023-01-01 02:02:11.128008704,420.346070,0.000000,0.382716,True
2023-01-01,20.964888,106.188675,2023-01-01 02:02:11.262990848,421.573520,0.000000,0.543210,True
2023-01-01,20.979044,106.196780,2023-01-01 02:02:11.289987328,420.289200,0.000000,0.444444,True
2023-01-01,20.993204,106.204840,2023-01-01 02:02:11.317024000,420.161320,0.000000,0.444444,True
2023-01-01,20.878218,106.161540,2023-01-01 02:02:11.461018368,421.091980,0.000000,0.592593,True
2023-01-01,21.621948,105.608130,2023-01-01 02:01:57.595995904,420.442600,0.000000,0.320988,True
2023-01-01,21.301746,105.891850,2023-01-01 02:02:04.262988544,421.599500,0.000000,0.358025,True
2023-01-01,21.229078,105.873260,2023-01-01 02:02:04.488012544,421.517400,0.000000,0.444444,True
2023-01-01,21.243242,105.881546,2023-01-01 02:02:04.515009024,420.759860,0.000000,0.432099,True
2023-01-01,21.257416,105.889730,2023-01-01 02:02:04.542005248,420.753100,0.000000,0.469136,True
2023-01-01,21.271584,105.897920,2023-01-01 02:02:04.569001728,420.748050,0.000000,0.370370,True
2023-01-01,21.285755,105.906050,2023-01-01 02:02:04.595998208,421.069180,0.000000,0.617284,True
2023-01-01,21.378359,105.526870,2023-01-01 02:01:08.317003520,422.251200,0.000000,0.456790,True
2023-01-01,21.396957,105.420030,2023-01-01 02:01:07.541992704,422.497830,0.000000,0.345679,True
2023-01-01,21.416107,105.425420,2023-01-01 02:01:07.236019712,423.560400,0.000000,0.382716,True
2023-01-01,21.352415,105.482290,2023-01-01 02:01:08.569023744,422.701840,0.000000,0.419753,True
2023-01-01,21.359266,105.521360,2023-01-01 02:01:08.623016960,422.135900,0.000000,0.333333,True
2023-01-01,21.278980,105.592650,2023-01-01 02:01:10.289996032,422.971830,0.000000,0.320988,True
2023-01-01,21.275608,105.573110,2023-01-01 02:01:10.262999808,422.345340,0.000000,0.395062,True
2023-01-01,21.272285,105.553520,2023-01-01 02:01:10.236003328,423.147980,0.000000,0.518519,True
2023-01-01,21.259336,105.474890,2023-01-01 02:01:10.128017664,422.541170,0.000000,0.320988,True
2023-01-01,21.291483,105.558700,2023-01-01 02:01:09.929024768,421.808500,0.000000,0.333333,True
2023-01-01,21.288155,105.539116,2023-01-01 02:01:09.901988096,422.218200,0.000000,0.432099,True
2023-01-01,21.278397,105.480260,2023-01-01 02:01:09.820998656,422.569060,0.000000,0.432099,True
2023-01-01,21.355833,105.501840,2023-01-01 02:01:08.596020224,423.297500,0.000000,0.518519,True
2023-01-01,21.311293,105.564120,2023-01-01 02:01:09.623011328,421.668430,0.000000,0.308642,True
2023-01-01,21.304596,105.524990,2023-01-01 02:01:09.569018368,422.433800,0.000000,0.456790,True
2023-01-01,21.301235,105.505390,2023-01-01 02:01:09.542021888,422.600070,0.000000,0.432099,True
2023-01-01,21.297913,105.485760,2023-01-01 02:01:09.515025664,423.029020,0.000000,0.407407,True
2023-01-01,21.330435,105.569565,2023-01-01 02:01:09.316997888,422.123140,0.000000,0.308642,True
2023-01-01,21.317297,105.491234,2023-01-01 02:01:09.209012480,423.531980,0.000000,0.419753,True
2023-01-01,21.314030,105.471565,2023-01-01 02:01:09.182016000,421.793100,0.000000,0.395062,True
2023-01-01,21.343052,105.535610,2023-01-01 02:01:08.956026624,423.048800,0.000000,0.444444,True
2023-01-01,21.339735,105.516060,2023-01-01 02:01:08.928989952,423.518160,0.000000,0.370370,True
2023-01-01,21.336458,105.496490,2023-01-01 02:01:08.901993216,422.902370,0.000000,0.481481,True
2023-01-01,21.333256,105.476890,2023-01-01 02:01:08.874996992,422.074250,0.000000,0.370370,True
2023-01-01,21.362614,105.540870,2023-01-01 02:01:08.650013184,421.902340,0.000000,0.395062,True
2023-01-01,21.307981,105.544556,2023-01-01 02:01:09.596015104,423.777600,0.000000,0.370370,True
2023-01-01,20.638601,105.870470,2023-01-01 02:01:00.461001216,420.388200,0.000000,0.358025,True
2023-01-01,20.639969,105.975296,2023-01-01 02:01:00.263013888,421.385040,0.000000,0.395062,True
2023-01-01,20.642794,105.951420,2023-01-01 02:01:00.236017408,421.290830,0.000000,0.481481,True
2023-01-01,20.651558,105.880050,2023-01-01 02:01:00.154987776,420.708980,0.000000,0.456790,True
2023-01-01,20.654537,105.856340,2023-01-01 02:01:00.127991552,421.634340,0.000000,0.456790,True
2023-01-01,20.622572,105.884630,2023-01-01 02:01:00.794010624,419.023470,0.000000,0.333333,True
2023-01-01,20.664595,105.889770,2023-01-01 02:00:59.848009216,421.003880,0.000000,0.469136,True
2023-01-01,20.667517,105.866010,2023-01-01 02:00:59.821012480,421.455320,0.000000,0.469136,True
2023-01-01,20.666565,105.995040,2023-01-01 02:00:59.650021888,421.318400,0.000000,0.419753,True
2023-01-01,20.669245,105.971080,2023-01-01 02:00:59.623025408,419.937840,0.000000,0.320988,True
2023-01-01,20.671976,105.947150,2023-01-01 02:00:59.595988736,421.298550,0.000000,0.320988,True
2023-01-01,20.680475,105.875600,2023-01-01 02:00:59.514999296,421.528440,0.000000,0.555556,True
2023-01-01,20.683458,105.851814,2023-01-01 02:00:59.488003072,421.588960,0.000000,0.543210,True
2023-01-01,20.687980,105.933190,2023-01-01 02:00:59.263019264,421.027070,0.000000,0.407407,True
2023-01-01,20.690758,105.909300,2023-01-01 02:00:59.236023040,421.803900,0.000000,0.333333,True
2023-01-01,20.701210,105.942980,2023-01-01 02:00:58.956000256,421.513980,0.000000,0.395062,True
2023-01-01,20.703978,105.919060,2023-01-01 02:00:58.929003776,422.028080,0.000000,0.481481,True
2023-01-01,21.444672,105.377260,2023-01-01 02:01:06.541998080,421.975800,0.000000,0.382716,True
2023-01-01,21.562960,105.316690,2023-01-01 02:01:04.262992128,421.938350,0.000000,0.320988,True
2023-01-01,20.706795,105.895180,2023-01-01 02:00:58.902007296,420.768650,0.000000,0.407407,True
2023-01-01,21.250124,105.528435,2023-01-01 02:01:10.515020032,421.808560,0.000000,0.358025,True
2023-01-01,20.930460,105.811910,2023-01-01 02:01:17.182012672,421.563080,0.000000,0.407407,True
2023-01-01,20.924314,105.772690,2023-01-01 02:01:17.128019712,420.991240,0.000000,0.456790,True
2023-01-01,20.943737,105.778230,2023-01-01 02:01:16.821000704,422.190460,0.000000,0.345679,True
2023-01-01,21.202528,105.683060,2023-01-01 02:01:11.983006464,420.711730,0.000000,0.432099,True
2023-01-01,21.199144,105.663540,2023-01-01 02:01:11.956009984,421.783050,0.000000,0.617284,True
2023-01-01,21.195807,105.644005,2023-01-01 02:01:11.929013760,421.387730,0.000000,0.358025,True
2023-01-01,21.218718,105.668920,2023-01-01 02:01:11.649997056,421.323270,0.000000,0.345679,True
2023-01-01,21.215360,105.649400,2023-01-01 02:01:11.623000576,421.703640,0.000000,0.308642,True
2023-01-01,21.202091,105.571075,2023-01-01 02:01:11.515014656,422.847440,0.000000,0.617284,True
2023-01-01,21.250422,105.640550,2023-01-01 02:01:10.983011840,422.055630,0.000000,0.419753,True
2023-01-01,21.243690,105.601555,2023-01-01 02:01:10.929019136,421.437530,0.000000,0.358025,True
2023-01-01,21.237130,105.562460,2023-01-01 02:01:10.875026176,422.578460,0.000000,0.432099,True
2023-01-01,21.233883,105.542840,2023-01-01 02:01:10.847989504,422.339300,0.000000,0.481481,True
2023-01-01,21.230665,105.523160,2023-01-01 02:01:10.820993280,422.118230,0.000000,0.382716,True
2023-01-01,21.227497,105.503456,2023-01-01 02:01:10.793996800,422.072750,0.000000,0.345679,True
2023-01-01,21.266773,105.626240,2023-01-01 02:01:10.650002432,421.241500,0.000000,0.358025,True
2023-01-01,21.260157,105.587170,2023-01-01 02:01:10.596009472,422.648220,0.000000,0.333333,True
2023-01-01,21.256783,105.567620,2023-01-01 02:01:10.569012992,422.494140,0.000000,0.308642,True
2023-01-01,21.198847,105.551440,2023-01-01 02:01:11.488018176,421.556900,0.000000,0.395062,True
2023-01-01,21.093376,105.689995,2023-01-01 02:01:13.875010048,420.660160,0.000000,0.308642,True
2023-01-01,21.116083,105.602715,2023-01-01 02:01:13.128001536,422.270660,0.000000,0.469136,True
2023-01-01,21.170597,105.711470,2023-01-01 02:01:12.649991424,421.680970,0.000000,0.419753,True
2023-01-01,21.186563,105.697310,2023-01-01 02:01:12.317022208,420.306820,0.000000,0.543210,True
2023-01-01,21.183170,105.677800,2023-01-01 02:01:12.290025728,422.033360,0.000000,0.530864,True
2023-01-01,21.246850,105.508804,2023-01-01 02:01:10.488023808,422.051000,0.000000,0.333333,True
2023-01-01,20.709614,105.871346,2023-01-01 02:00:58.875011072,422.674380,0.000000,0.580247,True
2023-01-01,20.712513,105.847534,2023-01-01 02:00:58.848014336,421.763800,0.000000,0.481481,True
2023-01-01,20.715410,105.823760,2023-01-01 02:00:58.821017856,420.113860,0.000000,0.543210,True
2023-01-01,21.227646,105.475560,2023-01-01 02:00:47.956019712,421.220800,0.000000,0.407407,True
2023-01-01,21.235737,105.403470,2023-01-01 02:00:47.874990080,422.625670,0.000000,0.530864,True
2023-01-01,21.238546,105.379555,2023-01-01 02:00:47.847993600,421.748020,0.000000,0.419753,True
2023-01-01,21.248896,105.413340,2023-01-01 02:00:47.569017088,421.693630,0.000000,0.543210,True
2023-01-01,21.278105,105.408850,2023-01-01 02:00:46.928988416,422.296260,0.000000,0.469136,True
2023-01-01,21.302374,105.322720,2023-01-01 02:00:46.514989312,422.157320,0.000000,0.395062,True
2023-01-01,21.312721,105.356450,2023-01-01 02:00:46.236013056,421.990300,0.000000,0.345679,True
2023-01-01,21.225046,105.499664,2023-01-01 02:00:47.983015936,420.756680,0.000000,0.407407,True
2023-01-01,21.222704,105.394020,2023-01-01 02:00:48.182009344,421.312160,0.000000,0.493827,True
2023-01-01,21.063564,105.536125,2023-01-01 02:00:51.515002368,421.370100,0.000000,0.382716,True
2023-01-01,21.068453,105.617744,2023-01-01 02:00:51.290018816,421.470060,0.000000,0.382716,True
2023-01-01,21.071140,105.593765,2023-01-01 02:00:51.263022336,421.233670,0.000000,0.506173,True
2023-01-01,21.073874,105.569800,2023-01-01 02:00:51.236026112,422.114530,0.000000,0.419753,True
2023-01-01,21.076645,105.545880,2023-01-01 02:00:51.208989440,421.516880,0.000000,0.493827,True
2023-01-01,21.084312,105.603420,2023-01-01 02:00:50.956003328,420.974200,0.000000,0.407407,True
2023-01-01,21.092472,105.531494,2023-01-01 02:00:50.875014144,421.052830,0.000000,0.370370,True
2023-01-01,21.095310,105.507610,2023-01-01 02:00:50.848017664,421.586600,0.000000,0.345679,True
2023-01-01,21.100248,105.589210,2023-01-01 02:00:50.622993664,421.470980,0.000000,0.308642,True
2023-01-01,21.219881,105.417910,2023-01-01 02:00:48.209005568,422.352630,0.000000,0.543210,True
2023-01-01,21.102922,105.565210,2023-01-01 02:00:50.595997440,421.545530,0.000000,0.432099,True
2023-01-01,21.108406,105.517310,2023-01-01 02:00:50.542004224,419.540920,0.000000,0.395062,True
2023-01-01,21.134836,105.536910,2023-01-01 02:00:49.929012224,421.136140,0.000000,0.333333,True
2023-01-01,21.140312,105.488976,2023-01-01 02:00:49.875019520,421.252440,0.000000,0.370370,True
2023-01-01,21.206831,105.408295,2023-01-01 02:00:48.515019008,421.326720,0.000000,0.358025,True
2023-01-01,21.399326,105.527470,2023-01-01 02:01:31.155021056,423.512880,0.000000,0.308642,True
2023-01-01,21.052494,105.631920,2023-01-01 02:00:51.622988288,422.010620,0.000000,0.456790,True
2023-01-01,20.794456,105.882280,2023-01-01 02:00:56.983007488,419.887300,0.000000,0.308642,True
2023-01-01,20.797083,105.858300,2023-01-01 02:00:56.956011008,421.545720,0.000000,0.407407,True
2023-01-01,20.799793,105.834340,2023-01-01 02:00:56.929014784,421.900020,0.000000,0.370370,True
2023-01-01,20.802603,105.810410,2023-01-01 02:00:56.902018048,421.333440,0.000000,0.444444,True
2023-01-01,20.805384,105.786540,2023-01-01 02:00:56.875021824,422.380830,0.000000,0.370370,True
2023-01-01,20.808298,105.762710,2023-01-01 02:00:56.848025344,421.257660,0.000000,0.333333,True
2023-01-01,20.814243,105.715200,2023-01-01 02:00:56.793992192,420.740140,0.000000,0.345679,True
2023-01-01,20.810413,105.868230,2023-01-01 02:00:56.649997824,422.232850,0.000000,0.555556,True
2023-01-01,20.813070,105.844220,2023-01-01 02:00:56.623001344,421.065980,0.000000,0.444444,True
2023-01-01,20.815779,105.820244,2023-01-01 02:00:56.596004864,422.589200,0.000000,0.580247,True
2023-01-01,20.827173,105.724720,2023-01-01 02:00:56.488019200,421.799400,0.000000,0.580247,True
2023-01-01,20.798325,105.729324,2023-01-01 02:00:57.128007680,420.915680,0.000000,0.469136,True
2023-01-01,20.830141,105.700935,2023-01-01 02:00:56.461022976,420.939150,0.000000,0.444444,True
2023-01-01,20.828997,105.829960,2023-01-01 02:00:56.289991936,421.509460,0.000000,0.530864,True
2023-01-01,20.831776,105.806010,2023-01-01 02:00:56.262995200,421.289400,0.000000,0.419753,True
2023-01-01,20.834538,105.782090,2023-01-01 02:00:56.235998976,421.422640,0.000000,0.567901,True
2023-01-01,20.846092,105.686780,2023-01-01 02:00:56.128013056,420.320900,0.000000,0.370370,True
2023-01-01,20.844908,105.815765,2023-01-01 02:00:55.956016640,421.476840,0.000000,0.506173,True
2023-01-01,20.847662,105.791830,2023-01-01 02:00:55.929019904,421.476780,0.000000,0.506173,True
2023-01-01,20.856203,105.720250,2023-01-01 02:00:55.847990528,421.488250,0.000000,0.358025,True
2023-01-01,20.859125,105.696470,2023-01-01 02:00:55.820994048,421.533140,0.000000,0.419753,True
2023-01-01,20.862095,105.672720,2023-01-01 02:00:55.793997824,420.860050,0.000000,0.419753,True
2023-01-01,20.826345,105.853930,2023-01-01 02:00:56.317028608,421.422730,0.000000,0.370370,True
2023-01-01,20.795311,105.753040,2023-01-01 02:00:57.155003904,421.017100,0.000000,0.555556,True
2023-01-01,20.792349,105.776790,2023-01-01 02:00:57.182000640,420.954530,0.000000,0.419753,True
2023-01-01,20.789389,105.800580,2023-01-01 02:00:57.208997120,420.576260,0.000000,0.555556,True
2023-01-01,20.718470,105.800000,2023-01-01 02:00:58.794021632,419.961880,0.000000,0.395062,True
2023-01-01,20.717213,105.928840,2023-01-01 02:00:58.622990592,420.579800,0.000000,0.382716,True
2023-01-01,20.722740,105.881050,2023-01-01 02:00:58.568997632,422.387020,0.000000,0.444444,True
2023-01-01,20.725582,105.857210,2023-01-01 02:00:58.542001152,420.538880,0.000000,0.543210,True
2023-01-01,20.728424,105.833420,2023-01-01 02:00:58.515004928,421.002000,0.000000,0.493827,True
2023-01-01,20.731400,105.809640,2023-01-01 02:00:58.488008448,421.369400,0.000000,0.444444,True
2023-01-01,20.734426,105.785904,2023-01-01 02:00:58.461011968,420.911220,0.000000,0.419753,True
2023-01-01,20.730537,105.938790,2023-01-01 02:00:58.317017600,420.611180,0.000000,0.604938,True
2023-01-01,20.733284,105.914810,2023-01-01 02:00:58.290021120,421.372250,0.000000,0.333333,True
2023-01-01,20.736034,105.890890,2023-01-01 02:00:58.263024896,422.191930,0.000000,0.432099,True
2023-01-01,20.738821,105.867010,2023-01-01 02:00:58.235988224,422.423130,0.000000,0.333333,True
2023-01-01,20.741611,105.843180,2023-01-01 02:00:58.208991488,423.030150,0.000000,0.567901,True
2023-01-01,20.750480,105.771860,2023-01-01 02:00:58.128002048,420.861970,0.000000,0.358025,True
2023-01-01,20.746517,105.924730,2023-01-01 02:00:57.983002112,421.072780,0.000000,0.407407,True
2023-01-01,20.749184,105.900760,2023-01-01 02:00:57.956005632,420.928650,0.000000,0.469136,True
2023-01-01,20.751884,105.876820,2023-01-01 02:00:57.929009152,420.792020,0.000000,0.506173,True
2023-01-01,20.754734,105.852905,2023-01-01 02:00:57.902012928,422.105350,0.000000,0.370370,True
2023-01-01,20.760458,105.805220,2023-01-01 02:00:57.848019712,421.305180,0.000000,0.456790,True
2023-01-01,20.766417,105.757690,2023-01-01 02:00:57.793986816,420.718840,0.000000,0.407407,True
2023-01-01,20.765097,105.886620,2023-01-01 02:00:57.622995968,422.068500,0.000000,0.469136,True
2023-01-01,20.767859,105.862656,2023-01-01 02:00:57.595999488,422.037960,0.000000,0.617284,True
2023-01-01,20.773485,105.814865,2023-01-01 02:00:57.542006784,421.104700,0.000000,0.432099,True
2023-01-01,20.776384,105.791020,2023-01-01 02:00:57.515010304,420.862030,0.000000,0.407407,True
2023-01-01,20.782331,105.743450,2023-01-01 02:00:57.461017344,420.159060,0.000000,0.493827,True
2023-01-01,20.780996,105.872220,2023-01-01 02:00:57.290026752,421.583160,0.000000,0.419753,True
2023-01-01,20.858234,105.825680,2023-01-01 02:00:55.650003200,422.547450,0.000000,0.345679,True
2023-01-01,21.376757,105.524610,2023-01-01 02:01:31.460993792,422.778380,0.000000,0.407407,True
2023-01-01,20.860899,105.801704,2023-01-01 02:00:55.623006720,422.097000,0.000000,0.518519,True
2023-01-01,20.983809,105.607086,2023-01-01 02:00:53.182022400,421.753480,0.000000,0.456790,True
2023-01-01,20.986740,105.583260,2023-01-01 02:00:53.155025920,421.585140,0.000000,0.419753,True
2023-01-01,20.996897,105.616730,2023-01-01 02:00:52.875003392,420.994840,0.000000,0.444444,True
2023-01-01,21.007292,105.650350,2023-01-01 02:00:52.596026624,421.308560,0.000000,0.358025,True
2023-01-01,21.012814,105.602486,2023-01-01 02:00:52.541993728,422.072720,0.000000,0.444444,True
2023-01-01,21.022919,105.636116,2023-01-01 02:00:52.263016960,420.979980,0.000000,0.419753,True
2023-01-01,21.041847,105.598090,2023-01-01 02:00:51.902005248,421.223450,0.000000,0.493827,True
2023-01-01,21.015650,105.578610,2023-01-01 02:00:52.514996992,421.416470,0.000000,0.395062,True
2023-01-01,20.973593,105.573390,2023-01-01 02:00:53.460998656,419.718400,0.000000,0.493827,True
2023-01-01,20.970690,105.597190,2023-01-01 02:00:53.487995136,420.698400,0.000000,0.432099,True
2023-01-01,20.875078,105.682360,2023-01-01 02:00:55.488024832,421.594670,0.000000,0.555556,True
2023-01-01,20.878029,105.658615,2023-01-01 02:00:55.460988160,421.040800,0.000000,0.382716,True
2023-01-01,20.901222,105.701680,2023-01-01 02:00:54.874992384,422.011540,0.000000,0.320988,True
2023-01-01,20.904089,105.677840,2023-01-01 02:00:54.847995904,421.082150,0.000000,0.432099,True
2023-01-01,20.906208,105.783260,2023-01-01 02:00:54.650008576,420.996550,0.000000,0.592593,True
2023-01-01,20.908863,105.759270,2023-01-01 02:00:54.623012352,421.211330,0.000000,0.345679,True
2023-01-01,20.917140,105.687546,2023-01-01 02:00:54.542022912,421.571380,0.000000,0.432099,True
2023-01-01,20.925875,105.616140,2023-01-01 02:00:54.460993280,420.704650,0.000000,0.370370,True
2023-01-01,20.922165,105.769196,2023-01-01 02:00:54.316998912,421.810240,0.000000,0.444444,True
2023-01-01,20.924849,105.745186,2023-01-01 02:00:54.290002688,420.159300,0.000000,0.419753,True
2023-01-01,20.938870,105.625690,2023-01-01 02:00:54.155020544,420.414730,0.000000,0.469136,True
2023-01-01,20.941822,105.601890,2023-01-01 02:00:54.128024064,419.912050,0.000000,0.382716,True
2023-01-01,20.951885,105.635345,2023-01-01 02:00:53.848001536,420.096950,0.000000,0.469136,True
2023-01-01,20.954796,105.611540,2023-01-01 02:00:53.821004800,421.455020,0.000000,0.444444,True
2023-01-01,20.962065,105.668910,2023-01-01 02:00:53.569024768,421.332300,0.000000,0.506173,True
2023-01-01,20.863613,105.777770,2023-01-01 02:00:55.596010496,421.647520,0.000000,0.604938,True
2023-01-01,21.122643,106.103360,2023-01-01 02:02:29.794010880,420.708680,0.000000,0.506173,True
2023-01-01,21.138966,106.089270,2023-01-01 02:02:29.461001216,419.294800,0.000000,0.382716,True
2023-01-01,21.226555,106.070760,2023-01-01 02:02:28.875005440,420.428530,0.000000,0.493827,True
2023-01-01,21.207962,106.067530,2023-01-01 02:02:28.848009216,422.040100,0.000000,0.555556,True
2023-01-01,21.178207,106.113250,2023-01-01 02:02:29.875000064,421.317840,0.000000,0.432099,True
2023-01-01,21.203140,106.032710,2023-01-01 02:02:28.127996928,420.457460,0.000000,0.320988,True
2023-01-01,21.290756,106.014240,2023-01-01 02:02:27.542001152,421.512600,0.000000,0.481481,True
2023-01-01,21.235298,106.004425,2023-01-01 02:02:27.461011968,420.875760,0.000000,0.469136,True
2023-01-01,21.223950,106.053345,2023-01-01 02:02:28.514999296,421.230650,0.000000,0.345679,True
2023-01-01,21.234370,106.122580,2023-01-01 02:02:29.955989248,421.297400,0.000000,0.370370,True
2023-01-01,21.125233,106.120930,2023-01-01 02:02:30.155022592,420.659550,0.000000,0.543210,True
2023-01-01,21.092600,106.266780,2023-01-01 02:02:33.317025280,422.373840,0.000000,0.506173,True
2023-01-01,21.073776,106.263794,2023-01-01 02:02:33.289988608,420.153960,0.000000,0.481481,True
2023-01-01,21.071085,106.246620,2023-01-01 02:02:32.929017088,421.162480,0.000000,0.481481,True
2023-01-01,21.015053,106.237000,2023-01-01 02:02:32.847987456,421.002900,0.000000,0.345679,True
2023-01-01,20.978018,106.230330,2023-01-01 02:02:32.793994496,420.695430,0.000000,0.333333,True
2023-01-01,21.049810,106.226230,2023-01-01 02:02:32.542014464,420.756470,0.000000,0.432099,True
2023-01-01,21.031244,106.222970,2023-01-01 02:02:32.515017984,420.724800,0.000000,0.493827,True
2023-01-01,21.012730,106.219670,2023-01-01 02:02:32.488021504,421.249630,0.000000,0.493827,True
2023-01-01,21.122020,106.221480,2023-01-01 02:02:32.289993984,421.038300,0.000000,0.333333,True
2023-01-01,21.106733,106.117584,2023-01-01 02:02:30.128026368,420.534330,0.000000,0.617284,True
2023-01-01,21.065865,106.212074,2023-01-01 02:02:32.209004800,420.772550,0.000000,0.456790,True
2023-01-01,21.063421,106.194700,2023-01-01 02:02:31.847992832,420.164800,0.000000,0.493827,True
2023-01-01,21.173052,106.196360,2023-01-01 02:02:31.650005504,420.925840,0.000000,0.456790,True
2023-01-01,21.135456,106.190285,2023-01-01 02:02:31.596012544,420.606260,0.000000,0.469136,True
2023-01-01,21.116726,106.187126,2023-01-01 02:02:31.569016320,420.884220,0.000000,0.555556,True
2023-01-01,21.079435,106.180660,2023-01-01 02:02:31.515023360,420.462770,0.000000,0.432099,True
2023-01-01,21.042406,106.173910,2023-01-01 02:02:31.460990464,420.693900,0.000000,0.493827,True
2023-01-01,21.151287,106.176060,2023-01-01 02:02:31.263003136,421.223750,0.000000,0.333333,True
2023-01-01,21.109064,106.135030,2023-01-01 02:02:30.487992320,420.055480,0.000000,0.419753,True
2023-01-01,21.090600,106.131730,2023-01-01 02:02:30.460995584,421.896820,0.000000,0.395062,True
2023-01-01,21.047283,106.208810,2023-01-01 02:02:32.182008320,420.701700,0.000000,0.432099,True
2023-01-01,21.306904,106.000180,2023-01-01 02:02:27.208991488,421.016780,0.000000,0.308642,True
2023-01-01,21.269749,105.993680,2023-01-01 02:02:27.154998784,420.017640,0.000000,0.370370,True
2023-01-01,21.349798,105.922806,2023-01-01 02:02:25.488019200,420.429600,0.000000,0.395062,True
2023-01-01,21.397724,105.998300,2023-01-01 02:02:26.983002112,419.922450,0.000000,0.320988,True
2023-01-01,21.378891,105.995285,2023-01-01 02:02:26.956005632,420.869870,0.000000,0.333333,True
2023-01-01,21.413862,105.984245,2023-01-01 02:02:26.649992448,419.671480,0.000000,0.308642,True
2023-01-01,21.395071,105.981240,2023-01-01 02:02:26.622995968,419.896640,0.000000,0.370370,True
2023-01-01,21.283410,105.962080,2023-01-01 02:02:26.461017344,420.775300,0.000000,0.419753,True
2023-01-01,21.411118,105.966965,2023-01-01 02:02:26.290026752,420.231380,0.000000,0.320988,True
2023-01-01,21.354885,105.957600,2023-01-01 02:02:26.208997120,420.733120,0.000000,0.506173,True
2023-01-01,21.317795,105.951080,2023-01-01 02:02:26.155004160,420.245760,0.000000,0.345679,True
2023-01-01,21.299303,105.947815,2023-01-01 02:02:26.128007936,420.168000,0.000000,0.419753,True
2023-01-01,21.315510,105.933754,2023-01-01 02:02:25.793992192,420.535280,0.000000,0.358025,True
2023-01-01,21.461988,105.941536,2023-01-01 02:02:25.649997824,420.451020,0.000000,0.358025,True
2023-01-01,20.945938,106.258410,2023-01-01 02:02:33.461019648,420.767600,0.000000,0.395062,True
2023-01-01,20.716702,106.068180,2023-01-01 02:01:21.928999680,422.769600,0.000000,0.370370,True
2023-01-01,20.720003,106.087685,2023-01-01 02:01:21.955996160,420.745450,0.000000,0.308642,True
2023-01-01,20.723345,106.107160,2023-01-01 02:01:21.982992640,422.484280,0.000000,0.345679,True
2023-01-01,20.972109,106.313896,2023-01-01 02:02:34.568999936,420.865840,0.000000,0.358025,True
2023-01-01,21.044296,106.309030,2023-01-01 02:02:34.317019904,421.273130,0.000000,0.370370,True
2023-01-01,21.006649,106.302890,2023-01-01 02:02:34.263026944,420.808700,0.000000,0.444444,True
2023-01-01,20.987930,106.299730,2023-01-01 02:02:34.235990272,421.295040,0.000000,0.333333,True
2023-01-01,20.948530,106.275955,2023-01-01 02:02:33.821025792,420.477660,0.000000,0.308642,True
2023-01-01,21.076492,106.280820,2023-01-01 02:02:33.649994752,420.951450,0.000000,0.345679,True
2023-01-01,21.057629,106.277780,2023-01-01 02:02:33.622998272,421.777800,0.000000,0.432099,True
2023-01-01,21.038837,106.274690,2023-01-01 02:02:33.596001792,420.119930,0.000000,0.370370,True
2023-01-01,20.946844,106.225010,2023-01-01 02:02:11.956006400,421.036200,0.000000,0.493827,True
2023-01-01,20.904465,106.200570,2023-01-01 02:02:11.875017216,421.248300,0.000000,0.506173,True
2023-01-01,20.890343,106.192320,2023-01-01 02:02:11.848020736,421.329960,0.000000,0.543210,True
2023-01-01,20.862099,106.175670,2023-01-01 02:02:11.793987840,421.153230,0.000000,0.506173,True
2023-01-01,20.977123,106.218940,2023-01-01 02:02:11.649993472,420.478970,0.000000,0.333333,True
2023-01-01,20.962978,106.210884,2023-01-01 02:02:11.622996736,420.501650,0.000000,0.382716,True
2023-01-01,20.948837,106.202774,2023-01-01 02:02:11.596000512,420.481320,0.000000,0.308642,True
2023-01-01,20.920586,106.186424,2023-01-01 02:02:11.542007808,420.445920,0.000000,0.345679,True
2023-01-01,20.892340,106.169880,2023-01-01 02:02:11.488014592,420.629060,0.000000,0.407407,True
2023-01-01,20.878218,106.161540,2023-01-01 02:02:11.461018368,421.091980,0.000000,0.592593,True
2023-01-01,20.993204,106.204840,2023-01-01 02:02:11.317024000,420.161320,0.000000,0.444444,True
2023-01-01,20.960978,106.233070,2023-01-01 02:02:11.983003136,420.770940,0.000000,0.320988,True
2023-01-01,20.979044,106.196780,2023-01-01 02:02:11.289987328,420.289200,0.000000,0.444444,True
2023-01-01,20.894186,106.147420,2023-01-01 02:02:11.128008704,420.346070,0.000000,0.382716,True
2023-01-01,21.009172,106.190760,2023-01-01 02:02:10.983008512,421.707280,0.000000,0.518519,True
2023-01-01,20.995031,106.182710,2023-01-01 02:02:10.956012032,420.213300,0.000000,0.555556,True
2023-01-01,20.980894,106.174620,2023-01-01 02:02:10.929015552,420.892300,0.000000,0.432099,True
2023-01-01,20.952630,106.158295,2023-01-01 02:02:10.875022592,421.079400,0.000000,0.543210,True
2023-01-01,21.011124,106.168620,2023-01-01 02:02:10.623002368,421.388760,0.000000,0.419753,True
2023-01-01,20.996986,106.160500,2023-01-01 02:02:10.596005888,420.949300,0.000000,0.395062,True
2023-01-01,20.964888,106.188675,2023-01-01 02:02:11.262990848,421.573520,0.000000,0.543210,True
2023-01-01,20.968737,106.144135,2023-01-01 02:02:10.542013184,420.842070,0.000000,0.432099,True
2023-01-01,20.846024,106.189705,2023-01-01 02:02:12.128003072,420.470250,0.000000,0.506173,True
2023-01-01,20.874321,106.206330,2023-01-01 02:02:12.181996032,420.936520,0.000000,0.432099,True
2023-01-01,20.860172,106.198044,2023-01-01 02:02:12.154999808,420.483900,0.000000,0.395062,True
2023-01-01,20.898733,106.267235,2023-01-01 02:02:12.956001280,420.273160,0.000000,0.419753,True
2023-01-01,20.884584,106.259140,2023-01-01 02:02:12.929004544,421.574040,0.000000,0.432099,True
2023-01-01,20.870438,106.251000,2023-01-01 02:02:12.902008320,420.991970,0.000000,0.320988,True
2023-01-01,20.914793,106.253150,2023-01-01 02:02:12.622991616,420.932430,0.000000,0.345679,True
2023-01-01,20.858297,106.220410,2023-01-01 02:02:12.515005952,420.738950,0.000000,0.469136,True
2023-01-01,20.844177,106.212105,2023-01-01 02:02:12.488009472,421.389740,0.000000,0.358025,True
2023-01-01,20.830060,106.203760,2023-01-01 02:02:12.461012736,421.257750,0.000000,0.604938,True
2023-01-01,20.945074,106.247070,2023-01-01 02:02:12.317018624,420.982150,0.000000,0.370370,True
2023-01-01,20.916777,106.230900,2023-01-01 02:02:12.263025664,421.801850,0.000000,0.333333,True
2023-01-01,20.888472,106.214570,2023-01-01 02:02:12.208992512,421.344570,0.000000,0.382716,True
2023-01-01,20.954615,106.135880,2023-01-01 02:02:10.515016448,420.671700,0.000000,0.543210,True
2023-01-01,20.940495,106.127570,2023-01-01 02:02:10.488020224,420.433400,0.000000,0.407407,True
2023-01-01,21.041386,106.162550,2023-01-01 02:02:10.316989184,420.981000,0.000000,0.419753,True
2023-01-01,21.201855,106.021164,2023-01-01 02:02:06.982989824,420.765660,0.000000,0.370370,True
2023-01-01,21.217980,106.007126,2023-01-01 02:02:06.650020608,420.971500,0.000000,0.469136,True
2023-01-01,21.175507,105.982850,2023-01-01 02:02:06.568990976,421.637360,0.000000,0.407407,True
2023-01-01,21.161343,105.974660,2023-01-01 02:02:06.541994496,420.807920,0.000000,0.493827,True
2023-01-01,21.163103,105.952300,2023-01-01 02:02:06.181988352,420.426400,0.000000,0.382716,True
2023-01-01,21.134800,105.935770,2023-01-01 02:02:06.127995392,421.230300,0.000000,0.320988,True
2023-01-01,21.249935,105.978920,2023-01-01 02:02:05.982995200,421.230900,0.000000,0.456790,True
2023-01-01,21.235779,105.970856,2023-01-01 02:02:05.955998976,421.114140,0.000000,0.345679,True
2023-01-01,21.207478,105.954590,2023-01-01 02:02:05.902006272,421.181000,0.000000,0.308642,True
2023-01-01,21.179186,105.938140,2023-01-01 02:02:05.848013056,421.147830,0.000000,0.345679,True
2023-01-01,21.147182,105.966420,2023-01-01 02:02:06.514998016,420.359440,0.000000,0.407407,True
2023-01-01,21.095224,106.053480,2023-01-01 02:02:08.236010496,421.756470,0.000000,0.320988,True
2023-01-01,21.013067,106.146416,2023-01-01 02:02:10.262996224,420.811900,0.000000,0.530864,True
2023-01-01,20.998917,106.138260,2023-01-01 02:02:10.235999744,420.293980,0.000000,0.530864,True
2023-01-01,20.984770,106.130060,2023-01-01 02:02:10.209003520,421.422820,0.000000,0.432099,True
2023-01-01,20.956478,106.113520,2023-01-01 02:02:10.155010560,421.262000,0.000000,0.530864,True
2023-01-01,20.942337,106.105156,2023-01-01 02:02:10.128014080,420.378270,0.000000,0.493827,True
2023-01-01,21.057350,106.148410,2023-01-01 02:02:09.983013888,421.092040,0.000000,0.543210,True
2023-01-01,21.043215,106.140340,2023-01-01 02:02:09.956017408,421.051670,0.000000,0.370370,True
2023-01-01,21.014956,106.124080,2023-01-01 02:02:09.902024448,421.573880,0.000000,0.530864,True
2023-01-01,20.972569,106.099335,2023-01-01 02:02:09.820995072,420.410430,0.000000,0.407407,True
2023-01-01,21.047089,106.095810,2023-01-01 02:02:09.236005376,421.536200,0.000000,0.308642,True
2023-01-01,21.032950,106.087616,2023-01-01 02:02:09.209008640,421.118230,0.000000,0.358025,True
2023-01-01,21.018814,106.079384,2023-01-01 02:02:09.182012416,421.067380,0.000000,0.493827,True
2023-01-01,21.004677,106.071100,2023-01-01 02:02:09.155015936,420.998440,0.000000,0.333333,True
2023-01-01,21.105574,106.106060,2023-01-01 02:02:08.983019264,420.860570,0.000000,0.592593,True
2023-01-01,21.091412,106.098015,2023-01-01 02:02:08.956022784,421.223820,0.000000,0.308642,True
2023-01-01,21.020666,106.057050,2023-01-01 02:02:08.821000704,420.548460,0.000000,0.567901,True
2023-01-01,21.006535,106.048700,2023-01-01 02:02:08.794003968,421.130130,0.000000,0.518519,True
2023-01-01,21.121666,106.091866,2023-01-01 02:02:08.650009600,421.758150,0.000000,0.456790,True
2023-01-01,21.107520,106.083820,2023-01-01 02:02:08.623013376,420.817960,0.000000,0.506173,True
2023-01-01,21.050909,106.051160,2023-01-01 02:02:08.514987264,421.898830,0.000000,0.493827,True
2023-01-01,21.109373,106.061630,2023-01-01 02:02:08.263007232,421.430540,0.000000,0.530864,True
2023-01-01,21.467197,105.858460,2023-01-01 02:02:23.874992384,419.939600,0.000000,0.333333,True
2023-01-01,21.266010,105.964690,2023-01-01 02:02:05.650025728,420.518550,0.000000,0.432099,True
2023-01-01,20.728905,106.034620,2023-01-01 02:01:21.568993536,422.245180,0.000000,0.592593,True
2023-01-01,20.766417,105.757690,2023-01-01 02:00:57.793986816,420.718840,0.000000,0.407407,True
2023-01-01,20.760458,105.805220,2023-01-01 02:00:57.848019712,421.305180,0.000000,0.456790,True
2023-01-01,20.754734,105.852905,2023-01-01 02:00:57.902012928,422.105350,0.000000,0.370370,True
2023-01-01,20.751884,105.876820,2023-01-01 02:00:57.929009152,420.792020,0.000000,0.506173,True
2023-01-01,20.749184,105.900760,2023-01-01 02:00:57.956005632,420.928650,0.000000,0.469136,True
2023-01-01,20.746517,105.924730,2023-01-01 02:00:57.983002112,421.072780,0.000000,0.407407,True
2023-01-01,20.750480,105.771860,2023-01-01 02:00:58.128002048,420.861970,0.000000,0.358025,True
2023-01-01,20.741611,105.843180,2023-01-01 02:00:58.208991488,423.030150,0.000000,0.567901,True
2023-01-01,20.738821,105.867010,2023-01-01 02:00:58.235988224,422.423130,0.000000,0.333333,True
2023-01-01,20.736034,105.890890,2023-01-01 02:00:58.263024896,422.191930,0.000000,0.432099,True
2023-01-01,20.733284,105.914810,2023-01-01 02:00:58.290021120,421.372250,0.000000,0.333333,True
2023-01-01,20.730537,105.938790,2023-01-01 02:00:58.317017600,420.611180,0.000000,0.604938,True
2023-01-01,20.734426,105.785904,2023-01-01 02:00:58.461011968,420.911220,0.000000,0.419753,True
2023-01-01,20.731400,105.809640,2023-01-01 02:00:58.488008448,421.369400,0.000000,0.444444,True
2023-01-01,20.725582,105.857210,2023-01-01 02:00:58.542001152,420.538880,0.000000,0.543210,True
2023-01-01,20.722740,105.881050,2023-01-01 02:00:58.568997632,422.387020,0.000000,0.444444,True
2023-01-01,20.717213,105.928840,2023-01-01 02:00:58.622990592,420.579800,0.000000,0.382716,True
2023-01-01,20.718470,105.800000,2023-01-01 02:00:58.794021632,419.961880,0.000000,0.395062,True
2023-01-01,20.715410,105.823760,2023-01-01 02:00:58.821017856,420.113860,0.000000,0.543210,True
2023-01-01,20.712513,105.847534,2023-01-01 02:00:58.848014336,421.763800,0.000000,0.481481,True
2023-01-01,20.709614,105.871346,2023-01-01 02:00:58.875011072,422.674380,0.000000,0.580247,True
2023-01-01,20.706795,105.895180,2023-01-01 02:00:58.902007296,420.768650,0.000000,0.407407,True
2023-01-01,20.703978,105.919060,2023-01-01 02:00:58.929003776,422.028080,0.000000,0.481481,True
2023-01-01,20.701210,105.942980,2023-01-01 02:00:58.956000256,421.513980,0.000000,0.395062,True
2023-01-01,20.690758,105.909300,2023-01-01 02:00:59.236023040,421.803900,0.000000,0.333333,True
2023-01-01,20.728424,105.833420,2023-01-01 02:00:58.515004928,421.002000,0.000000,0.493827,True
2023-01-01,20.687980,105.933190,2023-01-01 02:00:59.263019264,421.027070,0.000000,0.407407,True
2023-01-01,20.765097,105.886620,2023-01-01 02:00:57.622995968,422.068500,0.000000,0.469136,True
2023-01-01,20.773485,105.814865,2023-01-01 02:00:57.542006784,421.104700,0.000000,0.432099,True
2023-01-01,20.834538,105.782090,2023-01-01 02:00:56.235998976,421.422640,0.000000,0.567901,True
2023-01-01,20.831776,105.806010,2023-01-01 02:00:56.262995200,421.289400,0.000000,0.419753,True
2023-01-01,20.828997,105.829960,2023-01-01 02:00:56.289991936,421.509460,0.000000,0.530864,True
2023-01-01,20.826345,105.853930,2023-01-01 02:00:56.317028608,421.422730,0.000000,0.370370,True
2023-01-01,20.830141,105.700935,2023-01-01 02:00:56.461022976,420.939150,0.000000,0.444444,True
2023-01-01,20.827173,105.724720,2023-01-01 02:00:56.488019200,421.799400,0.000000,0.580247,True
2023-01-01,20.815779,105.820244,2023-01-01 02:00:56.596004864,422.589200,0.000000,0.580247,True
2023-01-01,20.813070,105.844220,2023-01-01 02:00:56.623001344,421.065980,0.000000,0.444444,True
2023-01-01,20.810413,105.868230,2023-01-01 02:00:56.649997824,422.232850,0.000000,0.555556,True
2023-01-01,20.814243,105.715200,2023-01-01 02:00:56.793992192,420.740140,0.000000,0.345679,True
2023-01-01,20.767859,105.862656,2023-01-01 02:00:57.595999488,422.037960,0.000000,0.617284,True
2023-01-01,20.808298,105.762710,2023-01-01 02:00:56.848025344,421.257660,0.000000,0.333333,True
2023-01-01,20.802603,105.810410,2023-01-01 02:00:56.902018048,421.333440,0.000000,0.444444,True
2023-01-01,20.799793,105.834340,2023-01-01 02:00:56.929014784,421.900020,0.000000,0.370370,True
2023-01-01,20.797083,105.858300,2023-01-01 02:00:56.956011008,421.545720,0.000000,0.407407,True
2023-01-01,20.794456,105.882280,2023-01-01 02:00:56.983007488,419.887300,0.000000,0.308642,True
2023-01-01,20.798325,105.729324,2023-01-01 02:00:57.128007680,420.915680,0.000000,0.469136,True
2023-01-01,20.795311,105.753040,2023-01-01 02:00:57.155003904,421.017100,0.000000,0.555556,True
2023-01-01,20.792349,105.776790,2023-01-01 02:00:57.182000640,420.954530,0.000000,0.419753,True
2023-01-01,20.789389,105.800580,2023-01-01 02:00:57.208997120,420.576260,0.000000,0.555556,True
2023-01-01,20.780996,105.872220,2023-01-01 02:00:57.290026752,421.583160,0.000000,0.419753,True
2023-01-01,20.782331,105.743450,2023-01-01 02:00:57.461017344,420.159060,0.000000,0.493827,True
2023-01-01,20.776384,105.791020,2023-01-01 02:00:57.515010304,420.862030,0.000000,0.407407,True
2023-01-01,20.805384,105.786540,2023-01-01 02:00:56.875021824,422.380830,0.000000,0.370370,True
2023-01-01,20.683458,105.851814,2023-01-01 02:00:59.488003072,421.588960,0.000000,0.543210,True
2023-01-01,20.680475,105.875600,2023-01-01 02:00:59.514999296,421.528440,0.000000,0.555556,True
2023-01-01,20.671976,105.947150,2023-01-01 02:00:59.595988736,421.298550,0.000000,0.320988,True
2023-01-01,21.444672,105.377260,2023-01-01 02:01:06.541998080,421.975800,0.000000,0.382716,True
2023-01-01,21.416107,105.425420,2023-01-01 02:01:07.236019712,423.560400,0.000000,0.382716,True
2023-01-01,20.669245,105.971080,2023-01-01 02:00:59.623025408,419.937840,0.000000,0.320988,True
2023-01-01,20.666565,105.995040,2023-01-01 02:00:59.650021888,421.318400,0.000000,0.419753,True
2023-01-01,20.667517,105.866010,2023-01-01 02:00:59.821012480,421.455320,0.000000,0.469136,True
2023-01-01,20.664595,105.889770,2023-01-01 02:00:59.848009216,421.003880,0.000000,0.469136,True
2023-01-01,20.654537,105.856340,2023-01-01 02:01:00.127991552,421.634340,0.000000,0.456790,True
2023-01-01,20.651558,105.880050,2023-01-01 02:01:00.154987776,420.708980,0.000000,0.456790,True
2023-01-01,20.642794,105.951420,2023-01-01 02:01:00.236017408,421.290830,0.000000,0.481481,True
2023-01-01,20.639969,105.975296,2023-01-01 02:01:00.263013888,421.385040,0.000000,0.395062,True
2023-01-01,20.638601,105.870470,2023-01-01 02:01:00.461001216,420.388200,0.000000,0.358025,True
2023-01-01,20.622572,105.884630,2023-01-01 02:01:00.794010624,419.023470,0.000000,0.333333,True
2023-01-01,21.562960,105.316690,2023-01-01 02:01:04.262992128,421.938350,0.000000,0.320988,True
2023-01-01,20.846092,105.686780,2023-01-01 02:00:56.128013056,420.320900,0.000000,0.370370,True
2023-01-01,20.844908,105.815765,2023-01-01 02:00:55.956016640,421.476840,0.000000,0.506173,True
2023-01-01,21.134836,105.536910,2023-01-01 02:00:49.929012224,421.136140,0.000000,0.333333,True
2023-01-01,21.108406,105.517310,2023-01-01 02:00:50.542004224,419.540920,0.000000,0.395062,True
2023-01-01,21.102922,105.565210,2023-01-01 02:00:50.595997440,421.545530,0.000000,0.432099,True
2023-01-01,21.100248,105.589210,2023-01-01 02:00:50.622993664,421.470980,0.000000,0.308642,True
2023-01-01,21.095310,105.507610,2023-01-01 02:00:50.848017664,421.586600,0.000000,0.345679,True
2023-01-01,21.092472,105.531494,2023-01-01 02:00:50.875014144,421.052830,0.000000,0.370370,True
2023-01-01,21.084312,105.603420,2023-01-01 02:00:50.956003328,420.974200,0.000000,0.407407,True
2023-01-01,21.076645,105.545880,2023-01-01 02:00:51.208989440,421.516880,0.000000,0.493827,True
2023-01-01,21.073874,105.569800,2023-01-01 02:00:51.236026112,422.114530,0.000000,0.419753,True
2023-01-01,21.068453,105.617744,2023-01-01 02:00:51.290018816,421.470060,0.000000,0.382716,True
2023-01-01,21.063564,105.536125,2023-01-01 02:00:51.515002368,421.370100,0.000000,0.382716,True
2023-01-01,21.052494,105.631920,2023-01-01 02:00:51.622988288,422.010620,0.000000,0.456790,True
2023-01-01,21.041847,105.598090,2023-01-01 02:00:51.902005248,421.223450,0.000000,0.493827,True
2023-01-01,21.071140,105.593765,2023-01-01 02:00:51.263022336,421.233670,0.000000,0.506173,True
2023-01-01,21.140312,105.488976,2023-01-01 02:00:49.875019520,421.252440,0.000000,0.370370,True
2023-01-01,21.312721,105.356450,2023-01-01 02:00:46.236013056,421.990300,0.000000,0.345679,True
2023-01-01,21.302374,105.322720,2023-01-01 02:00:46.514989312,422.157320,0.000000,0.395062,True
2023-01-01,21.278105,105.408850,2023-01-01 02:00:46.928988416,422.296260,0.000000,0.469136,True
2023-01-01,21.238546,105.379555,2023-01-01 02:00:47.847993600,421.748020,0.000000,0.419753,True
2023-01-01,21.235737,105.403470,2023-01-01 02:00:47.874990080,422.625670,0.000000,0.530864,True
2023-01-01,21.227646,105.475560,2023-01-01 02:00:47.956019712,421.220800,0.000000,0.407407,True
2023-01-01,21.225046,105.499664,2023-01-01 02:00:47.983015936,420.756680,0.000000,0.407407,True
2023-01-01,21.222704,105.394020,2023-01-01 02:00:48.182009344,421.312160,0.000000,0.493827,True
2023-01-01,21.219881,105.417910,2023-01-01 02:00:48.209005568,422.352630,0.000000,0.543210,True
2023-01-01,21.206831,105.408295,2023-01-01 02:00:48.515019008,421.326720,0.000000,0.358025,True
2023-01-01,21.248896,105.413340,2023-01-01 02:00:47.569017088,421.693630,0.000000,0.543210,True
2023-01-01,20.938870,105.625690,2023-01-01 02:00:54.155020544,420.414730,0.000000,0.469136,True
2023-01-01,20.924849,105.745186,2023-01-01 02:00:54.290002688,420.159300,0.000000,0.419753,True
2023-01-01,20.922165,105.769196,2023-01-01 02:00:54.316998912,421.810240,0.000000,0.444444,True
2023-01-01,20.925875,105.616140,2023-01-01 02:00:54.460993280,420.704650,0.000000,0.370370,True
2023-01-01,20.917140,105.687546,2023-01-01 02:00:54.542022912,421.571380,0.000000,0.432099,True
2023-01-01,20.908863,105.759270,2023-01-01 02:00:54.623012352,421.211330,0.000000,0.345679,True
2023-01-01,20.906208,105.783260,2023-01-01 02:00:54.650008576,420.996550,0.000000,0.592593,True
2023-01-01,20.904089,105.677840,2023-01-01 02:00:54.847995904,421.082150,0.000000,0.432099,True
2023-01-01,20.941822,105.601890,2023-01-01 02:00:54.128024064,419.912050,0.000000,0.382716,True
2023-01-01,20.901222,105.701680,2023-01-01 02:00:54.874992384,422.011540,0.000000,0.320988,True
2023-01-01,20.878029,105.658615,2023-01-01 02:00:55.460988160,421.040800,0.000000,0.382716,True
2023-01-01,20.875078,105.682360,2023-01-01 02:00:55.488024832,421.594670,0.000000,0.555556,True
2023-01-01,20.863613,105.777770,2023-01-01 02:00:55.596010496,421.647520,0.000000,0.604938,True
2023-01-01,20.860899,105.801704,2023-01-01 02:00:55.623006720,422.097000,0.000000,0.518519,True
2023-01-01,20.858234,105.825680,2023-01-01 02:00:55.650003200,422.547450,0.000000,0.345679,True
2023-01-01,20.862095,105.672720,2023-01-01 02:00:55.793997824,420.860050,0.000000,0.419753,True
2023-01-01,20.859125,105.696470,2023-01-01 02:00:55.820994048,421.533140,0.000000,0.419753,True
2023-01-01,20.856203,105.720250,2023-01-01 02:00:55.847990528,421.488250,0.000000,0.358025,True
2023-01-01,20.847662,105.791830,2023-01-01 02:00:55.929019904,421.476780,0.000000,0.506173,True
2023-01-01,21.022919,105.636116,2023-01-01 02:00:52.263016960,420.979980,0.000000,0.419753,True
2023-01-01,21.015650,105.578610,2023-01-01 02:00:52.514996992,421.416470,0.000000,0.395062,True
2023-01-01,21.012814,105.602486,2023-01-01 02:00:52.541993728,422.072720,0.000000,0.444444,True
2023-01-01,21.007292,105.650350,2023-01-01 02:00:52.596026624,421.308560,0.000000,0.358025,True
2023-01-01,20.996897,105.616730,2023-01-01 02:00:52.875003392,420.994840,0.000000,0.444444,True
2023-01-01,20.986740,105.583260,2023-01-01 02:00:53.155025920,421.585140,0.000000,0.419753,True
2023-01-01,20.983809,105.607086,2023-01-01 02:00:53.182022400,421.753480,0.000000,0.456790,True
2023-01-01,20.973593,105.573390,2023-01-01 02:00:53.460998656,419.718400,0.000000,0.493827,True
2023-01-01,20.970690,105.597190,2023-01-01 02:00:53.487995136,420.698400,0.000000,0.432099,True
2023-01-01,20.962065,105.668910,2023-01-01 02:00:53.569024768,421.332300,0.000000,0.506173,True
2023-01-01,20.954796,105.611540,2023-01-01 02:00:53.821004800,421.455020,0.000000,0.444444,True
2023-01-01,20.951885,105.635345,2023-01-01 02:00:53.848001536,420.096950,0.000000,0.469136,True
2023-01-01,20.943737,105.778230,2023-01-01 02:01:16.821000704,422.190460,0.000000,0.345679,True
2023-01-01,20.924314,105.772690,2023-01-01 02:01:17.128019712,420.991240,0.000000,0.456790,True
2023-01-01,20.930460,105.811910,2023-01-01 02:01:17.182012672,421.563080,0.000000,0.407407,True
2023-01-01,20.908674,105.786896,2023-01-01 02:01:17.460989440,422.817600,0.000000,0.518519,True
2023-01-01,20.914980,105.826126,2023-01-01 02:01:17.515022592,422.091980,0.000000,0.419753,True
2023-01-01,20.892693,105.801050,2023-01-01 02:01:17.793998848,421.699520,0.000000,0.456790,True
2023-01-01,20.799700,106.017334,2023-01-01 02:01:20.290022400,422.231700,0.000000,0.395062,True
2023-01-01,20.803015,106.036840,2023-01-01 02:01:20.317018880,423.009740,0.000000,0.333333,True
2023-01-01,20.751919,105.947780,2023-01-01 02:01:20.821019392,422.427800,0.000000,0.506173,True
2023-01-01,20.767992,106.045395,2023-01-01 02:01:20.956001536,421.371100,0.000000,0.444444,True
2023-01-01,20.771307,106.064830,2023-01-01 02:01:20.982998016,422.242300,0.000000,0.456790,True
2023-01-01,20.741722,106.001030,2023-01-01 02:01:21.208987392,421.016660,0.000000,0.481481,True
2023-01-01,20.780226,106.011925,2023-01-01 02:01:20.595995392,421.619020,0.000000,0.481481,True
2023-01-01,20.879705,105.834780,2023-01-01 02:01:18.155010816,421.149600,0.000000,0.370370,True
2023-01-01,20.882961,105.854390,2023-01-01 02:01:18.182007296,420.985100,0.000000,0.358025,True
2023-01-01,20.847797,105.863120,2023-01-01 02:01:18.820990208,420.944270,0.000000,0.308642,True
2023-01-01,20.812286,105.871800,2023-01-01 02:01:19.461018880,421.255920,0.000000,0.592593,True
2023-01-01,21.330435,105.569565,2023-01-01 02:01:09.316997888,422.123140,0.000000,0.308642,True
2023-01-01,21.297913,105.485760,2023-01-01 02:01:09.515025664,423.029020,0.000000,0.407407,True
2023-01-01,21.301235,105.505390,2023-01-01 02:01:09.542021888,422.600070,0.000000,0.432099,True
2023-01-01,21.304596,105.524990,2023-01-01 02:01:09.569018368,422.433800,0.000000,0.456790,True
2023-01-01,21.307981,105.544556,2023-01-01 02:01:09.596015104,423.777600,0.000000,0.370370,True
2023-01-01,21.311293,105.564120,2023-01-01 02:01:09.623011328,421.668430,0.000000,0.308642,True
2023-01-01,21.278397,105.480260,2023-01-01 02:01:09.820998656,422.569060,0.000000,0.432099,True
2023-01-01,21.288155,105.539116,2023-01-01 02:01:09.901988096,422.218200,0.000000,0.432099,True
2023-01-01,21.291483,105.558700,2023-01-01 02:01:09.929024768,421.808500,0.000000,0.333333,True
2023-01-01,21.272285,105.553520,2023-01-01 02:01:10.236003328,423.147980,0.000000,0.518519,True
2023-01-01,21.275608,105.573110,2023-01-01 02:01:10.262999808,422.345340,0.000000,0.395062,True
2023-01-01,21.278980,105.592650,2023-01-01 02:01:10.289996032,422.971830,0.000000,0.320988,True
2023-01-01,21.246850,105.508804,2023-01-01 02:01:10.488023808,422.051000,0.000000,0.333333,True
2023-01-01,21.250124,105.528435,2023-01-01 02:01:10.515020032,421.808560,0.000000,0.358025,True
2023-01-01,21.256783,105.567620,2023-01-01 02:01:10.569012992,422.494140,0.000000,0.308642,True
2023-01-01,21.260157,105.587170,2023-01-01 02:01:10.596009472,422.648220,0.000000,0.333333,True
2023-01-01,21.266773,105.626240,2023-01-01 02:01:10.650002432,421.241500,0.000000,0.358025,True
2023-01-01,21.259336,105.474890,2023-01-01 02:01:10.128017664,422.541170,0.000000,0.320988,True
2023-01-01,21.317297,105.491234,2023-01-01 02:01:09.209012480,423.531980,0.000000,0.419753,True
2023-01-01,21.314030,105.471565,2023-01-01 02:01:09.182016000,421.793100,0.000000,0.395062,True
2023-01-01,21.396957,105.420030,2023-01-01 02:01:07.541992704,422.497830,0.000000,0.345679,True
2023-01-01,21.378359,105.526870,2023-01-01 02:01:08.317003520,422.251200,0.000000,0.456790,True
2023-01-01,21.352415,105.482290,2023-01-01 02:01:08.569023744,422.701840,0.000000,0.419753,True
2023-01-01,21.355833,105.501840,2023-01-01 02:01:08.596020224,423.297500,0.000000,0.518519,True
2023-01-01,21.359266,105.521360,2023-01-01 02:01:08.623016960,422.135900,0.000000,0.333333,True
2023-01-01,21.362614,105.540870,2023-01-01 02:01:08.650013184,421.902340,0.000000,0.395062,True
2023-01-01,21.333256,105.476890,2023-01-01 02:01:08.874996992,422.074250,0.000000,0.370370,True
2023-01-01,21.336458,105.496490,2023-01-01 02:01:08.901993216,422.902370,0.000000,0.481481,True
2023-01-01,21.339735,105.516060,2023-01-01 02:01:08.928989952,423.518160,0.000000,0.370370,True
2023-01-01,21.343052,105.535610,2023-01-01 02:01:08.956026624,423.048800,0.000000,0.444444,True
2023-01-01,21.227497,105.503456,2023-01-01 02:01:10.793996800,422.072750,0.000000,0.345679,True
2023-01-01,21.230665,105.523160,2023-01-01 02:01:10.820993280,422.118230,0.000000,0.382716,True
2023-01-01,21.237130,105.562460,2023-01-01 02:01:10.875026176,422.578460,0.000000,0.432099,True
2023-01-01,21.116083,105.602715,2023-01-01 02:01:13.128001536,422.270660,0.000000,0.469136,True
2023-01-01,21.093376,105.689995,2023-01-01 02:01:13.875010048,420.660160,0.000000,0.308642,True
2023-01-01,21.243690,105.601555,2023-01-01 02:01:10.929019136,421.437530,0.000000,0.358025,True
2023-01-01,21.250422,105.640550,2023-01-01 02:01:10.983011840,422.055630,0.000000,0.419753,True
2023-01-01,21.198847,105.551440,2023-01-01 02:01:11.488018176,421.556900,0.000000,0.395062,True
2023-01-01,21.202091,105.571075,2023-01-01 02:01:11.515014656,422.847440,0.000000,0.617284,True
2023-01-01,21.215360,105.649400,2023-01-01 02:01:11.623000576,421.703640,0.000000,0.308642,True
2023-01-01,21.218718,105.668920,2023-01-01 02:01:11.649997056,421.323270,0.000000,0.345679,True
2023-01-01,21.195807,105.644005,2023-01-01 02:01:11.929013760,421.387730,0.000000,0.358025,True
2023-01-01,21.199144,105.663540,2023-01-01 02:01:11.956009984,421.783050,0.000000,0.617284,True
2023-01-01,21.202528,105.683060,2023-01-01 02:01:11.983006464,420.711730,0.000000,0.432099,True
2023-01-01,21.183170,105.677800,2023-01-01 02:01:12.290025728,422.033360,0.000000,0.530864,True
2023-01-01,21.186563,105.697310,2023-01-01 02:01:12.317022208,420.306820,0.000000,0.543210,True
2023-01-01,21.170597,105.711470,2023-01-01 02:01:12.649991424,421.680970,0.000000,0.419753,True
2023-01-01,21.233883,105.542840,2023-01-01 02:01:10.847989504,422.339300,0.000000,0.481481,True
2023-01-01,21.251850,105.956650,2023-01-01 02:02:05.622989056,420.947660,0.000000,0.370370,True
2023-01-01,21.166939,105.907394,2023-01-01 02:02:05.461010688,420.774140,0.000000,0.370370,True
2023-01-01,21.233883,105.542840,2023-01-01 02:01:10.847989504,422.339300,0.000000,0.481481,True
2023-01-01,21.230665,105.523160,2023-01-01 02:01:10.820993280,422.118230,0.000000,0.382716,True
2023-01-01,21.227497,105.503456,2023-01-01 02:01:10.793996800,422.072750,0.000000,0.345679,True
2023-01-01,21.266773,105.626240,2023-01-01 02:01:10.650002432,421.241500,0.000000,0.358025,True
2023-01-01,21.260157,105.587170,2023-01-01 02:01:10.596009472,422.648220,0.000000,0.333333,True
2023-01-01,21.256783,105.567620,2023-01-01 02:01:10.569012992,422.494140,0.000000,0.308642,True
2023-01-01,21.250124,105.528435,2023-01-01 02:01:10.515020032,421.808560,0.000000,0.358025,True
2023-01-01,21.246850,105.508804,2023-01-01 02:01:10.488023808,422.051000,0.000000,0.333333,True
2023-01-01,21.278980,105.592650,2023-01-01 02:01:10.289996032,422.971830,0.000000,0.320988,True
2023-01-01,21.237130,105.562460,2023-01-01 02:01:10.875026176,422.578460,0.000000,0.432099,True
2023-01-01,21.275608,105.573110,2023-01-01 02:01:10.262999808,422.345340,0.000000,0.395062,True
2023-01-01,21.259336,105.474890,2023-01-01 02:01:10.128017664,422.541170,0.000000,0.320988,True
2023-01-01,21.291483,105.558700,2023-01-01 02:01:09.929024768,421.808500,0.000000,0.333333,True
2023-01-01,21.288155,105.539116,2023-01-01 02:01:09.901988096,422.218200,0.000000,0.432099,True
2023-01-01,21.278397,105.480260,2023-01-01 02:01:09.820998656,422.569060,0.000000,0.432099,True
2023-01-01,21.311293,105.564120,2023-01-01 02:01:09.623011328,421.668430,0.000000,0.308642,True
2023-01-01,21.307981,105.544556,2023-01-01 02:01:09.596015104,423.777600,0.000000,0.370370,True
2023-01-01,21.304596,105.524990,2023-01-01 02:01:09.569018368,422.433800,0.000000,0.456790,True
2023-01-01,21.272285,105.553520,2023-01-01 02:01:10.236003328,423.147980,0.000000,0.518519,True
2023-01-01,21.301235,105.505390,2023-01-01 02:01:09.542021888,422.600070,0.000000,0.432099,True
2023-01-01,21.250422,105.640550,2023-01-01 02:01:10.983011840,422.055630,0.000000,0.419753,True
2023-01-01,21.170597,105.711470,2023-01-01 02:01:12.649991424,421.680970,0.000000,0.419753,True
2023-01-01,21.186563,105.697310,2023-01-01 02:01:12.317022208,420.306820,0.000000,0.543210,True
2023-01-01,21.183170,105.677800,2023-01-01 02:01:12.290025728,422.033360,0.000000,0.530864,True
2023-01-01,21.202528,105.683060,2023-01-01 02:01:11.983006464,420.711730,0.000000,0.432099,True
2023-01-01,21.243690,105.601555,2023-01-01 02:01:10.929019136,421.437530,0.000000,0.358025,True
2023-01-01,21.199144,105.663540,2023-01-01 02:01:11.956009984,421.783050,0.000000,0.617284,True
2023-01-01,21.218718,105.668920,2023-01-01 02:01:11.649997056,421.323270,0.000000,0.345679,True
2023-01-01,21.215360,105.649400,2023-01-01 02:01:11.623000576,421.703640,0.000000,0.308642,True
2023-01-01,21.202091,105.571075,2023-01-01 02:01:11.515014656,422.847440,0.000000,0.617284,True
2023-01-01,21.198847,105.551440,2023-01-01 02:01:11.488018176,421.556900,0.000000,0.395062,True
2023-01-01,21.195807,105.644005,2023-01-01 02:01:11.929013760,421.387730,0.000000,0.358025,True
2023-01-01,21.297913,105.485760,2023-01-01 02:01:09.515025664,423.029020,0.000000,0.407407,True
2023-01-01,21.330435,105.569565,2023-01-01 02:01:09.316997888,422.123140,0.000000,0.308642,True
2023-01-01,21.416107,105.425420,2023-01-01 02:01:07.236019712,423.560400,0.000000,0.382716,True
2023-01-01,21.444672,105.377260,2023-01-01 02:01:06.541998080,421.975800,0.000000,0.382716,True
2023-01-01,21.396957,105.420030,2023-01-01 02:01:07.541992704,422.497830,0.000000,0.345679,True
2023-01-01,21.317297,105.491234,2023-01-01 02:01:09.209012480,423.531980,0.000000,0.419753,True
2023-01-01,21.314030,105.471565,2023-01-01 02:01:09.182016000,421.793100,0.000000,0.395062,True
2023-01-01,21.343052,105.535610,2023-01-01 02:01:08.956026624,423.048800,0.000000,0.444444,True
2023-01-01,21.339735,105.516060,2023-01-01 02:01:08.928989952,423.518160,0.000000,0.370370,True
2023-01-01,21.336458,105.496490,2023-01-01 02:01:08.901993216,422.902370,0.000000,0.481481,True
2023-01-01,21.333256,105.476890,2023-01-01 02:01:08.874996992,422.074250,0.000000,0.370370,True
2023-01-01,21.362614,105.540870,2023-01-01 02:01:08.650013184,421.902340,0.000000,0.395062,True
2023-01-01,21.359266,105.521360,2023-01-01 02:01:08.623016960,422.135900,0.000000,0.333333,True
2023-01-01,21.355833,105.501840,2023-01-01 02:01:08.596020224,423.297500,0.000000,0.518519,True
2023-01-01,21.352415,105.482290,2023-01-01 02:01:08.569023744,422.701840,0.000000,0.419753,True
2023-01-01,21.378359,105.526870,2023-01-01 02:01:08.317003520,422.251200,0.000000,0.456790,True
2023-01-01,21.116083,105.602715,2023-01-01 02:01:13.128001536,422.270660,0.000000,0.469136,True
2023-01-01,20.892693,105.801050,2023-01-01 02:01:17.793998848,421.699520,0.000000,0.456790,True
2023-01-01,20.914980,105.826126,2023-01-01 02:01:17.515022592,422.091980,0.000000,0.419753,True
2023-01-01,20.908674,105.786896,2023-01-01 02:01:17.460989440,422.817600,0.000000,0.518519,True
2023-01-01,20.930460,105.811910,2023-01-01 02:01:17.182012672,421.563080,0.000000,0.407407,True
2023-01-01,20.943737,105.778230,2023-01-01 02:01:16.821000704,422.190460,0.000000,0.345679,True
2023-01-01,20.924314,105.772690,2023-01-01 02:01:17.128019712,420.991240,0.000000,0.456790,True
2023-01-01,20.812286,105.871800,2023-01-01 02:01:19.461018880,421.255920,0.000000,0.592593,True
2023-01-01,20.847797,105.863120,2023-01-01 02:01:18.820990208,420.944270,0.000000,0.308642,True
2023-01-01,20.882961,105.854390,2023-01-01 02:01:18.182007296,420.985100,0.000000,0.358025,True
2023-01-01,20.879705,105.834780,2023-01-01 02:01:18.155010816,421.149600,0.000000,0.370370,True
2023-01-01,21.093376,105.689995,2023-01-01 02:01:13.875010048,420.660160,0.000000,0.308642,True
2023-01-01,21.041847,105.598090,2023-01-01 02:00:51.902005248,421.223450,0.000000,0.493827,True
2023-01-01,21.052494,105.631920,2023-01-01 02:00:51.622988288,422.010620,0.000000,0.456790,True
2023-01-01,21.063564,105.536125,2023-01-01 02:00:51.515002368,421.370100,0.000000,0.382716,True
2023-01-01,21.068453,105.617744,2023-01-01 02:00:51.290018816,421.470060,0.000000,0.382716,True
2023-01-01,21.071140,105.593765,2023-01-01 02:00:51.263022336,421.233670,0.000000,0.506173,True
2023-01-01,21.073874,105.569800,2023-01-01 02:00:51.236026112,422.114530,0.000000,0.419753,True
2023-01-01,21.076645,105.545880,2023-01-01 02:00:51.208989440,421.516880,0.000000,0.493827,True
2023-01-01,21.084312,105.603420,2023-01-01 02:00:50.956003328,420.974200,0.000000,0.407407,True
2023-01-01,21.092472,105.531494,2023-01-01 02:00:50.875014144,421.052830,0.000000,0.370370,True
2023-01-01,21.095310,105.507610,2023-01-01 02:00:50.848017664,421.586600,0.000000,0.345679,True
2023-01-01,21.100248,105.589210,2023-01-01 02:00:50.622993664,421.470980,0.000000,0.308642,True
2023-01-01,21.102922,105.565210,2023-01-01 02:00:50.595997440,421.545530,0.000000,0.432099,True
2023-01-01,21.108406,105.517310,2023-01-01 02:00:50.542004224,419.540920,0.000000,0.395062,True
2023-01-01,21.022919,105.636116,2023-01-01 02:00:52.263016960,420.979980,0.000000,0.419753,True
2023-01-01,20.951885,105.635345,2023-01-01 02:00:53.848001536,420.096950,0.000000,0.469136,True
2023-01-01,20.954796,105.611540,2023-01-01 02:00:53.821004800,421.455020,0.000000,0.444444,True
2023-01-01,20.962065,105.668910,2023-01-01 02:00:53.569024768,421.332300,0.000000,0.506173,True
2023-01-01,20.970690,105.597190,2023-01-01 02:00:53.487995136,420.698400,0.000000,0.432099,True
2023-01-01,20.973593,105.573390,2023-01-01 02:00:53.460998656,419.718400,0.000000,0.493827,True
2023-01-01,20.986740,105.583260,2023-01-01 02:00:53.155025920,421.585140,0.000000,0.419753,True
2023-01-01,20.996897,105.616730,2023-01-01 02:00:52.875003392,420.994840,0.000000,0.444444,True
2023-01-01,21.007292,105.650350,2023-01-01 02:00:52.596026624,421.308560,0.000000,0.358025,True
2023-01-01,21.012814,105.602486,2023-01-01 02:00:52.541993728,422.072720,0.000000,0.444444,True
2023-01-01,21.015650,105.578610,2023-01-01 02:00:52.514996992,421.416470,0.000000,0.395062,True
2023-01-01,20.983809,105.607086,2023-01-01 02:00:53.182022400,421.753480,0.000000,0.456790,True
2023-01-01,21.134836,105.536910,2023-01-01 02:00:49.929012224,421.136140,0.000000,0.333333,True
2023-01-01,21.140312,105.488976,2023-01-01 02:00:49.875019520,421.252440,0.000000,0.370370,True
2023-01-01,21.206831,105.408295,2023-01-01 02:00:48.515019008,421.326720,0.000000,0.358025,True
2023-01-01,21.219881,105.417910,2023-01-01 02:00:48.209005568,422.352630,0.000000,0.543210,True
2023-01-01,21.222704,105.394020,2023-01-01 02:00:48.182009344,421.312160,0.000000,0.493827,True
2023-01-01,21.225046,105.499664,2023-01-01 02:00:47.983015936,420.756680,0.000000,0.407407,True
2023-01-01,21.227646,105.475560,2023-01-01 02:00:47.956019712,421.220800,0.000000,0.407407,True
2023-01-01,21.235737,105.403470,2023-01-01 02:00:47.874990080,422.625670,0.000000,0.530864,True
2023-01-01,21.238546,105.379555,2023-01-01 02:00:47.847993600,421.748020,0.000000,0.419753,True
2023-01-01,21.248896,105.413340,2023-01-01 02:00:47.569017088,421.693630,0.000000,0.543210,True
2023-01-01,21.278105,105.408850,2023-01-01 02:00:46.928988416,422.296260,0.000000,0.469136,True
2023-01-01,21.302374,105.322720,2023-01-01 02:00:46.514989312,422.157320,0.000000,0.395062,True
2023-01-01,21.312721,105.356450,2023-01-01 02:00:46.236013056,421.990300,0.000000,0.345679,True
2023-01-01,20.941822,105.601890,2023-01-01 02:00:54.128024064,419.912050,0.000000,0.382716,True
2023-01-01,20.938870,105.625690,2023-01-01 02:00:54.155020544,420.414730,0.000000,0.469136,True
2023-01-01,20.680475,105.875600,2023-01-01 02:00:59.514999296,421.528440,0.000000,0.555556,True
2023-01-01,20.683458,105.851814,2023-01-01 02:00:59.488003072,421.588960,0.000000,0.543210,True
2023-01-01,20.687980,105.933190,2023-01-01 02:00:59.263019264,421.027070,0.000000,0.407407,True
2023-01-01,20.690758,105.909300,2023-01-01 02:00:59.236023040,421.803900,0.000000,0.333333,True
2023-01-01,20.701210,105.942980,2023-01-01 02:00:58.956000256,421.513980,0.000000,0.395062,True
2023-01-01,20.703978,105.919060,2023-01-01 02:00:58.929003776,422.028080,0.000000,0.481481,True
2023-01-01,20.706795,105.895180,2023-01-01 02:00:58.902007296,420.768650,0.000000,0.407407,True
2023-01-01,20.709614,105.871346,2023-01-01 02:00:58.875011072,422.674380,0.000000,0.580247,True
2023-01-01,20.712513,105.847534,2023-01-01 02:00:58.848014336,421.763800,0.000000,0.481481,True
2023-01-01,20.715410,105.823760,2023-01-01 02:00:58.821017856,420.113860,0.000000,0.543210,True
2023-01-01,20.718470,105.800000,2023-01-01 02:00:58.794021632,419.961880,0.000000,0.395062,True
2023-01-01,20.671976,105.947150,2023-01-01 02:00:59.595988736,421.298550,0.000000,0.320988,True
2023-01-01,20.717213,105.928840,2023-01-01 02:00:58.622990592,420.579800,0.000000,0.382716,True
2023-01-01,20.725582,105.857210,2023-01-01 02:00:58.542001152,420.538880,0.000000,0.543210,True
2023-01-01,20.728424,105.833420,2023-01-01 02:00:58.515004928,421.002000,0.000000,0.493827,True
2023-01-01,20.731400,105.809640,2023-01-01 02:00:58.488008448,421.369400,0.000000,0.444444,True
2023-01-01,20.734426,105.785904,2023-01-01 02:00:58.461011968,420.911220,0.000000,0.419753,True
2023-01-01,20.730537,105.938790,2023-01-01 02:00:58.317017600,420.611180,0.000000,0.604938,True
2023-01-01,20.733284,105.914810,2023-01-01 02:00:58.290021120,421.372250,0.000000,0.333333,True
2023-01-01,20.736034,105.890890,2023-01-01 02:00:58.263024896,422.191930,0.000000,0.432099,True
2023-01-01,20.738821,105.867010,2023-01-01 02:00:58.235988224,422.423130,0.000000,0.333333,True
2023-01-01,20.741611,105.843180,2023-01-01 02:00:58.208991488,423.030150,0.000000,0.567901,True
2023-01-01,20.750480,105.771860,2023-01-01 02:00:58.128002048,420.861970,0.000000,0.358025,True
2023-01-01,20.746517,105.924730,2023-01-01 02:00:57.983002112,421.072780,0.000000,0.407407,True
2023-01-01,20.749184,105.900760,2023-01-01 02:00:57.956005632,420.928650,0.000000,0.469136,True
2023-01-01,20.751884,105.876820,2023-01-01 02:00:57.929009152,420.792020,0.000000,0.506173,True
2023-01-01,20.722740,105.881050,2023-01-01 02:00:58.568997632,422.387020,0.000000,0.444444,True
2023-01-01,20.669245,105.971080,2023-01-01 02:00:59.623025408,419.937840,0.000000,0.320988,True
2023-01-01,20.666565,105.995040,2023-01-01 02:00:59.650021888,421.318400,0.000000,0.419753,True
2023-01-01,20.667517,105.866010,2023-01-01 02:00:59.821012480,421.455320,0.000000,0.469136,True
2023-01-01,21.562960,105.316690,2023-01-01 02:01:04.262992128,421.938350,0.000000,0.320988,True
2023-01-01,20.622572,105.884630,2023-01-01 02:01:00.794010624,419.023470,0.000000,0.333333,True
2023-01-01,20.638601,105.870470,2023-01-01 02:01:00.461001216,420.388200,0.000000,0.358025,True
2023-01-01,20.639969,105.975296,2023-01-01 02:01:00.263013888,421.385040,0.000000,0.395062,True
2023-01-01,20.642794,105.951420,2023-01-01 02:01:00.236017408,421.290830,0.000000,0.481481,True
2023-01-01,20.651558,105.880050,2023-01-01 02:01:00.154987776,420.708980,0.000000,0.456790,True
2023-01-01,20.654537,105.856340,2023-01-01 02:01:00.127991552,421.634340,0.000000,0.456790,True
2023-01-01,20.664595,105.889770,2023-01-01 02:00:59.848009216,421.003880,0.000000,0.469136,True
2023-01-01,20.754734,105.852905,2023-01-01 02:00:57.902012928,422.105350,0.000000,0.370370,True
2023-01-01,20.760458,105.805220,2023-01-01 02:00:57.848019712,421.305180,0.000000,0.456790,True
2023-01-01,20.844908,105.815765,2023-01-01 02:00:55.956016640,421.476840,0.000000,0.506173,True
2023-01-01,20.847662,105.791830,2023-01-01 02:00:55.929019904,421.476780,0.000000,0.506173,True
2023-01-01,20.856203,105.720250,2023-01-01 02:00:55.847990528,421.488250,0.000000,0.358025,True
2023-01-01,20.859125,105.696470,2023-01-01 02:00:55.820994048,421.533140,0.000000,0.419753,True
2023-01-01,20.862095,105.672720,2023-01-01 02:00:55.793997824,420.860050,0.000000,0.419753,True
2023-01-01,20.858234,105.825680,2023-01-01 02:00:55.650003200,422.547450,0.000000,0.345679,True
2023-01-01,20.860899,105.801704,2023-01-01 02:00:55.623006720,422.097000,0.000000,0.518519,True
2023-01-01,20.863613,105.777770,2023-01-01 02:00:55.596010496,421.647520,0.000000,0.604938,True
2023-01-01,20.875078,105.682360,2023-01-01 02:00:55.488024832,421.594670,0.000000,0.555556,True
2023-01-01,20.846092,105.686780,2023-01-01 02:00:56.128013056,420.320900,0.000000,0.370370,True
2023-01-01,20.878029,105.658615,2023-01-01 02:00:55.460988160,421.040800,0.000000,0.382716,True
2023-01-01,20.901222,105.701680,2023-01-01 02:00:54.874992384,422.011540,0.000000,0.320988,True
2023-01-01,20.904089,105.677840,2023-01-01 02:00:54.847995904,421.082150,0.000000,0.432099,True
2023-01-01,20.906208,105.783260,2023-01-01 02:00:54.650008576,420.996550,0.000000,0.592593,True
2023-01-01,20.908863,105.759270,2023-01-01 02:00:54.623012352,421.211330,0.000000,0.345679,True
2023-01-01,20.917140,105.687546,2023-01-01 02:00:54.542022912,421.571380,0.000000,0.432099,True
2023-01-01,20.925875,105.616140,2023-01-01 02:00:54.460993280,420.704650,0.000000,0.370370,True
2023-01-01,20.922165,105.769196,2023-01-01 02:00:54.316998912,421.810240,0.000000,0.444444,True
2023-01-01,20.924849,105.745186,2023-01-01 02:00:54.290002688,420.159300,0.000000,0.419753,True
2023-01-01,20.834538,105.782090,2023-01-01 02:00:56.235998976,421.422640,0.000000,0.567901,True
2023-01-01,20.765097,105.886620,2023-01-01 02:00:57.622995968,422.068500,0.000000,0.469136,True
2023-01-01,20.767859,105.862656,2023-01-01 02:00:57.595999488,422.037960,0.000000,0.617284,True
2023-01-01,20.773485,105.814865,2023-01-01 02:00:57.542006784,421.104700,0.000000,0.432099,True
2023-01-01,20.776384,105.791020,2023-01-01 02:00:57.515010304,420.862030,0.000000,0.407407,True
2023-01-01,20.782331,105.743450,2023-01-01 02:00:57.461017344,420.159060,0.000000,0.493827,True
2023-01-01,20.780996,105.872220,2023-01-01 02:00:57.290026752,421.583160,0.000000,0.419753,True
2023-01-01,20.789389,105.800580,2023-01-01 02:00:57.208997120,420.576260,0.000000,0.555556,True
2023-01-01,20.792349,105.776790,2023-01-01 02:00:57.182000640,420.954530,0.000000,0.419753,True
2023-01-01,20.795311,105.753040,2023-01-01 02:00:57.155003904,421.017100,0.000000,0.555556,True
2023-01-01,20.798325,105.729324,2023-01-01 02:00:57.128007680,420.915680,0.000000,0.469136,True
2023-01-01,20.794456,105.882280,2023-01-01 02:00:56.983007488,419.887300,0.000000,0.308642,True
2023-01-01,20.797083,105.858300,2023-01-01 02:00:56.956011008,421.545720,0.000000,0.407407,True
2023-01-01,20.799793,105.834340,2023-01-01 02:00:56.929014784,421.900020,0.000000,0.370370,True
2023-01-01,20.802603,105.810410,2023-01-01 02:00:56.902018048,421.333440,0.000000,0.444444,True
2023-01-01,20.805384,105.786540,2023-01-01 02:00:56.875021824,422.380830,0.000000,0.370370,True
2023-01-01,20.808298,105.762710,2023-01-01 02:00:56.848025344,421.257660,0.000000,0.333333,True
2023-01-01,20.814243,105.715200,2023-01-01 02:00:56.793992192,420.740140,0.000000,0.345679,True
2023-01-01,20.810413,105.868230,2023-01-01 02:00:56.649997824,422.232850,0.000000,0.555556,True
2023-01-01,20.813070,105.844220,2023-01-01 02:00:56.623001344,421.065980,0.000000,0.444444,True
2023-01-01,20.815779,105.820244,2023-01-01 02:00:56.596004864,422.589200,0.000000,0.580247,True
2023-01-01,20.827173,105.724720,2023-01-01 02:00:56.488019200,421.799400,0.000000,0.580247,True
2023-01-01,20.830141,105.700935,2023-01-01 02:00:56.461022976,420.939150,0.000000,0.444444,True
2023-01-01,20.826345,105.853930,2023-01-01 02:00:56.317028608,421.422730,0.000000,0.370370,True
2023-01-01,20.828997,105.829960,2023-01-01 02:00:56.289991936,421.509460,0.000000,0.530864,True
2023-01-01,20.831776,105.806010,2023-01-01 02:00:56.262995200,421.289400,0.000000,0.419753,True
2023-01-01,20.766417,105.757690,2023-01-01 02:00:57.793986816,420.718840,0.000000,0.407407,True
2023-01-01,21.181082,105.915760,2023-01-01 02:02:05.488007168,421.344880,0.000000,0.518519,True
2023-01-01,20.911154,106.096924,2023-01-01 02:01:42.317020416,421.343350,0.000000,0.333333,True
2023-01-01,20.897940,106.063255,2023-01-01 02:01:42.263027456,422.253600,0.000000,0.567901,True
2023-01-01,20.868664,106.043290,2023-01-01 02:01:42.542004224,422.073180,0.000000,0.333333,True
2023-01-01,20.952610,106.037735,2023-01-01 02:01:41.289989120,420.535550,0.000000,0.370370,True
2023-01-01,20.881860,106.077210,2023-01-01 02:01:42.595996928,421.623700,0.000000,0.358025,True
2023-01-01,20.888472,106.094086,2023-01-01 02:01:42.622993152,421.143950,0.000000,0.456790,True
2023-01-01,20.895086,106.110900,2023-01-01 02:01:42.649989632,421.416840,0.000000,0.543210,True
2023-01-01,20.814900,106.181340,2023-01-01 02:01:44.317009408,421.342220,0.000000,0.530864,True
2023-01-01,20.830970,106.167310,2023-01-01 02:01:43.982994176,421.811650,0.000000,0.345679,True
2023-01-01,20.824339,106.150480,2023-01-01 02:01:43.955997440,422.183650,0.000000,0.592593,True
2023-01-01,20.811132,106.116684,2023-01-01 02:01:43.902004736,421.424960,0.000000,0.592593,True
2023-01-01,20.804540,106.099700,2023-01-01 02:01:43.875008000,421.237950,0.000000,0.432099,True
2023-01-01,20.797985,106.082680,2023-01-01 02:01:43.848011776,421.211300,0.000000,0.518519,True
2023-01-01,20.791416,106.065575,2023-01-01 02:01:43.821015296,421.332100,0.000000,0.407407,True
2023-01-01,20.846987,106.153260,2023-01-01 02:01:43.650024448,422.079930,0.000000,0.456790,True
2023-01-01,20.833754,106.119560,2023-01-01 02:01:43.595991296,421.850860,0.000000,0.481481,True
2023-01-01,20.827170,106.102640,2023-01-01 02:01:43.568995072,421.420600,0.000000,0.370370,True
2023-01-01,20.814026,106.068630,2023-01-01 02:01:43.515002368,421.075600,0.000000,0.358025,True
2023-01-01,20.807455,106.051520,2023-01-01 02:01:43.488005632,421.901580,0.000000,0.469136,True
2023-01-01,20.800898,106.034360,2023-01-01 02:01:43.461009152,421.696930,0.000000,0.308642,True
2023-01-01,20.863020,106.139190,2023-01-01 02:01:43.317015040,421.024780,0.000000,0.382716,True
2023-01-01,20.843208,106.088585,2023-01-01 02:01:43.236025600,421.140380,0.000000,0.395062,True
2023-01-01,20.836640,106.071620,2023-01-01 02:01:43.208988928,421.337340,0.000000,0.370370,True
2023-01-01,20.879065,106.125150,2023-01-01 02:01:42.982999296,421.838130,0.000000,0.481481,True
2023-01-01,20.872463,106.108330,2023-01-01 02:01:42.956003072,421.691650,0.000000,0.506173,True
2023-01-01,20.865864,106.091440,2023-01-01 02:01:42.929006592,421.184020,0.000000,0.444444,True
2023-01-01,20.852701,106.057510,2023-01-01 02:01:42.875013632,420.633600,0.000000,0.407407,True
2023-01-01,20.846128,106.040450,2023-01-01 02:01:42.848017152,422.016400,0.000000,0.444444,True
2023-01-01,21.282013,105.950530,2023-01-01 02:02:05.317016064,421.139650,0.000000,0.345679,True
2023-01-01,21.267845,105.942480,2023-01-01 02:02:05.290019840,420.632020,0.000000,0.530864,True
2023-01-01,21.239527,105.926250,2023-01-01 02:02:05.236026880,421.512100,0.000000,0.444444,True
2023-01-01,21.283884,105.928330,2023-01-01 02:02:04.956004352,420.310850,0.000000,0.382716,True
2023-01-01,21.269732,105.920240,2023-01-01 02:02:04.929008128,420.361760,0.000000,0.345679,True
2023-01-01,21.285755,105.906050,2023-01-01 02:02:04.595998208,421.069180,0.000000,0.617284,True
2023-01-01,21.271584,105.897920,2023-01-01 02:02:04.569001728,420.748050,0.000000,0.370370,True
2023-01-01,21.257416,105.889730,2023-01-01 02:02:04.542005248,420.753100,0.000000,0.469136,True
2023-01-01,21.229078,105.873260,2023-01-01 02:02:04.488012544,421.517400,0.000000,0.444444,True
2023-01-01,21.301746,105.891850,2023-01-01 02:02:04.262988544,421.599500,0.000000,0.358025,True
2023-01-01,21.243242,105.881546,2023-01-01 02:02:04.515009024,420.759860,0.000000,0.432099,True
2023-01-01,21.621948,105.608130,2023-01-01 02:01:57.595995904,420.442600,0.000000,0.320988,True
2023-01-01,21.376757,105.524610,2023-01-01 02:01:31.460993792,422.778380,0.000000,0.407407,True
2023-01-01,21.399326,105.527470,2023-01-01 02:01:31.155021056,423.512880,0.000000,0.308642,True
2023-01-01,20.728905,106.034620,2023-01-01 02:01:21.568993536,422.245180,0.000000,0.592593,True
2023-01-01,20.741722,106.001030,2023-01-01 02:01:21.208987392,421.016660,0.000000,0.481481,True
2023-01-01,20.771307,106.064830,2023-01-01 02:01:20.982998016,422.242300,0.000000,0.456790,True
2023-01-01,20.767992,106.045395,2023-01-01 02:01:20.956001536,421.371100,0.000000,0.444444,True
2023-01-01,20.751919,105.947780,2023-01-01 02:01:20.821019392,422.427800,0.000000,0.506173,True
2023-01-01,20.780226,106.011925,2023-01-01 02:01:20.595995392,421.619020,0.000000,0.481481,True
2023-01-01,20.803015,106.036840,2023-01-01 02:01:20.317018880,423.009740,0.000000,0.333333,True
2023-01-01,20.799700,106.017334,2023-01-01 02:01:20.290022400,422.231700,0.000000,0.395062,True
2023-01-01,20.723345,106.107160,2023-01-01 02:01:21.982992640,422.484280,0.000000,0.345679,True
2023-01-01,20.720003,106.087685,2023-01-01 02:01:21.955996160,420.745450,0.000000,0.308642,True
2023-01-01,20.716702,106.068180,2023-01-01 02:01:21.928999680,422.769600,0.000000,0.370370,True
2023-01-01,21.393997,105.624180,2023-01-01 02:01:31.929025792,422.647980,0.000000,0.308642,True
2023-01-01,21.344755,105.552956,2023-01-01 02:01:32.128019200,422.384600,0.000000,0.320988,True
2023-01-01,21.151337,105.884860,2023-01-01 02:01:37.317007104,420.701870,0.000000,0.345679,True
2023-01-01,21.118217,105.800090,2023-01-01 02:01:37.182024960,421.547240,0.000000,0.358025,True
2023-01-01,21.167376,105.870700,2023-01-01 02:01:36.982991616,422.058440,0.000000,0.358025,True
2023-01-01,21.215385,105.828220,2023-01-01 02:01:35.982997248,421.912960,0.000000,0.456790,True
2023-01-01,21.135326,105.898980,2023-01-01 02:01:37.650016768,421.676800,0.000000,0.395062,True
2023-01-01,21.007265,106.012120,2023-01-01 02:01:40.316990976,421.974850,0.000000,0.308642,True
2023-01-01,21.119360,105.913246,2023-01-01 02:01:37.983026432,422.052580,0.000000,0.308642,True
2023-01-01,21.106085,105.879480,2023-01-01 02:01:37.928993536,422.281800,0.000000,0.320988,True
2023-01-01,21.329998,105.680980,2023-01-01 02:01:33.262995712,422.018800,0.000000,0.345679,True
2023-01-01,21.264898,105.623924,2023-01-01 02:01:33.793992704,422.309480,0.000000,0.444444,True
2023-01-01,21.328829,105.567240,2023-01-01 02:01:32.460988416,422.242000,0.000000,0.308642,True
2023-01-01,21.284763,105.675316,2023-01-01 02:01:33.875022080,421.926760,0.000000,0.382716,True
2023-01-01,21.291386,105.692345,2023-01-01 02:01:33.902018560,421.132080,0.000000,0.444444,True
2023-01-01,21.185015,105.694920,2023-01-01 02:01:35.461012480,421.073200,0.000000,0.580247,True
2023-01-01,21.234116,105.766136,2023-01-01 02:01:35.263025408,421.665220,0.000000,0.345679,True
2023-01-01,21.220852,105.732180,2023-01-01 02:01:35.208992000,421.097320,0.000000,0.308642,True
2023-01-01,21.263397,105.785774,2023-01-01 02:01:34.983002624,421.272980,0.000000,0.308642,True
2023-01-01,21.252813,105.703830,2023-01-01 02:01:34.542007296,421.638920,0.000000,0.407407,True
2023-01-01,21.246193,105.686745,2023-01-01 02:01:34.515010816,421.456540,0.000000,0.320988,True
2023-01-01,21.275383,105.706630,2023-01-01 02:01:34.235993856,421.405100,0.000000,0.493827,True
2023-01-01,21.169016,105.709130,2023-01-01 02:01:35.794022144,421.936980,0.000000,0.382716,True
2023-01-01,21.071085,106.246620,2023-01-01 02:02:32.929017088,421.162480,0.000000,0.481481,True
2023-01-01,21.015053,106.237000,2023-01-01 02:02:32.847987456,421.002900,0.000000,0.345679,True
2023-01-01,20.978018,106.230330,2023-01-01 02:02:32.793994496,420.695430,0.000000,0.333333,True
2023-01-01,21.049810,106.226230,2023-01-01 02:02:32.542014464,420.756470,0.000000,0.432099,True
2023-01-01,21.031244,106.222970,2023-01-01 02:02:32.515017984,420.724800,0.000000,0.493827,True
2023-01-01,21.012730,106.219670,2023-01-01 02:02:32.488021504,421.249630,0.000000,0.493827,True
2023-01-01,21.122020,106.221480,2023-01-01 02:02:32.289993984,421.038300,0.000000,0.333333,True
2023-01-01,21.065865,106.212074,2023-01-01 02:02:32.209004800,420.772550,0.000000,0.456790,True
2023-01-01,21.063421,106.194700,2023-01-01 02:02:31.847992832,420.164800,0.000000,0.493827,True
2023-01-01,21.173052,106.196360,2023-01-01 02:02:31.650005504,420.925840,0.000000,0.456790,True
2023-01-01,21.135456,106.190285,2023-01-01 02:02:31.596012544,420.606260,0.000000,0.469136,True
2023-01-01,21.116726,106.187126,2023-01-01 02:02:31.569016320,420.884220,0.000000,0.555556,True
2023-01-01,21.079435,106.180660,2023-01-01 02:02:31.515023360,420.462770,0.000000,0.432099,True
2023-01-01,21.042406,106.173910,2023-01-01 02:02:31.460990464,420.693900,0.000000,0.493827,True
2023-01-01,21.151287,106.176060,2023-01-01 02:02:31.263003136,421.223750,0.000000,0.333333,True
2023-01-01,21.047283,106.208810,2023-01-01 02:02:32.182008320,420.701700,0.000000,0.432099,True
2023-01-01,21.109064,106.135030,2023-01-01 02:02:30.487992320,420.055480,0.000000,0.419753,True
2023-01-01,21.092600,106.266780,2023-01-01 02:02:33.317025280,422.373840,0.000000,0.506173,True
2023-01-01,20.972109,106.313896,2023-01-01 02:02:34.568999936,420.865840,0.000000,0.358025,True
2023-01-01,21.044296,106.309030,2023-01-01 02:02:34.317019904,421.273130,0.000000,0.370370,True
2023-01-01,21.006649,106.302890,2023-01-01 02:02:34.263026944,420.808700,0.000000,0.444444,True
2023-01-01,20.987930,106.299730,2023-01-01 02:02:34.235990272,421.295040,0.000000,0.333333,True
2023-01-01,21.073776,106.263794,2023-01-01 02:02:33.289988608,420.153960,0.000000,0.481481,True
2023-01-01,20.948530,106.275955,2023-01-01 02:02:33.821025792,420.477660,0.000000,0.308642,True
2023-01-01,21.076492,106.280820,2023-01-01 02:02:33.649994752,420.951450,0.000000,0.345679,True
2023-01-01,21.057629,106.277780,2023-01-01 02:02:33.622998272,421.777800,0.000000,0.432099,True
2023-01-01,21.038837,106.274690,2023-01-01 02:02:33.596001792,420.119930,0.000000,0.370370,True
2023-01-01,20.945938,106.258410,2023-01-01 02:02:33.461019648,420.767600,0.000000,0.395062,True
2023-01-01,21.090600,106.131730,2023-01-01 02:02:30.460995584,421.896820,0.000000,0.395062,True
2023-01-01,21.290756,106.014240,2023-01-01 02:02:27.542001152,421.512600,0.000000,0.481481,True
2023-01-01,21.235298,106.004425,2023-01-01 02:02:27.461011968,420.875760,0.000000,0.469136,True
2023-01-01,21.306904,106.000180,2023-01-01 02:02:27.208991488,421.016780,0.000000,0.308642,True
2023-01-01,21.269749,105.993680,2023-01-01 02:02:27.154998784,420.017640,0.000000,0.370370,True
2023-01-01,21.397724,105.998300,2023-01-01 02:02:26.983002112,419.922450,0.000000,0.320988,True
2023-01-01,21.378891,105.995285,2023-01-01 02:02:26.956005632,420.869870,0.000000,0.333333,True
2023-01-01,21.413862,105.984245,2023-01-01 02:02:26.649992448,419.671480,0.000000,0.308642,True
2023-01-01,21.395071,105.981240,2023-01-01 02:02:26.622995968,419.896640,0.000000,0.370370,True
2023-01-01,21.125233,106.120930,2023-01-01 02:02:30.155022592,420.659550,0.000000,0.543210,True
2023-01-01,21.106733,106.117584,2023-01-01 02:02:30.128026368,420.534330,0.000000,0.617284,True
2023-01-01,21.234370,106.122580,2023-01-01 02:02:29.955989248,421.297400,0.000000,0.370370,True
2023-01-01,21.178207,106.113250,2023-01-01 02:02:29.875000064,421.317840,0.000000,0.432099,True
2023-01-01,21.122643,106.103360,2023-01-01 02:02:29.794010880,420.708680,0.000000,0.506173,True
2023-01-01,21.203140,106.032710,2023-01-01 02:02:28.127996928,420.457460,0.000000,0.320988,True
2023-01-01,21.226555,106.070760,2023-01-01 02:02:28.875005440,420.428530,0.000000,0.493827,True
2023-01-01,21.207962,106.067530,2023-01-01 02:02:28.848009216,422.040100,0.000000,0.555556,True
2023-01-01,21.223950,106.053345,2023-01-01 02:02:28.514999296,421.230650,0.000000,0.345679,True
2023-01-01,21.138966,106.089270,2023-01-01 02:02:29.461001216,419.294800,0.000000,0.382716,True
2023-01-01,21.283410,105.962080,2023-01-01 02:02:26.461017344,420.775300,0.000000,0.419753,True
2023-01-01,21.411118,105.966965,2023-01-01 02:02:26.290026752,420.231380,0.000000,0.320988,True
2023-01-01,21.354885,105.957600,2023-01-01 02:02:26.208997120,420.733120,0.000000,0.506173,True
2023-01-01,21.317795,105.951080,2023-01-01 02:02:26.155004160,420.245760,0.000000,0.345679,True
2023-01-01,21.299303,105.947815,2023-01-01 02:02:26.128007936,420.168000,0.000000,0.419753,True
2023-01-01,21.315510,105.933754,2023-01-01 02:02:25.793992192,420.535280,0.000000,0.358025,True
2023-01-01,21.461988,105.941536,2023-01-01 02:02:25.649997824,420.451020,0.000000,0.358025,True
2023-01-01,21.349798,105.922806,2023-01-01 02:02:25.488019200,420.429600,0.000000,0.395062,True
2023-01-01,21.467197,105.858460,2023-01-01 02:02:23.874992384,419.939600,0.000000,0.333333,True
2023-01-03,10.428592,104.625560,2023-01-03 02:04:00.077005312,424.821800,0.000000,0.617284,True
2023-01-03,10.436556,104.638466,2023-01-03 02:04:00.104001792,424.448730,0.000000,0.580247,True
2023-01-03,10.403843,104.625084,2023-01-03 02:04:00.384024320,424.321300,0.000000,0.518519,True
2023-01-03,10.312946,104.635800,2023-01-03 02:04:01.635999232,425.982300,0.000000,0.567901,True
2023-01-03,10.296062,104.648360,2023-01-03 02:04:01.969008640,425.119700,0.000000,0.382716,True
2023-01-03,10.336478,104.674774,2023-01-03 02:04:01.716988416,425.138580,0.000000,0.530864,True
2023-01-03,10.303930,104.661330,2023-01-03 02:04:01.996005120,425.602780,0.000000,0.604938,True
2023-01-03,10.279366,104.660680,2023-01-03 02:04:02.303024384,423.649900,0.000000,0.320988,True
2023-01-03,10.262291,104.673240,2023-01-03 02:04:02.635993600,424.437930,0.000000,0.456790,True
2023-01-03,10.328608,104.661804,2023-01-03 02:04:01.689991936,425.471250,0.000000,0.567901,True
2023-01-03,10.453422,104.626080,2023-01-03 02:03:59.770992128,425.348000,0.000000,0.617284,True
2023-01-03,10.262291,104.673240,2023-01-03 02:04:02.635993600,424.437930,0.000000,0.456790,True
2023-01-03,10.269145,104.724470,2023-01-03 02:04:03.049992448,424.855260,0.000000,0.506173,True
2023-01-03,10.279366,104.660680,2023-01-03 02:04:02.303024384,423.649900,0.000000,0.320988,True
2023-01-03,10.303930,104.661330,2023-01-03 02:04:01.996005120,425.602780,0.000000,0.604938,True
2023-01-03,10.296062,104.648360,2023-01-03 02:04:01.969008640,425.119700,0.000000,0.382716,True
2023-01-03,10.336478,104.674774,2023-01-03 02:04:01.716988416,425.138580,0.000000,0.530864,True
2023-01-03,10.312946,104.635800,2023-01-03 02:04:01.635999232,425.982300,0.000000,0.567901,True
2023-01-03,10.403843,104.625084,2023-01-03 02:04:00.384024320,424.321300,0.000000,0.518519,True
2023-01-03,10.436556,104.638466,2023-01-03 02:04:00.104001792,424.448730,0.000000,0.580247,True
2023-01-03,10.269145,104.724470,2023-01-03 02:04:03.049992448,424.855260,0.000000,0.506173,True
2023-01-03,10.428592,104.625560,2023-01-03 02:04:00.077005312,424.821800,0.000000,0.617284,True
2023-01-03,10.487052,104.601170,2023-01-03 02:03:59.104007168,424.192930,0.000000,0.530864,True
2023-01-03,10.328608,104.661804,2023-01-03 02:04:01.689991936,425.471250,0.000000,0.567901,True
2023-01-03,10.487052,104.601170,2023-01-03 02:03:59.104007168,424.192930,0.000000,0.530864,True
2023-01-03,10.303930,104.661330,2023-01-03 02:04:01.996005120,425.602780,0.000000,0.604938,True
2023-01-03,10.269145,104.724470,2023-01-03 02:04:03.049992448,424.855260,0.000000,0.506173,True
2023-01-03,10.262291,104.673240,2023-01-03 02:04:02.635993600,424.437930,0.000000,0.456790,True
2023-01-03,10.279366,104.660680,2023-01-03 02:04:02.303024384,423.649900,0.000000,0.320988,True
2023-01-03,10.296062,104.648360,2023-01-03 02:04:01.969008640,425.119700,0.000000,0.382716,True
2023-01-03,10.328608,104.661804,2023-01-03 02:04:01.689991936,425.471250,0.000000,0.567901,True
2023-01-03,10.336478,104.674774,2023-01-03 02:04:01.716988416,425.138580,0.000000,0.530864,True
2023-01-03,10.403843,104.625084,2023-01-03 02:04:00.384024320,424.321300,0.000000,0.518519,True
2023-01-03,10.436556,104.638466,2023-01-03 02:04:00.104001792,424.448730,0.000000,0.580247,True
2023-01-03,10.428592,104.625560,2023-01-03 02:04:00.077005312,424.821800,0.000000,0.617284,True
2023-01-03,10.453422,104.626080,2023-01-03 02:03:59.770992128,425.348000,0.000000,0.617284,True
2023-01-03,10.487052,104.601170,2023-01-03 02:03:59.104007168,424.192930,0.000000,0.530864,True
2023-01-03,10.453422,104.626080,2023-01-03 02:03:59.770992128,425.348000,0.000000,0.617284,True
2023-01-03,10.312946,104.635800,2023-01-03 02:04:01.635999232,425.982300,0.000000,0.567901,True
2023-01-08,22.706240,106.193510,2023-01-08 06:17:37.056024576,419.600250,0.000000,0.308642,True
2023-01-15,10.948929,107.325170,2023-01-15 06:20:32.029004288,420.115140,0.000000,0.395062,True
2023-01-15,10.888450,107.338370,2023-01-15 06:20:31.029009920,420.256400,0.000000,0.518519,True
2023-01-15,10.879958,107.343285,2023-01-15 06:20:31.056006144,420.483640,0.000000,0.395062,True
2023-01-15,10.891605,107.343760,2023-01-15 06:20:31.416012288,420.210800,0.000000,0.567901,True
2023-01-26,20.852211,105.775185,2023-01-26 06:29:52.518018304,423.471700,0.000000,0.382716,True
2023-01-26,20.803417,105.775770,2023-01-26 06:29:51.797000192,422.921840,0.000000,0.370370,True
2023-01-26,20.828047,105.691490,2023-01-26 06:29:51.599012864,420.523620,0.000000,0.493827,True
2023-01-26,20.811758,105.719720,2023-01-26 06:29:51.545020160,421.449770,0.000000,0.308642,True
2023-01-26,20.819912,105.705620,2023-01-26 06:29:51.572016384,421.963900,0.000000,0.407407,True
2023-01-26,20.754710,105.734260,2023-01-26 06:29:50.797005568,422.048830,0.000000,0.432099,True
2023-01-26,20.771109,105.706184,2023-01-26 06:29:50.850998528,421.900800,0.000000,0.432099,True
2023-01-26,20.779078,105.733910,2023-01-26 06:29:51.158017536,422.680880,0.000000,0.518519,True
2023-01-26,20.681460,105.692850,2023-01-26 06:29:49.437005056,421.969570,0.000000,0.333333,True
2023-01-26,20.323540,105.712680,2023-01-26 06:30:26.743018752,420.366420,0.000000,0.419753,True
2023-01-26,20.356024,105.740010,2023-01-26 06:30:27.410003712,419.231960,0.000000,0.395062,True
2023-01-26,20.299583,105.306640,2023-01-26 06:29:41.185028096,418.464570,0.000000,0.308642,True
2023-01-26,20.613956,105.219670,2023-01-26 06:28:50.904995072,418.656370,0.000000,0.370370,True
2023-01-26,20.592796,105.222830,2023-01-26 06:28:50.877998336,418.862880,0.000000,0.358025,True
2023-01-26,20.691431,105.518410,2023-01-26 06:29:16.796988928,419.067000,0.000000,0.358025,True
2023-01-26,20.563627,105.450910,2023-01-26 06:29:14.743006720,418.564480,0.000000,0.382716,True
2023-01-26,20.299583,105.306640,2023-01-26 06:29:41.185028096,418.464570,0.000000,0.308642,True
2023-01-26,20.852211,105.775185,2023-01-26 06:29:52.518018304,423.471700,0.000000,0.382716,True
2023-01-26,20.803417,105.775770,2023-01-26 06:29:51.797000192,422.921840,0.000000,0.370370,True
2023-01-26,20.828047,105.691490,2023-01-26 06:29:51.599012864,420.523620,0.000000,0.493827,True
2023-01-26,20.819912,105.705620,2023-01-26 06:29:51.572016384,421.963900,0.000000,0.407407,True
2023-01-26,20.811758,105.719720,2023-01-26 06:29:51.545020160,421.449770,0.000000,0.308642,True
2023-01-26,20.779078,105.733910,2023-01-26 06:29:51.158017536,422.680880,0.000000,0.518519,True
2023-01-26,20.771109,105.706184,2023-01-26 06:29:50.850998528,421.900800,0.000000,0.432099,True
2023-01-26,20.754710,105.734260,2023-01-26 06:29:50.797005568,422.048830,0.000000,0.432099,True
2023-01-26,20.681460,105.692850,2023-01-26 06:29:49.437005056,421.969570,0.000000,0.333333,True
2023-01-26,20.563627,105.450910,2023-01-26 06:29:14.743006720,418.564480,0.000000,0.382716,True
2023-01-26,20.691431,105.518410,2023-01-26 06:29:16.796988928,419.067000,0.000000,0.358025,True
2023-01-26,20.592796,105.222830,2023-01-26 06:28:50.877998336,418.862880,0.000000,0.358025,True
2023-01-26,20.613956,105.219670,2023-01-26 06:28:50.904995072,418.656370,0.000000,0.370370,True
2023-01-26,20.356024,105.740010,2023-01-26 06:30:27.410003712,419.231960,0.000000,0.395062,True
2023-01-26,20.323540,105.712680,2023-01-26 06:30:26.743018752,420.366420,0.000000,0.419753,True
2023-01-30,18.728539,105.353516,2023-01-30 04:51:28.802987264,421.199040,0.000000,0.308642,True
2023-01-30,18.717335,105.364330,2023-01-30 04:51:28.775991040,421.844570,0.000000,0.530864,True
2023-01-30,18.706106,105.375110,2023-01-30 04:51:28.748994304,421.221620,0.000000,0.407407,True
2023-01-30,18.660938,105.417990,2023-01-30 04:51:28.641008896,421.055760,0.000000,0.518519,True
2023-01-30,18.881144,105.499340,2023-01-30 04:51:32.109990144,421.313140,0.000000,0.345679,True
2023-01-30,18.819695,105.528760,2023-01-30 04:51:31.667988736,421.431520,0.000000,0.407407,True
2023-01-30,18.808350,105.539450,2023-01-30 04:51:31.640992512,422.327850,0.000000,0.543210,True
2023-01-30,18.825903,105.493830,2023-01-30 04:51:31.389012224,421.115260,0.000000,0.382716,True
2023-01-30,18.814630,105.504555,2023-01-30 04:51:31.362016000,421.357640,0.000000,0.370370,True
2023-01-30,18.826887,105.434430,2023-01-30 04:51:30.803016704,421.611940,0.000000,0.555556,True
2023-01-30,21.482418,107.760680,2023-01-30 04:52:26.028989440,420.597050,0.000000,0.407407,True
2023-01-30,21.438580,107.743410,2023-01-30 04:52:25.335008256,421.121460,0.000000,0.456790,True
2023-01-30,21.445360,107.707860,2023-01-30 04:52:25.055991296,420.916630,0.000000,0.345679,True
2023-01-30,21.433922,107.718610,2023-01-30 04:52:25.028995072,420.624150,0.000000,0.469136,True
2023-01-30,21.422455,107.729330,2023-01-30 04:52:25.001998336,422.196080,0.000000,0.333333,True
2023-01-30,19.039661,105.610280,2023-01-30 04:51:35.137010688,421.199600,0.000000,0.395062,True
2023-01-30,18.990618,105.569626,2023-01-30 04:51:34.137015808,422.256300,0.000000,0.333333,True
2023-01-30,18.979408,105.580420,2023-01-30 04:51:34.110019328,421.246430,0.000000,0.382716,True
2023-01-30,18.974253,105.556080,2023-01-30 04:51:33.803000576,420.684940,0.000000,0.543210,True
2023-01-30,18.963040,105.566895,2023-01-30 04:51:33.776004096,421.666660,0.000000,0.382716,True
2023-01-30,18.951801,105.577675,2023-01-30 04:51:33.749007616,421.759000,0.000000,0.456790,True
2023-01-30,18.940538,105.588430,2023-01-30 04:51:33.722011136,421.720200,0.000000,0.456790,True
2023-01-30,18.957820,105.542610,2023-01-30 04:51:33.469990656,420.662080,0.000000,0.395062,True
2023-01-30,18.935406,105.564170,2023-01-30 04:51:33.415997952,421.646640,0.000000,0.395062,True
2023-01-30,18.924164,105.574905,2023-01-30 04:51:33.389001472,421.493000,0.000000,0.580247,True
2023-01-30,18.912895,105.585625,2023-01-30 04:51:33.362004992,420.650180,0.000000,0.395062,True
2023-01-30,18.941534,105.529015,2023-01-30 04:51:33.137021184,421.543240,0.000000,0.308642,True
2023-01-30,18.919044,105.550640,2023-01-30 04:51:33.082988288,420.742430,0.000000,0.358025,True
2023-01-30,18.907768,105.561400,2023-01-30 04:51:33.055991808,421.367550,0.000000,0.345679,True
2023-01-30,18.946620,105.553406,2023-01-30 04:51:33.442994432,422.006770,0.000000,0.481481,True
2023-01-30,21.366346,107.577515,2023-01-30 04:52:22.803016192,420.100980,0.000000,0.506173,True
2023-01-30,21.327393,107.585170,2023-01-30 04:52:22.416013824,421.289300,0.000000,0.432099,True
2023-01-30,21.482418,107.760680,2023-01-30 04:52:26.028989440,420.597050,0.000000,0.407407,True
2023-01-30,21.438580,107.743410,2023-01-30 04:52:25.335008256,421.121460,0.000000,0.456790,True
2023-01-30,21.445360,107.707860,2023-01-30 04:52:25.055991296,420.916630,0.000000,0.345679,True
2023-01-30,21.433922,107.718610,2023-01-30 04:52:25.028995072,420.624150,0.000000,0.469136,True
2023-01-30,21.422455,107.729330,2023-01-30 04:52:25.001998336,422.196080,0.000000,0.333333,True
2023-01-30,18.667189,105.383110,2023-01-30 04:51:28.361991936,421.927340,0.000000,0.320988,True
2023-01-30,18.633198,105.415170,2023-01-30 04:51:28.281002496,420.154940,0.000000,0.345679,True
2023-01-30,18.655884,105.393820,2023-01-30 04:51:28.334995456,421.990050,0.000000,0.370370,True
2023-01-30,18.826887,105.434430,2023-01-30 04:51:30.803016704,421.611940,0.000000,0.555556,True
2023-01-30,18.819695,105.528760,2023-01-30 04:51:31.667988736,421.431520,0.000000,0.407407,True
2023-01-30,18.808350,105.539450,2023-01-30 04:51:31.640992512,422.327850,0.000000,0.543210,True
2023-01-30,18.825903,105.493830,2023-01-30 04:51:31.389012224,421.115260,0.000000,0.382716,True
2023-01-30,18.814630,105.504555,2023-01-30 04:51:31.362016000,421.357640,0.000000,0.370370,True
2023-01-30,18.633198,105.415170,2023-01-30 04:51:28.281002496,420.154940,0.000000,0.345679,True
2023-01-30,18.655884,105.393820,2023-01-30 04:51:28.334995456,421.990050,0.000000,0.370370,True
2023-01-30,18.728539,105.353516,2023-01-30 04:51:28.802987264,421.199040,0.000000,0.308642,True
2023-01-30,18.717335,105.364330,2023-01-30 04:51:28.775991040,421.844570,0.000000,0.530864,True
2023-01-30,18.660938,105.417990,2023-01-30 04:51:28.641008896,421.055760,0.000000,0.518519,True
2023-01-30,18.667189,105.383110,2023-01-30 04:51:28.361991936,421.927340,0.000000,0.320988,True
2023-01-30,18.706106,105.375110,2023-01-30 04:51:28.748994304,421.221620,0.000000,0.407407,True
2023-01-30,18.881144,105.499340,2023-01-30 04:51:32.109990144,421.313140,0.000000,0.345679,True
2023-01-30,19.039661,105.610280,2023-01-30 04:51:35.137010688,421.199600,0.000000,0.395062,True
2023-01-30,21.366346,107.577515,2023-01-30 04:52:22.803016192,420.100980,0.000000,0.506173,True
2023-01-30,21.327393,107.585170,2023-01-30 04:52:22.416013824,421.289300,0.000000,0.432099,True
2023-01-30,18.990618,105.569626,2023-01-30 04:51:34.137015808,422.256300,0.000000,0.333333,True
2023-01-30,18.907768,105.561400,2023-01-30 04:51:33.055991808,421.367550,0.000000,0.345679,True
2023-01-30,18.919044,105.550640,2023-01-30 04:51:33.082988288,420.742430,0.000000,0.358025,True
2023-01-30,18.941534,105.529015,2023-01-30 04:51:33.137021184,421.543240,0.000000,0.308642,True
2023-01-30,18.979408,105.580420,2023-01-30 04:51:34.110019328,421.246430,0.000000,0.382716,True
2023-01-30,18.974253,105.556080,2023-01-30 04:51:33.803000576,420.684940,0.000000,0.543210,True
2023-01-30,18.963040,105.566895,2023-01-30 04:51:33.776004096,421.666660,0.000000,0.382716,True
2023-01-30,18.951801,105.577675,2023-01-30 04:51:33.749007616,421.759000,0.000000,0.456790,True
2023-01-30,18.940538,105.588430,2023-01-30 04:51:33.722011136,421.720200,0.000000,0.456790,True
2023-01-30,18.946620,105.553406,2023-01-30 04:51:33.442994432,422.006770,0.000000,0.481481,True
2023-01-30,18.935406,105.564170,2023-01-30 04:51:33.415997952,421.646640,0.000000,0.395062,True
2023-01-30,18.924164,105.574905,2023-01-30 04:51:33.389001472,421.493000,0.000000,0.580247,True
2023-01-30,18.912895,105.585625,2023-01-30 04:51:33.362004992,420.650180,0.000000,0.395062,True
2023-01-30,18.957820,105.542610,2023-01-30 04:51:33.469990656,420.662080,0.000000,0.395062,True
2023-01-31,10.010845,105.538140,2023-01-31 06:21:04.723013376,419.382480,0.000000,0.345679,True
2023-02-02,22.397755,103.524704,2023-02-02 04:02:37.304021760,418.221800,0.000000,0.580247,True
2023-02-02,22.386284,103.535360,2023-02-02 04:02:37.277025280,418.978120,0.000000,0.456790,True
2023-02-02,22.416000,103.478294,2023-02-02 04:02:37.052001536,417.916870,0.000000,0.320988,True
2023-02-02,22.370176,103.521194,2023-02-02 04:02:36.944015616,418.052640,0.000000,0.382716,True
2023-02-02,22.377079,103.485550,2023-02-02 04:02:36.663992832,418.122070,0.000000,0.370370,True
2023-02-02,22.365606,103.496280,2023-02-02 04:02:36.636996608,418.140500,0.000000,0.456790,True
2023-02-02,22.349525,103.482050,2023-02-02 04:02:36.304027136,419.926570,0.000000,0.320988,True
2023-02-02,21.826580,102.918846,2023-02-02 04:02:24.438993920,418.775100,0.000000,0.333333,True
2023-02-02,21.815292,102.929630,2023-02-02 04:02:24.411997440,417.907260,0.000000,0.358025,True
2023-02-02,21.826580,102.918846,2023-02-02 04:02:24.438993920,418.775100,0.000000,0.333333,True
2023-02-02,21.815292,102.929630,2023-02-02 04:02:24.411997440,417.907260,0.000000,0.358025,True
2023-02-02,22.365606,103.496280,2023-02-02 04:02:36.636996608,418.140500,0.000000,0.456790,True
2023-02-02,22.377079,103.485550,2023-02-02 04:02:36.663992832,418.122070,0.000000,0.370370,True
2023-02-02,22.370176,103.521194,2023-02-02 04:02:36.944015616,418.052640,0.000000,0.382716,True
2023-02-02,22.386284,103.535360,2023-02-02 04:02:37.277025280,418.978120,0.000000,0.456790,True
2023-02-02,22.397755,103.524704,2023-02-02 04:02:37.304021760,418.221800,0.000000,0.580247,True
2023-02-02,22.416000,103.478294,2023-02-02 04:02:37.052001536,417.916870,0.000000,0.320988,True
2023-02-02,22.349525,103.482050,2023-02-02 04:02:36.304027136,419.926570,0.000000,0.320988,True
2023-02-09,11.259838,108.726790,2023-02-09 06:14:55.002025472,419.455400,0.000000,0.469136,True
2023-02-09,11.257270,108.722565,2023-02-09 06:14:54.615022848,418.689580,0.000000,0.407407,True
2023-02-09,11.266053,108.718140,2023-02-09 06:14:54.588026624,420.098970,0.000000,0.333333,True
2023-02-09,11.262211,108.730780,2023-02-09 06:14:55.388987648,419.661740,0.000000,0.395062,True
2023-02-09,12.703934,108.417670,2023-02-09 06:15:19.416014848,419.640720,0.000000,0.444444,True
2023-02-09,12.698261,108.408690,2023-02-09 06:15:18.642009856,418.902800,0.000000,0.617284,True
2023-02-09,12.643193,108.430950,2023-02-09 06:15:18.416020480,418.671540,0.000000,0.308642,True
2023-02-09,12.651971,108.426620,2023-02-09 06:15:18.389023744,418.340760,0.000000,0.345679,True
2023-02-09,12.718478,108.404205,2023-02-09 06:15:18.975019520,418.445900,0.000000,0.395062,True
2023-02-09,12.622969,108.435420,2023-02-09 06:15:18.083010560,418.157300,0.000000,0.419753,True
2023-02-09,12.649188,108.422200,2023-02-09 06:15:18.002021376,418.752900,0.000000,0.407407,True
2023-02-09,12.657838,108.417656,2023-02-09 06:15:17.975024896,417.679350,0.000000,0.395062,True
2023-02-09,12.611614,108.435555,2023-02-09 06:15:17.723004672,417.916000,0.000000,0.333333,True
2023-02-09,12.620362,108.431160,2023-02-09 06:15:17.696008192,418.667820,0.000000,0.419753,True
2023-02-09,12.655080,108.412750,2023-02-09 06:15:17.588022272,418.200260,0.000000,0.308642,True
2023-02-09,12.606200,108.426430,2023-02-09 06:15:16.947993856,417.679170,0.000000,0.456790,True
2023-02-11,14.294912,109.146180,2023-02-11 06:04:07.389001984,417.404540,0.000000,0.308642,True
2023-02-22,11.039193,106.200080,2023-02-22 05:53:37.942003968,422.527340,0.000000,0.592593,True
2023-02-22,11.055840,106.187400,2023-02-22 05:53:37.608994304,420.261960,0.000000,0.395062,True
2023-02-22,11.067891,106.218670,2023-02-22 05:53:37.329011968,422.631200,0.000000,0.629630,True
2023-02-22,11.098986,106.215385,2023-02-22 05:53:36.689989120,422.584100,0.000000,0.617284,True
2023-02-22,11.101203,106.193405,2023-02-22 05:53:36.662992384,419.887330,0.000000,0.543210,True
2023-02-22,11.103474,106.171440,2023-02-22 05:53:36.635996160,420.354280,0.000000,0.518519,True
2023-02-22,11.105799,106.149490,2023-02-22 05:53:36.608999680,419.829470,0.000000,0.382716,True
2023-02-22,11.120105,106.158844,2023-02-22 05:53:36.302020864,419.930330,0.000000,0.580247,True
2023-02-22,11.122426,106.136894,2023-02-22 05:53:36.275024384,421.558930,0.000000,0.395062,True
2023-02-22,11.127987,106.234200,2023-02-22 05:53:36.076996864,420.734950,0.000000,0.345679,True
2023-02-22,11.130091,106.212190,2023-02-22 05:53:36.050000384,423.460660,0.000000,0.604938,True
2023-02-22,11.022546,106.212750,2023-02-22 05:53:38.275013376,421.906250,0.000000,0.604938,True
2023-02-22,11.005897,106.225420,2023-02-22 05:53:38.608988672,420.592500,0.000000,0.580247,True
2023-02-22,10.946906,106.351050,2023-02-22 05:53:39.717009408,421.447630,0.000000,0.456790,True
2023-02-22,10.920249,106.309810,2023-02-22 05:53:40.301999104,418.926700,0.000000,0.407407,True
2023-02-22,10.922590,106.287895,2023-02-22 05:53:40.275002624,419.807220,0.000000,0.592593,True
2023-02-22,10.989242,106.238070,2023-02-22 05:53:38.941998592,421.963130,0.000000,0.629630,True
2023-02-22,11.046864,106.402245,2023-02-22 05:54:00.690019584,422.356170,0.000000,0.320988,True
2023-02-22,11.136754,106.146255,2023-02-22 05:53:35.969011200,420.901300,0.000000,0.518519,True
2023-02-22,11.230230,106.262870,2023-02-22 05:53:57.023010816,420.596280,0.000000,0.481481,True
2023-02-22,11.139026,106.124306,2023-02-22 05:53:35.942014720,421.539030,0.000000,0.395062,True
2023-02-22,11.385985,105.958050,2023-02-22 05:53:30.968997888,419.603550,0.000000,0.395062,True
2023-02-22,11.372170,105.948326,2023-02-22 05:53:31.275011328,421.485700,0.000000,0.444444,True
2023-02-22,11.367553,105.992230,2023-02-22 05:53:31.329004288,420.323850,0.000000,0.308642,True
2023-02-22,11.338474,105.973540,2023-02-22 05:53:31.941996032,421.512700,0.000000,0.555556,True
2023-02-22,11.442249,106.017580,2023-02-22 05:53:29.771016192,420.668850,0.000000,0.358025,True
2023-02-22,11.182154,106.153260,2023-02-22 05:53:35.023009536,422.652250,0.000000,0.469136,True
2023-02-22,11.179999,106.175220,2023-02-22 05:53:35.050006016,421.551300,0.000000,0.432099,True
2023-02-22,11.170025,106.121460,2023-02-22 05:53:35.301986048,421.723330,0.000000,0.395062,True
2023-02-22,11.165485,106.165340,2023-02-22 05:53:35.356018944,422.606500,0.000000,0.592593,True
2023-02-22,11.159205,106.231250,2023-02-22 05:53:35.437008384,420.730470,0.000000,0.432099,True
2023-02-22,11.155708,106.111710,2023-02-22 05:53:35.609005056,420.631680,0.000000,0.358025,True
2023-02-22,11.153310,106.133670,2023-02-22 05:53:35.636001536,422.182560,0.000000,0.592593,True
2023-02-22,11.215438,106.128510,2023-02-22 05:53:34.356024576,422.331600,0.000000,0.580247,True
2023-02-22,11.305651,105.998980,2023-02-22 05:53:32.609021440,422.528440,0.000000,0.592593,True
2023-02-22,11.288666,106.011430,2023-02-22 05:53:32.941990912,423.036380,0.000000,0.567901,True
2023-02-22,11.286357,106.033380,2023-02-22 05:53:32.969027584,419.979250,0.000000,0.444444,True
2023-02-22,11.271999,106.023834,2023-02-22 05:53:33.275000576,421.850400,0.000000,0.493827,True
2023-02-22,11.269720,106.045780,2023-02-22 05:53:33.301997056,421.622560,0.000000,0.333333,True
2023-02-22,11.229875,106.137490,2023-02-22 05:53:34.050011392,422.678440,0.000000,0.481481,True
2023-02-22,11.046864,106.402245,2023-02-22 05:54:00.690019584,422.356170,0.000000,0.320988,True
2023-02-22,11.229875,106.137490,2023-02-22 05:53:34.050011392,422.678440,0.000000,0.481481,True
2023-02-22,11.269720,106.045780,2023-02-22 05:53:33.301997056,421.622560,0.000000,0.333333,True
2023-02-22,11.271999,106.023834,2023-02-22 05:53:33.275000576,421.850400,0.000000,0.493827,True
2023-02-22,11.286357,106.033380,2023-02-22 05:53:32.969027584,419.979250,0.000000,0.444444,True
2023-02-22,11.288666,106.011430,2023-02-22 05:53:32.941990912,423.036380,0.000000,0.567901,True
2023-02-22,11.305651,105.998980,2023-02-22 05:53:32.609021440,422.528440,0.000000,0.592593,True
2023-02-22,11.215438,106.128510,2023-02-22 05:53:34.356024576,422.331600,0.000000,0.580247,True
2023-02-22,11.139026,106.124306,2023-02-22 05:53:35.942014720,421.539030,0.000000,0.395062,True
2023-02-22,11.153310,106.133670,2023-02-22 05:53:35.636001536,422.182560,0.000000,0.592593,True
2023-02-22,11.155708,106.111710,2023-02-22 05:53:35.609005056,420.631680,0.000000,0.358025,True
2023-02-22,11.159205,106.231250,2023-02-22 05:53:35.437008384,420.730470,0.000000,0.432099,True
2023-02-22,11.165485,106.165340,2023-02-22 05:53:35.356018944,422.606500,0.000000,0.592593,True
2023-02-22,11.170025,106.121460,2023-02-22 05:53:35.301986048,421.723330,0.000000,0.395062,True
2023-02-22,11.179999,106.175220,2023-02-22 05:53:35.050006016,421.551300,0.000000,0.432099,True
2023-02-22,11.182154,106.153260,2023-02-22 05:53:35.023009536,422.652250,0.000000,0.469136,True
2023-02-22,11.442249,106.017580,2023-02-22 05:53:29.771016192,420.668850,0.000000,0.358025,True
2023-02-22,11.136754,106.146255,2023-02-22 05:53:35.969011200,420.901300,0.000000,0.518519,True
2023-02-22,11.338474,105.973540,2023-02-22 05:53:31.941996032,421.512700,0.000000,0.555556,True
2023-02-22,11.367553,105.992230,2023-02-22 05:53:31.329004288,420.323850,0.000000,0.308642,True
2023-02-22,11.372170,105.948326,2023-02-22 05:53:31.275011328,421.485700,0.000000,0.444444,True
2023-02-22,11.385985,105.958050,2023-02-22 05:53:30.968997888,419.603550,0.000000,0.395062,True
2023-02-22,11.130091,106.212190,2023-02-22 05:53:36.050000384,423.460660,0.000000,0.604938,True
2023-02-22,11.122426,106.136894,2023-02-22 05:53:36.275024384,421.558930,0.000000,0.395062,True
2023-02-22,11.230230,106.262870,2023-02-22 05:53:57.023010816,420.596280,0.000000,0.481481,True
2023-02-22,11.127987,106.234200,2023-02-22 05:53:36.076996864,420.734950,0.000000,0.345679,True
2023-02-22,10.922590,106.287895,2023-02-22 05:53:40.275002624,419.807220,0.000000,0.592593,True
2023-02-22,10.946906,106.351050,2023-02-22 05:53:39.717009408,421.447630,0.000000,0.456790,True
2023-02-22,10.989242,106.238070,2023-02-22 05:53:38.941998592,421.963130,0.000000,0.629630,True
2023-02-22,11.005897,106.225420,2023-02-22 05:53:38.608988672,420.592500,0.000000,0.580247,True
2023-02-22,11.022546,106.212750,2023-02-22 05:53:38.275013376,421.906250,0.000000,0.604938,True
2023-02-22,11.039193,106.200080,2023-02-22 05:53:37.942003968,422.527340,0.000000,0.592593,True
2023-02-22,11.067891,106.218670,2023-02-22 05:53:37.329011968,422.631200,0.000000,0.629630,True
2023-02-22,11.098986,106.215385,2023-02-22 05:53:36.689989120,422.584100,0.000000,0.617284,True
2023-02-22,11.101203,106.193405,2023-02-22 05:53:36.662992384,419.887330,0.000000,0.543210,True
2023-02-22,11.103474,106.171440,2023-02-22 05:53:36.635996160,420.354280,0.000000,0.518519,True
2023-02-22,11.105799,106.149490,2023-02-22 05:53:36.608999680,419.829470,0.000000,0.382716,True
2023-02-22,11.120105,106.158844,2023-02-22 05:53:36.302020864,419.930330,0.000000,0.580247,True
2023-02-22,11.055840,106.187400,2023-02-22 05:53:37.608994304,420.261960,0.000000,0.395062,True
2023-02-22,10.920249,106.309810,2023-02-22 05:53:40.301999104,418.926700,0.000000,0.407407,True
2023-02-23,10.924788,105.682330,2023-02-23 06:27:26.416014336,423.123870,0.000000,0.629630,True
2023-02-23,20.646002,106.408570,2023-02-23 05:05:14.739002112,420.595280,0.000000,0.493827,True
2023-02-23,20.646002,106.408570,2023-02-23 05:05:14.739002112,420.595280,0.000000,0.493827,True
2023-02-23,20.712759,106.330640,2023-02-23 05:05:13.045991936,418.445070,0.000000,0.370370,True
2023-02-23,20.712759,106.330640,2023-02-23 05:05:13.045991936,418.445070,0.000000,0.370370,True
2023-02-23,10.864183,105.695244,2023-02-23 06:27:25.416019968,421.235080,0.000000,0.629630,True
2023-02-23,10.638925,105.740580,2023-02-23 06:27:20.975005952,420.670470,0.000000,0.617284,True
2023-02-23,10.648253,105.737620,2023-02-23 06:27:20.948009472,420.676450,0.000000,0.604938,True
2023-02-23,10.628035,105.741910,2023-02-23 06:27:20.614999808,421.008100,0.000000,0.580247,True
2023-02-23,10.637332,105.738884,2023-02-23 06:27:20.588003328,420.996600,0.000000,0.629630,True
2023-02-23,10.596894,105.747470,2023-02-23 06:27:19.921018624,418.994080,0.000000,0.469136,True
2023-02-23,9.331004,106.025000,2023-02-23 06:27:00.083024896,420.889040,0.000000,0.432099,True
2023-02-23,10.659154,105.736290,2023-02-23 06:27:21.309021440,420.265230,0.000000,0.518519,True
2023-02-23,10.651480,105.740360,2023-02-23 06:27:21.723020288,420.823940,0.000000,0.641975,True
2023-02-23,10.598483,105.749146,2023-02-23 06:27:20.309026816,418.469240,0.000000,0.456790,True
2023-02-23,10.800501,105.705710,2023-02-23 06:27:23.642020352,421.282840,0.000000,0.333333,True
2023-02-23,10.901370,105.684006,2023-02-23 06:27:25.308999680,422.488460,0.000000,0.567901,True
2023-02-23,10.828329,105.696510,2023-02-23 06:27:23.561996544,421.208900,0.000000,0.580247,True
2023-02-23,10.843927,105.699530,2023-02-23 06:27:25.083010304,421.421500,0.000000,0.617284,True
2023-02-23,10.853272,105.696846,2023-02-23 06:27:25.056013824,422.093320,0.000000,0.604938,True
2023-02-23,10.871880,105.691230,2023-02-23 06:27:25.002020864,421.364350,0.000000,0.617284,True
2023-02-23,10.890442,105.685290,2023-02-23 06:27:24.947987712,422.288240,0.000000,0.580247,True
2023-02-23,10.833096,105.701150,2023-02-23 06:27:24.723004160,421.791840,0.000000,0.543210,True
2023-02-23,10.842420,105.698395,2023-02-23 06:27:24.696007680,420.979160,0.000000,0.604938,True
2023-02-23,10.823742,105.703830,2023-02-23 06:27:24.748994816,420.993650,0.000000,0.617284,True
2023-02-23,10.888783,105.683365,2023-02-23 06:27:24.561991168,421.726900,0.000000,0.629630,True
2023-02-23,10.803577,105.708130,2023-02-23 06:27:24.416025088,420.298070,0.000000,0.345679,True
2023-02-23,10.812933,105.705460,2023-02-23 06:27:24.388988416,420.942380,0.000000,0.567901,True
2023-02-23,10.831561,105.699875,2023-02-23 06:27:24.336001536,420.798600,0.000000,0.567901,True
2023-02-23,10.840814,105.696970,2023-02-23 06:27:24.309005312,421.395780,0.000000,0.555556,True
2023-02-23,10.820657,105.701300,2023-02-23 06:27:23.974989568,420.945500,0.000000,0.617284,True
2023-02-23,10.829975,105.698296,2023-02-23 06:27:23.947993344,421.076420,0.000000,0.604938,True
2023-02-23,10.860971,105.692640,2023-02-23 06:27:24.642014720,421.066350,0.000000,0.580247,True
2023-02-25,11.818187,106.719180,2023-02-25 06:15:46.228019968,420.141850,0.000000,0.333333,True
2023-02-26,11.277476,108.423065,2023-02-26 04:20:39.031004928,420.378660,0.000000,0.308642,True
2023-02-26,11.332903,108.420010,2023-02-26 04:20:38.310027008,420.904100,0.000000,0.382716,True
2023-02-26,11.343810,108.431030,2023-02-26 04:20:38.282990336,421.834720,0.000000,0.444444,True
2023-02-26,11.343810,108.431030,2023-02-26 04:20:38.282990336,421.834720,0.000000,0.444444,True
2023-02-26,11.332903,108.420010,2023-02-26 04:20:38.310027008,420.904100,0.000000,0.382716,True
2023-02-26,11.277476,108.423065,2023-02-26 04:20:39.031004928,420.378660,0.000000,0.308642,True
2023-02-27,20.879934,106.079870,2023-02-27 03:30:20.311027712,422.994420,0.000000,0.320988,True
2023-02-27,20.863821,106.093834,2023-02-27 03:30:20.643997184,424.162540,0.000000,0.419753,True
2023-02-27,20.870747,106.109140,2023-02-27 03:30:20.670993664,423.665860,0.000000,0.493827,True
2023-02-27,20.877691,106.124410,2023-02-27 03:30:20.697989888,422.893130,0.000000,0.481481,True
2023-02-27,20.827060,106.061690,2023-02-27 03:30:20.897023488,423.670840,0.000000,0.444444,True
2023-02-27,20.833923,106.077090,2023-02-27 03:30:20.924019712,423.245600,0.000000,0.444444,True
2023-02-27,20.854630,106.123090,2023-02-27 03:30:21.005009152,424.073580,0.000000,0.444444,True
2023-02-27,20.861574,106.138370,2023-02-27 03:30:21.032005632,423.070430,0.000000,0.407407,True
2023-02-27,20.804108,106.060220,2023-02-27 03:30:21.202996224,422.601800,0.000000,0.419753,True
2023-02-27,20.831593,106.121740,2023-02-27 03:30:21.311022336,424.172120,0.000000,0.419753,True
2023-02-27,20.838512,106.137050,2023-02-27 03:30:21.338018816,423.618100,0.000000,0.395062,True
2023-02-27,20.845455,106.152320,2023-02-27 03:30:21.365015296,423.055080,0.000000,0.407407,True
2023-02-27,20.781178,106.058710,2023-02-27 03:30:21.509009664,422.608280,0.000000,0.407407,True
2023-02-27,20.794838,106.089600,2023-02-27 03:30:21.563002624,424.358000,0.000000,0.456790,True
2023-02-27,20.808577,106.120360,2023-02-27 03:30:21.616995328,423.815400,0.000000,0.604938,True
2023-02-27,20.771887,106.088120,2023-02-27 03:30:21.870021632,422.759250,0.000000,0.530864,True
2023-02-27,20.785582,106.118940,2023-02-27 03:30:21.924014336,424.117550,0.000000,0.481481,True
2023-02-27,20.909920,106.096490,2023-02-27 03:30:20.032011008,422.821780,0.000000,0.407407,True
2023-02-27,20.896044,106.065900,2023-02-27 03:30:19.978018048,423.171940,0.000000,0.629630,True
2023-02-27,20.902971,106.081215,2023-02-27 03:30:20.005014528,422.651370,0.000000,0.382716,True
2023-02-27,20.806278,106.164950,2023-02-27 03:30:22.005003776,425.792570,0.000000,0.493827,True
2023-02-27,21.263857,105.638560,2023-02-27 03:30:11.509023744,423.580020,0.000000,0.382716,True
2023-02-27,21.277613,105.669500,2023-02-27 03:30:11.563016448,423.089970,0.000000,0.320988,True
2023-02-27,21.291437,105.700320,2023-02-27 03:30:11.617009408,421.225280,0.000000,0.444444,True
2023-02-27,21.252375,105.713020,2023-02-27 03:30:12.256997888,422.710400,0.000000,0.395062,True
2023-02-27,21.264093,105.788445,2023-02-27 03:30:12.697993216,421.840970,0.000000,0.358025,True
2023-02-27,21.006582,106.012634,2023-02-27 03:30:18.032021760,422.481170,0.000000,0.308642,True
2023-02-27,21.215837,105.830550,2023-02-27 03:30:13.697987840,422.014700,0.000000,0.493827,True
2023-02-27,21.151474,105.886640,2023-02-27 03:30:15.031997952,422.714900,0.000000,0.358025,True
2023-02-27,21.070993,105.956670,2023-02-27 03:30:16.698011904,423.709050,0.000000,0.308642,True
2023-02-27,21.201035,105.690025,2023-02-27 03:29:50.697991936,423.339800,0.000000,0.432099,True
2023-02-27,21.198212,105.670730,2023-02-27 03:29:50.670995456,424.175320,0.000000,0.543210,True
2023-02-27,21.206133,105.598710,2023-02-27 03:29:50.256996352,422.503720,0.000000,0.345679,True
2023-02-27,21.227580,105.623245,2023-02-27 03:29:49.978019840,423.912170,0.000000,0.481481,True
2023-02-27,21.216959,105.545990,2023-02-27 03:29:49.869993984,422.913100,0.000000,0.444444,True
2023-02-27,21.262455,105.614370,2023-02-27 03:29:49.337991168,423.497560,0.000000,0.382716,True
2023-02-27,21.256975,105.575740,2023-02-27 03:29:49.283998208,422.733520,0.000000,0.320988,True
2023-02-27,21.275747,105.580956,2023-02-27 03:29:48.978025472,423.112240,0.000000,0.320988,True
2023-02-27,21.307892,105.552740,2023-02-27 03:29:48.311000064,423.702820,0.000000,0.395062,True
2023-02-27,21.297188,105.475470,2023-02-27 03:29:48.203014400,423.033080,0.000000,0.382716,True
2023-02-27,21.323936,105.538635,2023-02-27 03:29:47.977990656,423.573120,0.000000,0.469136,True
2023-02-27,21.182148,105.684810,2023-02-27 03:29:51.005010944,425.111850,0.000000,0.555556,True
2023-02-27,21.315863,105.480670,2023-02-27 03:29:47.897001216,423.417180,0.000000,0.506173,True
2023-02-27,21.342750,105.543850,2023-02-27 03:29:47.671011584,424.046880,0.000000,0.407407,True
2023-02-27,21.473587,105.320020,2023-02-27 03:29:44.536005376,422.174160,0.000000,0.320988,True
2023-02-27,20.634836,105.960590,2023-02-27 03:29:38.951002624,426.221100,0.000000,0.555556,True
2023-02-27,21.361609,105.549070,2023-02-27 03:29:47.364998400,423.275400,0.000000,0.345679,True
2023-02-27,21.358797,105.529740,2023-02-27 03:29:47.338001920,423.245400,0.000000,0.382716,True
2023-02-27,21.377655,105.534960,2023-02-27 03:29:47.031988736,423.131740,0.000000,0.320988,True
2023-02-27,21.374842,105.515625,2023-02-27 03:29:47.004992512,422.691830,0.000000,0.419753,True
2023-02-27,21.417467,105.434586,2023-02-27 03:29:45.951004928,421.834870,0.000000,0.320988,True
2023-02-27,20.717894,106.111650,2023-02-27 03:30:00.698018048,423.894400,0.000000,0.395062,True
2023-02-27,20.734003,106.097694,2023-02-27 03:30:00.365008384,424.395450,0.000000,0.481481,True
2023-02-27,20.731256,106.078440,2023-02-27 03:30:00.338011904,423.967400,0.000000,0.530864,True
2023-02-27,20.744658,106.045220,2023-02-27 03:29:59.978005760,423.154970,0.000000,0.345679,True
2023-02-27,20.741991,106.025955,2023-02-27 03:29:59.951009536,423.127560,0.000000,0.320988,True
2023-02-27,20.766240,106.069620,2023-02-27 03:29:59.698023680,423.171400,0.000000,0.555556,True
2023-02-27,20.763493,106.050340,2023-02-27 03:29:59.671027200,424.060200,0.000000,0.345679,True
2023-02-27,21.534407,105.444230,2023-02-27 03:30:06.229993728,421.245940,0.000000,0.308642,True
2023-02-27,20.750370,105.953950,2023-02-27 03:29:59.536004608,424.677700,0.000000,0.358025,True
2023-02-27,20.779623,106.036156,2023-02-27 03:29:59.338017536,423.116200,0.000000,0.370370,True
2023-02-27,20.893103,105.807140,2023-02-27 03:29:56.509024512,423.916750,0.000000,0.481481,True
2023-02-27,20.930574,105.817650,2023-02-27 03:29:55.896997888,423.315700,0.000000,0.444444,True
2023-02-27,20.925488,105.779060,2023-02-27 03:29:55.843005184,423.284880,0.000000,0.419753,True
2023-02-27,20.879377,105.840410,2023-02-27 03:29:56.869996032,424.267000,0.000000,0.407407,True
2023-02-27,20.795753,106.021980,2023-02-27 03:29:59.005007616,423.859070,0.000000,0.555556,True
2023-02-27,20.812363,105.877900,2023-02-27 03:29:58.176003840,424.086940,0.000000,0.395062,True
2023-02-27,20.828485,105.863690,2023-02-27 03:29:57.842994176,423.318500,0.000000,0.432099,True
2023-02-27,20.836037,105.828190,2023-02-27 03:29:34.671001600,423.696140,0.000000,0.530864,True
2023-02-27,20.843740,105.778280,2023-02-27 03:29:34.617008896,424.303900,0.000000,0.444444,True
2023-02-27,20.855670,105.703926,2023-02-27 03:29:34.536019456,423.915600,0.000000,0.395062,True
2023-02-27,20.843660,105.693344,2023-02-27 03:29:34.842998528,423.092400,0.000000,0.358025,True
2023-02-27,20.852118,105.814150,2023-02-27 03:29:34.337992192,423.842350,0.000000,0.469136,True
2023-02-27,20.868149,105.800125,2023-02-27 03:29:34.005022464,424.633940,0.000000,0.444444,True
2023-02-27,20.887775,105.675820,2023-02-27 03:29:33.870000384,424.306300,0.000000,0.456790,True
2023-02-27,20.880450,105.811140,2023-02-27 03:29:33.698003456,423.161350,0.000000,0.432099,True
2023-02-27,20.823797,105.817245,2023-02-27 03:29:34.978020608,425.218660,0.000000,0.543210,True
2023-02-27,20.679150,105.943470,2023-02-27 03:29:37.978004480,424.543550,0.000000,0.432099,True
2023-02-27,20.711296,105.915440,2023-02-27 03:29:37.311019776,423.930540,0.000000,0.345679,True
2023-02-27,20.747314,105.862510,2023-02-27 03:29:36.616997888,424.330020,0.000000,0.358025,True
2023-02-27,20.771759,105.884320,2023-02-27 03:29:36.005011712,423.312260,0.000000,0.432099,True
2023-02-27,20.787384,105.784836,2023-02-27 03:29:35.897026048,423.559360,0.000000,0.308642,True
2023-02-27,20.787817,105.870310,2023-02-27 03:29:35.670996224,425.284970,0.000000,0.456790,True
2023-02-27,20.807730,105.831280,2023-02-27 03:29:35.310990336,424.532600,0.000000,0.444444,True
2023-02-27,20.815556,105.781520,2023-02-27 03:29:35.256997376,424.112980,0.000000,0.358025,True
2023-02-27,20.816154,105.867310,2023-02-27 03:29:35.032013568,423.606720,0.000000,0.530864,True
2023-02-27,20.819956,105.842240,2023-02-27 03:29:35.005017344,423.824500,0.000000,0.407407,True
2023-02-27,20.903809,105.661766,2023-02-27 03:29:33.536025088,423.584380,0.000000,0.506173,True
2023-02-27,20.896480,105.797120,2023-02-27 03:29:33.364994048,423.446470,0.000000,0.395062,True
2023-02-27,21.008230,105.612790,2023-02-27 03:29:31.257019136,425.295440,0.000000,0.370370,True
2023-02-27,21.016148,105.563255,2023-02-27 03:29:31.203026176,424.589300,0.000000,0.407407,True
2023-02-27,21.024273,105.598720,2023-02-27 03:29:30.924009216,423.760400,0.000000,0.333333,True
2023-02-27,21.000105,105.577330,2023-02-27 03:29:31.535995392,423.293430,0.000000,0.358025,True
2023-02-27,20.996124,105.602066,2023-02-27 03:29:31.562992128,424.464400,0.000000,0.407407,True
2023-02-27,20.900269,105.772030,2023-02-27 03:29:33.337997312,424.413060,0.000000,0.419753,True
2023-02-27,20.912540,105.783070,2023-02-27 03:29:33.032024320,422.913270,0.000000,0.456790,True
2023-02-27,20.916357,105.757965,2023-02-27 03:29:33.005028096,424.218020,0.000000,0.320988,True
2023-02-27,20.935917,105.633640,2023-02-27 03:29:32.870005504,424.899080,0.000000,0.432099,True
2023-02-27,20.939949,105.608986,2023-02-27 03:29:32.843009280,423.722080,0.000000,0.456790,True
2023-02-27,20.928455,105.769104,2023-02-27 03:29:32.698009088,422.881350,0.000000,0.419753,True
2023-02-27,20.951563,105.619790,2023-02-27 03:29:32.535990272,424.889280,0.000000,0.444444,True
2023-02-27,20.955511,105.595180,2023-02-27 03:29:32.508993536,424.453060,0.000000,0.320988,True
2023-02-27,20.959902,105.655110,2023-02-27 03:29:32.257013504,426.149300,0.000000,0.604938,True
2023-02-27,20.972038,105.580830,2023-02-27 03:29:32.176024320,424.673000,0.000000,0.493827,True
2023-02-27,20.976137,105.640945,2023-02-27 03:29:31.924004096,424.700400,0.000000,0.407407,True
2023-02-27,20.980080,105.616140,2023-02-27 03:29:31.897007360,424.964050,0.000000,0.469136,True
2023-02-27,20.984064,105.591415,2023-02-27 03:29:31.870011136,423.605100,0.000000,0.469136,True
2023-02-27,20.670938,105.907760,2023-02-27 03:29:38.257021440,424.320950,0.000000,0.419753,True
2023-02-27,20.663101,105.957466,2023-02-27 03:29:38.311014144,424.854700,0.000000,0.382716,True
2023-02-27,20.655413,106.007460,2023-02-27 03:29:38.365006848,425.006680,0.000000,0.419753,True
2023-02-27,20.647022,105.971466,2023-02-27 03:29:38.644023808,425.560460,0.000000,0.395062,True
2023-02-27,21.377655,105.534960,2023-02-27 03:29:47.031988736,423.131740,0.000000,0.320988,True
2023-02-27,21.374842,105.515625,2023-02-27 03:29:47.004992512,422.691830,0.000000,0.419753,True
2023-02-27,21.358797,105.529740,2023-02-27 03:29:47.338001920,423.245400,0.000000,0.382716,True
2023-02-27,21.361609,105.549070,2023-02-27 03:29:47.364998400,423.275400,0.000000,0.345679,True
2023-02-27,21.216959,105.545990,2023-02-27 03:29:49.869993984,422.913100,0.000000,0.444444,True
2023-02-27,21.262455,105.614370,2023-02-27 03:29:49.337991168,423.497560,0.000000,0.382716,True
2023-02-27,21.256975,105.575740,2023-02-27 03:29:49.283998208,422.733520,0.000000,0.320988,True
2023-02-27,21.275747,105.580956,2023-02-27 03:29:48.978025472,423.112240,0.000000,0.320988,True
2023-02-27,21.307892,105.552740,2023-02-27 03:29:48.311000064,423.702820,0.000000,0.395062,True
2023-02-27,21.297188,105.475470,2023-02-27 03:29:48.203014400,423.033080,0.000000,0.382716,True
2023-02-27,21.323936,105.538635,2023-02-27 03:29:47.977990656,423.573120,0.000000,0.469136,True
2023-02-27,21.315863,105.480670,2023-02-27 03:29:47.897001216,423.417180,0.000000,0.506173,True
2023-02-27,21.342750,105.543850,2023-02-27 03:29:47.671011584,424.046880,0.000000,0.407407,True
2023-02-27,21.032572,105.634480,2023-02-27 03:29:30.644026880,423.365100,0.000000,0.555556,True
2023-02-27,20.634836,105.960590,2023-02-27 03:29:38.951002624,426.221100,0.000000,0.555556,True
2023-02-27,20.646826,105.886360,2023-02-27 03:29:38.870013184,424.625000,0.000000,0.308642,True
2023-02-27,21.417467,105.434586,2023-02-27 03:29:45.951004928,421.834870,0.000000,0.320988,True
2023-02-27,21.473587,105.320020,2023-02-27 03:29:44.536005376,422.174160,0.000000,0.320988,True
2023-02-27,21.265600,105.473120,2023-02-27 03:29:25.698006528,422.698100,0.000000,0.456790,True
2023-02-27,21.280752,105.372970,2023-02-27 03:29:25.590021120,421.995640,0.000000,0.395062,True
2023-02-27,21.292639,105.298570,2023-02-27 03:29:25.508991488,421.465800,0.000000,0.345679,True
2023-02-27,21.300670,105.333960,2023-02-27 03:29:25.230014720,422.447570,0.000000,0.419753,True
2023-02-27,21.304620,105.309160,2023-02-27 03:29:25.203018496,421.896850,0.000000,0.320988,True
2023-02-27,21.308609,105.284430,2023-02-27 03:29:25.176022016,421.586120,0.000000,0.432099,True
2023-02-27,21.312792,105.344680,2023-02-27 03:29:24.924001792,421.941040,0.000000,0.419753,True
2023-02-27,21.316744,105.319780,2023-02-27 03:29:24.897005312,422.719100,0.000000,0.320988,True
2023-02-27,21.324604,105.270290,2023-02-27 03:29:24.843012352,421.391500,0.000000,0.345679,True
2023-02-27,21.276548,105.312750,2023-02-27 03:29:25.843006976,422.153000,0.000000,0.567901,True
2023-02-27,21.227580,105.623245,2023-02-27 03:29:49.978019840,423.912170,0.000000,0.481481,True
2023-02-27,21.272572,105.337470,2023-02-27 03:29:25.870003456,422.018430,0.000000,0.481481,True
2023-02-27,21.253275,105.462120,2023-02-27 03:29:26.005025792,423.114400,0.000000,0.444444,True
2023-02-27,21.100578,105.553180,2023-02-27 03:29:29.284026368,423.122280,0.000000,0.382716,True
2023-02-27,21.108973,105.589100,2023-02-27 03:29:29.005009664,422.230380,0.000000,0.419753,True
2023-02-27,21.121239,105.600140,2023-02-27 03:29:28.697990400,421.700040,0.000000,0.419753,True
2023-02-27,21.132643,105.524990,2023-02-27 03:29:28.617000960,423.165830,0.000000,0.333333,True
2023-02-27,21.060299,105.545730,2023-02-27 03:29:30.229987840,424.001130,0.000000,0.382716,True
2023-02-27,21.060863,105.631355,2023-02-27 03:29:30.005004288,423.476800,0.000000,0.370370,True
2023-02-27,21.072403,105.556460,2023-02-27 03:29:29.924014848,423.101260,0.000000,0.358025,True
2023-02-27,21.076330,105.531640,2023-02-27 03:29:29.897018368,423.355830,0.000000,0.456790,True
2023-02-27,21.088432,105.542366,2023-02-27 03:29:29.589999104,422.666320,0.000000,0.432099,True
2023-02-27,21.140440,105.475250,2023-02-27 03:29:28.563008256,423.129850,0.000000,0.370370,True
2023-02-27,21.260870,105.412040,2023-02-27 03:29:25.950992640,423.361900,0.000000,0.629630,True
2023-02-27,21.208960,105.479420,2023-02-27 03:29:26.978023936,423.172940,0.000000,0.320988,True
2023-02-27,21.220573,105.404655,2023-02-27 03:29:26.896994304,421.334630,0.000000,0.456790,True
2023-02-27,21.236586,105.390530,2023-02-27 03:29:26.563019264,421.755680,0.000000,0.481481,True
2023-02-27,21.233503,105.501396,2023-02-27 03:29:26.364991744,421.625980,0.000000,0.419753,True
2023-02-27,21.252610,105.376396,2023-02-27 03:29:26.230009600,421.842440,0.000000,0.419753,True
2023-02-27,21.260548,105.326900,2023-02-27 03:29:26.176016640,422.951480,0.000000,0.444444,True
2023-02-27,21.232680,105.415380,2023-02-27 03:29:26.590015744,421.757420,0.000000,0.592593,True
2023-02-27,21.208485,105.394020,2023-02-27 03:29:27.203007744,421.888280,0.000000,0.382716,True
2023-02-27,21.204535,105.418790,2023-02-27 03:29:27.230003968,421.596530,0.000000,0.333333,True
2023-02-27,21.172490,105.447030,2023-02-27 03:29:27.896988928,422.447480,0.000000,0.456790,True
2023-02-27,21.192465,105.408140,2023-02-27 03:29:27.536017408,422.154050,0.000000,0.358025,True
2023-02-27,21.185396,105.543740,2023-02-27 03:29:27.365026560,421.644300,0.000000,0.370370,True
2023-02-27,20.646826,105.886360,2023-02-27 03:29:38.870013184,424.625000,0.000000,0.308642,True
2023-02-27,21.582657,105.593575,2023-02-27 03:30:44.257025536,420.005950,0.000000,0.382716,True
2023-02-27,21.626024,105.617130,2023-02-27 03:30:44.338014720,420.759550,0.000000,0.419753,True
2023-02-27,21.532915,105.657690,2023-02-27 03:30:45.617026048,420.524020,0.000000,0.382716,True
2023-02-27,20.904799,106.203440,2023-02-27 03:30:58.616995840,423.040920,0.000000,0.444444,True
2023-02-27,20.831320,106.185250,2023-02-27 03:30:58.843025664,422.685730,0.000000,0.395062,True
2023-02-27,20.917381,106.233140,2023-02-27 03:30:59.005004288,422.783200,0.000000,0.358025,True
2023-02-27,20.759490,106.328700,2023-02-27 03:31:01.617019648,423.953740,0.000000,0.395062,True
2023-02-27,20.743290,106.342606,2023-02-27 03:31:01.950994944,423.887900,0.000000,0.382716,True
2023-02-27,20.727108,106.356476,2023-02-27 03:31:02.284004608,421.604700,0.000000,0.382716,True
2023-02-27,20.755922,106.372320,2023-02-27 03:31:02.337997312,423.234680,0.000000,0.345679,True
2023-02-27,20.908350,106.159570,2023-02-27 03:30:57.897024000,422.701970,0.000000,0.320988,True
2023-02-27,20.894053,106.151540,2023-02-27 03:30:57.869987328,422.856660,0.000000,0.506173,True
2023-02-27,21.001474,106.119720,2023-02-27 03:30:56.617006848,422.996250,0.000000,0.358025,True
2023-02-27,21.044827,106.143420,2023-02-27 03:30:56.697995776,421.712100,0.000000,0.345679,True
2023-02-27,20.942423,106.109700,2023-02-27 03:30:56.869992704,423.017100,0.000000,0.456790,True
2023-02-27,20.971067,106.125770,2023-02-27 03:30:56.924025856,422.342320,0.000000,0.320988,True
2023-02-27,20.954899,106.139656,2023-02-27 03:30:57.256995328,422.599200,0.000000,0.518519,True
2023-02-27,20.998062,106.163475,2023-02-27 03:30:57.338024704,422.470400,0.000000,0.432099,True
2023-02-27,21.012543,106.171310,2023-02-27 03:30:57.365021184,421.826020,0.000000,0.432099,True
2023-02-27,20.938784,106.153610,2023-02-27 03:30:57.590004992,422.621340,0.000000,0.358025,True
2023-02-27,20.996496,106.185295,2023-02-27 03:30:57.697990400,423.107270,0.000000,0.604938,True
2023-02-27,20.770382,106.380196,2023-02-27 03:31:02.364994048,423.038180,0.000000,0.395062,True
2023-02-27,21.182148,105.684810,2023-02-27 03:29:51.005010944,425.111850,0.000000,0.555556,True
2023-02-27,21.201035,105.690025,2023-02-27 03:29:50.697991936,423.339800,0.000000,0.432099,True
2023-02-27,21.198212,105.670730,2023-02-27 03:29:50.670995456,424.175320,0.000000,0.543210,True
2023-02-27,20.637642,106.352220,2023-02-27 03:31:02.843003648,420.249180,0.000000,0.358025,True
2023-02-27,20.666195,106.368350,2023-02-27 03:31:02.896996864,424.029540,0.000000,0.370370,True
2023-02-27,20.738136,106.408050,2023-02-27 03:31:03.032019200,423.556670,0.000000,0.333333,True
2023-02-27,20.621386,106.366035,2023-02-27 03:31:03.176013568,423.029420,0.000000,0.308642,True
2023-02-27,20.635632,106.374110,2023-02-27 03:31:03.203010048,423.304780,0.000000,0.333333,True
2023-02-27,20.705803,106.435820,2023-02-27 03:31:03.697998336,420.799070,0.000000,0.432099,True
2023-02-27,20.675112,106.441750,2023-02-27 03:31:04.005017344,422.224820,0.000000,0.432099,True
2023-02-27,20.630207,106.439840,2023-02-27 03:31:04.283993600,421.888030,0.000000,0.395062,True
2023-02-27,20.673494,106.463600,2023-02-27 03:31:04.365023488,423.582760,0.000000,0.456790,True
2023-02-27,20.612244,106.475510,2023-02-27 03:31:04.978015488,423.933500,0.000000,0.481481,True
2023-02-27,20.626665,106.483440,2023-02-27 03:31:05.005011712,423.937620,0.000000,0.395062,True
2023-02-27,20.641123,106.491330,2023-02-27 03:31:05.032008192,423.306030,0.000000,0.469136,True
2023-02-27,20.515163,106.558685,2023-02-27 03:31:06.978004480,421.915650,0.000000,0.382716,True
2023-02-27,20.682241,106.354370,2023-02-27 03:31:02.563021312,422.085630,0.000000,0.320988,True
2023-02-27,21.206133,105.598710,2023-02-27 03:29:50.256996352,422.503720,0.000000,0.345679,True
2023-02-27,21.335049,105.891690,2023-02-27 03:30:50.698028544,421.931900,0.000000,0.308642,True
2023-02-27,21.230722,105.880104,2023-02-27 03:30:51.229990912,422.032650,0.000000,0.333333,True
2023-02-27,21.245079,105.888100,2023-02-27 03:30:51.256987648,422.117400,0.000000,0.308642,True
2023-02-27,21.273916,105.903950,2023-02-27 03:30:51.311020544,421.974000,0.000000,0.444444,True
2023-02-27,20.935917,105.633640,2023-02-27 03:29:32.870005504,424.899080,0.000000,0.432099,True
2023-02-27,20.655413,106.007460,2023-02-27 03:29:38.365006848,425.006680,0.000000,0.419753,True
2023-02-27,20.806278,106.164950,2023-02-27 03:30:22.005003776,425.792570,0.000000,0.493827,True
2023-02-27,20.785582,106.118940,2023-02-27 03:30:21.924014336,424.117550,0.000000,0.481481,True
2023-02-27,20.771887,106.088120,2023-02-27 03:30:21.870021632,422.759250,0.000000,0.530864,True
2023-02-27,20.794838,106.089600,2023-02-27 03:30:21.563002624,424.358000,0.000000,0.456790,True
2023-02-27,21.151474,105.886640,2023-02-27 03:30:15.031997952,422.714900,0.000000,0.358025,True
2023-02-27,21.070993,105.956670,2023-02-27 03:30:16.698011904,423.709050,0.000000,0.308642,True
2023-02-27,21.252375,105.713020,2023-02-27 03:30:12.256997888,422.710400,0.000000,0.395062,True
2023-02-27,21.264093,105.788445,2023-02-27 03:30:12.697993216,421.840970,0.000000,0.358025,True
2023-02-27,21.215837,105.830550,2023-02-27 03:30:13.697987840,422.014700,0.000000,0.493827,True
2023-02-27,20.808577,106.120360,2023-02-27 03:30:21.616995328,423.815400,0.000000,0.604938,True
2023-02-27,21.006582,106.012634,2023-02-27 03:30:18.032021760,422.481170,0.000000,0.308642,True
2023-02-27,20.896044,106.065900,2023-02-27 03:30:19.978018048,423.171940,0.000000,0.629630,True
2023-02-27,20.902971,106.081215,2023-02-27 03:30:20.005014528,422.651370,0.000000,0.382716,True
2023-02-27,20.909920,106.096490,2023-02-27 03:30:20.032011008,422.821780,0.000000,0.407407,True
2023-02-27,20.879934,106.079870,2023-02-27 03:30:20.311027712,422.994420,0.000000,0.320988,True
2023-02-27,20.863821,106.093834,2023-02-27 03:30:20.643997184,424.162540,0.000000,0.419753,True
2023-02-27,20.870747,106.109140,2023-02-27 03:30:20.670993664,423.665860,0.000000,0.493827,True
2023-02-27,20.877691,106.124410,2023-02-27 03:30:20.697989888,422.893130,0.000000,0.481481,True
2023-02-27,20.827060,106.061690,2023-02-27 03:30:20.897023488,423.670840,0.000000,0.444444,True
2023-02-27,20.833923,106.077090,2023-02-27 03:30:20.924019712,423.245600,0.000000,0.444444,True
2023-02-27,20.854630,106.123090,2023-02-27 03:30:21.005009152,424.073580,0.000000,0.444444,True
2023-02-27,20.861574,106.138370,2023-02-27 03:30:21.032005632,423.070430,0.000000,0.407407,True
2023-02-27,20.804108,106.060220,2023-02-27 03:30:21.202996224,422.601800,0.000000,0.419753,True
2023-02-27,20.831593,106.121740,2023-02-27 03:30:21.311022336,424.172120,0.000000,0.419753,True
2023-02-27,20.838512,106.137050,2023-02-27 03:30:21.338018816,423.618100,0.000000,0.395062,True
2023-02-27,20.845455,106.152320,2023-02-27 03:30:21.365015296,423.055080,0.000000,0.407407,True
2023-02-27,20.781178,106.058710,2023-02-27 03:30:21.509009664,422.608280,0.000000,0.407407,True
2023-02-27,20.647022,105.971466,2023-02-27 03:29:38.644023808,425.560460,0.000000,0.395062,True
2023-02-27,21.335049,105.891690,2023-02-27 03:30:50.698028544,421.931900,0.000000,0.308642,True
2023-02-27,21.230722,105.880104,2023-02-27 03:30:51.229990912,422.032650,0.000000,0.333333,True
2023-02-27,21.245079,105.888100,2023-02-27 03:30:51.256987648,422.117400,0.000000,0.308642,True
2023-02-27,21.273916,105.903950,2023-02-27 03:30:51.311020544,421.974000,0.000000,0.444444,True
2023-02-27,20.759490,106.328700,2023-02-27 03:31:01.617019648,423.953740,0.000000,0.395062,True
2023-02-27,20.743290,106.342606,2023-02-27 03:31:01.950994944,423.887900,0.000000,0.382716,True
2023-02-27,20.727108,106.356476,2023-02-27 03:31:02.284004608,421.604700,0.000000,0.382716,True
2023-02-27,20.755922,106.372320,2023-02-27 03:31:02.337997312,423.234680,0.000000,0.345679,True
2023-02-27,20.770382,106.380196,2023-02-27 03:31:02.364994048,423.038180,0.000000,0.395062,True
2023-02-27,20.682241,106.354370,2023-02-27 03:31:02.563021312,422.085630,0.000000,0.320988,True
2023-02-27,20.637642,106.352220,2023-02-27 03:31:02.843003648,420.249180,0.000000,0.358025,True
2023-02-27,20.666195,106.368350,2023-02-27 03:31:02.896996864,424.029540,0.000000,0.370370,True
2023-02-27,20.738136,106.408050,2023-02-27 03:31:03.032019200,423.556670,0.000000,0.333333,True
2023-02-27,20.621386,106.366035,2023-02-27 03:31:03.176013568,423.029420,0.000000,0.308642,True
2023-02-27,20.635632,106.374110,2023-02-27 03:31:03.203010048,423.304780,0.000000,0.333333,True
2023-02-27,20.705803,106.435820,2023-02-27 03:31:03.697998336,420.799070,0.000000,0.432099,True
2023-02-27,20.675112,106.441750,2023-02-27 03:31:04.005017344,422.224820,0.000000,0.432099,True
2023-02-27,20.630207,106.439840,2023-02-27 03:31:04.283993600,421.888030,0.000000,0.395062,True
2023-02-27,20.673494,106.463600,2023-02-27 03:31:04.365023488,423.582760,0.000000,0.456790,True
2023-02-27,20.612244,106.475510,2023-02-27 03:31:04.978015488,423.933500,0.000000,0.481481,True
2023-02-27,20.626665,106.483440,2023-02-27 03:31:05.005011712,423.937620,0.000000,0.395062,True
2023-02-27,20.641123,106.491330,2023-02-27 03:31:05.032008192,423.306030,0.000000,0.469136,True
2023-02-27,20.515163,106.558685,2023-02-27 03:31:06.978004480,421.915650,0.000000,0.382716,True
2023-02-27,21.001474,106.119720,2023-02-27 03:30:56.617006848,422.996250,0.000000,0.358025,True
2023-02-27,21.044827,106.143420,2023-02-27 03:30:56.697995776,421.712100,0.000000,0.345679,True
2023-02-27,20.942423,106.109700,2023-02-27 03:30:56.869992704,423.017100,0.000000,0.456790,True
2023-02-27,20.971067,106.125770,2023-02-27 03:30:56.924025856,422.342320,0.000000,0.320988,True
2023-02-27,20.954899,106.139656,2023-02-27 03:30:57.256995328,422.599200,0.000000,0.518519,True
2023-02-27,20.998062,106.163475,2023-02-27 03:30:57.338024704,422.470400,0.000000,0.432099,True
2023-02-27,21.012543,106.171310,2023-02-27 03:30:57.365021184,421.826020,0.000000,0.432099,True
2023-02-27,20.938784,106.153610,2023-02-27 03:30:57.590004992,422.621340,0.000000,0.358025,True
2023-02-27,20.996496,106.185295,2023-02-27 03:30:57.697990400,423.107270,0.000000,0.604938,True
2023-02-27,20.894053,106.151540,2023-02-27 03:30:57.869987328,422.856660,0.000000,0.506173,True
2023-02-27,20.908350,106.159570,2023-02-27 03:30:57.897024000,422.701970,0.000000,0.320988,True
2023-02-27,20.904799,106.203440,2023-02-27 03:30:58.616995840,423.040920,0.000000,0.444444,True
2023-02-27,20.831320,106.185250,2023-02-27 03:30:58.843025664,422.685730,0.000000,0.395062,True
2023-02-27,20.917381,106.233140,2023-02-27 03:30:59.005004288,422.783200,0.000000,0.358025,True
2023-02-27,21.532915,105.657690,2023-02-27 03:30:45.617026048,420.524020,0.000000,0.382716,True
2023-02-27,21.291437,105.700320,2023-02-27 03:30:11.617009408,421.225280,0.000000,0.444444,True
2023-02-27,21.582657,105.593575,2023-02-27 03:30:44.257025536,420.005950,0.000000,0.382716,True
2023-02-27,21.626024,105.617130,2023-02-27 03:30:44.338014720,420.759550,0.000000,0.419753,True
2023-02-27,21.277613,105.669500,2023-02-27 03:30:11.563016448,423.089970,0.000000,0.320988,True
2023-02-27,21.232680,105.415380,2023-02-27 03:29:26.590015744,421.757420,0.000000,0.592593,True
2023-02-27,21.236586,105.390530,2023-02-27 03:29:26.563019264,421.755680,0.000000,0.481481,True
2023-02-27,21.233503,105.501396,2023-02-27 03:29:26.364991744,421.625980,0.000000,0.419753,True
2023-02-27,21.252610,105.376396,2023-02-27 03:29:26.230009600,421.842440,0.000000,0.419753,True
2023-02-27,21.260548,105.326900,2023-02-27 03:29:26.176016640,422.951480,0.000000,0.444444,True
2023-02-27,21.253275,105.462120,2023-02-27 03:29:26.005025792,423.114400,0.000000,0.444444,True
2023-02-27,21.260870,105.412040,2023-02-27 03:29:25.950992640,423.361900,0.000000,0.629630,True
2023-02-27,21.272572,105.337470,2023-02-27 03:29:25.870003456,422.018430,0.000000,0.481481,True
2023-02-27,21.276548,105.312750,2023-02-27 03:29:25.843006976,422.153000,0.000000,0.567901,True
2023-02-27,21.265600,105.473120,2023-02-27 03:29:25.698006528,422.698100,0.000000,0.456790,True
2023-02-27,21.280752,105.372970,2023-02-27 03:29:25.590021120,421.995640,0.000000,0.395062,True
2023-02-27,21.292639,105.298570,2023-02-27 03:29:25.508991488,421.465800,0.000000,0.345679,True
2023-02-27,21.300670,105.333960,2023-02-27 03:29:25.230014720,422.447570,0.000000,0.419753,True
2023-02-27,21.304620,105.309160,2023-02-27 03:29:25.203018496,421.896850,0.000000,0.320988,True
2023-02-27,21.308609,105.284430,2023-02-27 03:29:25.176022016,421.586120,0.000000,0.432099,True
2023-02-27,21.220573,105.404655,2023-02-27 03:29:26.896994304,421.334630,0.000000,0.456790,True
2023-02-27,21.172490,105.447030,2023-02-27 03:29:27.896988928,422.447480,0.000000,0.456790,True
2023-02-27,21.192465,105.408140,2023-02-27 03:29:27.536017408,422.154050,0.000000,0.358025,True
2023-02-27,21.185396,105.543740,2023-02-27 03:29:27.365026560,421.644300,0.000000,0.370370,True
2023-02-27,21.204535,105.418790,2023-02-27 03:29:27.230003968,421.596530,0.000000,0.333333,True
2023-02-27,21.208485,105.394020,2023-02-27 03:29:27.203007744,421.888280,0.000000,0.382716,True
2023-02-27,21.208960,105.479420,2023-02-27 03:29:26.978023936,423.172940,0.000000,0.320988,True
2023-02-27,21.140440,105.475250,2023-02-27 03:29:28.563008256,423.129850,0.000000,0.370370,True
2023-02-27,21.312792,105.344680,2023-02-27 03:29:24.924001792,421.941040,0.000000,0.419753,True
2023-02-27,21.324604,105.270290,2023-02-27 03:29:24.843012352,421.391500,0.000000,0.345679,True
2023-02-27,21.316744,105.319780,2023-02-27 03:29:24.897005312,422.719100,0.000000,0.320988,True
2023-02-27,20.868149,105.800125,2023-02-27 03:29:34.005022464,424.633940,0.000000,0.444444,True
2023-02-27,20.887775,105.675820,2023-02-27 03:29:33.870000384,424.306300,0.000000,0.456790,True
2023-02-27,20.880450,105.811140,2023-02-27 03:29:33.698003456,423.161350,0.000000,0.432099,True
2023-02-27,20.903809,105.661766,2023-02-27 03:29:33.536025088,423.584380,0.000000,0.506173,True
2023-02-27,20.896480,105.797120,2023-02-27 03:29:33.364994048,423.446470,0.000000,0.395062,True
2023-02-27,20.900269,105.772030,2023-02-27 03:29:33.337997312,424.413060,0.000000,0.419753,True
2023-02-27,20.912540,105.783070,2023-02-27 03:29:33.032024320,422.913270,0.000000,0.456790,True
2023-02-27,20.916357,105.757965,2023-02-27 03:29:33.005028096,424.218020,0.000000,0.320988,True
2023-02-27,20.939949,105.608986,2023-02-27 03:29:32.843009280,423.722080,0.000000,0.456790,True
2023-02-27,20.928455,105.769104,2023-02-27 03:29:32.698009088,422.881350,0.000000,0.419753,True
2023-02-27,20.951563,105.619790,2023-02-27 03:29:32.535990272,424.889280,0.000000,0.444444,True
2023-02-27,20.955511,105.595180,2023-02-27 03:29:32.508993536,424.453060,0.000000,0.320988,True
2023-02-27,20.959902,105.655110,2023-02-27 03:29:32.257013504,426.149300,0.000000,0.604938,True
2023-02-27,20.972038,105.580830,2023-02-27 03:29:32.176024320,424.673000,0.000000,0.493827,True
2023-02-27,20.976137,105.640945,2023-02-27 03:29:31.924004096,424.700400,0.000000,0.407407,True
2023-02-27,20.852118,105.814150,2023-02-27 03:29:34.337992192,423.842350,0.000000,0.469136,True
2023-02-27,20.980080,105.616140,2023-02-27 03:29:31.897007360,424.964050,0.000000,0.469136,True
2023-02-27,20.663101,105.957466,2023-02-27 03:29:38.311014144,424.854700,0.000000,0.382716,True
2023-02-27,20.670938,105.907760,2023-02-27 03:29:38.257021440,424.320950,0.000000,0.419753,True
2023-02-27,20.679150,105.943470,2023-02-27 03:29:37.978004480,424.543550,0.000000,0.432099,True
2023-02-27,20.711296,105.915440,2023-02-27 03:29:37.311019776,423.930540,0.000000,0.345679,True
2023-02-27,20.747314,105.862510,2023-02-27 03:29:36.616997888,424.330020,0.000000,0.358025,True
2023-02-27,20.771759,105.884320,2023-02-27 03:29:36.005011712,423.312260,0.000000,0.432099,True
2023-02-27,20.787384,105.784836,2023-02-27 03:29:35.897026048,423.559360,0.000000,0.308642,True
2023-02-27,20.787817,105.870310,2023-02-27 03:29:35.670996224,425.284970,0.000000,0.456790,True
2023-02-27,20.807730,105.831280,2023-02-27 03:29:35.310990336,424.532600,0.000000,0.444444,True
2023-02-27,20.815556,105.781520,2023-02-27 03:29:35.256997376,424.112980,0.000000,0.358025,True
2023-02-27,20.816154,105.867310,2023-02-27 03:29:35.032013568,423.606720,0.000000,0.530864,True
2023-02-27,20.819956,105.842240,2023-02-27 03:29:35.005017344,423.824500,0.000000,0.407407,True
2023-02-27,20.823797,105.817245,2023-02-27 03:29:34.978020608,425.218660,0.000000,0.543210,True
2023-02-27,20.843660,105.693344,2023-02-27 03:29:34.842998528,423.092400,0.000000,0.358025,True
2023-02-27,20.836037,105.828190,2023-02-27 03:29:34.671001600,423.696140,0.000000,0.530864,True
2023-02-27,20.843740,105.778280,2023-02-27 03:29:34.617008896,424.303900,0.000000,0.444444,True
2023-02-27,20.855670,105.703926,2023-02-27 03:29:34.536019456,423.915600,0.000000,0.395062,True
2023-02-27,21.132643,105.524990,2023-02-27 03:29:28.617000960,423.165830,0.000000,0.333333,True
2023-02-27,20.984064,105.591415,2023-02-27 03:29:31.870011136,423.605100,0.000000,0.469136,True
2023-02-27,20.996124,105.602066,2023-02-27 03:29:31.562992128,424.464400,0.000000,0.407407,True
2023-02-27,21.060863,105.631355,2023-02-27 03:29:30.005004288,423.476800,0.000000,0.370370,True
2023-02-27,21.072403,105.556460,2023-02-27 03:29:29.924014848,423.101260,0.000000,0.358025,True
2023-02-27,21.076330,105.531640,2023-02-27 03:29:29.897018368,423.355830,0.000000,0.456790,True
2023-02-27,21.088432,105.542366,2023-02-27 03:29:29.589999104,422.666320,0.000000,0.432099,True
2023-02-27,21.100578,105.553180,2023-02-27 03:29:29.284026368,423.122280,0.000000,0.382716,True
2023-02-27,21.108973,105.589100,2023-02-27 03:29:29.005009664,422.230380,0.000000,0.419753,True
2023-02-27,21.121239,105.600140,2023-02-27 03:29:28.697990400,421.700040,0.000000,0.419753,True
2023-02-27,21.060299,105.545730,2023-02-27 03:29:30.229987840,424.001130,0.000000,0.382716,True
2023-02-27,21.000105,105.577330,2023-02-27 03:29:31.535995392,423.293430,0.000000,0.358025,True
2023-02-27,21.008230,105.612790,2023-02-27 03:29:31.257019136,425.295440,0.000000,0.370370,True
2023-02-27,21.016148,105.563255,2023-02-27 03:29:31.203026176,424.589300,0.000000,0.407407,True
2023-02-27,21.024273,105.598720,2023-02-27 03:29:30.924009216,423.760400,0.000000,0.333333,True
2023-02-27,21.032572,105.634480,2023-02-27 03:29:30.644026880,423.365100,0.000000,0.555556,True
2023-02-27,21.263857,105.638560,2023-02-27 03:30:11.509023744,423.580020,0.000000,0.382716,True
2023-02-27,20.925488,105.779060,2023-02-27 03:29:55.843005184,423.284880,0.000000,0.419753,True
2023-02-27,20.930574,105.817650,2023-02-27 03:29:55.896997888,423.315700,0.000000,0.444444,True
2023-02-27,20.893103,105.807140,2023-02-27 03:29:56.509024512,423.916750,0.000000,0.481481,True
2023-02-27,20.795753,106.021980,2023-02-27 03:29:59.005007616,423.859070,0.000000,0.555556,True
2023-02-27,20.779623,106.036156,2023-02-27 03:29:59.338017536,423.116200,0.000000,0.370370,True
2023-02-27,20.750370,105.953950,2023-02-27 03:29:59.536004608,424.677700,0.000000,0.358025,True
2023-02-27,20.763493,106.050340,2023-02-27 03:29:59.671027200,424.060200,0.000000,0.345679,True
2023-02-27,20.766240,106.069620,2023-02-27 03:29:59.698023680,423.171400,0.000000,0.555556,True
2023-02-27,20.741991,106.025955,2023-02-27 03:29:59.951009536,423.127560,0.000000,0.320988,True
2023-02-27,20.744658,106.045220,2023-02-27 03:29:59.978005760,423.154970,0.000000,0.345679,True
2023-02-27,20.731256,106.078440,2023-02-27 03:30:00.338011904,423.967400,0.000000,0.530864,True
2023-02-27,20.734003,106.097694,2023-02-27 03:30:00.365008384,424.395450,0.000000,0.481481,True
2023-02-27,20.717894,106.111650,2023-02-27 03:30:00.698018048,423.894400,0.000000,0.395062,True
2023-02-27,20.879377,105.840410,2023-02-27 03:29:56.869996032,424.267000,0.000000,0.407407,True
2023-02-27,20.828485,105.863690,2023-02-27 03:29:57.842994176,423.318500,0.000000,0.432099,True
2023-02-27,20.812363,105.877900,2023-02-27 03:29:58.176003840,424.086940,0.000000,0.395062,True
2023-02-27,21.534407,105.444230,2023-02-27 03:30:06.229993728,421.245940,0.000000,0.308642,True
2023-03-06,12.528376,108.350370,2023-03-06 01:10:16.270995200,420.500850,0.000000,0.469136,True
2023-03-06,12.545072,108.337690,2023-03-06 01:10:15.938025728,420.503570,0.000000,0.382716,True
2023-03-06,12.529597,108.272736,2023-03-06 01:10:15.496990208,421.117860,0.000000,0.506173,True
2023-03-06,12.521630,108.259620,2023-03-06 01:10:15.469993472,421.476680,0.000000,0.629630,True
2023-03-06,12.513670,108.246460,2023-03-06 01:10:15.442997248,421.587830,0.000000,0.407407,True
2023-03-06,12.522458,108.220700,2023-03-06 01:10:15.082025472,420.024900,0.000000,0.481481,True
2023-03-06,12.539169,108.207985,2023-03-06 01:10:14.749015808,420.872160,0.000000,0.358025,True
2023-03-06,12.545626,108.298910,2023-03-06 01:10:15.551023360,421.193020,0.000000,0.469136,True
2023-03-06,13.097722,107.842735,2023-03-06 01:10:04.162993920,421.144350,0.000000,0.407407,True
2023-03-06,13.146713,107.882470,2023-03-06 01:10:03.938010112,421.142460,0.000000,0.444444,True
2023-03-06,13.130514,107.856316,2023-03-06 01:10:03.884017408,421.740540,0.000000,0.419753,True
2023-03-06,13.106364,107.816860,2023-03-06 01:10:03.802988032,421.735230,0.000000,0.493827,True
2023-03-06,13.098363,107.803660,2023-03-06 01:10:03.775991552,420.789060,0.000000,0.543210,True
2023-03-06,13.172536,107.805150,2023-03-06 01:10:02.857026560,422.841160,0.000000,0.432099,True
2023-03-06,13.089067,107.868550,2023-03-06 01:10:04.524005888,420.717380,0.000000,0.407407,True
2023-03-06,13.081017,107.855400,2023-03-06 01:10:04.497009408,421.654940,0.000000,0.604938,True
2023-03-06,13.072994,107.842224,2023-03-06 01:10:04.470013184,422.238070,0.000000,0.518519,True
2023-03-06,13.065006,107.829050,2023-03-06 01:10:04.443016448,420.834900,0.000000,0.308642,True
2023-03-06,13.205855,107.779660,2023-03-06 01:10:02.190001152,421.903800,0.000000,0.320988,True
2023-03-06,13.106364,107.816860,2023-03-06 01:10:03.802988032,421.735230,0.000000,0.493827,True
2023-03-06,12.513670,108.246460,2023-03-06 01:10:15.442997248,421.587830,0.000000,0.407407,True
2023-03-06,12.521630,108.259620,2023-03-06 01:10:15.469993472,421.476680,0.000000,0.629630,True
2023-03-06,12.529597,108.272736,2023-03-06 01:10:15.496990208,421.117860,0.000000,0.506173,True
2023-03-06,12.545626,108.298910,2023-03-06 01:10:15.551023360,421.193020,0.000000,0.469136,True
2023-03-06,12.522458,108.220700,2023-03-06 01:10:15.082025472,420.024900,0.000000,0.481481,True
2023-03-06,12.545072,108.337690,2023-03-06 01:10:15.938025728,420.503570,0.000000,0.382716,True
2023-03-06,12.528376,108.350370,2023-03-06 01:10:16.270995200,420.500850,0.000000,0.469136,True
2023-03-06,12.539169,108.207985,2023-03-06 01:10:14.749015808,420.872160,0.000000,0.358025,True
2023-03-06,13.065006,107.829050,2023-03-06 01:10:04.443016448,420.834900,0.000000,0.308642,True
2023-03-06,13.072994,107.842224,2023-03-06 01:10:04.470013184,422.238070,0.000000,0.518519,True
2023-03-06,13.081017,107.855400,2023-03-06 01:10:04.497009408,421.654940,0.000000,0.604938,True
2023-03-06,13.089067,107.868550,2023-03-06 01:10:04.524005888,420.717380,0.000000,0.407407,True
2023-03-06,13.097722,107.842735,2023-03-06 01:10:04.162993920,421.144350,0.000000,0.407407,True
2023-03-06,13.205855,107.779660,2023-03-06 01:10:02.190001152,421.903800,0.000000,0.320988,True
2023-03-06,13.172536,107.805150,2023-03-06 01:10:02.857026560,422.841160,0.000000,0.432099,True
2023-03-06,13.098363,107.803660,2023-03-06 01:10:03.775991552,420.789060,0.000000,0.543210,True
2023-03-06,13.130514,107.856316,2023-03-06 01:10:03.884017408,421.740540,0.000000,0.419753,True
2023-03-06,13.146713,107.882470,2023-03-06 01:10:03.938010112,421.142460,0.000000,0.444444,True
2023-03-09,9.174912,105.001290,2023-03-09 00:23:42.562993920,420.268800,0.000000,0.345679,True
2023-03-09,9.173838,105.039890,2023-03-09 00:23:42.949996544,420.491150,0.000000,0.432099,True
2023-03-09,9.141226,105.025910,2023-03-09 00:23:43.229013504,421.120100,0.000000,0.395062,True
2023-03-09,9.172881,105.078400,2023-03-09 00:23:43.336999168,421.472320,0.000000,0.370370,True
2023-03-09,9.155201,105.129210,2023-03-09 00:23:44.058017280,420.962220,0.000000,0.308642,True
2023-03-09,9.138312,105.141390,2023-03-09 00:23:44.390986496,420.631770,0.000000,0.370370,True
2023-03-09,9.146345,105.154434,2023-03-09 00:23:44.418023168,421.239840,0.000000,0.382716,True
2023-03-09,9.165945,105.026764,2023-03-09 00:23:42.923000064,421.807280,0.000000,0.506173,True
2023-03-09,9.146345,105.154434,2023-03-09 00:23:44.418023168,421.239840,0.000000,0.382716,True
2023-03-09,9.165945,105.026764,2023-03-09 00:23:42.923000064,421.807280,0.000000,0.506173,True
2023-03-09,9.173838,105.039890,2023-03-09 00:23:42.949996544,420.491150,0.000000,0.432099,True
2023-03-09,9.141226,105.025910,2023-03-09 00:23:43.229013504,421.120100,0.000000,0.395062,True
2023-03-09,9.174912,105.001290,2023-03-09 00:23:42.562993920,420.268800,0.000000,0.345679,True
2023-03-09,9.155201,105.129210,2023-03-09 00:23:44.058017280,420.962220,0.000000,0.308642,True
2023-03-09,9.138312,105.141390,2023-03-09 00:23:44.390986496,420.631770,0.000000,0.370370,True
2023-03-09,9.172881,105.078400,2023-03-09 00:23:43.336999168,421.472320,0.000000,0.370370,True
2023-03-22,15.535471,108.537490,2023-03-22 08:13:26.703020544,420.149380,0.000000,0.345679,True
2023-03-22,15.535471,108.537490,2023-03-22 08:13:26.703020544,420.149380,0.000000,0.345679,True
2023-03-22,20.838331,106.190056,2023-03-22 06:11:58.642008320,420.266200,0.000000,0.320988,True
2023-03-22,20.220526,106.349110,2023-03-22 06:11:48.415992576,421.490300,0.000000,0.407407,True
2023-03-22,20.225132,106.347940,2023-03-22 06:11:47.641987584,421.133200,0.000000,0.395062,True
2023-03-22,20.227280,106.346730,2023-03-22 06:11:47.255025152,421.373320,0.000000,0.382716,True
2023-03-22,20.218964,106.348495,2023-03-22 06:11:46.895019008,421.627260,0.000000,0.444444,True
2023-03-22,12.528654,108.248200,2023-03-22 06:09:29.228012800,418.608060,0.000000,0.395062,True
2023-03-22,12.518228,108.248116,2023-03-22 06:09:29.255009280,419.093570,0.000000,0.481481,True
2023-03-22,12.526274,108.243410,2023-03-22 06:09:29.615015424,419.124800,0.000000,0.308642,True
2023-03-22,12.515734,108.243095,2023-03-22 06:09:29.642011904,418.859860,0.000000,0.506173,True
2023-03-22,12.523934,108.238310,2023-03-22 06:09:30.002018048,418.105770,0.000000,0.320988,True
2023-03-22,12.513422,108.237780,2023-03-22 06:09:30.029014272,419.667270,0.000000,0.530864,True
2023-03-22,12.521607,108.232830,2023-03-22 06:09:30.389020416,418.337000,0.000000,0.382716,True
2023-03-22,12.510057,108.252630,2023-03-22 06:09:28.895003392,419.729980,0.000000,0.333333,True
2023-03-22,12.511092,108.232160,2023-03-22 06:09:30.416016896,419.597470,0.000000,0.543210,True
2023-03-22,12.529780,108.227806,2023-03-22 06:09:30.749026560,418.541600,0.000000,0.333333,True
2023-03-26,10.489440,106.029140,2023-03-26 06:38:17.495001600,420.729130,0.000000,0.456790,True
2023-03-26,10.532600,106.476420,2023-03-26 06:37:12.216015360,419.742650,0.000000,0.407407,True
2023-03-26,10.505313,106.516200,2023-03-26 06:37:12.467995648,419.251650,0.000000,0.308642,True
2023-03-26,10.563950,106.479830,2023-03-26 06:37:12.576021760,418.116400,0.000000,0.419753,True
2023-03-26,10.538767,106.541160,2023-03-26 06:37:13.135020800,419.361820,0.000000,0.506173,True
2023-03-26,11.028182,106.947130,2023-03-26 06:37:00.269992704,419.358580,0.000000,0.395062,True
2023-03-26,10.141315,106.124980,2023-03-26 06:37:03.630022912,420.856660,0.000000,0.407407,True
2023-03-26,10.597429,106.504845,2023-03-26 06:37:13.243006464,419.362760,0.000000,0.419753,True
2023-03-26,10.570291,106.544540,2023-03-26 06:37:13.495026944,419.469700,0.000000,0.358025,True
2023-03-26,10.587024,106.557045,2023-03-26 06:37:13.827996160,420.032140,0.000000,0.419753,True
2023-03-26,10.167055,105.957530,2023-03-26 06:37:31.324018944,419.829250,0.000000,0.395062,True
2023-03-26,10.183842,105.970000,2023-03-26 06:37:31.656988160,418.560500,0.000000,0.358025,True
2023-03-26,10.183707,106.028840,2023-03-26 06:37:31.909008384,415.840120,0.000000,0.333333,True
2023-03-26,10.182735,106.087860,2023-03-26 06:37:32.161994496,419.703220,0.000000,0.395062,True
2023-03-26,10.188624,106.072380,2023-03-26 06:37:32.188990976,418.046420,0.000000,0.456790,True
2023-03-26,10.194430,106.056890,2023-03-26 06:37:32.215987456,419.736820,0.000000,0.419753,True
2023-03-26,10.206037,106.025930,2023-03-26 06:37:32.270020608,415.751460,0.000000,0.333333,True
2023-03-26,10.228830,106.022830,2023-03-26 06:37:32.630026496,419.512240,0.000000,0.358025,True
2023-03-26,10.149714,106.003975,2023-03-26 06:37:31.242989312,416.542940,0.000000,0.493827,True
2023-03-26,10.150405,105.945170,2023-03-26 06:37:30.990003456,419.543100,0.000000,0.419753,True
2023-03-26,10.139069,105.976120,2023-03-26 06:37:30.936010240,412.821380,0.000000,0.518519,True
2023-03-26,10.127566,106.007090,2023-03-26 06:37:30.882017536,413.564480,0.000000,0.506173,True
2023-03-26,10.601739,106.547940,2023-03-26 06:37:13.854992640,419.230930,0.000000,0.382716,True
2023-03-26,10.659990,106.511566,2023-03-26 06:37:13.963018752,419.767700,0.000000,0.308642,True
2023-03-26,10.572255,106.566140,2023-03-26 06:37:13.800999936,420.109620,0.000000,0.320988,True
2023-03-26,10.128005,105.948080,2023-03-26 06:37:30.629997312,418.814800,0.000000,0.308642,True
2023-03-26,10.406621,106.679060,2023-03-26 06:36:28.854995200,419.061740,0.000000,0.395062,True
2023-03-26,10.377361,106.691170,2023-03-26 06:36:29.135017984,419.356780,0.000000,0.382716,True
2023-03-26,10.400316,106.691380,2023-03-26 06:36:29.162014464,418.903100,0.000000,0.543210,True
2023-03-26,10.492589,106.691690,2023-03-26 06:36:29.270000128,419.801850,0.000000,0.382716,True
2023-03-26,10.515764,106.691630,2023-03-26 06:36:29.296996608,419.187160,0.000000,0.395062,True
2023-03-26,10.394165,106.703620,2023-03-26 06:36:29.467987456,418.615900,0.000000,0.407407,True
2023-03-26,10.417112,106.703840,2023-03-26 06:36:29.495024128,417.471370,0.000000,0.617284,True
2023-03-26,10.410928,106.716080,2023-03-26 06:36:29.800997120,418.839200,0.000000,0.345679,True
2023-03-26,10.433874,106.716300,2023-03-26 06:36:29.827993344,418.684080,0.000000,0.358025,True
2023-03-26,10.427690,106.728540,2023-03-26 06:36:30.135012608,419.024380,0.000000,0.469136,True
2023-03-26,10.493835,106.528890,2023-03-26 06:36:49.297008640,419.701800,0.000000,0.382716,True
2023-03-26,10.527203,106.553535,2023-03-26 06:36:49.963028224,420.051820,0.000000,0.395062,True
2023-03-26,10.544826,106.547730,2023-03-26 06:36:49.990024448,419.865050,0.000000,0.395062,True
2023-03-26,10.560651,106.578300,2023-03-26 06:36:50.630012928,421.067230,0.000000,0.382716,True
2023-03-26,10.578267,106.572464,2023-03-26 06:36:50.657009664,421.059080,0.000000,0.345679,True
2023-03-26,10.506096,106.632230,2023-03-26 06:36:51.162016000,418.750700,0.000000,0.592593,True
2023-03-26,10.523808,106.626595,2023-03-26 06:36:51.189012224,414.959630,0.000000,0.506173,True
2023-03-26,10.525380,106.589920,2023-03-26 06:36:50.576020224,419.349980,0.000000,0.481481,True
2023-03-26,10.506252,106.041725,2023-03-26 06:38:17.828011264,420.008180,0.000000,0.395062,True
2023-03-26,10.498961,106.016910,2023-03-26 06:38:17.855007744,420.294220,0.000000,0.530864,True
2023-03-26,10.491617,105.991990,2023-03-26 06:38:17.882003968,420.757230,0.000000,0.469136,True
2023-03-26,10.484081,105.966900,2023-03-26 06:38:17.909000448,420.431700,0.000000,0.382716,True
2023-03-26,10.476465,105.941696,2023-03-26 06:38:17.935996928,420.616150,0.000000,0.543210,True
2023-03-26,10.468655,105.916310,2023-03-26 06:38:17.962993408,416.749420,0.000000,0.481481,True
2023-03-26,10.460732,105.890790,2023-03-26 06:38:17.989989632,420.400120,0.000000,0.493827,True
2023-03-26,10.530029,106.078865,2023-03-26 06:38:18.134990080,421.009580,0.000000,0.543210,True
2023-03-26,10.522944,106.054220,2023-03-26 06:38:18.162026752,419.908230,0.000000,0.592593,True
2023-03-26,10.515729,106.029440,2023-03-26 06:38:18.189022976,420.632570,0.000000,0.506173,True
2023-03-26,10.508437,106.004550,2023-03-26 06:38:18.216019712,419.843570,0.000000,0.407407,True
2023-03-26,10.500898,105.979454,2023-03-26 06:38:18.243015936,420.205470,0.000000,0.407407,True
2023-03-26,10.493278,105.954240,2023-03-26 06:38:18.270012416,419.582430,0.000000,0.432099,True
2023-03-26,10.485508,105.928870,2023-03-26 06:38:18.297008896,418.569150,0.000000,0.481481,True
2023-03-26,10.477599,105.903340,2023-03-26 06:38:18.324005376,420.189100,0.000000,0.543210,True
2023-03-26,10.546876,106.091410,2023-03-26 06:38:18.467999744,420.760200,0.000000,0.407407,True
2023-03-26,10.539767,106.066740,2023-03-26 06:38:18.494995968,420.568240,0.000000,0.617284,True
2023-03-26,10.532529,106.041950,2023-03-26 06:38:18.521992704,420.245000,0.000000,0.604938,True
2023-03-26,10.525158,106.017006,2023-03-26 06:38:18.548989184,420.541000,0.000000,0.567901,True
2023-03-26,10.517652,105.991920,2023-03-26 06:38:18.576025600,420.003600,0.000000,0.555556,True
2023-03-26,10.502219,105.941330,2023-03-26 06:38:18.630018560,420.183530,0.000000,0.518519,True
2023-03-26,10.494289,105.915820,2023-03-26 06:38:18.657014784,420.339570,0.000000,0.617284,True
2023-03-26,10.549176,106.054560,2023-03-26 06:38:18.855002112,421.047760,0.000000,0.592593,True
2023-03-26,10.541826,106.029600,2023-03-26 06:38:18.881998592,420.445560,0.000000,0.530864,True
2023-03-26,10.526724,105.979256,2023-03-26 06:38:18.935991552,420.066560,0.000000,0.530864,True
2023-03-26,10.518966,105.953860,2023-03-26 06:38:18.962987776,419.703920,0.000000,0.518519,True
2023-03-26,10.511066,105.928314,2023-03-26 06:38:18.990024448,419.386050,0.000000,0.407407,True
2023-03-26,10.580372,106.116264,2023-03-26 06:38:19.135024896,420.035920,0.000000,0.592593,True
2023-03-26,10.513300,106.066360,2023-03-26 06:38:17.801014784,420.936400,0.000000,0.617284,True
2023-03-26,10.444099,105.878250,2023-03-26 06:38:17.657020416,420.789340,0.000000,0.567901,True
2023-03-26,10.459762,105.929070,2023-03-26 06:38:17.603027456,420.920380,0.000000,0.617284,True
2023-03-26,10.467384,105.954300,2023-03-26 06:38:17.575991040,421.131680,0.000000,0.641975,True
2023-03-26,10.407676,105.929570,2023-03-26 06:38:16.215990016,417.852660,0.000000,0.407407,True
2023-03-26,10.392503,105.879350,2023-03-26 06:38:16.270023424,417.831180,0.000000,0.308642,True
2023-03-26,10.558706,106.041824,2023-03-26 06:38:19.216014080,420.558800,0.000000,0.604938,True
2023-03-26,10.393694,105.840860,2023-03-26 06:38:16.657025792,420.881000,0.000000,0.518519,True
2023-03-26,10.448661,105.979355,2023-03-26 06:38:16.855013120,420.555100,0.000000,0.518519,True
2023-03-26,10.433750,105.929400,2023-03-26 06:38:16.909005824,419.123230,0.000000,0.444444,True
2023-03-26,10.418294,105.878850,2023-03-26 06:38:16.962998784,420.659800,0.000000,0.419753,True
2023-03-26,10.410357,105.853355,2023-03-26 06:38:16.989995264,419.289150,0.000000,0.395062,True
2023-03-26,10.479663,106.041510,2023-03-26 06:38:17.134995456,420.936900,0.000000,0.469136,True
2023-03-26,10.458025,105.967230,2023-03-26 06:38:17.216024832,420.528440,0.000000,0.456790,True
2023-03-26,10.450562,105.942154,2023-03-26 06:38:17.243021568,420.484280,0.000000,0.604938,True
2023-03-26,10.442953,105.916920,2023-03-26 06:38:17.270017792,419.252140,0.000000,0.518519,True
2023-03-26,10.435172,105.891525,2023-03-26 06:38:17.297014272,419.693850,0.000000,0.493827,True
2023-03-26,10.427251,105.865970,2023-03-26 06:38:17.324010752,421.076540,0.000000,0.580247,True
2023-03-26,10.496529,106.053800,2023-03-26 06:38:17.468005120,421.147550,0.000000,0.604938,True
2023-03-26,10.482221,106.004330,2023-03-26 06:38:17.521997824,420.312740,0.000000,0.407407,True
2023-03-26,10.474870,105.979385,2023-03-26 06:38:17.548994560,419.449700,0.000000,0.530864,True
2023-03-26,10.401594,105.866390,2023-03-26 06:38:16.629989120,419.733830,0.000000,0.382716,True
2023-03-26,10.551205,106.016760,2023-03-26 06:38:19.243010560,420.661100,0.000000,0.518519,True
2023-03-26,10.535796,105.966220,2023-03-26 06:38:19.297003520,420.412080,0.000000,0.555556,True
2023-03-26,10.611627,106.003204,2023-03-26 06:38:20.990013952,420.144200,0.000000,0.617284,True
2023-03-26,10.659182,106.116890,2023-03-26 06:38:21.216003328,420.048520,0.000000,0.543210,True
2023-03-26,10.651700,106.091790,2023-03-26 06:38:21.242999808,419.676300,0.000000,0.518519,True
2023-03-26,10.644083,106.066540,2023-03-26 06:38:21.269996288,419.846220,0.000000,0.629630,True
2023-03-26,10.636328,106.041150,2023-03-26 06:38:21.296992512,420.920560,0.000000,0.518519,True
2023-03-26,10.628433,106.015600,2023-03-26 06:38:21.323988992,419.384160,0.000000,0.543210,True
2023-03-26,10.697629,106.203740,2023-03-26 06:38:21.468023808,419.913600,0.000000,0.345679,True
2023-03-26,10.668625,106.104260,2023-03-26 06:38:21.576009216,419.363770,0.000000,0.382716,True
2023-03-26,10.660997,106.079020,2023-03-26 06:38:21.603005952,419.963040,0.000000,0.592593,True
2023-03-26,10.653254,106.053665,2023-03-26 06:38:21.630002176,420.108300,0.000000,0.629630,True
2023-03-26,10.645370,106.028160,2023-03-26 06:38:21.656998656,420.043670,0.000000,0.530864,True
2023-03-26,10.685226,106.117010,2023-03-26 06:38:21.909018880,419.420000,0.000000,0.543210,True
2023-03-26,10.669833,106.066410,2023-03-26 06:38:21.963012096,420.231800,0.000000,0.580247,True
2023-03-26,10.661928,106.040880,2023-03-26 06:38:21.990008320,420.656460,0.000000,0.617284,True
2023-03-26,10.312507,106.591860,2023-03-26 06:36:26.548993024,419.290950,0.000000,0.469136,True
2023-03-26,10.335584,106.591900,2023-03-26 06:36:26.575989504,417.060500,0.000000,0.444444,True
2023-03-26,10.352225,106.604430,2023-03-26 06:36:26.908998912,416.148400,0.000000,0.419753,True
2023-03-26,10.392208,106.616810,2023-03-26 06:36:27.270010880,416.036770,0.000000,0.567901,True
2023-03-26,10.627279,106.054146,2023-03-26 06:38:20.936020736,420.401700,0.000000,0.629630,True
2023-03-26,10.634897,106.079384,2023-03-26 06:38:20.909024512,419.817570,0.000000,0.629630,True
2023-03-26,10.642380,106.104485,2023-03-26 06:38:20.881987840,419.471650,0.000000,0.592593,True
2023-03-26,10.649729,106.129430,2023-03-26 06:38:20.854991360,420.065280,0.000000,0.506173,True
2023-03-26,10.527884,105.940720,2023-03-26 06:38:19.324000000,419.669900,0.000000,0.518519,True
2023-03-26,10.597110,106.128920,2023-03-26 06:38:19.467994112,420.890500,0.000000,0.481481,True
2023-03-26,10.590001,106.104250,2023-03-26 06:38:19.494990848,420.073240,0.000000,0.617284,True
2023-03-26,10.582761,106.079440,2023-03-26 06:38:19.521987072,420.105620,0.000000,0.592593,True
2023-03-26,10.575390,106.054480,2023-03-26 06:38:19.549023744,420.007000,0.000000,0.555556,True
2023-03-26,10.567884,106.029390,2023-03-26 06:38:19.576020224,420.513340,0.000000,0.592593,True
2023-03-26,10.560244,106.004140,2023-03-26 06:38:19.603016704,419.477630,0.000000,0.567901,True
2023-03-26,10.544546,105.953200,2023-03-26 06:38:19.657009664,420.111820,0.000000,0.604938,True
2023-03-26,10.606822,106.116745,2023-03-26 06:38:19.828000256,420.193080,0.000000,0.395062,True
2023-03-26,10.599564,106.091910,2023-03-26 06:38:19.854996736,420.561200,0.000000,0.629630,True
2023-03-26,10.592244,106.066960,2023-03-26 06:38:19.881993216,420.419740,0.000000,0.604938,True
2023-03-26,10.584728,106.041840,2023-03-26 06:38:19.908989696,419.869870,0.000000,0.604938,True
2023-03-26,10.577105,106.016580,2023-03-26 06:38:19.936026368,420.621000,0.000000,0.629630,True
2023-03-26,10.569344,105.991170,2023-03-26 06:38:19.963022592,420.677580,0.000000,0.506173,True
2023-03-26,10.543569,105.991560,2023-03-26 06:38:19.270007040,420.040620,0.000000,0.567901,True
2023-03-26,10.561444,105.965614,2023-03-26 06:38:19.990019328,420.651900,0.000000,0.555556,True
2023-03-26,10.608870,106.079475,2023-03-26 06:38:20.216008704,419.344970,0.000000,0.395062,True
2023-03-26,10.593725,106.029200,2023-03-26 06:38:20.270001664,420.169800,0.000000,0.617284,True
2023-03-26,10.585954,106.003840,2023-03-26 06:38:20.296998144,420.091670,0.000000,0.617284,True
2023-03-26,10.578043,105.978330,2023-03-26 06:38:20.323994368,420.376530,0.000000,0.555556,True
2023-03-26,10.640146,106.141840,2023-03-26 06:38:20.495025664,420.307220,0.000000,0.419753,True
2023-03-26,10.632928,106.117030,2023-03-26 06:38:20.522021888,419.820160,0.000000,0.432099,True
2023-03-26,10.625607,106.092094,2023-03-26 06:38:20.549018368,419.718480,0.000000,0.567901,True
2023-03-26,10.618094,106.066986,2023-03-26 06:38:20.576014848,419.743870,0.000000,0.432099,True
2023-03-26,10.602716,106.016360,2023-03-26 06:38:20.630007808,420.221860,0.000000,0.604938,True
2023-03-26,10.594818,105.990814,2023-03-26 06:38:20.657004032,420.134920,0.000000,0.604938,True
2023-03-26,10.656945,106.154240,2023-03-26 06:38:20.827994880,419.853940,0.000000,0.481481,True
2023-03-26,10.585826,106.328370,2023-03-26 06:37:39.909005312,420.652400,0.000000,0.506173,True
2023-03-26,10.608311,106.325325,2023-03-26 06:37:40.270017280,420.237120,0.000000,0.345679,True
2023-03-26,10.669873,106.331856,2023-03-26 06:37:41.324004864,420.882930,0.000000,0.617284,True
2023-03-26,10.440815,106.200510,2023-03-26 06:37:36.936018176,419.216500,0.000000,0.432099,True
2023-03-26,10.428357,106.290480,2023-03-26 06:37:37.135011072,420.544980,0.000000,0.419753,True
2023-03-26,10.434290,106.274956,2023-03-26 06:37:37.162007808,420.073800,0.000000,0.370370,True
2023-03-26,10.463249,106.197420,2023-03-26 06:37:37.296989952,418.551270,0.000000,0.382716,True
2023-03-26,10.468909,106.181920,2023-03-26 06:37:37.324026624,419.819920,0.000000,0.444444,True
2023-03-26,10.429918,106.172410,2023-03-26 06:37:36.630004992,419.406830,0.000000,0.320988,True
2023-03-26,10.554542,106.120865,2023-03-26 06:37:59.296991232,420.174740,0.000000,0.506173,True
2023-03-26,10.555202,106.101715,2023-03-26 06:37:59.324027904,420.021500,0.000000,0.481481,True
2023-03-26,10.572001,106.114235,2023-03-26 06:37:59.656997120,421.371580,0.000000,0.481481,True
2023-03-26,10.584756,106.221990,2023-03-26 06:37:59.855024896,420.028800,0.000000,0.382716,True
2023-03-26,10.588047,106.145850,2023-03-26 06:37:59.963010560,420.438800,0.000000,0.555556,True
2023-03-26,10.588714,106.126700,2023-03-26 06:37:59.990007040,420.692000,0.000000,0.617284,True
2023-03-26,10.601809,106.234590,2023-03-26 06:38:00.189000192,420.594700,0.000000,0.370370,True
2023-03-26,10.635026,106.259500,2023-03-26 06:38:00.855019264,417.688050,0.000000,0.469136,True
2023-03-26,10.686255,106.278020,2023-03-26 06:38:01.882010368,417.745640,0.000000,0.641975,True
2023-03-26,10.738797,106.258320,2023-03-26 06:38:02.962994432,416.366060,0.000000,0.629630,True
2023-03-26,10.739523,106.239180,2023-03-26 06:38:02.989990656,418.556580,0.000000,0.333333,True
2023-03-26,10.852764,106.422190,2023-03-26 06:38:05.189013248,417.904880,0.000000,0.358025,True
2023-03-26,10.855331,106.365090,2023-03-26 06:38:05.270002432,418.088840,0.000000,0.469136,True
2023-03-26,10.538442,106.089226,2023-03-26 06:37:58.990012416,420.848450,0.000000,0.580247,True
2023-03-26,10.537773,106.108376,2023-03-26 06:37:58.963015936,418.115700,0.000000,0.469136,True
2023-03-26,10.436267,106.052480,2023-03-26 06:37:56.935990016,420.924130,0.000000,0.333333,True
2023-03-26,10.452429,106.084045,2023-03-26 06:37:57.243009024,420.992250,0.000000,0.444444,True
2023-03-26,10.453204,106.064995,2023-03-26 06:37:57.270005760,421.590820,0.000000,0.567901,True
2023-03-26,10.453927,106.045900,2023-03-26 06:37:57.297001984,419.659450,0.000000,0.395062,True
2023-03-26,10.454586,106.026760,2023-03-26 06:37:57.323998464,419.669920,0.000000,0.481481,True
2023-03-26,10.469166,106.096550,2023-03-26 06:37:57.576018688,419.773860,0.000000,0.518519,True
2023-03-26,10.471295,106.039230,2023-03-26 06:37:57.657008128,419.200470,0.000000,0.518519,True
2023-03-26,10.485966,106.109040,2023-03-26 06:37:57.908988160,420.832640,0.000000,0.493827,True
2023-03-26,10.486744,106.089980,2023-03-26 06:37:57.936024832,419.730130,0.000000,0.358025,True
2023-03-26,10.487460,106.070870,2023-03-26 06:37:57.963021312,420.164950,0.000000,0.543210,True
2023-03-26,10.488112,106.051710,2023-03-26 06:37:57.990017792,421.211000,0.000000,0.555556,True
2023-03-26,10.501869,106.140520,2023-03-26 06:37:58.216007168,421.173520,0.000000,0.617284,True
2023-03-26,10.502719,106.121506,2023-03-26 06:37:58.243003904,421.038940,0.000000,0.629630,True
2023-03-26,10.503506,106.102455,2023-03-26 06:37:58.270000128,420.003020,0.000000,0.567901,True
2023-03-26,10.504228,106.083350,2023-03-26 06:37:58.296996608,419.763980,0.000000,0.407407,True
2023-03-26,10.504886,106.064210,2023-03-26 06:37:58.323993088,420.053300,0.000000,0.469136,True
2023-03-26,10.518662,106.153040,2023-03-26 06:37:58.549016832,420.958530,0.000000,0.567901,True
2023-03-26,10.519518,106.134020,2023-03-26 06:37:58.576013568,420.635770,0.000000,0.358025,True
2023-03-26,10.520311,106.114960,2023-03-26 06:37:58.603010048,420.740800,0.000000,0.469136,True
2023-03-26,10.521043,106.095856,2023-03-26 06:37:58.630006272,420.066960,0.000000,0.580247,True
2023-03-26,10.521711,106.076706,2023-03-26 06:37:58.657002752,420.495850,0.000000,0.567901,True
2023-03-26,10.350265,106.653870,2023-03-26 06:36:28.162019840,418.678700,0.000000,0.419753,True
2023-03-26,10.327318,106.653656,2023-03-26 06:36:28.135023360,418.248660,0.000000,0.407407,True
2023-03-26,10.333330,106.641550,2023-03-26 06:36:27.828004352,416.920040,0.000000,0.567901,True
2023-03-26,10.532600,106.476420,2023-03-26 06:37:12.216015360,419.742650,0.000000,0.407407,True
2023-03-26,10.505313,106.516200,2023-03-26 06:37:12.467995648,419.251650,0.000000,0.308642,True
2023-03-26,10.563950,106.479830,2023-03-26 06:37:12.576021760,418.116400,0.000000,0.419753,True
2023-03-26,10.538767,106.541160,2023-03-26 06:37:13.135020800,419.361820,0.000000,0.506173,True
2023-03-26,10.597429,106.504845,2023-03-26 06:37:13.243006464,419.362760,0.000000,0.419753,True
2023-03-26,11.028182,106.947130,2023-03-26 06:37:00.269992704,419.358580,0.000000,0.395062,True
2023-03-26,10.141315,106.124980,2023-03-26 06:37:03.630022912,420.856660,0.000000,0.407407,True
2023-03-26,10.570291,106.544540,2023-03-26 06:37:13.495026944,419.469700,0.000000,0.358025,True
2023-03-26,10.572255,106.566140,2023-03-26 06:37:13.800999936,420.109620,0.000000,0.320988,True
2023-03-26,10.601739,106.547940,2023-03-26 06:37:13.854992640,419.230930,0.000000,0.382716,True
2023-03-26,10.183842,105.970000,2023-03-26 06:37:31.656988160,418.560500,0.000000,0.358025,True
2023-03-26,10.183707,106.028840,2023-03-26 06:37:31.909008384,415.840120,0.000000,0.333333,True
2023-03-26,10.182735,106.087860,2023-03-26 06:37:32.161994496,419.703220,0.000000,0.395062,True
2023-03-26,10.188624,106.072380,2023-03-26 06:37:32.188990976,418.046420,0.000000,0.456790,True
2023-03-26,10.194430,106.056890,2023-03-26 06:37:32.215987456,419.736820,0.000000,0.419753,True
2023-03-26,10.206037,106.025930,2023-03-26 06:37:32.270020608,415.751460,0.000000,0.333333,True
2023-03-26,10.228830,106.022830,2023-03-26 06:37:32.630026496,419.512240,0.000000,0.358025,True
2023-03-26,10.167055,105.957530,2023-03-26 06:37:31.324018944,419.829250,0.000000,0.395062,True
2023-03-26,10.149714,106.003975,2023-03-26 06:37:31.242989312,416.542940,0.000000,0.493827,True
2023-03-26,10.150405,105.945170,2023-03-26 06:37:30.990003456,419.543100,0.000000,0.419753,True
2023-03-26,10.139069,105.976120,2023-03-26 06:37:30.936010240,412.821380,0.000000,0.518519,True
2023-03-26,10.659990,106.511566,2023-03-26 06:37:13.963018752,419.767700,0.000000,0.308642,True
2023-03-26,10.587024,106.557045,2023-03-26 06:37:13.827996160,420.032140,0.000000,0.419753,True
2023-03-26,10.128005,105.948080,2023-03-26 06:37:30.629997312,418.814800,0.000000,0.308642,True
2023-03-26,10.127566,106.007090,2023-03-26 06:37:30.882017536,413.564480,0.000000,0.506173,True
2023-03-26,10.406621,106.679060,2023-03-26 06:36:28.854995200,419.061740,0.000000,0.395062,True
2023-03-26,10.377361,106.691170,2023-03-26 06:36:29.135017984,419.356780,0.000000,0.382716,True
2023-03-26,10.400316,106.691380,2023-03-26 06:36:29.162014464,418.903100,0.000000,0.543210,True
2023-03-26,10.492589,106.691690,2023-03-26 06:36:29.270000128,419.801850,0.000000,0.382716,True
2023-03-26,10.515764,106.691630,2023-03-26 06:36:29.296996608,419.187160,0.000000,0.395062,True
2023-03-26,10.394165,106.703620,2023-03-26 06:36:29.467987456,418.615900,0.000000,0.407407,True
2023-03-26,10.417112,106.703840,2023-03-26 06:36:29.495024128,417.471370,0.000000,0.617284,True
2023-03-26,10.410928,106.716080,2023-03-26 06:36:29.800997120,418.839200,0.000000,0.345679,True
2023-03-26,10.433874,106.716300,2023-03-26 06:36:29.827993344,418.684080,0.000000,0.358025,True
2023-03-26,10.427690,106.728540,2023-03-26 06:36:30.135012608,419.024380,0.000000,0.469136,True
2023-03-26,10.493835,106.528890,2023-03-26 06:36:49.297008640,419.701800,0.000000,0.382716,True
2023-03-26,10.527203,106.553535,2023-03-26 06:36:49.963028224,420.051820,0.000000,0.395062,True
2023-03-26,10.544826,106.547730,2023-03-26 06:36:49.990024448,419.865050,0.000000,0.395062,True
2023-03-26,10.560651,106.578300,2023-03-26 06:36:50.630012928,421.067230,0.000000,0.382716,True
2023-03-26,10.578267,106.572464,2023-03-26 06:36:50.657009664,421.059080,0.000000,0.345679,True
2023-03-26,10.506096,106.632230,2023-03-26 06:36:51.162016000,418.750700,0.000000,0.592593,True
2023-03-26,10.523808,106.626595,2023-03-26 06:36:51.189012224,414.959630,0.000000,0.506173,True
2023-03-26,10.525380,106.589920,2023-03-26 06:36:50.576020224,419.349980,0.000000,0.481481,True
2023-03-26,10.498961,106.016910,2023-03-26 06:38:17.855007744,420.294220,0.000000,0.530864,True
2023-03-26,10.491617,105.991990,2023-03-26 06:38:17.882003968,420.757230,0.000000,0.469136,True
2023-03-26,10.484081,105.966900,2023-03-26 06:38:17.909000448,420.431700,0.000000,0.382716,True
2023-03-26,10.476465,105.941696,2023-03-26 06:38:17.935996928,420.616150,0.000000,0.543210,True
2023-03-26,10.468655,105.916310,2023-03-26 06:38:17.962993408,416.749420,0.000000,0.481481,True
2023-03-26,10.460732,105.890790,2023-03-26 06:38:17.989989632,420.400120,0.000000,0.493827,True
2023-03-26,10.530029,106.078865,2023-03-26 06:38:18.134990080,421.009580,0.000000,0.543210,True
2023-03-26,10.522944,106.054220,2023-03-26 06:38:18.162026752,419.908230,0.000000,0.592593,True
2023-03-26,10.515729,106.029440,2023-03-26 06:38:18.189022976,420.632570,0.000000,0.506173,True
2023-03-26,10.508437,106.004550,2023-03-26 06:38:18.216019712,419.843570,0.000000,0.407407,True
2023-03-26,10.500898,105.979454,2023-03-26 06:38:18.243015936,420.205470,0.000000,0.407407,True
2023-03-26,10.493278,105.954240,2023-03-26 06:38:18.270012416,419.582430,0.000000,0.432099,True
2023-03-26,10.485508,105.928870,2023-03-26 06:38:18.297008896,418.569150,0.000000,0.481481,True
2023-03-26,10.477599,105.903340,2023-03-26 06:38:18.324005376,420.189100,0.000000,0.543210,True
2023-03-26,10.546876,106.091410,2023-03-26 06:38:18.467999744,420.760200,0.000000,0.407407,True
2023-03-26,10.539767,106.066740,2023-03-26 06:38:18.494995968,420.568240,0.000000,0.617284,True
2023-03-26,10.532529,106.041950,2023-03-26 06:38:18.521992704,420.245000,0.000000,0.604938,True
2023-03-26,10.525158,106.017006,2023-03-26 06:38:18.548989184,420.541000,0.000000,0.567901,True
2023-03-26,10.517652,105.991920,2023-03-26 06:38:18.576025600,420.003600,0.000000,0.555556,True
2023-03-26,10.502219,105.941330,2023-03-26 06:38:18.630018560,420.183530,0.000000,0.518519,True
2023-03-26,10.494289,105.915820,2023-03-26 06:38:18.657014784,420.339570,0.000000,0.617284,True
2023-03-26,10.549176,106.054560,2023-03-26 06:38:18.855002112,421.047760,0.000000,0.592593,True
2023-03-26,10.541826,106.029600,2023-03-26 06:38:18.881998592,420.445560,0.000000,0.530864,True
2023-03-26,10.526724,105.979256,2023-03-26 06:38:18.935991552,420.066560,0.000000,0.530864,True
2023-03-26,10.518966,105.953860,2023-03-26 06:38:18.962987776,419.703920,0.000000,0.518519,True
2023-03-26,10.511066,105.928314,2023-03-26 06:38:18.990024448,419.386050,0.000000,0.407407,True
2023-03-26,10.580372,106.116264,2023-03-26 06:38:19.135024896,420.035920,0.000000,0.592593,True
2023-03-26,10.558706,106.041824,2023-03-26 06:38:19.216014080,420.558800,0.000000,0.604938,True
2023-03-26,10.506252,106.041725,2023-03-26 06:38:17.828011264,420.008180,0.000000,0.395062,True
2023-03-26,10.513300,106.066360,2023-03-26 06:38:17.801014784,420.936400,0.000000,0.617284,True
2023-03-26,10.444099,105.878250,2023-03-26 06:38:17.657020416,420.789340,0.000000,0.567901,True
2023-03-26,10.459762,105.929070,2023-03-26 06:38:17.603027456,420.920380,0.000000,0.617284,True
2023-03-26,10.407676,105.929570,2023-03-26 06:38:16.215990016,417.852660,0.000000,0.407407,True
2023-03-26,10.392503,105.879350,2023-03-26 06:38:16.270023424,417.831180,0.000000,0.308642,True
2023-03-26,10.401594,105.866390,2023-03-26 06:38:16.629989120,419.733830,0.000000,0.382716,True
2023-03-26,10.551205,106.016760,2023-03-26 06:38:19.243010560,420.661100,0.000000,0.518519,True
2023-03-26,10.393694,105.840860,2023-03-26 06:38:16.657025792,420.881000,0.000000,0.518519,True
2023-03-26,10.433750,105.929400,2023-03-26 06:38:16.909005824,419.123230,0.000000,0.444444,True
2023-03-26,10.418294,105.878850,2023-03-26 06:38:16.962998784,420.659800,0.000000,0.419753,True
2023-03-26,10.410357,105.853355,2023-03-26 06:38:16.989995264,419.289150,0.000000,0.395062,True
2023-03-26,10.479663,106.041510,2023-03-26 06:38:17.134995456,420.936900,0.000000,0.469136,True
2023-03-26,10.458025,105.967230,2023-03-26 06:38:17.216024832,420.528440,0.000000,0.456790,True
2023-03-26,10.450562,105.942154,2023-03-26 06:38:17.243021568,420.484280,0.000000,0.604938,True
2023-03-26,10.442953,105.916920,2023-03-26 06:38:17.270017792,419.252140,0.000000,0.518519,True
2023-03-26,10.435172,105.891525,2023-03-26 06:38:17.297014272,419.693850,0.000000,0.493827,True
2023-03-26,10.427251,105.865970,2023-03-26 06:38:17.324010752,421.076540,0.000000,0.580247,True
2023-03-26,10.496529,106.053800,2023-03-26 06:38:17.468005120,421.147550,0.000000,0.604938,True
2023-03-26,10.489440,106.029140,2023-03-26 06:38:17.495001600,420.729130,0.000000,0.456790,True
2023-03-26,10.482221,106.004330,2023-03-26 06:38:17.521997824,420.312740,0.000000,0.407407,True
2023-03-26,10.474870,105.979385,2023-03-26 06:38:17.548994560,419.449700,0.000000,0.530864,True
2023-03-26,10.467384,105.954300,2023-03-26 06:38:17.575991040,421.131680,0.000000,0.641975,True
2023-03-26,10.448661,105.979355,2023-03-26 06:38:16.855013120,420.555100,0.000000,0.518519,True
2023-03-26,10.543569,105.991560,2023-03-26 06:38:19.270007040,420.040620,0.000000,0.567901,True
2023-03-26,10.527884,105.940720,2023-03-26 06:38:19.324000000,419.669900,0.000000,0.518519,True
2023-03-26,10.611627,106.003204,2023-03-26 06:38:20.990013952,420.144200,0.000000,0.617284,True
2023-03-26,10.659182,106.116890,2023-03-26 06:38:21.216003328,420.048520,0.000000,0.543210,True
2023-03-26,10.651700,106.091790,2023-03-26 06:38:21.242999808,419.676300,0.000000,0.518519,True
2023-03-26,10.644083,106.066540,2023-03-26 06:38:21.269996288,419.846220,0.000000,0.629630,True
2023-03-26,10.636328,106.041150,2023-03-26 06:38:21.296992512,420.920560,0.000000,0.518519,True
2023-03-26,10.628433,106.015600,2023-03-26 06:38:21.323988992,419.384160,0.000000,0.543210,True
2023-03-26,10.697629,106.203740,2023-03-26 06:38:21.468023808,419.913600,0.000000,0.345679,True
2023-03-26,10.668625,106.104260,2023-03-26 06:38:21.576009216,419.363770,0.000000,0.382716,True
2023-03-26,10.660997,106.079020,2023-03-26 06:38:21.603005952,419.963040,0.000000,0.592593,True
2023-03-26,10.653254,106.053665,2023-03-26 06:38:21.630002176,420.108300,0.000000,0.629630,True
2023-03-26,10.645370,106.028160,2023-03-26 06:38:21.656998656,420.043670,0.000000,0.530864,True
2023-03-26,10.685226,106.117010,2023-03-26 06:38:21.909018880,419.420000,0.000000,0.543210,True
2023-03-26,10.669833,106.066410,2023-03-26 06:38:21.963012096,420.231800,0.000000,0.580247,True
2023-03-26,10.661928,106.040880,2023-03-26 06:38:21.990008320,420.656460,0.000000,0.617284,True
2023-03-26,10.350265,106.653870,2023-03-26 06:36:28.162019840,418.678700,0.000000,0.419753,True
2023-03-26,10.312507,106.591860,2023-03-26 06:36:26.548993024,419.290950,0.000000,0.469136,True
2023-03-26,10.335584,106.591900,2023-03-26 06:36:26.575989504,417.060500,0.000000,0.444444,True
2023-03-26,10.352225,106.604430,2023-03-26 06:36:26.908998912,416.148400,0.000000,0.419753,True
2023-03-26,10.392208,106.616810,2023-03-26 06:36:27.270010880,416.036770,0.000000,0.567901,True
2023-03-26,10.627279,106.054146,2023-03-26 06:38:20.936020736,420.401700,0.000000,0.629630,True
2023-03-26,10.634897,106.079384,2023-03-26 06:38:20.909024512,419.817570,0.000000,0.629630,True
2023-03-26,10.642380,106.104485,2023-03-26 06:38:20.881987840,419.471650,0.000000,0.592593,True
2023-03-26,10.597110,106.128920,2023-03-26 06:38:19.467994112,420.890500,0.000000,0.481481,True
2023-03-26,10.590001,106.104250,2023-03-26 06:38:19.494990848,420.073240,0.000000,0.617284,True
2023-03-26,10.582761,106.079440,2023-03-26 06:38:19.521987072,420.105620,0.000000,0.592593,True
2023-03-26,10.575390,106.054480,2023-03-26 06:38:19.549023744,420.007000,0.000000,0.555556,True
2023-03-26,10.567884,106.029390,2023-03-26 06:38:19.576020224,420.513340,0.000000,0.592593,True
2023-03-26,10.560244,106.004140,2023-03-26 06:38:19.603016704,419.477630,0.000000,0.567901,True
2023-03-26,10.544546,105.953200,2023-03-26 06:38:19.657009664,420.111820,0.000000,0.604938,True
2023-03-26,10.606822,106.116745,2023-03-26 06:38:19.828000256,420.193080,0.000000,0.395062,True
2023-03-26,10.599564,106.091910,2023-03-26 06:38:19.854996736,420.561200,0.000000,0.629630,True
2023-03-26,10.592244,106.066960,2023-03-26 06:38:19.881993216,420.419740,0.000000,0.604938,True
2023-03-26,10.584728,106.041840,2023-03-26 06:38:19.908989696,419.869870,0.000000,0.604938,True
2023-03-26,10.577105,106.016580,2023-03-26 06:38:19.936026368,420.621000,0.000000,0.629630,True
2023-03-26,10.569344,105.991170,2023-03-26 06:38:19.963022592,420.677580,0.000000,0.506173,True
2023-03-26,10.561444,105.965614,2023-03-26 06:38:19.990019328,420.651900,0.000000,0.555556,True
2023-03-26,10.535796,105.966220,2023-03-26 06:38:19.297003520,420.412080,0.000000,0.555556,True
2023-03-26,10.608870,106.079475,2023-03-26 06:38:20.216008704,419.344970,0.000000,0.395062,True
2023-03-26,10.593725,106.029200,2023-03-26 06:38:20.270001664,420.169800,0.000000,0.617284,True
2023-03-26,10.585954,106.003840,2023-03-26 06:38:20.296998144,420.091670,0.000000,0.617284,True
2023-03-26,10.578043,105.978330,2023-03-26 06:38:20.323994368,420.376530,0.000000,0.555556,True
2023-03-26,10.640146,106.141840,2023-03-26 06:38:20.495025664,420.307220,0.000000,0.419753,True
2023-03-26,10.632928,106.117030,2023-03-26 06:38:20.522021888,419.820160,0.000000,0.432099,True
2023-03-26,10.625607,106.092094,2023-03-26 06:38:20.549018368,419.718480,0.000000,0.567901,True
2023-03-26,10.618094,106.066986,2023-03-26 06:38:20.576014848,419.743870,0.000000,0.432099,True
2023-03-26,10.602716,106.016360,2023-03-26 06:38:20.630007808,420.221860,0.000000,0.604938,True
2023-03-26,10.594818,105.990814,2023-03-26 06:38:20.657004032,420.134920,0.000000,0.604938,True
2023-03-26,10.656945,106.154240,2023-03-26 06:38:20.827994880,419.853940,0.000000,0.481481,True
2023-03-26,10.649729,106.129430,2023-03-26 06:38:20.854991360,420.065280,0.000000,0.506173,True
2023-03-26,10.585826,106.328370,2023-03-26 06:37:39.909005312,420.652400,0.000000,0.506173,True
2023-03-26,10.608311,106.325325,2023-03-26 06:37:40.270017280,420.237120,0.000000,0.345679,True
2023-03-26,10.669873,106.331856,2023-03-26 06:37:41.324004864,420.882930,0.000000,0.617284,True
2023-03-26,10.429918,106.172410,2023-03-26 06:37:36.630004992,419.406830,0.000000,0.320988,True
2023-03-26,10.440815,106.200510,2023-03-26 06:37:36.936018176,419.216500,0.000000,0.432099,True
2023-03-26,10.428357,106.290480,2023-03-26 06:37:37.135011072,420.544980,0.000000,0.419753,True
2023-03-26,10.434290,106.274956,2023-03-26 06:37:37.162007808,420.073800,0.000000,0.370370,True
2023-03-26,10.463249,106.197420,2023-03-26 06:37:37.296989952,418.551270,0.000000,0.382716,True
2023-03-26,10.468909,106.181920,2023-03-26 06:37:37.324026624,419.819920,0.000000,0.444444,True
2023-03-26,10.554542,106.120865,2023-03-26 06:37:59.296991232,420.174740,0.000000,0.506173,True
2023-03-26,10.555202,106.101715,2023-03-26 06:37:59.324027904,420.021500,0.000000,0.481481,True
2023-03-26,10.572001,106.114235,2023-03-26 06:37:59.656997120,421.371580,0.000000,0.481481,True
2023-03-26,10.584756,106.221990,2023-03-26 06:37:59.855024896,420.028800,0.000000,0.382716,True
2023-03-26,10.588047,106.145850,2023-03-26 06:37:59.963010560,420.438800,0.000000,0.555556,True
2023-03-26,10.588714,106.126700,2023-03-26 06:37:59.990007040,420.692000,0.000000,0.617284,True
2023-03-26,10.601809,106.234590,2023-03-26 06:38:00.189000192,420.594700,0.000000,0.370370,True
2023-03-26,10.635026,106.259500,2023-03-26 06:38:00.855019264,417.688050,0.000000,0.469136,True
2023-03-26,10.686255,106.278020,2023-03-26 06:38:01.882010368,417.745640,0.000000,0.641975,True
2023-03-26,10.738797,106.258320,2023-03-26 06:38:02.962994432,416.366060,0.000000,0.629630,True
2023-03-26,10.739523,106.239180,2023-03-26 06:38:02.989990656,418.556580,0.000000,0.333333,True
2023-03-26,10.852764,106.422190,2023-03-26 06:38:05.189013248,417.904880,0.000000,0.358025,True
2023-03-26,10.855331,106.365090,2023-03-26 06:38:05.270002432,418.088840,0.000000,0.469136,True
2023-03-26,10.333330,106.641550,2023-03-26 06:36:27.828004352,416.920040,0.000000,0.567901,True
2023-03-26,10.537773,106.108376,2023-03-26 06:37:58.963015936,418.115700,0.000000,0.469136,True
2023-03-26,10.436267,106.052480,2023-03-26 06:37:56.935990016,420.924130,0.000000,0.333333,True
2023-03-26,10.452429,106.084045,2023-03-26 06:37:57.243009024,420.992250,0.000000,0.444444,True
2023-03-26,10.453204,106.064995,2023-03-26 06:37:57.270005760,421.590820,0.000000,0.567901,True
2023-03-26,10.453927,106.045900,2023-03-26 06:37:57.297001984,419.659450,0.000000,0.395062,True
2023-03-26,10.454586,106.026760,2023-03-26 06:37:57.323998464,419.669920,0.000000,0.481481,True
2023-03-26,10.469166,106.096550,2023-03-26 06:37:57.576018688,419.773860,0.000000,0.518519,True
2023-03-26,10.471295,106.039230,2023-03-26 06:37:57.657008128,419.200470,0.000000,0.518519,True
2023-03-26,10.485966,106.109040,2023-03-26 06:37:57.908988160,420.832640,0.000000,0.493827,True
2023-03-26,10.486744,106.089980,2023-03-26 06:37:57.936024832,419.730130,0.000000,0.358025,True
2023-03-26,10.487460,106.070870,2023-03-26 06:37:57.963021312,420.164950,0.000000,0.543210,True
2023-03-26,10.488112,106.051710,2023-03-26 06:37:57.990017792,421.211000,0.000000,0.555556,True
2023-03-26,10.538442,106.089226,2023-03-26 06:37:58.990012416,420.848450,0.000000,0.580247,True
2023-03-26,10.501869,106.140520,2023-03-26 06:37:58.216007168,421.173520,0.000000,0.617284,True
2023-03-26,10.502719,106.121506,2023-03-26 06:37:58.243003904,421.038940,0.000000,0.629630,True
2023-03-26,10.503506,106.102455,2023-03-26 06:37:58.270000128,420.003020,0.000000,0.567901,True
2023-03-26,10.504228,106.083350,2023-03-26 06:37:58.296996608,419.763980,0.000000,0.407407,True
2023-03-26,10.504886,106.064210,2023-03-26 06:37:58.323993088,420.053300,0.000000,0.469136,True
2023-03-26,10.518662,106.153040,2023-03-26 06:37:58.549016832,420.958530,0.000000,0.567901,True
2023-03-26,10.519518,106.134020,2023-03-26 06:37:58.576013568,420.635770,0.000000,0.358025,True
2023-03-26,10.520311,106.114960,2023-03-26 06:37:58.603010048,420.740800,0.000000,0.469136,True
2023-03-26,10.521043,106.095856,2023-03-26 06:37:58.630006272,420.066960,0.000000,0.580247,True
2023-03-26,10.521711,106.076706,2023-03-26 06:37:58.657002752,420.495850,0.000000,0.567901,True
2023-03-26,10.327318,106.653656,2023-03-26 06:36:28.135023360,418.248660,0.000000,0.407407,True
2023-04-05,22.277689,103.584170,2023-04-05 03:30:08.643016448,421.456970,0.000000,0.555556,True
2023-04-05,22.204842,103.477620,2023-04-05 03:30:06.697020160,422.198940,0.000000,0.456790,True
2023-04-05,22.228022,103.455864,2023-04-05 03:30:06.751012864,423.356800,0.000000,0.382716,True
2023-04-05,21.827871,102.922676,2023-04-05 06:24:25.974989312,418.759430,0.000000,0.345679,True
2023-04-05,22.204842,103.477620,2023-04-05 03:30:06.697020160,422.198940,0.000000,0.456790,True
2023-04-05,22.228022,103.455864,2023-04-05 03:30:06.751012864,423.356800,0.000000,0.382716,True
2023-04-05,22.277689,103.584170,2023-04-05 03:30:08.643016448,421.456970,0.000000,0.555556,True
2023-04-05,22.528559,103.700356,2023-04-05 03:30:12.778017024,421.080780,0.000000,0.308642,True
2023-04-05,22.470537,103.754585,2023-04-05 03:30:12.642994432,422.920260,0.000000,0.370370,True
2023-04-05,22.465988,103.729560,2023-04-05 03:30:12.337021696,421.715700,0.000000,0.444444,True
2023-04-05,22.528559,103.700356,2023-04-05 03:30:12.778017024,421.080780,0.000000,0.308642,True
2023-04-05,22.465988,103.729560,2023-04-05 03:30:12.337021696,421.715700,0.000000,0.444444,True
2023-04-05,22.470537,103.754585,2023-04-05 03:30:12.642994432,422.920260,0.000000,0.370370,True
2023-04-07,14.454988,109.086910,2023-04-07 01:53:34.008021248,421.052200,0.000000,0.382716,True
2023-04-07,14.454988,109.086910,2023-04-07 01:53:34.008021248,421.052200,0.000000,0.382716,True
2023-04-18,20.306646,105.716194,2023-04-18 07:45:41.003988736,423.946530,0.000000,0.308642,True
2023-04-18,20.306646,105.716194,2023-04-18 07:45:41.003988736,423.946530,0.000000,0.308642,True
2023-04-18,22.554620,103.681145,2023-04-18 07:44:53.896016640,425.994750,0.000000,0.333333,True
2023-04-18,21.628756,104.517510,2023-04-18 07:45:13.256000000,423.230260,0.000000,0.345679,True
2023-04-18,22.554620,103.681145,2023-04-18 07:44:53.896016640,425.994750,0.000000,0.333333,True
2023-04-18,22.361977,103.852325,2023-04-18 07:44:57.895994624,421.556640,0.000000,0.493827,True
2023-04-18,21.628756,104.517510,2023-04-18 07:45:13.256000000,423.230260,0.000000,0.345679,True
2023-04-18,22.361977,103.852325,2023-04-18 07:44:57.895994624,421.556640,0.000000,0.493827,True
2023-04-23,11.265142,108.715800,2023-04-23 06:08:27.921002752,421.725130,0.000000,0.333333,True
2023-04-23,11.267602,108.696510,2023-04-23 06:08:28.309011200,420.445860,0.000000,0.308642,True
2023-04-23,11.281202,108.665054,2023-04-23 06:08:29.056019712,421.003540,0.000000,0.333333,True
2023-04-23,11.259593,108.688934,2023-04-23 06:08:28.336007680,419.372800,0.000000,0.358025,True
2023-04-23,12.743549,108.376070,2023-04-23 06:08:54.254998016,420.141400,0.000000,0.308642,True
2023-04-23,12.699180,108.359720,2023-04-23 06:08:54.002011904,420.228180,0.000000,0.469136,True
2023-04-23,12.707628,108.366690,2023-04-23 06:08:53.975015680,419.648000,0.000000,0.358025,True
2023-04-23,12.695957,108.395930,2023-04-23 06:08:53.228006912,420.524480,0.000000,0.333333,True
2023-04-23,12.595395,108.392890,2023-04-23 06:08:51.974985984,420.816740,0.000000,0.419753,True
2023-04-23,12.541148,108.387436,2023-04-23 06:08:51.362999808,421.070280,0.000000,0.382716,True
2023-04-23,12.549535,108.394540,2023-04-23 06:08:51.336003584,420.970950,0.000000,0.308642,True
2023-04-23,12.557938,108.401560,2023-04-23 06:08:51.309007104,420.706240,0.000000,0.333333,True
2023-04-23,12.566460,108.408550,2023-04-23 06:08:51.282010624,421.176330,0.000000,0.407407,True
2023-05-02,9.386276,105.744225,2023-05-02 02:55:42.797009664,421.373900,0.000000,0.604938,True
2023-05-02,9.379221,105.730510,2023-05-02 02:55:42.770013440,421.697080,0.000000,0.617284,True
2023-05-02,9.403096,105.731900,2023-05-02 02:55:42.462994176,422.039120,0.000000,0.629630,True
2023-05-02,9.396043,105.718200,2023-05-02 02:55:42.435997696,422.184750,0.000000,0.493827,True
2023-05-02,9.368113,105.663216,2023-05-02 02:55:42.328012032,420.610570,0.000000,0.567901,True
2023-05-02,9.418698,105.626320,2023-05-02 02:55:41.328017408,420.737550,0.000000,0.617284,True
2023-05-02,10.303054,104.957040,2023-05-02 02:55:23.635013376,422.506320,0.000000,0.370370,True
2023-05-02,10.360523,104.933750,2023-05-02 02:55:22.662015232,425.016400,0.000000,0.641975,True
2023-05-02,9.419962,105.719620,2023-05-02 02:55:42.130024704,423.010350,0.000000,0.592593,True
2023-05-02,9.379221,105.730510,2023-05-02 02:55:42.770013440,421.697080,0.000000,0.617284,True
2023-05-02,9.386276,105.744225,2023-05-02 02:55:42.797009664,421.373900,0.000000,0.604938,True
2023-05-02,10.303054,104.957040,2023-05-02 02:55:23.635013376,422.506320,0.000000,0.370370,True
2023-05-02,9.418698,105.626320,2023-05-02 02:55:41.328017408,420.737550,0.000000,0.617284,True
2023-05-02,9.419962,105.719620,2023-05-02 02:55:42.130024704,423.010350,0.000000,0.592593,True
2023-05-02,10.360523,104.933750,2023-05-02 02:55:22.662015232,425.016400,0.000000,0.641975,True
2023-05-02,9.396043,105.718200,2023-05-02 02:55:42.435997696,422.184750,0.000000,0.493827,True
2023-05-02,9.403096,105.731900,2023-05-02 02:55:42.462994176,422.039120,0.000000,0.629630,True
2023-05-02,9.368113,105.663216,2023-05-02 02:55:42.328012032,420.610570,0.000000,0.567901,True
2023-05-03,14.327558,107.971954,2023-05-03 02:06:48.661003264,421.045040,0.000000,0.308642,True
2023-05-03,12.739305,109.262460,2023-05-03 02:07:21.101986048,421.183650,0.000000,0.308642,True
2023-05-03,12.710882,109.206870,2023-05-03 02:07:20.994000384,422.153080,0.000000,0.592593,True
2023-05-03,12.739305,109.262460,2023-05-03 02:07:21.101986048,421.183650,0.000000,0.308642,True
2023-05-03,12.710882,109.206870,2023-05-03 02:07:20.994000384,422.153080,0.000000,0.592593,True
2023-05-03,14.327558,107.971954,2023-05-03 02:06:48.661003264,421.045040,0.000000,0.308642,True
2023-05-09,10.775921,106.095980,2023-05-09 23:42:16.229024768,420.930200,0.000000,0.629630,True
2023-05-09,10.775921,106.095980,2023-05-09 23:42:16.229024768,420.930200,0.000000,0.629630,True
2023-05-16,22.765730,106.124626,2023-05-16 06:18:04.309025024,422.805360,0.000000,0.358025,True
2023-05-16,13.985406,108.092630,2023-05-16 06:15:39.416027136,419.320000,0.000000,0.333333,True
2023-05-16,13.977409,108.114914,2023-05-16 06:15:39.029024512,421.675020,0.000000,0.358025,True
2023-05-16,11.263859,108.719960,2023-05-16 06:14:54.001990656,420.788850,0.000000,0.382716,True
2023-05-16,13.706165,108.225830,2023-05-16 06:15:33.894994688,421.841920,0.000000,0.345679,True
2023-05-16,13.951181,108.110460,2023-05-16 06:15:38.723011328,420.542660,0.000000,0.308642,True
2023-05-26,15.607847,108.435450,2023-05-26 06:31:28.952015360,421.152860,0.000000,0.333333,True
2023-05-26,15.607847,108.435450,2023-05-26 06:31:28.952015360,421.152860,0.000000,0.333333,True
2023-05-26,15.619452,108.425350,2023-05-26 06:31:28.979011840,421.138640,0.000000,0.382716,True
2023-05-26,15.624370,108.448540,2023-05-26 06:31:29.285025024,422.257300,0.000000,0.456790,True
2023-05-26,15.624370,108.448540,2023-05-26 06:31:29.285025024,422.257300,0.000000,0.456790,True
2023-05-26,15.619452,108.425350,2023-05-26 06:31:28.979011840,421.138640,0.000000,0.382716,True
2023-05-29,18.621860,105.657875,2023-05-29 05:42:37.697988864,420.505040,0.000000,0.395062,True
2023-05-29,18.621860,105.657875,2023-05-29 05:42:37.697988864,420.505040,0.000000,0.395062,True
2023-05-30,14.961773,108.858610,2023-05-30 04:53:46.751987712,422.441400,0.000000,0.432099,True
2023-05-30,14.864031,108.916360,2023-05-30 04:53:46.230002944,421.309970,0.000000,0.345679,True
2023-05-30,14.875677,108.906340,2023-05-30 04:53:46.256999424,421.306820,0.000000,0.419753,True
2023-05-30,14.945043,108.845710,2023-05-30 04:53:46.419018240,420.969400,0.000000,0.333333,True
2023-05-30,14.880667,108.929276,2023-05-30 04:53:46.563012608,422.550140,0.000000,0.419753,True
2023-05-30,14.950264,108.868774,2023-05-30 04:53:46.724991232,422.158050,0.000000,0.395062,True
2023-05-30,14.915589,108.899124,2023-05-30 04:53:46.644002048,422.527560,0.000000,0.506173,True
2023-05-30,14.983504,108.894660,2023-05-30 04:53:47.392016384,421.989530,0.000000,0.320988,True
2023-05-30,14.927176,108.889030,2023-05-30 04:53:46.670998272,421.668730,0.000000,0.419753,True
2023-05-30,14.875677,108.906340,2023-05-30 04:53:46.256999424,421.306820,0.000000,0.419753,True
2023-05-30,14.983504,108.894660,2023-05-30 04:53:47.392016384,421.989530,0.000000,0.320988,True
2023-05-30,14.864031,108.916360,2023-05-30 04:53:46.230002944,421.309970,0.000000,0.345679,True
2023-05-30,14.880667,108.929276,2023-05-30 04:53:46.563012608,422.550140,0.000000,0.419753,True
2023-05-30,14.915589,108.899124,2023-05-30 04:53:46.644002048,422.527560,0.000000,0.506173,True
2023-05-30,14.950264,108.868774,2023-05-30 04:53:46.724991232,422.158050,0.000000,0.395062,True
2023-05-30,14.961773,108.858610,2023-05-30 04:53:46.751987712,422.441400,0.000000,0.432099,True
2023-05-30,14.927176,108.889030,2023-05-30 04:53:46.670998272,421.668730,0.000000,0.419753,True
2023-05-30,14.945043,108.845710,2023-05-30 04:53:46.419018240,420.969400,0.000000,0.333333,True
2023-06-01,18.593674,105.551440,2023-06-01 06:16:45.083021568,421.494630,0.000000,0.333333,True
2023-06-01,18.600388,105.560780,2023-06-01 06:16:45.056025088,421.741120,0.000000,0.456790,True
2023-06-01,18.627792,105.597565,2023-06-01 06:16:44.947998976,419.736940,0.000000,0.419753,True
2023-06-01,18.581710,105.565320,2023-06-01 06:16:44.723015424,421.063500,0.000000,0.604938,True
2023-06-01,18.604425,105.624700,2023-06-01 06:16:44.228027136,422.931820,0.000000,0.382716,True
2023-06-01,18.564774,105.602066,2023-06-01 06:16:43.975000832,421.404820,0.000000,0.320988,True
2023-06-01,18.490189,105.620056,2023-06-01 06:16:42.641996800,422.413060,0.000000,0.481481,True
2023-06-01,18.646505,105.593000,2023-06-01 06:16:45.282014720,418.803740,0.000000,0.481481,True
2023-06-01,22.355507,103.852160,2023-06-01 04:53:48.563001600,422.613620,0.000000,0.456790,True
2023-06-01,18.649782,105.537865,2023-06-01 06:16:46.083016192,421.113620,0.000000,0.444444,True
2023-06-01,18.952766,105.529570,2023-06-01 06:16:50.588000768,422.456150,0.000000,0.469136,True
2023-06-01,18.959932,105.538360,2023-06-01 06:16:50.562010112,422.490100,0.000000,0.333333,True
2023-06-01,18.861645,105.497920,2023-06-01 06:16:49.722988288,422.545350,0.000000,0.308642,True
2023-06-01,18.868507,105.507095,2023-06-01 06:16:49.695992064,422.221160,0.000000,0.345679,True
2023-06-01,18.875420,105.516240,2023-06-01 06:16:49.668995328,421.815520,0.000000,0.345679,True
2023-06-01,18.819530,105.529670,2023-06-01 06:16:48.669000960,423.613600,0.000000,0.370370,True
2023-06-01,18.807900,105.543150,2023-06-01 06:16:48.308994816,421.663450,0.000000,0.592593,True
2023-06-01,18.796232,105.556786,2023-06-01 06:16:47.948023040,421.744260,0.000000,0.432099,True
2023-06-01,18.791653,105.579254,2023-06-01 06:16:47.562026496,421.314240,0.000000,0.432099,True
2023-06-01,18.719254,105.543150,2023-06-01 06:16:47.029017856,422.845980,0.000000,0.407407,True
2023-06-01,18.687057,105.529030,2023-06-01 06:16:46.748995328,421.846700,0.000000,0.432099,True
2023-06-01,18.700617,105.547560,2023-06-01 06:16:46.696008192,421.114750,0.000000,0.419753,True
2023-06-01,18.707474,105.556730,2023-06-01 06:16:46.669011712,421.574100,0.000000,0.358025,True
2023-06-01,18.695717,105.570244,2023-06-01 06:16:46.309005824,422.504180,0.000000,0.419753,True
2023-06-01,18.683998,105.583870,2023-06-01 06:16:45.947993856,422.374660,0.000000,0.407407,True
2023-06-01,22.358930,103.793410,2023-06-01 04:53:47.977006080,423.106050,0.000000,0.308642,True
2023-06-01,22.309504,103.667450,2023-06-01 04:53:46.085002752,423.303250,0.000000,0.308642,True
2023-06-01,21.898994,103.347870,2023-06-01 04:53:38.031013120,421.756740,0.000000,0.456790,True
2023-06-01,18.910898,105.475180,2023-06-01 06:16:50.749013760,423.085200,0.000000,0.456790,True
2023-06-01,19.010994,105.462260,2023-06-01 06:16:52.388996864,418.887150,0.000000,0.432099,True
2023-06-01,19.031927,105.489365,2023-06-01 06:16:52.309013248,422.326100,0.000000,0.592593,True
2023-06-01,19.039064,105.498320,2023-06-01 06:16:52.282016768,422.115480,0.000000,0.580247,True
2023-06-01,19.046251,105.507190,2023-06-01 06:16:52.255020288,422.157230,0.000000,0.481481,True
2023-06-01,19.006273,105.484825,2023-06-01 06:16:52.001994240,421.287320,0.000000,0.370370,True
2023-06-01,19.013279,105.493800,2023-06-01 06:16:51.974997760,420.962220,0.000000,0.407407,True
2023-06-01,19.020407,105.502770,2023-06-01 06:16:51.948001280,422.619230,0.000000,0.444444,True
2023-06-01,19.034780,105.520410,2023-06-01 06:16:51.895014400,421.947750,0.000000,0.419753,True
2023-06-01,18.966879,105.461870,2023-06-01 06:16:51.749008128,423.584470,0.000000,0.530864,True
2023-06-01,18.973743,105.471070,2023-06-01 06:16:51.723017728,422.014100,0.000000,0.592593,True
2023-06-01,18.987620,105.489270,2023-06-01 06:16:51.669025024,422.181640,0.000000,0.493827,True
2023-06-01,18.994617,105.498250,2023-06-01 06:16:51.641988352,422.373140,0.000000,0.419753,True
2023-06-01,19.001738,105.507230,2023-06-01 06:16:51.614991616,422.440060,0.000000,0.320988,True
2023-06-01,18.948246,105.466290,2023-06-01 06:16:51.415998720,422.808380,0.000000,0.506173,True
2023-06-01,18.955103,105.475494,2023-06-01 06:16:51.389002240,422.716640,0.000000,0.395062,True
2023-06-01,18.962008,105.484634,2023-06-01 06:16:51.363011584,422.784900,0.000000,0.382716,True
2023-06-01,18.968966,105.493720,2023-06-01 06:16:51.336015104,422.903840,0.000000,0.530864,True
2023-06-01,18.975958,105.502710,2023-06-01 06:16:51.309018624,421.760350,0.000000,0.481481,True
2023-06-01,18.929592,105.470726,2023-06-01 06:16:51.082989056,421.414920,0.000000,0.320988,True
2023-06-01,18.936438,105.479940,2023-06-01 06:16:51.055992576,422.827120,0.000000,0.506173,True
2023-06-01,18.943329,105.489090,2023-06-01 06:16:51.028996096,421.515440,0.000000,0.493827,True
2023-06-01,18.950272,105.498184,2023-06-01 06:16:51.001999616,422.404900,0.000000,0.370370,True
2023-06-01,18.957254,105.507180,2023-06-01 06:16:50.975003136,422.665650,0.000000,0.419753,True
2023-06-01,18.964354,105.516174,2023-06-01 06:16:50.948006912,422.339750,0.000000,0.382716,True
2023-06-01,19.041283,105.444350,2023-06-01 06:16:53.083018240,421.645100,0.000000,0.432099,True
2023-06-01,22.676930,104.137670,2023-06-01 04:53:55.228988672,423.043950,0.000000,0.370370,True
2023-06-01,22.309504,103.667450,2023-06-01 04:53:46.085002752,423.303250,0.000000,0.308642,True
2023-06-01,22.358930,103.793410,2023-06-01 04:53:47.977006080,423.106050,0.000000,0.308642,True
2023-06-01,22.355507,103.852160,2023-06-01 04:53:48.563001600,422.613620,0.000000,0.456790,True
2023-06-01,21.898994,103.347870,2023-06-01 04:53:38.031013120,421.756740,0.000000,0.456790,True
2023-06-01,22.676930,104.137670,2023-06-01 04:53:55.228988672,423.043950,0.000000,0.370370,True
2023-06-01,22.688412,104.566360,2023-06-01 06:17:58.028994816,421.225300,0.000000,0.358025,True
2023-06-01,22.698812,104.554320,2023-06-01 06:17:58.389000960,421.824600,0.000000,0.419753,True
2023-06-03,13.942509,109.213260,2023-06-03 03:15:29.058006272,421.323670,0.000000,0.469136,True
2023-06-03,13.869616,109.195335,2023-06-03 03:15:28.004018944,421.230770,0.000000,0.469136,True
2023-06-03,13.897711,109.197930,2023-06-03 03:15:28.364025088,420.826170,0.000000,0.370370,True
2023-06-03,13.925819,109.200450,2023-06-03 03:15:28.724996864,420.444240,0.000000,0.604938,True
2023-06-03,13.931127,109.223495,2023-06-03 03:15:29.031009792,421.135300,0.000000,0.567901,True
2023-06-03,13.836230,109.169730,2023-06-03 03:15:27.336993792,420.700620,0.000000,0.395062,True
2023-06-03,13.836230,109.169730,2023-06-03 03:15:27.336993792,420.700620,0.000000,0.395062,True
2023-06-03,13.869616,109.195335,2023-06-03 03:15:28.004018944,421.230770,0.000000,0.469136,True
2023-06-03,13.897711,109.197930,2023-06-03 03:15:28.364025088,420.826170,0.000000,0.370370,True
2023-06-03,13.925819,109.200450,2023-06-03 03:15:28.724996864,420.444240,0.000000,0.604938,True
2023-06-03,13.931127,109.223495,2023-06-03 03:15:29.031009792,421.135300,0.000000,0.567901,True
2023-06-03,13.942509,109.213260,2023-06-03 03:15:29.058006272,421.323670,0.000000,0.469136,True
2023-06-16,10.101995,105.327890,2023-06-16 08:58:57.365014784,424.992830,0.000000,0.592593,True
2023-06-16,10.101995,105.327890,2023-06-16 08:58:57.365014784,424.992830,0.000000,0.592593,True
2023-06-20,10.889857,105.713936,2023-06-20 07:21:31.000990720,420.975520,0.000000,0.580247,True
2023-06-20,10.911974,105.754270,2023-06-20 07:21:31.082020096,419.715820,0.000000,0.580247,True
2023-06-20,10.919394,105.767680,2023-06-20 07:21:31.109016320,420.774700,0.000000,0.506173,True
2023-06-20,10.926842,105.781075,2023-06-20 07:21:31.136013056,419.055900,0.000000,0.617284,True
2023-06-20,10.766218,105.918910,2023-06-20 07:21:34.496002560,421.221100,0.000000,0.617284,True
2023-06-20,10.732652,105.943825,2023-06-20 07:21:35.162987776,419.893130,0.000000,0.617284,True
2023-06-20,10.671430,105.875780,2023-06-20 07:21:35.334018816,419.260900,0.000000,0.580247,True
2023-06-20,10.678768,105.889240,2023-06-20 07:21:35.361015296,421.203830,0.000000,0.641975,True
2023-06-20,10.676738,105.928670,2023-06-20 07:21:35.748017664,420.677980,0.000000,0.641975,True
2023-06-20,10.684166,105.942085,2023-06-20 07:21:35.775014144,420.246250,0.000000,0.506173,True
2023-06-20,10.650525,105.966990,2023-06-20 07:21:36.441998848,420.493600,0.000000,0.444444,True
2023-06-20,10.633679,105.979355,2023-06-20 07:21:36.775008768,420.349520,0.000000,0.604938,True
2023-06-20,10.641116,105.992740,2023-06-20 07:21:36.802005248,420.805660,0.000000,0.617284,True
2023-06-20,10.624346,106.005220,2023-06-20 07:21:37.136020736,420.986660,0.000000,0.629630,True
2023-06-20,10.633679,105.979355,2023-06-20 07:21:36.775008768,420.349520,0.000000,0.604938,True
2023-06-20,10.693525,105.916110,2023-06-20 07:21:35.415008000,420.419130,0.000000,0.617284,True
2023-06-20,10.951120,105.782020,2023-06-20 07:21:30.828993792,419.797420,0.000000,0.604938,True
2023-06-20,10.936200,105.755240,2023-06-20 07:21:30.775001088,419.786000,0.000000,0.604938,True
2023-06-20,10.928781,105.741830,2023-06-20 07:21:30.748004608,420.247680,0.000000,0.604938,True
2023-06-20,10.993993,105.731100,2023-06-20 07:21:29.802002944,420.321080,0.000000,0.555556,True
2023-06-20,11.001473,105.744470,2023-06-20 07:21:29.828999168,419.931100,0.000000,0.592593,True
2023-06-20,10.947534,105.689880,2023-06-20 07:21:30.027992576,420.196100,0.000000,0.493827,True
2023-06-20,10.962311,105.716774,2023-06-20 07:21:30.082025472,420.365300,0.000000,0.629630,True
2023-06-20,10.969748,105.730200,2023-06-20 07:21:30.109021952,419.433170,0.000000,0.617284,True
2023-06-20,10.977213,105.743610,2023-06-20 07:21:30.136018176,420.706240,0.000000,0.641975,True
2023-06-20,10.984706,105.756996,2023-06-20 07:21:30.163014912,419.829800,0.000000,0.629630,True
2023-06-20,10.943646,105.768640,2023-06-20 07:21:30.801997312,419.612150,0.000000,0.617284,True
2023-06-20,10.930789,105.702430,2023-06-20 07:21:30.361001984,419.837250,0.000000,0.617284,True
2023-06-20,10.945545,105.729310,2023-06-20 07:21:30.414994944,419.341300,0.000000,0.617284,True
2023-06-20,10.952964,105.742714,2023-06-20 07:21:30.441991424,419.724950,0.000000,0.604938,True
2023-06-20,10.960413,105.756110,2023-06-20 07:21:30.468987904,420.622250,0.000000,0.555556,True
2023-06-20,10.967904,105.769500,2023-06-20 07:21:30.496024576,419.003230,0.000000,0.617284,True
2023-06-20,10.906688,105.701480,2023-06-20 07:21:30.667015424,421.401670,0.000000,0.617284,True
2023-06-20,10.914025,105.714940,2023-06-20 07:21:30.694011648,420.721220,0.000000,0.617284,True
2023-06-20,10.921390,105.728390,2023-06-20 07:21:30.721008384,419.598880,0.000000,0.592593,True
2023-06-20,10.938153,105.715880,2023-06-20 07:21:30.387998464,420.418370,0.000000,0.592593,True
2023-06-20,10.986541,105.717710,2023-06-20 07:21:29.775006464,420.461640,0.000000,0.580247,True
2023-06-20,10.641116,105.992740,2023-06-20 07:21:36.802005248,420.805660,0.000000,0.617284,True
2023-06-20,11.010871,105.718680,2023-06-20 07:21:29.468993280,420.118840,0.000000,0.629630,True
2023-06-20,10.943646,105.768640,2023-06-20 07:21:30.801997312,419.612150,0.000000,0.617284,True
2023-06-20,10.951120,105.782020,2023-06-20 07:21:30.828993792,419.797420,0.000000,0.604938,True
2023-06-20,10.889857,105.713936,2023-06-20 07:21:31.000990720,420.975520,0.000000,0.580247,True
2023-06-20,10.911974,105.754270,2023-06-20 07:21:31.082020096,419.715820,0.000000,0.580247,True
2023-06-20,10.919394,105.767680,2023-06-20 07:21:31.109016320,420.774700,0.000000,0.506173,True
2023-06-20,10.926842,105.781075,2023-06-20 07:21:31.136013056,419.055900,0.000000,0.617284,True
2023-06-20,10.732652,105.943825,2023-06-20 07:21:35.162987776,419.893130,0.000000,0.617284,True
2023-06-20,10.936200,105.755240,2023-06-20 07:21:30.775001088,419.786000,0.000000,0.604938,True
2023-06-20,10.671430,105.875780,2023-06-20 07:21:35.334018816,419.260900,0.000000,0.580247,True
2023-06-20,10.693525,105.916110,2023-06-20 07:21:35.415008000,420.419130,0.000000,0.617284,True
2023-06-20,10.676738,105.928670,2023-06-20 07:21:35.748017664,420.677980,0.000000,0.641975,True
2023-06-20,10.684166,105.942085,2023-06-20 07:21:35.775014144,420.246250,0.000000,0.506173,True
2023-06-20,10.650525,105.966990,2023-06-20 07:21:36.441998848,420.493600,0.000000,0.444444,True
2023-06-20,10.624346,106.005220,2023-06-20 07:21:37.136020736,420.986660,0.000000,0.629630,True
2023-06-20,10.957004,105.663980,2023-06-20 07:21:29.667020800,419.914600,0.000000,0.641975,True
2023-06-20,10.678768,105.889240,2023-06-20 07:21:35.361015296,421.203830,0.000000,0.641975,True
2023-06-20,10.928781,105.741830,2023-06-20 07:21:30.748004608,420.247680,0.000000,0.604938,True
2023-06-20,10.766218,105.918910,2023-06-20 07:21:34.496002560,421.221100,0.000000,0.617284,True
2023-06-20,10.914025,105.714940,2023-06-20 07:21:30.694011648,420.721220,0.000000,0.617284,True
2023-06-20,10.957004,105.663980,2023-06-20 07:21:29.667020800,419.914600,0.000000,0.641975,True
2023-06-20,10.921390,105.728390,2023-06-20 07:21:30.721008384,419.598880,0.000000,0.592593,True
2023-06-20,10.986541,105.717710,2023-06-20 07:21:29.775006464,420.461640,0.000000,0.580247,True
2023-06-20,10.993993,105.731100,2023-06-20 07:21:29.802002944,420.321080,0.000000,0.555556,True
2023-06-20,11.001473,105.744470,2023-06-20 07:21:29.828999168,419.931100,0.000000,0.592593,True
2023-06-20,10.947534,105.689880,2023-06-20 07:21:30.027992576,420.196100,0.000000,0.493827,True
2023-06-20,10.969748,105.730200,2023-06-20 07:21:30.109021952,419.433170,0.000000,0.617284,True
2023-06-20,10.977213,105.743610,2023-06-20 07:21:30.136018176,420.706240,0.000000,0.641975,True
2023-06-20,10.962311,105.716774,2023-06-20 07:21:30.082025472,420.365300,0.000000,0.629630,True
2023-06-20,11.010871,105.718680,2023-06-20 07:21:29.468993280,420.118840,0.000000,0.629630,True
2023-06-20,10.930789,105.702430,2023-06-20 07:21:30.361001984,419.837250,0.000000,0.617284,True
2023-06-20,10.938153,105.715880,2023-06-20 07:21:30.387998464,420.418370,0.000000,0.592593,True
2023-06-20,10.945545,105.729310,2023-06-20 07:21:30.414994944,419.341300,0.000000,0.617284,True
2023-06-20,10.952964,105.742714,2023-06-20 07:21:30.441991424,419.724950,0.000000,0.604938,True
2023-06-20,10.960413,105.756110,2023-06-20 07:21:30.468987904,420.622250,0.000000,0.555556,True
2023-06-20,10.967904,105.769500,2023-06-20 07:21:30.496024576,419.003230,0.000000,0.617284,True
2023-06-20,10.906688,105.701480,2023-06-20 07:21:30.667015424,421.401670,0.000000,0.617284,True
2023-06-20,10.984706,105.756996,2023-06-20 07:21:30.163014912,419.829800,0.000000,0.629630,True
2023-06-21,14.883584,108.893110,2023-06-21 06:32:37.714989568,422.573730,0.000000,0.345679,True
2023-06-21,14.874473,108.919440,2023-06-21 06:32:38.076001536,420.171330,0.000000,0.333333,True
2023-06-21,14.891170,108.906640,2023-06-21 06:32:37.742026240,420.470030,0.000000,0.320988,True
2023-06-21,14.915351,108.907190,2023-06-21 06:32:37.436013312,422.270630,0.000000,0.493827,True
2023-06-21,14.972811,108.881850,2023-06-21 06:32:36.463015168,420.903440,0.000000,0.444444,True
2023-06-21,14.931958,108.894226,2023-06-21 06:32:37.103003392,421.105650,0.000000,0.469136,True
2023-06-21,14.965177,108.868380,2023-06-21 06:32:36.436018688,422.415200,0.000000,0.518519,True
2023-06-21,14.850305,108.918915,2023-06-21 06:32:38.382014976,422.507630,0.000000,0.345679,True
2023-06-21,14.807957,108.971010,2023-06-21 06:32:39.409005824,422.779000,0.000000,0.382716,True
2023-06-21,14.949991,108.841385,2023-06-21 06:32:36.382025728,422.153170,0.000000,0.382716,True
2023-06-21,14.750534,108.996230,2023-06-21 06:32:40.382003968,421.250580,0.000000,0.456790,True
2023-06-21,14.767127,108.983300,2023-06-21 06:32:40.048994560,421.212920,0.000000,0.419753,True
2023-06-21,14.832229,108.971660,2023-06-21 06:32:39.102992896,423.001300,0.000000,0.320988,True
2023-06-21,14.981795,108.855470,2023-06-21 06:32:36.103009024,421.541400,0.000000,0.345679,True
2023-06-21,14.989438,108.868970,2023-06-21 06:32:36.130005248,421.383000,0.000000,0.432099,True
2023-06-21,15.887989,108.087975,2023-06-21 06:32:17.355011584,422.577150,0.000000,0.333333,True
2023-06-21,15.885406,108.168205,2023-06-21 06:32:18.130022400,420.160100,0.000000,0.345679,True
2023-06-21,14.915351,108.907190,2023-06-21 06:32:37.436013312,422.270630,0.000000,0.493827,True
2023-06-21,14.883584,108.893110,2023-06-21 06:32:37.714989568,422.573730,0.000000,0.345679,True
2023-06-21,14.891170,108.906640,2023-06-21 06:32:37.742026240,420.470030,0.000000,0.320988,True
2023-06-21,14.874473,108.919440,2023-06-21 06:32:38.076001536,420.171330,0.000000,0.333333,True
2023-06-21,14.850305,108.918915,2023-06-21 06:32:38.382014976,422.507630,0.000000,0.345679,True
2023-06-21,14.832229,108.971660,2023-06-21 06:32:39.102992896,423.001300,0.000000,0.320988,True
2023-06-21,14.807957,108.971010,2023-06-21 06:32:39.409005824,422.779000,0.000000,0.382716,True
2023-06-21,14.767127,108.983300,2023-06-21 06:32:40.048994560,421.212920,0.000000,0.419753,True
2023-06-21,14.750534,108.996230,2023-06-21 06:32:40.382003968,421.250580,0.000000,0.456790,True
2023-06-21,14.931958,108.894226,2023-06-21 06:32:37.103003392,421.105650,0.000000,0.469136,True
2023-06-21,14.981795,108.855470,2023-06-21 06:32:36.103009024,421.541400,0.000000,0.345679,True
2023-06-21,14.989438,108.868970,2023-06-21 06:32:36.130005248,421.383000,0.000000,0.432099,True
2023-06-21,14.949991,108.841385,2023-06-21 06:32:36.382025728,422.153170,0.000000,0.382716,True
2023-06-21,14.965177,108.868380,2023-06-21 06:32:36.436018688,422.415200,0.000000,0.518519,True
2023-06-21,14.972811,108.881850,2023-06-21 06:32:36.463015168,420.903440,0.000000,0.444444,True
2023-06-21,15.885406,108.168205,2023-06-21 06:32:18.130022400,420.160100,0.000000,0.345679,True
2023-06-21,15.887989,108.087975,2023-06-21 06:32:17.355011584,422.577150,0.000000,0.333333,True
2023-06-25,22.526949,103.693350,2023-06-25 04:52:17.123023104,420.610020,0.000000,0.370370,True
2023-06-25,22.526949,103.693350,2023-06-25 04:52:17.123023104,420.610020,0.000000,0.370370,True
2023-07-05,9.703418,105.184910,2023-07-05 01:36:39.310004736,421.805570,0.000000,0.567901,True
2023-07-05,9.398415,105.445984,2023-07-05 01:36:45.698020608,421.243770,0.000000,0.604938,True
2023-07-05,9.383320,105.419390,2023-07-05 01:36:45.644027904,422.051730,0.000000,0.419753,True
2023-07-05,9.630417,105.181725,2023-07-05 01:36:40.229010176,421.070650,0.000000,0.444444,True
2023-07-05,9.679067,105.183880,2023-07-05 01:36:39.617023744,421.319640,0.000000,0.580247,True
2023-07-05,9.686566,105.197230,2023-07-05 01:36:39.644019968,421.789060,0.000000,0.493827,True
2023-07-05,9.406003,105.459260,2023-07-05 01:36:45.725017088,423.256680,0.000000,0.604938,True
2023-07-05,9.671592,105.170525,2023-07-05 01:36:39.589987072,419.842900,0.000000,0.592593,True
2023-07-05,9.703418,105.184910,2023-07-05 01:36:39.310004736,421.805570,0.000000,0.567901,True
2023-07-05,9.695916,105.171570,2023-07-05 01:36:39.283008256,421.281650,0.000000,0.580247,True
2023-07-05,9.720267,105.172600,2023-07-05 01:36:38.976995072,421.439850,0.000000,0.481481,True
2023-07-05,9.767398,105.213460,2023-07-05 01:36:38.752011264,421.683960,0.000000,0.493827,True
2023-07-05,9.647288,105.169440,2023-07-05 01:36:39.896000512,420.642430,0.000000,0.358025,True
2023-07-05,9.413619,105.472510,2023-07-05 01:36:45.752013568,422.548370,0.000000,0.481481,True
2023-07-05,9.374214,105.444885,2023-07-05 01:36:46.003993856,421.011080,0.000000,0.444444,True
2023-07-05,9.381778,105.458176,2023-07-05 01:36:46.030990080,420.933700,0.000000,0.629630,True
2023-07-05,9.823417,105.059070,2023-07-05 01:36:36.590003456,422.374800,0.000000,0.419753,True
2023-07-05,9.313258,105.545930,2023-07-05 01:36:47.752002816,421.827970,0.000000,0.543210,True
2023-07-05,9.330051,105.533646,2023-07-05 01:36:47.417987328,421.367550,0.000000,0.592593,True
2023-07-05,9.322449,105.520386,2023-07-05 01:36:47.390990848,421.566500,0.000000,0.530864,True
2023-07-05,9.331635,105.494790,2023-07-05 01:36:47.031024896,421.218400,0.000000,0.580247,True
2023-07-05,9.324087,105.481490,2023-07-05 01:36:47.004028672,421.823580,0.000000,0.580247,True
2023-07-05,9.316567,105.468180,2023-07-05 01:36:46.976992000,422.871300,0.000000,0.592593,True
2023-07-05,9.309073,105.454850,2023-07-05 01:36:46.949995520,422.819850,0.000000,0.604938,True
2023-07-05,9.363625,105.509060,2023-07-05 01:36:46.752008192,421.355930,0.000000,0.518519,True
2023-07-05,9.356023,105.495810,2023-07-05 01:36:46.725011712,422.225130,0.000000,0.580247,True
2023-07-05,9.380339,105.496880,2023-07-05 01:36:46.417992704,421.646270,0.000000,0.518519,True
2023-07-05,9.372723,105.483630,2023-07-05 01:36:46.390996224,421.278440,0.000000,0.592593,True
2023-07-05,9.365135,105.470360,2023-07-05 01:36:46.363999744,421.167700,0.000000,0.567901,True
2023-07-05,9.396985,105.484700,2023-07-05 01:36:46.085023488,423.200560,0.000000,0.506173,True
2023-07-05,9.389368,105.471450,2023-07-05 01:36:46.057986816,421.461460,0.000000,0.493827,True
2023-07-05,9.759787,105.200195,2023-07-05 01:36:38.725015040,421.756300,0.000000,0.592593,True
2023-07-05,9.755818,105.108920,2023-07-05 01:36:37.923007488,422.405600,0.000000,0.481481,True
2023-07-05,9.817925,105.176470,2023-07-05 01:36:37.752016896,421.350600,0.000000,0.407407,True
2023-07-05,9.396985,105.484700,2023-07-05 01:36:46.085023488,423.200560,0.000000,0.506173,True
2023-07-05,9.389368,105.471450,2023-07-05 01:36:46.057986816,421.461460,0.000000,0.493827,True
2023-07-05,9.381778,105.458176,2023-07-05 01:36:46.030990080,420.933700,0.000000,0.629630,True
2023-07-05,9.374214,105.444885,2023-07-05 01:36:46.003993856,421.011080,0.000000,0.444444,True
2023-07-05,9.413619,105.472510,2023-07-05 01:36:45.752013568,422.548370,0.000000,0.481481,True
2023-07-05,9.406003,105.459260,2023-07-05 01:36:45.725017088,423.256680,0.000000,0.604938,True
2023-07-05,9.398415,105.445984,2023-07-05 01:36:45.698020608,421.243770,0.000000,0.604938,True
2023-07-05,9.383320,105.419390,2023-07-05 01:36:45.644027904,422.051730,0.000000,0.419753,True
2023-07-05,9.630417,105.181725,2023-07-05 01:36:40.229010176,421.070650,0.000000,0.444444,True
2023-07-05,9.647288,105.169440,2023-07-05 01:36:39.896000512,420.642430,0.000000,0.358025,True
2023-07-05,9.686566,105.197230,2023-07-05 01:36:39.644019968,421.789060,0.000000,0.493827,True
2023-07-05,9.679067,105.183880,2023-07-05 01:36:39.617023744,421.319640,0.000000,0.580247,True
2023-07-05,9.671592,105.170525,2023-07-05 01:36:39.589987072,419.842900,0.000000,0.592593,True
2023-07-05,9.720267,105.172600,2023-07-05 01:36:38.976995072,421.439850,0.000000,0.481481,True
2023-07-05,9.695916,105.171570,2023-07-05 01:36:39.283008256,421.281650,0.000000,0.580247,True
2023-07-05,9.372723,105.483630,2023-07-05 01:36:46.390996224,421.278440,0.000000,0.592593,True
2023-07-05,9.823417,105.059070,2023-07-05 01:36:36.590003456,422.374800,0.000000,0.419753,True
2023-07-05,9.755818,105.108920,2023-07-05 01:36:37.923007488,422.405600,0.000000,0.481481,True
2023-07-05,9.759787,105.200195,2023-07-05 01:36:38.725015040,421.756300,0.000000,0.592593,True
2023-07-05,9.767398,105.213460,2023-07-05 01:36:38.752011264,421.683960,0.000000,0.493827,True
2023-07-05,9.313258,105.545930,2023-07-05 01:36:47.752002816,421.827970,0.000000,0.543210,True
2023-07-05,9.330051,105.533646,2023-07-05 01:36:47.417987328,421.367550,0.000000,0.592593,True
2023-07-05,9.322449,105.520386,2023-07-05 01:36:47.390990848,421.566500,0.000000,0.530864,True
2023-07-05,9.331635,105.494790,2023-07-05 01:36:47.031024896,421.218400,0.000000,0.580247,True
2023-07-05,9.324087,105.481490,2023-07-05 01:36:47.004028672,421.823580,0.000000,0.580247,True
2023-07-05,9.316567,105.468180,2023-07-05 01:36:46.976992000,422.871300,0.000000,0.592593,True
2023-07-05,9.309073,105.454850,2023-07-05 01:36:46.949995520,422.819850,0.000000,0.604938,True
2023-07-05,9.363625,105.509060,2023-07-05 01:36:46.752008192,421.355930,0.000000,0.518519,True
2023-07-05,9.356023,105.495810,2023-07-05 01:36:46.725011712,422.225130,0.000000,0.580247,True
2023-07-05,9.380339,105.496880,2023-07-05 01:36:46.417992704,421.646270,0.000000,0.518519,True
2023-07-05,9.365135,105.470360,2023-07-05 01:36:46.363999744,421.167700,0.000000,0.567901,True
2023-07-05,9.817925,105.176470,2023-07-05 01:36:37.752016896,421.350600,0.000000,0.407407,True
2023-07-06,13.456255,108.451675,2023-07-06 00:48:27.770025728,422.711940,0.000000,0.580247,True
2023-07-06,13.433130,108.411530,2023-07-06 00:48:27.688996352,423.184230,0.000000,0.407407,True
2023-07-06,13.425471,108.398100,2023-07-06 00:48:27.661999616,423.868400,0.000000,0.456790,True
2023-07-06,13.457500,108.412220,2023-07-06 00:48:27.383023360,423.351200,0.000000,0.543210,True
2023-07-06,13.442155,108.385376,2023-07-06 00:48:27.328989952,424.478100,0.000000,0.567901,True
2023-07-06,13.490941,108.386860,2023-07-06 00:48:26.715998208,423.742100,0.000000,0.432099,True
2023-07-06,13.492248,108.347220,2023-07-06 00:48:26.328995584,423.122650,0.000000,0.580247,True
2023-07-06,13.531947,108.374700,2023-07-06 00:48:26.077015296,422.041380,0.000000,0.333333,True
2023-07-06,13.501280,108.321050,2023-07-06 00:48:25.968989440,421.667200,0.000000,0.320988,True
2023-07-06,13.543767,108.269450,2023-07-06 00:48:24.941998592,420.816740,0.000000,0.382716,True
2023-07-06,13.560439,108.256714,2023-07-06 00:48:24.608023040,422.196800,0.000000,0.432099,True
2023-07-06,13.374072,108.475810,2023-07-06 00:48:29.050002688,424.138280,0.000000,0.382716,True
2023-07-06,13.543767,108.269450,2023-07-06 00:48:24.941998592,420.816740,0.000000,0.382716,True
2023-07-06,13.560439,108.256714,2023-07-06 00:48:24.608023040,422.196800,0.000000,0.432099,True
2023-07-06,13.408818,108.410840,2023-07-06 00:48:27.996015360,422.837700,0.000000,0.382716,True
2023-07-06,13.531947,108.374700,2023-07-06 00:48:26.077015296,422.041380,0.000000,0.333333,True
2023-07-06,13.375445,108.436295,2023-07-06 00:48:28.661994496,423.218230,0.000000,0.456790,True
2023-07-06,13.422926,108.477165,2023-07-06 00:48:28.437010688,422.483600,0.000000,0.320988,True
2023-07-06,13.431880,108.451070,2023-07-06 00:48:28.077004544,419.978970,0.000000,0.469136,True
2023-07-06,13.408818,108.410840,2023-07-06 00:48:27.996015360,422.837700,0.000000,0.382716,True
2023-07-06,13.456255,108.451675,2023-07-06 00:48:27.770025728,422.711940,0.000000,0.580247,True
2023-07-06,13.433130,108.411530,2023-07-06 00:48:27.688996352,423.184230,0.000000,0.407407,True
2023-07-06,13.425471,108.398100,2023-07-06 00:48:27.661999616,423.868400,0.000000,0.456790,True
2023-07-06,13.457500,108.412220,2023-07-06 00:48:27.383023360,423.351200,0.000000,0.543210,True
2023-07-06,13.442155,108.385376,2023-07-06 00:48:27.328989952,424.478100,0.000000,0.567901,True
2023-07-06,13.490941,108.386860,2023-07-06 00:48:26.715998208,423.742100,0.000000,0.432099,True
2023-07-06,13.492248,108.347220,2023-07-06 00:48:26.328995584,423.122650,0.000000,0.580247,True
2023-07-06,13.501280,108.321050,2023-07-06 00:48:25.968989440,421.667200,0.000000,0.320988,True
2023-07-06,13.431880,108.451070,2023-07-06 00:48:28.077004544,419.978970,0.000000,0.469136,True
2023-07-06,13.375445,108.436295,2023-07-06 00:48:28.661994496,423.218230,0.000000,0.456790,True
2023-07-06,13.422926,108.477165,2023-07-06 00:48:28.437010688,422.483600,0.000000,0.320988,True
2023-07-06,13.374072,108.475810,2023-07-06 00:48:29.050002688,424.138280,0.000000,0.382716,True
2023-07-26,19.009943,105.484344,2023-07-26 06:22:51.615010560,420.262180,0.000000,0.419753,True
2023-07-26,19.045797,105.493820,2023-07-26 06:22:51.894992896,418.915470,0.000000,0.407407,True
2023-07-26,19.025562,105.498535,2023-07-26 06:22:51.562023424,419.200300,0.000000,0.567901,True
2023-07-26,18.959160,105.459790,2023-07-26 06:22:51.389020928,419.934270,0.000000,0.543210,True
2023-07-26,18.966724,105.467190,2023-07-26 06:22:51.362990080,419.388760,0.000000,0.493827,True
2023-07-26,18.989723,105.489044,2023-07-26 06:22:51.282000896,420.957340,0.000000,0.469136,True
2023-07-26,18.974333,105.474540,2023-07-26 06:22:51.335993856,420.144000,0.000000,0.580247,True
2023-07-26,18.981968,105.481800,2023-07-26 06:22:51.308997120,420.237760,0.000000,0.543210,True
2023-07-26,19.017748,105.491490,2023-07-26 06:22:51.588014080,419.531920,0.000000,0.543210,True
2023-07-26,18.961880,105.486404,2023-07-26 06:22:50.975022080,419.338470,0.000000,0.382716,True
2023-07-26,18.939049,105.464400,2023-07-26 06:22:51.056011264,418.460480,0.000000,0.481481,True
2023-07-26,18.954237,105.479150,2023-07-26 06:22:51.002018560,418.321400,0.000000,0.419753,True
2023-07-26,18.977448,105.500810,2023-07-26 06:22:50.920988928,419.913020,0.000000,0.506173,True
2023-07-26,18.985264,105.507860,2023-07-26 06:22:50.894998272,420.249760,0.000000,0.456790,True
2023-07-26,18.941847,105.490980,2023-07-26 06:22:50.642012416,418.845100,0.000000,0.493827,True
2023-07-26,18.949602,105.498240,2023-07-26 06:22:50.615015936,417.381870,0.000000,0.382716,True
2023-07-26,18.965212,105.512460,2023-07-26 06:22:50.561988608,417.779800,0.000000,0.395062,True
2023-07-26,19.037975,105.486786,2023-07-26 06:22:51.921023744,420.738200,0.000000,0.456790,True
2023-07-26,18.997520,105.496200,2023-07-26 06:22:51.255004416,419.428600,0.000000,0.395062,True
2023-07-26,19.039738,105.441310,2023-07-26 06:22:52.722990848,420.398930,0.000000,0.444444,True
2023-07-26,18.999546,105.450470,2023-07-26 06:22:52.056005888,419.308620,0.000000,0.320988,True
2023-07-26,19.030165,105.479650,2023-07-26 06:22:51.948020224,419.379970,0.000000,0.345679,True
2023-08-10,10.839264,106.493515,2023-08-10 00:27:45.808023552,417.531220,0.000000,0.345679,True
2023-08-10,10.933627,106.583900,2023-08-10 00:27:47.781016320,419.878500,0.000000,0.604938,True
2023-08-10,10.939647,106.568680,2023-08-10 00:27:47.808012800,419.632870,0.000000,0.555556,True
2023-08-10,10.839264,106.493515,2023-08-10 00:27:45.808023552,417.531220,0.000000,0.345679,True
2023-08-10,10.934455,106.404976,2023-08-10 00:28:07.835021312,419.683840,0.000000,0.530864,True
2023-08-10,10.918292,106.373245,2023-08-10 00:28:07.528002304,421.408480,0.000000,0.518519,True
2023-08-10,10.917559,106.392630,2023-08-10 00:28:07.501005824,419.752440,0.000000,0.481481,True
2023-08-10,10.901510,106.360820,2023-08-10 00:28:07.194992640,421.833300,0.000000,0.493827,True
2023-08-10,10.900796,106.380170,2023-08-10 00:28:07.167996160,420.599520,0.000000,0.382716,True
2023-08-10,10.897272,106.457040,2023-08-10 00:28:07.060010496,419.810360,0.000000,0.320988,True
2023-08-10,10.896277,106.476135,2023-08-10 00:28:07.033014016,418.991850,0.000000,0.358025,True
2023-08-10,10.884019,106.367410,2023-08-10 00:28:06.835026688,420.813420,0.000000,0.543210,True
2023-08-10,10.935184,106.385605,2023-08-10 00:28:07.862017536,420.486800,0.000000,0.370370,True
2023-08-10,10.632082,106.036560,2023-08-10 00:28:22.167995136,422.231630,0.000000,0.506173,True
2023-08-10,10.595210,106.089600,2023-08-10 00:28:20.727005184,421.497070,0.000000,0.604938,True
2023-08-10,10.578561,106.077255,2023-08-10 00:28:20.392989952,422.519600,0.000000,0.555556,True
2023-08-10,10.513201,105.988340,2023-08-10 00:28:19.446988032,421.922550,0.000000,0.456790,True
2023-08-10,10.488681,105.949936,2023-08-10 00:28:19.141015040,421.729500,0.000000,0.518519,True
2023-08-10,10.883316,106.386734,2023-08-10 00:28:06.807990016,419.766800,0.000000,0.382716,True
2023-08-10,10.882490,106.405990,2023-08-10 00:28:06.780993792,420.653660,0.000000,0.320988,True
2023-08-10,10.881601,106.425190,2023-08-10 00:28:06.753997312,420.698500,0.000000,0.308642,True
2023-08-10,10.632082,106.036560,2023-08-10 00:28:22.167995136,422.231630,0.000000,0.506173,True
2023-08-10,10.867297,106.354860,2023-08-10 00:28:06.501011456,420.657300,0.000000,0.592593,True
2023-08-10,10.866501,106.374160,2023-08-10 00:28:06.474014720,420.144680,0.000000,0.469136,True
2023-08-10,10.865696,106.393425,2023-08-10 00:28:06.447018496,421.863700,0.000000,0.481481,True
2023-08-10,10.864801,106.412620,2023-08-10 00:28:06.420022016,420.089600,0.000000,0.358025,True
2023-08-10,10.863842,106.431770,2023-08-10 00:28:06.393025280,420.768400,0.000000,0.432099,True
2023-08-10,10.862814,106.450900,2023-08-10 00:28:06.365988608,420.189450,0.000000,0.320988,True
2023-08-10,10.861724,106.469970,2023-08-10 00:28:06.338992384,420.822780,0.000000,0.382716,True
2023-08-10,10.851266,106.323166,2023-08-10 00:28:06.194998016,421.439330,0.000000,0.506173,True
2023-08-10,10.850554,106.342540,2023-08-10 00:28:06.168001536,420.451020,0.000000,0.493827,True
2023-08-10,10.849778,106.361855,2023-08-10 00:28:06.141005056,420.409670,0.000000,0.407407,True
2023-08-10,10.848941,106.381110,2023-08-10 00:28:06.114008576,420.187070,0.000000,0.530864,True
2023-08-10,10.848080,106.400330,2023-08-10 00:28:06.087012352,420.439480,0.000000,0.456790,True
2023-08-10,10.846053,106.438560,2023-08-10 00:28:06.033019648,420.010530,0.000000,0.395062,True
2023-08-10,10.833843,106.329990,2023-08-10 00:28:05.834991872,420.735440,0.000000,0.419753,True
2023-08-10,10.831294,106.387665,2023-08-10 00:28:05.754002688,419.079100,0.000000,0.530864,True
2023-08-10,10.830331,106.406770,2023-08-10 00:28:05.727006208,419.630830,0.000000,0.543210,True
2023-08-10,10.829342,106.425840,2023-08-10 00:28:05.700009728,418.986600,0.000000,0.395062,True
2023-08-10,10.828236,106.444850,2023-08-10 00:28:05.673013248,418.862900,0.000000,0.345679,True
2023-08-10,10.817828,106.297810,2023-08-10 00:28:05.528013312,420.533900,0.000000,0.481481,True
2023-08-10,10.816322,106.336480,2023-08-10 00:28:05.474020352,419.454930,0.000000,0.469136,True
2023-08-10,10.595210,106.089600,2023-08-10 00:28:20.727005184,421.497070,0.000000,0.604938,True
2023-08-10,10.513201,105.988340,2023-08-10 00:28:19.446988032,421.922550,0.000000,0.456790,True
2023-08-10,10.816322,106.336480,2023-08-10 00:28:05.474020352,419.454930,0.000000,0.469136,True
2023-08-10,10.817828,106.297810,2023-08-10 00:28:05.528013312,420.533900,0.000000,0.481481,True
2023-08-10,10.828236,106.444850,2023-08-10 00:28:05.673013248,418.862900,0.000000,0.345679,True
2023-08-10,10.829342,106.425840,2023-08-10 00:28:05.700009728,418.986600,0.000000,0.395062,True
2023-08-10,10.830331,106.406770,2023-08-10 00:28:05.727006208,419.630830,0.000000,0.543210,True
2023-08-10,10.831294,106.387665,2023-08-10 00:28:05.754002688,419.079100,0.000000,0.530864,True
2023-08-10,10.846053,106.438560,2023-08-10 00:28:06.033019648,420.010530,0.000000,0.395062,True
2023-08-10,10.848080,106.400330,2023-08-10 00:28:06.087012352,420.439480,0.000000,0.456790,True
2023-08-10,10.848941,106.381110,2023-08-10 00:28:06.114008576,420.187070,0.000000,0.530864,True
2023-08-10,10.849778,106.361855,2023-08-10 00:28:06.141005056,420.409670,0.000000,0.407407,True
2023-08-10,10.850554,106.342540,2023-08-10 00:28:06.168001536,420.451020,0.000000,0.493827,True
2023-08-10,10.851266,106.323166,2023-08-10 00:28:06.194998016,421.439330,0.000000,0.506173,True
2023-08-10,10.861724,106.469970,2023-08-10 00:28:06.338992384,420.822780,0.000000,0.382716,True
2023-08-10,10.862814,106.450900,2023-08-10 00:28:06.365988608,420.189450,0.000000,0.320988,True
2023-08-10,10.863842,106.431770,2023-08-10 00:28:06.393025280,420.768400,0.000000,0.432099,True
2023-08-10,10.864801,106.412620,2023-08-10 00:28:06.420022016,420.089600,0.000000,0.358025,True
2023-08-10,10.865696,106.393425,2023-08-10 00:28:06.447018496,421.863700,0.000000,0.481481,True
2023-08-10,10.833843,106.329990,2023-08-10 00:28:05.834991872,420.735440,0.000000,0.419753,True
2023-08-10,10.933627,106.583900,2023-08-10 00:27:47.781016320,419.878500,0.000000,0.604938,True
2023-08-10,10.939647,106.568680,2023-08-10 00:27:47.808012800,419.632870,0.000000,0.555556,True
2023-08-10,10.866501,106.374160,2023-08-10 00:28:06.474014720,420.144680,0.000000,0.469136,True
2023-08-10,10.867297,106.354860,2023-08-10 00:28:06.501011456,420.657300,0.000000,0.592593,True
2023-08-10,10.488681,105.949936,2023-08-10 00:28:19.141015040,421.729500,0.000000,0.518519,True
2023-08-10,10.578561,106.077255,2023-08-10 00:28:20.392989952,422.519600,0.000000,0.555556,True
2023-08-10,10.881601,106.425190,2023-08-10 00:28:06.753997312,420.698500,0.000000,0.308642,True
2023-08-10,10.882490,106.405990,2023-08-10 00:28:06.780993792,420.653660,0.000000,0.320988,True
2023-08-10,10.883316,106.386734,2023-08-10 00:28:06.807990016,419.766800,0.000000,0.382716,True
2023-08-10,10.884019,106.367410,2023-08-10 00:28:06.835026688,420.813420,0.000000,0.543210,True
2023-08-10,10.896277,106.476135,2023-08-10 00:28:07.033014016,418.991850,0.000000,0.358025,True
2023-08-10,10.897272,106.457040,2023-08-10 00:28:07.060010496,419.810360,0.000000,0.320988,True
2023-08-10,10.900796,106.380170,2023-08-10 00:28:07.167996160,420.599520,0.000000,0.382716,True
2023-08-10,10.901510,106.360820,2023-08-10 00:28:07.194992640,421.833300,0.000000,0.493827,True
2023-08-10,10.917559,106.392630,2023-08-10 00:28:07.501005824,419.752440,0.000000,0.481481,True
2023-08-10,10.918292,106.373245,2023-08-10 00:28:07.528002304,421.408480,0.000000,0.518519,True
2023-08-10,10.934455,106.404976,2023-08-10 00:28:07.835021312,419.683840,0.000000,0.530864,True
2023-08-10,10.935184,106.385605,2023-08-10 00:28:07.862017536,420.486800,0.000000,0.370370,True
2023-08-11,10.435040,106.050450,2023-08-11 06:19:58.228020992,413.480680,0.000000,0.419753,True
2023-08-11,10.421749,106.032320,2023-08-11 06:19:58.282013952,418.246600,0.000000,0.395062,True
2023-08-11,10.440589,106.028030,2023-08-11 06:19:58.615023616,418.744840,0.000000,0.567901,True
2023-08-11,10.434007,106.018820,2023-08-11 06:19:58.642020096,418.771180,0.000000,0.493827,True
2023-08-11,10.427545,106.009620,2023-08-11 06:19:58.669016320,415.882400,0.000000,0.333333,True
2023-08-11,10.414760,105.990990,2023-08-11 06:19:58.723009024,417.977630,0.000000,0.370370,True
2023-08-11,10.408446,105.981590,2023-08-11 06:19:58.748999936,418.497340,0.000000,0.456790,True
2023-08-11,10.452769,106.014670,2023-08-11 06:19:58.974989312,418.789000,0.000000,0.592593,True
2023-08-11,10.446289,106.005500,2023-08-11 06:19:59.001985792,418.644300,0.000000,0.592593,True
2023-08-11,10.146852,106.040370,2023-08-11 06:19:54.083002112,417.961550,0.000000,0.432099,True
2023-08-11,10.197127,106.083120,2023-08-11 06:19:54.281995264,414.038820,0.000000,0.308642,True
2023-08-11,10.184215,106.064575,2023-08-11 06:19:54.335987968,411.394300,0.000000,0.395062,True
2023-08-11,10.171563,106.045815,2023-08-11 06:19:54.389015552,414.244570,0.000000,0.407407,True
2023-08-11,10.202703,106.060540,2023-08-11 06:19:54.668997888,417.892120,0.000000,0.382716,True
2023-08-11,10.196342,106.051190,2023-08-11 06:19:54.695994368,416.574700,0.000000,0.395062,True
2023-08-11,10.190039,106.041790,2023-08-11 06:19:54.722990848,417.292020,0.000000,0.382716,True
2023-08-11,10.183785,106.032330,2023-08-11 06:19:54.749021440,417.181100,0.000000,0.308642,True
2023-08-11,10.439850,105.996230,2023-08-11 06:19:59.029022464,417.134120,0.000000,0.518519,True
2023-08-11,10.202482,106.028100,2023-08-11 06:19:55.082996736,417.759900,0.000000,0.345679,True
2023-08-11,10.221224,106.023830,2023-08-11 06:19:55.416006656,416.899700,0.000000,0.308642,True
2023-08-11,10.208720,106.037575,2023-08-11 06:19:55.056000256,417.507080,0.000000,0.345679,True
2023-08-11,10.433467,105.986916,2023-08-11 06:19:59.056018944,419.364320,0.000000,0.555556,True
2023-08-11,10.427135,105.977540,2023-08-11 06:19:59.083015424,418.356900,0.000000,0.395062,True
2023-08-11,10.471465,106.010640,2023-08-11 06:19:59.309004800,418.515140,0.000000,0.419753,True
2023-08-11,10.677833,105.996930,2023-08-11 06:20:02.562014720,416.940030,0.000000,0.641975,True
2023-08-11,10.664318,105.979004,2023-08-11 06:20:02.615001600,416.903350,0.000000,0.345679,True
2023-08-11,10.696418,105.992780,2023-08-11 06:20:02.895024384,418.441000,0.000000,0.543210,True
2023-08-11,10.668734,105.924540,2023-08-11 06:20:03.416003328,417.092000,0.000000,0.604938,True
2023-08-11,10.720064,105.966220,2023-08-11 06:20:03.614996480,415.353100,0.000000,0.555556,True
2023-08-11,10.752223,105.979836,2023-08-11 06:20:03.895019008,417.068180,0.000000,0.604938,True
2023-08-11,10.745427,105.970940,2023-08-11 06:20:03.921009664,415.454220,0.000000,0.567901,True
2023-08-11,10.738659,105.961930,2023-08-11 06:20:03.948006144,417.759460,0.000000,0.580247,True
2023-08-11,10.731944,105.952835,2023-08-11 06:20:03.975002624,417.550200,0.000000,0.641975,True
2023-08-11,10.770844,105.975550,2023-08-11 06:20:04.227988480,418.726300,0.000000,0.629630,True
2023-08-11,10.724423,105.911790,2023-08-11 06:20:04.415997952,414.438170,0.000000,0.617284,True
2023-08-11,10.613109,105.937080,2023-08-11 06:20:02.416008704,418.595580,0.000000,0.592593,True
2023-08-11,10.789467,105.971260,2023-08-11 06:20:04.562003968,417.278050,0.000000,0.629630,True
2023-08-11,10.769146,105.944305,2023-08-11 06:20:04.641987328,417.346900,0.000000,0.320988,True
2023-08-11,10.774630,105.921715,2023-08-11 06:20:05.028989696,417.313350,0.000000,0.518519,True
2023-08-11,10.845582,105.958115,2023-08-11 06:20:05.561998336,417.647980,0.000000,0.567901,True
2023-08-11,10.831965,105.940260,2023-08-11 06:20:05.615025664,418.023070,0.000000,0.493827,True
2023-08-11,10.818603,105.922110,2023-08-11 06:20:05.669018624,415.529400,0.000000,0.543210,True
2023-08-11,10.864327,105.953690,2023-08-11 06:20:05.895008000,418.402620,0.000000,0.518519,True
2023-08-11,10.857503,105.944824,2023-08-11 06:20:05.920998912,418.400360,0.000000,0.604938,True
2023-08-11,10.850702,105.935850,2023-08-11 06:20:05.947995136,416.964840,0.000000,0.345679,True
2023-08-11,10.830751,105.908554,2023-08-11 06:20:06.029024512,417.728670,0.000000,0.555556,True
2023-08-11,10.817742,105.890080,2023-08-11 06:20:06.083017472,417.817170,0.000000,0.580247,True
2023-08-11,10.775875,105.953390,2023-08-11 06:20:04.614990848,416.315120,0.000000,0.592593,True
2023-08-11,10.172114,106.077890,2023-08-11 06:19:53.975016704,415.684970,0.000000,0.333333,True
2023-08-11,10.619523,105.946396,2023-08-11 06:20:02.389012224,417.580020,0.000000,0.543210,True
2023-08-11,10.659253,106.001020,2023-08-11 06:20:02.227999232,415.548500,0.000000,0.580247,True
2023-08-11,10.458531,105.992220,2023-08-11 06:19:59.362997760,418.243930,0.000000,0.530864,True
2023-08-11,10.452142,105.982910,2023-08-11 06:19:59.388988160,420.367130,0.000000,0.567901,True
2023-08-11,10.445803,105.973540,2023-08-11 06:19:59.416024832,417.285220,0.000000,0.407407,True
2023-08-11,10.520034,105.957680,2023-08-11 06:20:00.748989184,414.763550,0.000000,0.580247,True
2023-08-11,10.551479,105.972170,2023-08-11 06:20:01.029011712,417.579100,0.000000,0.543210,True
2023-08-11,10.545054,105.962880,2023-08-11 06:20:01.056008192,418.659670,0.000000,0.555556,True
2023-08-11,10.538681,105.953530,2023-08-11 06:20:01.083004416,417.431980,0.000000,0.641975,True
2023-08-11,10.603267,106.013510,2023-08-11 06:20:01.228004608,417.941500,0.000000,0.604938,True
2023-08-11,10.583177,105.986374,2023-08-11 06:20:01.308994048,416.102630,0.000000,0.567901,True
2023-08-11,10.576654,105.977220,2023-08-11 06:20:01.335990528,418.409360,0.000000,0.567901,True
2023-08-11,10.625980,105.955670,2023-08-11 06:20:02.363021568,415.924100,0.000000,0.543210,True
2023-08-11,10.570166,105.967990,2023-08-11 06:20:01.363027200,418.539280,0.000000,0.592593,True
2023-08-11,10.557350,105.949370,2023-08-11 06:20:01.416014080,418.081760,0.000000,0.567901,True
2023-08-11,10.621984,106.009310,2023-08-11 06:20:01.562020352,417.751000,0.000000,0.604938,True
2023-08-11,10.615251,106.000350,2023-08-11 06:20:01.588010752,416.025150,0.000000,0.604938,True
2023-08-11,10.595346,105.973040,2023-08-11 06:20:01.669000192,417.814700,0.000000,0.629630,True
2023-08-11,10.588852,105.963806,2023-08-11 06:20:01.695996416,418.030100,0.000000,0.592593,True
2023-08-11,10.582414,105.954530,2023-08-11 06:20:01.722992896,418.718200,0.000000,0.543210,True
2023-08-11,10.576025,105.945190,2023-08-11 06:20:01.749024000,418.349240,0.000000,0.493827,True
2023-08-11,10.613958,105.968910,2023-08-11 06:20:02.002009856,417.644700,0.000000,0.555556,True
2023-08-11,10.607444,105.959710,2023-08-11 06:20:02.029006336,418.358500,0.000000,0.543210,True
2023-08-11,10.600986,105.950450,2023-08-11 06:20:02.056002560,416.359040,0.000000,0.481481,True
2023-08-11,10.594579,105.941124,2023-08-11 06:20:02.082999040,417.588780,0.000000,0.555556,True
2023-08-11,10.563734,105.958700,2023-08-11 06:20:01.389017600,418.746700,0.000000,0.543210,True
2023-08-11,10.128338,106.044400,2023-08-11 06:19:53.749027072,418.378900,0.000000,0.407407,True
2023-08-11,10.826850,105.962524,2023-08-11 06:20:05.228023296,416.672360,0.000000,0.629630,True
2023-08-11,9.803990,106.139084,2023-08-11 06:19:47.695992064,418.091500,0.000000,0.567901,True
2023-08-11,9.797861,106.129540,2023-08-11 06:19:47.722988288,417.886140,0.000000,0.604938,True
2023-08-11,9.791785,106.119940,2023-08-11 06:19:47.749019136,418.773930,0.000000,0.592593,True
2023-08-11,9.854372,106.181755,2023-08-11 06:19:47.895025152,416.012450,0.000000,0.320988,True
2023-08-11,9.847915,106.172540,2023-08-11 06:19:47.921016064,417.803440,0.000000,0.506173,True
2023-08-11,9.841488,106.163220,2023-08-11 06:19:47.948012288,418.694760,0.000000,0.432099,True
2023-08-11,9.835122,106.153800,2023-08-11 06:19:47.975008768,418.426100,0.000000,0.506173,True
2023-08-11,9.828876,106.144400,2023-08-11 06:19:48.002004992,418.391050,0.000000,0.629630,True
2023-08-11,9.822672,106.134910,2023-08-11 06:19:48.029001728,418.695070,0.000000,0.592593,True
2023-08-11,9.816526,106.125370,2023-08-11 06:19:48.055998208,418.584300,0.000000,0.580247,True
2023-08-11,9.810434,106.115770,2023-08-11 06:19:48.082994432,418.888730,0.000000,0.592593,True
2023-08-11,9.866587,106.168330,2023-08-11 06:19:48.254991104,416.560970,0.000000,0.370370,True
2023-08-11,9.860155,106.159010,2023-08-11 06:19:48.282027776,418.811300,0.000000,0.456790,True
2023-08-11,9.853781,106.149605,2023-08-11 06:19:48.309024256,417.668150,0.000000,0.543210,True
2023-08-11,9.847527,106.140205,2023-08-11 06:19:48.336020736,415.923500,0.000000,0.592593,True
2023-08-11,9.841316,106.130720,2023-08-11 06:19:48.363016960,417.412570,0.000000,0.518519,True
2023-08-11,9.835159,106.121200,2023-08-11 06:19:48.389007872,418.095060,0.000000,0.382716,True
2023-08-11,9.829063,106.111595,2023-08-11 06:19:48.416004096,418.404970,0.000000,0.395062,True
2023-08-11,9.878820,106.154810,2023-08-11 06:19:48.614997504,416.173650,0.000000,0.580247,True
2023-08-11,9.872438,106.145410,2023-08-11 06:19:48.641993728,416.988600,0.000000,0.506173,True
2023-08-11,9.866179,106.136020,2023-08-11 06:19:48.668990208,418.535580,0.000000,0.518519,True
2023-08-11,9.859960,106.126540,2023-08-11 06:19:48.695986432,417.834840,0.000000,0.419753,True
2023-08-11,9.853801,106.117010,2023-08-11 06:19:48.723023104,417.399570,0.000000,0.506173,True
2023-08-11,9.810178,106.148580,2023-08-11 06:19:47.668995584,419.321170,0.000000,0.592593,True
2023-08-11,9.816407,106.157990,2023-08-11 06:19:47.641999360,418.470860,0.000000,0.555556,True
2023-08-11,9.822759,106.167404,2023-08-11 06:19:47.615002624,418.565400,0.000000,0.506173,True
2023-08-11,9.829164,106.176740,2023-08-11 06:19:47.588006144,418.314360,0.000000,0.444444,True
2023-08-11,10.134546,106.053894,2023-08-11 06:19:53.722996224,418.262420,0.000000,0.358025,True
2023-08-11,9.753949,106.193460,2023-08-11 06:19:46.255002112,418.424600,0.000000,0.320988,True
2023-08-11,9.735054,106.165230,2023-08-11 06:19:46.335991296,418.007500,0.000000,0.358025,True
2023-08-11,9.747696,106.151566,2023-08-11 06:19:46.695997440,418.513980,0.000000,0.419753,True
2023-08-11,9.847693,106.107430,2023-08-11 06:19:48.749014016,418.990840,0.000000,0.555556,True
2023-08-11,9.791589,106.185110,2023-08-11 06:19:46.921021440,419.156220,0.000000,0.320988,True
2023-08-11,9.803976,106.171585,2023-08-11 06:19:47.281992960,419.365100,0.000000,0.395062,True
2023-08-11,9.797632,106.162160,2023-08-11 06:19:47.308989440,418.988530,0.000000,0.506173,True
2023-08-11,9.791410,106.152750,2023-08-11 06:19:47.335985920,419.760700,0.000000,0.493827,True
2023-08-11,9.785229,106.143250,2023-08-11 06:19:47.363022592,419.386930,0.000000,0.395062,True
2023-08-11,9.903901,106.159904,2023-08-11 06:19:48.921010432,416.343140,0.000000,0.333333,True
2023-08-11,9.891052,106.141205,2023-08-11 06:19:48.975003136,416.387450,0.000000,0.580247,True
2023-08-11,10.065783,106.079960,2023-08-11 06:19:52.362995456,417.657560,0.000000,0.358025,True
2023-08-11,10.059551,106.070500,2023-08-11 06:19:52.389026048,417.713600,0.000000,0.506173,True
2023-08-11,10.116692,106.122185,2023-08-11 06:19:52.561988608,419.107270,0.000000,0.333333,True
2023-08-11,10.110145,106.113070,2023-08-11 06:19:52.588019456,417.967130,0.000000,0.308642,True
2023-08-11,10.103629,106.103836,2023-08-11 06:19:52.615015680,418.023700,0.000000,0.358025,True
2023-08-11,10.097170,106.094510,2023-08-11 06:19:52.642012160,418.467160,0.000000,0.407407,True
2023-08-11,10.090832,106.085205,2023-08-11 06:19:52.669008640,417.088500,0.000000,0.469136,True
2023-08-11,10.084536,106.075806,2023-08-11 06:19:52.696005120,418.090150,0.000000,0.370370,True
2023-08-11,10.078297,106.066350,2023-08-11 06:19:52.723001600,416.963900,0.000000,0.382716,True
2023-08-11,10.135481,106.118000,2023-08-11 06:19:52.894998016,418.275880,0.000000,0.456790,True
2023-08-11,10.072072,106.089360,2023-08-11 06:19:52.335998976,415.548600,0.000000,0.444444,True
2023-08-11,10.090852,106.052700,2023-08-11 06:19:53.083007488,416.938600,0.000000,0.333333,True
2023-08-11,10.109594,106.048550,2023-08-11 06:19:53.416017408,417.561900,0.000000,0.370370,True
2023-08-11,9.897449,106.150600,2023-08-11 06:19:48.948006912,418.550100,0.000000,0.506173,True
2023-08-11,10.153481,106.082010,2023-08-11 06:19:53.642006784,417.383760,0.000000,0.395062,True
2023-08-11,10.078402,106.098690,2023-08-11 06:19:52.309002752,415.641900,0.000000,0.580247,True
2023-08-11,10.097903,106.126370,2023-08-11 06:19:52.228013312,418.717250,0.000000,0.481481,True
2023-08-11,9.903342,106.127600,2023-08-11 06:19:49.336015104,417.749660,0.000000,0.407407,True
2023-08-11,10.084855,106.108010,2023-08-11 06:19:52.282006272,416.801850,0.000000,0.432099,True
2023-08-11,9.890922,106.108620,2023-08-11 06:19:49.389002240,414.790700,0.000000,0.518519,True
2023-08-11,9.909472,106.104416,2023-08-11 06:19:49.723017728,418.740940,0.000000,0.395062,True
2023-08-11,9.903337,106.094850,2023-08-11 06:19:49.749008384,418.429230,0.000000,0.469136,True
2023-08-11,9.978486,106.142860,2023-08-11 06:19:50.255020544,415.501560,0.000000,0.530864,True
2023-08-11,9.946888,106.095860,2023-08-11 06:19:50.388996864,418.731960,0.000000,0.358025,True
2023-08-11,9.940752,106.086300,2023-08-11 06:19:50.415993088,418.412140,0.000000,0.469136,True
2023-08-11,9.884778,106.131820,2023-08-11 06:19:49.001999872,416.211430,0.000000,0.481481,True
2023-08-11,9.984412,106.087326,2023-08-11 06:19:51.056022272,418.039670,0.000000,0.333333,True
2023-08-11,9.897100,106.118140,2023-08-11 06:19:49.363011840,417.956240,0.000000,0.444444,True
2023-08-11,10.028419,106.120700,2023-08-11 06:19:51.282011392,416.413700,0.000000,0.481481,True
2023-08-11,10.059636,106.102850,2023-08-11 06:19:51.974987008,415.581330,0.000000,0.555556,True
2023-08-11,10.053312,106.093530,2023-08-11 06:19:52.002023680,418.545900,0.000000,0.395062,True
2023-08-11,10.072582,106.121430,2023-08-11 06:19:51.920994304,418.920300,0.000000,0.407407,True
2023-08-11,10.047266,106.116425,2023-08-11 06:19:51.615021312,417.758820,0.000000,0.395062,True
2023-08-11,10.053754,106.125680,2023-08-11 06:19:51.588024832,417.968000,0.000000,0.506173,True
2023-08-11,10.060273,106.134830,2023-08-11 06:19:51.561993984,418.009670,0.000000,0.469136,True
2023-08-13,13.312604,109.247440,2023-08-13 09:34:27.188023040,418.724500,0.000000,0.432099,True
2023-08-13,13.337013,109.248270,2023-08-13 09:34:26.881003776,418.039250,0.000000,0.407407,True
2023-08-13,13.312604,109.247440,2023-08-13 09:34:27.188023040,418.724500,0.000000,0.432099,True
2023-08-13,13.337013,109.248270,2023-08-13 09:34:26.881003776,418.039250,0.000000,0.407407,True
2023-08-21,18.431760,105.690600,2023-08-21 06:23:42.092990720,417.398350,0.000000,0.419753,True
2023-08-21,18.405352,105.813430,2023-08-21 06:23:43.561017344,418.130830,0.000000,0.419753,True
2023-08-21,18.389643,105.785840,2023-08-21 06:23:43.507024384,417.823270,0.000000,0.432099,True
2023-08-21,18.413874,105.786250,2023-08-21 06:23:43.201011200,418.214360,0.000000,0.419753,True
2023-08-21,18.406027,105.772440,2023-08-21 06:23:43.174014464,417.519200,0.000000,0.358025,True
2023-08-21,18.414550,105.745155,2023-08-21 06:23:42.814008832,417.723970,0.000000,0.469136,True
2023-08-21,18.462992,105.745964,2023-08-21 06:23:42.201016320,418.879150,0.000000,0.419753,True
2023-08-21,18.373241,105.799225,2023-08-21 06:23:43.840999680,417.714870,0.000000,0.320988,True
2023-08-21,18.455143,105.732150,2023-08-21 06:23:42.174020096,418.671260,0.000000,0.407407,True
2023-08-21,18.431760,105.690600,2023-08-21 06:23:42.092990720,417.398350,0.000000,0.419753,True
2023-08-21,18.634596,105.625340,2023-08-21 06:23:38.895019520,419.200560,0.000000,0.382716,True
2023-08-21,18.381086,105.813034,2023-08-21 06:23:43.867995904,418.648300,0.000000,0.395062,True
2023-08-21,18.364735,105.826480,2023-08-21 06:23:44.201005824,418.233920,0.000000,0.493827,True
2023-08-21,14.097772,109.108025,2023-08-21 06:25:09.399014656,418.011840,0.000000,0.370370,True
2023-08-21,18.840712,105.353966,2023-08-21 06:23:33.760024320,418.937650,0.000000,0.333333,True
2023-08-21,18.825193,105.326126,2023-08-21 06:23:33.705991168,417.887400,0.000000,0.358025,True
2023-08-21,18.241451,105.947426,2023-08-21 06:23:46.895016448,418.719900,0.000000,0.333333,True
2023-08-21,18.257840,105.934040,2023-08-21 06:23:46.561000704,419.229000,0.000000,0.308642,True
2023-08-21,18.348324,105.839850,2023-08-21 06:23:44.534015488,418.441800,0.000000,0.419753,True
2023-08-21,18.840712,105.353966,2023-08-21 06:23:33.760024320,418.937650,0.000000,0.333333,True
2023-08-21,18.388958,105.826830,2023-08-21 06:23:43.894992384,417.390350,0.000000,0.395062,True
2023-08-21,18.825193,105.326126,2023-08-21 06:23:33.705991168,417.887400,0.000000,0.358025,True
2023-08-21,14.094597,109.188370,2023-08-21 06:25:10.174025472,416.656740,0.000000,0.320988,True
2023-08-21,14.120320,109.149140,2023-08-21 06:25:09.480004096,417.719450,0.000000,0.308642,True
2023-08-21,14.097772,109.108025,2023-08-21 06:25:09.399014656,418.011840,0.000000,0.370370,True
2023-08-21,14.094597,109.188370,2023-08-21 06:25:10.174025472,416.656740,0.000000,0.320988,True
2023-08-21,18.257840,105.934040,2023-08-21 06:23:46.561000704,419.229000,0.000000,0.308642,True
2023-08-21,18.348324,105.839850,2023-08-21 06:23:44.534015488,418.441800,0.000000,0.419753,True
2023-08-21,18.364735,105.826480,2023-08-21 06:23:44.201005824,418.233920,0.000000,0.493827,True
2023-08-21,18.241451,105.947426,2023-08-21 06:23:46.895016448,418.719900,0.000000,0.333333,True
2023-08-21,18.381086,105.813034,2023-08-21 06:23:43.867995904,418.648300,0.000000,0.395062,True
2023-08-21,18.634596,105.625340,2023-08-21 06:23:38.895019520,419.200560,0.000000,0.382716,True
2023-08-21,18.388958,105.826830,2023-08-21 06:23:43.894992384,417.390350,0.000000,0.395062,True
2023-08-21,18.462992,105.745964,2023-08-21 06:23:42.201016320,418.879150,0.000000,0.419753,True
2023-08-21,18.414550,105.745155,2023-08-21 06:23:42.814008832,417.723970,0.000000,0.469136,True
2023-08-21,18.455143,105.732150,2023-08-21 06:23:42.174020096,418.671260,0.000000,0.407407,True
2023-08-21,18.406027,105.772440,2023-08-21 06:23:43.174014464,417.519200,0.000000,0.358025,True
2023-08-21,18.413874,105.786250,2023-08-21 06:23:43.201011200,418.214360,0.000000,0.419753,True
2023-08-21,18.389643,105.785840,2023-08-21 06:23:43.507024384,417.823270,0.000000,0.432099,True
2023-08-21,18.405352,105.813430,2023-08-21 06:23:43.561017344,418.130830,0.000000,0.419753,True
2023-08-21,18.373241,105.799225,2023-08-21 06:23:43.840999680,417.714870,0.000000,0.320988,True
2023-08-21,14.120320,109.149140,2023-08-21 06:25:09.480004096,417.719450,0.000000,0.308642,True
2023-09-20,20.014359,105.996660,2023-09-20 08:34:53.894992896,416.658400,0.000000,0.320988,True
2023-09-20,19.900215,105.900720,2023-09-20 08:34:51.560988160,418.520940,0.000000,0.320988,True
2023-09-20,19.867657,105.873276,2023-09-20 08:34:50.895009024,417.163240,0.000000,0.419753,True
2023-09-20,19.822964,105.855610,2023-09-20 08:34:50.200987392,417.905150,0.000000,0.432099,True
2023-09-20,20.299322,106.358320,2023-09-20 08:35:01.066026240,417.037050,0.000000,0.320988,True
2023-09-20,20.461874,106.496420,2023-09-20 08:35:04.399019520,418.962680,0.000000,0.469136,True
2023-09-20,20.502592,106.410110,2023-09-20 08:35:03.895019008,412.493350,0.000000,0.432099,True
2023-09-20,20.425350,106.445230,2023-09-20 08:35:03.426021376,418.334700,0.000000,0.444444,True
2023-09-20,20.458015,106.392210,2023-09-20 08:35:03.200997376,415.629030,0.000000,0.395062,True
2023-09-20,20.392927,106.417496,2023-09-20 08:35:02.760002048,415.064150,0.000000,0.432099,True
2023-09-20,20.380667,106.427200,2023-09-20 08:35:02.733005568,416.510600,0.000000,0.592593,True
2023-09-20,20.319555,106.395570,2023-09-20 08:35:01.706014720,419.775180,0.000000,0.543210,True
2023-09-20,20.327910,106.362305,2023-09-20 08:35:01.425991936,418.117340,0.000000,0.320988,True
2023-09-20,20.315636,106.372030,2023-09-20 08:35:01.398995456,417.037600,0.000000,0.543210,True
2023-09-20,20.303339,106.381730,2023-09-20 08:35:01.371998976,418.051200,0.000000,0.432099,True
2023-09-20,20.311600,106.348590,2023-09-20 08:35:01.093022464,419.033200,0.000000,0.469136,True
2023-09-20,20.307568,106.325040,2023-09-20 08:35:00.787009280,419.133580,0.000000,0.358025,True
2023-09-20,20.270754,106.354220,2023-09-20 08:35:00.706019840,418.700380,0.000000,0.469136,True
2023-09-20,20.254486,106.340450,2023-09-20 08:35:00.372004608,416.875000,0.000000,0.580247,True
2023-09-20,20.246523,106.293460,2023-09-20 08:34:59.760018432,417.094270,0.000000,0.382716,True
2023-09-20,20.112236,106.079010,2023-09-20 08:34:55.895022080,417.165860,0.000000,0.469136,True
2023-09-20,20.047190,106.104580,2023-09-20 08:34:55.453020928,418.330000,0.000000,0.617284,True
2023-09-20,20.043137,106.081070,2023-09-20 08:34:55.147007744,419.132930,0.000000,0.444444,True
2023-09-20,20.030937,106.090840,2023-09-20 08:34:55.120011264,418.816280,0.000000,0.444444,True
2023-09-20,20.051085,106.047775,2023-09-20 08:34:54.867991040,416.775820,0.000000,0.308642,True
2023-09-20,20.038929,106.057610,2023-09-20 08:34:54.840994304,417.230000,0.000000,0.481481,True
2023-09-20,20.026754,106.067410,2023-09-20 08:34:54.813998080,418.229770,0.000000,0.320988,True
2023-09-20,20.034817,106.034030,2023-09-20 08:34:54.534015744,418.256740,0.000000,0.456790,True
2023-09-20,20.022644,106.043870,2023-09-20 08:34:54.507019264,418.014430,0.000000,0.407407,True
2023-09-20,20.258764,106.283720,2023-09-20 08:34:59.787014656,416.943730,0.000000,0.493827,True
2023-09-20,19.704468,105.736420,2023-09-20 08:34:47.561009920,416.827450,0.000000,0.444444,True
2023-09-20,19.692354,105.746284,2023-09-20 08:34:47.534013184,417.112600,0.000000,0.358025,True
2023-09-20,19.668060,105.765915,2023-09-20 08:34:47.480020480,418.214200,0.000000,0.395062,True
2023-09-20,19.655870,105.775696,2023-09-20 08:34:47.453024256,417.165830,0.000000,0.382716,True
2023-09-20,19.688087,105.722750,2023-09-20 08:34:47.228000256,417.990050,0.000000,0.506173,True
2023-09-20,19.675964,105.732620,2023-09-20 08:34:47.201003776,418.030360,0.000000,0.506173,True
2023-09-20,19.663818,105.742470,2023-09-20 08:34:47.174007296,417.338900,0.000000,0.469136,True
2023-09-20,19.651650,105.752290,2023-09-20 08:34:47.147010816,417.241580,0.000000,0.506173,True
2023-09-20,19.655495,105.695460,2023-09-20 08:34:46.561015040,417.263180,0.000000,0.419753,True
2023-09-20,19.643390,105.705315,2023-09-20 08:34:46.534018816,416.875240,0.000000,0.407407,True
2023-09-20,19.631264,105.715140,2023-09-20 08:34:46.507022336,418.165560,0.000000,0.444444,True
2023-09-20,19.582481,105.754220,2023-09-20 08:34:46.398996480,418.280880,0.000000,0.370370,True
2023-09-20,19.570219,105.763920,2023-09-20 08:34:46.372000000,417.679700,0.000000,0.308642,True
2023-09-20,19.639214,105.681800,2023-09-20 08:34:46.228005632,417.331020,0.000000,0.481481,True
2023-09-20,19.627098,105.691660,2023-09-20 08:34:46.201009152,417.120330,0.000000,0.555556,True
2023-09-20,19.614958,105.701485,2023-09-20 08:34:46.174012672,417.535980,0.000000,0.432099,True
2023-09-20,19.602795,105.711290,2023-09-20 08:34:46.147016192,417.560270,0.000000,0.506173,True
2023-09-20,19.590610,105.721070,2023-09-20 08:34:46.120019968,418.129800,0.000000,0.543210,True
2023-09-20,19.578400,105.730820,2023-09-20 08:34:46.093023232,418.109650,0.000000,0.419753,True
2023-09-20,19.610794,105.677980,2023-09-20 08:34:45.867999488,417.355650,0.000000,0.518519,True
2023-09-20,20.486420,106.476944,2023-09-20 08:35:04.453012480,418.417800,0.000000,0.407407,True
2023-09-20,19.619114,105.724945,2023-09-20 08:34:46.480026112,418.008730,0.000000,0.370370,True
2023-09-20,19.659977,105.799110,2023-09-20 08:34:47.760002816,417.871100,0.000000,0.469136,True
2023-09-20,19.672213,105.789345,2023-09-20 08:34:47.786999296,417.644870,0.000000,0.382716,True
2023-09-20,19.773972,105.814660,2023-09-20 08:34:49.200992768,417.604920,0.000000,0.358025,True
2023-09-20,19.761822,105.824490,2023-09-20 08:34:49.173996544,417.837680,0.000000,0.407407,True
2023-09-20,19.749651,105.834310,2023-09-20 08:34:49.147000064,417.274540,0.000000,0.333333,True
2023-09-20,19.745460,105.810844,2023-09-20 08:34:48.840986624,418.379360,0.000000,0.432099,True
2023-09-20,19.733301,105.820650,2023-09-20 08:34:48.813990400,418.250670,0.000000,0.604938,True
2023-09-20,19.721120,105.830414,2023-09-20 08:34:48.786993920,418.096250,0.000000,0.382716,True
2023-09-20,19.684425,105.779550,2023-09-20 08:34:47.813995776,417.774440,0.000000,0.382716,True
2023-09-20,19.696613,105.769730,2023-09-20 08:34:47.840992256,417.306150,0.000000,0.358025,True
2023-09-20,19.708775,105.759880,2023-09-20 08:34:47.867988480,417.332520,0.000000,0.308642,True
2023-09-20,19.720898,105.750020,2023-09-20 08:34:47.895025152,417.925870,0.000000,0.493827,True
2023-09-20,19.676367,105.812744,2023-09-20 08:34:48.093012480,420.081240,0.000000,0.530864,True
2023-09-20,19.688593,105.802980,2023-09-20 08:34:48.120008960,418.262360,0.000000,0.506173,True
2023-09-20,19.712976,105.783360,2023-09-20 08:34:48.174001920,417.618040,0.000000,0.444444,True
2023-09-20,19.725132,105.773520,2023-09-20 08:34:48.200998400,417.518520,0.000000,0.382716,True
2023-09-20,19.737267,105.763640,2023-09-20 08:34:48.227994624,417.326230,0.000000,0.543210,True
2023-09-20,19.717096,105.806860,2023-09-20 08:34:48.480015104,417.841200,0.000000,0.518519,True
2023-09-20,19.729261,105.797060,2023-09-20 08:34:48.507011328,417.146300,0.000000,0.345679,True
2023-09-20,19.700796,105.793180,2023-09-20 08:34:48.147005440,418.291900,0.000000,0.419753,True
2023-09-20,20.510887,106.457350,2023-09-20 08:35:04.507005184,418.454560,0.000000,0.444444,True
2023-09-20,20.604187,106.516710,2023-09-20 08:35:06.201021440,417.665500,0.000000,0.530864,True
2023-09-20,20.535265,106.437650,2023-09-20 08:35:04.560997888,418.318150,0.000000,0.419753,True
2023-09-20,19.517279,105.699460,2023-09-20 08:34:45.065992192,417.839050,0.000000,0.345679,True
2023-09-20,20.523087,106.447520,2023-09-20 08:35:04.534001664,418.873570,0.000000,0.469136,True
2023-09-20,19.578259,105.650500,2023-09-20 08:34:45.201014528,418.034300,0.000000,0.407407,True
2023-09-20,20.652884,106.558260,2023-09-20 08:35:07.201016064,417.321320,0.000000,0.407407,True
2023-09-20,20.665050,106.548400,2023-09-20 08:35:07.228012288,417.720460,0.000000,0.419753,True
2023-09-20,20.656963,106.581924,2023-09-20 08:35:07.506989056,416.689600,0.000000,0.543210,True
2023-09-20,20.669136,106.572110,2023-09-20 08:35:07.534025728,417.484400,0.000000,0.543210,True
2023-09-20,20.681290,106.562270,2023-09-20 08:35:07.561021952,417.783450,0.000000,0.456790,True
2023-09-20,20.648659,106.615430,2023-09-20 08:35:07.787011584,419.724370,0.000000,0.395062,True
2023-09-20,20.660910,106.605650,2023-09-20 08:35:07.814008064,419.897250,0.000000,0.543210,True
2023-09-20,20.673136,106.595850,2023-09-20 08:35:07.841004288,418.211880,0.000000,0.407407,True
2023-09-20,20.685339,106.586010,2023-09-20 08:35:07.868001024,417.940250,0.000000,0.580247,True
2023-09-20,20.697515,106.576160,2023-09-20 08:35:07.894997248,418.519260,0.000000,0.370370,True
2023-09-20,20.628480,106.577880,2023-09-20 08:35:07.147023104,418.478670,0.000000,0.407407,True
2023-09-20,20.677217,106.619450,2023-09-20 08:35:08.147017728,418.480000,0.000000,0.530864,True
2023-09-20,20.701656,106.599800,2023-09-20 08:35:08.201010432,417.485400,0.000000,0.407407,True
2023-09-20,20.713842,106.589930,2023-09-20 08:35:08.228006912,418.126950,0.000000,0.370370,True
2023-09-20,20.656593,106.662600,2023-09-20 08:35:08.398997760,419.497770,0.000000,0.530864,True
2023-09-20,20.668863,106.652890,2023-09-20 08:35:08.425994240,418.734800,0.000000,0.358025,True
2023-09-20,20.681108,106.643166,2023-09-20 08:35:08.452990464,419.433140,0.000000,0.518519,True
2023-09-20,20.672874,106.676440,2023-09-20 08:35:08.733013248,416.191200,0.000000,0.493827,True
2023-09-20,20.721817,106.637470,2023-09-20 08:35:08.840999168,417.766000,0.000000,0.333333,True
2023-09-20,20.734001,106.627655,2023-09-20 08:35:08.867995392,418.023300,0.000000,0.419753,True
2023-09-20,20.746204,106.617775,2023-09-20 08:35:08.894991872,419.851600,0.000000,0.456790,True
2023-09-20,20.738144,106.651250,2023-09-20 08:35:09.174008576,418.576450,0.000000,0.358025,True
2023-09-20,20.652687,106.639000,2023-09-20 08:35:08.093024768,419.265200,0.000000,0.358025,True
2023-09-20,20.648783,106.534580,2023-09-20 08:35:06.895002880,418.006400,0.000000,0.382716,True
2023-09-20,20.465900,106.519900,2023-09-20 08:35:04.705998336,419.876740,0.000000,0.530864,True
2023-09-20,20.514908,106.480990,2023-09-20 08:35:04.814024192,417.728270,0.000000,0.419753,True
2023-09-20,20.527102,106.471190,2023-09-20 08:35:04.841020672,418.205200,0.000000,0.493827,True
2023-09-20,20.539274,106.461365,2023-09-20 08:35:04.868017152,417.943100,0.000000,0.456790,True
2023-09-20,20.551445,106.451510,2023-09-20 08:35:04.895013632,417.803470,0.000000,0.469136,True
2023-09-20,20.482073,106.533760,2023-09-20 08:35:05.039008000,418.763100,0.000000,0.469136,True
2023-09-20,20.531122,106.494865,2023-09-20 08:35:05.146993664,418.811680,0.000000,0.444444,True
2023-09-20,20.543322,106.485080,2023-09-20 08:35:05.173990144,418.912230,0.000000,0.530864,True
2023-09-20,20.555500,106.475266,2023-09-20 08:35:05.201026816,417.522000,0.000000,0.456790,True
2023-09-20,20.567654,106.465420,2023-09-20 08:35:05.228023296,419.089870,0.000000,0.530864,True
2023-09-20,20.535213,106.518380,2023-09-20 08:35:05.453007104,419.401340,0.000000,0.370370,True
2023-09-20,20.547445,106.508606,2023-09-20 08:35:05.480003328,418.796780,0.000000,0.481481,True
2023-09-20,20.559639,106.498820,2023-09-20 08:35:05.506999808,417.401900,0.000000,0.432099,True
2023-09-20,20.563644,106.522450,2023-09-20 08:35:05.814018816,418.986500,0.000000,0.543210,True
2023-09-20,20.600204,106.492960,2023-09-20 08:35:05.895008000,419.257660,0.000000,0.518519,True
2023-09-20,20.567478,106.546165,2023-09-20 08:35:06.119991808,419.006260,0.000000,0.493827,True
2023-09-20,20.579739,106.536380,2023-09-20 08:35:06.146988288,418.711360,0.000000,0.444444,True
2023-09-20,20.591974,106.526560,2023-09-20 08:35:06.174024960,419.155500,0.000000,0.567901,True
2023-09-20,19.325222,105.479370,2023-09-20 08:34:40.480018176,418.725950,0.000000,0.333333,True
2023-09-20,20.571524,106.569710,2023-09-20 08:35:06.426005248,416.955080,0.000000,0.358025,True
2023-09-20,20.583776,106.559970,2023-09-20 08:35:06.453001472,418.018130,0.000000,0.493827,True
2023-09-20,20.596018,106.550186,2023-09-20 08:35:06.479997952,419.069270,0.000000,0.419753,True
2023-09-20,20.608242,106.540380,2023-09-20 08:35:06.506994176,417.799740,0.000000,0.530864,True
2023-09-20,20.620443,106.530540,2023-09-20 08:35:06.533990912,418.319640,0.000000,0.604938,True
2023-09-20,20.632624,106.520676,2023-09-20 08:35:06.560987136,418.225250,0.000000,0.456790,True
2023-09-20,20.600008,106.573814,2023-09-20 08:35:06.787016960,418.615400,0.000000,0.382716,True
2023-09-20,20.612228,106.564060,2023-09-20 08:35:06.814013440,417.496550,0.000000,0.530864,True
2023-09-20,20.624426,106.554260,2023-09-20 08:35:06.841009920,417.198430,0.000000,0.506173,True
2023-09-20,20.750322,106.641450,2023-09-20 08:35:09.201005056,417.815160,0.000000,0.419753,True
2023-09-20,20.762480,106.631615,2023-09-20 08:35:09.228001536,418.490200,0.000000,0.358025,True
2023-09-20,20.705320,106.704180,2023-09-20 08:35:09.398992384,420.055200,0.000000,0.432099,True
2023-09-20,20.717620,106.694450,2023-09-20 08:35:09.425988608,418.298680,0.000000,0.382716,True
2023-09-20,20.957138,106.798400,2023-09-20 08:35:13.228020224,417.299400,0.000000,0.382716,True
2023-09-20,20.973420,106.812280,2023-09-20 08:35:13.560989440,416.859950,0.000000,0.432099,True
2023-09-20,19.574310,105.707370,2023-09-20 08:34:45.787010304,417.058470,0.000000,0.395062,True
2023-09-20,19.562103,105.717110,2023-09-20 08:34:45.760013824,417.768980,0.000000,0.469136,True
2023-09-20,19.549871,105.726820,2023-09-20 08:34:45.733017344,417.804930,0.000000,0.481481,True
2023-09-20,19.537615,105.736510,2023-09-20 08:34:45.706020864,417.043900,0.000000,0.308642,True
2023-09-20,19.606642,105.654335,2023-09-20 08:34:45.561020672,417.978300,0.000000,0.481481,True
2023-09-20,19.594534,105.664200,2023-09-20 08:34:45.534024192,416.713800,0.000000,0.592593,True
2023-09-20,19.582401,105.674030,2023-09-20 08:34:45.506987520,417.569400,0.000000,0.567901,True
2023-09-20,19.533642,105.713080,2023-09-20 08:34:45.399001856,417.894070,0.000000,0.407407,True
2023-09-20,19.521393,105.722780,2023-09-20 08:34:45.372005376,418.007800,0.000000,0.419753,True
2023-09-20,19.590384,105.640625,2023-09-20 08:34:45.228011008,417.440300,0.000000,0.432099,True
2023-09-20,19.566109,105.660350,2023-09-20 08:34:45.174018048,417.482900,0.000000,0.382716,True
2023-09-20,20.867466,106.843216,2023-09-20 08:35:12.732991744,420.024930,0.000000,0.382716,True
2023-09-20,20.729898,106.684690,2023-09-20 08:35:09.453025280,418.458280,0.000000,0.382716,True
2023-09-20,20.742144,106.674930,2023-09-20 08:35:09.480022016,417.513820,0.000000,0.320988,True
2023-09-20,20.766550,106.655340,2023-09-20 08:35:09.534014720,418.353270,0.000000,0.358025,True
2023-09-20,20.758354,106.688910,2023-09-20 08:35:09.813997312,417.652980,0.000000,0.345679,True
2023-09-20,20.782790,106.669270,2023-09-20 08:35:09.867990016,418.258000,0.000000,0.382716,True
2023-09-20,20.750057,106.722320,2023-09-20 08:35:10.093014016,419.055200,0.000000,0.419753,True
2023-09-20,20.762340,106.712560,2023-09-20 08:35:10.120010496,418.029100,0.000000,0.358025,True
2023-09-20,20.774600,106.702780,2023-09-20 08:35:10.147006720,416.605560,0.000000,0.506173,True
2023-09-20,20.786835,106.692970,2023-09-20 08:35:10.174003200,416.529050,0.000000,0.555556,True
2023-09-20,20.327910,106.362305,2023-09-20 08:35:01.425991936,418.117340,0.000000,0.320988,True
2023-09-20,20.315636,106.372030,2023-09-20 08:35:01.398995456,417.037600,0.000000,0.543210,True
2023-09-20,20.303339,106.381730,2023-09-20 08:35:01.371998976,418.051200,0.000000,0.432099,True
2023-09-20,20.311600,106.348590,2023-09-20 08:35:01.093022464,419.033200,0.000000,0.469136,True
2023-09-20,20.299322,106.358320,2023-09-20 08:35:01.066026240,417.037050,0.000000,0.320988,True
2023-09-20,20.307568,106.325040,2023-09-20 08:35:00.787009280,419.133580,0.000000,0.358025,True
2023-09-20,20.270754,106.354220,2023-09-20 08:35:00.706019840,418.700380,0.000000,0.469136,True
2023-09-20,20.254486,106.340450,2023-09-20 08:35:00.372004608,416.875000,0.000000,0.580247,True
2023-09-20,20.258764,106.283720,2023-09-20 08:34:59.787014656,416.943730,0.000000,0.493827,True
2023-09-20,20.246523,106.293460,2023-09-20 08:34:59.760018432,417.094270,0.000000,0.382716,True
2023-09-20,20.112236,106.079010,2023-09-20 08:34:55.895022080,417.165860,0.000000,0.469136,True
2023-09-20,20.047190,106.104580,2023-09-20 08:34:55.453020928,418.330000,0.000000,0.617284,True
2023-09-20,20.043137,106.081070,2023-09-20 08:34:55.147007744,419.132930,0.000000,0.444444,True
2023-09-20,20.030937,106.090840,2023-09-20 08:34:55.120011264,418.816280,0.000000,0.444444,True
2023-09-20,20.051085,106.047775,2023-09-20 08:34:54.867991040,416.775820,0.000000,0.308642,True
2023-09-20,20.038929,106.057610,2023-09-20 08:34:54.840994304,417.230000,0.000000,0.481481,True
2023-09-20,20.026754,106.067410,2023-09-20 08:34:54.813998080,418.229770,0.000000,0.320988,True
2023-09-20,20.034817,106.034030,2023-09-20 08:34:54.534015744,418.256740,0.000000,0.456790,True
2023-09-20,20.319555,106.395570,2023-09-20 08:35:01.706014720,419.775180,0.000000,0.543210,True
2023-09-20,20.022644,106.043870,2023-09-20 08:34:54.507019264,418.014430,0.000000,0.407407,True
2023-09-20,20.380667,106.427200,2023-09-20 08:35:02.733005568,416.510600,0.000000,0.592593,True
2023-09-20,20.458015,106.392210,2023-09-20 08:35:03.200997376,415.629030,0.000000,0.395062,True
2023-09-20,20.563644,106.522450,2023-09-20 08:35:05.814018816,418.986500,0.000000,0.543210,True
2023-09-20,20.559639,106.498820,2023-09-20 08:35:05.506999808,417.401900,0.000000,0.432099,True
2023-09-20,20.547445,106.508606,2023-09-20 08:35:05.480003328,418.796780,0.000000,0.481481,True
2023-09-20,20.535213,106.518380,2023-09-20 08:35:05.453007104,419.401340,0.000000,0.370370,True
2023-09-20,20.567654,106.465420,2023-09-20 08:35:05.228023296,419.089870,0.000000,0.530864,True
2023-09-20,20.555500,106.475266,2023-09-20 08:35:05.201026816,417.522000,0.000000,0.456790,True
2023-09-20,20.543322,106.485080,2023-09-20 08:35:05.173990144,418.912230,0.000000,0.530864,True
2023-09-20,20.531122,106.494865,2023-09-20 08:35:05.146993664,418.811680,0.000000,0.444444,True
2023-09-20,20.482073,106.533760,2023-09-20 08:35:05.039008000,418.763100,0.000000,0.469136,True
2023-09-20,20.551445,106.451510,2023-09-20 08:35:04.895013632,417.803470,0.000000,0.469136,True
2023-09-20,20.539274,106.461365,2023-09-20 08:35:04.868017152,417.943100,0.000000,0.456790,True
2023-09-20,20.527102,106.471190,2023-09-20 08:35:04.841020672,418.205200,0.000000,0.493827,True
2023-09-20,20.514908,106.480990,2023-09-20 08:35:04.814024192,417.728270,0.000000,0.419753,True
2023-09-20,20.465900,106.519900,2023-09-20 08:35:04.705998336,419.876740,0.000000,0.530864,True
2023-09-20,20.535265,106.437650,2023-09-20 08:35:04.560997888,418.318150,0.000000,0.419753,True
2023-09-20,20.523087,106.447520,2023-09-20 08:35:04.534001664,418.873570,0.000000,0.469136,True
2023-09-20,20.510887,106.457350,2023-09-20 08:35:04.507005184,418.454560,0.000000,0.444444,True
2023-09-20,20.486420,106.476944,2023-09-20 08:35:04.453012480,418.417800,0.000000,0.407407,True
2023-09-20,20.461874,106.496420,2023-09-20 08:35:04.399019520,418.962680,0.000000,0.469136,True
2023-09-20,20.502592,106.410110,2023-09-20 08:35:03.895019008,412.493350,0.000000,0.432099,True
2023-09-20,20.425350,106.445230,2023-09-20 08:35:03.426021376,418.334700,0.000000,0.444444,True
2023-09-20,20.392927,106.417496,2023-09-20 08:35:02.760002048,415.064150,0.000000,0.432099,True
2023-09-20,20.600204,106.492960,2023-09-20 08:35:05.895008000,419.257660,0.000000,0.518519,True
2023-09-20,19.822964,105.855610,2023-09-20 08:34:50.200987392,417.905150,0.000000,0.432099,True
2023-09-20,19.773972,105.814660,2023-09-20 08:34:49.200992768,417.604920,0.000000,0.358025,True
2023-09-20,19.761822,105.824490,2023-09-20 08:34:49.173996544,417.837680,0.000000,0.407407,True
2023-09-20,19.749651,105.834310,2023-09-20 08:34:49.147000064,417.274540,0.000000,0.333333,True
2023-09-20,19.867657,105.873276,2023-09-20 08:34:50.895009024,417.163240,0.000000,0.419753,True
2023-09-20,20.014359,105.996660,2023-09-20 08:34:53.894992896,416.658400,0.000000,0.320988,True
2023-09-20,19.900215,105.900720,2023-09-20 08:34:51.560988160,418.520940,0.000000,0.320988,True
2023-09-20,20.567478,106.546165,2023-09-20 08:35:06.119991808,419.006260,0.000000,0.493827,True
2023-09-20,20.579739,106.536380,2023-09-20 08:35:06.146988288,418.711360,0.000000,0.444444,True
2023-09-20,20.786835,106.692970,2023-09-20 08:35:10.174003200,416.529050,0.000000,0.555556,True
2023-09-20,20.774600,106.702780,2023-09-20 08:35:10.147006720,416.605560,0.000000,0.506173,True
2023-09-20,20.762340,106.712560,2023-09-20 08:35:10.120010496,418.029100,0.000000,0.358025,True
2023-09-20,20.750057,106.722320,2023-09-20 08:35:10.093014016,419.055200,0.000000,0.419753,True
2023-09-20,20.782790,106.669270,2023-09-20 08:35:09.867990016,418.258000,0.000000,0.382716,True
2023-09-20,20.758354,106.688910,2023-09-20 08:35:09.813997312,417.652980,0.000000,0.345679,True
2023-09-20,20.766550,106.655340,2023-09-20 08:35:09.534014720,418.353270,0.000000,0.358025,True
2023-09-20,20.973420,106.812280,2023-09-20 08:35:13.560989440,416.859950,0.000000,0.432099,True
2023-09-20,20.957138,106.798400,2023-09-20 08:35:13.228020224,417.299400,0.000000,0.382716,True
2023-09-20,20.867466,106.843216,2023-09-20 08:35:12.732991744,420.024930,0.000000,0.382716,True
2023-09-20,20.742144,106.674930,2023-09-20 08:35:09.480022016,417.513820,0.000000,0.320988,True
2023-09-20,20.729898,106.684690,2023-09-20 08:35:09.453025280,418.458280,0.000000,0.382716,True
2023-09-20,20.669136,106.572110,2023-09-20 08:35:07.534025728,417.484400,0.000000,0.543210,True
2023-09-20,20.656963,106.581924,2023-09-20 08:35:07.506989056,416.689600,0.000000,0.543210,True
2023-09-20,20.665050,106.548400,2023-09-20 08:35:07.228012288,417.720460,0.000000,0.419753,True
2023-09-20,20.652884,106.558260,2023-09-20 08:35:07.201016064,417.321320,0.000000,0.407407,True
2023-09-20,20.628480,106.577880,2023-09-20 08:35:07.147023104,418.478670,0.000000,0.407407,True
2023-09-20,20.648783,106.534580,2023-09-20 08:35:06.895002880,418.006400,0.000000,0.382716,True
2023-09-20,20.624426,106.554260,2023-09-20 08:35:06.841009920,417.198430,0.000000,0.506173,True
2023-09-20,20.612228,106.564060,2023-09-20 08:35:06.814013440,417.496550,0.000000,0.530864,True
2023-09-20,20.600008,106.573814,2023-09-20 08:35:06.787016960,418.615400,0.000000,0.382716,True
2023-09-20,20.632624,106.520676,2023-09-20 08:35:06.560987136,418.225250,0.000000,0.456790,True
2023-09-20,20.620443,106.530540,2023-09-20 08:35:06.533990912,418.319640,0.000000,0.604938,True
2023-09-20,20.608242,106.540380,2023-09-20 08:35:06.506994176,417.799740,0.000000,0.530864,True
2023-09-20,20.596018,106.550186,2023-09-20 08:35:06.479997952,419.069270,0.000000,0.419753,True
2023-09-20,20.583776,106.559970,2023-09-20 08:35:06.453001472,418.018130,0.000000,0.493827,True
2023-09-20,20.571524,106.569710,2023-09-20 08:35:06.426005248,416.955080,0.000000,0.358025,True
2023-09-20,20.604187,106.516710,2023-09-20 08:35:06.201021440,417.665500,0.000000,0.530864,True
2023-09-20,20.591974,106.526560,2023-09-20 08:35:06.174024960,419.155500,0.000000,0.567901,True
2023-09-20,20.681290,106.562270,2023-09-20 08:35:07.561021952,417.783450,0.000000,0.456790,True
2023-09-20,20.648659,106.615430,2023-09-20 08:35:07.787011584,419.724370,0.000000,0.395062,True
2023-09-20,20.660910,106.605650,2023-09-20 08:35:07.814008064,419.897250,0.000000,0.543210,True
2023-09-20,20.717620,106.694450,2023-09-20 08:35:09.425988608,418.298680,0.000000,0.382716,True
2023-09-20,20.705320,106.704180,2023-09-20 08:35:09.398992384,420.055200,0.000000,0.432099,True
2023-09-20,20.762480,106.631615,2023-09-20 08:35:09.228001536,418.490200,0.000000,0.358025,True
2023-09-20,20.750322,106.641450,2023-09-20 08:35:09.201005056,417.815160,0.000000,0.419753,True
2023-09-20,20.738144,106.651250,2023-09-20 08:35:09.174008576,418.576450,0.000000,0.358025,True
2023-09-20,20.746204,106.617775,2023-09-20 08:35:08.894991872,419.851600,0.000000,0.456790,True
2023-09-20,20.734001,106.627655,2023-09-20 08:35:08.867995392,418.023300,0.000000,0.419753,True
2023-09-20,20.721817,106.637470,2023-09-20 08:35:08.840999168,417.766000,0.000000,0.333333,True
2023-09-20,20.672874,106.676440,2023-09-20 08:35:08.733013248,416.191200,0.000000,0.493827,True
2023-09-20,20.681108,106.643166,2023-09-20 08:35:08.452990464,419.433140,0.000000,0.518519,True
2023-09-20,20.668863,106.652890,2023-09-20 08:35:08.425994240,418.734800,0.000000,0.358025,True
2023-09-20,20.713842,106.589930,2023-09-20 08:35:08.228006912,418.126950,0.000000,0.370370,True
2023-09-20,20.701656,106.599800,2023-09-20 08:35:08.201010432,417.485400,0.000000,0.407407,True
2023-09-20,20.677217,106.619450,2023-09-20 08:35:08.147017728,418.480000,0.000000,0.530864,True
2023-09-20,20.652687,106.639000,2023-09-20 08:35:08.093024768,419.265200,0.000000,0.358025,True
2023-09-20,20.697515,106.576160,2023-09-20 08:35:07.894997248,418.519260,0.000000,0.370370,True
2023-09-20,20.685339,106.586010,2023-09-20 08:35:07.868001024,417.940250,0.000000,0.580247,True
2023-09-20,20.673136,106.595850,2023-09-20 08:35:07.841004288,418.211880,0.000000,0.407407,True
2023-09-20,20.656593,106.662600,2023-09-20 08:35:08.398997760,419.497770,0.000000,0.530864,True
2023-09-20,19.745460,105.810844,2023-09-20 08:34:48.840986624,418.379360,0.000000,0.432099,True
2023-09-20,19.586494,105.697600,2023-09-20 08:34:45.814006528,416.938800,0.000000,0.320988,True
2023-09-20,19.721120,105.830414,2023-09-20 08:34:48.786993920,418.096250,0.000000,0.382716,True
2023-09-20,19.325222,105.479370,2023-09-20 08:34:40.480018176,418.725950,0.000000,0.333333,True
2023-09-20,19.598656,105.687805,2023-09-20 08:34:45.841003008,417.889070,0.000000,0.518519,True
2023-09-20,19.733301,105.820650,2023-09-20 08:34:48.813990400,418.250670,0.000000,0.604938,True
2023-09-20,19.655870,105.775696,2023-09-20 08:34:47.453024256,417.165830,0.000000,0.382716,True
2023-09-20,19.688087,105.722750,2023-09-20 08:34:47.228000256,417.990050,0.000000,0.506173,True
2023-09-20,19.675964,105.732620,2023-09-20 08:34:47.201003776,418.030360,0.000000,0.506173,True
2023-09-20,19.663818,105.742470,2023-09-20 08:34:47.174007296,417.338900,0.000000,0.469136,True
2023-09-20,19.651650,105.752290,2023-09-20 08:34:47.147010816,417.241580,0.000000,0.506173,True
2023-09-20,19.655495,105.695460,2023-09-20 08:34:46.561015040,417.263180,0.000000,0.419753,True
2023-09-20,19.643390,105.705315,2023-09-20 08:34:46.534018816,416.875240,0.000000,0.407407,True
2023-09-20,19.631264,105.715140,2023-09-20 08:34:46.507022336,418.165560,0.000000,0.444444,True
2023-09-20,19.619114,105.724945,2023-09-20 08:34:46.480026112,418.008730,0.000000,0.370370,True
2023-09-20,19.582481,105.754220,2023-09-20 08:34:46.398996480,418.280880,0.000000,0.370370,True
2023-09-20,19.570219,105.763920,2023-09-20 08:34:46.372000000,417.679700,0.000000,0.308642,True
2023-09-20,19.639214,105.681800,2023-09-20 08:34:46.228005632,417.331020,0.000000,0.481481,True
2023-09-20,19.627098,105.691660,2023-09-20 08:34:46.201009152,417.120330,0.000000,0.555556,True
2023-09-20,19.614958,105.701485,2023-09-20 08:34:46.174012672,417.535980,0.000000,0.432099,True
2023-09-20,19.602795,105.711290,2023-09-20 08:34:46.147016192,417.560270,0.000000,0.506173,True
2023-09-20,19.590610,105.721070,2023-09-20 08:34:46.120019968,418.129800,0.000000,0.543210,True
2023-09-20,19.578400,105.730820,2023-09-20 08:34:46.093023232,418.109650,0.000000,0.419753,True
2023-09-20,19.692354,105.746284,2023-09-20 08:34:47.534013184,417.112600,0.000000,0.358025,True
2023-09-20,19.729261,105.797060,2023-09-20 08:34:48.507011328,417.146300,0.000000,0.345679,True
2023-09-20,19.717096,105.806860,2023-09-20 08:34:48.480015104,417.841200,0.000000,0.518519,True
2023-09-20,19.737267,105.763640,2023-09-20 08:34:48.227994624,417.326230,0.000000,0.543210,True
2023-09-20,19.725132,105.773520,2023-09-20 08:34:48.200998400,417.518520,0.000000,0.382716,True
2023-09-20,19.712976,105.783360,2023-09-20 08:34:48.174001920,417.618040,0.000000,0.444444,True
2023-09-20,19.700796,105.793180,2023-09-20 08:34:48.147005440,418.291900,0.000000,0.419753,True
2023-09-20,19.688593,105.802980,2023-09-20 08:34:48.120008960,418.262360,0.000000,0.506173,True
2023-09-20,19.676367,105.812744,2023-09-20 08:34:48.093012480,420.081240,0.000000,0.530864,True
2023-09-20,19.720898,105.750020,2023-09-20 08:34:47.895025152,417.925870,0.000000,0.493827,True
2023-09-20,19.708775,105.759880,2023-09-20 08:34:47.867988480,417.332520,0.000000,0.308642,True
2023-09-20,19.696613,105.769730,2023-09-20 08:34:47.840992256,417.306150,0.000000,0.358025,True
2023-09-20,19.684425,105.779550,2023-09-20 08:34:47.813995776,417.774440,0.000000,0.382716,True
2023-09-20,19.672213,105.789345,2023-09-20 08:34:47.786999296,417.644870,0.000000,0.382716,True
2023-09-20,19.659977,105.799110,2023-09-20 08:34:47.760002816,417.871100,0.000000,0.469136,True
2023-09-20,19.704468,105.736420,2023-09-20 08:34:47.561009920,416.827450,0.000000,0.444444,True
2023-09-20,19.668060,105.765915,2023-09-20 08:34:47.480020480,418.214200,0.000000,0.395062,True
2023-09-20,19.610794,105.677980,2023-09-20 08:34:45.867999488,417.355650,0.000000,0.518519,True
2023-09-20,19.574310,105.707370,2023-09-20 08:34:45.787010304,417.058470,0.000000,0.395062,True
2023-09-20,19.598656,105.687805,2023-09-20 08:34:45.841003008,417.889070,0.000000,0.518519,True
2023-09-20,19.586494,105.697600,2023-09-20 08:34:45.814006528,416.938800,0.000000,0.320988,True
2023-09-20,19.562103,105.717110,2023-09-20 08:34:45.760013824,417.768980,0.000000,0.469136,True
2023-09-20,19.549871,105.726820,2023-09-20 08:34:45.733017344,417.804930,0.000000,0.481481,True
2023-09-20,19.537615,105.736510,2023-09-20 08:34:45.706020864,417.043900,0.000000,0.308642,True
2023-09-20,19.606642,105.654335,2023-09-20 08:34:45.561020672,417.978300,0.000000,0.481481,True
2023-09-20,19.582401,105.674030,2023-09-20 08:34:45.506987520,417.569400,0.000000,0.567901,True
2023-09-20,19.594534,105.664200,2023-09-20 08:34:45.534024192,416.713800,0.000000,0.592593,True
2023-09-20,19.521393,105.722780,2023-09-20 08:34:45.372005376,418.007800,0.000000,0.419753,True
2023-09-20,19.533642,105.713080,2023-09-20 08:34:45.399001856,417.894070,0.000000,0.407407,True
2023-09-20,19.517279,105.699460,2023-09-20 08:34:45.065992192,417.839050,0.000000,0.345679,True
2023-09-20,19.578259,105.650500,2023-09-20 08:34:45.201014528,418.034300,0.000000,0.407407,True
2023-09-20,19.590384,105.640625,2023-09-20 08:34:45.228011008,417.440300,0.000000,0.432099,True
2023-09-20,19.566109,105.660350,2023-09-20 08:34:45.174018048,417.482900,0.000000,0.382716,True
2023-09-21,21.077065,106.506454,2023-09-21 06:17:11.921017088,417.747160,0.000000,0.370370,True
2023-09-21,21.008085,106.521020,2023-09-21 06:17:11.336027392,417.873540,0.000000,0.358025,True
2023-09-21,21.047377,106.513040,2023-09-21 06:17:11.615004160,419.102170,0.000000,0.506173,True
2023-09-21,21.037739,106.514740,2023-09-21 06:17:11.642000384,417.386470,0.000000,0.419753,True
2023-09-21,21.028175,106.516350,2023-09-21 06:17:11.668996864,417.663100,0.000000,0.308642,True
2023-09-21,21.018574,106.517870,2023-09-21 06:17:11.695993088,417.264280,0.000000,0.506173,True
2023-09-21,21.067451,106.508255,2023-09-21 06:17:11.948013568,418.003850,0.000000,0.493827,True
2023-09-21,21.048254,106.511580,2023-09-21 06:17:12.002006528,418.333040,0.000000,0.456790,True
2023-09-21,21.049116,106.509796,2023-09-21 06:17:12.389008896,418.405460,0.000000,0.395062,True
2023-09-21,21.069206,106.505060,2023-09-21 06:17:12.723024384,419.156160,0.000000,0.456790,True
2023-09-21,21.017647,106.519410,2023-09-21 06:17:11.308990720,417.850430,0.000000,0.518519,True
2023-09-21,21.057816,106.509970,2023-09-21 06:17:11.975009792,418.645940,0.000000,0.320988,True
2023-09-21,20.896877,106.547516,2023-09-21 06:17:09.309001472,416.508150,0.000000,0.320988,True
2023-09-21,20.916140,106.544100,2023-09-21 06:17:09.255008768,417.222100,0.000000,0.407407,True
2023-09-21,20.906520,106.545850,2023-09-21 06:17:09.282004992,417.390080,0.000000,0.382716,True
2023-09-21,20.916988,106.542820,2023-09-21 06:17:09.642011136,416.730300,0.000000,0.370370,True
2023-09-21,20.907427,106.544395,2023-09-21 06:17:09.669007872,416.488980,0.000000,0.308642,True
2023-09-21,20.986109,106.528114,2023-09-21 06:17:10.228006912,416.546500,0.000000,0.395062,True
2023-09-21,20.987100,106.527030,2023-09-21 06:17:10.615009280,415.883760,0.000000,0.382716,True
2023-09-21,21.016808,106.520580,2023-09-21 06:17:10.921022720,417.217220,0.000000,0.518519,True
2023-09-21,15.616429,108.446620,2023-09-21 07:46:31.533024512,416.447330,0.000000,0.320988,True
2023-09-21,15.628403,108.436775,2023-09-21 07:46:31.560020992,418.091860,0.000000,0.530864,True
2023-09-21,20.896036,106.548805,2023-09-21 06:17:08.920993280,416.245500,0.000000,0.320988,True
2023-09-21,16.499996,107.557594,2023-09-21 06:15:56.281998592,416.881560,0.000000,0.407407,True
2023-09-21,16.520107,107.552870,2023-09-21 06:15:56.615008256,415.600680,0.000000,0.469136,True
2023-09-21,16.510303,107.552980,2023-09-21 06:15:56.642004992,415.140930,0.000000,0.543210,True
2023-09-21,16.500590,107.553000,2023-09-21 06:15:56.669001216,416.114620,0.000000,0.493827,True
2023-09-21,16.549948,107.548195,2023-09-21 06:15:56.921021696,417.008580,0.000000,0.395062,True
2023-09-21,16.560210,107.543920,2023-09-21 06:15:57.281993472,416.915560,0.000000,0.432099,True
2023-09-21,16.550407,107.544044,2023-09-21 06:15:57.308989696,417.013060,0.000000,0.432099,True
2023-09-21,16.540693,107.544075,2023-09-21 06:15:57.335986176,417.295470,0.000000,0.308642,True
2023-09-21,20.707262,106.589350,2023-09-21 06:17:06.723016704,417.378660,0.000000,0.407407,True
2023-09-21,20.697613,106.590600,2023-09-21 06:17:06.749007360,417.258270,0.000000,0.382716,True
2023-09-21,20.765812,106.578750,2023-09-21 06:17:06.948000512,418.501740,0.000000,0.432099,True
2023-09-21,20.805086,106.570540,2023-09-21 06:17:07.228023040,416.653350,0.000000,0.308642,True
2023-09-21,20.766659,106.577190,2023-09-21 06:17:07.336008704,417.934400,0.000000,0.469136,True
2023-09-21,20.757042,106.578620,2023-09-21 06:17:07.363005184,418.340030,0.000000,0.419753,True
2023-09-21,20.825157,106.565820,2023-09-21 06:17:07.561998336,417.714870,0.000000,0.345679,True
2023-09-21,20.805962,106.569330,2023-09-21 06:17:07.615025408,416.828740,0.000000,0.308642,True
2023-09-21,20.767508,106.575294,2023-09-21 06:17:07.723011584,418.115300,0.000000,0.469136,True
2023-09-21,20.826078,106.564630,2023-09-21 06:17:07.947995136,417.393070,0.000000,0.345679,True
2023-09-21,20.806862,106.567810,2023-09-21 06:17:08.001987840,416.082430,0.000000,0.333333,True
2023-09-21,20.826980,106.563126,2023-09-21 06:17:08.336003328,417.051880,0.000000,0.333333,True
2023-09-21,20.807749,106.565956,2023-09-21 06:17:08.388990464,416.738160,0.000000,0.358025,True
2023-09-21,20.905600,106.546974,2023-09-21 06:17:08.895002624,417.853330,0.000000,0.370370,True
2023-09-21,20.764954,106.579980,2023-09-21 06:17:06.562003968,418.667200,0.000000,0.395062,True
2023-09-21,20.677582,106.595220,2023-09-21 06:17:06.415997696,418.906500,0.000000,0.456790,True
2023-09-21,20.687237,106.593960,2023-09-21 06:17:06.389001472,417.916930,0.000000,0.555556,True
2023-09-21,20.696873,106.592630,2023-09-21 06:17:06.363010560,418.310240,0.000000,0.370370,True
2023-09-21,16.541275,107.539470,2023-09-21 06:15:57.722988544,416.869450,0.000000,0.320988,True
2023-09-21,16.571123,107.535190,2023-09-21 06:15:58.029001984,416.489400,0.000000,0.580247,True
2023-09-21,20.615482,106.614300,2023-09-21 06:17:04.254995712,418.288240,0.000000,0.444444,True
2023-09-21,20.616150,106.612670,2023-09-21 06:17:04.641998080,417.550260,0.000000,0.444444,True
2023-09-21,20.665028,106.603065,2023-09-21 06:17:04.895024384,418.742770,0.000000,0.518519,True
2023-09-21,20.616913,106.610960,2023-09-21 06:17:05.029000704,417.048580,0.000000,0.469136,True
2023-09-21,20.685007,106.598460,2023-09-21 06:17:05.227993600,418.452760,0.000000,0.518519,True
2023-09-21,20.675420,106.600210,2023-09-21 06:17:05.254990080,418.472350,0.000000,0.370370,True
2023-09-21,20.665780,106.601900,2023-09-21 06:17:05.282026752,419.459380,0.000000,0.456790,True
2023-09-21,20.617598,106.608950,2023-09-21 06:17:05.416003328,416.211640,0.000000,0.493827,True
2023-09-21,20.695400,106.595610,2023-09-21 06:17:05.587999744,417.774570,0.000000,0.432099,True
2023-09-21,20.685760,106.597300,2023-09-21 06:17:05.614996224,417.962430,0.000000,0.506173,True
2023-09-21,20.676098,106.598890,2023-09-21 06:17:05.641992448,418.414640,0.000000,0.370370,True
2023-09-21,20.666510,106.600395,2023-09-21 06:17:05.668989184,418.859040,0.000000,0.432099,True
2023-09-21,20.724974,106.589226,2023-09-21 06:17:05.895018752,416.985530,0.000000,0.382716,True
2023-09-21,20.715391,106.590996,2023-09-21 06:17:05.921009664,417.322420,0.000000,0.419753,True
2023-09-21,20.705753,106.592690,2023-09-21 06:17:05.948005888,417.951720,0.000000,0.395062,True
2023-09-21,20.696090,106.594290,2023-09-21 06:17:05.975002368,418.523350,0.000000,0.419753,True
2023-09-21,20.686504,106.595795,2023-09-21 06:17:06.001998848,418.072360,0.000000,0.543210,True
2023-09-21,20.676878,106.597210,2023-09-21 06:17:06.028995328,417.965700,0.000000,0.382716,True
2023-09-21,20.706497,106.591200,2023-09-21 06:17:06.336014336,417.832760,0.000000,0.395062,True
2023-09-21,20.704987,106.593850,2023-09-21 06:17:05.562009344,417.206850,0.000000,0.407407,True
2023-09-21,15.656972,108.439926,2023-09-21 07:46:31.920027136,416.051200,0.000000,0.382716,True
2023-09-21,15.616429,108.446620,2023-09-21 07:46:31.533024512,416.447330,0.000000,0.320988,True
2023-09-21,15.645024,108.449780,2023-09-21 07:46:31.892990464,417.900730,0.000000,0.382716,True
2023-09-21,15.656972,108.439926,2023-09-21 07:46:31.920027136,416.051200,0.000000,0.382716,True
2023-09-21,15.645024,108.449780,2023-09-21 07:46:31.892990464,417.900730,0.000000,0.382716,True
2023-09-21,15.628403,108.436775,2023-09-21 07:46:31.560020992,418.091860,0.000000,0.530864,True
2023-09-24,21.445295,107.712200,2023-09-24 07:00:30.324988160,419.510350,0.000000,0.345679,True
2023-09-24,21.325450,107.486100,2023-09-24 07:00:26.486988288,422.246120,0.000000,0.333333,True
2023-09-24,21.325450,107.486100,2023-09-24 07:00:26.486988288,422.246120,0.000000,0.333333,True
2023-09-24,21.369335,107.585205,2023-09-24 07:00:28.073018880,420.665070,0.000000,0.308642,True
2023-09-24,21.365513,107.561540,2023-09-24 07:00:27.767005440,420.675200,0.000000,0.308642,True
2023-09-24,21.353157,107.571205,2023-09-24 07:00:27.740008960,420.760530,0.000000,0.358025,True
2023-09-24,21.340778,107.580840,2023-09-24 07:00:27.713012736,420.256230,0.000000,0.407407,True
2023-09-24,21.328377,107.590450,2023-09-24 07:00:27.686016256,421.697420,0.000000,0.456790,True
2023-09-24,21.432837,107.721750,2023-09-24 07:00:30.297991680,419.013670,0.000000,0.481481,True
2023-09-24,21.432837,107.721750,2023-09-24 07:00:30.297991680,419.013670,0.000000,0.481481,True
2023-09-24,21.445295,107.712200,2023-09-24 07:00:30.324988160,419.510350,0.000000,0.345679,True
2023-09-24,21.328377,107.590450,2023-09-24 07:00:27.686016256,421.697420,0.000000,0.456790,True
2023-09-24,21.340778,107.580840,2023-09-24 07:00:27.713012736,420.256230,0.000000,0.407407,True
2023-09-24,21.365513,107.561540,2023-09-24 07:00:27.767005440,420.675200,0.000000,0.308642,True
2023-09-24,21.369335,107.585205,2023-09-24 07:00:28.073018880,420.665070,0.000000,0.308642,True
2023-09-24,21.353157,107.571205,2023-09-24 07:00:27.740008960,420.760530,0.000000,0.358025,True
2023-10-09,21.283161,106.038895,2023-10-09 01:24:53.539018752,423.605040,0.000000,0.370370,True
2023-10-09,21.283161,106.038895,2023-10-09 01:24:53.539018752,423.605040,0.000000,0.370370,True
2023-11-01,21.144272,105.275700,2023-11-01 06:11:18.001995264,418.945980,0.000000,0.370370,True
2023-11-01,21.127980,105.285610,2023-11-01 06:11:18.415994368,418.305150,0.000000,0.432099,True
2023-11-15,10.321369,104.839740,2023-11-15 06:20:52.389022720,418.122300,0.000000,0.481481,True
2023-11-15,10.328453,104.838520,2023-11-15 06:20:52.748988672,418.104130,0.000000,0.604938,True
2023-11-15,10.332754,104.836390,2023-11-15 06:20:52.362991872,417.588680,0.000000,0.604938,True
2023-11-15,10.329621,104.834480,2023-11-15 06:20:51.615017728,418.078920,0.000000,0.617284,True
2023-11-15,10.333333,104.831360,2023-11-15 06:20:51.228015104,417.898930,0.000000,0.629630,True
2023-11-15,10.325581,104.837290,2023-11-15 06:20:52.002020096,418.110260,0.000000,0.580247,True
2023-12-26,20.558525,106.542920,2023-12-26 06:17:31.920988928,422.681600,0.000000,0.506173,True
2023-12-26,20.566220,106.536370,2023-12-26 06:17:31.894998528,421.482400,0.000000,0.407407,True
2023-12-26,20.530700,106.554184,2023-12-26 06:17:31.615016192,422.898400,0.000000,0.395062,True
2023-12-26,20.546173,106.541120,2023-12-26 06:17:31.561988864,424.014370,0.000000,0.469136,True
2023-12-26,20.510674,106.558945,2023-12-26 06:17:31.282006528,423.387900,0.000000,0.320988,True
2023-12-26,20.518457,106.552444,2023-12-26 06:17:31.255010048,423.475650,0.000000,0.432099,True
2023-12-26,20.498474,106.557236,2023-12-26 06:17:30.920994560,423.817700,0.000000,0.320988,True
2023-12-26,20.506180,106.550690,2023-12-26 06:17:30.895004160,423.489380,0.000000,0.358025,True
2023-12-26,20.447178,106.587524,2023-12-26 06:17:30.696010752,421.937740,0.000000,0.493827,True
2023-12-26,20.455057,106.581270,2023-12-26 06:17:30.669014528,423.341340,0.000000,0.493827,True
2023-12-26,20.486198,106.555480,2023-12-26 06:17:30.561994240,424.536800,0.000000,0.308642,True
2023-12-26,20.438452,106.571580,2023-12-26 06:17:29.920999936,423.874080,0.000000,0.345679,True
2023-12-26,20.550750,106.549440,2023-12-26 06:17:31.948025600,423.102050,0.000000,0.444444,True
2023-12-26,21.070190,106.440730,2023-12-26 06:17:41.029006592,425.593320,0.000000,0.320988,True
2023-12-26,21.057858,106.439060,2023-12-26 06:17:40.669000448,424.277340,0.000000,0.407407,True
2023-12-26,21.009647,106.454760,2023-12-26 06:17:40.029011968,422.565220,0.000000,0.370370,True
2023-12-26,21.129095,106.403500,2023-12-26 06:17:41.227999744,423.427860,0.000000,0.358025,True
2023-12-26,20.771673,106.519250,2023-12-26 06:17:36.415996160,423.678400,0.000000,0.345679,True
2023-12-26,20.795400,106.500610,2023-12-26 06:17:36.336012288,424.102140,0.000000,0.469136,True
2023-12-26,20.759665,106.518000,2023-12-26 06:17:36.055989760,422.284700,0.000000,0.444444,True
2023-12-26,20.767574,106.511790,2023-12-26 06:17:36.028993280,423.722300,0.000000,0.345679,True
2023-12-26,20.967634,106.441300,2023-12-26 06:17:38.561991168,424.996100,0.000000,0.358025,True
2023-12-26,20.775436,106.505500,2023-12-26 06:17:36.001997056,423.323180,0.000000,0.308642,True
2023-12-26,21.121447,106.410150,2023-12-26 06:17:41.254995968,424.225950,0.000000,0.432099,True
2023-12-26,21.098177,106.429700,2023-12-26 06:17:41.336025600,425.379760,0.000000,0.481481,True
2023-12-26,21.122880,106.433020,2023-12-26 06:17:42.055997696,424.214300,0.000000,0.530864,True
2023-12-26,21.130749,106.426740,2023-12-26 06:17:42.029001216,423.274080,0.000000,0.395062,True
2023-12-26,21.138567,106.420390,2023-12-26 06:17:42.002004736,422.880040,0.000000,0.345679,True
2023-12-26,21.105932,106.423290,2023-12-26 06:17:41.308988928,425.268430,0.000000,0.530864,True
2023-12-26,21.102678,106.437675,2023-12-26 06:17:41.722987776,424.580000,0.000000,0.543210,True
2023-12-26,21.110546,106.431400,2023-12-26 06:17:41.695991552,424.629500,0.000000,0.567901,True
2023-12-26,20.739697,106.522880,2023-12-26 06:17:35.723020544,421.416380,0.000000,0.444444,True
2023-12-26,20.755472,106.510390,2023-12-26 06:17:35.668987392,423.447780,0.000000,0.543210,True
2023-12-26,20.607437,106.549470,2023-12-26 06:17:33.363025152,423.306950,0.000000,0.567901,True
2023-12-26,20.571510,106.566536,2023-12-26 06:17:33.083002624,422.793330,0.000000,0.382716,True
2023-12-26,20.579480,106.560420,2023-12-26 06:17:33.056006144,422.588300,0.000000,0.444444,True
2023-12-26,20.587393,106.554230,2023-12-26 06:17:33.029009920,420.717680,0.000000,0.506173,True
2023-12-26,20.595260,106.547950,2023-12-26 06:17:33.002013184,420.869400,0.000000,0.456790,True
2023-12-26,20.603058,106.541620,2023-12-26 06:17:32.975016960,421.413800,0.000000,0.481481,True
2023-12-26,20.610884,106.535164,2023-12-26 06:17:32.948020480,422.079530,0.000000,0.530864,True
2023-12-26,20.599524,106.555664,2023-12-26 06:17:33.389015552,422.807600,0.000000,0.518519,True
2023-12-26,20.575218,106.552710,2023-12-26 06:17:32.669003520,422.408700,0.000000,0.481481,True
2023-12-26,20.598618,106.533410,2023-12-26 06:17:32.588014336,421.124970,0.000000,0.543210,True
2023-12-26,20.606310,106.526850,2023-12-26 06:17:32.562023680,420.546970,0.000000,0.469136,True
2023-12-26,20.562973,106.551140,2023-12-26 06:17:32.308997632,423.245730,0.000000,0.407407,True
2023-12-26,20.570800,106.544685,2023-12-26 06:17:32.282000896,422.215820,0.000000,0.481481,True
2023-12-26,20.567350,106.558980,2023-12-26 06:17:32.696000000,422.671000,0.000000,0.345679,True
2023-12-26,20.591555,106.561780,2023-12-26 06:17:33.416012288,422.329830,0.000000,0.395062,True
2023-12-26,20.619493,106.550890,2023-12-26 06:17:33.722991104,421.087430,0.000000,0.469136,True
2023-12-26,20.611523,106.557010,2023-12-26 06:17:33.749021952,422.856230,0.000000,0.530864,True
2023-12-26,20.719725,106.527756,2023-12-26 06:17:35.389005056,423.732880,0.000000,0.530864,True
2023-12-26,20.751076,106.502340,2023-12-26 06:17:35.282025216,422.736020,0.000000,0.320988,True
2023-12-26,20.691666,106.538430,2023-12-26 06:17:35.082991616,421.852540,0.000000,0.481481,True
2023-12-26,20.699623,106.532270,2023-12-26 06:17:35.055995136,423.094450,0.000000,0.518519,True
2023-12-26,20.707525,106.526050,2023-12-26 06:17:35.028998912,423.378780,0.000000,0.530864,True
2023-12-26,20.715380,106.519740,2023-12-26 06:17:35.002002432,423.188350,0.000000,0.506173,True
2023-12-26,20.730980,106.506874,2023-12-26 06:17:34.948009472,423.261570,0.000000,0.469136,True
2023-12-26,20.738739,106.500310,2023-12-26 06:17:34.921012992,422.846440,0.000000,0.370370,True
2023-12-26,20.687426,106.530560,2023-12-26 06:17:34.695989248,421.135100,0.000000,0.469136,True
2023-12-26,20.695282,106.524260,2023-12-26 06:17:34.668992768,423.965640,0.000000,0.580247,True
2023-12-26,20.718643,106.504845,2023-12-26 06:17:34.588003328,424.066800,0.000000,0.407407,True
2023-12-26,20.726324,106.498250,2023-12-26 06:17:34.562012928,423.356350,0.000000,0.370370,True
2023-12-26,20.683008,106.522500,2023-12-26 06:17:34.308986624,423.666780,0.000000,0.432099,True
2023-12-26,20.690836,106.516030,2023-12-26 06:17:34.281990400,423.715800,0.000000,0.407407,True
2023-12-26,20.698608,106.509500,2023-12-26 06:17:34.254993920,424.530760,0.000000,0.308642,True
2023-12-26,20.706300,106.502930,2023-12-26 06:17:34.227997184,424.804780,0.000000,0.419753,True
2023-12-26,20.631490,106.552230,2023-12-26 06:17:34.082996992,421.751900,0.000000,0.493827,True
2023-12-26,20.535122,106.562210,2023-12-26 06:17:32.002018816,422.529100,0.000000,0.370370,True
2023-12-26,13.605448,108.141230,2023-12-26 06:15:37.749007104,422.088300,0.000000,0.419753,True
2023-12-26,13.585342,108.145580,2023-12-26 06:15:37.415997696,423.117340,0.000000,0.345679,True
2023-12-26,13.593756,108.140460,2023-12-26 06:15:37.389001472,423.200040,0.000000,0.358025,True
2023-12-26,11.261687,108.642530,2023-12-26 06:14:58.308987904,424.405700,0.000000,0.395062,True
2023-12-26,13.602124,108.135254,2023-12-26 06:15:37.363010560,422.705630,0.000000,0.333333,True
2023-12-26,13.566849,108.132640,2023-12-26 06:15:36.282026752,420.038270,0.000000,0.358025,True
2023-12-26,13.575094,108.127120,2023-12-26 06:15:36.254990080,422.060700,0.000000,0.382716,True
2023-12-26,14.097044,108.028854,2023-12-26 06:15:45.723013632,423.426330,0.000000,0.493827,True
2023-12-26,14.085115,108.028000,2023-12-26 06:15:45.363007488,422.460940,0.000000,0.382716,True
2023-12-26,21.135159,106.434580,2023-12-26 06:17:42.416003584,423.701500,0.000000,0.382716,True
2023-12-26,21.143082,106.428375,2023-12-26 06:17:42.389007104,423.030980,0.000000,0.320988,True
2023-12-26,21.351692,106.374450,2023-12-26 06:17:45.696010240,421.406040,0.000000,0.382716,True
2023-12-26,21.254799,106.383990,2023-12-26 06:17:43.614991104,421.576500,0.000000,0.358025,True
2023-12-26,21.262522,106.377365,2023-12-26 06:17:43.587994880,422.223940,0.000000,0.419753,True
2023-12-26,21.270164,106.370705,2023-12-26 06:17:43.562004224,421.139220,0.000000,0.333333,True
2023-12-26,21.250048,106.375410,2023-12-26 06:17:43.227988736,422.161930,0.000000,0.382716,True
2023-12-26,21.209816,106.384800,2023-12-26 06:17:42.562009856,422.586600,0.000000,0.345679,True
2023-12-26,21.259400,106.392270,2023-12-26 06:17:44.001993984,422.448300,0.000000,0.333333,True
2023-12-26,21.347172,106.366425,2023-12-26 06:17:45.309007360,421.832760,0.000000,0.456790,True
2023-12-26,21.354958,106.359870,2023-12-26 06:17:45.282011136,421.962400,0.000000,0.345679,True
2023-12-26,21.342741,106.358185,2023-12-26 06:17:44.920999168,421.215500,0.000000,0.395062,True
2023-12-26,21.350393,106.351530,2023-12-26 06:17:44.895008512,421.760070,0.000000,0.308642,True
2023-12-26,21.275871,106.401540,2023-12-26 06:17:44.749002496,421.957240,0.000000,0.320988,True
2023-12-26,21.283804,106.395340,2023-12-26 06:17:44.723012096,421.577940,0.000000,0.308642,True
2023-12-26,21.315062,106.369730,2023-12-26 06:17:44.615025920,420.634400,0.000000,0.333333,True
2023-12-26,21.263844,106.400246,2023-12-26 06:17:44.388996352,421.931850,0.000000,0.358025,True
2023-12-26,21.302769,106.367940,2023-12-26 06:17:44.255020032,420.174930,0.000000,0.320988,True
2023-12-26,21.832888,106.260440,2023-12-26 06:17:53.696006656,422.494300,0.000000,0.382716,True
2023-12-26,21.616745,106.297980,2023-12-26 06:17:49.614999040,423.338200,0.000000,0.358025,True
2023-12-28,20.886892,106.819010,2023-12-28 06:06:24.722998528,423.782440,0.000000,0.506173,True
2023-12-28,21.019730,106.784720,2023-12-28 06:06:27.416003584,424.265620,0.000000,0.395062,True
2023-12-28,21.013409,106.782580,2023-12-28 06:06:27.055997696,424.449520,0.000000,0.370370,True
2023-12-28,21.026913,106.751236,2023-12-28 06:06:25.894990080,422.579900,0.000000,0.345679,True
2023-12-28,20.909790,106.803734,2023-12-28 06:06:24.669005824,423.684660,0.000000,0.370370,True
2023-12-28,20.857050,106.831540,2023-12-28 06:06:24.416019968,422.585200,0.000000,0.419753,True
2023-12-28,20.880154,106.816460,2023-12-28 06:06:24.362992640,425.052220,0.000000,0.444444,True
2023-12-28,20.902813,106.801030,2023-12-28 06:06:24.308999680,424.068600,0.000000,0.308642,True
