date,latitude,longitude,time,xco2,xco2_quality_flag
2022-01-01,10.906876,105.385155,2022-01-01 03:15:42.229007360,419.15442,0.0
2022-01-01,10.9145565,105.39855,2022-01-01 03:15:42.256003584,420.13416,0.0
2022-01-01,10.922264,105.411934,2022-01-01 03:15:42.283000064,418.4465,0.0
2022-01-01,10.937757,105.43862,2022-01-01 03:15:42.336993024,418.1032,0.0
2022-01-01,10.945543,105.45194,2022-01-01 03:15:42.363989248,417.81573,0.0
2022-01-01,10.953357,105.46524,2022-01-01 03:15:42.390985728,419.53113,0.0
2022-01-01,10.961197,105.478516,2022-01-01 03:15:42.418022400,418.74722,0.0
2022-01-01,10.890097,105.39761,2022-01-01 03:15:42.563022592,419.23712,0.0
2022-01-01,10.897777,105.41101,2022-01-01 03:15:42.590019328,419.15295,0.0
2022-01-01,10.905483,105.424385,2022-01-01 03:15:42.617015552,419.32156,0.0
2022-01-01,10.913217,105.43774,2022-01-01 03:15:42.644012032,418.9302,0.0
2022-01-01,10.920976,105.45107,2022-01-01 03:15:42.671008256,418.62964,0.0
2022-01-01,10.9287615,105.46439,2022-01-01 03:15:42.698004736,417.61017,0.0
2022-01-01,10.936574,105.47769,2022-01-01 03:15:42.725001216,419.09384,0.0
2022-01-01,10.944414,105.49097,2022-01-01 03:15:42.751997696,418.64932,0.0
2022-01-01,10.873317,105.41006,2022-01-01 03:15:42.895992064,418.87848,0.0
2022-01-01,10.880997,105.423454,2022-01-01 03:15:42.922988288,420.10056,0.0
2022-01-01,10.896435,105.45019,2022-01-01 03:15:42.977021696,419.0017,0.0
2022-01-01,10.904194,105.463524,2022-01-01 03:15:43.004018176,418.2769,0.0
2022-01-01,10.911979,105.47684,2022-01-01 03:15:43.031014400,418.0305,0.0
2022-01-01,10.919791,105.490135,2022-01-01 03:15:43.058011136,420.14792,0.0
2022-01-01,10.92763,105.50342,2022-01-01 03:15:43.085007360,418.15564,0.0
2022-01-01,10.856537,105.42251,2022-01-01 03:15:43.229001728,418.0605,0.0
2022-01-01,10.864216,105.435905,2022-01-01 03:15:43.255998208,418.94345,0.0
2022-01-01,10.871922,105.44928,2022-01-01 03:15:43.282994688,418.65182,0.0
2022-01-01,10.879653,105.46264,2022-01-01 03:15:43.309991168,417.59003,0.0
2022-01-01,10.887411,105.47597,2022-01-01 03:15:43.337027840,418.8489,0.0
2022-01-01,10.895195,105.48929,2022-01-01 03:15:43.364024064,417.8886,0.0
2022-01-01,10.903007,105.50259,2022-01-01 03:15:43.391020544,418.89914,0.0
2022-01-01,10.910846,105.51586,2022-01-01 03:15:43.418017024,418.6377,0.0
2022-01-01,10.839755,105.43496,2022-01-01 03:15:43.563017472,417.82562,0.0
2022-01-01,10.847434,105.44836,2022-01-01 03:15:43.590013696,419.61078,0.0
2022-01-01,10.855139,105.46173,2022-01-01 03:15:43.617010176,419.12994,0.0
2022-01-01,10.86287,105.47508,2022-01-01 03:15:43.644006400,418.03036,0.0
2022-01-01,10.870627,105.48842,2022-01-01 03:15:43.671002880,418.39508,0.0
2022-01-01,10.878411,105.50173,2022-01-01 03:15:43.697999360,418.9679,0.0
2022-01-01,10.886222,105.51503,2022-01-01 03:15:43.724995840,419.52377,0.0
2022-01-01,10.838356,105.474174,2022-01-01 03:15:43.950019840,419.55542,0.0
2022-01-01,10.8460865,105.487526,2022-01-01 03:15:43.977016320,419.17004,0.0
2022-01-01,10.853843,105.50086,2022-01-01 03:15:44.004012544,418.92157,0.0
2022-01-01,10.861627,105.514175,2022-01-01 03:15:44.031009280,419.6138,0.0
2022-01-01,10.869437,105.52747,2022-01-01 03:15:44.058005504,418.5264,0.0
2022-01-01,10.821572,105.48662,2022-01-01 03:15:44.282989312,418.65796,0.0
2022-01-01,10.829302,105.49997,2022-01-01 03:15:44.310025984,418.4045,0.0
2022-01-01,10.837058,105.513306,2022-01-01 03:15:44.337022208,419.96054,0.0
2022-01-01,10.844841,105.52662,2022-01-01 03:15:44.364018688,419.26056,0.0
2022-01-01,10.789408,105.47229,2022-01-01 03:15:44.563011840,418.72537,0.0
2022-01-01,10.797086,105.48569,2022-01-01 03:15:44.590008320,419.0576,0.0
2022-01-01,10.804789,105.49906,2022-01-01 03:15:44.617004544,419.30054,0.0
2022-01-01,10.828055,105.53906,2022-01-01 03:15:44.697993984,418.57004,0.0
2022-01-01,10.835864,105.55236,2022-01-01 03:15:44.724990464,419.2171,0.0
2022-01-01,10.843701,105.565636,2022-01-01 03:15:44.751986944,419.4515,0.0
2022-01-01,10.772624,105.48473,2022-01-01 03:15:44.896021248,417.98602,0.0
2022-01-01,10.803487,105.538185,2022-01-01 03:15:45.004007424,418.55258,0.0
2022-01-01,10.811269,105.5515,2022-01-01 03:15:45.031003648,418.51642,0.0
2022-01-01,10.8190775,105.5648,2022-01-01 03:15:45.058000128,417.87677,0.0
2022-01-01,10.826913,105.57807,2022-01-01 03:15:45.084996352,418.47995,0.0
2022-01-01,10.7867,105.55063,2022-01-01 03:15:45.337016832,418.95413,0.0
2022-01-01,10.769913,105.563065,2022-01-01 03:15:45.670992128,419.00992,0.0
2022-01-01,10.745372,105.562164,2022-01-01 03:15:45.977005568,419.14404,0.0
2022-01-01,10.753125,105.5755,2022-01-01 03:15:46.004001792,419.22223,0.0
2022-01-01,10.768712,105.602104,2022-01-01 03:15:46.057994496,418.89285,0.0
2022-01-01,10.728584,105.5746,2022-01-01 03:15:46.310014976,418.03308,0.0
2022-01-01,10.736337,105.58793,2022-01-01 03:15:46.337011456,417.71533,0.0
2022-01-01,10.751923,105.61454,2022-01-01 03:15:46.391004416,420.11716,0.0
2022-01-01,10.759756,105.627815,2022-01-01 03:15:46.418000640,419.33456,0.0
2022-01-01,10.735132,105.62697,2022-01-01 03:15:46.725019904,419.58917,0.0
2022-01-01,10.742966,105.64024,2022-01-01 03:15:46.752016384,420.45316,0.0
2022-01-01,10.695007,105.599464,2022-01-01 03:15:46.976999936,420.11792,0.0
2022-01-01,10.710537,105.62611,2022-01-01 03:15:47.030992640,418.77274,0.0
2022-01-01,10.678218,105.61189,2022-01-01 03:15:47.310009600,418.5769,0.0
2022-01-01,10.685968,105.62523,2022-01-01 03:15:47.337006080,418.5246,0.0
2022-01-01,10.693746,105.638535,2022-01-01 03:15:47.364002560,418.27618,0.0
2022-01-01,10.7015505,105.651825,2022-01-01 03:15:47.390998784,420.35974,0.0
2022-01-01,10.709383,105.6651,2022-01-01 03:15:47.417995520,418.69366,0.0
2022-01-01,10.638333,105.58421,2022-01-01 03:15:47.562995456,420.16028,0.0
2022-01-01,10.669177,105.63765,2022-01-01 03:15:47.671021568,418.48996,0.0
2022-01-01,10.676954,105.65096,2022-01-01 03:15:47.698018048,417.99503,0.0
2022-01-01,10.684758,105.66425,2022-01-01 03:15:47.725014528,418.7374,0.0
2022-01-01,10.69259,105.67753,2022-01-01 03:15:47.752010752,418.42133,0.0
2022-01-01,10.621544,105.59664,2022-01-01 03:15:47.896005120,419.53174,0.0
2022-01-01,10.629215,105.61003,2022-01-01 03:15:47.923001856,419.86145,0.0
2022-01-01,10.636912,105.6234,2022-01-01 03:15:47.949998080,418.57623,0.0
2022-01-01,10.644636,105.63675,2022-01-01 03:15:47.976994560,418.46036,0.0
2022-01-01,10.652386,105.65008,2022-01-01 03:15:48.003990784,418.69827,0.0
2022-01-01,10.660162,105.66339,2022-01-01 03:15:48.030987264,418.32697,0.0
2022-01-01,10.667966,105.67668,2022-01-01 03:15:48.058023936,418.70425,0.0
2022-01-01,10.6757965,105.68996,2022-01-01 03:15:48.085020416,418.07773,0.0
2022-01-01,10.604754,105.60907,2022-01-01 03:15:48.229014784,418.2282,0.0
2022-01-01,10.612425,105.62246,2022-01-01 03:15:48.256011264,418.6758,0.0
2022-01-01,10.620122,105.635826,2022-01-01 03:15:48.283007744,418.22372,0.0
2022-01-01,10.627845,105.64918,2022-01-01 03:15:48.310004224,418.6496,0.0
2022-01-01,10.635593,105.662506,2022-01-01 03:15:48.337000704,418.64438,0.0
2022-01-01,10.64337,105.67581,2022-01-01 03:15:48.363996928,418.4036,0.0
2022-01-01,10.651173,105.6891,2022-01-01 03:15:48.390993664,419.49503,0.0
2022-01-01,10.659002,105.70238,2022-01-01 03:15:48.417989888,418.61996,0.0
2022-01-01,10.595634,105.63488,2022-01-01 03:15:48.590026752,418.74585,0.0
2022-01-01,10.60333,105.64825,2022-01-01 03:15:48.617023232,417.50983,0.0
2022-01-01,10.6110525,105.6616,2022-01-01 03:15:48.644019712,419.3173,0.0
2022-01-01,10.6188,105.67493,2022-01-01 03:15:48.671016192,419.349,0.0
2022-01-01,10.626575,105.68824,2022-01-01 03:15:48.698012672,418.7348,0.0
2022-01-01,10.578842,105.6473,2022-01-01 03:15:48.922996224,419.38214,0.0
2022-01-01,10.586537,105.660675,2022-01-01 03:15:48.949992704,418.9348,0.0
2022-01-01,10.594259,105.67402,2022-01-01 03:15:48.976988928,418.5806,0.0
2022-01-01,10.602007,105.68735,2022-01-01 03:15:49.004025600,418.98074,0.0
2022-01-01,10.609782,105.70066,2022-01-01 03:15:49.031022080,418.92526,0.0
2022-01-01,10.617583,105.71395,2022-01-01 03:15:49.058018560,417.80618,0.0
2022-01-01,10.55438,105.64634,2022-01-01 03:15:49.229009408,419.4456,0.0
2022-01-01,10.56205,105.65973,2022-01-01 03:15:49.256005888,419.18225,0.0
2022-01-01,10.569745,105.673096,2022-01-01 03:15:49.283002368,419.08755,0.0
2022-01-01,10.577466,105.68644,2022-01-01 03:15:49.309998848,418.70697,0.0
2022-01-01,10.585213,105.69977,2022-01-01 03:15:49.336995072,418.6104,0.0
2022-01-01,10.592987,105.71308,2022-01-01 03:15:49.363991808,418.64236,0.0
2022-01-01,10.537588,105.65876,2022-01-01 03:15:49.563024896,418.5309,0.0
2022-01-01,10.545257,105.67214,2022-01-01 03:15:49.590021376,419.0334,0.0
2022-01-01,10.552951,105.68552,2022-01-01 03:15:49.617017856,419.66364,0.0
2022-01-01,10.560672,105.69886,2022-01-01 03:15:49.644014336,418.9619,0.0
2022-01-01,10.5684185,105.71219,2022-01-01 03:15:49.671010816,419.36304,0.0
2022-01-01,10.576192,105.725494,2022-01-01 03:15:49.698007040,418.49005,0.0
2022-01-01,10.583993,105.738785,2022-01-01 03:15:49.725003520,418.36627,0.0
2022-01-01,10.520796,105.67117,2022-01-01 03:15:49.895994368,418.49997,0.0
2022-01-01,10.528463,105.68456,2022-01-01 03:15:49.922990848,418.21204,0.0
2022-01-01,10.536158,105.69793,2022-01-01 03:15:49.950027520,418.42514,0.0
2022-01-01,10.543877,105.71128,2022-01-01 03:15:49.977023744,419.10757,0.0
2022-01-01,10.551623,105.72461,2022-01-01 03:15:50.004020224,418.53214,0.0
2022-01-01,10.559397,105.737915,2022-01-01 03:15:50.031016704,419.0526,0.0
2022-01-01,10.575024,105.76447,2022-01-01 03:15:50.085009664,417.27005,0.0
2022-01-01,10.511669,105.69698,2022-01-01 03:15:50.256000512,419.37207,0.0
2022-01-01,10.519362,105.71035,2022-01-01 03:15:50.282996992,418.2837,0.0
2022-01-01,10.5270815,105.723694,2022-01-01 03:15:50.309993216,418.3461,0.0
2022-01-01,10.534827,105.73702,2022-01-01 03:15:50.336989952,418.70572,0.0
2022-01-01,10.558227,105.776886,2022-01-01 03:15:50.418019328,417.19266,0.0
2022-01-01,10.487207,105.69601,2022-01-01 03:15:50.563019520,418.5434,0.0
2022-01-01,10.502567,105.72276,2022-01-01 03:15:50.617012480,418.6524,0.0
2022-01-01,10.510285,105.73611,2022-01-01 03:15:50.644008960,418.96866,0.0
2022-01-01,10.518031,105.749435,2022-01-01 03:15:50.671005184,418.1514,0.0
2022-01-01,10.470413,105.70843,2022-01-01 03:15:50.895988992,419.3634,0.0
2022-01-01,10.478079,105.72181,2022-01-01 03:15:50.923025664,419.06296,0.0
2022-01-01,10.485771,105.735176,2022-01-01 03:15:50.950021888,418.51184,0.0
2022-01-01,10.468974,105.74759,2022-01-01 03:15:51.282991360,418.56137,0.0
2022-01-01,10.436822,105.733246,2022-01-01 03:15:51.563014144,419.4851,0.0
2022-01-01,10.444487,105.746635,2022-01-01 03:15:51.590010624,419.3248,0.0
2022-01-01,10.459894,105.773346,2022-01-01 03:15:51.644003328,417.51868,0.0
2022-01-01,10.420026,105.74566,2022-01-01 03:15:51.896023808,418.68524,0.0
2022-01-01,10.42769,105.75904,2022-01-01 03:15:51.923020032,419.35938,0.0
2022-01-01,10.43538,105.77241,2022-01-01 03:15:51.950016512,418.5308,0.0
2022-01-01,10.443097,105.78575,2022-01-01 03:15:51.977012992,419.0516,0.0
2022-01-01,10.403229,105.758064,2022-01-01 03:15:52.228993280,419.06528,0.0
2022-01-01,10.4108925,105.771454,2022-01-01 03:15:52.255989504,418.76266,0.0
2022-01-01,10.418582,105.78481,2022-01-01 03:15:52.283026176,418.69797,0.0
2022-01-01,10.3940935,105.78386,2022-01-01 03:15:52.590005248,419.30463,0.0
2022-01-01,10.401783,105.797226,2022-01-01 03:15:52.617001472,418.1948,0.0
2022-01-01,10.409498,105.81057,2022-01-01 03:15:52.643997952,418.19806,0.0
2022-01-01,10.369632,105.782875,2022-01-01 03:15:52.896018176,418.84912,0.0
2022-01-01,10.377295,105.796265,2022-01-01 03:15:52.923014656,418.66638,0.0
2022-01-01,10.384983,105.80962,2022-01-01 03:15:52.950011136,418.76678,0.0
2022-01-01,10.352833,105.79528,2022-01-01 03:15:53.228987648,419.009,0.0
2022-01-01,10.360496,105.80867,2022-01-01 03:15:53.256024320,419.1316,0.0
2022-01-01,10.368183,105.82203,2022-01-01 03:15:53.283021056,418.81012,0.0
2022-01-01,10.375897,105.83537,2022-01-01 03:15:53.310017280,418.2363,0.0
2022-01-01,10.383637,105.8487,2022-01-01 03:15:53.337013760,418.33115,0.0
2022-01-01,10.391405,105.862,2022-01-01 03:15:53.364009984,418.5517,0.0
2022-01-01,10.3991995,105.87529,2022-01-01 03:15:53.391006464,417.98386,0.0
2022-01-01,10.4070215,105.88856,2022-01-01 03:15:53.418003200,417.9805,0.0
2022-01-01,10.336034,105.807686,2022-01-01 03:15:53.563003392,418.86923,0.0
2022-01-01,10.343695,105.82107,2022-01-01 03:15:53.589999616,417.98206,0.0
2022-01-01,10.351382,105.834435,2022-01-01 03:15:53.616996096,419.30365,0.0
2022-01-01,10.359096,105.84778,2022-01-01 03:15:53.643992320,419.23352,0.0
2022-01-01,10.366836,105.8611,2022-01-01 03:15:53.670989056,418.43106,0.0
2022-01-01,10.374603,105.874405,2022-01-01 03:15:53.698025728,418.39905,0.0
2022-01-01,10.382397,105.88769,2022-01-01 03:15:53.725021952,418.10098,0.0
2022-01-01,10.390219,105.900955,2022-01-01 03:15:53.752018432,418.3531,0.0
2022-01-01,10.326895,105.83347,2022-01-01 03:15:53.923009280,418.52307,0.0
2022-01-01,10.334581,105.84683,2022-01-01 03:15:53.950005760,419.10968,0.0
2022-01-01,10.342295,105.860176,2022-01-01 03:15:53.977002240,419.26474,0.0
2022-01-01,10.350034,105.8735,2022-01-01 03:15:54.003998720,418.35828,0.0
2022-01-01,10.3578005,105.8868,2022-01-01 03:15:54.030995200,418.75867,0.0
2022-01-01,10.365594,105.900085,2022-01-01 03:15:54.057991424,418.39893,0.0
2022-01-01,10.373414,105.91335,2022-01-01 03:15:54.084987904,417.8169,0.0
2022-01-01,10.310093,105.84587,2022-01-01 03:15:54.256019200,418.1772,0.0
2022-01-01,10.31778,105.85923,2022-01-01 03:15:54.283015424,418.44952,0.0
2022-01-01,10.325492,105.872574,2022-01-01 03:15:54.310011904,418.44867,0.0
2022-01-01,10.333231,105.885895,2022-01-01 03:15:54.337008128,419.08313,0.0
2022-01-01,10.340997,105.8992,2022-01-01 03:15:54.364004608,417.91107,0.0
2022-01-01,10.348789,105.91248,2022-01-01 03:15:54.391001344,419.48267,0.0
2022-01-01,10.356609,105.92575,2022-01-01 03:15:54.417997568,418.74557,0.0
2022-01-01,10.308688,105.88497,2022-01-01 03:15:54.644027136,418.69598,0.0
2022-01-01,10.316427,105.89829,2022-01-01 03:15:54.671023872,418.92563,0.0
2022-01-01,10.324192,105.9116,2022-01-01 03:15:54.698020096,418.805,0.0
2022-01-01,10.3319845,105.92488,2022-01-01 03:15:54.725016576,418.87622,0.0
2022-01-01,10.339804,105.93814,2022-01-01 03:15:54.752013312,418.842,0.0
2022-01-01,10.291884,105.89737,2022-01-01 03:15:54.976996864,418.45056,0.0
2022-01-01,10.299623,105.91069,2022-01-01 03:15:55.003993344,419.83032,0.0
2022-01-01,10.315179,105.93727,2022-01-01 03:15:55.057986048,418.82263,0.0
2022-01-01,10.322998,105.95054,2022-01-01 03:15:55.085022720,418.34467,0.0
2022-01-01,10.281566,105.96206,2022-01-01 03:15:55.725011456,419.40955,0.0
2022-01-01,10.289384,105.97533,2022-01-01 03:15:55.752007680,419.20813,0.0
2022-01-01,10.216954,105.93359,2022-01-01 03:15:56.283004416,418.93854,0.0
2022-01-01,10.232399,105.96026,2022-01-01 03:15:56.336997632,417.77866,0.0
2022-01-01,10.240161,105.97356,2022-01-01 03:15:56.363993856,418.55444,0.0
2022-01-01,10.184809,105.91924,2022-01-01 03:15:56.562986752,419.18527,0.0
2022-01-01,10.192466,105.932625,2022-01-01 03:15:56.590023424,418.9533,0.0
2022-01-01,10.200148,105.945984,2022-01-01 03:15:56.617020160,419.10187,0.0
2022-01-01,10.207856,105.95932,2022-01-01 03:15:56.644016384,418.83636,0.0
2022-01-01,10.215591,105.97264,2022-01-01 03:15:56.671012864,418.0984,0.0
2022-01-01,10.223353,105.98595,2022-01-01 03:15:56.698009600,417.7506,0.0
2022-01-01,10.231142,105.99922,2022-01-01 03:15:56.725005824,417.75388,0.0
2022-01-01,10.238959,106.01249,2022-01-01 03:15:56.752002304,419.4202,0.0
2022-01-01,10.175659,105.94501,2022-01-01 03:15:56.922993152,419.45688,0.0
2022-01-01,10.183341,105.95837,2022-01-01 03:15:56.949989632,418.7296,0.0
2022-01-01,10.19105,105.97171,2022-01-01 03:15:56.977026304,419.56964,0.0
2022-01-01,10.198784,105.98503,2022-01-01 03:15:57.004022528,420.35373,0.0
2022-01-01,10.214334,106.01161,2022-01-01 03:15:57.058015232,418.93698,0.0
2022-01-01,10.151197,105.944016,2022-01-01 03:15:57.229006336,418.6708,0.0
2022-01-01,10.158853,105.9574,2022-01-01 03:15:57.256002560,418.9591,0.0
2022-01-01,10.166534,105.97076,2022-01-01 03:15:57.282999040,419.82138,0.0
2022-01-01,10.174242,105.98409,2022-01-01 03:15:57.309995776,419.11615,0.0
2022-01-01,10.181975,105.99741,2022-01-01 03:15:57.336992000,419.59268,0.0
2022-01-01,10.189736,106.01071,2022-01-01 03:15:57.363988480,418.20578,0.0
2022-01-01,10.197524,106.023994,2022-01-01 03:15:57.391025152,418.84137,0.0
2022-01-01,10.205339,106.037254,2022-01-01 03:15:57.418021632,419.08148,0.0
2022-01-01,10.134391,105.9564,2022-01-01 03:15:57.563021568,419.17435,0.0
2022-01-01,10.142046,105.96978,2022-01-01 03:15:57.590018304,418.71164,0.0
2022-01-01,10.149726,105.98314,2022-01-01 03:15:57.617014528,419.00928,0.0
2022-01-01,10.1574335,105.996475,2022-01-01 03:15:57.644011008,420.33655,0.0
2022-01-01,10.165167,106.009796,2022-01-01 03:15:57.671007744,419.3278,0.0
2022-01-01,10.172927,106.023094,2022-01-01 03:15:57.698003968,418.66995,0.0
2022-01-01,10.180714,106.03638,2022-01-01 03:15:57.725000448,419.18637,0.0
2022-01-01,10.188529,106.04964,2022-01-01 03:15:57.751996672,419.00574,0.0
2022-01-01,10.117583,105.96879,2022-01-01 03:15:57.895991296,418.49567,0.0
2022-01-01,10.132917,105.99552,2022-01-01 03:15:57.950024448,419.69565,0.0
2022-01-01,10.140624,106.00886,2022-01-01 03:15:57.977020672,419.4385,0.0
2022-01-01,10.148356,106.02218,2022-01-01 03:15:58.004017152,419.69705,0.0
2022-01-01,10.1561165,106.03548,2022-01-01 03:15:58.031013376,418.83304,0.0
2022-01-01,10.163903,106.04876,2022-01-01 03:15:58.058010112,420.13962,0.0
2022-01-01,10.100775,105.98117,2022-01-01 03:15:58.229000704,418.77838,0.0
2022-01-01,10.108429,105.994545,2022-01-01 03:15:58.255997184,418.3848,0.0
2022-01-01,10.116108,106.007904,2022-01-01 03:15:58.282993920,419.06464,0.0
2022-01-01,10.123814,106.02124,2022-01-01 03:15:58.309990144,419.43085,0.0
2022-01-01,10.131546,106.03456,2022-01-01 03:15:58.337026816,419.81232,0.0
2022-01-01,10.139305,106.04786,2022-01-01 03:15:58.364023296,420.08435,0.0
2022-01-01,10.147092,106.06114,2022-01-01 03:15:58.391019776,419.79965,0.0
2022-01-01,10.154905,106.0744,2022-01-01 03:15:58.418016256,419.33032,0.0
2022-01-01,10.083966,105.993546,2022-01-01 03:15:58.563016448,419.5404,0.0
2022-01-01,10.0992985,106.02029,2022-01-01 03:15:58.617009152,419.35394,0.0
2022-01-01,10.107003,106.03362,2022-01-01 03:15:58.644005888,419.6353,0.0
2022-01-01,10.122494,106.06024,2022-01-01 03:15:58.697998592,418.93777,0.0
2022-01-01,10.13028,106.07352,2022-01-01 03:15:58.724994816,419.7001,0.0
2022-01-01,10.067157,106.00593,2022-01-01 03:15:58.896026112,419.41135,0.0
2022-01-01,10.090193,106.046,2022-01-01 03:15:58.977015296,418.8795,0.0
2022-01-01,10.097924,106.05932,2022-01-01 03:15:59.004011520,420.37454,0.0
2022-01-01,10.12128,106.09916,2022-01-01 03:15:59.085000960,420.1552,0.0
2022-01-01,10.050347,106.0183,2022-01-01 03:15:59.228995328,418.85617,0.0
2022-01-01,10.057999,106.031685,2022-01-01 03:15:59.255991808,419.2691,0.0
2022-01-01,10.065677,106.04504,2022-01-01 03:15:59.282988288,418.7515,0.0
2022-01-01,10.104466,106.111534,2022-01-01 03:15:59.418010624,419.4393,0.0
2022-01-01,10.048865,106.05742,2022-01-01 03:15:59.617004032,419.28433,0.0
2022-01-01,10.056569,106.070755,2022-01-01 03:15:59.644000256,419.6335,0.0
2022-01-01,10.0643,106.08407,2022-01-01 03:15:59.670996736,419.30045,0.0
2022-01-01,10.072057,106.09737,2022-01-01 03:15:59.697992960,419.4526,0.0
2022-01-01,10.087652,106.1239,2022-01-01 03:15:59.751985920,418.69238,0.0
2022-01-01,10.039757,106.08313,2022-01-01 03:15:59.977009664,419.9252,0.0
2022-01-01,10.047486,106.09644,2022-01-01 03:16:00.004006400,419.58374,0.0
2022-01-01,10.063026,106.12302,2022-01-01 03:16:00.057999104,420.48605,0.0
2022-01-01,9.999914,106.05543,2022-01-01 03:16:00.228989952,419.7719,0.0
2022-01-01,10.007565,106.06881,2022-01-01 03:16:00.256026624,418.97244,0.0
2022-01-01,10.015241,106.08216,2022-01-01 03:16:00.283023104,419.07242,0.0
2022-01-01,10.030673,106.10882,2022-01-01 03:16:00.337016064,420.0627,0.0
2022-01-01,10.046211,106.13539,2022-01-01 03:16:00.391008768,420.2494,0.0
2022-01-01,10.054022,106.14865,2022-01-01 03:16:00.418005248,420.36816,0.0
2022-01-01,9.998428,106.094536,2022-01-01 03:16:00.616998400,419.447,0.0
2022-01-01,10.00613,106.10787,2022-01-01 03:16:00.643994880,419.9668,0.0
2022-01-01,10.013859,106.121185,2022-01-01 03:16:00.670991104,420.39514,0.0
2022-01-01,10.029396,106.14776,2022-01-01 03:16:00.725024256,420.65417,0.0
2022-01-01,10.037207,106.16102,2022-01-01 03:16:00.752020736,420.7573,0.0
2022-01-01,9.9662895,106.08017,2022-01-01 03:16:00.896015104,419.6071,0.0
2022-01-01,9.973939,106.09355,2022-01-01 03:16:00.923011584,419.74173,0.0
2022-01-01,9.997044,106.13355,2022-01-01 03:16:01.004001024,419.6708,0.0
2022-01-01,10.02039,106.173386,2022-01-01 03:16:01.084990208,420.1851,0.0
2022-01-01,9.9648,106.11927,2022-01-01 03:16:01.283017728,419.98666,0.0
2022-01-01,9.986755,106.19812,2022-01-01 03:16:01.752015360,419.28085,0.0
2022-01-01,9.96213,106.19722,2022-01-01 03:16:02.057988352,421.37473,0.0
2022-01-01,9.919479,106.24757,2022-01-01 03:16:03.085019648,420.78094,0.0
2022-01-02,21.825998,102.767845,2022-01-02 02:24:48.613987072,416.86713,0.0
2022-01-02,21.801577,102.768166,2022-01-02 02:24:48.921006080,417.38385,0.0
2022-01-02,21.80989,102.78189,2022-01-02 02:24:48.948002304,417.45282,0.0
2022-01-02,21.761118,102.782555,2022-01-02 02:24:49.559988736,417.40894,0.0
2022-01-02,21.803444,102.89231,2022-01-02 02:24:50.083019520,414.18033,0.0
2022-01-02,21.728926,102.8107,2022-01-02 02:24:50.227013888,416.5403,0.0
2022-01-02,21.721645,102.88008,2022-01-02 02:24:50.974988032,416.67825,0.0
2022-01-02,21.626299,103.04704,2022-01-02 02:24:53.749022464,417.28625,0.0
2022-01-02,21.585007,103.020134,2022-01-02 02:24:54.002008320,416.96207,0.0
2022-01-06,22.520498,102.90481,2022-01-06 00:48:28.064009216,410.05875,0.0
2022-01-06,22.063013,103.32948,2022-01-06 00:48:37.758022400,412.71738,0.0
2022-01-06,22.030098,103.316376,2022-01-06 00:48:38.036998656,413.0661,0.0
2022-01-06,22.038504,103.32997,2022-01-06 00:48:38.063995392,414.05756,0.0
2022-01-06,22.046951,103.34358,2022-01-06 00:48:38.090991616,413.09515,0.0
2022-01-06,21.96451,103.28998,2022-01-06 00:48:38.595997952,413.936,0.0
2022-01-06,21.972832,103.30369,2022-01-06 00:48:38.622994432,414.58444,0.0
2022-01-06,21.9979,103.34464,2022-01-06 00:48:38.704023808,412.27823,0.0
2022-01-06,21.948431,103.30409,2022-01-06 00:48:38.929007616,414.5934,0.0
2022-01-06,21.956726,103.317764,2022-01-06 00:48:38.956004096,413.91138,0.0
2022-01-06,21.965055,103.33143,2022-01-06 00:48:38.983000576,412.34085,0.0
2022-01-06,21.93234,103.31823,2022-01-06 00:48:39.262017280,415.8186,0.0
2022-01-06,21.90792,103.318565,2022-01-06 00:48:39.568996096,411.4704,0.0
2022-01-06,21.916237,103.33232,2022-01-06 00:48:39.595992576,411.08228,0.0
2022-01-06,21.90013,103.34647,2022-01-06 00:48:39.929002240,414.52084,0.0
2022-01-06,21.92516,103.38748,2022-01-06 00:48:40.009991680,415.85797,0.0
2022-01-06,21.950438,103.42839,2022-01-06 00:48:40.091021056,411.16776,0.0
2022-01-06,21.917469,103.41529,2022-01-06 00:48:40.369997568,413.6229,0.0
2022-01-06,21.934309,103.442505,2022-01-06 00:48:40.423990528,414.60385,0.0
2022-01-06,21.892946,103.41565,2022-01-06 00:48:40.677016832,415.017,0.0
2022-01-06,21.901339,103.4293,2022-01-06 00:48:40.704013056,415.45044,0.0
2022-01-06,21.876862,103.42982,2022-01-06 00:48:41.009986048,414.5565,0.0
2022-01-06,21.885244,103.44346,2022-01-06 00:48:41.037022720,416.17157,0.0
2022-01-06,21.893648,103.45707,2022-01-06 00:48:41.064019200,415.2424,0.0
2022-01-06,21.90209,103.470665,2022-01-06 00:48:41.091015680,415.892,0.0
2022-01-06,21.827486,103.389114,2022-01-06 00:48:41.235010048,417.047,0.0
2022-01-06,21.860788,103.44389,2022-01-06 00:48:41.342995712,415.5431,0.0
2022-01-06,21.869167,103.45752,2022-01-06 00:48:41.369992192,415.51767,0.0
2022-01-06,21.877575,103.47114,2022-01-06 00:48:41.396988672,411.75504,0.0
2022-01-06,21.78023,103.51425,2022-01-06 00:48:43.010015488,416.48767,0.0
2022-01-06,21.723547,103.54273,2022-01-06 00:48:43.983013632,413.23227,0.0
2022-01-06,21.682549,103.51575,2022-01-06 00:48:44.234993664,415.71423,0.0
2022-01-06,21.683025,103.55722,2022-01-06 00:48:44.623002112,415.85107,0.0
2022-01-06,21.658628,103.55758,2022-01-06 00:48:44.929015296,415.87302,0.0
2022-01-06,21.634237,103.557915,2022-01-06 00:48:45.234988288,416.19168,0.0
2022-01-06,21.626385,103.58566,2022-01-06 00:48:45.596000256,416.05145,0.0
2022-01-06,21.610287,103.59972,2022-01-06 00:48:45.929009920,413.01364,0.0
2022-01-06,21.594141,103.613754,2022-01-06 00:48:46.262019584,416.42017,0.0
2022-01-06,21.569742,103.614075,2022-01-06 00:48:46.568998400,416.29437,0.0
2022-01-06,21.586304,103.64148,2022-01-06 00:48:46.622991360,414.70844,0.0
2022-01-06,21.553627,103.62808,2022-01-06 00:48:46.902008064,415.7012,0.0
2022-01-06,21.52135,103.65612,2022-01-06 00:48:47.568993024,414.6655,0.0
2022-01-06,21.489098,103.68416,2022-01-06 00:48:48.235012352,413.0939,0.0
2022-01-06,21.472954,103.69813,2022-01-06 00:48:48.568987648,415.0878,0.0
2022-01-06,21.481205,103.71184,2022-01-06 00:48:48.596024320,413.9919,0.0
2022-01-06,21.456768,103.7121,2022-01-06 00:48:48.901997056,415.70355,0.0
2022-01-06,21.376217,103.782265,2022-01-06 00:48:50.569016832,413.205,0.0
2022-01-06,21.360071,103.79617,2022-01-06 00:48:50.902026752,415.6863,0.0
2022-01-06,21.34392,103.81018,2022-01-06 00:48:51.234995968,413.7244,0.0
2022-01-06,21.32776,103.824165,2022-01-06 00:48:51.569011456,413.1977,0.0
2022-01-06,21.31166,103.83817,2022-01-06 00:48:51.902021120,415.9105,0.0
2022-01-06,21.32816,103.86555,2022-01-06 00:48:51.956014080,409.96875,0.0
2022-01-06,21.336456,103.87922,2022-01-06 00:48:51.983010560,407.55157,0.0
2022-01-06,21.295492,103.85216,2022-01-06 00:48:52.234990592,414.7979,0.0
2022-01-06,21.279362,103.866135,2022-01-06 00:48:52.569006080,415.8823,0.0
2022-01-06,21.255325,103.90782,2022-01-06 00:48:53.262021888,414.61966,0.0
2022-01-06,21.247429,103.93544,2022-01-06 00:48:53.622993408,413.4248,0.0
2022-01-06,21.222956,103.93564,2022-01-06 00:48:53.929006848,416.62238,0.0
2022-01-06,21.231222,103.949326,2022-01-06 00:48:53.956003072,413.0398,0.0
2022-01-06,21.198616,103.93592,2022-01-06 00:48:54.235020032,415.22717,0.0
2022-01-06,21.206848,103.94961,2022-01-06 00:48:54.262016256,415.16614,0.0
2022-01-06,21.215113,103.9633,2022-01-06 00:48:54.289012992,414.77594,0.0
2022-01-06,21.223408,103.976974,2022-01-06 00:48:54.316009216,412.45367,0.0
2022-01-06,21.182468,103.949905,2022-01-06 00:48:54.568995328,415.93094,0.0
2022-01-06,21.190685,103.96358,2022-01-06 00:48:54.595991552,415.50943,0.0
2022-01-06,21.198925,103.97723,2022-01-06 00:48:54.622988288,413.27344,0.0
2022-01-06,21.166336,103.963875,2022-01-06 00:48:54.902004992,415.10672,0.0
2022-01-06,21.174562,103.97756,2022-01-06 00:48:54.929001216,413.57153,0.0
2022-01-06,21.19939,104.0185,2022-01-06 00:48:55.009990656,413.85776,0.0
2022-01-06,21.174948,104.018845,2022-01-06 00:48:55.316003840,415.0704,0.0
2022-01-06,21.183245,104.03246,2022-01-06 00:48:55.343000320,414.17264,0.0
2022-01-06,21.133972,103.9917,2022-01-06 00:48:55.568989696,416.9518,0.0
2022-01-06,21.150425,104.01904,2022-01-06 00:48:55.623023104,414.97626,0.0
2022-01-06,21.158709,104.0327,2022-01-06 00:48:55.650019328,417.63232,0.0
2022-01-06,21.167007,104.046326,2022-01-06 00:48:55.677015808,412.16672,0.0
2022-01-06,21.070019,104.13,2022-01-06 00:48:57.677004800,413.2082,0.0
2022-01-06,21.08669,104.15718,2022-01-06 00:48:57.730997760,411.68488,0.0
2022-01-06,21.09506,104.17073,2022-01-06 00:48:57.757994240,412.24368,0.0
2022-01-06,21.062176,104.1575,2022-01-06 00:48:58.037011200,415.7913,0.0
2022-01-06,21.070536,104.17111,2022-01-06 00:48:58.064007424,413.61066,0.0
2022-01-06,21.078901,104.18467,2022-01-06 00:48:58.091003904,414.3489,0.0
2022-01-06,21.012798,104.11675,2022-01-06 00:48:58.261994752,412.6004,0.0
2022-01-06,21.021048,104.13043,2022-01-06 00:48:58.288991232,413.55453,0.0
2022-01-06,21.029314,104.14408,2022-01-06 00:48:58.316027904,414.48468,0.0
2022-01-06,21.037615,104.157715,2022-01-06 00:48:58.343024128,414.91983,0.0
2022-01-06,21.045942,104.17134,2022-01-06 00:48:58.370020608,414.55978,0.0
2022-01-06,21.054296,104.18494,2022-01-06 00:48:58.397017088,414.37146,0.0
2022-01-06,21.062685,104.198524,2022-01-06 00:48:58.424013568,413.66455,0.0
2022-01-06,21.021433,104.17157,2022-01-06 00:48:58.676999680,416.81186,0.0
2022-01-06,21.02975,104.18519,2022-01-06 00:48:58.703995904,414.89795,0.0
2022-01-06,21.0381,104.19879,2022-01-06 00:48:58.730992384,414.8998,0.0
2022-01-06,21.013626,104.19916,2022-01-06 00:48:59.037005568,415.55432,0.0
2022-01-06,21.021975,104.212746,2022-01-06 00:48:59.064002048,414.43802,0.0
2022-01-06,20.997477,104.21315,2022-01-06 00:48:59.370015232,413.99835,0.0
2022-01-06,21.005825,104.22674,2022-01-06 00:48:59.397011712,414.20837,0.0
2022-01-06,21.014202,104.24031,2022-01-06 00:48:59.424008192,413.85257,0.0
2022-01-06,20.964705,104.199844,2022-01-06 00:48:59.649997824,412.10522,0.0
2022-01-06,20.989647,104.240654,2022-01-06 00:48:59.730987008,413.34177,0.0
2022-01-06,20.998013,104.25421,2022-01-06 00:48:59.758023680,414.52216,0.0
2022-01-06,20.956861,104.22745,2022-01-06 00:49:00.010003712,414.29376,0.0
2022-01-06,20.965181,104.241066,2022-01-06 00:49:00.037000192,412.84927,0.0
2022-01-06,20.973532,104.25467,2022-01-06 00:49:00.063996672,414.6738,0.0
2022-01-06,20.981886,104.2682,2022-01-06 00:49:00.090992896,413.066,0.0
2022-01-06,20.876253,104.33776,2022-01-06 00:49:02.064025856,413.66516,0.0
2022-01-06,20.860075,104.35166,2022-01-06 00:49:02.396995584,413.37335,0.0
2022-01-06,20.868435,104.36523,2022-01-06 00:49:02.423991808,415.4002,0.0
2022-01-06,20.836075,104.392975,2022-01-06 00:49:03.091016960,413.29807,0.0
2022-01-06,19.282875,105.64184,2022-01-06 00:49:34.342989824,415.59967,0.0
2022-01-06,19.274775,105.66899,2022-01-06 00:49:34.704001792,418.69626,0.0
2022-01-06,19.291275,105.69605,2022-01-06 00:49:34.757994752,418.67294,0.0
2022-01-06,19.217646,105.61453,2022-01-06 00:49:34.901988864,416.5604,0.0
2022-01-06,19.22576,105.62819,2022-01-06 00:49:34.929025536,418.56995,0.0
2022-01-06,19.233896,105.64182,2022-01-06 00:49:34.956022272,418.75455,0.0
2022-01-06,19.24206,105.65543,2022-01-06 00:49:34.983018752,417.8901,0.0
2022-01-06,19.250248,105.66902,2022-01-06 00:49:35.010014976,418.21817,0.0
2022-01-06,19.258461,105.68259,2022-01-06 00:49:35.037011712,416.05237,0.0
2022-01-06,19.2667,105.69614,2022-01-06 00:49:35.064007936,416.32806,0.0
2022-01-06,19.27495,105.70964,2022-01-06 00:49:35.091004416,416.3096,0.0
2022-01-06,19.217512,105.65531,2022-01-06 00:49:35.288991744,418.08087,0.0
2022-01-06,19.225685,105.66893,2022-01-06 00:49:35.316028416,417.52115,0.0
2022-01-06,19.233887,105.68253,2022-01-06 00:49:35.343024640,417.30045,0.0
2022-01-06,19.250366,105.70967,2022-01-06 00:49:35.397017600,416.97516,0.0
2022-01-06,19.185015,105.6417,2022-01-06 00:49:35.569014272,417.9146,0.0
2022-01-06,19.193117,105.65534,2022-01-06 00:49:35.596010752,418.8372,0.0
2022-01-06,19.201242,105.66896,2022-01-06 00:49:35.623006976,418.21573,0.0
2022-01-06,19.209393,105.68256,2022-01-06 00:49:35.650003456,418.62384,0.0
2022-01-06,19.217577,105.696144,2022-01-06 00:49:35.676999936,419.10666,0.0
2022-01-06,19.225796,105.70972,2022-01-06 00:49:35.703996416,417.6535,0.0
2022-01-06,19.234041,105.72327,2022-01-06 00:49:35.730992896,416.9859,0.0
2022-01-06,19.168726,105.655304,2022-01-06 00:49:35.902023680,418.37015,0.0
2022-01-06,19.176825,105.66894,2022-01-06 00:49:35.929020416,418.29883,0.0
2022-01-06,19.184946,105.682556,2022-01-06 00:49:35.956016896,418.0351,0.0
2022-01-06,19.201267,105.709724,2022-01-06 00:49:36.010009856,417.14377,0.0
2022-01-06,19.209465,105.723274,2022-01-06 00:49:36.037006080,419.4618,0.0
2022-01-06,19.152374,105.66885,2022-01-06 00:49:36.234993408,418.2485,0.0
2022-01-06,19.160486,105.68251,2022-01-06 00:49:36.261989888,417.5762,0.0
2022-01-06,19.168608,105.69611,2022-01-06 00:49:36.289026560,418.43005,0.0
2022-01-06,19.176756,105.7097,2022-01-06 00:49:36.316022784,418.48654,0.0
2022-01-06,19.136003,105.68233,2022-01-06 00:49:36.569008896,417.54913,0.0
2022-01-06,19.144115,105.695984,2022-01-06 00:49:36.596005120,418.56732,0.0
2022-01-06,19.160412,105.72323,2022-01-06 00:49:36.649998080,420.4777,0.0
2022-01-06,19.119677,105.6959,2022-01-06 00:49:36.902018560,418.38617,0.0
2022-01-06,19.135923,105.723175,2022-01-06 00:49:36.956011264,419.83466,0.0
2022-01-06,19.111437,105.72306,2022-01-06 00:49:37.262024704,419.6348,0.0
2022-01-06,16.129625,108.11717,2022-01-06 00:50:37.568999680,416.60382,0.0
2022-01-06,16.054934,108.196014,2022-01-06 00:50:39.262010112,417.97833,0.0
2022-01-22,10.72632,107.95624,2022-01-22 07:47:37.364009472,417.83215,0.0
2022-01-22,10.726314,107.933914,2022-01-22 07:47:37.391005696,418.24725,0.0
2022-01-22,10.743427,107.94655,2022-01-22 07:47:37.725021440,419.17044,0.0
2022-01-22,10.743419,107.92417,2022-01-22 07:47:37.752017664,417.75323,0.0
2022-01-22,10.810785,108.01847,2022-01-22 07:47:39.030988800,418.97684,0.0
2022-01-22,10.811072,107.99656,2022-01-22 07:47:39.058025472,418.20996,0.0
2022-01-22,10.811183,107.97434,2022-01-22 07:47:39.085021952,418.5148,0.0
2022-01-22,10.828029,107.98682,2022-01-22 07:47:39.417991424,417.837,0.0
2022-01-22,10.844749,108.02129,2022-01-22 07:47:39.725010432,418.56186,0.0
2022-01-22,10.878621,108.023865,2022-01-22 07:47:40.418026240,417.69754,0.0
2022-01-22,10.89564,108.036316,2022-01-22 07:47:40.752001280,418.22363,0.0
2022-01-22,10.912125,108.07057,2022-01-22 07:47:41.058014720,418.3471,0.0
2022-01-22,10.912211,108.048294,2022-01-22 07:47:41.085010944,417.73834,0.0
2022-01-22,10.928856,108.082825,2022-01-22 07:47:41.391024384,418.08536,0.0
2022-01-22,10.929007,108.06063,2022-01-22 07:47:41.418020608,417.81454,0.0
2022-01-22,10.9449,108.18318,2022-01-22 07:47:41.617014016,418.03943,0.0
2022-01-22,10.945386,108.16167,2022-01-22 07:47:41.644010240,418.85068,0.0
2022-01-22,10.945257,108.139244,2022-01-22 07:47:41.671006720,417.54633,0.0
2022-01-22,10.945504,108.1173,2022-01-22 07:47:41.698002944,418.14236,0.0
2022-01-22,10.94573,108.09527,2022-01-22 07:47:41.724999424,418.1984,0.0
2022-01-22,10.960724,108.238464,2022-01-22 07:47:41.895990272,418.3202,0.0
2022-01-22,10.961283,108.21715,2022-01-22 07:47:41.923026944,418.16425,0.0
2022-01-22,10.961949,108.19594,2022-01-22 07:47:41.950023424,418.2846,0.0
2022-01-22,10.962012,108.17385,2022-01-22 07:47:41.977019904,419.05173,0.0
2022-01-22,10.962111,108.15176,2022-01-22 07:47:42.004016384,417.06088,0.0
2022-01-22,10.9627285,108.0856,2022-01-22 07:47:42.085005824,417.1066,0.0
2022-01-22,10.977645,108.25114,2022-01-22 07:47:42.229000192,417.78247,0.0
2022-01-22,10.978077,108.22966,2022-01-22 07:47:42.255996416,417.13525,0.0
2022-01-22,10.978611,108.20825,2022-01-22 07:47:42.282992896,417.63058,0.0
2022-01-22,10.978891,108.18644,2022-01-22 07:47:42.309989376,418.5632,0.0
2022-01-22,10.979155,108.14224,2022-01-22 07:47:42.364022528,418.08737,0.0
2022-01-22,10.9793625,108.12017,2022-01-22 07:47:42.391018752,417.24716,0.0
2022-01-22,10.97954,108.098,2022-01-22 07:47:42.418015232,417.46252,0.0
2022-01-22,10.994774,108.26389,2022-01-22 07:47:42.563015424,418.73593,0.0
2022-01-22,11.019699,108.29394,2022-01-22 07:47:43.228994560,418.49423,0.0
2022-01-22,11.020066,108.27245,2022-01-22 07:47:43.255991040,418.46735,0.0
2022-01-22,11.020778,108.2293,2022-01-22 07:47:43.310024192,417.28204,0.0
2022-01-22,11.021043,108.207535,2022-01-22 07:47:43.337020672,417.5063,0.0
2022-01-22,11.021156,108.18549,2022-01-22 07:47:43.364016896,417.58395,0.0
2022-01-22,11.021114,108.16319,2022-01-22 07:47:43.391013376,418.65134,0.0
2022-01-22,11.021178,108.14107,2022-01-22 07:47:43.418009856,417.2446,0.0
2022-01-22,11.00842,108.166595,2022-01-22 07:47:44.004005376,418.0308,0.0
2022-01-22,11.008192,108.14409,2022-01-22 07:47:44.031002112,417.87558,0.0
2022-01-22,11.00794,108.1215,2022-01-22 07:47:44.057998336,416.92853,0.0
2022-01-22,11.00767,108.09883,2022-01-22 07:47:44.084994816,417.312,0.0
2022-01-22,11.025478,108.26759,2022-01-22 07:47:44.228989184,417.95972,0.0
2022-01-22,11.025574,108.24574,2022-01-22 07:47:44.256025856,416.94382,0.0
2022-01-22,11.025577,108.22372,2022-01-22 07:47:44.283022336,417.95758,0.0
2022-01-22,11.025415,108.20141,2022-01-22 07:47:44.310018816,417.21085,0.0
2022-01-22,11.02528,108.17908,2022-01-22 07:47:44.337015040,418.8184,0.0
2022-01-22,11.024886,108.156334,2022-01-22 07:47:44.364011520,417.0365,0.0
2022-01-22,11.024664,108.13378,2022-01-22 07:47:44.391008000,417.56497,0.0
2022-01-22,11.0425205,108.25833,2022-01-22 07:47:44.590001152,419.0148,0.0
2022-01-22,11.042279,108.2139,2022-01-22 07:47:44.643993856,418.65988,0.0
2022-01-22,11.0421295,108.19154,2022-01-22 07:47:44.670990592,418.44385,0.0
2022-01-22,11.041818,108.16889,2022-01-22 07:47:44.698027008,418.2468,0.0
2022-01-22,11.04157,108.14627,2022-01-22 07:47:44.725023488,417.54752,0.0
2022-01-22,11.041316,108.12359,2022-01-22 07:47:44.752019968,416.9347,0.0
2022-01-22,11.059574,108.29288,2022-01-22 07:47:44.896014336,417.79318,0.0
2022-01-22,11.059869,108.27129,2022-01-22 07:47:44.923010816,417.8633,0.0
2022-01-22,11.058764,108.18131,2022-01-22 07:47:45.030996480,417.9159,0.0
2022-01-22,11.058527,108.15873,2022-01-22 07:47:45.057992960,417.61465,0.0
2022-01-22,11.058244,108.13602,2022-01-22 07:47:45.084989184,417.08374,0.0
2022-01-22,11.076466,108.305336,2022-01-22 07:47:45.229024000,418.16232,0.0
2022-01-22,11.0754385,108.171196,2022-01-22 07:47:45.391002624,417.83893,0.0
2022-01-22,11.07522,108.14858,2022-01-22 07:47:45.417999104,418.34607,0.0
2022-01-22,11.093207,108.31761,2022-01-22 07:47:45.562999296,417.2893,0.0
2022-01-22,11.093287,108.29572,2022-01-22 07:47:45.589995520,417.22592,0.0
2022-01-22,11.093405,108.273834,2022-01-22 07:47:45.616992000,417.50357,0.0
2022-01-22,11.093364,108.25168,2022-01-22 07:47:45.643988736,418.4224,0.0
2022-01-22,11.110125,108.330025,2022-01-22 07:47:45.896008960,417.31268,0.0
2022-01-22,11.110083,108.30796,2022-01-22 07:47:45.923005440,417.31055,0.0
2022-01-22,11.110243,108.286125,2022-01-22 07:47:45.950001664,418.24133,0.0
2022-01-22,11.110128,108.26386,2022-01-22 07:47:45.976998400,417.99545,0.0
2022-01-22,11.109911,108.24141,2022-01-22 07:47:46.003994624,417.67038,0.0
2022-01-22,11.109293,108.19613,2022-01-22 07:47:46.057987328,416.8167,0.0
2022-01-22,11.109017,108.17346,2022-01-22 07:47:46.085024000,418.31003,0.0
2022-01-22,11.126957,108.276535,2022-01-22 07:47:46.310007808,417.27338,0.0
2022-01-22,11.126872,108.25427,2022-01-22 07:47:46.337004288,418.6125,0.0
2022-01-22,11.126315,108.2313,2022-01-22 07:47:46.364000768,416.7149,0.0
2022-01-22,11.143932,108.35534,2022-01-22 07:47:46.562993664,418.3854,0.0
2022-01-22,11.143878,108.33328,2022-01-22 07:47:46.589990144,417.9363,0.0
2022-01-22,11.143968,108.31136,2022-01-22 07:47:46.617026816,417.6339,0.0
2022-01-22,11.1439,108.28918,2022-01-22 07:47:46.644023296,417.4693,0.0
2022-01-22,11.14348,108.26644,2022-01-22 07:47:46.671019776,417.86804,0.0
2022-01-22,11.1430025,108.24356,2022-01-22 07:47:46.698016256,417.48077,0.0
2022-01-22,11.142618,108.22075,2022-01-22 07:47:46.725012736,417.72382,0.0
2022-01-22,11.142335,108.19803,2022-01-22 07:47:46.752009216,417.99445,0.0
2022-01-22,11.16036,108.345184,2022-01-22 07:47:46.922999808,417.52368,0.0
2022-01-22,11.160126,108.27857,2022-01-22 07:47:47.003989248,418.99,0.0
2022-01-22,11.159814,108.25588,2022-01-22 07:47:47.030985472,417.70132,0.0
2022-01-22,11.159635,108.23332,2022-01-22 07:47:47.058022144,417.98605,0.0
2022-01-22,11.159399,108.210625,2022-01-22 07:47:47.085018624,418.0382,0.0
2022-01-22,11.17721,108.37934,2022-01-22 07:47:47.229013248,418.70288,0.0
2022-01-22,11.177396,108.35759,2022-01-22 07:47:47.256009472,418.32358,0.0
2022-01-22,11.176992,108.26851,2022-01-22 07:47:47.363995392,417.92838,0.0
2022-01-22,11.176787,108.24596,2022-01-22 07:47:47.390991616,417.37814,0.0
2022-01-22,11.17646,108.223175,2022-01-22 07:47:47.417988352,417.78018,0.0
2022-01-22,11.193952,108.39167,2022-01-22 07:47:47.562988288,418.1561,0.0
2022-01-22,11.1939125,108.369606,2022-01-22 07:47:47.590024960,418.20706,0.0
2022-01-22,11.193786,108.280846,2022-01-22 07:47:47.698010880,418.28543,0.0
2022-01-22,11.193581,108.25828,2022-01-22 07:47:47.725007360,417.65576,0.0
2022-01-22,11.193371,108.23564,2022-01-22 07:47:47.752003584,418.42007,0.0
2022-01-22,11.210895,108.404144,2022-01-22 07:47:47.895997952,418.34708,0.0
2022-01-22,11.21083,108.38206,2022-01-22 07:47:47.922994688,418.62698,0.0
2022-01-22,11.210859,108.36004,2022-01-22 07:47:47.949990912,417.68515,0.0
2022-01-22,11.210866,108.337944,2022-01-22 07:47:47.977027584,417.46103,0.0
2022-01-22,11.210759,108.31564,2022-01-22 07:47:48.004024064,417.4019,0.0
2022-01-22,11.210624,108.293304,2022-01-22 07:47:48.031020288,417.9081,0.0
2022-01-22,11.210367,108.27074,2022-01-22 07:47:48.058016768,417.9724,0.0
2022-01-22,11.210051,108.24804,2022-01-22 07:47:48.085013504,418.0221,0.0
2022-01-22,11.227263,108.416504,2022-01-22 07:47:48.229007616,418.1064,0.0
2022-01-22,11.227376,108.39465,2022-01-22 07:47:48.256004096,417.30685,0.0
2022-01-22,11.22744,108.37269,2022-01-22 07:47:48.283000576,418.34955,0.0
2022-01-22,11.227433,108.35057,2022-01-22 07:47:48.309997056,417.7469,0.0
2022-01-22,11.227326,108.32827,2022-01-22 07:47:48.336993536,417.83218,0.0
2022-01-22,11.227166,108.30584,2022-01-22 07:47:48.363989760,417.09308,0.0
2022-01-22,11.2269535,108.28329,2022-01-22 07:47:48.390986496,417.4546,0.0
2022-01-22,11.226952,108.26097,2022-01-22 07:47:48.418023168,417.9753,0.0
2022-01-22,11.244177,108.42913,2022-01-22 07:47:48.563023104,416.9031,0.0
2022-01-22,11.244218,108.40715,2022-01-22 07:47:48.590019584,418.07834,0.0
2022-01-22,11.244324,108.385216,2022-01-22 07:47:48.617016064,417.63763,0.0
2022-01-22,11.24435,108.36312,2022-01-22 07:47:48.644012544,417.54727,0.0
2022-01-22,11.244365,108.340965,2022-01-22 07:47:48.671009024,417.92435,0.0
2022-01-22,11.243888,108.295784,2022-01-22 07:47:48.725001728,416.95178,0.0
2022-01-22,11.243633,108.27309,2022-01-22 07:47:48.751998208,417.9619,0.0
2022-01-22,11.2610235,108.4415,2022-01-22 07:47:48.895992832,416.88278,0.0
2022-01-22,11.261196,108.4197,2022-01-22 07:47:48.922989056,414.53235,0.0
2022-01-22,11.261183,108.397606,2022-01-22 07:47:48.950025728,417.9484,0.0
2022-01-22,11.261216,108.37553,2022-01-22 07:47:48.977022208,417.70612,0.0
2022-01-22,11.261219,108.35335,2022-01-22 07:47:49.004018432,417.07703,0.0
2022-01-22,11.261074,108.33088,2022-01-22 07:47:49.031014912,418.3578,0.0
2022-01-22,11.260827,108.30822,2022-01-22 07:47:49.058011648,418.12466,0.0
2022-01-22,11.2605715,108.28551,2022-01-22 07:47:49.085007872,417.8789,0.0
2022-01-22,11.277985,108.4539,2022-01-22 07:47:49.229002240,416.7282,0.0
2022-01-22,11.278084,108.432,2022-01-22 07:47:49.255998720,417.75662,0.0
2022-01-22,11.278194,108.41004,2022-01-22 07:47:49.282995200,417.58118,0.0
2022-01-22,11.278142,108.38781,2022-01-22 07:47:49.309991680,417.63013,0.0
2022-01-22,11.278116,108.365555,2022-01-22 07:47:49.337028352,417.5934,0.0
2022-01-22,11.278058,108.34321,2022-01-22 07:47:49.364024576,417.1975,0.0
2022-01-22,11.277889,108.32065,2022-01-22 07:47:49.391021312,418.19095,0.0
2022-01-22,11.295274,108.40039,2022-01-22 07:47:49.644007168,417.95325,0.0
2022-01-22,11.295021,108.3556,2022-01-22 07:47:49.697999872,417.28235,0.0
2022-01-22,11.294856,108.33307,2022-01-22 07:47:49.724996352,417.6371,0.0
2022-01-22,11.294573,108.310326,2022-01-22 07:47:49.751992576,417.9274,0.0
2022-01-22,11.312069,108.45687,2022-01-22 07:47:49.923023872,417.0467,0.0
2022-01-22,11.3121395,108.41275,2022-01-22 07:47:49.977016576,417.0617,0.0
2022-01-22,11.312097,108.34597,2022-01-22 07:47:50.058006016,418.0445,0.0
2022-01-22,11.311615,108.322945,2022-01-22 07:47:50.085002496,417.3181,0.0
2022-01-22,11.347229,108.50613,2022-01-22 07:47:50.563012352,419.60645,0.0
2022-01-22,11.60008,108.64931,2022-01-22 07:47:55.617018112,417.76733,0.0
2022-01-22,11.600545,108.60556,2022-01-22 07:47:55.671011328,416.5822,0.0
2022-01-22,11.616394,108.683235,2022-01-22 07:47:55.922991360,417.01993,0.0
2022-01-22,11.616527,108.661316,2022-01-22 07:47:55.949987840,416.81345,0.0
2022-01-22,11.616568,108.63924,2022-01-22 07:47:55.977024512,418.0097,0.0
2022-01-22,11.61631,108.61668,2022-01-22 07:47:56.004020992,417.29272,0.0
2022-01-22,11.632725,108.69504,2022-01-22 07:47:56.256001024,416.77896,0.0
2022-01-22,11.633052,108.67331,2022-01-22 07:47:56.282997248,417.00665,0.0
2022-01-22,11.632953,108.65095,2022-01-22 07:47:56.309993728,417.4035,0.0
2022-01-22,11.649799,108.729576,2022-01-22 07:47:56.563020032,416.68808,0.0
2022-01-22,11.649768,108.70746,2022-01-22 07:47:56.590016256,416.41977,0.0
2022-01-22,11.649745,108.6853,2022-01-22 07:47:56.617012992,416.53333,0.0
2022-01-22,11.666119,108.74155,2022-01-22 07:47:56.895989504,416.7432,0.0
2022-01-22,11.666132,108.7195,2022-01-22 07:47:56.923026176,417.82333,0.0
2022-01-22,11.682744,108.753914,2022-01-22 07:47:57.228999168,417.4723,0.0
2022-01-22,11.684122,108.62279,2022-01-22 07:47:57.391017984,416.37946,0.0
2022-01-22,11.699636,108.744606,2022-01-22 07:47:57.590011136,416.75418,0.0
2022-01-22,11.700154,108.65652,2022-01-22 07:47:57.697996800,416.73932,0.0
2022-01-22,11.716011,108.77859,2022-01-22 07:47:57.896024320,417.5062,0.0
2022-01-22,11.716402,108.73492,2022-01-22 07:47:57.950017280,417.2949,0.0
2022-01-22,11.716512,108.71289,2022-01-22 07:47:57.977013504,416.828,0.0
2022-01-22,11.71673,108.69097,2022-01-22 07:47:58.004009984,416.67847,0.0
2022-01-22,11.741983,108.7655,2022-01-22 07:47:58.617001984,417.9055,0.0
2022-01-22,11.742027,108.74339,2022-01-22 07:47:58.643998720,417.5885,0.0
2022-01-22,11.741975,108.721115,2022-01-22 07:47:58.670994944,416.8022,0.0
2022-01-22,11.742046,108.6767,2022-01-22 07:47:58.724987648,416.90488,0.0
2022-01-22,11.758349,108.82211,2022-01-22 07:47:58.896018944,419.15613,0.0
2022-01-22,11.758207,108.799965,2022-01-22 07:47:58.923015424,416.9809,0.0
2022-01-22,11.758253,108.77802,2022-01-22 07:47:58.950011648,417.19324,0.0
2022-01-22,11.758238,108.75594,2022-01-22 07:47:58.977008128,417.52628,0.0
2022-01-22,11.745937,108.75909,2022-01-22 07:47:59.590000128,417.17587,0.0
2022-01-22,11.74554,108.73648,2022-01-22 07:47:59.616996864,417.23526,0.0
2022-01-22,11.762972,108.7938,2022-01-22 07:47:59.896013568,417.61383,0.0
2022-01-22,11.762716,108.77147,2022-01-22 07:47:59.923009792,417.97324,0.0
2022-01-22,11.762439,108.74906,2022-01-22 07:47:59.950006272,417.3802,0.0
2022-01-22,11.762129,108.726555,2022-01-22 07:47:59.977002496,417.7879,0.0
2022-01-22,11.779348,108.761375,2022-01-22 07:48:00.283015936,418.1196,0.0
2022-01-22,11.847509,108.8566,2022-01-22 07:48:01.562993152,418.94098,0.0
2022-01-22,11.845921,108.7439,2022-01-22 07:48:01.698015232,418.87784,0.0
2022-01-22,11.999883,108.97051,2022-01-22 07:48:04.563016960,418.5595,0.0
2022-01-22,12.133143,109.06902,2022-01-22 07:48:07.229025280,416.4895,0.0
2022-01-22,12.166762,109.09395,2022-01-22 07:48:07.896010496,419.4363,0.0
2022-01-22,12.184369,109.085434,2022-01-22 07:48:08.256016128,418.53818,0.0
2022-01-22,12.200638,109.09717,2022-01-22 07:48:08.589991680,418.90784,0.0
2022-01-22,12.2184,109.110954,2022-01-22 07:48:08.923001344,418.6406,0.0
2022-01-22,12.216482,109.08623,2022-01-22 07:48:08.949997568,416.7939,0.0
2022-01-22,12.265284,109.0552,2022-01-22 07:48:10.031021824,418.03638,0.0
2022-01-22,12.283024,109.11364,2022-01-22 07:48:10.309998592,418.4448,0.0
2022-01-22,12.28222,109.067986,2022-01-22 07:48:10.363991296,417.7932,0.0
2022-01-22,12.449351,109.23832,2022-01-22 07:48:12.058007552,416.46835,0.0
2022-01-25,15.718737,107.33474,2022-01-25 07:00:32.420007936,419.47473,0.0
2022-01-25,16.381706,107.85777,2022-01-25 07:00:45.752987392,419.47144,0.0
2022-01-25,16.393002,107.84725,2022-01-25 07:00:45.780024064,419.82886,0.0
2022-01-25,16.40427,107.8367,2022-01-25 07:00:45.807020544,419.3281,0.0
2022-01-25,16.415514,107.82613,2022-01-25 07:00:45.834016768,418.5256,0.0
2022-01-25,16.426735,107.81554,2022-01-25 07:00:45.861013248,418.4095,0.0
2022-01-28,20.64654,105.31152,2022-01-28 06:12:53.786026240,417.62756,0.0
2022-01-28,20.813868,105.474205,2022-01-28 06:12:57.759008256,418.48508,0.0
2022-01-28,20.804169,105.48548,2022-01-28 06:12:58.066027264,418.01602,0.0
2022-01-28,20.925034,105.547066,2022-01-28 06:12:59.453024512,418.867,0.0
2022-01-28,20.94207,105.56167,2022-01-28 06:12:59.785993472,419.0829,0.0
2022-01-28,20.87505,105.56613,2022-01-28 06:13:00.039019776,418.90082,0.0
2022-01-28,20.930225,105.572586,2022-01-28 06:13:00.093012736,419.24567,0.0
2022-01-28,20.986189,105.57899,2022-01-28 06:13:00.147005440,420.82993,0.0
2022-01-28,20.891354,105.5798,2022-01-28 06:13:00.371989248,419.6274,0.0
2022-01-28,20.918987,105.58304,2022-01-28 06:13:00.399025920,419.0219,0.0
2022-01-28,20.974648,105.58934,2022-01-28 06:13:00.453018880,420.52408,0.0
2022-01-28,20.907923,105.59343,2022-01-28 06:13:00.704998912,420.02237,0.0
2022-01-28,20.991076,105.60306,2022-01-28 06:13:00.785988352,420.9403,0.0
2022-01-28,20.979391,105.61388,2022-01-28 06:13:01.093007360,420.0602,0.0
2022-01-28,20.967848,105.62465,2022-01-28 06:13:01.399020544,419.5657,0.0
2022-01-28,20.858618,105.6029,2022-01-28 06:13:18.174024960,418.0108,0.0
2022-01-28,20.915487,105.61068,2022-01-28 06:13:18.561027584,418.4168,0.0
2022-01-28,20.907276,105.64458,2022-01-28 06:13:19.174019840,418.65402,0.0
2022-01-28,21.041636,105.73841,2022-01-28 06:13:21.534014976,417.77658,0.0
2022-01-28,21.074005,105.76633,2022-01-28 06:13:22.200999680,417.5734,0.0
2022-01-28,21.017979,105.83923,2022-01-28 06:13:23.372025600,419.34595,0.0
2022-01-29,15.413014,107.54905,2022-01-29 05:25:02.202004224,416.64456,0.0
2022-01-29,15.424195,107.538475,2022-01-29 05:25:02.229000448,417.89465,0.0
2022-01-29,15.418448,107.5726,2022-01-29 05:25:02.509023232,418.09238,0.0
2022-01-29,15.451955,107.54085,2022-01-29 05:25:02.590012672,415.1733,0.0
2022-01-29,15.435074,107.585556,2022-01-29 05:25:02.841992704,418.01642,0.0
2022-01-29,15.446247,107.57499,2022-01-29 05:25:02.868988928,418.13843,0.0
2022-01-29,15.4574375,107.56441,2022-01-29 05:25:02.896025600,417.00485,0.0
2022-01-29,15.429154,107.61954,2022-01-29 05:25:03.121009408,417.4957,0.0
2022-01-29,15.440435,107.609085,2022-01-29 05:25:03.148005888,417.73828,0.0
2022-01-29,15.45169,107.598526,2022-01-29 05:25:03.175002368,417.2378,0.0
2022-01-29,15.474042,107.577385,2022-01-29 05:25:03.228995328,417.02338,0.0
2022-01-29,15.485225,107.56676,2022-01-29 05:25:03.255991808,416.72412,0.0
2022-01-29,15.468191,107.61155,2022-01-29 05:25:03.509017856,417.60217,0.0
2022-01-29,15.479414,107.60099,2022-01-29 05:25:03.536014336,416.52414,0.0
2022-01-29,15.490606,107.5904,2022-01-29 05:25:03.563010816,415.9068,0.0
2022-01-29,15.501783,107.57977,2022-01-29 05:25:03.590007040,416.75073,0.0
2022-01-29,15.496004,107.61401,2022-01-29 05:25:03.869023744,416.85583,0.0
2022-01-29,15.507193,107.60343,2022-01-29 05:25:03.896020480,417.0006,0.0
2022-01-29,15.518378,107.592804,2022-01-29 05:25:03.923016704,417.2239,0.0
2022-01-29,15.512635,107.62696,2022-01-29 05:25:04.201993472,418.15213,0.0
2022-01-29,15.523833,107.61638,2022-01-29 05:25:04.228989952,417.11307,0.0
2022-01-29,15.535017,107.60576,2022-01-29 05:25:04.256026624,417.4346,0.0
2022-01-29,15.472949,107.692505,2022-01-29 05:25:04.401026816,417.3305,0.0
2022-01-29,15.55161,107.61874,2022-01-29 05:25:04.590001664,417.54953,0.0
2022-01-29,15.489562,107.705505,2022-01-29 05:25:04.733996032,418.31097,0.0
2022-01-29,15.500895,107.69503,2022-01-29 05:25:04.760992512,417.01324,0.0
2022-01-29,15.512202,107.68452,2022-01-29 05:25:04.787988992,418.92047,0.0
2022-01-29,15.523479,107.67399,2022-01-29 05:25:04.815025664,418.87192,0.0
2022-01-29,15.534723,107.66344,2022-01-29 05:25:04.842021888,417.3714,0.0
2022-01-29,15.506121,107.71855,2022-01-29 05:25:05.067005696,417.04745,0.0
2022-01-29,15.51745,107.70807,2022-01-29 05:25:05.094002176,417.8318,0.0
2022-01-29,15.528752,107.69757,2022-01-29 05:25:05.120998656,417.43127,0.0
2022-01-29,15.54003,107.687035,2022-01-29 05:25:05.147994880,417.6443,0.0
2022-01-29,15.55128,107.67648,2022-01-29 05:25:05.174991616,417.89832,0.0
2022-01-29,15.562508,107.66591,2022-01-29 05:25:05.201988096,418.26587,0.0
2022-01-29,15.573693,107.65532,2022-01-29 05:25:05.229024768,417.599,0.0
2022-01-29,15.584849,107.64471,2022-01-29 05:25:05.256020992,417.29367,0.0
2022-01-29,15.522738,107.731514,2022-01-29 05:25:05.401021184,417.6571,0.0
2022-01-29,15.534063,107.72105,2022-01-29 05:25:05.428017664,418.21597,0.0
2022-01-29,15.545361,107.71055,2022-01-29 05:25:05.455014144,417.7504,0.0
2022-01-29,15.556643,107.70003,2022-01-29 05:25:05.482010624,418.6907,0.0
2022-01-29,15.567899,107.68947,2022-01-29 05:25:05.509007104,418.61115,0.0
2022-01-29,15.579134,107.678894,2022-01-29 05:25:05.536003328,418.20334,0.0
2022-01-29,15.590337,107.6683,2022-01-29 05:25:05.562999808,418.27753,0.0
2022-01-29,15.601483,107.6577,2022-01-29 05:25:05.589996288,418.23923,0.0
2022-01-29,15.550733,107.733986,2022-01-29 05:25:05.760987136,417.73407,0.0
2022-01-29,15.562025,107.723495,2022-01-29 05:25:05.788023808,417.44,0.0
2022-01-29,15.573298,107.71299,2022-01-29 05:25:05.815020032,417.55722,0.0
2022-01-29,15.584551,107.702446,2022-01-29 05:25:05.842016768,416.92557,0.0
2022-01-29,15.595772,107.69187,2022-01-29 05:25:05.869012992,417.52402,0.0
2022-01-29,15.606955,107.68128,2022-01-29 05:25:05.896009472,417.58365,0.0
2022-01-29,15.618096,107.670685,2022-01-29 05:25:05.923005952,417.98755,0.0
2022-01-29,15.555941,107.75749,2022-01-29 05:25:06.067000320,418.59732,0.0
2022-01-29,15.567261,107.74702,2022-01-29 05:25:06.093996800,418.46484,0.0
2022-01-29,15.578549,107.73656,2022-01-29 05:25:06.120993024,418.50262,0.0
2022-01-29,15.58982,107.72604,2022-01-29 05:25:06.147989760,418.2559,0.0
2022-01-29,15.601063,107.7155,2022-01-29 05:25:06.175026432,416.11475,0.0
2022-01-29,15.612308,107.70493,2022-01-29 05:25:06.202022912,417.43484,0.0
2022-01-29,15.623495,107.69434,2022-01-29 05:25:06.229019136,417.76404,0.0
2022-01-29,15.634672,107.68372,2022-01-29 05:25:06.256015616,417.1895,0.0
2022-01-29,15.595206,107.74953,2022-01-29 05:25:06.455008768,417.29456,0.0
2022-01-29,15.606478,107.73901,2022-01-29 05:25:06.482004992,417.27957,0.0
2022-01-29,15.617725,107.72847,2022-01-29 05:25:06.509001472,417.47318,0.0
2022-01-29,15.628941,107.71791,2022-01-29 05:25:06.535997952,417.5218,0.0
2022-01-29,15.640148,107.70731,2022-01-29 05:25:06.562994432,417.09796,0.0
2022-01-29,15.651312,107.6967,2022-01-29 05:25:06.589990912,417.44525,0.0
2022-01-29,15.645462,107.73096,2022-01-29 05:25:06.869007616,416.61685,0.0
2022-01-29,15.656696,107.72035,2022-01-29 05:25:06.896004096,417.29962,0.0
2022-01-29,15.6057205,107.79653,2022-01-29 05:25:07.066994944,416.95703,0.0
2022-01-29,15.673325,107.73336,2022-01-29 05:25:07.229013760,417.67325,0.0
2022-01-29,15.667423,107.767586,2022-01-29 05:25:07.508996096,417.7792,0.0
2022-01-29,15.678666,107.75701,2022-01-29 05:25:07.535992576,417.80005,0.0
2022-01-29,15.638841,107.82265,2022-01-29 05:25:07.734020096,418.86237,0.0
2022-01-29,15.650178,107.81217,2022-01-29 05:25:07.761016320,418.28305,0.0
2022-01-29,15.661494,107.80166,2022-01-29 05:25:07.788013056,417.9562,0.0
2022-01-29,15.672781,107.79112,2022-01-29 05:25:07.815009280,418.71707,0.0
2022-01-29,15.717614,107.74881,2022-01-29 05:25:07.922995200,418.33987,0.0
2022-01-29,15.711869,107.78301,2022-01-29 05:25:08.202011904,417.17633,0.0
2022-01-29,15.723046,107.77242,2022-01-29 05:25:08.229008128,418.1005,0.0
2022-01-29,15.73422,107.76181,2022-01-29 05:25:08.256004864,416.54825,0.0
2022-01-29,15.728536,107.79599,2022-01-29 05:25:08.535987200,417.80225,0.0
2022-01-29,15.73973,107.78539,2022-01-29 05:25:08.563023872,418.91397,0.0
2022-01-29,15.750853,107.7748,2022-01-29 05:25:08.590020096,417.3903,0.0
2022-01-29,15.711282,107.84071,2022-01-29 05:25:08.788007424,417.08792,0.0
2022-01-29,15.722568,107.83019,2022-01-29 05:25:08.815003904,418.17603,0.0
2022-01-29,15.733829,107.81965,2022-01-29 05:25:08.842000384,417.3563,0.0
2022-01-29,15.767451,107.78784,2022-01-29 05:25:08.922989568,417.63757,0.0
2022-01-29,15.71655,107.86422,2022-01-29 05:25:09.094020864,416.59793,0.0
2022-01-29,15.727864,107.85372,2022-01-29 05:25:09.121017344,417.08075,0.0
2022-01-29,15.739162,107.843216,2022-01-29 05:25:09.148013568,417.03278,0.0
2022-01-29,15.750434,107.83266,2022-01-29 05:25:09.175010048,418.62622,0.0
2022-01-29,15.721786,107.887764,2022-01-29 05:25:09.400999424,418.13043,0.0
2022-01-29,15.733109,107.8773,2022-01-29 05:25:09.427995904,418.26828,0.0
2022-01-29,15.76698,107.84572,2022-01-29 05:25:09.509025536,417.5056,0.0
2022-01-29,15.778216,107.835144,2022-01-29 05:25:09.536022016,418.1105,0.0
2022-01-29,15.761081,107.879745,2022-01-29 05:25:09.788002048,416.4516,0.0
2022-01-29,15.77237,107.86922,2022-01-29 05:25:09.814998528,417.29968,0.0
2022-01-29,15.783635,107.85865,2022-01-29 05:25:09.841995008,417.85638,0.0
2022-01-29,15.794862,107.84806,2022-01-29 05:25:09.868991488,417.92172,0.0
2022-01-29,15.817248,107.826866,2022-01-29 05:25:09.923024384,418.70096,0.0
2022-01-29,15.777586,107.89287,2022-01-29 05:25:10.121011712,418.1333,0.0
2022-01-29,15.78888,107.88233,2022-01-29 05:25:10.148008192,416.58023,0.0
2022-01-29,15.822604,107.85058,2022-01-29 05:25:10.228997376,418.67883,0.0
2022-01-29,15.833769,107.83996,2022-01-29 05:25:10.255993856,417.4968,0.0
2022-01-29,15.82799,107.8742,2022-01-29 05:25:10.536016384,416.85226,0.0
2022-01-29,15.86698,107.866,2022-01-29 05:25:10.923019008,419.13043,0.0
2022-01-29,15.849938,107.910835,2022-01-29 05:25:11.174999296,417.6524,0.0
2022-01-29,15.86118,107.90025,2022-01-29 05:25:11.201995520,418.05487,0.0
2022-01-29,15.872399,107.88965,2022-01-29 05:25:11.228992000,418.0127,0.0
2022-01-29,15.883592,107.87902,2022-01-29 05:25:11.255988480,418.07236,0.0
2022-01-29,15.855266,107.934425,2022-01-29 05:25:11.482018304,416.82312,0.0
2022-01-29,15.86654,107.923874,2022-01-29 05:25:11.509014528,417.94662,0.0
2022-01-29,15.900184,107.89208,2022-01-29 05:25:11.590003968,417.3624,0.0
2022-01-29,15.860549,107.95803,2022-01-29 05:25:11.787991296,417.71237,0.0
2022-01-29,15.865838,107.98157,2022-01-29 05:25:12.094004480,417.28122,0.0
2022-01-29,15.955277,107.95495,2022-01-29 05:25:12.896011776,417.15875,0.0
2022-01-29,15.966455,107.944336,2022-01-29 05:25:12.923008256,417.33035,0.0
2022-01-29,16.087309,108.11731,2022-01-29 05:25:16.148015872,416.4271,0.0
2022-01-29,16.132208,108.07497,2022-01-29 05:25:16.256001536,417.29892,0.0
2022-01-29,16.081202,108.15147,2022-01-29 05:25:16.427998208,419.13925,0.0
2022-01-29,16.154266,108.11167,2022-01-29 05:25:16.895990016,417.84546,0.0
2022-02-02,9.911206,106.279854,2022-02-02 03:47:09.131989248,418.07013,0.0
2022-02-02,9.927569,106.2922,2022-02-02 03:47:09.466004736,419.78638,0.0
2022-02-02,9.94443,106.304474,2022-02-02 03:47:09.799014400,418.86737,0.0
2022-02-02,9.968042,106.30497,2022-02-02 03:47:09.826010624,418.52505,0.0
2022-02-02,9.937796,106.31698,2022-02-02 03:47:10.104987392,418.9882,0.0
2022-02-02,9.954496,106.32968,2022-02-02 03:47:10.439002880,418.33615,0.0
2022-02-02,9.940997,106.35313,2022-02-02 03:47:11.050989056,417.73947,0.0
2022-02-02,9.934279,106.3647,2022-02-02 03:47:11.358008064,417.45435,0.0
2022-02-02,10.03436,106.439224,2022-02-02 03:47:13.357997056,417.38715,0.0
2022-02-02,10.091653,106.46555,2022-02-02 03:47:14.051013120,419.55237,0.0
2022-02-02,10.084916,106.4773,2022-02-02 03:47:14.357991680,419.66772,0.0
2022-02-02,10.101561,106.48988,2022-02-02 03:47:14.691001344,419.28293,0.0
2022-02-02,10.228922,106.51676,2022-02-02 03:47:15.466012416,419.03256,0.0
2022-02-02,10.215361,106.540565,2022-02-02 03:47:16.077998592,419.2211,0.0
2022-02-02,10.238902,106.5412,2022-02-02 03:47:16.104995072,419.26886,0.0
2022-02-02,10.232377,106.55342,2022-02-02 03:47:16.412014080,419.24243,0.0
2022-02-02,10.22543,106.56513,2022-02-02 03:47:16.718027264,419.3917,0.0
2022-02-02,10.369638,106.60518,2022-02-02 03:47:17.826007552,418.76492,0.0
2022-02-02,10.393217,106.605576,2022-02-02 03:47:17.853004032,419.5987,0.0
2022-02-02,10.386225,106.61731,2022-02-02 03:47:18.159017216,420.00974,0.0
2022-02-02,10.372706,106.64151,2022-02-02 03:47:18.772009472,418.7103,0.0
2022-02-02,10.318936,106.652115,2022-02-02 03:47:19.023989504,418.7184,0.0
2022-02-02,10.358964,106.66469,2022-02-02 03:47:19.385001472,417.7624,0.0
2022-02-02,10.382414,106.66534,2022-02-02 03:47:19.411997696,418.43784,0.0
2022-02-02,10.405913,106.665955,2022-02-02 03:47:19.438994176,419.79974,0.0
2022-02-02,10.375773,106.67736,2022-02-02 03:47:19.718010880,418.77618,0.0
2022-02-02,10.399287,106.67808,2022-02-02 03:47:19.745007616,418.5741,0.0
2022-02-02,10.392645,106.69035,2022-02-02 03:47:20.051020544,419.29068,0.0
2022-02-02,10.533992,106.69313,2022-02-02 03:47:20.212999424,417.6075,0.0
2022-02-02,10.385696,106.70155,2022-02-02 03:47:20.357999616,418.6047,0.0
2022-02-02,10.402523,106.71429,2022-02-02 03:47:20.691009024,418.514,0.0
2022-02-02,10.419591,106.72698,2022-02-02 03:47:21.024018688,418.9735,0.0
2022-02-02,10.70694,106.891846,2022-02-02 03:47:25.439002112,417.5559,0.0
2022-02-02,10.203929,106.31324,2022-02-02 03:47:34.520022784,417.15897,0.0
2022-02-02,10.22246,106.30765,2022-02-02 03:47:34.547019264,419.17105,0.0
2022-02-02,10.272318,106.34525,2022-02-02 03:47:35.547013632,418.4621,0.0
2022-02-02,10.270552,106.363266,2022-02-02 03:47:35.853027072,418.8282,0.0
2022-02-02,10.289103,106.35768,2022-02-02 03:47:35.880023552,418.45377,0.0
2022-02-02,10.231705,106.39233,2022-02-02 03:47:36.105007104,417.77603,0.0
2022-02-02,10.287466,106.37576,2022-02-02 03:47:36.185996544,417.8355,0.0
2022-02-02,10.305975,106.370186,2022-02-02 03:47:36.212993024,417.72186,0.0
2022-02-02,10.266756,106.39936,2022-02-02 03:47:36.466019072,418.54587,0.0
2022-02-02,10.303928,106.38833,2022-02-02 03:47:36.520011776,417.81183,0.0
2022-02-02,10.209051,106.43359,2022-02-02 03:47:36.691002880,419.27557,0.0
2022-02-02,10.26512,106.41735,2022-02-02 03:47:36.771992320,417.9636,0.0
2022-02-02,10.244597,106.4406,2022-02-02 03:47:37.051009024,419.23804,0.0
2022-02-02,10.279729,106.44786,2022-02-02 03:47:37.412020992,418.2673,0.0
2022-02-02,10.259053,106.47111,2022-02-02 03:47:37.690997248,418.8887,0.0
2022-02-02,10.422937,106.4578,2022-02-02 03:47:38.546997504,416.4062,0.0
2022-02-02,10.400877,106.49941,2022-02-02 03:47:39.131987456,415.8532,0.0
2022-02-02,10.419463,106.493904,2022-02-02 03:47:39.159024128,417.38974,0.0
2022-02-02,10.45654,106.48276,2022-02-02 03:47:39.213017088,417.24307,0.0
2022-02-02,10.398877,106.51742,2022-02-02 03:47:39.439006208,417.3576,0.0
2022-02-02,10.417494,106.511955,2022-02-02 03:47:39.466002944,416.7523,0.0
2022-02-02,10.436086,106.506454,2022-02-02 03:47:39.492999424,416.7689,0.0
2022-02-02,10.454649,106.50091,2022-02-02 03:47:39.519995648,418.16867,0.0
2022-02-02,10.378335,106.54069,2022-02-02 03:47:39.718023424,418.20743,0.0
2022-02-02,10.397009,106.53529,2022-02-02 03:47:39.745019648,417.67224,0.0
2022-02-02,10.415655,106.529884,2022-02-02 03:47:39.772016128,417.7256,0.0
2022-02-02,10.376309,106.558556,2022-02-02 03:47:40.023996416,418.78497,0.0
2022-02-02,10.395003,106.55322,2022-02-02 03:47:40.050992640,418.27863,0.0
2022-02-02,10.432339,106.54242,2022-02-02 03:47:40.105025792,417.45068,0.0
2022-02-02,10.450968,106.53696,2022-02-02 03:47:40.132022016,418.0882,0.0
2022-02-02,10.48814,106.52592,2022-02-02 03:47:40.186015232,418.80087,0.0
2022-02-02,10.506683,106.52034,2022-02-02 03:47:40.213011456,418.75925,0.0
2022-02-02,10.430416,106.560356,2022-02-02 03:47:40.412004352,417.6158,0.0
2022-02-02,10.523304,106.53288,2022-02-02 03:47:40.547027200,418.68854,0.0
2022-02-02,10.536444,106.58151,2022-02-02 03:47:41.492988672,418.18735,0.0
2022-02-02,10.573568,106.57038,2022-02-02 03:47:41.547021568,418.0553,0.0
2022-02-02,10.497427,106.610344,2022-02-02 03:47:41.745008896,418.68637,0.0
2022-02-02,10.534683,106.59948,2022-02-02 03:47:41.799001600,417.3413,0.0
2022-02-02,10.5532675,106.59399,2022-02-02 03:47:41.825998080,417.99924,0.0
2022-02-02,10.571824,106.588455,2022-02-02 03:47:41.852994560,417.64667,0.0
2022-02-02,10.590344,106.58289,2022-02-02 03:47:41.879991040,417.6453,0.0
2022-02-02,10.495362,106.62834,2022-02-02 03:47:42.051022080,418.9355,0.0
2022-02-02,10.551319,106.61208,2022-02-02 03:47:42.132011520,417.99637,0.0
2022-02-02,10.569918,106.60658,2022-02-02 03:47:42.159007744,417.95074,0.0
2022-02-02,10.588488,106.601036,2022-02-02 03:47:42.186004224,418.67578,0.0
2022-02-02,10.60703,106.59546,2022-02-02 03:47:42.213000704,418.06223,0.0
2022-02-02,10.512186,106.64081,2022-02-02 03:47:42.384997376,418.74667,0.0
2022-02-02,10.549517,106.63001,2022-02-02 03:47:42.438990080,417.0494,0.0
2022-02-02,10.568138,106.62456,2022-02-02 03:47:42.465986816,417.28732,0.0
2022-02-02,10.586726,106.61906,2022-02-02 03:47:42.493023488,417.3651,0.0
2022-02-02,10.605286,106.61352,2022-02-02 03:47:42.520019712,418.03555,0.0
2022-02-02,10.623817,106.60794,2022-02-02 03:47:42.547016192,418.06195,0.0
2022-02-02,10.547552,106.64793,2022-02-02 03:47:42.745003520,417.86517,0.0
2022-02-02,10.603348,106.6316,2022-02-02 03:47:42.825992704,417.66586,0.0
2022-02-02,10.621889,106.626076,2022-02-02 03:47:42.852989184,418.89383,0.0
2022-02-02,10.640406,106.62052,2022-02-02 03:47:42.880025856,417.95844,0.0
2022-02-02,10.61996,106.644226,2022-02-02 03:47:43.159002368,418.41342,0.0
2022-02-02,10.657053,106.6331,2022-02-02 03:47:43.212995328,418.1633,0.0
2022-02-02,10.562263,106.678375,2022-02-02 03:47:43.384992000,418.26715,0.0
2022-02-02,10.618267,106.662094,2022-02-02 03:47:43.466021632,417.73138,0.0
2022-02-02,10.655395,106.65109,2022-02-02 03:47:43.520014336,418.293,0.0
2022-02-02,10.612263,106.71608,2022-02-02 03:47:44.384986368,419.24454,0.0
2022-02-02,10.64949,106.70536,2022-02-02 03:47:44.439019776,419.3385,0.0
2022-02-02,10.686664,106.69443,2022-02-02 03:47:44.493012480,421.0309,0.0
2022-02-02,10.7184725,106.73741,2022-02-02 03:47:45.466010624,418.41458,0.0
2022-02-02,10.737046,106.731926,2022-02-02 03:47:45.493006848,418.3258,0.0
2022-02-02,10.712628,106.79129,2022-02-02 03:47:46.385016064,418.57672,0.0
2022-02-02,10.822494,106.77645,2022-02-02 03:47:46.853007872,417.46005,0.0
2022-02-02,10.841012,106.77086,2022-02-02 03:47:46.880004096,417.07162,0.0
2022-02-02,10.891197,106.80851,2022-02-02 03:47:47.879998720,417.36642,0.0
2022-02-02,10.138083,106.118996,2022-02-02 03:47:54.519994624,419.03726,0.0
2022-02-02,10.13848,106.14011,2022-02-02 03:47:54.826008064,418.00977,0.0
2022-02-02,10.17055,106.12268,2022-02-02 03:47:54.880001024,416.90295,0.0
2022-02-02,10.122531,106.16996,2022-02-02 03:47:55.105024768,417.8686,0.0
2022-02-02,10.187091,106.13512,2022-02-02 03:47:55.213010432,418.4706,0.0
2022-02-02,10.188745,106.19876,2022-02-02 03:47:56.132015872,418.09497,0.0
2022-02-02,10.204952,106.190056,2022-02-02 03:47:56.159012352,417.90445,0.0
2022-02-02,10.221095,106.18136,2022-02-02 03:47:56.186008576,417.83765,0.0
2022-02-02,10.237158,106.172646,2022-02-02 03:47:56.213005056,418.1275,0.0
2022-02-02,10.189224,106.219955,2022-02-02 03:47:56.438994688,416.2205,0.0
2022-02-02,10.205473,106.211266,2022-02-02 03:47:56.465990912,417.77026,0.0
2022-02-02,10.221663,106.20255,2022-02-02 03:47:56.492987648,417.41486,0.0
2022-02-02,10.254611,106.20632,2022-02-02 03:47:56.852993792,417.56006,0.0
2022-02-02,10.27068,106.19758,2022-02-02 03:47:56.879990016,418.4274,0.0
2022-02-02,10.20641,106.25363,2022-02-02 03:47:57.078017792,417.85352,0.0
2022-02-02,10.222725,106.24493,2022-02-02 03:47:57.105014016,417.86642,0.0
2022-02-02,10.255151,106.22753,2022-02-02 03:47:57.159006720,418.44855,0.0
2022-02-02,10.27127,106.21883,2022-02-02 03:47:57.186003200,418.14963,0.0
2022-02-02,10.287326,106.21012,2022-02-02 03:47:57.212999936,418.53458,0.0
2022-02-02,10.223239,106.26608,2022-02-02 03:47:57.411992832,418.24356,0.0
2022-02-02,10.272041,106.23998,2022-02-02 03:47:57.493022464,419.40463,0.0
2022-02-02,10.288166,106.231285,2022-02-02 03:47:57.520018688,417.80673,0.0
2022-02-02,10.304229,106.22258,2022-02-02 03:47:57.547015168,418.40918,0.0
2022-02-02,10.20723,106.295944,2022-02-02 03:47:57.691009536,417.43842,0.0
2022-02-02,10.223682,106.287254,2022-02-02 03:47:57.718006016,418.50162,0.0
2022-02-02,10.240068,106.278564,2022-02-02 03:47:57.745002496,417.83514,0.0
2022-02-02,10.272646,106.26116,2022-02-02 03:47:57.798995456,417.46216,0.0
2022-02-02,10.288839,106.25246,2022-02-02 03:47:57.825991936,418.00272,0.0
2022-02-02,10.304969,106.24375,2022-02-02 03:47:57.852988160,417.86713,0.0
2022-02-02,10.289313,106.273705,2022-02-02 03:47:58.132004864,418.36075,0.0
2022-02-02,10.305493,106.265015,2022-02-02 03:47:58.159001344,418.0198,0.0
2022-02-02,10.337666,106.24762,2022-02-02 03:47:58.212994304,417.49823,0.0
2022-02-02,10.273453,106.30362,2022-02-02 03:47:58.411987200,417.99203,0.0
2022-02-02,10.28976,106.29494,2022-02-02 03:47:58.439023872,417.31454,0.0
2022-02-02,10.306009,106.28623,2022-02-02 03:47:58.466020608,418.0948,0.0
2022-02-02,10.338339,106.26883,2022-02-02 03:47:58.520013312,418.57193,0.0
2022-02-02,10.354411,106.26012,2022-02-02 03:47:58.547010048,418.7523,0.0
2022-02-02,10.25745,106.333466,2022-02-02 03:47:58.691004160,417.83658,0.0
2022-02-02,10.273886,106.3248,2022-02-02 03:47:58.718000640,417.81787,0.0
2022-02-02,10.355129,106.281296,2022-02-02 03:47:58.853022976,419.42966,0.0
2022-02-02,10.371195,106.27259,2022-02-02 03:47:58.880019456,418.27737,0.0
2022-02-02,10.274247,106.34593,2022-02-02 03:47:59.024014080,417.9293,0.0
2022-02-02,10.290707,106.337234,2022-02-02 03:47:59.051010304,417.8662,0.0
2022-02-02,10.30709,106.328545,2022-02-02 03:47:59.078006784,417.57742,0.0
2022-02-02,10.323384,106.3199,2022-02-02 03:47:59.105003008,418.1762,0.0
2022-02-02,10.355832,106.302475,2022-02-02 03:47:59.158996224,417.9294,0.0
2022-02-02,10.371953,106.29378,2022-02-02 03:47:59.185992448,417.89908,0.0
2022-02-02,10.3880005,106.2851,2022-02-02 03:47:59.212988928,417.80402,0.0
2022-02-02,10.307489,106.34975,2022-02-02 03:47:59.384985344,417.49466,0.0
2022-02-02,10.356458,106.32368,2022-02-02 03:47:59.466014976,416.4556,0.0
2022-02-02,10.388728,106.3063,2022-02-02 03:47:59.520008192,417.47357,0.0
2022-02-02,10.404767,106.297615,2022-02-02 03:47:59.547004416,417.62512,0.0
2022-02-02,10.30766,106.37102,2022-02-02 03:47:59.690998784,416.8936,0.0
2022-02-02,10.324098,106.36233,2022-02-02 03:47:59.717995264,417.02554,0.0
2022-02-02,10.35677,106.344955,2022-02-02 03:47:59.771988224,416.41092,0.0
2022-02-02,10.373009,106.336266,2022-02-02 03:47:59.799024896,416.00586,0.0
2022-02-02,10.389184,106.327576,2022-02-02 03:47:59.826021120,416.926,0.0
2022-02-02,10.4241705,106.416176,2022-02-02 03:48:01.412011264,415.67398,0.0
2022-02-02,10.440499,106.407486,2022-02-02 03:48:01.439007744,416.01297,0.0
2022-02-02,10.472937,106.390114,2022-02-02 03:48:01.493000704,416.34113,0.0
2022-02-02,10.407992,106.44611,2022-02-02 03:48:01.690988032,416.40073,0.0
2022-02-02,10.424431,106.43743,2022-02-02 03:48:01.718024704,417.01245,0.0
2022-02-02,10.440804,106.42875,2022-02-02 03:48:01.745021184,416.42804,0.0
2022-02-02,10.45711,106.42007,2022-02-02 03:48:01.772017408,417.29297,0.0
2022-02-02,10.473354,106.41137,2022-02-02 03:48:01.799013888,416.6008,0.0
2022-02-02,10.489533,106.40268,2022-02-02 03:48:01.826010112,417.45862,0.0
2022-02-02,10.5056505,106.39398,2022-02-02 03:48:01.853006848,417.05405,0.0
2022-02-02,10.521706,106.385284,2022-02-02 03:48:01.880003328,417.85446,0.0
2022-02-02,10.441061,106.44999,2022-02-02 03:48:02.050993920,416.91092,0.0
2022-02-02,10.457448,106.44131,2022-02-02 03:48:02.077990656,417.12885,0.0
2022-02-02,10.473783,106.43262,2022-02-02 03:48:02.104986880,417.51993,0.0
2022-02-02,10.490053,106.42392,2022-02-02 03:48:02.132023552,417.23724,0.0
2022-02-02,10.506259,106.41523,2022-02-02 03:48:02.159020032,417.49356,0.0
2022-02-02,10.522402,106.406525,2022-02-02 03:48:02.186016512,417.7763,0.0
2022-02-02,10.538483,106.39782,2022-02-02 03:48:02.213012992,417.5682,0.0
2022-02-02,10.441474,106.471146,2022-02-02 03:48:02.358013184,417.05792,0.0
2022-02-02,10.457923,106.46246,2022-02-02 03:48:02.385009408,417.2608,0.0
2022-02-02,10.474306,106.45378,2022-02-02 03:48:02.412005888,417.50696,0.0
2022-02-02,10.490624,106.44509,2022-02-02 03:48:02.439002624,416.78845,0.0
2022-02-02,10.523074,106.427704,2022-02-02 03:48:02.492995328,417.25607,0.0
2022-02-02,10.539196,106.41903,2022-02-02 03:48:02.519991552,417.66495,0.0
2022-02-02,10.555277,106.4103,2022-02-02 03:48:02.546988032,416.6971,0.0
2022-02-02,10.47467,106.47495,2022-02-02 03:48:02.718019328,416.9701,0.0
2022-02-02,10.4910345,106.466286,2022-02-02 03:48:02.745015552,417.17725,0.0
2022-02-02,10.507334,106.45761,2022-02-02 03:48:02.772012032,417.49594,0.0
2022-02-02,10.523569,106.44894,2022-02-02 03:48:02.799008256,417.71964,0.0
2022-02-02,10.539736,106.44027,2022-02-02 03:48:02.826004992,417.49643,0.0
2022-02-02,10.571905,106.422874,2022-02-02 03:48:02.879997696,418.72586,0.0
2022-02-02,10.474831,106.49622,2022-02-02 03:48:03.023992064,417.57272,0.0
2022-02-02,10.491276,106.48754,2022-02-02 03:48:03.050988800,417.6698,0.0
2022-02-02,10.507657,106.478874,2022-02-02 03:48:03.078025216,417.37534,0.0
2022-02-02,10.5402565,106.46147,2022-02-02 03:48:03.132018176,418.3694,0.0
2022-02-02,10.556457,106.452774,2022-02-02 03:48:03.159014656,417.74814,0.0
2022-02-02,10.572595,106.44408,2022-02-02 03:48:03.186011136,418.40518,0.0
2022-02-02,10.491631,106.508705,2022-02-02 03:48:03.358007552,417.8789,0.0
2022-02-02,10.52446,106.491356,2022-02-02 03:48:03.412000768,418.2193,0.0
2022-02-02,10.540777,106.48267,2022-02-02 03:48:03.438996992,418.0354,0.0
2022-02-02,10.55703,106.47399,2022-02-02 03:48:03.465993472,417.80008,0.0
2022-02-02,10.573223,106.4653,2022-02-02 03:48:03.492989696,417.64542,0.0
2022-02-02,10.589353,106.45661,2022-02-02 03:48:03.520026368,418.7259,0.0
2022-02-02,10.524833,106.51259,2022-02-02 03:48:03.718013696,417.65793,0.0
2022-02-02,10.541216,106.50392,2022-02-02 03:48:03.745010176,418.25012,0.0
2022-02-02,10.557545,106.49522,2022-02-02 03:48:03.772006400,417.5269,0.0
2022-02-02,10.573804,106.48653,2022-02-02 03:48:03.799003136,417.4225,0.0
2022-02-02,10.589999,106.47784,2022-02-02 03:48:03.825999616,418.2484,0.0
2022-02-02,10.606132,106.46914,2022-02-02 03:48:03.852995840,418.7929,0.0
2022-02-02,10.525157,106.533745,2022-02-02 03:48:04.024026880,417.9112,0.0
2022-02-02,10.54161,106.52506,2022-02-02 03:48:04.051023360,417.88602,0.0
2022-02-02,10.557995,106.51639,2022-02-02 03:48:04.078019840,417.61365,0.0
2022-02-02,10.574312,106.507706,2022-02-02 03:48:04.105016320,418.22537,0.0
2022-02-02,10.590566,106.49902,2022-02-02 03:48:04.132012800,417.62543,0.0
2022-02-02,10.606756,106.49033,2022-02-02 03:48:04.159009280,417.5597,0.0
2022-02-02,10.622868,106.48168,2022-02-02 03:48:04.186005504,417.862,0.0
2022-02-02,10.638938,106.47297,2022-02-02 03:48:04.213001984,418.2562,0.0
2022-02-02,10.541867,106.546295,2022-02-02 03:48:04.358002176,418.08295,0.0
2022-02-02,10.574693,106.528946,2022-02-02 03:48:04.411995136,417.82605,0.0
2022-02-02,10.591007,106.52027,2022-02-02 03:48:04.438991616,417.70917,0.0
2022-02-02,10.607258,106.51159,2022-02-02 03:48:04.465987840,417.46768,0.0
2022-02-02,10.623447,106.50289,2022-02-02 03:48:04.493024512,416.6817,0.0
2022-02-02,10.639574,106.4942,2022-02-02 03:48:04.520020992,417.0084,0.0
2022-02-02,10.655639,106.4855,2022-02-02 03:48:04.547017472,418.4652,0.0
2022-02-02,10.558559,106.55882,2022-02-02 03:48:04.691011840,418.09103,0.0
2022-02-02,10.575004,106.55015,2022-02-02 03:48:04.718008320,417.01697,0.0
2022-02-02,10.591382,106.54148,2022-02-02 03:48:04.745004544,417.2241,0.0
2022-02-02,10.607696,106.53281,2022-02-02 03:48:04.772001280,417.06653,0.0
2022-02-02,10.623945,106.52413,2022-02-02 03:48:04.798997760,418.11197,0.0
2022-02-02,10.656254,106.50677,2022-02-02 03:48:04.852990720,416.97284,0.0
2022-02-02,10.591701,106.56271,2022-02-02 03:48:05.051017984,416.99335,0.0
2022-02-02,10.60808,106.55404,2022-02-02 03:48:05.078014464,417.2185,0.0
2022-02-02,10.62439,106.545364,2022-02-02 03:48:05.105010944,418.01468,0.0
2022-02-02,10.6568165,106.528,2022-02-02 03:48:05.159003648,418.06226,0.0
2022-02-02,10.688992,106.51062,2022-02-02 03:48:05.212996608,417.51685,0.0
2022-02-02,10.591984,106.58393,2022-02-02 03:48:05.357997056,417.0999,0.0
2022-02-02,10.60846,106.57525,2022-02-02 03:48:05.384993280,417.6214,0.0
2022-02-02,10.624871,106.56657,2022-02-02 03:48:05.411989760,417.22076,0.0
2022-02-02,10.641216,106.55788,2022-02-02 03:48:05.439026432,417.13263,0.0
2022-02-02,10.657495,106.549194,2022-02-02 03:48:05.466022656,417.4957,0.0
2022-02-02,10.67366,106.54052,2022-02-02 03:48:05.493019136,416.97913,0.0
2022-02-02,10.689763,106.53184,2022-02-02 03:48:05.520015616,417.01074,0.0
2022-02-02,10.705805,106.523155,2022-02-02 03:48:05.547012096,417.65848,0.0
2022-02-02,10.608634,106.59652,2022-02-02 03:48:05.691006464,417.62396,0.0
2022-02-02,10.641518,106.57914,2022-02-02 03:48:05.744999424,417.77896,0.0
2022-02-02,10.657862,106.57045,2022-02-02 03:48:05.771995904,417.55182,0.0
2022-02-02,10.67413,106.56178,2022-02-02 03:48:05.798992128,416.08856,0.0
2022-02-02,10.690351,106.55307,2022-02-02 03:48:05.825988864,417.15167,0.0
2022-02-02,10.706498,106.54438,2022-02-02 03:48:05.853025536,417.40924,0.0
2022-02-02,10.722583,106.53566,2022-02-02 03:48:05.880021760,417.8985,0.0
2022-02-02,10.625485,106.60899,2022-02-02 03:48:06.024016128,417.5187,0.0
2022-02-02,10.658311,106.59165,2022-02-02 03:48:06.078009088,417.41547,0.0
2022-02-02,10.690861,106.5743,2022-02-02 03:48:06.132001792,417.30652,0.0
2022-02-02,10.70704,106.56563,2022-02-02 03:48:06.158998272,416.93085,0.0
2022-02-02,10.739211,106.548256,2022-02-02 03:48:06.212991232,417.42468,0.0
2022-02-02,10.642089,106.62158,2022-02-02 03:48:06.357991424,417.27432,0.0
2022-02-02,10.658538,106.6129,2022-02-02 03:48:06.384987904,417.73856,0.0
2022-02-02,10.674922,106.604225,2022-02-02 03:48:06.412024576,416.94525,0.0
2022-02-02,10.69124,106.59554,2022-02-02 03:48:06.439020800,416.59595,0.0
2022-02-02,10.70749,106.586876,2022-02-02 03:48:06.466017280,417.58804,0.0
2022-02-02,10.723696,106.57817,2022-02-02 03:48:06.493013760,417.2569,0.0
2022-02-02,10.739833,106.56948,2022-02-02 03:48:06.520010240,418.0468,0.0
2022-02-02,10.755908,106.56078,2022-02-02 03:48:06.547006720,417.96536,0.0
2022-02-02,10.658848,106.634094,2022-02-02 03:48:06.691000832,417.78366,0.0
2022-02-02,10.6753,106.62543,2022-02-02 03:48:06.717997568,416.94006,0.0
2022-02-02,10.708002,106.60809,2022-02-02 03:48:06.771990272,417.27853,0.0
2022-02-02,10.724264,106.5994,2022-02-02 03:48:06.798987008,418.11624,0.0
2022-02-02,10.756588,106.58203,2022-02-02 03:48:06.853019904,418.86752,0.0
2022-02-02,10.7726555,106.57334,2022-02-02 03:48:06.880016384,418.09753,0.0
2022-02-02,10.675554,106.64663,2022-02-02 03:48:07.024010752,416.73706,0.0
2022-02-02,10.724729,106.6206,2022-02-02 03:48:07.104999936,417.08853,0.0
2022-02-02,10.740996,106.611916,2022-02-02 03:48:07.131996416,416.52277,0.0
2022-02-02,10.757199,106.60323,2022-02-02 03:48:07.158992640,417.3883,0.0
2022-02-02,10.77334,106.59454,2022-02-02 03:48:07.185989376,417.01807,0.0
2022-02-02,10.789418,106.585846,2022-02-02 03:48:07.213026048,417.49396,0.0
2022-02-02,10.725126,106.641846,2022-02-02 03:48:07.412018944,416.6303,0.0
2022-02-02,10.741438,106.63318,2022-02-02 03:48:07.439015424,416.32806,0.0
2022-02-02,10.757687,106.624504,2022-02-02 03:48:07.466011904,417.46545,0.0
2022-02-02,10.773896,106.615814,2022-02-02 03:48:07.493008384,416.33997,0.0
2022-02-02,10.790043,106.607124,2022-02-02 03:48:07.520004864,416.48172,0.0
2022-02-02,10.806127,106.59843,2022-02-02 03:48:07.547001344,416.67728,0.0
2022-02-02,10.741924,106.65437,2022-02-02 03:48:07.744988416,416.14188,0.0
2022-02-02,10.758243,106.64569,2022-02-02 03:48:07.772025088,416.65283,0.0
2022-02-02,10.822884,106.61096,2022-02-02 03:48:07.880010752,417.33344,0.0
2022-02-02,10.725821,106.68427,2022-02-02 03:48:08.024005376,417.67123,0.0
2022-02-02,10.775006,106.65822,2022-02-02 03:48:08.104994560,416.2465,0.0
2022-02-02,10.791261,106.64954,2022-02-02 03:48:08.131990784,415.59888,0.0
2022-02-02,10.807447,106.64087,2022-02-02 03:48:08.158987520,416.87784,0.0
2022-02-02,10.823576,106.63219,2022-02-02 03:48:08.186024192,416.88583,0.0
2022-02-02,10.839647,106.62348,2022-02-02 03:48:08.213020672,417.19482,0.0
2022-02-02,10.742502,106.696846,2022-02-02 03:48:08.358020864,416.07294,0.0
2022-02-02,10.7589655,106.68815,2022-02-02 03:48:08.385017088,415.78366,0.0
2022-02-02,10.775352,106.67947,2022-02-02 03:48:08.412013568,416.7853,0.0
2022-02-02,10.791664,106.67081,2022-02-02 03:48:08.439010048,416.18332,0.0
2022-02-02,10.856325,106.63608,2022-02-02 03:48:08.546995968,417.28717,0.0
2022-02-02,10.792142,106.691986,2022-02-02 03:48:08.745023232,415.53552,0.0
2022-02-02,10.808488,106.68329,2022-02-02 03:48:08.772019968,415.75653,0.0
2022-02-02,10.824745,106.67464,2022-02-02 03:48:08.799016192,416.1089,0.0
2022-02-02,10.840967,106.665924,2022-02-02 03:48:08.826012672,416.01892,0.0
2022-02-02,10.792437,106.71326,2022-02-02 03:48:09.050996224,416.45554,0.0
2022-02-02,10.890422,106.68244,2022-02-02 03:48:09.519994112,417.18546,0.0
2022-02-02,10.85855,106.72105,2022-02-02 03:48:09.772014336,417.40503,0.0
2022-02-02,10.907195,106.69497,2022-02-02 03:48:09.853003520,416.72046,0.0
2022-02-02,10.92327,106.68629,2022-02-02 03:48:09.880000000,417.68707,0.0
2022-02-02,10.826175,106.75957,2022-02-02 03:48:10.023994368,416.7214,0.0
2022-02-02,10.875342,106.733574,2022-02-02 03:48:10.105023744,417.0754,0.0
2022-02-02,10.907805,106.7162,2022-02-02 03:48:10.159016960,416.74802,0.0
2022-02-02,10.923958,106.707466,2022-02-02 03:48:10.186013184,417.43213,0.0
2022-02-02,10.84288,106.77209,2022-02-02 03:48:10.358009856,416.34525,0.0
2022-02-02,10.875721,106.75473,2022-02-02 03:48:10.412002816,416.79883,0.0
2022-02-02,10.892035,106.74606,2022-02-02 03:48:10.438999296,416.45026,0.0
2022-02-02,10.908274,106.73743,2022-02-02 03:48:10.465995776,415.42493,0.0
2022-02-02,10.924466,106.72874,2022-02-02 03:48:10.492992256,416.8884,0.0
2022-02-02,10.940595,106.720055,2022-02-02 03:48:10.519988480,417.09732,0.0
2022-02-02,10.956662,106.711365,2022-02-02 03:48:10.547025152,418.02896,0.0
2022-02-02,10.908745,106.75861,2022-02-02 03:48:10.772008960,415.9293,0.0
2022-02-02,10.925015,106.74995,2022-02-02 03:48:10.799005184,416.78415,0.0
2022-02-02,10.941223,106.741264,2022-02-02 03:48:10.826001664,416.3956,0.0
2022-02-02,10.957367,106.73259,2022-02-02 03:48:10.852998144,416.8754,0.0
2022-02-02,10.973432,106.72391,2022-02-02 03:48:10.879994624,417.23175,0.0
2022-02-02,10.973967,106.74521,2022-02-02 03:48:11.186008064,416.89087,0.0
2022-02-02,11.023423,106.761734,2022-02-02 03:48:11.879989248,419.07178,0.0
2022-02-02,11.040189,106.774284,2022-02-02 03:48:12.212998912,417.53116,0.0
2022-02-02,11.040722,106.79564,2022-02-02 03:48:12.520017920,418.401,0.0
2022-02-02,11.056806,106.78694,2022-02-02 03:48:12.547014144,417.95282,0.0
2022-02-02,10.992651,106.84274,2022-02-02 03:48:12.745001472,417.00983,0.0
2022-02-02,11.073703,106.79944,2022-02-02 03:48:12.880024064,418.67352,0.0
2022-02-02,11.0093155,106.85529,2022-02-02 03:48:13.078011392,417.3819,0.0
2022-02-02,11.042388,106.85928,2022-02-02 03:48:13.439023360,417.59244,0.0
2022-02-02,11.107121,106.824455,2022-02-02 03:48:13.547009024,418.66098,0.0
2022-02-02,10.275993,106.167274,2022-02-02 03:48:22.024009728,417.9064,0.0
2022-02-02,10.292178,106.118805,2022-02-02 03:48:22.104999168,417.9451,0.0
2022-02-02,10.297468,106.1027,2022-02-02 03:48:22.131995648,418.8394,0.0
2022-02-02,10.307892,106.070564,2022-02-02 03:48:22.185988352,418.03165,0.0
2022-02-02,10.313069,106.05452,2022-02-02 03:48:22.213025024,418.531,0.0
2022-02-02,10.303508,106.147446,2022-02-02 03:48:22.412018176,418.25772,0.0
2022-02-02,10.3141985,106.11521,2022-02-02 03:48:22.466011136,418.32217,0.0
2022-02-02,10.3194475,106.09914,2022-02-02 03:48:22.493007360,418.46024,0.0
2022-02-02,10.324658,106.083084,2022-02-02 03:48:22.520003840,418.46808,0.0
2022-02-02,10.329818,106.067055,2022-02-02 03:48:22.547000320,418.3133,0.0
2022-02-02,10.314804,106.17617,2022-02-02 03:48:22.717991168,418.08182,0.0
2022-02-02,10.320168,106.16003,2022-02-02 03:48:22.745027840,417.5775,0.0
2022-02-02,10.325492,106.143906,2022-02-02 03:48:22.772024064,418.8957,0.0
2022-02-02,10.336052,106.11172,2022-02-02 03:48:22.826017024,417.99298,0.0
2022-02-02,10.346434,106.079605,2022-02-02 03:48:22.880010240,418.43512,0.0
2022-02-02,10.32614,106.20479,2022-02-02 03:48:23.024004352,417.76117,0.0
2022-02-02,10.331586,106.18861,2022-02-02 03:48:23.051000832,418.13013,0.0
2022-02-02,10.342358,106.15632,2022-02-02 03:48:23.104993792,417.5559,0.0
2022-02-02,10.352941,106.12414,2022-02-02 03:48:23.159026944,417.54083,0.0
2022-02-02,10.358154,106.108086,2022-02-02 03:48:23.186023168,418.18567,0.0
2022-02-02,10.363316,106.092064,2022-02-02 03:48:23.213019648,418.01727,0.0
2022-02-02,10.342923,106.217316,2022-02-02 03:48:23.358019840,418.3422,0.0
2022-02-02,10.348388,106.20112,2022-02-02 03:48:23.385016320,418.4029,0.0
2022-02-02,10.353813,106.184944,2022-02-02 03:48:23.412012800,417.5197,0.0
2022-02-02,10.364462,106.1527,2022-02-02 03:48:23.466005504,418.25067,0.0
2022-02-02,10.369711,106.136635,2022-02-02 03:48:23.493001984,417.8633,0.0
2022-02-02,10.374937,106.12058,2022-02-02 03:48:23.519998464,418.53012,0.0
2022-02-02,10.380082,106.10456,2022-02-02 03:48:23.546994944,418.66177,0.0
2022-02-02,10.376309,106.24236,2022-02-02 03:48:24.023998976,417.29977,0.0
2022-02-02,10.38178,106.22617,2022-02-02 03:48:24.050995456,418.45026,0.0
2022-02-02,10.387185,106.210014,2022-02-02 03:48:24.077991936,418.9333,0.0
2022-02-02,10.392567,106.19388,2022-02-02 03:48:24.104988416,417.99326,0.0
2022-02-02,10.397881,106.17777,2022-02-02 03:48:24.132025088,417.94406,0.0
2022-02-02,10.403156,106.1617,2022-02-02 03:48:24.159021312,417.28415,0.0
2022-02-02,10.408395,106.14564,2022-02-02 03:48:24.186017792,417.62488,0.0
2022-02-02,10.393156,106.25488,2022-02-02 03:48:24.358014464,417.1402,0.0
2022-02-02,10.404075,106.22252,2022-02-02 03:48:24.412007424,417.72244,0.0
2022-02-02,10.414737,106.19028,2022-02-02 03:48:24.466000128,418.37796,0.0
2022-02-02,10.419971,106.174194,2022-02-02 03:48:24.492996608,417.50146,0.0
2022-02-02,10.425168,106.15814,2022-02-02 03:48:24.519993088,417.41473,0.0
2022-02-02,10.430314,106.14211,2022-02-02 03:48:24.546989568,417.122,0.0
2022-02-02,10.426105,106.21892,2022-02-02 03:48:24.772013312,417.72012,0.0
2022-02-02,10.447052,106.15465,2022-02-02 03:48:24.879999232,417.52567,0.0
2022-02-02,10.475345,106.19574,2022-02-02 03:48:25.519987456,416.91916,0.0
2022-02-02,10.493427,106.330086,2022-02-02 03:48:26.358003712,417.7242,0.0
2022-02-02,10.498905,106.31389,2022-02-02 03:48:26.384999936,418.6313,0.0
2022-02-02,10.504329,106.29772,2022-02-02 03:48:26.411996416,417.77768,0.0
2022-02-02,10.510197,106.3426,2022-02-02 03:48:26.691013376,418.49026,0.0
2022-02-02,10.515682,106.3264,2022-02-02 03:48:26.718009600,418.69424,0.0
2022-02-02,10.521113,106.31023,2022-02-02 03:48:26.745006080,418.1797,0.0
2022-02-02,10.531817,106.27798,2022-02-02 03:48:26.798999040,417.80054,0.0
2022-02-02,10.537091,106.26189,2022-02-02 03:48:26.825995520,417.83087,0.0
2022-02-02,10.52697,106.35512,2022-02-02 03:48:27.024023040,418.60068,0.0
2022-02-02,10.532444,106.33892,2022-02-02 03:48:27.051019520,417.84778,0.0
2022-02-02,10.543231,106.30661,2022-02-02 03:48:27.105012224,418.4796,0.0
2022-02-02,10.548545,106.2905,2022-02-02 03:48:27.132008448,418.3401,0.0
2022-02-02,10.553807,106.274414,2022-02-02 03:48:27.159005184,418.18735,0.0
2022-02-02,10.559017,106.258354,2022-02-02 03:48:27.186001664,419.04916,0.0
2022-02-02,10.554675,106.33529,2022-02-02 03:48:27.411991040,418.94177,0.0
2022-02-02,10.560064,106.31915,2022-02-02 03:48:27.438987520,419.14682,0.0
2022-02-02,10.565399,106.30305,2022-02-02 03:48:27.466024192,418.52246,0.0
2022-02-02,10.570647,106.28696,2022-02-02 03:48:27.493020416,418.75067,0.0
2022-02-02,10.575844,106.2709,2022-02-02 03:48:27.520017152,419.3026,0.0
2022-02-02,10.580989,106.25486,2022-02-02 03:48:27.547013632,418.6533,0.0
2022-02-02,10.560422,106.380196,2022-02-02 03:48:27.691007744,417.10745,0.0
2022-02-02,10.565927,106.36399,2022-02-02 03:48:27.718004224,418.56793,0.0
2022-02-02,10.571347,106.347824,2022-02-02 03:48:27.745000960,418.38953,0.0
2022-02-02,10.576731,106.33168,2022-02-02 03:48:27.771997184,419.42917,0.0
2022-02-02,10.582061,106.31557,2022-02-02 03:48:27.798993664,419.56848,0.0
2022-02-02,10.587338,106.29948,2022-02-02 03:48:27.825989888,418.971,0.0
2022-02-02,10.592565,106.28341,2022-02-02 03:48:27.853026560,419.62964,0.0
2022-02-02,10.597735,106.26737,2022-02-02 03:48:27.880023040,419.75015,0.0
2022-02-02,10.577264,106.39272,2022-02-02 03:48:28.024017664,417.63348,0.0
2022-02-02,10.582765,106.37652,2022-02-02 03:48:28.051013888,418.10294,0.0
2022-02-02,10.588163,106.36036,2022-02-02 03:48:28.078010368,418.1281,0.0
2022-02-02,10.593509,106.344215,2022-02-02 03:48:28.105006592,417.98224,0.0
2022-02-02,10.598801,106.32811,2022-02-02 03:48:28.132003328,418.43323,0.0
2022-02-02,10.604042,106.31202,2022-02-02 03:48:28.158999808,419.60938,0.0
2022-02-02,10.609231,106.29596,2022-02-02 03:48:28.185996032,419.43982,0.0
2022-02-02,10.614368,106.27993,2022-02-02 03:48:28.212992768,418.892,0.0
2022-02-02,10.593876,106.40527,2022-02-02 03:48:28.357992704,417.9185,0.0
2022-02-02,10.59938,106.38908,2022-02-02 03:48:28.384989184,418.4054,0.0
2022-02-02,10.604829,106.37291,2022-02-02 03:48:28.412025856,419.00446,0.0
2022-02-02,10.610225,106.356766,2022-02-02 03:48:28.439022336,418.6769,0.0
2022-02-02,10.615566,106.34065,2022-02-02 03:48:28.466018560,418.26978,0.0
2022-02-02,10.620837,106.32456,2022-02-02 03:48:28.493015296,418.42828,0.0
2022-02-02,10.631224,106.29246,2022-02-02 03:48:28.547008000,419.5835,0.0
2022-02-02,10.610723,106.41779,2022-02-02 03:48:28.691002368,417.71466,0.0
2022-02-02,10.621645,106.38543,2022-02-02 03:48:28.744995328,419.60727,0.0
2022-02-02,10.627026,106.36929,2022-02-02 03:48:28.771991808,419.0084,0.0
2022-02-02,10.63763,106.3371,2022-02-02 03:48:28.826024704,419.3712,0.0
2022-02-02,10.642855,106.32104,2022-02-02 03:48:28.853021184,419.2247,0.0
2022-02-02,10.648012,106.305,2022-02-02 03:48:28.880017664,419.0196,0.0
2022-02-02,10.632846,106.41414,2022-02-02 03:48:29.051008512,417.92813,0.0
2022-02-02,10.6382675,106.39797,2022-02-02 03:48:29.078004736,418.6198,0.0
2022-02-02,10.643647,106.38183,2022-02-02 03:48:29.105001472,418.9771,0.0
2022-02-02,10.648974,106.365715,2022-02-02 03:48:29.131997696,419.142,0.0
2022-02-02,10.654248,106.34963,2022-02-02 03:48:29.158994176,419.25424,0.0
2022-02-02,10.6594715,106.33357,2022-02-02 03:48:29.185990912,418.97937,0.0
2022-02-02,10.664642,106.317535,2022-02-02 03:48:29.212987136,419.89334,0.0
2022-02-02,10.644112,106.44289,2022-02-02 03:48:29.357987328,418.19864,0.0
2022-02-02,10.649593,106.42668,2022-02-02 03:48:29.385024000,418.09586,0.0
2022-02-02,10.655022,106.410515,2022-02-02 03:48:29.412020480,418.2355,0.0
2022-02-02,10.660398,106.39437,2022-02-02 03:48:29.439016704,418.1101,0.0
2022-02-02,10.665721,106.37825,2022-02-02 03:48:29.466013440,417.67566,0.0
2022-02-02,10.671007,106.36217,2022-02-02 03:48:29.493009920,418.4946,0.0
2022-02-02,10.676241,106.34611,2022-02-02 03:48:29.520006144,418.9621,0.0
2022-02-02,10.681423,106.33007,2022-02-02 03:48:29.547002624,419.71014,0.0
2022-02-02,10.6609335,106.455444,2022-02-02 03:48:29.690997248,418.66284,0.0
2022-02-02,10.666401,106.43923,2022-02-02 03:48:29.717993472,417.9142,0.0
2022-02-02,10.671815,106.42306,2022-02-02 03:48:29.744989952,417.84204,0.0
2022-02-02,10.677176,106.406906,2022-02-02 03:48:29.771986176,418.21814,0.0
2022-02-02,10.682486,106.390785,2022-02-02 03:48:29.799022848,417.86002,0.0
2022-02-02,10.687742,106.37469,2022-02-02 03:48:29.826019328,418.2271,0.0
2022-02-02,10.677654,106.467995,2022-02-02 03:48:30.024006656,418.13126,0.0
2022-02-02,10.688592,106.43563,2022-02-02 03:48:30.077999616,418.58435,0.0
2022-02-02,10.693967,106.41949,2022-02-02 03:48:30.104995840,417.44873,0.0
2022-02-02,10.69929,106.403366,2022-02-02 03:48:30.131992320,418.34094,0.0
2022-02-02,10.709795,106.37119,2022-02-02 03:48:30.186025728,418.9146,0.0
2022-02-02,10.69437,106.480515,2022-02-02 03:48:30.358022144,418.23608,0.0
2022-02-02,10.699849,106.46432,2022-02-02 03:48:30.385018624,417.67703,0.0
2022-02-02,10.715968,106.41588,2022-02-02 03:48:30.466008064,418.37183,0.0
2022-02-02,10.721243,106.399796,2022-02-02 03:48:30.493004288,418.67032,0.0
2022-02-02,10.726466,106.383736,2022-02-02 03:48:30.520000768,418.06152,0.0
2022-02-02,10.731637,106.3677,2022-02-02 03:48:30.546996992,417.73282,0.0
2022-02-02,10.711083,106.493095,2022-02-02 03:48:30.690991616,418.12677,0.0
2022-02-02,10.716567,106.47689,2022-02-02 03:48:30.717988096,417.75674,0.0
2022-02-02,10.721998,106.46072,2022-02-02 03:48:30.745024768,417.67154,0.0
2022-02-02,10.727375,106.44457,2022-02-02 03:48:30.772020992,417.30585,0.0
2022-02-02,10.7327,106.42845,2022-02-02 03:48:30.799017472,417.2078,0.0
2022-02-02,10.737973,106.41236,2022-02-02 03:48:30.826013952,418.2628,0.0
2022-02-02,10.743194,106.39629,2022-02-02 03:48:30.853010432,418.4526,0.0
2022-02-02,10.7483635,106.38026,2022-02-02 03:48:30.880006912,417.72226,0.0
2022-02-02,10.72779,106.505646,2022-02-02 03:48:31.024001024,417.892,0.0
2022-02-02,10.733275,106.48945,2022-02-02 03:48:31.050997760,418.1705,0.0
2022-02-02,10.738711,106.473274,2022-02-02 03:48:31.077993984,417.91696,0.0
2022-02-02,10.744097,106.45713,2022-02-02 03:48:31.104990464,417.42783,0.0
2022-02-02,10.754711,106.42493,2022-02-02 03:48:31.159023872,419.52252,0.0
2022-02-02,10.75994,106.40886,2022-02-02 03:48:31.186020096,417.8002,0.0
2022-02-02,10.765118,106.392815,2022-02-02 03:48:31.213016576,418.88107,0.0
2022-02-02,10.749999,106.502014,2022-02-02 03:48:31.385012992,420.12576,0.0
2022-02-02,10.760795,106.4697,2022-02-02 03:48:31.439006208,417.51846,0.0
2022-02-02,10.766114,106.45359,2022-02-02 03:48:31.466002432,417.33148,0.0
2022-02-02,10.781813,106.405396,2022-02-02 03:48:31.546991872,418.20917,0.0
2022-02-02,10.788191,106.45006,2022-02-02 03:48:31.826008576,420.1955,0.0
2022-02-02,10.793417,106.43399,2022-02-02 03:48:31.853005056,417.896,0.0
2022-02-02,10.798592,106.417946,2022-02-02 03:48:31.880001536,418.38046,0.0
2022-02-02,10.783509,106.52714,2022-02-02 03:48:32.050992128,418.38562,0.0
2022-02-02,10.788943,106.51096,2022-02-02 03:48:32.077988608,417.78848,0.0
2022-02-02,10.794322,106.49481,2022-02-02 03:48:32.105025280,416.8953,0.0
2022-02-02,10.799664,106.47869,2022-02-02 03:48:32.132022016,417.4256,0.0
2022-02-02,10.810143,106.44653,2022-02-02 03:48:32.186014720,419.3381,0.0
2022-02-02,10.815314,106.43049,2022-02-02 03:48:32.213010944,419.16055,0.0
2022-02-02,10.794719,106.55588,2022-02-02 03:48:32.358011136,417.3149,0.0
2022-02-02,10.811002,106.50736,2022-02-02 03:48:32.439000576,415.97205,0.0
2022-02-02,10.816329,106.49124,2022-02-02 03:48:32.465997056,416.52875,0.0
2022-02-02,10.821602,106.47515,2022-02-02 03:48:32.492993280,417.98807,0.0
2022-02-02,10.831992,106.44304,2022-02-02 03:48:32.547026688,419.02728,0.0
2022-02-02,10.811377,106.56845,2022-02-02 03:48:32.691021056,417.44653,0.0
2022-02-02,10.83834,106.4877,2022-02-02 03:48:32.826003200,417.5538,0.0
2022-02-02,10.8435755,106.471634,2022-02-02 03:48:32.852999680,418.11673,0.0
2022-02-02,10.848754,106.45559,2022-02-02 03:48:32.879996160,418.5189,0.0
2022-02-02,10.828171,106.580986,2022-02-02 03:48:33.023990272,417.20862,0.0
2022-02-02,10.833629,106.56479,2022-02-02 03:48:33.050986752,416.9137,0.0
2022-02-02,10.844891,106.593575,2022-02-02 03:48:33.358006016,417.14148,0.0
2022-02-02,10.850329,106.577385,2022-02-02 03:48:33.385002496,417.12164,0.0
2022-02-02,10.855794,106.5612,2022-02-02 03:48:33.411998720,416.93753,0.0
2022-02-02,10.877009,106.49677,2022-02-02 03:48:33.520024832,418.15475,0.0
2022-02-02,10.882154,106.480736,2022-02-02 03:48:33.547021056,418.17133,0.0
2022-02-02,10.861564,106.60614,2022-02-02 03:48:33.691015424,416.5759,0.0
2022-02-02,10.867047,106.58993,2022-02-02 03:48:33.718011904,417.27435,0.0
2022-02-02,10.872462,106.57375,2022-02-02 03:48:33.745008384,416.83136,0.0
2022-02-02,10.877808,106.55762,2022-02-02 03:48:33.772004864,419.607,0.0
2022-02-02,10.898814,106.49328,2022-02-02 03:48:33.879990528,416.6691,0.0
2022-02-02,10.878353,106.61872,2022-02-02 03:48:34.024025088,416.53876,0.0
2022-02-02,10.883841,106.60252,2022-02-02 03:48:34.051021568,416.48376,0.0
2022-02-02,10.889314,106.58634,2022-02-02 03:48:34.078018304,416.48996,0.0
2022-02-02,10.894671,106.57019,2022-02-02 03:48:34.105014528,418.05753,0.0
2022-02-02,10.915613,106.50584,2022-02-02 03:48:34.213000192,416.86285,0.0
2022-02-02,10.89503,106.63126,2022-02-02 03:48:34.358000640,417.51456,0.0
2022-02-02,10.911357,106.582756,2022-02-02 03:48:34.438989568,418.42688,0.0
2022-02-02,10.921958,106.550545,2022-02-02 03:48:34.493022976,417.6633,0.0
2022-02-02,10.927221,106.53446,2022-02-02 03:48:34.520019200,418.74094,0.0
2022-02-02,10.932345,106.518425,2022-02-02 03:48:34.547015680,417.20395,0.0
2022-02-02,10.911705,106.643845,2022-02-02 03:48:34.691010048,417.13907,0.0
2022-02-02,10.943958,106.547035,2022-02-02 03:48:34.852988672,417.72104,0.0
2022-02-02,10.9491415,106.53099,2022-02-02 03:48:34.880025344,418.12955,0.0
2022-02-02,10.945168,106.66901,2022-02-02 03:48:35.357995008,418.3229,0.0
2022-02-02,10.966809,106.60434,2022-02-02 03:48:35.466021120,418.55124,0.0
2022-02-02,10.972122,106.58824,2022-02-02 03:48:35.493017344,418.46265,0.0
2022-02-02,10.977427,106.57215,2022-02-02 03:48:35.520013824,418.38434,0.0
2022-02-02,10.982547,106.55612,2022-02-02 03:48:35.547010304,418.11905,0.0
2022-02-02,10.96193,106.68158,2022-02-02 03:48:35.691004672,418.30154,0.0
2022-02-02,10.967453,106.66536,2022-02-02 03:48:35.718001152,417.6108,0.0
2022-02-02,10.988865,106.60082,2022-02-02 03:48:35.826027264,417.34302,0.0
2022-02-02,10.994065,106.584755,2022-02-02 03:48:35.853023488,418.05032,0.0
2022-02-02,10.99926,106.5687,2022-02-02 03:48:35.880019968,420.21878,0.0
2022-02-02,10.978704,106.69412,2022-02-02 03:48:36.024014592,417.65567,0.0
2022-02-02,10.984202,106.67792,2022-02-02 03:48:36.051010816,417.65088,0.0
2022-02-02,10.989605,106.66175,2022-02-02 03:48:36.078007296,418.2005,0.0
2022-02-02,11.000254,106.6295,2022-02-02 03:48:36.132000000,418.46924,0.0
2022-02-02,11.010783,106.59733,2022-02-02 03:48:36.185992960,417.45377,0.0
2022-02-02,10.995444,106.70672,2022-02-02 03:48:36.357989632,417.2255,0.0
2022-02-02,11.000991,106.6905,2022-02-02 03:48:36.384985856,418.28546,0.0
2022-02-02,11.006395,106.67433,2022-02-02 03:48:36.412022528,417.35245,0.0
2022-02-02,11.011703,106.65821,2022-02-02 03:48:36.439019264,418.3724,0.0
2022-02-02,11.017045,106.64209,2022-02-02 03:48:36.466015488,417.87958,0.0
2022-02-02,11.022374,106.625984,2022-02-02 03:48:36.493011968,418.88782,0.0
2022-02-02,11.027518,106.60993,2022-02-02 03:48:36.520008448,418.72437,0.0
2022-02-02,11.017652,106.70311,2022-02-02 03:48:36.717995520,417.98627,0.0
2022-02-02,11.023136,106.68692,2022-02-02 03:48:36.744992256,417.36685,0.0
2022-02-02,11.028479,106.67078,2022-02-02 03:48:36.771988736,417.92554,0.0
2022-02-02,11.0338125,106.654655,2022-02-02 03:48:36.799025408,417.7234,0.0
2022-02-02,11.039168,106.638535,2022-02-02 03:48:36.826021632,417.67517,0.0
2022-02-02,11.0443535,106.62247,2022-02-02 03:48:36.853018112,418.08774,0.0
2022-02-02,11.03441,106.71567,2022-02-02 03:48:37.051005440,417.72958,0.0
2022-02-02,11.045244,106.683334,2022-02-02 03:48:37.104998144,417.84186,0.0
2022-02-02,11.061037,106.63505,2022-02-02 03:48:37.186027776,417.72702,0.0
2022-02-02,11.06615,106.61901,2022-02-02 03:48:37.213024256,418.35406,0.0
2022-02-02,11.056492,106.71209,2022-02-02 03:48:37.412017408,417.37457,0.0
2022-02-02,11.061875,106.695946,2022-02-02 03:48:37.439013632,417.4079,0.0
2022-02-02,11.067222,106.679825,2022-02-02 03:48:37.466010112,417.14865,0.0
2022-02-02,11.077773,106.647644,2022-02-02 03:48:37.520003072,418.0801,0.0
2022-02-02,11.08292,106.63161,2022-02-02 03:48:37.546999552,418.24182,0.0
2022-02-02,11.062315,106.75705,2022-02-02 03:48:37.690993664,416.92407,0.0
2022-02-02,11.067707,106.740875,2022-02-02 03:48:37.717990400,417.72385,0.0
2022-02-02,11.08404,106.69238,2022-02-02 03:48:37.799019776,418.04044,0.0
2022-02-02,11.0946,106.66021,2022-02-02 03:48:37.853012480,418.50378,0.0
2022-02-02,11.099763,106.644165,2022-02-02 03:48:37.880009216,417.94827,0.0
2022-02-02,11.079122,106.76963,2022-02-02 03:48:38.024003584,417.56644,0.0
2022-02-02,11.090077,106.737236,2022-02-02 03:48:38.077996288,419.6762,0.0
2022-02-02,11.106027,106.68889,2022-02-02 03:48:38.159025920,417.9728,0.0
2022-02-02,11.111351,106.67279,2022-02-02 03:48:38.186022400,418.955,0.0
2022-02-02,11.101282,106.76601,2022-02-02 03:48:38.385015552,418.88287,0.0
2022-02-02,11.106724,106.74982,2022-02-02 03:48:38.412011776,417.63718,0.0
2022-02-02,11.127939,106.68538,2022-02-02 03:48:38.519997696,419.19046,0.0
2022-02-02,11.128817,106.74628,2022-02-02 03:48:38.772017920,418.9273,0.0
2022-02-02,10.309915,106.05005,2022-02-02 03:48:43.357991936,419.10593,0.0
2022-02-02,10.31692,105.938835,2022-02-02 03:48:43.520010752,418.65326,0.0
2022-02-02,10.317864,105.92021,2022-02-02 03:48:43.547006976,418.7162,0.0
2022-02-02,10.326612,106.06224,2022-02-02 03:48:43.691001344,418.57553,0.0
2022-02-02,10.333657,105.95122,2022-02-02 03:48:43.853020416,419.1498,0.0
2022-02-02,10.334613,105.93265,2022-02-02 03:48:43.880016896,418.17334,0.0
2022-02-02,10.3434105,106.0748,2022-02-02 03:48:44.024011008,418.2961,0.0
2022-02-02,10.344742,106.056335,2022-02-02 03:48:44.051007744,419.4697,0.0
2022-02-02,10.347188,106.01934,2022-02-02 03:48:44.105000448,418.8293,0.0
2022-02-02,10.348314,106.00082,2022-02-02 03:48:44.131996928,419.4272,0.0
2022-02-02,10.35038,105.96371,2022-02-02 03:48:44.185989888,418.55515,0.0
2022-02-02,10.351319,105.94512,2022-02-02 03:48:44.213026560,418.19724,0.0
2022-02-02,10.376805,106.099915,2022-02-02 03:48:44.690996224,418.22653,0.0
2022-02-02,10.378143,106.08146,2022-02-02 03:48:44.717992448,417.736,0.0
2022-02-02,10.37942,106.06298,2022-02-02 03:48:44.744988928,418.39337,0.0
2022-02-02,10.381786,106.02598,2022-02-02 03:48:44.799022080,418.516,0.0
2022-02-02,10.3839035,105.9889,2022-02-02 03:48:44.853015040,419.05984,0.0
2022-02-02,10.393587,106.11246,2022-02-02 03:48:45.024005888,417.36618,0.0
2022-02-02,10.394913,106.09399,2022-02-02 03:48:45.051002368,418.75742,0.0
2022-02-02,10.39618,106.07551,2022-02-02 03:48:45.077998592,418.07147,0.0
2022-02-02,10.3973875,106.057014,2022-02-02 03:48:45.104995072,418.6136,0.0
2022-02-02,10.400638,106.00142,2022-02-02 03:48:45.186024704,418.44437,0.0
2022-02-02,10.401595,105.98284,2022-02-02 03:48:45.213020928,418.81616,0.0
2022-02-02,10.411664,106.10652,2022-02-02 03:48:45.385017600,418.9134,0.0
2022-02-02,10.414138,106.06952,2022-02-02 03:48:45.439010560,417.9124,0.0
2022-02-02,10.416368,106.03246,2022-02-02 03:48:45.493003264,418.6531,0.0
2022-02-02,10.417391,106.01391,2022-02-02 03:48:45.520000000,417.9214,0.0
2022-02-02,10.418351,105.99533,2022-02-02 03:48:45.546996480,418.59207,0.0
2022-02-02,10.428446,106.11908,2022-02-02 03:48:45.717987072,416.8499,0.0
2022-02-02,10.429722,106.10059,2022-02-02 03:48:45.745023744,418.6183,0.0
2022-02-02,10.430936,106.082085,2022-02-02 03:48:45.772020224,418.69534,0.0
2022-02-02,10.432088,106.06356,2022-02-02 03:48:45.799016704,418.72528,0.0
2022-02-02,10.433178,106.04502,2022-02-02 03:48:45.826013184,419.77777,0.0
2022-02-02,10.434205,106.02645,2022-02-02 03:48:45.853009408,420.34033,0.0
2022-02-02,10.435161,106.007866,2022-02-02 03:48:45.880005888,419.33426,0.0
2022-02-02,10.447657,106.0946,2022-02-02 03:48:46.104989440,419.3559,0.0
2022-02-02,10.448814,106.07609,2022-02-02 03:48:46.132026112,418.94812,0.0
2022-02-02,10.450942,106.039,2022-02-02 03:48:46.186019072,419.10242,0.0
2022-02-02,10.451913,106.020424,2022-02-02 03:48:46.213015552,420.84552,0.0
2022-02-02,10.467742,106.05152,2022-02-02 03:48:46.519994624,419.35397,0.0
2022-02-02,10.468702,106.032936,2022-02-02 03:48:46.546990848,420.11823,0.0
2022-02-02,10.484439,106.064064,2022-02-02 03:48:46.853004032,419.0652,0.0
2022-02-02,10.485402,106.04548,2022-02-02 03:48:46.880000512,419.4013,0.0
2022-02-02,10.50022,106.09515,2022-02-02 03:48:47.159017216,418.57108,0.0
2022-02-02,10.501223,106.07659,2022-02-02 03:48:47.186013696,418.6903,0.0
2022-02-02,10.544383,106.225296,2022-02-02 03:48:48.023989504,418.45233,0.0
2022-02-02,10.545732,106.20683,2022-02-02 03:48:48.050985728,418.97128,0.0
2022-02-02,10.561059,106.23778,2022-02-02 03:48:48.358004992,420.2722,0.0
2022-02-02,10.563686,106.200806,2022-02-02 03:48:48.411997696,418.22342,0.0
2022-02-02,10.57784,106.25036,2022-02-02 03:48:48.691014656,418.99924,0.0
2022-02-02,10.583901,106.157776,2022-02-02 03:48:48.825996800,419.72656,0.0
2022-02-02,10.594529,106.262856,2022-02-02 03:48:49.024024320,419.86993,0.0
2022-02-02,10.599517,106.18886,2022-02-02 03:48:49.132009984,418.8679,0.0
2022-02-02,10.60061,106.17031,2022-02-02 03:48:49.159006720,417.30078,0.0
2022-02-02,10.613888,106.23841,2022-02-02 03:48:49.411992576,419.60785,0.0
2022-02-02,10.627993,106.28794,2022-02-02 03:48:49.691009280,419.51047,0.0
2022-02-02,10.629335,106.26946,2022-02-02 03:48:49.718005760,419.90628,0.0
2022-02-02,10.630616,106.25098,2022-02-02 03:48:49.745001984,420.0929,0.0
2022-02-02,10.631834,106.23246,2022-02-02 03:48:49.771998464,418.56467,0.0
2022-02-02,10.63299,106.213936,2022-02-02 03:48:49.798994944,418.2125,0.0
2022-02-02,10.634085,106.19539,2022-02-02 03:48:49.825991424,418.17892,0.0
2022-02-02,10.635117,106.17682,2022-02-02 03:48:49.852987648,418.5717,0.0
2022-02-02,10.636091,106.158226,2022-02-02 03:48:49.880024320,418.3876,0.0
2022-02-02,10.644743,106.300514,2022-02-02 03:48:50.024018688,419.61633,0.0
2022-02-02,10.64612,106.28204,2022-02-02 03:48:50.051015424,419.36346,0.0
2022-02-02,10.648618,106.24503,2022-02-02 03:48:50.105008128,419.4174,0.0
2022-02-02,10.651889,106.18936,2022-02-02 03:48:50.185997568,417.3077,0.0
2022-02-02,10.652855,106.17076,2022-02-02 03:48:50.212993792,418.5917,0.0
2022-02-02,10.661485,106.31306,2022-02-02 03:48:50.357993984,420.79788,0.0
2022-02-02,10.664123,106.27609,2022-02-02 03:48:50.411986944,419.1166,0.0
2022-02-02,10.665348,106.25758,2022-02-02 03:48:50.439023616,418.80304,0.0
2022-02-02,10.668621,106.20193,2022-02-02 03:48:50.520012800,419.0511,0.0
2022-02-02,10.669534,106.18332,2022-02-02 03:48:50.547009536,418.66718,0.0
2022-02-02,10.6808195,106.28865,2022-02-02 03:48:50.744996608,419.37103,0.0
2022-02-02,10.682053,106.27014,2022-02-02 03:48:50.771993088,420.14307,0.0
2022-02-02,10.686362,106.19589,2022-02-02 03:48:50.880019200,419.34518,0.0
2022-02-02,10.695039,106.33821,2022-02-02 03:48:51.024013568,419.53568,0.0
2022-02-02,10.696398,106.31973,2022-02-02 03:48:51.051009792,420.48236,0.0
2022-02-02,10.697685,106.30123,2022-02-02 03:48:51.078006272,419.7134,0.0
2022-02-02,10.698901,106.282715,2022-02-02 03:48:51.105003008,420.28647,0.0
2022-02-02,10.700055,106.26418,2022-02-02 03:48:51.131999232,419.40573,0.0
2022-02-02,10.701146,106.24563,2022-02-02 03:48:51.158995712,419.88254,0.0
2022-02-02,10.702175,106.22705,2022-02-02 03:48:51.185991936,420.30475,0.0
2022-02-02,10.703142,106.20845,2022-02-02 03:48:51.212988416,419.74384,0.0
2022-02-02,10.716784,106.27675,2022-02-02 03:48:51.466014720,419.8243,0.0
2022-02-02,10.718913,106.23962,2022-02-02 03:48:51.520007680,419.7657,0.0
2022-02-02,10.719884,106.221016,2022-02-02 03:48:51.547003904,419.7431,0.0
2022-02-02,10.728475,106.36333,2022-02-02 03:48:51.690998272,418.6153,0.0
2022-02-02,10.729831,106.34485,2022-02-02 03:48:51.717994752,418.9638,0.0
2022-02-02,10.732355,106.30783,2022-02-02 03:48:51.771987712,418.98596,0.0
2022-02-02,10.733525,106.2893,2022-02-02 03:48:51.799024384,419.69168,0.0
2022-02-02,10.74516,106.37588,2022-02-02 03:48:52.024007936,418.24463,0.0
2022-02-02,10.746495,106.35739,2022-02-02 03:48:52.051004416,418.48322,0.0
2022-02-02,10.750197,106.30184,2022-02-02 03:48:52.131993856,418.80057,0.0
2022-02-02,10.752362,106.26471,2022-02-02 03:48:52.186026752,419.18512,0.0
2022-02-02,10.753351,106.24611,2022-02-02 03:48:52.213023232,420.68884,0.0
2022-02-02,10.763245,106.369934,2022-02-02 03:48:52.385019904,418.57965,0.0
2022-02-02,10.765732,106.3329,2022-02-02 03:48:52.439012864,418.68604,0.0
2022-02-02,10.770042,106.25865,2022-02-02 03:48:52.546998528,418.8684,0.0
2022-02-02,10.780031,106.38255,2022-02-02 03:48:52.717989376,418.4511,0.0
2022-02-02,10.781324,106.36405,2022-02-02 03:48:52.744985856,417.71057,0.0
2022-02-02,10.783723,106.327,2022-02-02 03:48:52.799018752,418.82117,0.0
2022-02-02,10.784829,106.30845,2022-02-02 03:48:52.826015488,418.7878,0.0
2022-02-02,10.785873,106.28987,2022-02-02 03:48:52.853011968,418.3063,0.0
2022-02-02,10.796802,106.39505,2022-02-02 03:48:53.050999040,418.33493,0.0
2022-02-02,10.798115,106.37655,2022-02-02 03:48:53.077995520,417.63312,0.0
2022-02-02,10.799334,106.358025,2022-02-02 03:48:53.104992000,417.8995,0.0
2022-02-02,10.801584,106.32092,2022-02-02 03:48:53.159024896,419.85196,0.0
2022-02-02,10.802616,106.302345,2022-02-02 03:48:53.186021376,419.0059,0.0
2022-02-02,10.803585,106.28374,2022-02-02 03:48:53.213017856,418.9729,0.0
2022-02-02,10.813517,106.407616,2022-02-02 03:48:53.385014528,420.2941,0.0
2022-02-02,10.816053,106.37059,2022-02-02 03:48:53.439007232,418.47784,0.0
2022-02-02,10.817227,106.35205,2022-02-02 03:48:53.466003968,418.5578,0.0
2022-02-02,10.8193445,106.314896,2022-02-02 03:48:53.519996672,420.47275,0.0
2022-02-02,10.828797,106.43862,2022-02-02 03:48:53.691027712,418.89294,0.0
2022-02-02,10.83146,106.401634,2022-02-02 03:48:53.745020672,419.85092,0.0
2022-02-02,10.832699,106.38312,2022-02-02 03:48:53.772016896,420.1499,0.0
2022-02-02,10.833875,106.36458,2022-02-02 03:48:53.799013632,418.77478,0.0
2022-02-02,10.8360405,106.32744,2022-02-02 03:48:53.853006336,419.4964,0.0
2022-02-02,10.837028,106.30884,2022-02-02 03:48:53.880002816,419.39484,0.0
2022-02-02,10.846951,106.432724,2022-02-02 03:48:54.050993664,418.3249,0.0
2022-02-02,10.8482485,106.41422,2022-02-02 03:48:54.077990144,418.33658,0.0
2022-02-02,10.849484,106.3957,2022-02-02 03:48:54.104986368,419.76804,0.0
2022-02-02,10.850658,106.37716,2022-02-02 03:48:54.132023040,419.38416,0.0
2022-02-02,10.852819,106.34001,2022-02-02 03:48:54.186016000,419.7957,0.0
2022-02-02,10.8538065,106.3214,2022-02-02 03:48:54.213012480,419.20056,0.0
2022-02-02,10.863672,106.44531,2022-02-02 03:48:54.385009152,418.91547,0.0
2022-02-02,10.86496,106.42681,2022-02-02 03:48:54.412005376,418.1537,0.0
2022-02-02,10.867349,106.389755,2022-02-02 03:48:54.465998336,419.4841,0.0
2022-02-02,10.868465,106.37119,2022-02-02 03:48:54.492994816,419.6478,0.0
2022-02-02,10.86952,106.352615,2022-02-02 03:48:54.519991296,419.9304,0.0
2022-02-02,10.870487,106.33401,2022-02-02 03:48:54.547027968,419.7388,0.0
2022-02-02,10.8790655,106.4764,2022-02-02 03:48:54.691022336,417.81055,0.0
2022-02-02,10.88041,106.45791,2022-02-02 03:48:54.718018816,419.14502,0.0
2022-02-02,10.8829155,106.42086,2022-02-02 03:48:54.772011776,419.04245,0.0
2022-02-02,10.884074,106.402306,2022-02-02 03:48:54.799008256,418.4024,0.0
2022-02-02,10.885172,106.383736,2022-02-02 03:48:54.826004480,418.724,0.0
2022-02-02,10.886207,106.36514,2022-02-02 03:48:54.853000960,419.61957,0.0
2022-02-02,10.887197,106.346535,2022-02-02 03:48:54.879997184,419.97458,0.0
2022-02-02,10.895803,106.48894,2022-02-02 03:48:55.023991808,417.9374,0.0
2022-02-02,10.897179,106.47045,2022-02-02 03:48:55.050988288,418.75937,0.0
2022-02-02,10.898473,106.45194,2022-02-02 03:48:55.078024960,418.00876,0.0
2022-02-02,10.899688,106.43341,2022-02-02 03:48:55.105021184,418.65085,0.0
2022-02-02,10.901933,106.3963,2022-02-02 03:48:55.159014144,418.3655,0.0
2022-02-02,10.902963,106.37771,2022-02-02 03:48:55.186010624,419.51495,0.0
2022-02-02,10.90393,106.3591,2022-02-02 03:48:55.213006848,419.87277,0.0
2022-02-02,10.913776,106.482994,2022-02-02 03:48:55.385003520,417.45316,0.0
2022-02-02,10.915078,106.464485,2022-02-02 03:48:55.412000256,417.81433,0.0
2022-02-02,10.918612,106.408844,2022-02-02 03:48:55.492989440,418.7664,0.0
2022-02-02,10.919664,106.39027,2022-02-02 03:48:55.520026112,418.8892,0.0
2022-02-02,10.920654,106.371666,2022-02-02 03:48:55.547022592,419.25766,0.0
2022-02-02,10.929182,106.514114,2022-02-02 03:48:55.691016960,418.04837,0.0
2022-02-02,10.934302,106.44005,2022-02-02 03:48:55.799002624,417.85214,0.0
2022-02-02,10.935427,106.421486,2022-02-02 03:48:55.825999104,418.1353,0.0
2022-02-02,10.936489,106.4029,2022-02-02 03:48:55.852995328,419.5992,0.0
2022-02-02,10.94984,106.471176,2022-02-02 03:48:56.105015808,417.31528,0.0
2022-02-02,10.953206,106.41549,2022-02-02 03:48:56.186004992,417.43658,0.0
2022-02-02,10.962743,106.53929,2022-02-02 03:48:56.358001664,418.63666,0.0
2022-02-02,10.964013,106.52078,2022-02-02 03:48:56.384998400,417.41754,0.0
2022-02-02,10.965369,106.50227,2022-02-02 03:48:56.411994624,417.31253,0.0
2022-02-02,10.967675,106.46517,2022-02-02 03:48:56.465987584,418.62024,0.0
2022-02-02,10.968793,106.4466,2022-02-02 03:48:56.493024256,418.28918,0.0
2022-02-02,10.9793005,106.551834,2022-02-02 03:48:56.691011328,418.23062,0.0
2022-02-02,10.982042,106.51485,2022-02-02 03:48:56.745004288,418.0842,0.0
2022-02-02,10.983281,106.49632,2022-02-02 03:48:56.772000768,417.7099,0.0
2022-02-02,10.9855585,106.45921,2022-02-02 03:48:56.825993472,418.6509,0.0
2022-02-02,10.986626,106.440636,2022-02-02 03:48:56.852990208,419.19623,0.0
2022-02-02,10.987592,106.42202,2022-02-02 03:48:56.880026880,419.7662,0.0
2022-02-02,10.998732,106.527435,2022-02-02 03:48:57.078013952,418.2967,0.0
2022-02-02,11.002341,106.47182,2022-02-02 03:48:57.159003136,418.4374,0.0
2022-02-02,11.003375,106.453224,2022-02-02 03:48:57.185999872,418.69202,0.0
2022-02-02,11.012778,106.57706,2022-02-02 03:48:57.357996544,419.6569,0.0
2022-02-02,11.017999,106.502975,2022-02-02 03:48:57.466022400,418.6685,0.0
2022-02-02,11.019118,106.484406,2022-02-02 03:48:57.493018880,418.57874,0.0
2022-02-02,11.020071,106.46579,2022-02-02 03:48:57.520015360,419.88654,0.0
2022-02-02,11.030856,106.57111,2022-02-02 03:48:57.718002432,418.28262,0.0
2022-02-02,11.033639,106.5341,2022-02-02 03:48:57.771995392,418.54913,0.0
2022-02-02,11.034727,106.51554,2022-02-02 03:48:57.798991616,417.90646,0.0
2022-02-02,11.036821,106.47836,2022-02-02 03:48:57.853025024,420.24753,0.0
2022-02-02,11.037861,106.459755,2022-02-02 03:48:57.880021248,419.69965,0.0
2022-02-02,11.051502,106.528114,2022-02-02 03:48:58.132001280,418.21146,0.0
2022-02-02,11.053574,106.49093,2022-02-02 03:48:58.185994496,418.15137,0.0
2022-02-02,11.064411,106.5963,2022-02-02 03:48:58.384987392,419.13617,0.0
2022-02-02,11.071379,106.48493,2022-02-02 03:48:58.547006208,418.23068,0.0
2022-02-02,11.079887,106.62743,2022-02-02 03:48:58.691000576,418.83496,0.0
2022-02-02,11.08108,106.6089,2022-02-02 03:48:58.717997056,417.8373,0.0
2022-02-02,11.082375,106.590385,2022-02-02 03:48:58.744993536,418.94617,0.0
2022-02-02,11.088127,106.49751,2022-02-02 03:48:58.880015872,418.579,0.0
2022-02-02,11.09788,106.62149,2022-02-02 03:48:59.051006720,418.95566,0.0
2022-02-02,11.100448,106.584435,2022-02-02 03:48:59.104999424,419.48627,0.0
2022-02-02,11.114634,106.63407,2022-02-02 03:48:59.385022208,417.52423,0.0
2022-02-02,11.117238,106.59702,2022-02-02 03:48:59.439015168,417.1239,0.0
2022-02-02,11.171874,106.56052,2022-02-02 03:49:00.546995456,420.34155,0.0
2022-02-02,10.326871,105.78894,2022-02-02 03:49:04.212998400,419.59628,0.0
2022-02-02,10.390359,105.96521,2022-02-02 03:49:04.357998592,419.03568,0.0
2022-02-02,10.384055,105.94203,2022-02-02 03:49:04.384995072,418.8599,0.0
2022-02-02,10.357822,105.848434,2022-02-02 03:49:04.493020928,419.97238,0.0
2022-02-02,10.350975,105.824776,2022-02-02 03:49:04.520017664,419.75674,0.0
2022-02-02,10.395244,105.93092,2022-02-02 03:49:04.745001216,419.3546,0.0
2022-02-02,10.382165,105.88404,2022-02-02 03:49:04.798994176,418.10205,0.0
2022-02-02,10.368233,105.836815,2022-02-02 03:49:04.853027072,419.31406,0.0
2022-02-02,10.361074,105.81305,2022-02-02 03:49:04.880023552,418.44516,0.0
2022-02-02,10.424028,105.9897,2022-02-02 03:49:05.024018176,419.72778,0.0
2022-02-02,10.417722,105.9666,2022-02-02 03:49:05.051014400,418.62857,0.0
2022-02-02,10.411298,105.94338,2022-02-02 03:49:05.078010880,419.25064,0.0
2022-02-02,10.404754,105.920044,2022-02-02 03:49:05.105007104,419.36487,0.0
2022-02-02,10.398088,105.89661,2022-02-02 03:49:05.132003840,418.25006,0.0
2022-02-02,10.39133,105.87306,2022-02-02 03:49:05.159000064,419.24103,0.0
2022-02-02,10.384417,105.8494,2022-02-02 03:49:05.185996544,419.13852,0.0
2022-02-02,10.451261,105.99231,2022-02-02 03:49:05.717999360,420.5993,0.0
2022-02-02,10.4381895,105.94577,2022-02-02 03:49:05.771992320,418.85526,0.0
2022-02-02,10.431475,105.92235,2022-02-02 03:49:05.798988544,419.50287,0.0
2022-02-02,10.4248,105.89882,2022-02-02 03:49:05.826025216,419.58728,0.0
2022-02-02,10.418013,105.875175,2022-02-02 03:49:05.853021696,419.91888,0.0
2022-02-02,10.468526,106.00478,2022-02-02 03:49:06.051009024,420.0891,0.0
2022-02-02,10.462059,105.981514,2022-02-02 03:49:06.078005248,419.45346,0.0
2022-02-02,10.455483,105.95815,2022-02-02 03:49:06.105001984,420.01273,0.0
2022-02-02,10.448785,105.934685,2022-02-02 03:49:06.131998208,420.3641,0.0
2022-02-02,10.47868,105.993515,2022-02-02 03:49:06.412020992,420.07526,0.0
2022-02-02,10.458696,105.92311,2022-02-02 03:49:06.493010176,419.85303,0.0
2022-02-02,10.451864,105.89945,2022-02-02 03:49:06.520006656,418.4102,0.0
2022-02-02,10.444787,105.87563,2022-02-02 03:49:06.547003136,419.78696,0.0
2022-02-02,10.495517,106.005714,2022-02-02 03:49:06.744990464,419.6149,0.0
2022-02-02,10.48897,105.982346,2022-02-02 03:49:06.771986688,419.10257,0.0
2022-02-02,10.482301,105.95887,2022-02-02 03:49:06.799023360,420.20914,0.0
2022-02-02,10.475498,105.935326,2022-02-02 03:49:06.826019840,420.06015,0.0
2022-02-02,10.5057535,105.995224,2022-02-02 03:49:07.104996352,419.0109,0.0
2022-02-02,10.499057,105.971794,2022-02-02 03:49:07.131992832,418.62088,0.0
2022-02-02,10.492267,105.94826,2022-02-02 03:49:07.158989312,419.07056,0.0
2022-02-02,10.625453,106.14027,2022-02-02 03:49:09.023996416,419.30234,0.0
2022-02-02,10.612757,106.093895,2022-02-02 03:49:09.077989120,421.00107,0.0
2022-02-02,10.642221,106.15286,2022-02-02 03:49:09.358011648,418.7272,0.0
2022-02-02,10.629593,106.10652,2022-02-02 03:49:09.412004608,418.43723,0.0
2022-02-02,10.623032,106.08321,2022-02-02 03:49:09.439001088,420.62064,0.0
2022-02-02,10.646118,106.11931,2022-02-02 03:49:09.745014272,419.37823,0.0
2022-02-02,10.669361,106.15503,2022-02-02 03:49:10.050987264,418.76804,0.0
2022-02-02,10.643053,106.061226,2022-02-02 03:49:10.159013376,418.78403,0.0
2022-02-02,10.666568,106.09726,2022-02-02 03:49:10.465991936,419.27115,0.0
2022-02-02,10.652913,106.05001,2022-02-02 03:49:10.520025344,417.66016,0.0
2022-02-02,10.709176,106.20315,2022-02-02 03:49:10.691015936,419.91864,0.0
2022-02-02,10.702871,106.18004,2022-02-02 03:49:10.718012416,420.48346,0.0
2022-02-02,10.696448,106.15683,2022-02-02 03:49:10.745008896,418.6327,0.0
2022-02-02,10.676436,106.086525,2022-02-02 03:49:10.825998336,419.1928,0.0
2022-02-02,10.725879,106.215935,2022-02-02 03:49:11.024025600,419.05743,0.0
2022-02-02,10.700009,106.1227,2022-02-02 03:49:11.132011520,419.9079,0.0
2022-02-02,10.693242,106.09913,2022-02-02 03:49:11.159007744,420.3218,0.0
2022-02-02,10.686384,106.075455,2022-02-02 03:49:11.186004224,419.0597,0.0
2022-02-02,10.6793375,106.05161,2022-02-02 03:49:11.213000704,419.2884,0.0
2022-02-02,10.730044,106.1817,2022-02-02 03:49:11.411993856,420.39136,0.0
2022-02-02,10.723536,106.15835,2022-02-02 03:49:11.438990080,419.1866,0.0
2022-02-02,10.753146,106.217514,2022-02-02 03:49:11.718007040,419.5485,0.0
2022-02-02,10.746761,106.19427,2022-02-02 03:49:11.745003520,419.3905,0.0
2022-02-02,10.740223,106.1709,2022-02-02 03:49:11.771999744,419.4182,0.0
2022-02-02,10.733597,106.14744,2022-02-02 03:49:11.798996480,420.01483,0.0
2022-02-02,10.719953,106.10029,2022-02-02 03:49:11.852989184,419.91833,0.0
2022-02-02,10.776019,106.253494,2022-02-02 03:49:12.024020224,419.9784,0.0
2022-02-02,10.769725,106.23032,2022-02-02 03:49:12.051016704,419.74698,0.0
2022-02-02,10.763364,106.207085,2022-02-02 03:49:12.078013184,419.44385,0.0
2022-02-02,10.756832,106.18375,2022-02-02 03:49:12.105009664,419.64383,0.0
2022-02-02,10.750212,106.1603,2022-02-02 03:49:12.132005888,420.23166,0.0
2022-02-02,14.959845,107.818565,2022-02-02 03:49:19.051019008,417.5582,0.0
2022-02-02,14.96538,107.84218,2022-02-02 03:49:19.357997824,417.5874,0.0
2022-02-10,10.933309,106.87044,2022-02-10 00:36:26.502000896,418.73892,0.0
2022-02-10,10.96681,106.8954,2022-02-10 00:36:27.168019968,418.82175,0.0
2022-02-10,10.981049,106.886925,2022-02-10 00:36:27.195016448,419.13107,0.0
2022-02-10,10.99523,106.87829,2022-02-10 00:36:27.222012928,418.915,0.0
2022-02-10,10.990943,106.97095,2022-02-10 00:36:28.421000448,419.08502,0.0
2022-02-13,22.420345,102.20833,2022-02-13 09:40:29.097989120,417.79,0.0
2022-02-13,22.282177,102.26822,2022-02-13 09:40:31.351004672,415.00076,0.0
2022-02-13,22.290668,102.28144,2022-02-13 09:40:31.378000896,415.79956,0.0
2022-02-13,22.257616,102.2691,2022-02-13 09:40:31.657017600,415.71774,0.0
2022-02-13,22.225388,102.29741,2022-02-13 09:40:32.324002816,415.49356,0.0
2022-02-13,22.106064,102.46494,2022-02-13 09:40:35.405016064,416.3371,0.0
2022-02-13,21.790567,102.67974,2022-02-13 09:40:41.323994112,418.47482,0.0
2022-02-13,21.799004,102.69301,2022-02-13 09:40:41.350990592,416.2189,0.0
2022-02-13,21.807453,102.70621,2022-02-13 09:40:41.377986816,414.61768,0.0
2022-02-13,21.742134,102.72192,2022-02-13 09:40:42.323988736,416.1931,0.0
2022-02-13,21.717575,102.722725,2022-02-13 09:40:42.630001920,417.40405,0.0
2022-02-13,21.693777,102.76424,2022-02-13 09:40:43.324023552,418.3503,0.0
2022-02-13,21.541546,102.95867,2022-02-13 09:40:47.071015936,417.57498,0.0
2022-02-13,21.474934,102.89316,2022-02-13 09:40:47.243012352,417.516,0.0
2022-02-13,21.491648,102.91976,2022-02-13 09:40:47.297005312,418.83057,0.0
2022-02-13,21.508493,102.94634,2022-02-13 09:40:47.350998272,415.99286,0.0
2022-02-13,21.525436,102.97279,2022-02-13 09:40:47.404991232,414.6873,0.0
2022-02-13,21.483868,102.94707,2022-02-13 09:40:47.657011456,417.90045,0.0
2022-02-13,21.492317,102.96035,2022-02-13 09:40:47.684007936,418.38617,0.0
2022-02-13,21.459394,102.94791,2022-02-13 09:40:47.963024640,418.24323,0.0
2022-02-13,21.485394,103.028015,2022-02-13 09:40:48.432022272,418.8572,0.0
2022-02-13,21.469206,103.04204,2022-02-13 09:40:48.764991744,416.45825,0.0
2022-02-13,21.436884,103.07012,2022-02-13 09:40:49.432016896,419.06042,0.0
2022-02-13,21.387598,103.071724,2022-02-13 09:40:50.044003072,419.3062,0.0
2022-02-13,21.40454,103.09809,2022-02-13 09:40:50.097996032,417.4021,0.0
2022-02-13,21.363008,103.07258,2022-02-13 09:40:50.351022336,418.23883,0.0
2022-02-13,21.379904,103.09898,2022-02-13 09:40:50.405015040,419.29846,0.0
2022-02-13,21.388386,103.11216,2022-02-13 09:40:50.432011520,418.1247,0.0
2022-02-13,21.355232,103.099724,2022-02-13 09:40:50.710988032,416.85483,0.0
2022-02-13,21.363693,103.11292,2022-02-13 09:40:50.738024704,418.61472,0.0
2022-02-13,21.29773,103.08808,2022-02-13 09:40:51.297023744,419.58295,0.0
2022-02-13,21.314495,103.11459,2022-02-13 09:40:51.351016704,417.84842,0.0
2022-02-13,21.273756,103.12938,2022-02-13 09:40:51.989999360,418.86487,0.0
2022-02-13,21.240862,103.11681,2022-02-13 09:40:52.270021888,416.88483,0.0
2022-02-13,21.25759,103.14338,2022-02-13 09:40:52.324014848,417.76572,0.0
2022-02-13,21.274454,103.16986,2022-02-13 09:40:52.378007808,418.2939,0.0
2022-02-13,21.216396,103.11757,2022-02-13 09:40:52.575994880,419.9328,0.0
2022-02-13,21.224707,103.13085,2022-02-13 09:40:52.602991616,417.94568,0.0
2022-02-13,21.249825,103.17064,2022-02-13 09:40:52.684020992,418.9486,0.0
2022-02-13,21.258242,103.18382,2022-02-13 09:40:52.711017472,419.01163,0.0
2022-02-13,21.200163,103.13147,2022-02-13 09:40:52.909004800,419.84488,0.0
2022-02-13,21.242012,103.19775,2022-02-13 09:40:53.043986688,417.59595,0.0
2022-02-13,21.25047,103.21095,2022-02-13 09:40:53.071023360,418.42773,0.0
2022-02-13,21.217436,103.19853,2022-02-13 09:40:53.351005952,415.2935,0.0
2022-02-13,21.24279,103.23813,2022-02-13 09:40:53.431995136,416.8756,0.0
2022-02-13,21.167807,103.15944,2022-02-13 09:40:53.575989760,419.04288,0.0
2022-02-13,21.15169,103.17342,2022-02-13 09:40:53.908999168,421.1145,0.0
2022-02-13,21.16,103.186714,2022-02-13 09:40:53.935995648,416.28644,0.0
2022-02-13,21.168915,103.240524,2022-02-13 09:40:54.351000576,421.027,0.0
2022-02-13,21.119287,103.20139,2022-02-13 09:40:54.576024576,420.0461,0.0
2022-02-13,21.135935,103.22796,2022-02-13 09:40:54.630017280,418.93024,0.0
2022-02-13,21.152716,103.25449,2022-02-13 09:40:54.684009984,419.41605,0.0
2022-02-13,21.103058,103.215294,2022-02-13 09:40:54.908993792,417.96796,0.0
2022-02-13,21.111382,103.22859,2022-02-13 09:40:54.935990272,417.78293,0.0
2022-02-13,21.119726,103.241875,2022-02-13 09:40:54.963026944,419.07172,0.0
2022-02-13,21.153381,103.294815,2022-02-13 09:40:55.071012608,419.2022,0.0
2022-02-13,21.08686,103.22931,2022-02-13 09:40:55.243009280,418.2578,0.0
2022-02-13,21.145645,103.32195,2022-02-13 09:40:55.432024576,419.14554,0.0
2022-02-13,21.070723,103.24331,2022-02-13 09:40:55.576018944,418.85892,0.0
2022-02-13,21.104166,103.29645,2022-02-13 09:40:55.684004864,418.76245,0.0
2022-02-13,21.05501,103.29777,2022-02-13 09:40:56.296996864,419.79105,0.0
2022-02-13,21.07176,103.32426,2022-02-13 09:40:56.350989568,418.00897,0.0
2022-02-13,21.03097,103.3389,2022-02-13 09:40:56.990012672,419.47488,0.0
2022-02-13,21.039392,103.352165,2022-02-13 09:40:57.017008896,419.39288,0.0
2022-02-13,21.047808,103.36536,2022-02-13 09:40:57.044005376,416.42776,0.0
2022-02-13,21.056244,103.37854,2022-02-13 09:40:57.071001856,418.54196,0.0
2022-02-13,21.006435,103.339615,2022-02-13 09:40:57.296991232,418.91687,0.0
2022-02-13,21.040049,103.39253,2022-02-13 09:40:57.405017344,418.36972,0.0
2022-02-13,21.006987,103.3801,2022-02-13 09:40:57.683993856,418.94785,0.0
2022-02-13,21.032307,103.41965,2022-02-13 09:40:57.765023488,417.71982,0.0
2022-02-13,20.975159,103.44823,2022-02-13 09:40:58.738021632,419.40842,0.0
2022-02-13,20.933748,103.422585,2022-02-13 09:40:58.990001664,420.2985,0.0
2022-02-13,20.942152,103.435844,2022-02-13 09:40:59.016998144,418.4423,0.0
2022-02-13,20.967426,103.47537,2022-02-13 09:40:59.097987328,419.23785,0.0
2022-02-13,20.917547,103.43654,2022-02-13 09:40:59.324017152,419.28326,0.0
2022-02-13,20.942768,103.47612,2022-02-13 09:40:59.405006336,417.9573,0.0
2022-02-13,20.951212,103.489265,2022-02-13 09:40:59.432003072,419.7077,0.0
2022-02-13,20.8764,103.410645,2022-02-13 09:40:59.575997440,417.63086,0.0
2022-02-13,20.893003,103.43717,2022-02-13 09:40:59.629990144,419.54437,0.0
2022-02-13,20.909712,103.46366,2022-02-13 09:40:59.684023296,418.78558,0.0
2022-02-13,20.868475,103.43782,2022-02-13 09:40:59.936003328,420.6862,0.0
2022-02-13,20.885103,103.46431,2022-02-13 09:40:59.989996288,419.8794,0.0
2022-02-13,20.893503,103.47756,2022-02-13 09:41:00.016992512,418.47824,0.0
2022-02-13,20.90189,103.49073,2022-02-13 09:41:00.043989248,418.69235,0.0
2022-02-13,20.910315,103.503914,2022-02-13 09:41:00.071025920,418.89035,0.0
2022-02-13,20.91877,103.51709,2022-02-13 09:41:00.098022144,418.64954,0.0
2022-02-13,20.844013,103.43849,2022-02-13 09:41:00.243022336,417.29047,0.0
2022-02-13,20.868904,103.47822,2022-02-13 09:41:00.324011776,417.86362,0.0
2022-02-13,20.827772,103.452354,2022-02-13 09:41:00.575991808,420.17148,0.0
2022-02-13,20.852713,103.49216,2022-02-13 09:41:00.657021440,418.91077,0.0
2022-02-13,20.836533,103.50608,2022-02-13 09:41:00.989990656,420.88165,0.0
2022-02-13,20.812464,103.54716,2022-02-13 09:41:01.684012288,419.4561,0.0
2022-02-13,20.762917,103.50804,2022-02-13 09:41:01.908996096,420.18936,0.0
2022-02-13,20.787783,103.54774,2022-02-13 09:41:01.990025472,420.70132,0.0
2022-02-13,20.796162,103.56097,2022-02-13 09:41:02.017022208,419.80222,0.0
2022-02-16,10.800605,106.0085,2022-02-16 08:55:44.646003712,420.39444,0.0
2022-02-16,10.816454,106.0343,2022-02-16 08:55:44.699996672,418.13037,0.0
2022-02-16,10.824417,106.047165,2022-02-16 08:55:44.726993152,418.13852,0.0
2022-02-16,10.77595,106.00804,2022-02-16 08:55:44.953022976,419.0392,0.0
2022-02-16,10.783837,106.02098,2022-02-16 08:55:44.980019456,419.75357,0.0
2022-02-16,10.79969,106.0468,2022-02-16 08:55:45.034012416,416.3956,0.0
2022-02-16,10.807656,106.059685,2022-02-16 08:55:45.061008640,417.85242,0.0
2022-02-16,10.759164,106.02054,2022-02-16 08:55:45.285992448,418.71643,0.0
2022-02-16,10.774943,106.046364,2022-02-16 08:55:45.340025344,418.60422,0.0
2022-02-16,10.790827,106.07211,2022-02-16 08:55:45.394018048,417.16025,0.0
2022-02-16,10.726634,106.00706,2022-02-16 08:55:45.565009152,417.83957,0.0
2022-02-16,10.742319,106.032974,2022-02-16 08:55:45.619001856,419.38846,0.0
2022-02-16,10.773981,106.08456,2022-02-16 08:55:45.727027968,418.54544,0.0
2022-02-16,10.70977,106.019485,2022-02-16 08:55:45.899024384,418.30566,0.0
2022-02-16,10.725457,106.04541,2022-02-16 08:55:45.953017600,417.50116,0.0
2022-02-16,10.733338,106.05834,2022-02-16 08:55:45.980013824,417.69693,0.0
2022-02-16,10.741245,106.07125,2022-02-16 08:55:46.007010560,417.39194,0.0
2022-02-16,10.685139,106.01896,2022-02-16 08:55:46.204997632,417.08536,0.0
2022-02-16,10.700763,106.044914,2022-02-16 08:55:46.258990592,417.8867,0.0
2022-02-16,10.708624,106.05787,2022-02-16 08:55:46.285986816,417.57422,0.0
2022-02-16,10.72443,106.08372,2022-02-16 08:55:46.340019968,416.8289,0.0
2022-02-16,10.732372,106.09662,2022-02-16 08:55:46.367016192,418.0926,0.0
2022-02-16,10.740341,106.1095,2022-02-16 08:55:46.394012928,418.1679,0.0
2022-02-16,10.668375,106.03149,2022-02-16 08:55:46.538007296,417.8525,0.0
2022-02-16,10.676172,106.04448,2022-02-16 08:55:46.565003520,418.2485,0.0
2022-02-16,10.691841,106.070404,2022-02-16 08:55:46.618996736,417.2727,0.0
2022-02-16,10.699713,106.083336,2022-02-16 08:55:46.645992960,417.89163,0.0
2022-02-16,10.707611,106.096245,2022-02-16 08:55:46.672989440,417.98343,0.0
2022-02-16,10.715535,106.10912,2022-02-16 08:55:46.700026112,417.4381,0.0
2022-02-16,10.723486,106.12198,2022-02-16 08:55:46.727022592,416.975,0.0
2022-02-16,10.65148,106.0439,2022-02-16 08:55:46.872022528,418.29166,0.0
2022-02-16,10.65928,106.056885,2022-02-16 08:55:46.899019264,418.0855,0.0
2022-02-16,10.698659,106.12152,2022-02-16 08:55:47.034001408,416.7717,0.0
2022-02-16,10.706614,106.134384,2022-02-16 08:55:47.060997632,418.38235,0.0
2022-02-16,10.634711,106.05633,2022-02-16 08:55:47.204992256,417.67517,0.0
2022-02-16,10.642527,106.06931,2022-02-16 08:55:47.231988736,418.00504,0.0
2022-02-16,10.65821,106.09522,2022-02-16 08:55:47.286021632,417.24567,0.0
2022-02-16,10.666074,106.108154,2022-02-16 08:55:47.313018112,417.63455,0.0
2022-02-16,10.673964,106.12107,2022-02-16 08:55:47.340014336,417.71478,0.0
2022-02-16,10.681879,106.13396,2022-02-16 08:55:47.367011072,418.14783,0.0
2022-02-16,10.689821,106.14683,2022-02-16 08:55:47.394007552,417.3519,0.0
2022-02-16,10.625678,106.08181,2022-02-16 08:55:47.564998144,416.66708,0.0
2022-02-16,10.63352,106.09478,2022-02-16 08:55:47.591994880,417.67523,0.0
2022-02-16,10.641387,106.107735,2022-02-16 08:55:47.618991104,417.79834,0.0
2022-02-16,10.673056,106.159325,2022-02-16 08:55:47.727017216,418.62964,0.0
2022-02-16,10.608858,106.09427,2022-02-16 08:55:47.899013632,416.7849,0.0
2022-02-16,10.624552,106.12018,2022-02-16 08:55:47.953006848,416.95206,0.0
2022-02-16,10.632438,106.13311,2022-02-16 08:55:47.980003072,416.9819,0.0
2022-02-16,10.640348,106.14601,2022-02-16 08:55:48.006999552,417.66296,0.0
2022-02-16,10.648286,106.1589,2022-02-16 08:55:48.033995776,417.30106,0.0
2022-02-16,10.65625,106.17177,2022-02-16 08:55:48.060992256,415.806,0.0
2022-02-16,10.592057,106.10673,2022-02-16 08:55:48.232023552,418.21072,0.0
2022-02-16,10.615609,106.145546,2022-02-16 08:55:48.313012480,417.33304,0.0
2022-02-16,10.631445,106.17132,2022-02-16 08:55:48.367005696,417.21658,0.0
2022-02-16,10.639402,106.18417,2022-02-16 08:55:48.394001920,417.133,0.0
2022-02-16,10.583053,106.132095,2022-02-16 08:55:48.591989248,418.18872,0.0
2022-02-16,10.590898,106.14505,2022-02-16 08:55:48.619025920,417.10324,0.0
2022-02-16,10.614601,106.18378,2022-02-16 08:55:48.700015360,416.68256,0.0
2022-02-16,10.622562,106.19665,2022-02-16 08:55:48.727011584,417.57285,0.0
2022-02-16,10.550642,106.11863,2022-02-16 08:55:48.872011776,417.97736,0.0
2022-02-16,10.558438,106.13162,2022-02-16 08:55:48.899008256,415.8077,0.0
2022-02-16,10.566259,106.14459,2022-02-16 08:55:48.926004992,417.20605,0.0
2022-02-16,10.574105,106.15754,2022-02-16 08:55:48.953001216,417.8036,0.0
2022-02-16,10.581978,106.17047,2022-02-16 08:55:48.979997696,417.47916,0.0
2022-02-16,10.589875,106.18338,2022-02-16 08:55:49.006993920,417.84863,0.0
2022-02-16,10.597799,106.19627,2022-02-16 08:55:49.033990400,417.20648,0.0
2022-02-16,10.60575,106.209145,2022-02-16 08:55:49.061027072,418.18927,0.0
2022-02-16,10.565136,106.18291,2022-02-16 08:55:49.313007360,417.03406,0.0
2022-02-16,10.5730295,106.19581,2022-02-16 08:55:49.340003840,417.37628,0.0
2022-02-16,10.580949,106.20869,2022-02-16 08:55:49.367000064,417.41574,0.0
2022-02-16,10.588895,106.22155,2022-02-16 08:55:49.393996800,417.93243,0.0
2022-02-16,10.524773,106.15655,2022-02-16 08:55:49.564987392,417.38593,0.0
2022-02-16,10.548354,106.195435,2022-02-16 08:55:49.646017024,416.83,0.0
2022-02-16,10.556257,106.20834,2022-02-16 08:55:49.673013504,418.0709,0.0
2022-02-16,10.564169,106.221214,2022-02-16 08:55:49.700009728,417.2237,0.0
2022-02-16,10.572106,106.23406,2022-02-16 08:55:49.727006208,417.34015,0.0
2022-02-16,10.507896,106.16895,2022-02-16 08:55:49.899003136,418.62125,0.0
2022-02-16,10.515726,106.181915,2022-02-16 08:55:49.925999360,417.42502,0.0
2022-02-16,10.531461,106.207794,2022-02-16 08:55:49.979992064,417.6408,0.0
2022-02-16,10.539368,106.2207,2022-02-16 08:55:50.006988544,418.44022,0.0
2022-02-16,10.547299,106.23359,2022-02-16 08:55:50.034025216,417.0743,0.0
2022-02-16,10.555259,106.24646,2022-02-16 08:55:50.061021696,417.0248,0.0
2022-02-16,10.483303,106.16842,2022-02-16 08:55:50.205016064,417.64755,0.0
2022-02-16,10.491097,106.1814,2022-02-16 08:55:50.232012544,416.49307,0.0
2022-02-16,10.498917,106.19436,2022-02-16 08:55:50.259008768,417.1855,0.0
2022-02-16,10.50676,106.2073,2022-02-16 08:55:50.286005504,417.55966,0.0
2022-02-16,10.514627,106.22021,2022-02-16 08:55:50.313001984,418.6518,0.0
2022-02-16,10.522521,106.2331,2022-02-16 08:55:50.339998208,417.7354,0.0
2022-02-16,10.530441,106.24598,2022-02-16 08:55:50.366994944,417.09677,0.0
2022-02-16,10.538387,106.258835,2022-02-16 08:55:50.393991168,417.75867,0.0
2022-02-16,10.466458,106.18081,2022-02-16 08:55:50.537985536,418.09253,0.0
2022-02-16,10.474262,106.19381,2022-02-16 08:55:50.565022208,417.8382,0.0
2022-02-16,10.482091,106.20679,2022-02-16 08:55:50.592018688,418.45273,0.0
2022-02-16,10.489945,106.21974,2022-02-16 08:55:50.619015168,417.58154,0.0
2022-02-16,10.497825,106.23268,2022-02-16 08:55:50.646011648,417.77078,0.0
2022-02-16,10.505729,106.24559,2022-02-16 08:55:50.673007872,418.42654,0.0
2022-02-16,10.513655,106.25848,2022-02-16 08:55:50.700004352,418.0527,0.0
2022-02-16,10.521608,106.27134,2022-02-16 08:55:50.727000832,418.1531,0.0
2022-02-16,10.457481,106.2063,2022-02-16 08:55:50.898997504,415.4163,0.0
2022-02-16,10.465302,106.21927,2022-02-16 08:55:50.925993984,417.26086,0.0
2022-02-16,10.473149,106.23221,2022-02-16 08:55:50.952990208,417.63763,0.0
2022-02-16,10.488919,106.25803,2022-02-16 08:55:51.007023360,417.92566,0.0
2022-02-16,10.496843,106.27091,2022-02-16 08:55:51.034019840,418.03696,0.0
2022-02-16,10.504794,106.283775,2022-02-16 08:55:51.061016320,417.60773,0.0
2022-02-16,10.432896,106.205795,2022-02-16 08:55:51.205010688,417.45212,0.0
2022-02-16,10.440698,106.21879,2022-02-16 08:55:51.232006912,418.16776,0.0
2022-02-16,10.464231,106.25761,2022-02-16 08:55:51.312996352,417.19672,0.0
2022-02-16,10.472121,106.2705,2022-02-16 08:55:51.339993088,418.58438,0.0
2022-02-16,10.480037,106.28337,2022-02-16 08:55:51.366989312,418.7493,0.0
2022-02-16,10.48798,106.29623,2022-02-16 08:55:51.394025984,418.06854,0.0
2022-02-16,10.416033,106.21818,2022-02-16 08:55:51.538020352,417.31274,0.0
2022-02-16,10.423827,106.23116,2022-02-16 08:55:51.565016832,417.77914,0.0
2022-02-16,10.431646,106.24413,2022-02-16 08:55:51.592013312,417.6519,0.0
2022-02-16,10.447361,106.27,2022-02-16 08:55:51.646006016,417.93018,0.0
2022-02-16,10.455259,106.282906,2022-02-16 08:55:51.673002496,417.7957,0.0
2022-02-16,10.463189,106.2958,2022-02-16 08:55:51.699998976,418.29837,0.0
2022-02-16,10.399253,106.23069,2022-02-16 08:55:51.871995648,414.9787,0.0
2022-02-16,10.407043,106.24366,2022-02-16 08:55:51.898992128,417.2386,0.0
2022-02-16,10.430564,106.28246,2022-02-16 08:55:51.980021504,418.3391,0.0
2022-02-16,10.438455,106.29536,2022-02-16 08:55:52.007017984,417.82886,0.0
2022-02-16,10.446372,106.30823,2022-02-16 08:55:52.034014464,417.30228,0.0
2022-02-16,10.454316,106.32108,2022-02-16 08:55:52.061010944,416.03305,0.0
2022-02-16,10.382408,106.24311,2022-02-16 08:55:52.205005056,416.86823,0.0
2022-02-16,10.398028,106.26908,2022-02-16 08:55:52.258998272,417.65872,0.0
2022-02-16,10.405869,106.28201,2022-02-16 08:55:52.285994496,417.67,0.0
2022-02-16,10.413732,106.294914,2022-02-16 08:55:52.312991232,417.87912,0.0
2022-02-16,10.42162,106.3078,2022-02-16 08:55:52.339987456,417.803,0.0
2022-02-16,10.429536,106.32067,2022-02-16 08:55:52.367024128,417.7445,0.0
2022-02-16,10.437477,106.33352,2022-02-16 08:55:52.394020608,417.1229,0.0
2022-02-16,10.3564825,106.28086,2022-02-16 08:55:52.898986496,418.25192,0.0
2022-02-16,10.3643,106.29382,2022-02-16 08:55:52.926023168,417.82715,0.0
2022-02-16,10.38001,106.319695,2022-02-16 08:55:52.980016128,418.0179,0.0
2022-02-16,10.387904,106.3326,2022-02-16 08:55:53.007012608,417.70953,0.0
2022-02-16,10.3958235,106.34548,2022-02-16 08:55:53.034009088,416.97925,0.0
2022-02-16,10.40377,106.35835,2022-02-16 08:55:53.061005568,417.1537,0.0
2022-02-16,10.35536,106.31926,2022-02-16 08:55:53.285989376,417.84366,0.0
2022-02-16,10.363224,106.33218,2022-02-16 08:55:53.313026048,417.96497,0.0
2022-02-16,10.37903,106.35795,2022-02-16 08:55:53.367018752,417.67578,0.0
2022-02-16,9.991649,106.643265,2022-02-16 08:56:01.034005760,416.8019,0.0
2022-02-16,9.999561,106.65609,2022-02-16 08:56:01.061002240,416.52896,0.0
2022-02-25,20.374123,105.83386,2022-02-25 04:52:56.443026944,414.57706,0.0
2022-02-25,20.434326,105.92483,2022-02-25 04:52:56.632001792,421.93182,0.0
2022-02-25,20.409395,105.92572,2022-02-25 04:52:56.938015232,419.41296,0.0
2022-02-25,20.401808,105.95246,2022-02-25 04:52:57.298021376,418.09033,0.0
2022-02-25,20.376875,105.95335,2022-02-25 04:52:57.604999936,418.5047,0.0
2022-02-25,20.343348,105.94123,2022-02-25 04:52:57.884016896,419.06506,0.0
2022-02-25,20.351967,105.9542,2022-02-25 04:52:57.911013376,418.75583,0.0
2022-02-25,20.360611,105.96715,2022-02-25 04:52:57.938009856,419.3073,0.0
2022-02-25,20.36928,105.98008,2022-02-25 04:52:57.965006336,418.51578,0.0
2022-02-25,20.344347,105.98096,2022-02-25 04:52:58.271019520,419.96683,0.0
2022-02-25,20.353016,105.99388,2022-02-25 04:52:58.298015744,419.4495,0.0
2022-02-25,20.30223,105.95585,2022-02-25 04:52:58.524005376,417.1546,0.0
2022-02-25,20.310823,105.96884,2022-02-25 04:52:58.551001856,419.70676,0.0
2022-02-25,20.278294,105.99644,2022-02-25 04:52:59.217021184,418.90717,0.0
2022-02-25,20.28691,106.00941,2022-02-25 04:52:59.244017664,419.41116,0.0
2022-02-25,20.270641,106.02319,2022-02-25 04:52:59.577992960,416.58673,0.0
2022-02-25,20.287943,106.04907,2022-02-25 04:52:59.632025856,417.00717,0.0
2022-02-25,20.254372,106.03699,2022-02-25 04:52:59.911002624,420.49402,0.0
2022-02-25,19.992218,106.17774,2022-02-25 04:53:04.470020352,418.8498,0.0
2022-02-28,11.364769,106.07838,2022-02-28 04:06:38.983016448,418.7885,0.0
2022-02-28,11.359567,106.102036,2022-02-28 04:06:39.010013184,419.33148,0.0
2022-02-28,11.37834,105.95113,2022-02-28 04:06:39.154007552,419.049,0.0
2022-02-28,11.3731575,105.97435,2022-02-28 04:06:39.181003776,419.2564,0.0
2022-02-28,11.367932,105.997635,2022-02-28 04:06:39.208000256,418.49802,0.0
2022-02-28,11.35259,106.06766,2022-02-28 04:06:39.288989440,419.0335,0.0
2022-02-28,11.347615,106.09111,2022-02-28 04:06:39.316026112,419.79132,0.0
2022-02-28,11.361632,105.9635,2022-02-28 04:06:39.487017216,419.77002,0.0
2022-02-28,11.356312,105.98676,2022-02-28 04:06:39.514013440,419.15118,0.0
2022-02-28,11.351157,106.01004,2022-02-28 04:06:39.541009920,418.89597,0.0
2022-02-28,11.346015,106.033394,2022-02-28 04:06:39.568006400,419.18222,0.0
2022-02-28,11.340918,106.05681,2022-02-28 04:06:39.595002880,419.1633,0.0
2022-02-28,11.335863,106.080284,2022-02-28 04:06:39.621999360,419.40353,0.0
2022-02-28,11.330823,106.10383,2022-02-28 04:06:39.648995584,418.896,0.0
2022-02-28,11.325888,106.12742,2022-02-28 04:06:39.675992064,418.86462,0.0
2022-02-28,11.344916,105.97639,2022-02-28 04:06:39.820992512,419.37543,0.0
2022-02-28,11.319063,106.0928,2022-02-28 04:06:39.956014592,418.04556,0.0
2022-02-28,11.3141165,106.11623,2022-02-28 04:06:39.983011328,418.9007,0.0
2022-02-28,11.309102,106.13979,2022-02-28 04:06:40.010007552,419.3184,0.0
2022-02-28,11.328127,105.98884,2022-02-28 04:06:40.154001920,419.4373,0.0
2022-02-28,11.323016,106.012024,2022-02-28 04:06:40.180998400,419.05075,0.0
2022-02-28,11.317813,106.03532,2022-02-28 04:06:40.207994880,417.30786,0.0
2022-02-28,11.312653,106.05867,2022-02-28 04:06:40.234991360,418.09326,0.0
2022-02-28,11.307461,106.082115,2022-02-28 04:06:40.262028032,419.22162,0.0
2022-02-28,11.302587,106.10552,2022-02-28 04:06:40.289024256,418.46436,0.0
2022-02-28,11.297574,106.12906,2022-02-28 04:06:40.316020992,418.68484,0.0
2022-02-28,11.292514,106.15269,2022-02-28 04:06:40.343017216,419.522,0.0
2022-02-28,11.31146,106.00151,2022-02-28 04:06:40.487011584,419.95993,0.0
2022-02-28,11.306213,106.024666,2022-02-28 04:06:40.514008064,418.32016,0.0
2022-02-28,11.301072,106.04786,2022-02-28 04:06:40.541004544,418.47513,0.0
2022-02-28,11.295898,106.07113,2022-02-28 04:06:40.568001024,418.021,0.0
2022-02-28,11.290678,106.0945,2022-02-28 04:06:40.594997504,419.42874,0.0
2022-02-28,11.285607,106.11794,2022-02-28 04:06:40.621993728,418.57965,0.0
2022-02-28,11.280677,106.14142,2022-02-28 04:06:40.648990208,418.12402,0.0
2022-02-28,11.27579,106.164955,2022-02-28 04:06:40.675986688,419.81006,0.0
2022-02-28,11.294703,106.01397,2022-02-28 04:06:40.820986880,419.34216,0.0
2022-02-28,11.289537,106.03719,2022-02-28 04:06:40.848023552,419.99695,0.0
2022-02-28,11.284386,106.06049,2022-02-28 04:06:40.875020032,419.33316,0.0
2022-02-28,11.279248,106.08386,2022-02-28 04:06:40.902016512,418.95462,0.0
2022-02-28,11.274062,106.10732,2022-02-28 04:06:40.929012736,420.27893,0.0
2022-02-28,11.264096,106.154335,2022-02-28 04:06:40.983005696,418.89627,0.0
2022-02-28,11.259121,106.177925,2022-02-28 04:06:41.010002176,419.0281,0.0
2022-02-28,11.267698,106.07295,2022-02-28 04:06:41.207989504,419.53598,0.0
2022-02-28,11.262389,106.09632,2022-02-28 04:06:41.235026176,420.54868,0.0
2022-02-28,11.252297,106.14311,2022-02-28 04:06:41.289019136,418.61038,0.0
2022-02-28,11.247272,106.16662,2022-02-28 04:06:41.316015360,418.95416,0.0
2022-02-28,11.2422905,106.19019,2022-02-28 04:06:41.343011840,419.40787,0.0
2022-02-28,11.256091,106.06245,2022-02-28 04:06:41.514002688,420.35114,0.0
2022-02-28,11.250896,106.08573,2022-02-28 04:06:41.540999168,420.1427,0.0
2022-02-28,11.245747,106.10907,2022-02-28 04:06:41.567995648,419.72302,0.0
2022-02-28,11.240671,106.13246,2022-02-28 04:06:41.594991872,419.43893,0.0
2022-02-28,11.230652,106.179436,2022-02-28 04:06:41.649025024,419.67377,0.0
2022-02-28,11.2258,106.20299,2022-02-28 04:06:41.676021504,419.78763,0.0
2022-02-28,11.24474,106.05211,2022-02-28 04:06:41.821021696,419.76227,0.0
2022-02-28,11.2394905,106.0753,2022-02-28 04:06:41.848018176,420.64618,0.0
2022-02-28,11.234285,106.09856,2022-02-28 04:06:41.875014656,420.23553,0.0
2022-02-28,11.229124,106.12187,2022-02-28 04:06:41.902010880,419.78372,0.0
2022-02-28,11.224037,106.14524,2022-02-28 04:06:41.929007616,418.40033,0.0
2022-02-28,11.219025,106.16866,2022-02-28 04:06:41.956003840,418.63284,0.0
2022-02-28,11.214057,106.19215,2022-02-28 04:06:41.983000320,419.43442,0.0
2022-02-28,11.209188,106.21565,2022-02-28 04:06:42.009996800,419.70206,0.0
2022-02-28,11.227996,106.06443,2022-02-28 04:06:42.153991168,418.86136,0.0
2022-02-28,11.222697,106.087585,2022-02-28 04:06:42.180987648,419.05502,0.0
2022-02-28,11.21754,106.11079,2022-02-28 04:06:42.208024320,419.11685,0.0
2022-02-28,11.207321,106.157455,2022-02-28 04:06:42.262017280,418.0539,0.0
2022-02-28,11.202095,106.18095,2022-02-28 04:06:42.289013504,419.05994,0.0
2022-02-28,11.19728,106.20437,2022-02-28 04:06:42.316009984,418.80594,0.0
2022-02-28,11.192234,106.22796,2022-02-28 04:06:42.343006464,419.5022,0.0
2022-02-28,11.211327,106.07702,2022-02-28 04:06:42.487000832,419.168,0.0
2022-02-28,11.206085,106.100235,2022-02-28 04:06:42.513997312,418.8291,0.0
2022-02-28,11.200827,106.12353,2022-02-28 04:06:42.540993792,419.80267,0.0
2022-02-28,11.195642,106.14687,2022-02-28 04:06:42.567990016,419.61465,0.0
2022-02-28,11.190593,106.17025,2022-02-28 04:06:42.595026688,418.78027,0.0
2022-02-28,11.185618,106.19368,2022-02-28 04:06:42.622023168,419.31265,0.0
2022-02-28,11.180658,106.21718,2022-02-28 04:06:42.649019648,419.311,0.0
2022-02-28,11.175558,106.24081,2022-02-28 04:06:42.676016128,419.55695,0.0
2022-02-28,11.194607,106.089935,2022-02-28 04:06:42.821016320,418.73642,0.0
2022-02-28,11.189233,106.11317,2022-02-28 04:06:42.848012800,418.59607,0.0
2022-02-28,11.18393,106.13645,2022-02-28 04:06:42.875009024,420.022,0.0
2022-02-28,11.173455,106.183205,2022-02-28 04:06:42.929001984,419.47855,0.0
2022-02-28,11.163152,106.23021,2022-02-28 04:06:42.982994944,418.9879,0.0
2022-02-28,11.15831,106.2537,2022-02-28 04:06:43.009991424,419.9292,0.0
2022-02-28,11.177689,106.10231,2022-02-28 04:06:43.154025984,418.7866,0.0
2022-02-28,11.172506,106.12542,2022-02-28 04:06:43.181022464,419.49622,0.0
2022-02-28,11.167348,106.14861,2022-02-28 04:06:43.208018688,420.37805,0.0
2022-02-28,11.162183,106.17192,2022-02-28 04:06:43.235015424,419.79675,0.0
2022-02-28,11.147073,106.24218,2022-02-28 04:06:43.316004608,418.95087,0.0
2022-02-28,11.142084,106.26574,2022-02-28 04:06:43.343000832,419.6924,0.0
2022-02-28,11.161112,106.11477,2022-02-28 04:06:43.486995456,418.87387,0.0
2022-02-28,11.155888,106.13795,2022-02-28 04:06:43.513991936,419.92227,0.0
2022-02-28,11.140356,106.207886,2022-02-28 04:06:43.595021312,420.55856,0.0
2022-02-28,11.135292,106.23135,2022-02-28 04:06:43.622017792,419.96637,0.0
2022-02-28,11.125334,106.27849,2022-02-28 04:06:43.676010496,419.10043,0.0
2022-02-28,11.144549,106.12771,2022-02-28 04:06:43.821010944,419.63574,0.0
2022-02-28,11.139293,106.1509,2022-02-28 04:06:43.848007168,419.3514,0.0
2022-02-28,11.1341715,106.17412,2022-02-28 04:06:43.875003904,417.8381,0.0
2022-02-28,11.128911,106.19745,2022-02-28 04:06:43.902000128,420.05258,0.0
2022-02-28,11.123786,106.22082,2022-02-28 04:06:43.928996608,419.40805,0.0
2022-02-28,11.118705,106.24425,2022-02-28 04:06:43.955993088,419.56882,0.0
2022-02-28,11.113699,106.26773,2022-02-28 04:06:43.982989568,419.78766,0.0
2022-02-28,11.108761,106.29125,2022-02-28 04:06:44.009986048,419.62442,0.0
2022-02-28,11.127743,106.14004,2022-02-28 04:06:44.154020608,418.76263,0.0
2022-02-28,11.122498,106.16317,2022-02-28 04:06:44.181016832,420.23267,0.0
2022-02-28,11.117302,106.18637,2022-02-28 04:06:44.208013568,419.1836,0.0
2022-02-28,11.112071,106.209694,2022-02-28 04:06:44.235009792,420.08072,0.0
2022-02-28,11.106945,106.23306,2022-02-28 04:06:44.262006272,419.98914,0.0
2022-02-28,11.091926,106.303505,2022-02-28 04:06:44.342995712,419.77924,0.0
2022-02-28,11.11107,106.152534,2022-02-28 04:06:44.486990080,418.92056,0.0
2022-02-28,11.105751,106.175735,2022-02-28 04:06:44.514026752,419.32324,0.0
2022-02-28,11.100535,106.19898,2022-02-28 04:06:44.541022976,419.5177,0.0
2022-02-28,11.095365,106.22228,2022-02-28 04:06:44.568019456,419.2827,0.0
2022-02-28,11.08024,106.29262,2022-02-28 04:06:44.649008640,419.42032,0.0
2022-02-28,11.075233,106.31623,2022-02-28 04:06:44.676005376,419.7963,0.0
2022-02-28,11.094443,106.16549,2022-02-28 04:06:44.821005312,418.95557,0.0
2022-02-28,11.078792,106.235214,2022-02-28 04:06:44.901994752,419.6074,0.0
2022-02-28,11.063537,106.3055,2022-02-28 04:06:44.983024384,420.15927,0.0
2022-02-28,11.058564,106.32902,2022-02-28 04:06:45.010020608,419.64957,0.0
2022-02-28,11.072352,106.20095,2022-02-28 04:06:45.181011712,420.1279,0.0
2022-02-28,11.0671215,106.22415,2022-02-28 04:06:45.208007936,419.87762,0.0
2022-02-28,11.056818,106.27081,2022-02-28 04:06:45.262000896,419.62497,0.0
2022-02-28,11.051733,106.294235,2022-02-28 04:06:45.288997120,419.6489,0.0
2022-02-28,11.046691,106.317726,2022-02-28 04:06:45.315993856,419.30252,0.0
2022-02-28,11.041786,106.34124,2022-02-28 04:06:45.342990080,419.0602,0.0
2022-02-28,11.044305,106.20326,2022-02-28 04:06:45.821000192,419.67307,0.0
2022-02-28,11.033879,106.24966,2022-02-28 04:06:45.874992896,419.48242,0.0
2022-02-28,11.028642,106.27297,2022-02-28 04:06:45.901989376,419.59637,0.0
2022-02-28,11.023508,106.29633,2022-02-28 04:06:45.929026048,419.0945,0.0
2022-02-28,11.008429,106.366745,2022-02-28 04:06:46.010015232,419.99945,0.0
2022-02-28,11.022238,106.2387,2022-02-28 04:06:46.181006080,418.2977,0.0
2022-02-28,11.016988,106.26191,2022-02-28 04:06:46.208002560,420.00778,0.0
2022-02-28,11.011887,106.28518,2022-02-28 04:06:46.234999040,419.32434,0.0
2022-02-28,11.006753,106.30853,2022-02-28 04:06:46.261995264,419.22736,0.0
2022-02-28,11.001633,106.33196,2022-02-28 04:06:46.288992000,419.06396,0.0
2022-02-28,10.991617,106.378975,2022-02-28 04:06:46.343024896,419.84793,0.0
2022-02-28,11.010842,106.22806,2022-02-28 04:06:46.487019264,419.84445,0.0
2022-02-28,11.0054865,106.25126,2022-02-28 04:06:46.514015744,419.85947,0.0
2022-02-28,11.000263,106.27449,2022-02-28 04:06:46.541012224,420.21713,0.0
2022-02-28,10.995175,106.29775,2022-02-28 04:06:46.568008704,419.03754,0.0
2022-02-28,10.990041,106.321106,2022-02-28 04:06:46.595004928,419.51254,0.0
2022-02-28,10.984889,106.34454,2022-02-28 04:06:46.622001664,419.39862,0.0
2022-02-28,10.979813,106.368034,2022-02-28 04:06:46.648998144,421.2356,0.0
2022-02-28,10.974901,106.39155,2022-02-28 04:06:46.675994368,419.1326,0.0
2022-02-28,10.994076,106.2407,2022-02-28 04:06:46.820994560,419.80408,0.0
2022-02-28,10.9888115,106.263916,2022-02-28 04:06:46.847991040,420.20602,0.0
2022-02-28,10.983665,106.28718,2022-02-28 04:06:46.874987520,419.55783,0.0
2022-02-28,10.978534,106.31051,2022-02-28 04:06:46.902024192,419.07907,0.0
2022-02-28,10.973416,106.33391,2022-02-28 04:06:46.929020672,419.65,0.0
2022-02-28,10.968281,106.35739,2022-02-28 04:06:46.956016896,419.19736,0.0
2022-02-28,10.96322,106.38092,2022-02-28 04:06:46.983013376,420.68173,0.0
2022-02-28,10.958288,106.40447,2022-02-28 04:06:47.010009856,420.70877,0.0
2022-02-28,10.977507,106.25358,2022-02-28 04:06:47.154004224,419.88208,0.0
2022-02-28,10.972238,106.27675,2022-02-28 04:06:47.181000704,420.0388,0.0
2022-02-28,10.967072,106.29996,2022-02-28 04:06:47.207997184,419.59677,0.0
2022-02-28,10.961889,106.32325,2022-02-28 04:06:47.234993408,420.25983,0.0
2022-02-28,10.951596,106.37003,2022-02-28 04:06:47.289026816,419.79697,0.0
2022-02-28,10.946608,106.39349,2022-02-28 04:06:47.316023040,421.13785,0.0
2022-02-28,10.94151,106.41706,2022-02-28 04:06:47.343019520,420.00223,0.0
2022-02-28,10.960768,106.26617,2022-02-28 04:06:47.487013888,420.39053,0.0
2022-02-28,10.955497,106.28934,2022-02-28 04:06:47.514010368,421.04053,0.0
2022-02-28,10.950269,106.31256,2022-02-28 04:06:47.541006848,420.40466,0.0
2022-02-28,10.945176,106.33582,2022-02-28 04:06:47.568003072,419.24637,0.0
2022-02-28,10.940037,106.35918,2022-02-28 04:06:47.594999808,419.658,0.0
2022-02-28,10.934941,106.38258,2022-02-28 04:06:47.621996288,419.5781,0.0
2022-02-28,10.929829,106.40608,2022-02-28 04:06:47.648992512,420.164,0.0
2022-02-28,10.924882,106.429596,2022-02-28 04:06:47.675988992,420.22147,0.0
2022-02-28,10.944049,106.278725,2022-02-28 04:06:47.820989184,419.95612,0.0
2022-02-28,10.938767,106.30187,2022-02-28 04:06:47.848025856,420.6503,0.0
2022-02-28,10.93353,106.32507,2022-02-28 04:06:47.875022336,420.24652,0.0
2022-02-28,10.923276,106.37163,2022-02-28 04:06:47.929015040,419.99432,0.0
2022-02-28,10.918171,106.39502,2022-02-28 04:06:47.956011520,419.3183,0.0
2022-02-28,10.913109,106.418465,2022-02-28 04:06:47.983008000,419.76453,0.0
2022-02-28,10.908095,106.441986,2022-02-28 04:06:48.010004480,420.47467,0.0
2022-02-28,10.927275,106.291145,2022-02-28 04:06:48.153998848,420.16083,0.0
2022-02-28,10.922002,106.31431,2022-02-28 04:06:48.180995328,420.1482,0.0
2022-02-28,10.916772,106.33753,2022-02-28 04:06:48.207991552,421.0274,0.0
2022-02-28,10.911586,106.360825,2022-02-28 04:06:48.234988288,419.64035,0.0
2022-02-28,10.906535,106.38414,2022-02-28 04:06:48.262024960,419.81415,0.0
2022-02-28,10.901437,106.40755,2022-02-28 04:06:48.289021184,419.6962,0.0
2022-02-28,10.896383,106.431015,2022-02-28 04:06:48.316017664,419.7506,0.0
2022-02-28,10.891344,106.45456,2022-02-28 04:06:48.343014144,420.87805,0.0
2022-02-28,10.9105625,106.30372,2022-02-28 04:06:48.487008512,420.09497,0.0
2022-02-28,10.905288,106.32688,2022-02-28 04:06:48.514004992,420.7905,0.0
2022-02-28,10.900087,106.3501,2022-02-28 04:06:48.541001216,421.00183,0.0
2022-02-28,10.889817,106.396706,2022-02-28 04:06:48.594994432,419.65408,0.0
2022-02-28,10.884719,106.42011,2022-02-28 04:06:48.621990656,420.21933,0.0
2022-02-28,10.879663,106.44358,2022-02-28 04:06:48.648987136,419.8454,0.0
2022-02-28,10.893849,106.31629,2022-02-28 04:06:48.821024000,419.80066,0.0
2022-02-28,10.888574,106.339455,2022-02-28 04:06:48.848020480,421.68442,0.0
2022-02-28,10.883371,106.36266,2022-02-28 04:06:48.875016960,420.36884,0.0
2022-02-28,10.878243,106.385925,2022-02-28 04:06:48.902013184,420.48718,0.0
2022-02-28,10.860422,106.34143,2022-02-28 04:06:49.487003136,420.56662,0.0
2022-02-28,10.855173,106.36458,2022-02-28 04:06:49.513999360,420.45862,0.0
2022-02-28,10.849908,106.3878,2022-02-28 04:06:49.540996096,421.7146,0.0
2022-02-28,10.844808,106.41106,2022-02-28 04:06:49.567992576,419.58713,0.0
2022-02-28,10.834558,106.457794,2022-02-28 04:06:49.622025472,419.84695,0.0
2022-02-28,10.829499,106.48126,2022-02-28 04:06:49.649021952,420.67172,0.0
2022-02-28,10.838426,106.37715,2022-02-28 04:06:49.848015104,421.17004,0.0
2022-02-28,10.8332205,106.40036,2022-02-28 04:06:49.875011328,421.45712,0.0
2022-02-28,10.817836,106.47035,2022-02-28 04:06:49.956000768,419.2962,0.0
2022-02-28,10.739298,106.509735,2022-02-28 04:06:51.595018240,419.49188,0.0
2022-02-28,10.724233,106.58005,2022-02-28 04:06:51.676007424,419.91718,0.0
2022-02-28,10.712361,106.56914,2022-02-28 04:06:51.983026432,417.05423,0.0
2022-02-28,10.716143,106.48826,2022-02-28 04:06:52.208010240,418.56528,0.0
2022-02-28,10.700701,106.558235,2022-02-28 04:06:52.288999680,419.06686,0.0
2022-02-28,10.695632,106.58169,2022-02-28 04:06:52.315995904,418.31696,0.0
2022-02-28,10.704695,106.47759,2022-02-28 04:06:52.514023424,419.3508,0.0
2022-02-28,10.694216,106.52407,2022-02-28 04:06:52.568016384,418.58585,0.0
2022-02-28,10.689057,106.5474,2022-02-28 04:06:52.595012608,418.50696,0.0
2022-02-28,10.693301,106.46699,2022-02-28 04:06:52.821002240,417.93396,0.0
2022-02-28,10.682761,106.513336,2022-02-28 04:06:52.874995200,418.61258,0.0
2022-02-28,10.677558,106.5366,2022-02-28 04:06:52.901991680,418.7254,0.0
2022-02-28,10.672398,106.55992,2022-02-28 04:06:52.928987904,419.12106,0.0
2022-02-28,10.667282,106.583305,2022-02-28 04:06:52.956024576,418.32022,0.0
2022-02-28,10.676578,106.47954,2022-02-28 04:06:53.154011904,419.37305,0.0
2022-02-28,10.671285,106.50268,2022-02-28 04:06:53.181008384,419.0284,0.0
2022-02-28,10.666036,106.52588,2022-02-28 04:06:53.208004864,419.70258,0.0
2022-02-28,10.659853,106.49209,2022-02-28 04:06:53.487021568,419.16064,0.0
2022-02-28,10.649309,106.53842,2022-02-28 04:06:53.541014528,418.44583,0.0
2022-02-28,10.6338215,106.60838,2022-02-28 04:06:53.622003712,413.14148,0.0
2022-02-28,10.626405,106.51717,2022-02-28 04:06:54.154006528,418.57816,0.0
2022-02-28,10.621108,106.54031,2022-02-28 04:06:54.181003008,418.43024,0.0
2022-02-28,10.609678,106.52972,2022-02-28 04:06:54.487016192,416.066,0.0
2022-02-28,10.592949,106.54226,2022-02-28 04:06:54.820991488,417.77338,0.0
2022-02-28,10.576218,106.5548,2022-02-28 04:06:55.154001152,415.0006,0.0
2022-02-28,10.542759,106.57987,2022-02-28 04:06:55.820986112,416.70227,0.0
2022-02-28,10.520726,106.61553,2022-02-28 04:06:56.180992000,415.4139,0.0
2022-02-28,11.382784,106.211044,2022-02-28 04:07:01.983012608,419.1568,0.0
2022-02-28,11.384577,106.22987,2022-02-28 04:07:02.010009088,418.86734,0.0
2022-02-28,11.355796,106.11182,2022-02-28 04:07:02.154003456,418.53198,0.0
2022-02-28,11.357443,106.130585,2022-02-28 04:07:02.180999680,418.97495,0.0
2022-02-28,11.359156,106.14932,2022-02-28 04:07:02.207996416,418.95306,0.0
2022-02-28,11.3626,106.18673,2022-02-28 04:07:02.261989120,420.14197,0.0
2022-02-28,11.364356,106.20543,2022-02-28 04:07:02.289025792,418.7581,0.0
2022-02-28,11.366094,106.22413,2022-02-28 04:07:02.316022272,418.67905,0.0
2022-02-28,11.367947,106.24281,2022-02-28 04:07:02.343018496,418.9309,0.0
2022-02-28,11.339123,106.12455,2022-02-28 04:07:02.487013120,418.0284,0.0
2022-02-28,11.34076,106.14329,2022-02-28 04:07:02.514009600,418.89075,0.0
2022-02-28,11.344128,106.18074,2022-02-28 04:07:02.568002304,419.08102,0.0
2022-02-28,11.345874,106.199455,2022-02-28 04:07:02.594998784,418.51648,0.0
2022-02-28,11.347599,106.21816,2022-02-28 04:07:02.621995264,419.0402,0.0
2022-02-28,11.34941,106.23685,2022-02-28 04:07:02.648991488,419.33728,0.0
2022-02-28,11.351321,106.255516,2022-02-28 04:07:02.675988224,419.644,0.0
2022-02-28,11.305738,106.149826,2022-02-28 04:07:03.153997824,419.48096,0.0
2022-02-28,11.308951,106.18726,2022-02-28 04:07:03.207990784,418.81937,0.0
2022-02-28,11.310664,106.20596,2022-02-28 04:07:03.234987264,419.45166,0.0
2022-02-28,11.3124485,106.224655,2022-02-28 04:07:03.262023936,418.84326,0.0
2022-02-28,11.314171,106.243355,2022-02-28 04:07:03.289020416,419.5778,0.0
2022-02-28,11.315979,106.26204,2022-02-28 04:07:03.316016640,420.16608,0.0
2022-02-28,11.317829,106.28072,2022-02-28 04:07:03.343013376,419.7524,0.0
2022-02-28,11.289028,106.16242,2022-02-28 04:07:03.487007744,418.23572,0.0
2022-02-28,11.290612,106.181145,2022-02-28 04:07:03.514003968,419.64664,0.0
2022-02-28,11.29569,106.23726,2022-02-28 04:07:03.594993408,418.3987,0.0
2022-02-28,11.299262,106.274635,2022-02-28 04:07:03.649026304,419.5467,0.0
2022-02-28,11.301111,106.29331,2022-02-28 04:07:03.676023040,420.139,0.0
2022-02-28,11.272286,106.175026,2022-02-28 04:07:03.821022976,418.74316,0.0
2022-02-28,11.273915,106.19374,2022-02-28 04:07:03.848019712,420.25897,0.0
2022-02-28,11.27557,106.212456,2022-02-28 04:07:03.875015936,418.56537,0.0
2022-02-28,11.277295,106.23115,2022-02-28 04:07:03.902012416,419.95026,0.0
2022-02-28,11.278974,106.249855,2022-02-28 04:07:03.929008896,419.05365,0.0
2022-02-28,11.280739,106.26855,2022-02-28 04:07:03.956005376,419.13226,0.0
2022-02-28,11.282545,106.28723,2022-02-28 04:07:03.983001600,419.7889,0.0
2022-02-28,11.284408,106.3059,2022-02-28 04:07:04.009998080,419.6694,0.0
2022-02-28,11.255574,106.18762,2022-02-28 04:07:04.153992704,419.3818,0.0
2022-02-28,11.257187,106.206345,2022-02-28 04:07:04.180988928,420.17545,0.0
2022-02-28,11.258915,106.22504,2022-02-28 04:07:04.208025600,420.0216,0.0
2022-02-28,11.260595,106.243744,2022-02-28 04:07:04.235022080,419.8419,0.0
2022-02-28,11.262258,106.26245,2022-02-28 04:07:04.262018560,418.16614,0.0
2022-02-28,11.263991,106.28114,2022-02-28 04:07:04.289014784,419.8961,0.0
2022-02-28,11.265812,106.29982,2022-02-28 04:07:04.316011520,419.93198,0.0
2022-02-28,11.267717,106.31849,2022-02-28 04:07:04.343007744,419.79156,0.0
2022-02-28,11.238848,106.200165,2022-02-28 04:07:04.487002112,419.31967,0.0
2022-02-28,11.240485,106.218864,2022-02-28 04:07:04.513998592,420.3035,0.0
2022-02-28,11.242104,106.23756,2022-02-28 04:07:04.540995072,418.89032,0.0
2022-02-28,11.24375,106.25625,2022-02-28 04:07:04.567991552,419.6893,0.0
2022-02-28,11.245466,106.27493,2022-02-28 04:07:04.594987776,419.15057,0.0
2022-02-28,11.247229,106.29362,2022-02-28 04:07:04.622024448,420.04138,0.0
2022-02-28,11.249106,106.31229,2022-02-28 04:07:04.649021184,419.44006,0.0
2022-02-28,11.225349,106.25012,2022-02-28 04:07:04.875010560,418.70837,0.0
2022-02-28,11.227028,106.26882,2022-02-28 04:07:04.902007040,419.00275,0.0
2022-02-28,11.228747,106.28751,2022-02-28 04:07:04.929003520,419.3806,0.0
2022-02-28,11.230524,106.3062,2022-02-28 04:07:04.955999744,418.9487,0.0
2022-02-28,11.232327,106.32488,2022-02-28 04:07:04.982996224,419.97998,0.0
2022-02-28,11.234292,106.34354,2022-02-28 04:07:05.009992704,420.7504,0.0
2022-02-28,11.205531,106.22536,2022-02-28 04:07:05.153987072,419.34802,0.0
2022-02-28,11.207085,106.244095,2022-02-28 04:07:05.181023744,419.82306,0.0
2022-02-28,11.208664,106.262825,2022-02-28 04:07:05.208020224,419.4925,0.0
2022-02-28,11.21206,106.300224,2022-02-28 04:07:05.262012928,419.49115,0.0
2022-02-28,11.213864,106.3189,2022-02-28 04:07:05.289009664,419.74066,0.0
2022-02-28,11.215682,106.33758,2022-02-28 04:07:05.316005888,420.11566,0.0
2022-02-28,11.217569,106.35624,2022-02-28 04:07:05.343002368,420.517,0.0
2022-02-28,11.188686,106.23799,2022-02-28 04:07:05.486996736,418.9661,0.0
2022-02-28,11.190279,106.2567,2022-02-28 04:07:05.513993216,418.68332,0.0
2022-02-28,11.191943,106.2754,2022-02-28 04:07:05.540989696,420.1552,0.0
2022-02-28,11.195365,106.31278,2022-02-28 04:07:05.595022592,420.0389,0.0
2022-02-28,11.198939,106.350136,2022-02-28 04:07:05.649015552,419.41275,0.0
2022-02-28,11.200681,106.36883,2022-02-28 04:07:05.676012032,419.8302,0.0
2022-02-28,11.17199,106.25054,2022-02-28 04:07:05.821012224,419.4117,0.0
2022-02-28,11.173614,106.26925,2022-02-28 04:07:05.848008704,418.94128,0.0
2022-02-28,11.175247,106.28795,2022-02-28 04:07:05.875005184,419.2206,0.0
2022-02-28,11.176906,106.30665,2022-02-28 04:07:05.902001664,418.90036,0.0
2022-02-28,11.178621,106.32534,2022-02-28 04:07:05.928997888,420.49744,0.0
2022-02-28,11.180395,106.34402,2022-02-28 04:07:05.955994368,418.61954,0.0
2022-02-28,11.182242,106.36268,2022-02-28 04:07:05.982990848,419.43765,0.0
2022-02-28,11.184068,106.381355,2022-02-28 04:07:06.009987328,420.15063,0.0
2022-02-28,11.1553135,106.263084,2022-02-28 04:07:06.154021888,419.9324,0.0
2022-02-28,11.156823,106.28181,2022-02-28 04:07:06.181018368,419.84772,0.0
2022-02-28,11.158456,106.300514,2022-02-28 04:07:06.208014848,419.682,0.0
2022-02-28,11.160177,106.3192,2022-02-28 04:07:06.235011072,419.58255,0.0
2022-02-28,11.163649,106.35657,2022-02-28 04:07:06.289004032,419.55392,0.0
2022-02-28,11.165543,106.37522,2022-02-28 04:07:06.316000512,418.9653,0.0
2022-02-28,11.16724,106.39392,2022-02-28 04:07:06.342996992,419.9565,0.0
2022-02-28,11.138491,106.27565,2022-02-28 04:07:06.486991360,419.70358,0.0
2022-02-28,11.146934,106.36911,2022-02-28 04:07:06.622013696,419.32523,0.0
2022-02-28,11.150635,106.40644,2022-02-28 04:07:06.676006656,420.52017,0.0
2022-02-28,11.1218,106.288216,2022-02-28 04:07:06.821006848,419.26447,0.0
2022-02-28,11.123422,106.30692,2022-02-28 04:07:06.848003328,419.07108,0.0
2022-02-28,11.133894,106.41903,2022-02-28 04:07:07.010022144,419.59424,0.0
2022-02-28,11.105041,106.3009,2022-02-28 04:07:07.154016512,418.34442,0.0
2022-02-28,11.1067295,106.31961,2022-02-28 04:07:07.181012992,418.76312,0.0
2022-02-28,11.108361,106.338326,2022-02-28 04:07:07.208009216,417.4827,0.0
2022-02-28,11.111745,106.37571,2022-02-28 04:07:07.262002176,419.69174,0.0
2022-02-28,11.113499,106.39439,2022-02-28 04:07:07.288998656,419.77997,0.0
2022-02-28,11.115294,106.41306,2022-02-28 04:07:07.315995136,420.22113,0.0
2022-02-28,11.117132,106.43173,2022-02-28 04:07:07.342991616,419.48294,0.0
2022-02-28,11.088376,106.3135,2022-02-28 04:07:07.487026176,418.89627,0.0
2022-02-28,11.089978,106.33221,2022-02-28 04:07:07.514022656,419.2296,0.0
2022-02-28,11.091639,106.35091,2022-02-28 04:07:07.541018880,419.32675,0.0
2022-02-28,11.093308,106.3696,2022-02-28 04:07:07.568015616,419.12866,0.0
2022-02-28,11.09502,106.38828,2022-02-28 04:07:07.595011840,419.36484,0.0
2022-02-28,11.0967455,106.40697,2022-02-28 04:07:07.622008320,420.6804,0.0
2022-02-28,11.098507,106.42565,2022-02-28 04:07:07.649004800,419.98935,0.0
2022-02-28,11.100309,106.44433,2022-02-28 04:07:07.676001024,420.0078,0.0
2022-02-28,11.0714035,106.32613,2022-02-28 04:07:07.821001472,418.96512,0.0
2022-02-28,11.073053,106.34483,2022-02-28 04:07:07.847997952,419.3593,0.0
2022-02-28,11.074745,106.36352,2022-02-28 04:07:07.874994176,419.44186,0.0
2022-02-28,11.076463,106.3822,2022-02-28 04:07:07.901990656,419.49213,0.0
2022-02-28,11.07819,106.40088,2022-02-28 04:07:07.928987136,419.95996,0.0
2022-02-28,11.080007,106.41955,2022-02-28 04:07:07.956023808,420.0599,0.0
2022-02-28,11.081819,106.43821,2022-02-28 04:07:07.983020288,419.79495,0.0
2022-02-28,11.083688,106.45687,2022-02-28 04:07:08.010016768,419.58405,0.0
2022-02-28,11.055119,106.338615,2022-02-28 04:07:08.154011136,419.61273,0.0
2022-02-28,11.056753,106.35731,2022-02-28 04:07:08.181007360,419.3496,0.0
2022-02-28,11.058399,106.37601,2022-02-28 04:07:08.208004096,419.62903,0.0
2022-02-28,11.059954,106.39472,2022-02-28 04:07:08.235000320,418.9063,0.0
2022-02-28,11.061661,106.41341,2022-02-28 04:07:08.261996800,419.81326,0.0
2022-02-28,11.063345,106.4321,2022-02-28 04:07:08.288993280,420.08493,0.0
2022-02-28,11.065055,106.45079,2022-02-28 04:07:08.315989760,419.49564,0.0
2022-02-28,11.06687,106.46946,2022-02-28 04:07:08.343026432,420.0352,0.0
2022-02-28,11.037981,106.35128,2022-02-28 04:07:08.487020800,418.88815,0.0
2022-02-28,11.039579,106.36999,2022-02-28 04:07:08.514017024,419.45984,0.0
2022-02-28,11.041172,106.388695,2022-02-28 04:07:08.541013760,419.17078,0.0
2022-02-28,11.042886,106.40737,2022-02-28 04:07:08.568009984,419.79263,0.0
2022-02-28,11.044593,106.426056,2022-02-28 04:07:08.595006464,419.63348,0.0
2022-02-28,11.046327,106.44474,2022-02-28 04:07:08.622002944,419.2089,0.0
2022-02-28,11.048085,106.46342,2022-02-28 04:07:08.648999168,420.08594,0.0
2022-02-28,11.049966,106.48207,2022-02-28 04:07:08.675995904,419.14658,0.0
2022-02-28,11.0211935,106.36387,2022-02-28 04:07:08.820996096,419.71783,0.0
2022-02-28,11.024494,106.40125,2022-02-28 04:07:08.874988800,419.02515,0.0
2022-02-28,11.026159,106.419945,2022-02-28 04:07:08.902025472,419.48972,0.0
2022-02-28,11.027818,106.43864,2022-02-28 04:07:08.929021952,419.58737,0.0
2022-02-28,11.029566,106.45731,2022-02-28 04:07:08.956018432,419.55933,0.0
2022-02-28,11.031324,106.47599,2022-02-28 04:07:08.983014912,419.96725,0.0
2022-02-28,11.033219,106.49464,2022-02-28 04:07:09.010011136,420.7144,0.0
2022-02-28,11.006113,106.395134,2022-02-28 04:07:09.181002240,419.11475,0.0
2022-02-28,11.007704,106.41383,2022-02-28 04:07:09.207998464,419.57043,0.0
2022-02-28,11.009399,106.43252,2022-02-28 04:07:09.234994944,419.50616,0.0
2022-02-28,11.011105,106.4512,2022-02-28 04:07:09.261991424,420.00458,0.0
2022-02-28,11.012868,106.46987,2022-02-28 04:07:09.288987904,419.4801,0.0
2022-02-28,11.014672,106.48854,2022-02-28 04:07:09.316024576,420.10587,0.0
2022-02-28,10.987807,106.38899,2022-02-28 04:07:09.487015168,418.8832,0.0
2022-02-28,10.989371,106.4077,2022-02-28 04:07:09.514011904,419.13727,0.0
2022-02-28,10.990945,106.42641,2022-02-28 04:07:09.541008128,420.12622,0.0
2022-02-28,10.992656,106.44509,2022-02-28 04:07:09.568004608,419.16196,0.0
2022-02-28,10.994376,106.46377,2022-02-28 04:07:09.595001088,419.84662,0.0
2022-02-28,10.996182,106.48243,2022-02-28 04:07:09.621997312,418.55695,0.0
2022-02-28,10.998019,106.50108,2022-02-28 04:07:09.648994048,418.5142,0.0
2022-02-28,10.971278,106.40151,2022-02-28 04:07:09.820990464,419.0419,0.0
2022-02-28,10.937841,106.42664,2022-02-28 04:07:10.487010048,419.93668,0.0
2022-02-28,10.921324,106.439156,2022-02-28 04:07:10.821025280,420.19934,0.0
2022-02-28,10.922787,106.45788,2022-02-28 04:07:10.848021760,419.83813,0.0
2022-02-28,10.9243555,106.476585,2022-02-28 04:07:10.875018240,418.4425,0.0
2022-02-28,10.926013,106.49527,2022-02-28 04:07:10.902014720,419.6015,0.0
2022-02-28,10.904486,106.451744,2022-02-28 04:07:11.153994752,420.65894,0.0
2022-02-28,10.906176,106.47041,2022-02-28 04:07:11.180991232,418.75668,0.0
2022-02-28,10.9110155,106.5265,2022-02-28 04:07:11.262020864,420.20532,0.0
2022-02-28,10.9143915,106.56386,2022-02-28 04:07:11.316013568,419.95322,0.0
2022-02-28,10.916149,106.582535,2022-02-28 04:07:11.343010048,421.1583,0.0
2022-02-28,10.8876095,106.46433,2022-02-28 04:07:11.487004416,420.2119,0.0
2022-02-28,10.889235,106.48302,2022-02-28 04:07:11.514000896,419.15927,0.0
2022-02-28,10.890948,106.501686,2022-02-28 04:07:11.540997376,419.45444,0.0
2022-02-28,10.897931,106.57635,2022-02-28 04:07:11.649023232,421.63116,0.0
2022-02-28,10.849414,106.63268,2022-02-28 04:07:12.676014336,418.73422,0.0
2022-02-28,10.82735,106.58926,2022-02-28 04:07:12.929000448,419.10254,0.0
2022-02-28,10.808673,106.58319,2022-02-28 04:07:13.235013376,418.14075,0.0
2022-02-28,10.810433,106.601845,2022-02-28 04:07:13.262009856,419.245,0.0
2022-02-28,10.812275,106.62048,2022-02-28 04:07:13.289006336,419.24234,0.0
2022-02-28,10.788772,106.55835,2022-02-28 04:07:13.513989888,419.81796,0.0
2022-02-28,10.795342,106.63307,2022-02-28 04:07:13.622016000,418.45694,0.0
2022-02-28,10.797152,106.65172,2022-02-28 04:07:13.649012480,419.3762,0.0
2022-02-28,10.770529,106.55219,2022-02-28 04:07:13.821009152,419.79626,0.0
2022-02-28,10.772116,106.57088,2022-02-28 04:07:13.848005632,420.01334,0.0
2022-02-28,10.773759,106.589554,2022-02-28 04:07:13.875001856,418.78525,0.0
2022-02-28,10.775522,106.60821,2022-02-28 04:07:13.901998592,418.42844,0.0
2022-02-28,10.777247,106.62687,2022-02-28 04:07:13.928994816,418.86014,0.0
2022-02-28,10.779016,106.645515,2022-02-28 04:07:13.955991296,418.23193,0.0
2022-02-28,10.756743,106.602165,2022-02-28 04:07:14.208011520,418.38776,0.0
2022-02-28,10.758458,106.62082,2022-02-28 04:07:14.235008000,418.7244,0.0
2022-02-28,10.7401285,106.61468,2022-02-28 04:07:14.541021440,417.87262,0.0
2022-02-28,10.6898985,106.65229,2022-02-28 04:07:15.541015808,418.21478,0.0
2022-02-28,10.572699,106.740005,2022-02-28 04:07:17.875020544,419.27164,0.0
2022-02-28,10.444018,106.89603,2022-02-28 04:07:20.622018304,421.1761,0.0
2022-02-28,10.425428,106.88992,2022-02-28 04:07:20.928997120,420.98248,0.0
2022-02-28,10.42903,106.92717,2022-02-28 04:07:20.982990080,421.3412,0.0
2022-02-28,11.455238,106.29934,2022-02-28 04:07:23.648998400,419.15985,0.0
2022-02-28,11.403623,106.21833,2022-02-28 04:07:23.820995072,418.87067,0.0
2022-02-28,11.409383,106.23407,2022-02-28 04:07:23.847991552,419.86157,0.0
2022-02-28,11.386891,106.23095,2022-02-28 04:07:24.154004736,418.1814,0.0
2022-02-28,11.370167,106.24356,2022-02-28 04:07:24.487014400,418.03052,0.0
2022-02-28,11.35346,106.256035,2022-02-28 04:07:24.820989696,419.43967,0.0
2022-02-28,11.319999,106.28128,2022-02-28 04:07:25.487009024,419.13205,0.0
2022-02-28,11.325765,106.297,2022-02-28 04:07:25.514005504,419.2706,0.0
2022-02-28,11.360808,106.39049,2022-02-28 04:07:25.676024320,420.63873,0.0
2022-02-28,11.303273,106.29387,2022-02-28 04:07:25.821024512,419.92722,0.0
2022-02-28,11.309045,106.30959,2022-02-28 04:07:25.848020992,419.31686,0.0
2022-02-28,11.314823,106.325264,2022-02-28 04:07:25.875017472,420.3142,0.0
2022-02-28,11.332318,106.37207,2022-02-28 04:07:25.956006400,420.92316,0.0
2022-02-28,11.338171,106.38759,2022-02-28 04:07:25.983003136,419.68158,0.0
2022-02-28,11.344042,106.40307,2022-02-28 04:07:26.009999616,419.40228,0.0
2022-02-28,11.286553,106.306465,2022-02-28 04:07:26.153993728,419.73743,0.0
2022-02-28,11.29236,106.32219,2022-02-28 04:07:26.180990208,419.70728,0.0
2022-02-28,11.298044,106.33784,2022-02-28 04:07:26.208026880,420.4546,0.0
2022-02-28,11.303926,106.3535,2022-02-28 04:07:26.235023616,420.6564,0.0
2022-02-28,11.309705,106.36908,2022-02-28 04:07:26.262019840,420.0942,0.0
2022-02-28,11.315552,106.38464,2022-02-28 04:07:26.289016320,418.84357,0.0
2022-02-28,11.321418,106.40016,2022-02-28 04:07:26.316012800,420.49042,0.0
2022-02-28,11.327309,106.41565,2022-02-28 04:07:26.343009280,419.78503,0.0
2022-02-28,11.269837,106.31905,2022-02-28 04:07:26.487003648,418.84366,0.0
2022-02-28,11.275624,106.33478,2022-02-28 04:07:26.513999872,421.12128,0.0
2022-02-28,11.281329,106.350426,2022-02-28 04:07:26.540996608,419.3017,0.0
2022-02-28,11.287139,106.366066,2022-02-28 04:07:26.567992832,418.83582,0.0
2022-02-28,11.292946,106.38166,2022-02-28 04:07:26.594989312,419.71997,0.0
2022-02-28,11.298813,106.397224,2022-02-28 04:07:26.622025984,419.59515,0.0
2022-02-28,11.304657,106.41274,2022-02-28 04:07:26.649022464,419.1627,0.0
2022-02-28,11.3105545,106.42823,2022-02-28 04:07:26.676018688,419.21976,0.0
2022-02-28,11.253127,106.33164,2022-02-28 04:07:26.821019136,420.30582,0.0
2022-02-28,11.258888,106.34736,2022-02-28 04:07:26.848015616,419.94604,0.0
2022-02-28,11.264606,106.363014,2022-02-28 04:07:26.875011840,418.8874,0.0
2022-02-28,11.270465,106.37866,2022-02-28 04:07:26.902008320,419.50955,0.0
2022-02-28,11.27627,106.39426,2022-02-28 04:07:26.929004544,419.58932,0.0
2022-02-28,11.282081,106.409805,2022-02-28 04:07:26.956001280,419.88016,0.0
2022-02-28,11.287937,106.42532,2022-02-28 04:07:26.982997760,419.39044,0.0
2022-02-28,11.293813,106.4408,2022-02-28 04:07:27.009993984,419.92596,0.0
2022-02-28,11.236398,106.34422,2022-02-28 04:07:27.153988352,420.6349,0.0
2022-02-28,11.242071,106.35991,2022-02-28 04:07:27.181025024,419.4814,0.0
2022-02-28,11.247897,106.3756,2022-02-28 04:07:27.208021760,419.61386,0.0
2022-02-28,11.253662,106.39123,2022-02-28 04:07:27.235017984,420.153,0.0
2022-02-28,11.25953,106.40684,2022-02-28 04:07:27.262014464,418.72876,0.0
2022-02-28,11.265353,106.422386,2022-02-28 04:07:27.289010944,419.61908,0.0
2022-02-28,11.271237,106.43791,2022-02-28 04:07:27.316007424,420.4202,0.0
2022-02-28,11.277057,106.45338,2022-02-28 04:07:27.343003648,419.96014,0.0
2022-02-28,11.219649,106.356804,2022-02-28 04:07:27.486998016,420.251,0.0
2022-02-28,11.225406,106.37251,2022-02-28 04:07:27.513994752,419.1611,0.0
2022-02-28,11.231165,106.38818,2022-02-28 04:07:27.540990976,419.88773,0.0
2022-02-28,11.248606,106.43496,2022-02-28 04:07:27.622020608,419.1769,0.0
2022-02-28,11.202869,106.36936,2022-02-28 04:07:27.821013760,419.20175,0.0
2022-02-28,11.208595,106.38507,2022-02-28 04:07:27.848009984,418.95963,0.0
2022-02-28,11.214448,106.400764,2022-02-28 04:07:27.875006464,419.87088,0.0
2022-02-28,11.220275,106.416405,2022-02-28 04:07:27.902002688,420.006,0.0
2022-02-28,11.22607,106.43199,2022-02-28 04:07:27.928999424,420.12375,0.0
2022-02-28,11.231885,106.44754,2022-02-28 04:07:27.955995904,419.2144,0.0
2022-02-28,11.237767,106.463066,2022-02-28 04:07:27.982992128,420.74643,0.0
2022-02-28,11.186143,106.38194,2022-02-28 04:07:28.154023168,419.15594,0.0
2022-02-28,11.191892,106.39765,2022-02-28 04:07:28.181019904,419.60953,0.0
2022-02-28,11.197694,106.41333,2022-02-28 04:07:28.208016128,419.40286,0.0
2022-02-28,11.203513,106.42897,2022-02-28 04:07:28.235012608,420.20715,0.0
2022-02-28,11.209343,106.44457,2022-02-28 04:07:28.262009088,419.64746,0.0
2022-02-28,11.215129,106.46011,2022-02-28 04:07:28.289005568,419.52167,0.0
2022-02-28,11.169419,106.39452,2022-02-28 04:07:28.486992896,419.72366,0.0
2022-02-28,11.17513,106.41022,2022-02-28 04:07:28.513989120,420.09833,0.0
2022-02-28,11.186785,106.44155,2022-02-28 04:07:28.568022272,420.81256,0.0
2022-02-28,11.192594,106.45714,2022-02-28 04:07:28.595018752,419.89993,0.0
2022-02-28,11.198378,106.47268,2022-02-28 04:07:28.622014976,418.59662,0.0
2022-02-28,11.152703,106.407104,2022-02-28 04:07:28.821008128,419.54507,0.0
2022-02-28,11.158446,106.42281,2022-02-28 04:07:28.848004608,420.4371,0.0
2022-02-28,11.17582,106.4697,2022-02-28 04:07:28.928994048,418.90512,0.0
2022-02-28,11.13599,106.419685,2022-02-28 04:07:29.154018048,419.455,0.0
2022-02-28,11.147438,106.45104,2022-02-28 04:07:29.208010752,418.77905,0.0
2022-02-28,11.119237,106.43225,2022-02-28 04:07:29.486987264,419.61685,0.0
2022-02-28,11.13072,106.463615,2022-02-28 04:07:29.541020416,419.59088,0.0
2022-02-28,11.102484,106.44481,2022-02-28 04:07:29.821002752,419.54456,0.0
2022-02-28,11.06903,106.469955,2022-02-28 04:07:30.487022080,419.06573,0.0
2022-02-28,11.074747,106.48565,2022-02-28 04:07:30.514018560,419.02084,0.0
2022-02-28,11.052286,106.48251,2022-02-28 04:07:30.820997120,419.1365,0.0
2022-02-28,11.058016,106.498215,2022-02-28 04:07:30.847993856,419.16418,0.0
2022-02-28,11.063782,106.51388,2022-02-28 04:07:30.874990336,418.8289,0.0
2022-02-28,11.087085,106.576164,2022-02-28 04:07:30.983016192,420.1024,0.0
2022-02-28,11.041302,106.51078,2022-02-28 04:07:31.181003520,419.88092,0.0
2022-02-28,11.070335,106.58872,2022-02-28 04:07:31.316025856,419.8162,0.0
2022-02-28,11.0245495,106.52334,2022-02-28 04:07:31.514012928,421.1998,0.0
2022-02-28,11.030363,106.53902,2022-02-28 04:07:31.541009408,419.9443,0.0
2022-02-28,11.036102,106.554634,2022-02-28 04:07:31.568006144,419.9179,0.0
2022-02-28,11.047687,106.585754,2022-02-28 04:07:31.621998848,419.38318,0.0
2022-02-28,11.053513,106.60126,2022-02-28 04:07:31.648995328,420.46268,0.0
2022-02-28,11.059413,106.616745,2022-02-28 04:07:31.675991808,418.87164,0.0
2022-02-28,11.007815,106.535904,2022-02-28 04:07:31.847988480,420.33035,0.0
2022-02-28,11.013554,106.55156,2022-02-28 04:07:31.875025152,420.5479,0.0
2022-02-28,11.019329,106.56718,2022-02-28 04:07:31.902021376,419.4821,0.0
2022-02-28,11.025111,106.58276,2022-02-28 04:07:31.929018112,421.06122,0.0
2022-02-28,11.0309305,106.598305,2022-02-28 04:07:31.956014336,420.19452,0.0
2022-02-28,11.036786,106.61382,2022-02-28 04:07:31.983010816,420.85165,0.0
2022-02-28,10.996787,106.5641,2022-02-28 04:07:32.207994368,420.37402,0.0
2022-02-28,11.008368,106.595314,2022-02-28 04:07:32.262027520,420.54367,0.0
2022-02-28,11.020053,106.62637,2022-02-28 04:07:32.316020480,419.77805,0.0
2022-02-28,11.025933,106.64185,2022-02-28 04:07:32.343016960,420.7207,0.0
2022-02-28,10.968557,106.545296,2022-02-28 04:07:32.487011072,420.31998,0.0
2022-02-28,10.974282,106.561,2022-02-28 04:07:32.514007552,420.93402,0.0
2022-02-28,10.99744,106.62341,2022-02-28 04:07:32.621993472,421.77576,0.0
2022-02-28,11.003283,106.63892,2022-02-28 04:07:32.648989952,420.31964,0.0
2022-02-28,11.00915,106.654396,2022-02-28 04:07:32.675986176,420.51056,0.0
2022-02-28,10.951796,106.557846,2022-02-28 04:07:32.820986624,419.99527,0.0
2022-02-28,10.969098,106.60484,2022-02-28 04:07:32.902016256,420.55945,0.0
2022-02-28,10.986566,106.65148,2022-02-28 04:07:32.983005184,419.46402,0.0
2022-02-28,10.9924555,106.666954,2022-02-28 04:07:33.010001664,420.2551,0.0
2022-02-28,10.935053,106.5704,2022-02-28 04:07:33.153996288,420.70248,0.0
2022-02-28,10.952333,106.617386,2022-02-28 04:07:33.235025664,420.92395,0.0
2022-02-28,10.958131,106.632965,2022-02-28 04:07:33.262022144,419.76642,0.0
2022-02-28,10.963941,106.64851,2022-02-28 04:07:33.289018624,420.93738,0.0
2022-02-28,10.969811,106.664024,2022-02-28 04:07:33.316015104,419.85486,0.0
2022-02-28,10.975707,106.679504,2022-02-28 04:07:33.343011328,419.60056,0.0
2022-02-28,10.918309,106.58295,2022-02-28 04:07:33.487005696,420.2,0.0
2022-02-28,10.92405,106.59865,2022-02-28 04:07:33.514002432,421.90222,0.0
2022-02-28,10.92981,106.61431,2022-02-28 04:07:33.540998656,420.2398,0.0
2022-02-28,10.935588,106.62994,2022-02-28 04:07:33.567995136,419.87485,0.0
2022-02-28,10.94139,106.645515,2022-02-28 04:07:33.594991616,420.4372,0.0
2022-02-28,10.901584,106.595505,2022-02-28 04:07:33.821021440,420.88675,0.0
2022-02-28,10.91307,106.62686,2022-02-28 04:07:33.875014400,421.05023,0.0
2022-02-28,10.91884,106.64248,2022-02-28 04:07:33.902010624,420.85492,0.0
2022-02-28,10.896336,106.63941,2022-02-28 04:07:34.208023808,421.48175,0.0
2022-02-28,11.315034,108.56023,2022-02-28 04:07:45.983015424,420.0939,0.0
2022-02-28,11.743301,106.13317,2022-02-28 04:07:49.486999552,419.00125,0.0
2022-02-28,11.72651,106.14579,2022-02-28 04:07:49.821014784,418.74927,0.0
2022-02-28,11.693176,106.17102,2022-02-28 04:07:50.486993920,419.53503,0.0
2022-02-28,11.706042,106.180016,2022-02-28 04:07:50.513990400,419.35968,0.0
2022-02-28,11.7189245,106.18896,2022-02-28 04:07:50.541027072,419.59973,0.0
2022-02-28,11.731826,106.197845,2022-02-28 04:07:50.568023808,419.2119,0.0
2022-02-28,11.676398,106.18359,2022-02-28 04:07:50.821009664,419.49133,0.0
2022-02-28,11.689263,106.19259,2022-02-28 04:07:50.848005888,418.37814,0.0
2022-02-28,11.702157,106.2015,2022-02-28 04:07:50.875002368,419.0818,0.0
2022-02-28,11.715037,106.21044,2022-02-28 04:07:50.901999104,418.6352,0.0
2022-02-28,11.727948,106.21929,2022-02-28 04:07:50.928995328,418.3577,0.0
2022-02-28,11.659668,106.196205,2022-02-28 04:07:51.154019328,418.99136,0.0
2022-02-28,11.672535,106.20519,2022-02-28 04:07:51.181015808,419.2406,0.0
2022-02-28,11.685414,106.21414,2022-02-28 04:07:51.208012032,419.09262,0.0
2022-02-28,11.698309,106.223045,2022-02-28 04:07:51.235008512,418.73856,0.0
2022-02-28,11.711201,106.23194,2022-02-28 04:07:51.262004736,418.75757,0.0
2022-02-28,11.642938,106.20882,2022-02-28 04:07:51.486988544,419.01703,0.0
2022-02-28,11.655807,106.2178,2022-02-28 04:07:51.514025216,419.02783,0.0
2022-02-28,11.668689,106.22674,2022-02-28 04:07:51.541021696,419.44894,0.0
2022-02-28,11.681568,106.23568,2022-02-28 04:07:51.568018176,418.96503,0.0
2022-02-28,11.694484,106.244514,2022-02-28 04:07:51.595014656,418.75803,0.0
2022-02-28,11.707395,106.253365,2022-02-28 04:07:51.622011136,419.01172,0.0
2022-02-28,11.720311,106.26219,2022-02-28 04:07:51.649007616,419.33255,0.0
2022-02-28,11.626214,106.221405,2022-02-28 04:07:51.821004032,418.76166,0.0
2022-02-28,11.639059,106.230446,2022-02-28 04:07:51.848000512,420.30017,0.0
2022-02-28,11.664826,106.24831,2022-02-28 04:07:51.901993472,418.95895,0.0
2022-02-28,11.677753,106.25712,2022-02-28 04:07:51.928989952,419.3719,0.0
2022-02-28,11.690674,106.265945,2022-02-28 04:07:51.956026624,419.2378,0.0
2022-02-28,11.609446,106.23411,2022-02-28 04:07:52.154013952,419.58804,0.0
2022-02-28,11.6223135,106.243095,2022-02-28 04:07:52.181010176,419.42078,0.0
2022-02-28,11.635196,106.25203,2022-02-28 04:07:52.208006656,419.78198,0.0
2022-02-28,11.64809,106.260925,2022-02-28 04:07:52.235002880,418.86777,0.0
2022-02-28,11.673933,106.278564,2022-02-28 04:07:52.288996096,419.23947,0.0
2022-02-28,11.686857,106.28738,2022-02-28 04:07:52.315992320,420.04056,0.0
2022-02-28,11.592729,106.24667,2022-02-28 04:07:52.487023360,419.25327,0.0
2022-02-28,11.605579,106.2557,2022-02-28 04:07:52.514019840,418.4754,0.0
2022-02-28,11.618467,106.26462,2022-02-28 04:07:52.541016320,419.6398,0.0
2022-02-28,11.631356,106.27353,2022-02-28 04:07:52.568012800,419.22318,0.0
2022-02-28,11.6442995,106.282295,2022-02-28 04:07:52.595009280,418.13742,0.0
2022-02-28,11.657219,106.29112,2022-02-28 04:07:52.622005760,419.54132,0.0
2022-02-28,11.670137,106.29994,2022-02-28 04:07:52.649001984,420.09833,0.0
2022-02-28,11.576003,106.259254,2022-02-28 04:07:52.820998656,418.73026,0.0
2022-02-28,11.588862,106.26826,2022-02-28 04:07:52.847995392,418.6134,0.0
2022-02-28,11.601744,106.27719,2022-02-28 04:07:52.874991616,418.02896,0.0
2022-02-28,11.614633,106.2861,2022-02-28 04:07:52.901988096,419.315,0.0
2022-02-28,11.627546,106.294945,2022-02-28 04:07:52.929024768,418.99,0.0
2022-02-28,11.640455,106.30379,2022-02-28 04:07:52.956020992,418.63104,0.0
2022-02-28,11.653382,106.31259,2022-02-28 04:07:52.983017472,418.9551,0.0
2022-02-28,11.666352,106.32129,2022-02-28 04:07:53.010013952,418.73386,0.0
2022-02-28,11.559271,106.27185,2022-02-28 04:07:53.154008320,419.59613,0.0
2022-02-28,11.572127,106.28086,2022-02-28 04:07:53.181004800,418.97427,0.0
2022-02-28,11.585009,106.289795,2022-02-28 04:07:53.208001024,419.5617,0.0
2022-02-28,11.597902,106.29869,2022-02-28 04:07:53.234997760,419.24564,0.0
2022-02-28,11.610789,106.307594,2022-02-28 04:07:53.261994240,418.37973,0.0
2022-02-28,11.623728,106.31637,2022-02-28 04:07:53.288990464,418.76755,0.0
2022-02-28,11.636648,106.32519,2022-02-28 04:07:53.316027136,419.52658,0.0
2022-02-28,11.64958,106.33397,2022-02-28 04:07:53.343023872,418.51907,0.0
2022-02-28,11.542509,106.28452,2022-02-28 04:07:53.487017984,418.63754,0.0
2022-02-28,11.568273,106.30239,2022-02-28 04:07:53.541010944,418.85367,0.0
2022-02-28,11.581157,106.31131,2022-02-28 04:07:53.568007424,419.82233,0.0
2022-02-28,11.594052,106.3202,2022-02-28 04:07:53.595003904,418.97357,0.0
2022-02-28,11.606978,106.329,2022-02-28 04:07:53.622000128,419.62854,0.0
2022-02-28,11.619923,106.33776,2022-02-28 04:07:53.648996608,419.34082,0.0
2022-02-28,11.63286,106.34653,2022-02-28 04:07:53.675993088,419.17224,0.0
2022-02-28,11.525788,106.29708,2022-02-28 04:07:53.820993536,419.73547,0.0
2022-02-28,11.538685,106.30598,2022-02-28 04:07:53.847989760,419.2076,0.0
2022-02-28,11.551527,106.31502,2022-02-28 04:07:53.875026432,419.7451,0.0
2022-02-28,11.59024,106.3416,2022-02-28 04:07:53.956015616,419.17786,0.0
2022-02-28,11.603155,106.35042,2022-02-28 04:07:53.983012096,419.7202,0.0
2022-02-28,11.616123,106.35912,2022-02-28 04:07:54.010008576,419.747,0.0
2022-02-28,11.509063,106.30964,2022-02-28 04:07:54.154002944,418.61108,0.0
2022-02-28,11.547678,106.33651,2022-02-28 04:07:54.234992384,418.81586,0.0
2022-02-28,11.573527,106.35413,2022-02-28 04:07:54.289025280,420.44916,0.0
2022-02-28,11.599325,106.37184,2022-02-28 04:07:54.343018240,419.91333,0.0
2022-02-28,11.492328,106.32223,2022-02-28 04:07:54.487012608,418.20044,0.0
2022-02-28,11.518044,106.34022,2022-02-28 04:07:54.541005568,418.81897,0.0
2022-02-28,11.530936,106.34911,2022-02-28 04:07:54.568002048,418.36325,0.0
2022-02-28,11.543841,106.35797,2022-02-28 04:07:54.594998272,418.26584,0.0
2022-02-28,11.55676,106.36679,2022-02-28 04:07:54.621994752,418.39258,0.0
2022-02-28,11.569699,106.37556,2022-02-28 04:07:54.648991232,420.0266,0.0
2022-02-28,11.58262,106.38436,2022-02-28 04:07:54.675987712,418.8085,0.0
2022-02-28,11.51039,106.38309,2022-02-28 04:07:55.262023424,418.8451,0.0
2022-02-28,11.523284,106.39196,2022-02-28 04:07:55.289020160,419.0545,0.0
2022-02-28,11.536223,106.40073,2022-02-28 04:07:55.316016384,419.03387,0.0
2022-02-28,11.549181,106.409454,2022-02-28 04:07:55.343012864,419.84256,0.0
2022-02-28,11.493633,106.39571,2022-02-28 04:07:55.594992896,418.21246,0.0
2022-02-28,11.430504,106.42461,2022-02-28 04:07:56.567991040,419.46124,0.0
2022-02-28,11.456326,106.442276,2022-02-28 04:07:56.622023936,418.9409,0.0
2022-02-28,11.482178,106.45986,2022-02-28 04:07:56.676017152,420.4806,0.0
2022-02-28,11.375099,106.41047,2022-02-28 04:07:56.821017344,420.00186,0.0
2022-02-28,11.387979,106.4194,2022-02-28 04:07:56.848013568,418.67227,0.0
2022-02-28,11.400883,106.42826,2022-02-28 04:07:56.875010048,419.96597,0.0
2022-02-28,11.41376,106.43719,2022-02-28 04:07:56.902006528,418.4298,0.0
2022-02-28,11.426653,106.44607,2022-02-28 04:07:56.929003008,419.45245,0.0
2022-02-28,11.452465,106.463745,2022-02-28 04:07:56.982995968,420.10358,0.0
2022-02-28,11.358372,106.423004,2022-02-28 04:07:57.153986816,419.62878,0.0
2022-02-28,11.371257,106.43192,2022-02-28 04:07:57.181023232,418.49402,0.0
2022-02-28,11.397009,106.44978,2022-02-28 04:07:57.235016448,418.5012,0.0
2022-02-28,11.409917,106.458626,2022-02-28 04:07:57.262012672,418.68347,0.0
2022-02-28,11.422826,106.46746,2022-02-28 04:07:57.289009152,419.16553,0.0
2022-02-28,11.435743,106.47627,2022-02-28 04:07:57.316005376,419.14847,0.0
2022-02-28,11.4486885,106.485016,2022-02-28 04:07:57.343001856,419.72192,0.0
2022-02-28,11.341643,106.43554,2022-02-28 04:07:57.486996480,419.18927,0.0
2022-02-28,11.354501,106.44453,2022-02-28 04:07:57.513992704,420.01505,0.0
2022-02-28,11.367376,106.45347,2022-02-28 04:07:57.540989184,418.7275,0.0
2022-02-28,11.380263,106.462364,2022-02-28 04:07:57.568025856,419.45706,0.0
2022-02-28,11.393155,106.471245,2022-02-28 04:07:57.595022080,420.34937,0.0
2022-02-28,11.406067,106.48007,2022-02-28 04:07:57.622018816,419.19943,0.0
2022-02-28,11.431953,106.49757,2022-02-28 04:07:57.676011520,419.28058,0.0
2022-02-28,11.324923,106.44805,2022-02-28 04:07:57.821011712,419.22696,0.0
2022-02-28,11.363528,106.474915,2022-02-28 04:07:57.902001152,419.5857,0.0
2022-02-28,11.415208,106.51014,2022-02-28 04:07:58.009986816,419.65656,0.0
2022-02-28,11.308185,106.46061,2022-02-28 04:07:58.154021376,418.99316,0.0
2022-02-28,11.321058,106.46955,2022-02-28 04:07:58.181017856,418.85052,0.0
2022-02-28,11.33392,106.47853,2022-02-28 04:07:58.208014592,419.8077,0.0
2022-02-28,11.359666,106.49638,2022-02-28 04:07:58.262007296,419.606,0.0
2022-02-28,11.37258,106.5052,2022-02-28 04:07:58.289003520,419.60706,0.0
2022-02-28,11.288825,106.56807,2022-02-28 04:07:59.956023552,419.4284,0.0
2022-02-28,11.301744,106.576866,2022-02-28 04:07:59.983019776,420.09662,0.0
2022-02-28,11.314686,106.58561,2022-02-28 04:08:00.010016256,419.61514,0.0
2022-02-28,11.28501,106.589386,2022-02-28 04:08:00.315989248,418.93112,0.0
2022-02-28,11.216658,106.56654,2022-02-28 04:08:00.541013248,420.4382,0.0
2022-02-28,11.120045,106.62033,2022-02-28 04:08:02.180996096,418.55472,0.0
2022-02-28,11.132884,106.62935,2022-02-28 04:08:02.207992576,419.6602,0.0
2022-02-28,11.103289,106.63289,2022-02-28 04:08:02.514006016,419.60733,0.0
2022-02-28,11.116145,106.64186,2022-02-28 04:08:02.541002240,419.32996,0.0
2022-02-28,11.129024,106.650764,2022-02-28 04:08:02.567998976,420.27774,0.0
2022-02-28,11.141916,106.65963,2022-02-28 04:08:02.594995200,419.91336,0.0
2022-02-28,11.180655,106.68606,2022-02-28 04:08:02.676024576,419.6938,0.0
2022-02-28,11.09937,106.65446,2022-02-28 04:08:02.875017984,418.9384,0.0
2022-02-28,11.112246,106.66337,2022-02-28 04:08:02.902014208,419.45847,0.0
2022-02-28,11.125129,106.67226,2022-02-28 04:08:02.929010688,420.64426,0.0
2022-02-28,11.163895,106.69861,2022-02-28 04:08:03.009999872,421.1955,0.0
2022-02-28,11.121315,106.69354,2022-02-28 04:08:03.289016832,419.90894,0.0
2022-02-28,11.134232,106.70234,2022-02-28 04:08:03.316013312,419.57608,0.0
2022-02-28,11.147129,106.711174,2022-02-28 04:08:03.343009792,419.99838,0.0
2022-02-28,11.078739,106.688446,2022-02-28 04:08:03.567993344,418.13803,0.0
2022-02-28,11.091648,106.697266,2022-02-28 04:08:03.594989824,420.90918,0.0
2022-02-28,11.104527,106.706154,2022-02-28 04:08:03.622026496,420.13846,0.0
2022-02-28,11.13038,106.723694,2022-02-28 04:08:03.676019200,420.44168,0.0
2022-02-28,11.080082,106.76136,2022-02-28 04:08:04.676013824,420.47485,0.0
2022-02-28,11.024609,106.74743,2022-02-28 04:08:04.928999936,419.4031,0.0
2022-02-28,11.037487,106.75632,2022-02-28 04:08:04.955996160,418.59982,0.0
2022-02-28,11.050412,106.76509,2022-02-28 04:08:04.982992640,418.86005,0.0
2022-02-28,11.063353,106.77383,2022-02-28 04:08:05.009989376,420.1521,0.0
2022-02-28,10.982072,106.742226,2022-02-28 04:08:05.208016640,419.0813,0.0
2022-02-28,10.99496,106.7511,2022-02-28 04:08:05.235013120,420.00452,0.0
2022-02-28,10.9279175,106.8012,2022-02-28 04:08:06.568017152,419.74078,0.0
2022-02-28,10.966624,106.82769,2022-02-28 04:08:06.649006592,418.8051,0.0
2022-02-28,10.979552,106.83646,2022-02-28 04:08:06.676003072,418.61407,0.0
2022-02-28,10.9498625,106.84021,2022-02-28 04:08:06.983022336,419.0606,0.0
2022-02-28,10.962782,106.84899,2022-02-28 04:08:07.010018560,419.5056,0.0
2022-02-28,10.916281,106.86537,2022-02-28 04:08:07.649001216,419.9718,0.0
2022-02-28,10.929209,106.87413,2022-02-28 04:08:07.675997696,419.62247,0.0
2022-02-28,10.88664,106.86901,2022-02-28 04:08:07.956020480,418.9363,0.0
2022-02-28,10.899547,106.877815,2022-02-28 04:08:07.983016704,418.9586,0.0
2022-02-28,10.912449,106.886635,2022-02-28 04:08:08.010013184,418.3127,0.0
2022-02-28,10.823432,106.89774,2022-02-28 04:08:08.929018624,419.27728,0.0
2022-02-28,10.862124,106.924225,2022-02-28 04:08:09.010007552,420.04703,0.0
2022-02-28,10.832418,106.92801,2022-02-28 04:08:09.316020992,418.6315,0.0
2022-02-28,11.592098,106.49598,2022-02-28 04:08:16.983008256,418.6885,0.0
2022-02-28,11.610529,106.499794,2022-02-28 04:08:17.010004480,419.0829,0.0
2022-02-28,11.46814,106.4823,2022-02-28 04:08:17.153998848,419.81226,0.0
2022-02-28,11.485805,106.48688,2022-02-28 04:08:17.180995584,419.16928,0.0
2022-02-28,11.557276,106.50456,2022-02-28 04:08:17.289021184,418.9303,0.0
2022-02-28,11.575335,106.50885,2022-02-28 04:08:17.316017664,419.0979,0.0
2022-02-28,11.593424,106.51315,2022-02-28 04:08:17.343014144,419.0075,0.0
2022-02-28,11.504547,106.50866,2022-02-28 04:08:17.567997952,419.0072,0.0
2022-02-28,11.522395,106.51309,2022-02-28 04:08:17.594994432,419.5611,0.0
2022-02-28,11.540473,106.51729,2022-02-28 04:08:17.621990656,418.67654,0.0
2022-02-28,11.505681,106.52559,2022-02-28 04:08:17.929009920,419.06027,0.0
2022-02-28,11.523587,106.53,2022-02-28 04:08:17.956006400,419.65015,0.0
2022-02-28,11.541697,106.534195,2022-02-28 04:08:17.983002624,419.04276,0.0
2022-02-28,11.559828,106.538414,2022-02-28 04:08:18.009999104,419.93768,0.0
2022-02-28,11.509592,106.57601,2022-02-28 04:08:19.009993472,419.00607,0.0
2022-02-28,11.492783,106.588615,2022-02-28 04:08:19.343003392,420.30917,0.0
2022-02-28,11.457977,106.596886,2022-02-28 04:08:19.649016576,419.61108,0.0
2022-02-28,11.476016,106.60124,2022-02-28 04:08:19.676013056,419.59348,0.0
2022-02-28,11.334064,106.583145,2022-02-28 04:08:19.821013248,419.68954,0.0
2022-02-28,11.42326,106.6052,2022-02-28 04:08:19.955995392,419.03528,0.0
2022-02-28,11.441235,106.609566,2022-02-28 04:08:19.982991616,419.40186,0.0
2022-02-28,11.459328,106.61383,2022-02-28 04:08:20.009988352,419.7858,0.0
2022-02-28,11.388462,106.61328,2022-02-28 04:08:20.262008576,419.57883,0.0
2022-02-28,11.442433,106.62626,2022-02-28 04:08:20.342998016,419.94586,0.0
2022-02-28,11.389563,106.6302,2022-02-28 04:08:20.622014720,419.43237,0.0
2022-02-28,11.391022,106.64717,2022-02-28 04:08:20.983026432,420.24658,0.0
2022-02-28,11.409117,106.65145,2022-02-28 04:08:21.010023168,417.625,0.0
2022-02-28,11.356268,106.65531,2022-02-28 04:08:21.288999680,418.8456,0.0
2022-02-28,11.374203,106.659706,2022-02-28 04:08:21.315996160,419.85733,0.0
2022-02-28,11.339312,106.66782,2022-02-28 04:08:21.622009344,420.1152,0.0
2022-02-28,11.357383,106.67208,2022-02-28 04:08:21.649005568,419.3242,0.0
2022-02-28,11.251074,106.662834,2022-02-28 04:08:21.847998976,419.29636,0.0
2022-02-28,11.322614,106.68044,2022-02-28 04:08:21.956024576,418.95523,0.0
2022-02-28,11.340687,106.68472,2022-02-28 04:08:21.983021312,419.4685,0.0
2022-02-28,11.358737,106.68907,2022-02-28 04:08:22.010017536,419.3024,0.0
2022-02-28,11.2167635,106.670975,2022-02-28 04:08:22.154011904,419.6458,0.0
2022-02-28,11.287912,106.68885,2022-02-28 04:08:22.261997824,419.3726,0.0
2022-02-28,11.305925,106.69313,2022-02-28 04:08:22.288994304,419.8196,0.0
2022-02-28,11.324031,106.69734,2022-02-28 04:08:22.315990784,418.76056,0.0
2022-02-28,11.217619,106.687965,2022-02-28 04:08:22.514018048,420.08173,0.0
2022-02-28,11.235363,106.692406,2022-02-28 04:08:22.541014784,419.426,0.0
2022-02-28,11.253118,106.69688,2022-02-28 04:08:22.568011008,419.2956,0.0
2022-02-28,11.271016,106.7012,2022-02-28 04:08:22.595007488,419.12082,0.0
2022-02-28,11.288965,106.70556,2022-02-28 04:08:22.622003712,419.60724,0.0
2022-02-28,11.30708,106.70976,2022-02-28 04:08:22.649000192,419.36258,0.0
2022-02-28,11.183071,106.69595,2022-02-28 04:08:22.820997120,419.8158,0.0
2022-02-28,11.218496,106.70498,2022-02-28 04:08:22.874989824,420.90378,0.0
2022-02-28,11.236361,106.70936,2022-02-28 04:08:22.902026496,419.71866,0.0
2022-02-28,11.254254,106.713745,2022-02-28 04:08:22.929022720,420.13318,0.0
2022-02-28,11.184126,106.71317,2022-02-28 04:08:23.181003008,419.75662,0.0
2022-02-28,11.20192,106.71765,2022-02-28 04:08:23.207999488,419.82516,0.0
2022-02-28,11.219795,106.72202,2022-02-28 04:08:23.234995968,419.69434,0.0
2022-02-28,11.273739,106.73499,2022-02-28 04:08:23.316025600,420.33246,0.0
2022-02-28,11.291776,106.739334,2022-02-28 04:08:23.343021824,419.76993,0.0
2022-02-28,11.185153,106.7302,2022-02-28 04:08:23.541009152,419.88742,0.0
2022-02-28,11.238914,106.74325,2022-02-28 04:08:23.621998336,419.9101,0.0
2022-02-28,11.274956,106.75183,2022-02-28 04:08:23.675991296,419.98972,0.0
2022-02-28,11.13277,106.7336,2022-02-28 04:08:23.820991488,420.33817,0.0
2022-02-28,11.221883,106.755775,2022-02-28 04:08:23.956013824,419.48038,0.0
2022-02-28,11.2400465,106.759926,2022-02-28 04:08:23.983010304,420.30258,0.0
2022-02-28,11.116056,106.74607,2022-02-28 04:08:24.154001152,419.08353,0.0
2022-02-28,11.151441,106.755165,2022-02-28 04:08:24.207994112,420.12054,0.0
2022-02-28,11.187198,106.76404,2022-02-28 04:08:24.261987072,418.42627,0.0
2022-02-28,11.223273,106.77268,2022-02-28 04:08:24.316019968,420.72614,0.0
2022-02-28,11.241485,106.77687,2022-02-28 04:08:24.343016448,419.42053,0.0
2022-02-28,11.099413,106.75883,2022-02-28 04:08:24.487011072,418.1925,0.0
2022-02-28,11.117106,106.76334,2022-02-28 04:08:24.514007296,419.702,0.0
2022-02-28,11.134817,106.767876,2022-02-28 04:08:24.541003776,420.7328,0.0
2022-02-28,11.152651,106.7723,2022-02-28 04:08:24.568000000,420.4512,0.0
2022-02-28,11.188506,106.78104,2022-02-28 04:08:24.621992960,421.3024,0.0
2022-02-28,11.20652,106.78536,2022-02-28 04:08:24.648989440,419.41602,0.0
2022-02-28,11.224776,106.789444,2022-02-28 04:08:24.676026112,419.53702,0.0
2022-02-28,11.082616,106.77136,2022-02-28 04:08:24.820986112,420.22675,0.0
2022-02-28,11.100304,106.77584,2022-02-28 04:08:24.848022784,420.12823,0.0
2022-02-28,11.117962,106.780396,2022-02-28 04:08:24.875019008,420.77765,0.0
2022-02-28,11.171628,106.79344,2022-02-28 04:08:24.956008448,420.04364,0.0
2022-02-28,11.189677,106.797676,2022-02-28 04:08:24.983004928,420.59625,0.0
2022-02-28,11.20774,106.80194,2022-02-28 04:08:25.010001408,420.62128,0.0
2022-02-28,11.083448,106.7882,2022-02-28 04:08:25.180992000,420.0356,0.0
2022-02-28,11.101106,106.79281,2022-02-28 04:08:25.207988736,421.07416,0.0
2022-02-28,11.136866,106.801636,2022-02-28 04:08:25.262021888,420.29956,0.0
2022-02-28,11.1548,106.80604,2022-02-28 04:08:25.289018112,420.223,0.0
2022-02-28,11.172984,106.81018,2022-02-28 04:08:25.316014592,419.85974,0.0
2022-02-28,11.191063,106.8145,2022-02-28 04:08:25.343010816,419.66873,0.0
2022-02-28,11.120236,106.8143,2022-02-28 04:08:25.594991104,419.68854,0.0
2022-02-28,11.138209,106.81864,2022-02-28 04:08:25.621987584,420.17065,0.0
2022-02-28,11.174317,106.82724,2022-02-28 04:08:25.676020736,421.65723,0.0
2022-02-28,11.121309,106.8312,2022-02-28 04:08:25.956003072,419.79163,0.0
2022-02-28,11.139289,106.83554,2022-02-28 04:08:25.982999552,420.54544,0.0
2022-02-28,11.1573305,106.83985,2022-02-28 04:08:26.009996032,421.24866,0.0
2022-02-28,11.122471,106.84793,2022-02-28 04:08:26.316008960,419.47012,0.0
2022-02-28,10.998733,106.83382,2022-02-28 04:08:26.487000064,420.29495,0.0
2022-02-28,11.016503,106.838264,2022-02-28 04:08:26.513996288,418.9792,0.0
2022-02-28,10.982073,106.84649,2022-02-28 04:08:26.821015296,419.9203,0.0
2022-02-28,11.089264,106.87295,2022-02-28 04:08:26.982994176,420.6046,0.0
2022-02-28,11.107335,106.87725,2022-02-28 04:08:27.009990400,419.98672,0.0
2022-02-28,10.965275,106.85891,2022-02-28 04:08:27.154024960,419.42526,0.0
2022-02-28,10.982945,106.863434,2022-02-28 04:08:27.181021696,418.90848,0.0
2022-02-28,11.000652,106.86795,2022-02-28 04:08:27.208018176,419.535,0.0
2022-02-28,11.036461,106.876625,2022-02-28 04:08:27.262010880,418.96313,0.0
2022-02-28,11.054381,106.881004,2022-02-28 04:08:27.289007104,419.2659,0.0
2022-02-28,11.090526,106.88952,2022-02-28 04:08:27.343000064,419.79034,0.0
2022-02-28,10.94835,106.8714,2022-02-28 04:08:27.486994432,418.6796,0.0
2022-02-28,10.966051,106.87591,2022-02-28 04:08:27.513990912,418.68002,0.0
2022-02-28,10.983827,106.88037,2022-02-28 04:08:27.540987392,419.3369,0.0
2022-02-28,11.01965,106.88907,2022-02-28 04:08:27.595020544,419.3054,0.0
2022-02-28,11.037633,106.89342,2022-02-28 04:08:27.622017024,418.7445,0.0
2022-02-28,11.055679,106.897736,2022-02-28 04:08:27.649013504,419.7164,0.0
2022-02-28,11.073767,106.90205,2022-02-28 04:08:27.676009984,419.45175,0.0
2022-02-28,10.931684,106.88399,2022-02-28 04:08:27.821010176,419.08948,0.0
2022-02-28,10.9493685,106.88855,2022-02-28 04:08:27.848006400,418.77798,0.0
2022-02-28,10.96708,106.89311,2022-02-28 04:08:27.875002880,418.31293,0.0
2022-02-28,10.984896,106.89758,2022-02-28 04:08:27.901999360,419.28497,0.0
2022-02-28,11.039064,106.91038,2022-02-28 04:08:27.982988544,419.15637,0.0
2022-02-28,10.914953,106.89662,2022-02-28 04:08:28.154019840,417.89423,0.0
2022-02-28,10.932679,106.9011,2022-02-28 04:08:28.181016320,418.80676,0.0
2022-02-28,10.950374,106.90565,2022-02-28 04:08:28.208012544,418.77264,0.0
2022-02-28,10.968144,106.9101,2022-02-28 04:08:28.235009024,419.635,0.0
2022-02-28,11.0222025,106.922806,2022-02-28 04:08:28.315998208,419.7362,0.0
2022-02-28,11.0402355,106.92712,2022-02-28 04:08:28.342994688,419.27246,0.0
2022-02-28,10.898089,106.90888,2022-02-28 04:08:28.486989056,419.43625,0.0
2022-02-28,10.915719,106.91348,2022-02-28 04:08:28.514025728,418.18726,0.0
2022-02-28,10.933457,106.91799,2022-02-28 04:08:28.541022208,419.28928,0.0
2022-02-28,10.951095,106.92266,2022-02-28 04:08:28.568018688,418.3406,0.0
2022-02-28,10.969115,106.926895,2022-02-28 04:08:28.595015168,418.86536,0.0
2022-02-28,10.987265,106.93102,2022-02-28 04:08:28.622011648,419.1995,0.0
2022-02-28,11.005307,106.935326,2022-02-28 04:08:28.649008128,419.44873,0.0
2022-02-28,11.023461,106.93954,2022-02-28 04:08:28.676004352,418.78836,0.0
2022-02-28,10.8812895,106.92147,2022-02-28 04:08:28.821004544,420.5051,0.0
2022-02-28,10.916774,106.930534,2022-02-28 04:08:28.874997504,419.05936,0.0
2022-02-28,10.934585,106.935036,2022-02-28 04:08:28.901993984,419.61026,0.0
2022-02-28,10.952407,106.93957,2022-02-28 04:08:28.928990464,418.9195,0.0
2022-02-28,10.970458,106.94386,2022-02-28 04:08:28.955986688,418.8776,0.0
2022-02-28,11.006779,106.9523,2022-02-28 04:08:29.010019840,418.96643,0.0
2022-02-28,10.864583,106.934235,2022-02-28 04:08:29.154014464,419.46564,0.0
2022-02-28,10.91796,106.94755,2022-02-28 04:08:29.235003392,418.99457,0.0
2022-02-28,10.935804,106.952,2022-02-28 04:08:29.262000128,417.67813,0.0
2022-02-28,10.953699,106.95644,2022-02-28 04:08:29.288996352,419.34616,0.0
2022-02-28,10.971826,106.96064,2022-02-28 04:08:29.315992832,418.66022,0.0
2022-02-28,10.989872,106.96497,2022-02-28 04:08:29.342989568,419.26465,0.0
2022-02-28,10.883107,106.95568,2022-02-28 04:08:29.541016832,419.89014,0.0
2022-02-28,10.936725,106.968834,2022-02-28 04:08:29.622006272,418.64124,0.0
2022-02-28,10.954774,106.97312,2022-02-28 04:08:29.649002496,418.87137,0.0
2022-02-28,10.972993,106.97726,2022-02-28 04:08:29.675998976,419.17264,0.0
2022-02-28,10.92146,106.99822,2022-02-28 04:08:30.315987712,419.80505,0.0
2022-02-28,10.939446,107.00263,2022-02-28 04:08:30.343024128,418.56238,0.0
2022-02-28,10.797499,106.984245,2022-02-28 04:08:30.487018496,416.86252,0.0
2022-02-28,10.905787,107.02743,2022-02-28 04:08:31.010009088,419.84833,0.0
2022-02-28,10.871003,107.03582,2022-02-28 04:08:31.316022272,420.53455,0.0
2022-02-28,10.889137,107.04008,2022-02-28 04:08:31.343018752,419.46036,0.0
2022-02-28,11.650541,106.558556,2022-02-28 04:08:37.595006464,419.48315,0.0
2022-02-28,11.676949,106.55596,2022-02-28 04:08:37.622003200,419.2264,0.0
2022-02-28,11.703906,106.55292,2022-02-28 04:08:37.648999424,418.74332,0.0
2022-02-28,11.730884,106.54996,2022-02-28 04:08:37.675995904,418.69797,0.0
2022-02-28,11.529777,106.58049,2022-02-28 04:08:37.820996096,419.908,0.0
2022-02-28,11.555519,106.578125,2022-02-28 04:08:37.847992320,419.23764,0.0
2022-02-28,11.581428,106.57568,2022-02-28 04:08:37.874989056,419.51782,0.0
2022-02-28,11.607273,106.57341,2022-02-28 04:08:37.902025728,419.39886,0.0
2022-02-28,11.633734,106.57062,2022-02-28 04:08:37.929021952,418.9265,0.0
2022-02-28,11.659816,106.5683,2022-02-28 04:08:37.956018432,419.06348,0.0
2022-02-28,11.686381,106.5656,2022-02-28 04:08:37.983014912,419.14203,0.0
2022-02-28,11.713689,106.56231,2022-02-28 04:08:38.010011136,418.7199,0.0
2022-02-28,11.512835,106.5928,2022-02-28 04:08:38.154005760,419.63165,0.0
2022-02-28,11.538542,106.59053,2022-02-28 04:08:38.181002240,419.08945,0.0
2022-02-28,11.564511,106.58811,2022-02-28 04:08:38.207998464,419.0191,0.0
2022-02-28,11.590523,106.58577,2022-02-28 04:08:38.234994944,418.6725,0.0
2022-02-28,11.616517,106.58354,2022-02-28 04:08:38.261991424,419.31393,0.0
2022-02-28,11.643395,106.580536,2022-02-28 04:08:38.289028096,419.0038,0.0
2022-02-28,11.6701,106.57781,2022-02-28 04:08:38.316024576,418.71936,0.0
2022-02-28,11.696722,106.575264,2022-02-28 04:08:38.343020800,418.37012,0.0
2022-02-28,11.496092,106.605484,2022-02-28 04:08:38.487015168,419.62448,0.0
2022-02-28,11.521896,106.60309,2022-02-28 04:08:38.514011904,419.35645,0.0
2022-02-28,11.573684,106.59841,2022-02-28 04:08:38.568004608,419.36795,0.0
2022-02-28,11.599737,106.59606,2022-02-28 04:08:38.595001344,418.71405,0.0
2022-02-28,11.626153,106.593445,2022-02-28 04:08:38.621997568,419.1099,0.0
2022-02-28,11.653037,106.59048,2022-02-28 04:08:38.648994048,418.91428,0.0
2022-02-28,11.679694,106.58782,2022-02-28 04:08:38.675990272,418.59897,0.0
2022-02-28,11.479247,106.61779,2022-02-28 04:08:38.820990464,419.84427,0.0
2022-02-28,11.5050335,106.61552,2022-02-28 04:08:38.847987200,419.06924,0.0
2022-02-28,11.530963,106.6132,2022-02-28 04:08:38.875023872,419.1549,0.0
2022-02-28,11.583239,106.60844,2022-02-28 04:08:38.929016576,419.00665,0.0
2022-02-28,11.609827,106.60576,2022-02-28 04:08:38.956013056,419.4119,0.0
2022-02-28,11.636194,106.60339,2022-02-28 04:08:38.983009280,419.3162,0.0
2022-02-28,11.663266,106.60041,2022-02-28 04:08:39.010006016,419.3832,0.0
2022-02-28,11.514267,106.62575,2022-02-28 04:08:39.207993088,419.3817,0.0
2022-02-28,11.540386,106.62324,2022-02-28 04:08:39.234989568,418.63474,0.0
2022-02-28,11.566537,106.6208,2022-02-28 04:08:39.262026240,418.71008,0.0
2022-02-28,11.592909,106.618225,2022-02-28 04:08:39.289022720,419.151,0.0
2022-02-28,11.619459,106.615585,2022-02-28 04:08:39.316018944,419.58344,0.0
2022-02-28,11.646347,106.61272,2022-02-28 04:08:39.343015680,419.21823,0.0
2022-02-28,11.497397,106.63836,2022-02-28 04:08:39.541002752,418.8875,0.0
2022-02-28,11.523573,106.63586,2022-02-28 04:08:39.567999488,419.41855,0.0
2022-02-28,11.549781,106.63342,2022-02-28 04:08:39.594995712,419.56567,0.0
2022-02-28,11.576092,106.63099,2022-02-28 04:08:39.621992192,419.2083,0.0
2022-02-28,11.629682,106.625465,2022-02-28 04:08:39.676025088,418.60535,0.0
2022-02-28,11.454863,106.653404,2022-02-28 04:08:39.848022016,418.73935,0.0
2022-02-28,11.480742,106.65104,2022-02-28 04:08:39.875018240,419.4379,0.0
2022-02-28,11.506907,106.64848,2022-02-28 04:08:39.902014720,418.83792,0.0
2022-02-28,11.533154,106.64595,2022-02-28 04:08:39.929011200,419.9671,0.0
2022-02-28,11.559526,106.64339,2022-02-28 04:08:39.956007424,419.48636,0.0
2022-02-28,11.585885,106.64094,2022-02-28 04:08:39.983004160,419.34976,0.0
2022-02-28,11.612809,106.63804,2022-02-28 04:08:40.010000384,419.7221,0.0
2022-02-28,11.438,106.66564,2022-02-28 04:08:40.180991232,419.77026,0.0
2022-02-28,11.489902,106.661,2022-02-28 04:08:40.235024384,419.49924,0.0
2022-02-28,11.516337,106.65838,2022-02-28 04:08:40.262020864,418.6539,0.0
2022-02-28,11.542667,106.65597,2022-02-28 04:08:40.289017088,419.48126,0.0
2022-02-28,11.569365,106.65328,2022-02-28 04:08:40.316013824,418.8937,0.0
2022-02-28,11.596271,106.650505,2022-02-28 04:08:40.343010304,419.4815,0.0
2022-02-28,11.421442,106.67847,2022-02-28 04:08:40.514000896,419.47217,0.0
2022-02-28,11.447386,106.67608,2022-02-28 04:08:40.540997632,419.13623,0.0
2022-02-28,11.4734535,106.67366,2022-02-28 04:08:40.567993856,418.86664,0.0
2022-02-28,11.499717,106.67114,2022-02-28 04:08:40.594990336,419.3401,0.0
2022-02-28,11.526127,106.668526,2022-02-28 04:08:40.622027008,419.30176,0.0
2022-02-28,11.552613,106.665924,2022-02-28 04:08:40.649023232,420.0555,0.0
2022-02-28,11.579426,106.6631,2022-02-28 04:08:40.676019712,419.2601,0.0
2022-02-28,11.40456,106.69064,2022-02-28 04:08:40.848016384,419.23987,0.0
2022-02-28,11.430366,106.688385,2022-02-28 04:08:40.875012864,419.55112,0.0
2022-02-28,11.456386,106.68602,2022-02-28 04:08:40.902009344,419.27032,0.0
2022-02-28,11.482671,106.68348,2022-02-28 04:08:40.929005568,419.21774,0.0
2022-02-28,11.509108,106.68089,2022-02-28 04:08:40.956002304,419.74957,0.0
2022-02-28,11.535772,106.678185,2022-02-28 04:08:40.982998528,420.149,0.0
2022-02-28,11.562462,106.675575,2022-02-28 04:08:41.009995008,419.64993,0.0
2022-02-28,11.439841,106.69881,2022-02-28 04:08:41.235019008,420.0926,0.0
2022-02-28,11.492556,106.693634,2022-02-28 04:08:41.289011968,418.9677,0.0
2022-02-28,11.519132,106.69098,2022-02-28 04:08:41.316008448,419.7431,0.0
2022-02-28,11.545986,106.68815,2022-02-28 04:08:41.343004672,419.58337,0.0
2022-02-28,11.512622,106.713264,2022-02-28 04:08:42.009989632,420.32886,0.0
2022-02-28,11.31191,106.74307,2022-02-28 04:08:42.154024192,420.04266,0.0
2022-03-01,22.541666,104.346146,2022-03-01 03:17:32.027003648,417.57053,0.0
2022-03-04,10.916998,106.582436,2022-03-04 02:32:13.812014848,420.33212,0.0
2022-03-04,10.862543,106.5824,2022-03-04 02:32:14.758016512,419.53433,0.0
2022-03-04,10.833408,106.64548,2022-03-04 02:32:15.478994432,421.3362,0.0
2022-03-04,10.795739,106.632835,2022-03-04 02:32:16.091020544,420.04745,0.0
2022-03-04,10.764518,106.676956,2022-03-04 02:32:16.785001984,421.0561,0.0
2022-03-04,10.733123,106.7207,2022-03-04 02:32:17.479023616,420.18982,0.0
2022-03-04,11.1885395,106.45792,2022-03-04 02:32:31.064023552,422.02246,0.0
2022-03-04,11.155182,106.48346,2022-03-04 02:32:31.731008256,422.25427,0.0
2022-03-04,11.1384,106.49591,2022-03-04 02:32:32.064017920,422.75293,0.0
2022-03-04,11.116238,106.492386,2022-03-04 02:32:32.370996736,422.5745,0.0
2022-03-04,11.116592,106.55369,2022-03-04 02:32:32.784995840,421.53094,0.0
2022-03-04,11.082783,106.517494,2022-03-04 02:32:33.037016064,421.8867,0.0
2022-03-04,11.099941,106.56647,2022-03-04 02:32:33.118005248,422.42456,0.0
2022-03-04,11.054782,106.497406,2022-03-04 02:32:33.316998400,421.4552,0.0
2022-03-04,11.060496,106.513855,2022-03-04 02:32:33.343994880,421.46954,0.0
2022-03-04,11.07175,106.54649,2022-03-04 02:32:33.397987840,422.5622,0.0
2022-03-04,11.083195,106.579,2022-03-04 02:32:33.452020992,422.608,0.0
2022-03-04,11.088882,106.59519,2022-03-04 02:32:33.479017216,422.41052,0.0
2022-03-04,11.032426,106.493546,2022-03-04 02:32:33.623011584,421.41092,0.0
2022-03-04,11.0665045,106.5918,2022-03-04 02:32:33.784990208,421.35553,0.0
2022-03-04,11.015776,106.506226,2022-03-04 02:32:33.956021248,421.81738,0.0
2022-03-04,11.02144,106.52275,2022-03-04 02:32:33.983017984,421.72745,0.0
2022-03-04,11.038464,106.572014,2022-03-04 02:32:34.064007168,423.1579,0.0
2022-03-04,11.0102625,106.55156,2022-03-04 02:32:34.343989248,422.09406,0.0
2022-03-04,11.015906,106.567955,2022-03-04 02:32:34.370985984,421.7397,0.0
2022-03-04,10.993528,106.56417,2022-03-04 02:32:34.676999168,421.53012,0.0
2022-03-04,11.010545,106.61317,2022-03-04 02:32:34.757988352,423.56354,0.0
2022-03-04,10.971176,106.5602,2022-03-04 02:32:34.983012352,421.81848,0.0
2022-03-04,10.988199,106.60937,2022-03-04 02:32:35.064001536,422.50354,0.0
2022-03-04,10.993862,106.62564,2022-03-04 02:32:35.090998272,423.95892,0.0
2022-03-04,10.948772,106.55617,2022-03-04 02:32:35.289991168,420.85892,0.0
2022-03-04,10.965735,106.60542,2022-03-04 02:32:35.371020800,421.44995,0.0
2022-03-04,10.915346,106.58131,2022-03-04 02:32:35.956010496,421.25638,0.0
2022-03-04,10.920968,106.597786,2022-03-04 02:32:35.983006976,422.0478,0.0
2022-03-04,10.881907,106.60631,2022-03-04 02:32:36.622995456,420.53006,0.0
2022-03-04,10.865214,106.618996,2022-03-04 02:32:36.956005120,420.35052,0.0
2022-03-04,10.798371,106.66942,2022-03-04 02:32:38.290015232,421.36902,0.0
2022-03-04,10.787276,106.69859,2022-03-04 02:32:38.650021376,421.28983,0.0
2022-03-04,10.764859,106.694176,2022-03-04 02:32:38.955994112,420.9366,0.0
2022-03-04,10.804539,106.808716,2022-03-04 02:32:39.145009408,420.40714,0.0
2022-03-04,10.770708,106.7726,2022-03-04 02:32:39.397995520,419.85422,0.0
2022-03-04,10.776385,106.78887,2022-03-04 02:32:39.424991744,421.7332,0.0
2022-03-04,10.782078,106.8051,2022-03-04 02:32:39.451988224,420.14114,0.0
2022-03-04,10.68742,106.89642,2022-03-04 02:32:41.479014144,419.7543,0.0
2022-03-04,11.224176,106.526596,2022-03-04 02:32:59.290021888,420.29,0.0
2022-03-04,11.303345,106.579796,2022-03-04 02:32:59.452000512,420.72574,0.0
2022-03-04,11.260244,106.57473,2022-03-04 02:32:59.731017472,420.4405,0.0
2022-03-04,11.273437,106.583595,2022-03-04 02:32:59.758013696,419.83597,0.0
2022-03-04,11.286661,106.59226,2022-03-04 02:32:59.785010432,419.79633,0.0
2022-03-04,11.203877,106.56086,2022-03-04 02:32:59.982997504,420.55,0.0
2022-03-04,11.217094,106.56973,2022-03-04 02:33:00.009993984,421.691,0.0
2022-03-04,11.256718,106.59625,2022-03-04 02:33:00.091023360,419.49704,0.0
2022-03-04,11.187123,106.57345,2022-03-04 02:33:00.317012992,420.2804,0.0
2022-03-04,11.200339,106.58234,2022-03-04 02:33:00.344009472,421.28668,0.0
2022-03-04,11.213545,106.59125,2022-03-04 02:33:00.371005696,420.9755,0.0
2022-03-04,11.239987,106.608795,2022-03-04 02:33:00.424998656,419.50238,0.0
2022-03-04,11.170546,106.58592,2022-03-04 02:33:00.650022400,420.56644,0.0
2022-03-04,11.210135,106.61259,2022-03-04 02:33:00.731011840,420.27213,0.0
2022-03-04,11.153711,106.59857,2022-03-04 02:33:00.982992128,421.19232,0.0
2022-03-04,11.166905,106.60752,2022-03-04 02:33:01.009988608,420.01776,0.0
2022-03-04,11.193296,106.62529,2022-03-04 02:33:01.064021504,420.91827,0.0
2022-03-04,11.13695,106.61122,2022-03-04 02:33:01.317007616,420.1286,0.0
2022-03-04,11.150155,106.62019,2022-03-04 02:33:01.344003840,419.8487,0.0
2022-03-04,11.133472,106.632576,2022-03-04 02:33:01.677013760,420.2399,0.0
2022-03-04,11.146668,106.64148,2022-03-04 02:33:01.704009984,420.5985,0.0
2022-03-04,11.116768,106.64509,2022-03-04 02:33:02.010023424,419.63068,0.0
2022-03-04,11.129984,106.65393,2022-03-04 02:33:02.037019648,420.1,0.0
2022-03-04,11.14319,106.66279,2022-03-04 02:33:02.064016128,420.6312,0.0
2022-03-04,11.156383,106.67165,2022-03-04 02:33:02.091012352,420.515,0.0
2022-03-04,11.169583,106.68045,2022-03-04 02:33:02.118009088,420.60703,0.0
2022-03-04,11.182794,106.68918,2022-03-04 02:33:02.145005568,420.54517,0.0
2022-03-04,11.100014,106.65789,2022-03-04 02:33:02.343998464,419.57324,0.0
2022-03-04,11.126439,106.67551,2022-03-04 02:33:02.397991424,421.40253,0.0
2022-03-04,11.139668,106.68418,2022-03-04 02:33:02.424987904,419.8544,0.0
2022-03-04,11.1528845,106.6929,2022-03-04 02:33:02.452024576,420.67184,0.0
2022-03-04,11.166082,106.701645,2022-03-04 02:33:02.479021056,420.91034,0.0
2022-03-04,11.0832205,106.670395,2022-03-04 02:33:02.677008128,420.71198,0.0
2022-03-04,11.122904,106.696754,2022-03-04 02:33:02.757997568,419.64423,0.0
2022-03-04,11.136129,106.70549,2022-03-04 02:33:02.784993792,419.87933,0.0
2022-03-04,11.06299,106.70451,2022-03-04 02:33:03.370989568,420.26727,0.0
2022-03-04,11.082339,106.764595,2022-03-04 02:33:04.144994816,420.46313,0.0
2022-03-04,10.923057,106.75285,2022-03-04 02:33:05.289989376,420.09348,0.0
2022-03-04,10.856069,106.80301,2022-03-04 02:33:06.622993664,420.1289,0.0
2022-03-04,10.869234,106.81205,2022-03-04 02:33:06.649990144,419.9586,0.0
2022-03-04,10.640833,107.0394,2022-03-04 02:33:12.064002048,419.45013,0.0
2022-03-04,10.637292,107.06062,2022-03-04 02:33:12.425014016,418.73975,0.0
2022-03-04,10.607355,107.064285,2022-03-04 02:33:12.730987008,419.51108,0.0
2022-03-04,11.526506,106.530716,2022-03-04 02:33:18.425021696,420.5249,0.0
2022-03-04,11.204446,106.68402,2022-03-04 02:33:22.955996928,421.59012,0.0
2022-03-04,11.104023,106.75936,2022-03-04 02:33:24.956026368,420.18887,0.0
2022-03-04,11.122188,106.78145,2022-03-04 02:33:25.343994624,421.25092,0.0
2022-03-04,10.688067,107.14142,2022-03-04 02:33:34.730988544,418.94986,0.0
2022-03-04,10.653641,107.14942,2022-03-04 02:33:35.037001728,419.31528,0.0
2022-03-08,11.195433,106.20195,2022-03-08 00:56:34.752015104,417.11963,0.0
2022-03-08,11.19202,106.224884,2022-03-08 00:56:34.779011840,417.10522,0.0
2022-03-08,11.196327,106.10038,2022-03-08 00:56:34.950002432,418.03366,0.0
2022-03-08,11.185608,106.16897,2022-03-08 00:56:35.030991872,418.06018,0.0
2022-03-08,11.182243,106.19187,2022-03-08 00:56:35.057988096,417.5781,0.0
2022-03-08,11.178949,106.21473,2022-03-08 00:56:35.085024768,418.30887,0.0
2022-03-08,11.1833105,106.090004,2022-03-08 00:56:35.257021440,418.11005,0.0
2022-03-08,11.179554,106.112785,2022-03-08 00:56:35.284017920,417.91226,0.0
2022-03-08,11.165396,106.20427,2022-03-08 00:56:35.392003584,419.22226,0.0
2022-03-08,11.161906,106.22723,2022-03-08 00:56:35.419000064,418.02097,0.0
2022-03-08,11.158666,106.25018,2022-03-08 00:56:35.445996544,417.72086,0.0
2022-03-08,11.166778,106.10301,2022-03-08 00:56:35.589990912,418.20526,0.0
2022-03-08,11.163126,106.1258,2022-03-08 00:56:35.617027584,418.8184,0.0
2022-03-08,11.159466,106.14862,2022-03-08 00:56:35.644023808,418.88928,0.0
2022-03-08,11.145517,106.240036,2022-03-08 00:56:35.752009984,418.2231,0.0
2022-03-08,11.142127,106.262955,2022-03-08 00:56:35.779006208,417.6636,0.0
2022-03-08,11.150003,106.115585,2022-03-08 00:56:35.923000576,418.19827,0.0
2022-03-08,11.146285,106.13835,2022-03-08 00:56:35.949997056,417.87085,0.0
2022-03-08,11.142752,106.16112,2022-03-08 00:56:35.976993536,417.8546,0.0
2022-03-08,11.139175,106.18393,2022-03-08 00:56:36.003990016,417.30695,0.0
2022-03-08,11.125335,106.27547,2022-03-08 00:56:36.112015616,418.66364,0.0
2022-03-08,11.133053,106.12811,2022-03-08 00:56:36.257016064,418.4481,0.0
2022-03-08,11.129262,106.15089,2022-03-08 00:56:36.284012544,418.14728,0.0
2022-03-08,11.125627,106.17369,2022-03-08 00:56:36.311009024,417.4309,0.0
2022-03-08,11.121883,106.19655,2022-03-08 00:56:36.338005248,418.20673,0.0
2022-03-08,11.108122,106.28815,2022-03-08 00:56:36.445990912,418.14487,0.0
2022-03-08,11.116601,106.14078,2022-03-08 00:56:36.590025728,418.4468,0.0
2022-03-08,11.112946,106.163536,2022-03-08 00:56:36.617021952,418.0689,0.0
2022-03-08,11.109309,106.186325,2022-03-08 00:56:36.644018688,418.39633,0.0
2022-03-08,11.09874,106.254845,2022-03-08 00:56:36.725008128,418.35965,0.0
2022-03-08,11.095329,106.27774,2022-03-08 00:56:36.752004352,418.0497,0.0
2022-03-08,11.092072,106.30065,2022-03-08 00:56:36.779000832,418.54678,0.0
2022-03-08,11.089047,106.221756,2022-03-08 00:56:37.004024832,418.4948,0.0
2022-03-08,11.078707,106.29039,2022-03-08 00:56:37.085013760,417.69785,0.0
2022-03-08,11.075321,106.31334,2022-03-08 00:56:37.112010496,417.77295,0.0
2022-03-08,11.076013,106.21163,2022-03-08 00:56:37.311003392,418.31738,0.0
2022-03-08,11.062,106.303,2022-03-08 00:56:37.418989056,418.52502,0.0
2022-03-08,11.058733,106.325905,2022-03-08 00:56:37.446025728,417.67215,0.0
2022-03-08,11.062971,106.20135,2022-03-08 00:56:37.617016832,418.5412,0.0
2022-03-08,11.059326,106.22412,2022-03-08 00:56:37.644013056,418.86304,0.0
2022-03-08,11.04873,106.29265,2022-03-08 00:56:37.725002496,417.77493,0.0
2022-03-08,11.045309,106.315544,2022-03-08 00:56:37.751998976,418.46982,0.0
2022-03-08,11.042043,106.33846,2022-03-08 00:56:37.778995200,418.01715,0.0
2022-03-08,11.050023,106.19122,2022-03-08 00:56:37.922989824,418.11044,0.0
2022-03-08,11.046333,106.213974,2022-03-08 00:56:37.950026496,417.25528,0.0
2022-03-08,11.0321245,106.30527,2022-03-08 00:56:38.058011904,418.49167,0.0
2022-03-08,11.033488,106.20422,2022-03-08 00:56:38.257005312,419.13974,0.0
2022-03-08,11.029775,106.226944,2022-03-08 00:56:38.284001536,418.05283,0.0
2022-03-08,11.026107,106.249664,2022-03-08 00:56:38.310998016,419.0941,0.0
2022-03-08,11.022494,106.272415,2022-03-08 00:56:38.337994496,418.12534,0.0
2022-03-08,11.019001,106.29519,2022-03-08 00:56:38.364990976,418.7017,0.0
2022-03-08,11.015434,106.31801,2022-03-08 00:56:38.391987200,418.66415,0.0
2022-03-08,11.016774,106.21662,2022-03-08 00:56:38.590014976,417.9539,0.0
2022-03-08,11.00596,106.28504,2022-03-08 00:56:38.671004416,417.9537,0.0
2022-03-08,11.002424,106.30782,2022-03-08 00:56:38.698000640,418.11365,0.0
2022-03-08,10.99891,106.33063,2022-03-08 00:56:38.724997120,418.39478,0.0
2022-03-08,11.000013,106.22909,2022-03-08 00:56:38.923024640,417.909,0.0
2022-03-08,10.989283,106.297585,2022-03-08 00:56:39.004013824,417.0898,0.0
2022-03-08,10.985785,106.32047,2022-03-08 00:56:39.031010048,418.56778,0.0
2022-03-08,10.982276,106.34341,2022-03-08 00:56:39.058006784,418.30707,0.0
2022-03-08,10.978826,106.36631,2022-03-08 00:56:39.085003264,417.48483,0.0
2022-03-08,10.983546,106.24189,2022-03-08 00:56:39.256999680,417.7519,0.0
2022-03-08,10.969085,106.3331,2022-03-08 00:56:39.365025792,418.88025,0.0
2022-03-08,10.965599,106.35598,2022-03-08 00:56:39.392022016,417.3193,0.0
2022-03-08,10.958795,106.40183,2022-03-08 00:56:39.446015232,418.10626,0.0
2022-03-08,10.955803,106.3225,2022-03-08 00:56:39.670998784,417.91998,0.0
2022-03-08,10.952248,106.34538,2022-03-08 00:56:39.697995264,417.94275,0.0
2022-03-08,10.948812,106.368286,2022-03-08 00:56:39.724991488,418.1199,0.0
2022-03-08,10.945433,106.39122,2022-03-08 00:56:39.751987968,417.2192,0.0
2022-03-08,10.94201,106.4142,2022-03-08 00:56:39.779024640,417.47864,0.0
2022-03-08,10.939227,106.33544,2022-03-08 00:56:40.004008192,418.36786,0.0
2022-03-08,10.935649,106.35828,2022-03-08 00:56:40.031004928,418.12726,0.0
2022-03-08,10.932223,106.38112,2022-03-08 00:56:40.058001152,418.35284,0.0
2022-03-08,10.928755,106.404,2022-03-08 00:56:40.084997632,417.2659,0.0
2022-03-08,10.92544,106.42689,2022-03-08 00:56:40.111994368,418.15524,0.0
2022-03-08,10.929722,106.30233,2022-03-08 00:56:40.283990784,417.8673,0.0
2022-03-08,10.926071,106.3251,2022-03-08 00:56:40.311027456,418.73453,0.0
2022-03-08,10.922477,106.34791,2022-03-08 00:56:40.338023936,418.15482,0.0
2022-03-08,10.918937,106.370735,2022-03-08 00:56:40.365020160,418.0855,0.0
2022-03-08,10.915452,106.3936,2022-03-08 00:56:40.392016896,417.69406,0.0
2022-03-08,10.912024,106.41649,2022-03-08 00:56:40.419013376,418.3351,0.0
2022-03-08,10.909466,106.33792,2022-03-08 00:56:40.643996928,417.8938,0.0
2022-03-08,10.9058695,106.360725,2022-03-08 00:56:40.670993408,417.8879,0.0
2022-03-08,10.902316,106.383514,2022-03-08 00:56:40.697989632,418.09653,0.0
2022-03-08,10.89885,106.406334,2022-03-08 00:56:40.724986112,417.90503,0.0
2022-03-08,10.895441,106.42918,2022-03-08 00:56:40.752022784,418.2398,0.0
2022-03-08,10.891989,106.45207,2022-03-08 00:56:40.779019264,417.9576,0.0
2022-03-08,10.892804,106.35041,2022-03-08 00:56:40.977006336,417.93265,0.0
2022-03-08,10.889253,106.37323,2022-03-08 00:56:41.004003072,417.46387,0.0
2022-03-08,10.885693,106.396095,2022-03-08 00:56:41.030999296,417.69675,0.0
2022-03-08,10.882253,106.418976,2022-03-08 00:56:41.057995776,417.55222,0.0
2022-03-08,10.878815,106.44185,2022-03-08 00:56:41.084992512,418.42258,0.0
2022-03-08,10.875426,106.46474,2022-03-08 00:56:41.111988736,418.8335,0.0
2022-03-08,10.876148,106.363,2022-03-08 00:56:41.311022080,418.02203,0.0
2022-03-08,10.872565,106.38582,2022-03-08 00:56:41.338018304,417.43442,0.0
2022-03-08,10.865566,106.43155,2022-03-08 00:56:41.392011520,418.38187,0.0
2022-03-08,10.862149,106.45446,2022-03-08 00:56:41.419007744,418.22852,0.0
2022-03-08,10.8587885,106.477394,2022-03-08 00:56:41.446004224,418.5607,0.0
2022-03-08,10.863146,106.352844,2022-03-08 00:56:41.616995072,417.22964,0.0
2022-03-08,10.85947,106.37558,2022-03-08 00:56:41.643991552,418.06772,0.0
2022-03-08,10.855862,106.39837,2022-03-08 00:56:41.671028224,417.8383,0.0
2022-03-08,10.852341,106.42125,2022-03-08 00:56:41.698024448,417.96173,0.0
2022-03-08,10.848875,106.44416,2022-03-08 00:56:41.725020928,418.0195,0.0
2022-03-08,10.845466,106.46711,2022-03-08 00:56:41.752017408,418.9514,0.0
2022-03-08,10.842112,106.49008,2022-03-08 00:56:41.779013888,418.4855,0.0
2022-03-08,10.846549,106.36565,2022-03-08 00:56:41.950004480,416.9621,0.0
2022-03-08,10.842859,106.38834,2022-03-08 00:56:41.977001216,417.76755,0.0
2022-03-08,10.835646,106.43382,2022-03-08 00:56:42.030993920,417.82193,0.0
2022-03-08,10.832122,106.45661,2022-03-08 00:56:42.057990656,418.29303,0.0
2022-03-08,10.82872,106.4795,2022-03-08 00:56:42.084986880,419.0268,0.0
2022-03-08,10.825317,106.50244,2022-03-08 00:56:42.112023552,418.85913,0.0
2022-03-08,10.829826,106.37819,2022-03-08 00:56:42.284020224,417.21304,0.0
2022-03-08,10.826141,106.40092,2022-03-08 00:56:42.311016448,417.89087,0.0
2022-03-08,10.822512,106.42367,2022-03-08 00:56:42.338013184,417.86597,0.0
2022-03-08,10.818937,106.44645,2022-03-08 00:56:42.365009664,418.0912,0.0
2022-03-08,10.815417,106.46926,2022-03-08 00:56:42.392005888,417.89343,0.0
2022-03-08,10.811954,106.4921,2022-03-08 00:56:42.419002368,418.40775,0.0
2022-03-08,10.808578,106.51498,2022-03-08 00:56:42.445998592,418.4526,0.0
2022-03-08,10.809417,106.41341,2022-03-08 00:56:42.644026368,418.11508,0.0
2022-03-08,10.8058195,106.43621,2022-03-08 00:56:42.671022592,417.67627,0.0
2022-03-08,10.802272,106.459045,2022-03-08 00:56:42.698019072,418.41852,0.0
2022-03-08,10.798844,106.4819,2022-03-08 00:56:42.725015552,418.48187,0.0
2022-03-08,10.800212,106.38065,2022-03-08 00:56:42.923002624,416.37378,0.0
2022-03-08,10.792811,106.42614,2022-03-08 00:56:42.976995584,417.1326,0.0
2022-03-08,10.789236,106.44892,2022-03-08 00:56:43.003992064,417.9938,0.0
2022-03-08,10.775366,106.54034,2022-03-08 00:56:43.112018176,419.05164,0.0
2022-03-08,10.776163,106.438614,2022-03-08 00:56:43.311011328,417.21158,0.0
2022-03-08,10.772551,106.4614,2022-03-08 00:56:43.338007808,419.6448,0.0
2022-03-08,10.758655,106.55284,2022-03-08 00:56:43.445993472,418.87848,0.0
2022-03-08,10.766845,106.40572,2022-03-08 00:56:43.589987840,416.83664,0.0
2022-03-08,10.76312,106.42845,2022-03-08 00:56:43.617024512,417.90912,0.0
2022-03-08,10.759449,106.4512,2022-03-08 00:56:43.644020736,418.0978,0.0
2022-03-08,10.755841,106.47398,2022-03-08 00:56:43.671017216,418.4339,0.0
2022-03-08,10.752307,106.49682,2022-03-08 00:56:43.698013696,419.14218,0.0
2022-03-08,10.745406,106.54258,2022-03-08 00:56:43.752006656,419.2298,0.0
2022-03-08,10.74204,106.565506,2022-03-08 00:56:43.779003136,418.67737,0.0
2022-03-08,10.746517,106.44109,2022-03-08 00:56:43.949993728,417.65732,0.0
2022-03-08,10.742825,106.463806,2022-03-08 00:56:43.976990208,417.7616,0.0
2022-03-08,10.739185,106.48655,2022-03-08 00:56:44.004026880,418.5354,0.0
2022-03-08,10.735602,106.50933,2022-03-08 00:56:44.031023616,418.5189,0.0
2022-03-08,10.732075,106.532135,2022-03-08 00:56:44.058019840,418.5903,0.0
2022-03-08,10.728635,106.555016,2022-03-08 00:56:44.085016320,419.39648,0.0
2022-03-08,10.725259,106.57794,2022-03-08 00:56:44.112012544,419.17993,0.0
2022-03-08,10.733536,106.43099,2022-03-08 00:56:44.257012736,417.1252,0.0
2022-03-08,10.729834,106.4537,2022-03-08 00:56:44.284009472,418.26828,0.0
2022-03-08,10.726151,106.476425,2022-03-08 00:56:44.311005952,418.10474,0.0
2022-03-08,10.722525,106.499176,2022-03-08 00:56:44.338002176,417.01788,0.0
2022-03-08,10.718953,106.521965,2022-03-08 00:56:44.364998656,417.5126,0.0
2022-03-08,10.715437,106.54478,2022-03-08 00:56:44.391994880,418.80182,0.0
2022-03-08,10.711976,106.56762,2022-03-08 00:56:44.418991616,419.21503,0.0
2022-03-08,10.7085705,106.5905,2022-03-08 00:56:44.445987840,419.32376,0.0
2022-03-08,10.709541,106.48917,2022-03-08 00:56:44.644015360,418.75726,0.0
2022-03-08,10.702364,106.534744,2022-03-08 00:56:44.698008320,418.85104,0.0
2022-03-08,10.698844,106.55755,2022-03-08 00:56:44.725004800,419.50653,0.0
2022-03-08,10.69538,106.58038,2022-03-08 00:56:44.752001280,418.0483,0.0
2022-03-08,10.691971,106.60325,2022-03-08 00:56:44.778997760,418.57184,0.0
2022-03-08,10.696512,106.4789,2022-03-08 00:56:44.949988352,417.4445,0.0
2022-03-08,10.692863,106.50168,2022-03-08 00:56:44.977025024,418.3209,0.0
2022-03-08,10.689271,106.52448,2022-03-08 00:56:45.004021760,417.6288,0.0
2022-03-08,10.685733,106.547325,2022-03-08 00:56:45.031017984,418.04788,0.0
2022-03-08,10.682251,106.57019,2022-03-08 00:56:45.058014464,417.9178,0.0
2022-03-08,10.678784,106.59303,2022-03-08 00:56:45.085010688,418.3871,0.0
2022-03-08,10.675364,106.6159,2022-03-08 00:56:45.112007168,418.7629,0.0
2022-03-08,10.683474,106.46864,2022-03-08 00:56:45.257007616,418.3402,0.0
2022-03-08,10.679752,106.491356,2022-03-08 00:56:45.284004096,417.5722,0.0
2022-03-08,10.676099,106.51412,2022-03-08 00:56:45.311000320,418.83725,0.0
2022-03-08,10.672501,106.53691,2022-03-08 00:56:45.337996800,418.40167,0.0
2022-03-08,10.668959,106.55973,2022-03-08 00:56:45.364993024,418.31955,0.0
2022-03-08,10.665471,106.58258,2022-03-08 00:56:45.391989760,418.5412,0.0
2022-03-08,10.66204,106.60546,2022-03-08 00:56:45.418985984,418.6435,0.0
2022-03-08,10.658664,106.628365,2022-03-08 00:56:45.446022656,418.60962,0.0
2022-03-08,10.666978,106.481415,2022-03-08 00:56:45.590017024,417.00308,0.0
2022-03-08,10.663257,106.50415,2022-03-08 00:56:45.617013504,418.51953,0.0
2022-03-08,10.659591,106.52692,2022-03-08 00:56:45.644009984,418.56885,0.0
2022-03-08,10.655978,106.549706,2022-03-08 00:56:45.671006464,418.37952,0.0
2022-03-08,10.652415,106.5725,2022-03-08 00:56:45.698002688,417.7006,0.0
2022-03-08,10.648908,106.59533,2022-03-08 00:56:45.724999424,418.40726,0.0
2022-03-08,10.645455,106.61819,2022-03-08 00:56:45.751995904,418.47366,0.0
2022-03-08,10.642059,106.641075,2022-03-08 00:56:45.778992128,418.6627,0.0
2022-03-08,10.650273,106.493965,2022-03-08 00:56:45.923026688,417.85962,0.0
2022-03-08,10.646518,106.516655,2022-03-08 00:56:45.950023168,417.6,0.0
2022-03-08,10.642817,106.539375,2022-03-08 00:56:45.977019904,418.00818,0.0
2022-03-08,10.639172,106.56212,2022-03-08 00:56:46.004016128,419.4754,0.0
2022-03-08,10.635581,106.5849,2022-03-08 00:56:46.031012608,418.527,0.0
2022-03-08,10.632046,106.607704,2022-03-08 00:56:46.058008832,418.47485,0.0
2022-03-08,10.628591,106.630554,2022-03-08 00:56:46.085005312,418.43677,0.0
2022-03-08,10.625197,106.65344,2022-03-08 00:56:46.112001792,419.39252,0.0
2022-03-08,10.633504,106.50636,2022-03-08 00:56:46.257002240,417.34732,0.0
2022-03-08,10.629782,106.52911,2022-03-08 00:56:46.283998464,417.94897,0.0
2022-03-08,10.626118,106.55192,2022-03-08 00:56:46.310994944,418.562,0.0
2022-03-08,10.622509,106.574745,2022-03-08 00:56:46.337991168,418.6941,0.0
2022-03-08,10.618955,106.5976,2022-03-08 00:56:46.365027840,418.65408,0.0
2022-03-08,10.615458,106.62049,2022-03-08 00:56:46.392024576,418.67123,0.0
2022-03-08,10.612015,106.64342,2022-03-08 00:56:46.419020800,418.22107,0.0
2022-03-08,10.6168585,106.519165,2022-03-08 00:56:46.590011648,418.62302,0.0
2022-03-08,10.613112,106.54183,2022-03-08 00:56:46.617008128,418.78076,0.0
2022-03-08,10.609421,106.56453,2022-03-08 00:56:46.644004608,418.67224,0.0
2022-03-08,10.605788,106.587265,2022-03-08 00:56:46.671000832,417.98566,0.0
2022-03-08,10.6022215,106.61006,2022-03-08 00:56:46.697997568,418.4876,0.0
2022-03-08,10.59871,106.63288,2022-03-08 00:56:46.724994048,418.74652,0.0
2022-03-08,10.595254,106.65574,2022-03-08 00:56:46.751990272,418.47275,0.0
2022-03-08,10.6001625,106.531654,2022-03-08 00:56:46.923021312,417.9821,0.0
2022-03-08,10.596434,106.55438,2022-03-08 00:56:46.950018048,418.52277,0.0
2022-03-08,10.592759,106.57715,2022-03-08 00:56:46.977014272,419.0449,0.0
2022-03-08,10.58914,106.599945,2022-03-08 00:56:47.004010752,418.91324,0.0
2022-03-08,10.585576,106.622765,2022-03-08 00:56:47.031006976,418.83368,0.0
2022-03-08,10.578552,106.66847,2022-03-08 00:56:47.084999936,418.45944,0.0
2022-03-08,10.575201,106.69133,2022-03-08 00:56:47.111996416,419.18558,0.0
2022-03-08,10.58348,106.54421,2022-03-08 00:56:47.256996608,418.70895,0.0
2022-03-08,10.579736,106.56692,2022-03-08 00:56:47.283993088,418.26996,0.0
2022-03-08,10.576044,106.589645,2022-03-08 00:56:47.310989312,418.26596,0.0
2022-03-08,10.572408,106.61241,2022-03-08 00:56:47.338025984,418.77252,0.0
2022-03-08,10.568827,106.63521,2022-03-08 00:56:47.365022720,419.1927,0.0
2022-03-08,10.566792,106.55686,2022-03-08 00:56:47.590006272,418.42694,0.0
2022-03-08,10.563069,106.5796,2022-03-08 00:56:47.617002752,418.3832,0.0
2022-03-08,10.559402,106.602356,2022-03-08 00:56:47.643998976,417.52448,0.0
2022-03-08,10.555783,106.62513,2022-03-08 00:56:47.670995712,417.69244,0.0
2022-03-08,10.545205,106.69358,2022-03-08 00:56:47.752025088,419.0751,0.0
2022-03-08,10.546345,106.592026,2022-03-08 00:56:47.950012416,418.17914,0.0
2022-03-08,10.542662,106.614716,2022-03-08 00:56:47.977008896,419.01038,0.0
2022-03-08,10.539035,106.63744,2022-03-08 00:56:48.004005120,418.58582,0.0
2022-03-08,10.535463,106.660194,2022-03-08 00:56:48.031001600,418.97977,0.0
2022-03-08,10.531946,106.682976,2022-03-08 00:56:48.057998080,419.44113,0.0
2022-03-08,10.528486,106.70584,2022-03-08 00:56:48.084994560,419.9449,0.0
2022-03-08,10.533424,106.58187,2022-03-08 00:56:48.256991232,419.12946,0.0
2022-03-08,10.529691,106.60458,2022-03-08 00:56:48.283987456,418.61234,0.0
2022-03-08,10.526015,106.62731,2022-03-08 00:56:48.311024128,418.4868,0.0
2022-03-08,10.52234,106.650085,2022-03-08 00:56:48.338020864,418.2156,0.0
2022-03-08,10.51883,106.67287,2022-03-08 00:56:48.365017088,418.7765,0.0
2022-03-08,10.515321,106.69569,2022-03-08 00:56:48.392013568,419.5778,0.0
2022-03-08,10.516784,106.59452,2022-03-08 00:56:48.590000896,418.59134,0.0
2022-03-08,10.513037,106.61724,2022-03-08 00:56:48.616997120,418.35355,0.0
2022-03-08,10.509345,106.63999,2022-03-08 00:56:48.643993856,418.64294,0.0
2022-03-08,10.50211,106.68556,2022-03-08 00:56:48.698027008,417.52197,0.0
2022-03-08,10.500061,106.6071,2022-03-08 00:56:48.923010560,418.00864,0.0
2022-03-08,10.496299,106.629776,2022-03-08 00:56:48.950007040,418.7425,0.0
2022-03-08,10.472221,106.687706,2022-03-08 00:56:49.338015232,418.26215,0.0
2022-03-08,10.435369,106.73583,2022-03-08 00:56:50.030990848,417.84387,0.0
2022-03-08,10.425757,106.702576,2022-03-08 00:56:50.311013376,418.87442,0.0
2022-03-08,10.422138,106.72536,2022-03-08 00:56:50.338009856,418.76202,0.0
2022-03-08,10.418574,106.74817,2022-03-08 00:56:50.365006336,418.74014,0.0
2022-03-08,10.416644,106.66994,2022-03-08 00:56:50.589990144,418.46497,0.0
2022-03-08,10.412901,106.69264,2022-03-08 00:56:50.617026816,418.7402,0.0
2022-03-08,10.409212,106.715385,2022-03-08 00:56:50.644023296,418.07425,0.0
2022-03-08,10.405581,106.73815,2022-03-08 00:56:50.671019520,418.2926,0.0
2022-03-08,10.402016,106.76095,2022-03-08 00:56:50.698016000,417.40686,0.0
2022-03-08,10.400052,106.68262,2022-03-08 00:56:50.922999552,418.53192,0.0
2022-03-08,10.396279,106.70528,2022-03-08 00:56:50.949996032,418.21826,0.0
2022-03-08,10.392562,106.727974,2022-03-08 00:56:50.976992512,418.5353,0.0
2022-03-08,10.3889,106.750694,2022-03-08 00:56:51.003988992,418.1616,0.0
2022-03-08,10.38315,106.69488,2022-03-08 00:56:51.257015296,418.14703,0.0
2022-03-08,10.37941,106.71758,2022-03-08 00:56:51.284011520,418.77963,0.0
2022-03-08,10.375734,106.740326,2022-03-08 00:56:51.311008000,417.9586,0.0
2022-03-08,10.366565,106.70758,2022-03-08 00:56:51.590024960,417.75653,0.0
2022-03-08,10.3628,106.73026,2022-03-08 00:56:51.617021440,418.30807,0.0
2022-03-08,11.407531,106.190704,2022-03-08 00:56:53.751992576,418.3897,0.0
2022-03-08,11.393295,106.221176,2022-03-08 00:56:54.111998464,417.98215,0.0
2022-03-08,11.374377,106.21504,2022-03-08 00:56:54.419017728,418.0363,0.0
2022-03-08,11.249362,106.24565,2022-03-08 00:56:56.671027200,417.57877,0.0
2022-03-08,11.225598,106.20014,2022-03-08 00:56:56.923007488,418.1002,0.0
2022-03-08,11.228106,106.21955,2022-03-08 00:56:56.950003968,417.6888,0.0
2022-03-08,11.230644,106.23894,2022-03-08 00:56:56.977000192,418.03726,0.0
2022-03-08,11.233194,106.258286,2022-03-08 00:56:57.003996672,418.3854,0.0
2022-03-08,11.23573,106.2776,2022-03-08 00:56:57.030992896,418.37292,0.0
2022-03-08,11.209202,106.212944,2022-03-08 00:56:57.257022976,418.7223,0.0
2022-03-08,11.211613,106.232376,2022-03-08 00:56:57.284019200,418.05182,0.0
2022-03-08,11.213984,106.25176,2022-03-08 00:56:57.311015680,418.1623,0.0
2022-03-08,11.21897,106.29045,2022-03-08 00:56:57.365008640,418.15057,0.0
2022-03-08,11.22413,106.32905,2022-03-08 00:56:57.419001600,418.74374,0.0
2022-03-08,11.226861,106.34833,2022-03-08 00:56:57.445998080,418.5098,0.0
2022-03-08,11.191952,106.22576,2022-03-08 00:56:57.589992192,417.65472,0.0
2022-03-08,11.194309,106.245186,2022-03-08 00:56:57.616988672,417.94205,0.0
2022-03-08,11.196761,106.26457,2022-03-08 00:56:57.644025344,417.63464,0.0
2022-03-08,11.199305,106.28392,2022-03-08 00:56:57.671021824,417.96243,0.0
2022-03-08,11.20187,106.30324,2022-03-08 00:56:57.698018304,418.27252,0.0
2022-03-08,11.204503,106.322525,2022-03-08 00:56:57.725014784,419.0735,0.0
2022-03-08,11.207122,106.34178,2022-03-08 00:56:57.752011008,418.92313,0.0
2022-03-08,11.209802,106.361,2022-03-08 00:56:57.779007488,419.00174,0.0
2022-03-08,11.180707,106.277084,2022-03-08 00:56:57.976994816,417.85516,0.0
2022-03-08,11.183262,106.29645,2022-03-08 00:56:58.003991040,418.27185,0.0
2022-03-08,11.185823,106.31575,2022-03-08 00:56:58.030987776,418.6402,0.0
2022-03-08,11.188495,106.33502,2022-03-08 00:56:58.058024448,418.61877,0.0
2022-03-08,11.191041,106.35426,2022-03-08 00:56:58.085020672,418.25427,0.0
2022-03-08,11.193708,106.37348,2022-03-08 00:56:58.112017152,418.17206,0.0
2022-03-08,11.159099,106.2507,2022-03-08 00:56:58.257017344,418.52777,0.0
2022-03-08,11.161481,106.27012,2022-03-08 00:56:58.284013824,418.204,0.0
2022-03-08,11.16387,106.2895,2022-03-08 00:56:58.311010304,418.72153,0.0
2022-03-08,11.166412,106.30885,2022-03-08 00:56:58.338006784,417.56598,0.0
2022-03-08,11.1689205,106.32817,2022-03-08 00:56:58.365003008,418.00546,0.0
2022-03-08,11.17148,106.34746,2022-03-08 00:56:58.391999744,418.3103,0.0
2022-03-08,11.174168,106.36672,2022-03-08 00:56:58.418995968,418.21207,0.0
2022-03-08,11.176706,106.38594,2022-03-08 00:56:58.445992448,418.1254,0.0
2022-03-08,11.141944,106.26315,2022-03-08 00:56:58.590027008,418.02887,0.0
2022-03-08,11.144321,106.28259,2022-03-08 00:56:58.617023488,418.01282,0.0
2022-03-08,11.146793,106.30201,2022-03-08 00:56:58.644019968,418.49646,0.0
2022-03-08,11.149348,106.32142,2022-03-08 00:56:58.671016448,418.3914,0.0
2022-03-08,11.151897,106.34081,2022-03-08 00:56:58.698012928,418.29337,0.0
2022-03-08,11.154529,106.360176,2022-03-08 00:56:58.725009152,417.1973,0.0
2022-03-08,11.157176,106.37951,2022-03-08 00:56:58.752005632,417.47354,0.0
2022-03-08,11.159823,106.39881,2022-03-08 00:56:58.779002112,419.14124,0.0
2022-03-08,11.125588,106.27622,2022-03-08 00:56:58.922996480,418.12512,0.0
2022-03-08,11.128142,106.29566,2022-03-08 00:56:58.949992960,418.1683,0.0
2022-03-08,11.130734,106.31507,2022-03-08 00:56:58.976989184,418.21088,0.0
2022-03-08,11.1384535,106.373085,2022-03-08 00:56:59.058018816,418.47882,0.0
2022-03-08,11.141134,106.392365,2022-03-08 00:56:59.085015296,418.15726,0.0
2022-03-08,11.143749,106.411606,2022-03-08 00:56:59.112012032,418.01962,0.0
2022-03-08,11.109145,106.288925,2022-03-08 00:56:59.257011968,417.52673,0.0
2022-03-08,11.111492,106.30835,2022-03-08 00:56:59.284008448,418.27734,0.0
2022-03-08,11.114006,106.32776,2022-03-08 00:56:59.311004928,418.99155,0.0
2022-03-08,11.116469,106.34712,2022-03-08 00:56:59.338001152,418.69916,0.0
2022-03-08,11.118957,106.366455,2022-03-08 00:56:59.364997888,418.829,0.0
2022-03-08,11.12151,106.38576,2022-03-08 00:56:59.391994112,418.36127,0.0
2022-03-08,11.124108,106.40501,2022-03-08 00:56:59.418990592,417.96906,0.0
2022-03-08,11.126722,106.42422,2022-03-08 00:56:59.445987072,418.4394,0.0
2022-03-08,11.091907,106.301186,2022-03-08 00:56:59.590021632,416.95578,0.0
2022-03-08,11.094387,106.32058,2022-03-08 00:56:59.617018112,418.35007,0.0
2022-03-08,11.096886,106.33994,2022-03-08 00:56:59.644014592,418.8749,0.0
2022-03-08,11.099424,106.35929,2022-03-08 00:56:59.671011072,418.6529,0.0
2022-03-08,11.102039,106.378624,2022-03-08 00:56:59.698007296,418.69098,0.0
2022-03-08,11.104662,106.39793,2022-03-08 00:56:59.725003776,418.51398,0.0
2022-03-08,11.1073065,106.4172,2022-03-08 00:56:59.752000256,418.94092,0.0
2022-03-08,11.109989,106.43644,2022-03-08 00:56:59.778996736,418.26712,0.0
2022-03-08,11.0756645,106.31392,2022-03-08 00:56:59.922991104,418.69644,0.0
2022-03-08,11.078118,106.33338,2022-03-08 00:56:59.950027776,417.67215,0.0
2022-03-08,11.080642,106.35282,2022-03-08 00:56:59.977024000,418.19556,0.0
2022-03-08,11.083166,106.372215,2022-03-08 00:57:00.004020736,417.91797,0.0
2022-03-08,11.085712,106.39155,2022-03-08 00:57:00.031016960,418.8492,0.0
2022-03-08,11.088282,106.41085,2022-03-08 00:57:00.058013440,418.05606,0.0
2022-03-08,11.090909,106.43011,2022-03-08 00:57:00.085010176,418.346,0.0
2022-03-08,11.093611,106.44934,2022-03-08 00:57:00.112006400,418.80954,0.0
2022-03-08,11.059015,106.3266,2022-03-08 00:57:00.257006592,418.02502,0.0
2022-03-08,11.061316,106.34599,2022-03-08 00:57:00.284003072,418.0999,0.0
2022-03-08,11.06374,106.36536,2022-03-08 00:57:00.310999296,417.60352,0.0
2022-03-08,11.066107,106.38468,2022-03-08 00:57:00.337996032,417.57037,0.0
2022-03-08,11.068559,106.403984,2022-03-08 00:57:00.364992256,418.2668,0.0
2022-03-08,11.071111,106.423256,2022-03-08 00:57:00.391988736,418.6179,0.0
2022-03-08,11.073672,106.44249,2022-03-08 00:57:00.419025408,418.84497,0.0
2022-03-08,11.076357,106.4617,2022-03-08 00:57:00.446021888,418.30313,0.0
2022-03-08,11.041869,106.339066,2022-03-08 00:57:00.590016256,417.37677,0.0
2022-03-08,11.044348,106.35848,2022-03-08 00:57:00.617012736,418.05362,0.0
2022-03-08,11.046875,106.37785,2022-03-08 00:57:00.644009216,418.15717,0.0
2022-03-08,11.049473,106.397194,2022-03-08 00:57:00.671005440,418.11075,0.0
2022-03-08,11.052113,106.41651,2022-03-08 00:57:00.698001920,418.5935,0.0
2022-03-08,11.05476,106.43579,2022-03-08 00:57:00.724998400,417.91452,0.0
2022-03-08,11.057446,106.45504,2022-03-08 00:57:00.751994880,417.9158,0.0
2022-03-08,11.060263,106.474266,2022-03-08 00:57:00.778991104,418.0762,0.0
2022-03-08,11.025789,106.35157,2022-03-08 00:57:00.923025920,417.5433,0.0
2022-03-08,11.028187,106.370964,2022-03-08 00:57:00.950022144,418.15842,0.0
2022-03-08,11.0306835,106.390335,2022-03-08 00:57:00.977018880,417.84238,0.0
2022-03-08,11.033166,106.40967,2022-03-08 00:57:01.004015104,417.41116,0.0
2022-03-08,11.035656,106.42897,2022-03-08 00:57:01.031011584,418.1242,0.0
2022-03-08,11.038168,106.44824,2022-03-08 00:57:01.058008320,418.31958,0.0
2022-03-08,11.040724,106.46753,2022-03-08 00:57:01.085004544,417.57297,0.0
2022-03-08,11.043431,106.4868,2022-03-08 00:57:01.112001024,417.71387,0.0
2022-03-08,11.00878,106.36434,2022-03-08 00:57:01.257001216,418.74802,0.0
2022-03-08,11.011196,106.383766,2022-03-08 00:57:01.283997440,418.18335,0.0
2022-03-08,11.013629,106.40314,2022-03-08 00:57:01.310994176,417.6365,0.0
2022-03-08,11.016052,106.42248,2022-03-08 00:57:01.337990400,418.10104,0.0
2022-03-08,11.018529,106.44179,2022-03-08 00:57:01.364986880,417.997,0.0
2022-03-08,11.021074,106.46107,2022-03-08 00:57:01.392023552,417.37854,0.0
2022-03-08,11.023651,106.480316,2022-03-08 00:57:01.419020032,418.19043,0.0
2022-03-08,11.02634,106.49954,2022-03-08 00:57:01.446016256,417.946,0.0
2022-03-08,10.991874,106.37703,2022-03-08 00:57:01.590010880,418.30557,0.0
2022-03-08,10.994345,106.39648,2022-03-08 00:57:01.617007360,417.9811,0.0
2022-03-08,10.996881,106.415886,2022-03-08 00:57:01.644003584,417.90195,0.0
2022-03-08,10.999451,106.43526,2022-03-08 00:57:01.671000064,417.6157,0.0
2022-03-08,11.002048,106.45457,2022-03-08 00:57:01.697996544,417.81277,0.0
2022-03-08,11.007357,106.493095,2022-03-08 00:57:01.751989248,418.57114,0.0
2022-03-08,11.010068,106.51231,2022-03-08 00:57:01.779025920,418.41974,0.0
2022-03-08,10.978042,106.4089,2022-03-08 00:57:01.950017024,417.1575,0.0
2022-03-08,10.980492,106.42825,2022-03-08 00:57:01.977013248,416.39468,0.0
2022-03-08,10.98299,106.44757,2022-03-08 00:57:02.004009728,418.0651,0.0
2022-03-08,10.985465,106.46686,2022-03-08 00:57:02.031006464,417.8939,0.0
2022-03-08,10.988039,106.486115,2022-03-08 00:57:02.058002688,418.16528,0.0
2022-03-08,10.990671,106.50541,2022-03-08 00:57:02.084999168,418.9301,0.0
2022-03-08,10.993269,106.52468,2022-03-08 00:57:02.111995392,419.20193,0.0
2022-03-08,10.958669,106.40217,2022-03-08 00:57:02.256995584,417.70892,0.0
2022-03-08,10.961058,106.42156,2022-03-08 00:57:02.283992320,417.25174,0.0
2022-03-08,10.963496,106.44091,2022-03-08 00:57:02.310988544,417.23315,0.0
2022-03-08,10.965941,106.46023,2022-03-08 00:57:02.338025216,417.86176,0.0
2022-03-08,10.968455,106.479515,2022-03-08 00:57:02.365021696,418.66415,0.0
2022-03-08,10.971024,106.49877,2022-03-08 00:57:02.392018176,418.1539,0.0
2022-03-08,10.973608,106.51803,2022-03-08 00:57:02.419014400,418.57376,0.0
2022-03-08,10.976227,106.537254,2022-03-08 00:57:02.446011136,418.42896,0.0
2022-03-08,10.9417715,106.41447,2022-03-08 00:57:02.590005504,418.3519,0.0
2022-03-08,10.944227,106.43386,2022-03-08 00:57:02.617001728,418.31772,0.0
2022-03-08,10.946748,106.45322,2022-03-08 00:57:02.643998208,418.40512,0.0
2022-03-08,10.949341,106.47256,2022-03-08 00:57:02.670994688,418.46686,0.0
2022-03-08,10.951919,106.49189,2022-03-08 00:57:02.697991168,418.85205,0.0
2022-03-08,10.954613,106.5112,2022-03-08 00:57:02.724987392,418.33517,0.0
2022-03-08,10.957299,106.53047,2022-03-08 00:57:02.752024064,418.22614,0.0
2022-03-08,10.959976,106.54971,2022-03-08 00:57:02.779020800,419.22272,0.0
2022-03-08,10.925642,106.427124,2022-03-08 00:57:02.923015168,418.27957,0.0
2022-03-08,10.928069,106.44655,2022-03-08 00:57:02.950011392,418.2395,0.0
2022-03-08,10.930533,106.465935,2022-03-08 00:57:02.977007872,417.9018,0.0
2022-03-08,10.933024,106.485306,2022-03-08 00:57:03.004004352,418.16797,0.0
2022-03-08,10.935494,106.50467,2022-03-08 00:57:03.031000832,418.21283,0.0
2022-03-08,10.938001,106.524,2022-03-08 00:57:03.057997312,418.7059,0.0
2022-03-08,10.940595,106.543304,2022-03-08 00:57:03.084993536,418.42578,0.0
2022-03-08,10.943132,106.56257,2022-03-08 00:57:03.111990016,419.48648,0.0
2022-03-08,10.908557,106.44007,2022-03-08 00:57:03.256990464,417.89993,0.0
2022-03-08,10.910967,106.45949,2022-03-08 00:57:03.284027136,417.89017,0.0
2022-03-08,10.913407,106.47887,2022-03-08 00:57:03.311023360,418.00018,0.0
2022-03-08,10.915886,106.49821,2022-03-08 00:57:03.338019840,418.5606,0.0
2022-03-08,10.918404,106.517525,2022-03-08 00:57:03.365016320,418.39917,0.0
2022-03-08,10.9209585,106.536804,2022-03-08 00:57:03.392012544,418.19006,0.0
2022-03-08,10.926244,106.57529,2022-03-08 00:57:03.446005504,418.30807,0.0
2022-03-08,10.8920555,106.45274,2022-03-08 00:57:03.589999872,418.29996,0.0
2022-03-08,10.894512,106.47218,2022-03-08 00:57:03.616996352,418.09802,0.0
2022-03-08,10.897007,106.491585,2022-03-08 00:57:03.643992832,417.66806,0.0
2022-03-08,10.899538,106.51095,2022-03-08 00:57:03.670989312,417.99017,0.0
2022-03-08,10.902101,106.530235,2022-03-08 00:57:03.698025984,418.20984,0.0
2022-03-08,10.904701,106.54949,2022-03-08 00:57:03.725022208,417.18076,0.0
2022-03-08,10.90734,106.56872,2022-03-08 00:57:03.752018944,418.16995,0.0
2022-03-08,10.910064,106.58792,2022-03-08 00:57:03.779015424,418.3101,0.0
2022-03-08,10.875619,106.465126,2022-03-08 00:57:03.923009536,417.98935,0.0
2022-03-08,10.878027,106.48453,2022-03-08 00:57:03.950006016,418.05542,0.0
2022-03-08,10.880473,106.5039,2022-03-08 00:57:03.977002496,418.63593,0.0
2022-03-08,10.882946,106.52324,2022-03-08 00:57:04.003998976,419.77408,0.0
2022-03-08,10.887885,106.56185,2022-03-08 00:57:04.057991680,418.0845,0.0
2022-03-08,10.89044,106.581116,2022-03-08 00:57:04.084988160,418.60205,0.0
2022-03-08,10.893004,106.60035,2022-03-08 00:57:04.112024832,418.92517,0.0
2022-03-08,10.858439,106.477745,2022-03-08 00:57:04.257025280,418.20248,0.0
2022-03-08,10.860848,106.49714,2022-03-08 00:57:04.284021504,417.51578,0.0
2022-03-08,10.863291,106.516495,2022-03-08 00:57:04.311017984,417.56366,0.0
2022-03-08,10.865771,106.53581,2022-03-08 00:57:04.338014464,417.5873,0.0
2022-03-08,10.86829,106.55511,2022-03-08 00:57:04.365010688,418.06482,0.0
2022-03-08,10.870847,106.57436,2022-03-08 00:57:04.392007424,418.35043,0.0
2022-03-08,10.873507,106.59359,2022-03-08 00:57:04.419003648,418.61884,0.0
2022-03-08,10.876197,106.61279,2022-03-08 00:57:04.446000128,418.37024,0.0
2022-03-08,10.842203,106.4902,2022-03-08 00:57:04.589994496,417.91895,0.0
2022-03-08,10.844645,106.50961,2022-03-08 00:57:04.616990976,417.5516,0.0
2022-03-08,10.847096,106.529,2022-03-08 00:57:04.643987456,417.6667,0.0
2022-03-08,10.849587,106.548355,2022-03-08 00:57:04.671024128,418.3628,0.0
2022-03-08,10.8521185,106.56767,2022-03-08 00:57:04.698020352,418.4851,0.0
2022-03-08,10.854688,106.58696,2022-03-08 00:57:04.725017088,418.95673,0.0
2022-03-08,10.857342,106.606224,2022-03-08 00:57:04.752013568,419.33472,0.0
2022-03-08,10.859941,106.62545,2022-03-08 00:57:04.779009792,419.09604,0.0
2022-03-08,10.825438,106.502884,2022-03-08 00:57:04.923004160,418.3287,0.0
2022-03-08,10.830248,106.5417,2022-03-08 00:57:04.976997120,418.32666,0.0
2022-03-08,10.83271,106.561066,2022-03-08 00:57:05.003993600,419.35776,0.0
2022-03-08,10.835211,106.5804,2022-03-08 00:57:05.030989824,418.53598,0.0
2022-03-08,10.8377495,106.5997,2022-03-08 00:57:05.058026496,418.05728,0.0
2022-03-08,10.840327,106.61896,2022-03-08 00:57:05.085022976,419.13168,0.0
2022-03-08,10.842908,106.63818,2022-03-08 00:57:05.112019456,418.96307,0.0
2022-03-08,10.808395,106.51556,2022-03-08 00:57:05.257019648,417.7993,0.0
2022-03-08,10.810807,106.534966,2022-03-08 00:57:05.284016128,418.7133,0.0
2022-03-08,10.813259,106.554344,2022-03-08 00:57:05.311012608,419.10367,0.0
2022-03-08,10.815749,106.57369,2022-03-08 00:57:05.338008832,419.11716,0.0
2022-03-08,10.818278,106.593,2022-03-08 00:57:05.365005568,418.68192,0.0
2022-03-08,10.820845,106.61229,2022-03-08 00:57:05.392001792,418.6129,0.0
2022-03-08,10.823499,106.631546,2022-03-08 00:57:05.418998272,419.13568,0.0
2022-03-08,10.82623,106.650764,2022-03-08 00:57:05.445994752,420.00467,0.0
2022-03-08,10.794669,106.547455,2022-03-08 00:57:05.617025792,419.376,0.0
2022-03-08,10.797114,106.56681,2022-03-08 00:57:05.644022272,418.94897,0.0
2022-03-08,10.799599,106.58614,2022-03-08 00:57:05.671018496,418.5615,0.0
2022-03-08,10.802123,106.60548,2022-03-08 00:57:05.698015232,418.13644,0.0
2022-03-08,10.804701,106.62477,2022-03-08 00:57:05.725011712,418.5758,0.0
2022-03-08,10.807333,106.64404,2022-03-08 00:57:05.752007936,418.88516,0.0
2022-03-08,10.809956,106.66328,2022-03-08 00:57:05.779004416,418.82632,0.0
2022-03-08,10.775391,106.54068,2022-03-08 00:57:05.922998784,419.26962,0.0
2022-03-08,10.777754,106.560074,2022-03-08 00:57:05.949995264,419.54205,0.0
2022-03-08,10.780163,106.57943,2022-03-08 00:57:05.976991744,418.76828,0.0
2022-03-08,10.782646,106.598755,2022-03-08 00:57:06.003987968,418.22894,0.0
2022-03-08,10.785149,106.61805,2022-03-08 00:57:06.031024640,418.27515,0.0
2022-03-08,10.787671,106.637314,2022-03-08 00:57:06.058021120,418.47717,0.0
2022-03-08,10.790264,106.65659,2022-03-08 00:57:06.085017600,418.59085,0.0
2022-03-08,10.792918,106.67586,2022-03-08 00:57:06.112014080,418.29962,0.0
2022-03-08,10.7584505,106.553474,2022-03-08 00:57:06.257014272,419.3074,0.0
2022-03-08,10.76085,106.57287,2022-03-08 00:57:06.284010752,419.45303,0.0
2022-03-08,10.763279,106.59222,2022-03-08 00:57:06.311006976,418.8804,0.0
2022-03-08,10.7658,106.611534,2022-03-08 00:57:06.338003712,417.87378,0.0
2022-03-08,10.768305,106.63081,2022-03-08 00:57:06.364999936,419.03836,0.0
2022-03-08,10.770848,106.65007,2022-03-08 00:57:06.391996416,418.31424,0.0
2022-03-08,10.773515,106.66929,2022-03-08 00:57:06.418992896,418.35956,0.0
2022-03-08,10.776171,106.68848,2022-03-08 00:57:06.445989376,417.83148,0.0
2022-03-08,10.742209,106.56588,2022-03-08 00:57:06.590023936,418.52066,0.0
2022-03-08,10.744654,106.58528,2022-03-08 00:57:06.617020416,418.7378,0.0
2022-03-08,10.747146,106.60466,2022-03-08 00:57:06.644016640,418.6384,0.0
2022-03-08,10.749634,106.624,2022-03-08 00:57:06.671013376,418.60565,0.0
2022-03-08,10.752159,106.64329,2022-03-08 00:57:06.698009856,418.2399,0.0
2022-03-08,10.754705,106.66255,2022-03-08 00:57:06.725006080,417.80585,0.0
2022-03-08,10.757289,106.68178,2022-03-08 00:57:06.752002560,418.4139,0.0
2022-03-08,10.759911,106.70097,2022-03-08 00:57:06.778998784,418.16895,0.0
2022-03-08,10.725142,106.57832,2022-03-08 00:57:06.922993408,419.75153,0.0
2022-03-08,10.727468,106.597725,2022-03-08 00:57:06.949989888,419.08176,0.0
2022-03-08,10.72985,106.617096,2022-03-08 00:57:06.977026560,418.842,0.0
2022-03-08,10.732264,106.63644,2022-03-08 00:57:07.004022784,418.535,0.0
2022-03-08,10.734794,106.65575,2022-03-08 00:57:07.031019264,419.3619,0.0
2022-03-08,10.739902,106.694275,2022-03-08 00:57:07.085012224,419.3698,0.0
2022-03-08,10.742571,106.7135,2022-03-08 00:57:07.112008448,418.9192,0.0
2022-03-08,10.708302,106.59095,2022-03-08 00:57:07.257008896,418.9865,0.0
2022-03-08,10.710751,106.61036,2022-03-08 00:57:07.284005120,419.16006,0.0
2022-03-08,10.715772,106.6491,2022-03-08 00:57:07.337998080,418.50214,0.0
2022-03-08,10.718339,106.66842,2022-03-08 00:57:07.364994560,418.92636,0.0
2022-03-08,10.72629,106.7262,2022-03-08 00:57:07.446024192,419.26077,0.0
2022-03-08,10.692084,106.60353,2022-03-08 00:57:07.590018560,418.1553,0.0
2022-03-08,10.696911,106.64226,2022-03-08 00:57:07.644011520,418.60416,0.0
2022-03-08,10.704492,106.700226,2022-03-08 00:57:07.725000704,419.13605,0.0
2022-03-08,10.707103,106.7195,2022-03-08 00:57:07.751996928,418.8793,0.0
2022-03-08,10.675168,106.616234,2022-03-08 00:57:07.922988032,418.74225,0.0
2022-03-08,10.677515,106.63563,2022-03-08 00:57:07.950024704,418.807,0.0
2022-03-08,10.679864,106.65498,2022-03-08 00:57:07.977020928,417.8169,0.0
2022-03-08,10.684813,106.69361,2022-03-08 00:57:08.031013888,418.8075,0.0
2022-03-08,10.687347,106.712875,2022-03-08 00:57:08.058010368,418.89017,0.0
2022-03-08,10.658399,106.62891,2022-03-08 00:57:08.257003264,418.01755,0.0
2022-03-08,10.660858,106.64829,2022-03-08 00:57:08.284000000,418.78232,0.0
2022-03-08,10.663353,106.667625,2022-03-08 00:57:08.310996224,418.2625,0.0
2022-03-08,10.668457,106.70621,2022-03-08 00:57:08.364989184,419.1904,0.0
2022-03-08,10.64202,106.64134,2022-03-08 00:57:08.590012928,418.9136,0.0
2022-03-08,10.646823,106.68014,2022-03-08 00:57:08.644005888,419.44006,0.0
2022-03-08,10.624922,106.653915,2022-03-08 00:57:08.923022848,417.96353,0.0
2022-03-08,10.629671,106.69266,2022-03-08 00:57:08.977015552,419.31604,0.0
2022-03-08,10.613332,106.705414,2022-03-08 00:57:09.310990848,418.9955,0.0
2022-03-08,10.615877,106.72476,2022-03-08 00:57:09.337987328,417.3734,0.0
2022-03-08,10.618461,106.74408,2022-03-08 00:57:09.365024000,419.1498,0.0
2022-03-08,10.62632,106.80185,2022-03-08 00:57:09.446013184,418.89117,0.0
2022-03-08,10.594328,106.698456,2022-03-08 00:57:09.617004032,419.45566,0.0
2022-03-08,10.596711,106.71777,2022-03-08 00:57:09.644000512,419.3658,0.0
2022-03-08,10.599138,106.73707,2022-03-08 00:57:09.670996992,418.7857,0.0
2022-03-08,10.601619,106.75638,2022-03-08 00:57:09.697993216,418.5711,0.0
2022-03-08,10.577225,106.711006,2022-03-08 00:57:09.950013696,417.53735,0.0
2022-03-08,10.589727,106.80753,2022-03-08 00:57:10.084996096,419.03973,0.0
2022-03-08,10.592354,106.826744,2022-03-08 00:57:10.111992320,419.34583,0.0
2022-03-08,10.541863,106.71667,2022-03-08 00:57:10.590002176,418.5266,0.0
2022-03-08,10.548954,106.77474,2022-03-08 00:57:10.670991360,420.00632,0.0
2022-03-08,10.524684,106.72919,2022-03-08 00:57:10.923011840,419.8464,0.0
2022-03-08,11.474772,106.15197,2022-03-08 00:57:15.590015488,417.4298,0.0
2022-03-08,11.508701,106.25674,2022-03-08 00:57:15.751993856,417.97455,0.0
2022-03-08,11.5144205,106.27402,2022-03-08 00:57:15.778990336,418.87238,0.0
2022-03-08,11.486521,106.25197,2022-03-08 00:57:16.058007296,416.67572,0.0
2022-03-08,11.492251,106.26927,2022-03-08 00:57:16.085003520,417.98047,0.0
2022-03-08,11.49798,106.28651,2022-03-08 00:57:16.112000000,417.7051,0.0
2022-03-08,11.441782,106.176926,2022-03-08 00:57:16.257000192,416.79236,0.0
2022-03-08,11.481435,106.298935,2022-03-08 00:57:16.446015488,418.49292,0.0
2022-03-08,11.436478,106.22447,2022-03-08 00:57:16.644002816,416.52927,0.0
2022-03-08,11.408511,106.202,2022-03-08 00:57:16.923019520,417.6381,0.0
2022-03-08,11.391891,106.21483,2022-03-08 00:57:17.256994816,417.84885,0.0
2022-03-08,11.274992,106.30324,2022-03-08 00:57:19.589993728,417.36792,0.0
2022-03-08,11.280621,106.32088,2022-03-08 00:57:19.616990208,417.79202,0.0
2022-03-08,11.303181,106.39074,2022-03-08 00:57:19.725016064,417.27423,0.0
2022-03-08,11.258392,106.31589,2022-03-08 00:57:19.923003136,418.37338,0.0
2022-03-08,11.264006,106.333496,2022-03-08 00:57:19.949999872,417.44443,0.0
2022-03-08,11.269558,106.35098,2022-03-08 00:57:19.976996096,417.29785,0.0
2022-03-08,11.280906,106.38595,2022-03-08 00:57:20.030989056,418.2578,0.0
2022-03-08,11.2922535,106.42065,2022-03-08 00:57:20.085022208,418.05267,0.0
2022-03-08,11.297895,106.437874,2022-03-08 00:57:20.112018688,417.36282,0.0
2022-03-08,11.241754,106.32855,2022-03-08 00:57:20.257018880,418.80502,0.0
2022-03-08,11.247364,106.34617,2022-03-08 00:57:20.284015104,419.07785,0.0
2022-03-08,11.252892,106.36363,2022-03-08 00:57:20.311011840,417.6588,0.0
2022-03-08,11.258531,106.38111,2022-03-08 00:57:20.338008064,418.03027,0.0
2022-03-08,11.26417,106.39851,2022-03-08 00:57:20.365004544,418.36053,0.0
2022-03-08,11.269853,106.415886,2022-03-08 00:57:20.392001024,417.74133,0.0
2022-03-08,11.275492,106.43315,2022-03-08 00:57:20.418997248,417.5092,0.0
2022-03-08,11.281131,106.45034,2022-03-08 00:57:20.445993984,418.59097,0.0
2022-03-08,11.208366,106.35367,2022-03-08 00:57:20.922998016,418.86868,0.0
2022-03-08,11.2140045,106.37133,2022-03-08 00:57:20.949994240,419.29422,0.0
2022-03-08,11.219576,106.38886,2022-03-08 00:57:20.976990720,417.7614,0.0
2022-03-08,11.225268,106.40642,2022-03-08 00:57:21.003987200,419.34094,0.0
2022-03-08,11.242223,106.458534,2022-03-08 00:57:21.085016832,418.32486,0.0
2022-03-08,11.1917,106.36632,2022-03-08 00:57:21.257013248,419.2872,0.0
2022-03-08,11.197219,106.383865,2022-03-08 00:57:21.284009984,417.3822,0.0
2022-03-08,11.202918,106.401474,2022-03-08 00:57:21.311006208,418.17413,0.0
2022-03-08,11.208566,106.418976,2022-03-08 00:57:21.338002688,418.7813,0.0
2022-03-08,11.214212,106.43639,2022-03-08 00:57:21.364999168,419.48434,0.0
2022-03-08,11.219814,106.45371,2022-03-08 00:57:21.391995392,416.99716,0.0
2022-03-08,11.225527,106.47105,2022-03-08 00:57:21.418992128,419.26096,0.0
2022-03-08,11.231153,106.488235,2022-03-08 00:57:21.445988352,417.2777,0.0
2022-03-08,11.174981,106.37889,2022-03-08 00:57:21.590023168,418.98395,0.0
2022-03-08,11.180536,106.396484,2022-03-08 00:57:21.617019392,419.3415,0.0
2022-03-08,11.186203,106.41409,2022-03-08 00:57:21.644015872,418.12946,0.0
2022-03-08,11.191863,106.43162,2022-03-08 00:57:21.671012352,418.19934,0.0
2022-03-08,11.197534,106.44906,2022-03-08 00:57:21.698008832,418.76663,0.0
2022-03-08,11.203115,106.46637,2022-03-08 00:57:21.725005056,418.02457,0.0
2022-03-08,11.20884,106.48371,2022-03-08 00:57:21.752001792,419.09567,0.0
2022-03-08,11.214478,106.500916,2022-03-08 00:57:21.778998016,419.41107,0.0
2022-03-08,11.158335,106.391495,2022-03-08 00:57:21.922992384,419.22812,0.0
2022-03-08,11.163894,106.40907,2022-03-08 00:57:21.949988864,418.8911,0.0
2022-03-08,11.175168,106.44413,2022-03-08 00:57:22.004022016,418.49014,0.0
2022-03-08,11.180815,106.46156,2022-03-08 00:57:22.031018496,418.25964,0.0
2022-03-08,11.186518,106.47896,2022-03-08 00:57:22.058014976,419.096,0.0
2022-03-08,11.192164,106.496254,2022-03-08 00:57:22.085011200,418.72092,0.0
2022-03-08,11.19781,106.51348,2022-03-08 00:57:22.112007680,418.16034,0.0
2022-03-08,11.141638,106.40417,2022-03-08 00:57:22.257008128,418.2572,0.0
2022-03-08,11.147248,106.42182,2022-03-08 00:57:22.284004352,418.6821,0.0
2022-03-08,11.152784,106.43934,2022-03-08 00:57:22.311000832,418.73444,0.0
2022-03-08,11.158405,106.456856,2022-03-08 00:57:22.337997312,418.4613,0.0
2022-03-08,11.164072,106.474335,2022-03-08 00:57:22.364993536,418.4173,0.0
2022-03-08,11.169786,106.49177,2022-03-08 00:57:22.391990272,419.02505,0.0
2022-03-08,11.175437,106.50906,2022-03-08 00:57:22.419026944,419.1425,0.0
2022-03-08,11.181022,106.52622,2022-03-08 00:57:22.446023168,419.6447,0.0
2022-03-08,11.124934,106.41675,2022-03-08 00:57:22.590017536,418.1259,0.0
2022-03-08,11.130568,106.43437,2022-03-08 00:57:22.617014016,418.32614,0.0
2022-03-08,11.136109,106.45186,2022-03-08 00:57:22.644010496,418.60953,0.0
2022-03-08,11.141742,106.46935,2022-03-08 00:57:22.671006976,418.92163,0.0
2022-03-08,11.147348,106.48676,2022-03-08 00:57:22.698003200,419.12808,0.0
2022-03-08,11.153069,106.50419,2022-03-08 00:57:22.724999936,418.75568,0.0
2022-03-08,11.158716,106.521484,2022-03-08 00:57:22.751996160,418.56024,0.0
2022-03-08,11.16434,106.5387,2022-03-08 00:57:22.778992640,420.0579,0.0
2022-03-08,11.108213,106.4293,2022-03-08 00:57:22.923027200,418.66394,0.0
2022-03-08,11.113839,106.44692,2022-03-08 00:57:22.950023680,420.1205,0.0
2022-03-08,11.119487,106.464485,2022-03-08 00:57:22.977020160,419.58832,0.0
2022-03-08,11.125019,106.48189,2022-03-08 00:57:23.004016640,419.57434,0.0
2022-03-08,11.147712,106.55127,2022-03-08 00:57:23.112002304,419.65466,0.0
2022-03-08,11.091561,106.441986,2022-03-08 00:57:23.257002496,417.24585,0.0
2022-03-08,11.097156,106.4596,2022-03-08 00:57:23.283998976,418.29318,0.0
2022-03-08,11.102756,106.47715,2022-03-08 00:57:23.310995456,418.61975,0.0
2022-03-08,11.108367,106.49464,2022-03-08 00:57:23.337991680,418.37766,0.0
2022-03-08,11.113989,106.512054,2022-03-08 00:57:23.364988416,419.59766,0.0
2022-03-08,11.119633,106.52942,2022-03-08 00:57:23.392025088,418.13022,0.0
2022-03-08,11.125336,106.54675,2022-03-08 00:57:23.419021312,419.3503,0.0
2022-03-08,11.131009,106.563995,2022-03-08 00:57:23.446017792,420.11234,0.0
2022-03-08,11.074865,106.45457,2022-03-08 00:57:23.590012160,418.20377,0.0
2022-03-08,11.0804825,106.47219,2022-03-08 00:57:23.617008640,418.8284,0.0
2022-03-08,11.0918045,106.507286,2022-03-08 00:57:23.671001344,418.40237,0.0
2022-03-08,11.103014,106.542015,2022-03-08 00:57:23.724994304,419.43182,0.0
2022-03-08,11.108651,106.559296,2022-03-08 00:57:23.751990784,419.66992,0.0
2022-03-08,11.114329,106.57654,2022-03-08 00:57:23.778987264,418.93478,0.0
2022-03-08,11.0581875,106.46715,2022-03-08 00:57:23.923021824,418.51917,0.0
2022-03-08,11.063734,106.484726,2022-03-08 00:57:23.950018304,418.69818,0.0
2022-03-08,11.069383,106.502304,2022-03-08 00:57:23.977014784,418.1,0.0
2022-03-08,11.086247,106.55456,2022-03-08 00:57:24.058003968,418.5765,0.0
2022-03-08,11.091931,106.57188,2022-03-08 00:57:24.085000448,419.16742,0.0
2022-03-08,11.097509,106.58905,2022-03-08 00:57:24.111996928,419.22086,0.0
2022-03-08,11.041407,106.47969,2022-03-08 00:57:24.256997120,418.55496,0.0
2022-03-08,11.047032,106.497345,2022-03-08 00:57:24.283993600,419.2589,0.0
2022-03-08,11.063886,106.54984,2022-03-08 00:57:24.365023232,419.74057,0.0
2022-03-08,11.069533,106.56722,2022-03-08 00:57:24.392019456,418.18777,0.0
2022-03-08,11.075229,106.584564,2022-03-08 00:57:24.419015936,419.11584,0.0
2022-03-08,11.080864,106.6018,2022-03-08 00:57:24.446012416,419.25378,0.0
2022-03-08,11.024764,106.49236,2022-03-08 00:57:24.590006784,418.45145,0.0
2022-03-08,11.030347,106.50996,2022-03-08 00:57:24.617003264,418.21472,0.0
2022-03-08,11.035965,106.5275,2022-03-08 00:57:24.643999488,418.69284,0.0
2022-03-08,11.047145,106.56235,2022-03-08 00:57:24.697992448,419.44968,0.0
2022-03-08,11.052824,106.579735,2022-03-08 00:57:24.724988928,418.75815,0.0
2022-03-08,11.058443,106.597015,2022-03-08 00:57:24.752025600,418.8365,0.0
2022-03-08,11.064132,106.61427,2022-03-08 00:57:24.779022080,418.40134,0.0
2022-03-08,11.008055,106.50494,2022-03-08 00:57:24.923016448,418.02057,0.0
2022-03-08,11.013666,106.52257,2022-03-08 00:57:24.950012928,418.08597,0.0
2022-03-08,11.019306,106.54015,2022-03-08 00:57:24.977009408,418.65448,0.0
2022-03-08,11.024924,106.55764,2022-03-08 00:57:25.004005632,418.58975,0.0
2022-03-08,11.030544,106.57505,2022-03-08 00:57:25.031002112,418.87762,0.0
2022-03-08,11.04189,106.60975,2022-03-08 00:57:25.084995072,419.27203,0.0
2022-03-08,11.047644,106.62706,2022-03-08 00:57:25.111991296,419.51468,0.0
2022-03-08,10.991526,106.51775,2022-03-08 00:57:25.256991744,418.62534,0.0
2022-03-08,10.997039,106.53531,2022-03-08 00:57:25.283987968,418.52713,0.0
2022-03-08,11.002592,106.552826,2022-03-08 00:57:25.311024640,418.19858,0.0
2022-03-08,11.008156,106.57027,2022-03-08 00:57:25.338021376,419.45413,0.0
2022-03-08,11.01373,106.587654,2022-03-08 00:57:25.365017600,417.8397,0.0
2022-03-08,11.019315,106.60497,2022-03-08 00:57:25.392014080,419.8775,0.0
2022-03-08,11.025024,106.6223,2022-03-08 00:57:25.419010560,418.88885,0.0
2022-03-08,11.030721,106.63955,2022-03-08 00:57:25.446007040,418.86404,0.0
2022-03-08,10.974729,106.53022,2022-03-08 00:57:25.590001408,418.49695,0.0
2022-03-08,10.980318,106.54783,2022-03-08 00:57:25.616997632,418.83884,0.0
2022-03-08,10.985956,106.56541,2022-03-08 00:57:25.643994368,419.31845,0.0
2022-03-08,10.991544,106.58286,2022-03-08 00:57:25.670990592,418.8597,0.0
2022-03-08,10.997162,106.60027,2022-03-08 00:57:25.697987072,419.05167,0.0
2022-03-08,11.00278,106.617615,2022-03-08 00:57:25.725023744,420.02658,0.0
2022-03-08,11.008444,106.63491,2022-03-08 00:57:25.752020224,419.771,0.0
2022-03-08,11.014143,106.65217,2022-03-08 00:57:25.779016448,418.69156,0.0
2022-03-08,10.958032,106.542786,2022-03-08 00:57:25.923011072,418.28677,0.0
2022-03-08,10.963588,106.56037,2022-03-08 00:57:25.950007552,419.96274,0.0
2022-03-08,10.969229,106.57795,2022-03-08 00:57:25.977003776,419.6342,0.0
2022-03-08,10.974807,106.595406,2022-03-08 00:57:26.004000256,419.11166,0.0
2022-03-08,10.986069,106.63018,2022-03-08 00:57:26.057993216,419.9737,0.0
2022-03-08,10.991747,106.6475,2022-03-08 00:57:26.084989440,418.5258,0.0
2022-03-08,10.997435,106.66475,2022-03-08 00:57:26.112026112,418.50998,0.0
2022-03-08,10.941281,106.55534,2022-03-08 00:57:26.257026560,418.07208,0.0
2022-03-08,10.946868,106.572945,2022-03-08 00:57:26.284022784,419.2681,0.0
2022-03-08,10.952467,106.59047,2022-03-08 00:57:26.311019520,418.8361,0.0
2022-03-08,10.958076,106.60793,2022-03-08 00:57:26.338015744,419.2768,0.0
2022-03-08,10.963696,106.62533,2022-03-08 00:57:26.365012224,419.78952,0.0
2022-03-08,10.969327,106.64266,2022-03-08 00:57:26.392008704,419.5233,0.0
2022-03-08,10.974981,106.65994,2022-03-08 00:57:26.419005184,419.075,0.0
2022-03-08,10.9807,106.6772,2022-03-08 00:57:26.446001408,419.26077,0.0
2022-03-08,10.924606,106.5679,2022-03-08 00:57:26.589995776,417.82828,0.0
2022-03-08,10.9302025,106.58553,2022-03-08 00:57:26.616992512,419.01718,0.0
2022-03-08,10.935809,106.6031,2022-03-08 00:57:26.643988736,418.71112,0.0
2022-03-08,10.941423,106.6206,2022-03-08 00:57:26.671025408,418.96405,0.0
2022-03-08,10.94704,106.63801,2022-03-08 00:57:26.698021888,418.9551,0.0
2022-03-08,10.952667,106.65535,2022-03-08 00:57:26.725018368,419.61063,0.0
2022-03-08,10.958305,106.67264,2022-03-08 00:57:26.752014592,418.06055,0.0
2022-03-08,10.963956,106.68986,2022-03-08 00:57:26.779011328,419.1708,0.0
2022-03-08,10.907884,106.58049,2022-03-08 00:57:26.923005696,418.69678,0.0
2022-03-08,10.913466,106.5981,2022-03-08 00:57:26.950001920,418.79626,0.0
2022-03-08,10.91906,106.61564,2022-03-08 00:57:26.976998400,419.05292,0.0
2022-03-08,10.924664,106.63311,2022-03-08 00:57:27.003994880,418.04633,0.0
2022-03-08,10.930273,106.65052,2022-03-08 00:57:27.030991360,419.70633,0.0
2022-03-08,10.941547,106.68514,2022-03-08 00:57:27.085024256,418.2697,0.0
2022-03-08,10.947226,106.70237,2022-03-08 00:57:27.112020992,418.7794,0.0
2022-03-08,10.891173,106.5929,2022-03-08 00:57:27.257020928,417.99203,0.0
2022-03-08,10.896773,106.61053,2022-03-08 00:57:27.284017664,418.29758,0.0
2022-03-08,10.902373,106.62809,2022-03-08 00:57:27.311013888,419.49863,0.0
2022-03-08,10.908026,106.645615,2022-03-08 00:57:27.338010368,419.3474,0.0
2022-03-08,10.913618,106.663025,2022-03-08 00:57:27.365006848,419.6776,0.0
2022-03-08,10.919257,106.6804,2022-03-08 00:57:27.392003328,418.70593,0.0
2022-03-08,10.924908,106.6977,2022-03-08 00:57:27.418999552,419.8452,0.0
2022-03-08,10.93064,106.715004,2022-03-08 00:57:27.445996032,419.04626,0.0
2022-03-08,10.874528,106.60567,2022-03-08 00:57:27.589990656,418.78418,0.0
2022-03-08,10.880103,106.623276,2022-03-08 00:57:27.617027328,418.82596,0.0
2022-03-08,10.8856945,106.64082,2022-03-08 00:57:27.644023552,419.05087,0.0
2022-03-08,10.896925,106.67571,2022-03-08 00:57:27.698016512,419.72897,0.0
2022-03-08,10.908219,106.71035,2022-03-08 00:57:27.752009472,419.00955,0.0
2022-03-08,10.913902,106.72759,2022-03-08 00:57:27.779005696,419.0063,0.0
2022-03-08,10.857878,106.618286,2022-03-08 00:57:27.923000064,418.97815,0.0
2022-03-08,10.863437,106.6359,2022-03-08 00:57:27.949996544,419.22083,0.0
2022-03-08,10.869025,106.653465,2022-03-08 00:57:27.976993024,419.45395,0.0
2022-03-08,10.885842,106.70575,2022-03-08 00:57:28.058022400,419.72552,0.0
2022-03-08,10.891494,106.723045,2022-03-08 00:57:28.085019136,419.19684,0.0
2022-03-08,10.897228,106.74032,2022-03-08 00:57:28.112015360,418.85815,0.0
2022-03-08,10.841122,106.630875,2022-03-08 00:57:28.257015808,419.01642,0.0
2022-03-08,10.846711,106.648476,2022-03-08 00:57:28.284012032,418.3708,0.0
2022-03-08,10.852322,106.66603,2022-03-08 00:57:28.311008512,419.46967,0.0
2022-03-08,10.8579235,106.683495,2022-03-08 00:57:28.338004992,419.56036,0.0
2022-03-08,10.863546,106.70091,2022-03-08 00:57:28.365001472,419.347,0.0
2022-03-08,10.869181,106.71826,2022-03-08 00:57:28.391997696,419.16205,0.0
2022-03-08,10.874835,106.73556,2022-03-08 00:57:28.418994176,419.2076,0.0
2022-03-08,10.880577,106.75284,2022-03-08 00:57:28.445990656,418.35226,0.0
2022-03-08,10.824477,106.64353,2022-03-08 00:57:28.590025472,418.79016,0.0
2022-03-08,10.83008,106.66117,2022-03-08 00:57:28.617021696,419.3212,0.0
2022-03-08,10.835693,106.67874,2022-03-08 00:57:28.644018176,419.02457,0.0
2022-03-08,10.841249,106.69619,2022-03-08 00:57:28.671014656,419.5857,0.0
2022-03-08,10.852499,106.73093,2022-03-08 00:57:28.725007616,419.2381,0.0
2022-03-08,10.858164,106.748215,2022-03-08 00:57:28.752003840,418.95538,0.0
2022-03-08,10.863869,106.765465,2022-03-08 00:57:28.779000320,418.70023,0.0
2022-03-08,10.807808,106.65606,2022-03-08 00:57:28.922994688,419.15298,0.0
2022-03-08,10.813402,106.67367,2022-03-08 00:57:28.949991168,418.43875,0.0
2022-03-08,10.818988,106.69119,2022-03-08 00:57:28.976987648,419.03964,0.0
2022-03-08,10.824546,106.708626,2022-03-08 00:57:29.004024320,418.68594,0.0
2022-03-08,10.830183,106.72605,2022-03-08 00:57:29.031020544,418.42996,0.0
2022-03-08,10.835802,106.743385,2022-03-08 00:57:29.058017280,418.36343,0.0
2022-03-08,10.84145,106.7607,2022-03-08 00:57:29.085013504,418.64154,0.0
2022-03-08,10.847184,106.77801,2022-03-08 00:57:29.112009984,419.11203,0.0
2022-03-08,10.791131,106.66879,2022-03-08 00:57:29.257010176,418.52426,0.0
2022-03-08,10.796688,106.68637,2022-03-08 00:57:29.284006656,419.04166,0.0
2022-03-08,10.813458,106.73872,2022-03-08 00:57:29.364995840,417.99887,0.0
2022-03-08,10.824744,106.77335,2022-03-08 00:57:29.418988800,419.52567,0.0
2022-03-08,10.830358,106.790535,2022-03-08 00:57:29.446025472,418.6839,0.0
2022-03-08,10.774391,106.68122,2022-03-08 00:57:29.590019840,418.11932,0.0
2022-03-08,10.780002,106.698845,2022-03-08 00:57:29.617016320,417.54263,0.0
2022-03-08,10.791139,106.73381,2022-03-08 00:57:29.671009024,419.50528,0.0
2022-03-08,10.802381,106.76859,2022-03-08 00:57:29.725001984,419.72098,0.0
2022-03-08,10.808019,106.78589,2022-03-08 00:57:29.751998464,418.033,0.0
2022-03-08,10.813667,106.80312,2022-03-08 00:57:29.778994944,417.81622,0.0
2022-03-08,10.780084,106.76397,2022-03-08 00:57:30.031015424,419.15323,0.0
2022-03-08,10.785709,106.78133,2022-03-08 00:57:30.058011648,418.31195,0.0
2022-03-08,10.791337,106.79859,2022-03-08 00:57:30.085008128,419.56738,0.0
2022-03-08,10.796974,106.81579,2022-03-08 00:57:30.112004608,419.10703,0.0
2022-03-08,10.746525,106.72396,2022-03-08 00:57:30.284001280,418.84952,0.0
2022-03-08,10.752122,106.74153,2022-03-08 00:57:30.310997760,419.24112,0.0
2022-03-08,10.763349,106.77648,2022-03-08 00:57:30.364990464,418.51007,0.0
2022-03-08,10.768979,106.79386,2022-03-08 00:57:30.392027136,418.909,0.0
2022-03-08,10.724249,106.71902,2022-03-08 00:57:30.590014464,418.2028,0.0
2022-03-08,10.746806,106.85342,2022-03-08 00:57:31.111998976,418.42914,0.0
2022-03-08,10.707622,106.79671,2022-03-08 00:57:31.337988608,417.5502,0.0
2022-03-08,10.71323,106.814125,2022-03-08 00:57:31.365025280,418.4145,0.0
2022-03-08,10.730192,106.86604,2022-03-08 00:57:31.446014720,419.98212,0.0
2022-03-08,10.685276,106.791626,2022-03-08 00:57:31.644002048,418.4408,0.0
2022-03-08,10.690867,106.809074,2022-03-08 00:57:31.670998272,418.99112,0.0
2022-03-08,10.696477,106.82649,2022-03-08 00:57:31.697994752,419.1197,0.0
2022-03-08,10.702108,106.84385,2022-03-08 00:57:31.724991232,419.93787,0.0
2022-03-08,10.707779,106.86117,2022-03-08 00:57:31.752027904,419.13083,0.0
2022-03-08,10.713432,106.8784,2022-03-08 00:57:31.779024384,418.91388,0.0
2022-03-08,10.67418,106.82175,2022-03-08 00:57:32.004007936,418.6857,0.0
2022-03-08,10.679785,106.83916,2022-03-08 00:57:32.031004416,419.68207,0.0
2022-03-08,10.68541,106.856514,2022-03-08 00:57:32.058000896,418.33148,0.0
2022-03-08,10.691041,106.8738,2022-03-08 00:57:32.084997120,418.79547,0.0
2022-03-08,10.696702,106.891045,2022-03-08 00:57:32.111993856,418.44415,0.0
2022-03-08,10.607327,106.80687,2022-03-08 00:57:32.923013120,418.3559,0.0
2022-03-08,10.640914,106.91143,2022-03-08 00:57:33.084992000,417.48117,0.0
2022-03-08,10.646541,106.92864,2022-03-08 00:57:33.111988224,416.66086,0.0
2022-03-08,10.596185,106.837,2022-03-08 00:57:33.284025088,419.72467,0.0
2022-03-08,10.612965,106.88942,2022-03-08 00:57:33.365014528,420.54404,0.0
2022-03-08,10.562806,106.862206,2022-03-08 00:57:33.950004224,420.98224,0.0
2022-03-08,10.551734,106.956985,2022-03-08 00:57:34.725015040,419.7419,0.0
2022-03-08,11.523691,106.35806,2022-03-08 00:57:43.003988480,418.1119,0.0
2022-03-08,11.537885,106.36632,2022-03-08 00:57:43.031025152,418.45062,0.0
2022-03-08,11.580421,106.39084,2022-03-08 00:57:43.112014592,418.27954,0.0
2022-03-08,11.50688,106.37093,2022-03-08 00:57:43.338004224,416.5248,0.0
2022-03-08,11.521066,106.379166,2022-03-08 00:57:43.365000448,417.48972,0.0
2022-03-08,11.563614,106.403496,2022-03-08 00:57:43.445989888,418.5726,0.0
2022-03-08,11.53282,106.40802,2022-03-08 00:57:43.752003072,418.18237,0.0
2022-03-08,11.547018,106.41606,2022-03-08 00:57:43.778999296,416.71768,0.0
2022-03-08,11.33101,106.44667,2022-03-08 00:57:45.923023104,417.0182,0.0
2022-03-08,11.40201,106.48827,2022-03-08 00:57:46.058005248,417.7543,0.0
2022-03-08,11.328453,106.46762,2022-03-08 00:57:46.283994880,418.47205,0.0
2022-03-08,11.356862,106.48441,2022-03-08 00:57:46.338028032,418.73004,0.0
2022-03-08,11.297562,106.47185,2022-03-08 00:57:46.590008320,418.26263,0.0
2022-03-08,11.280883,106.48444,2022-03-08 00:57:46.923017728,418.62405,0.0
2022-03-08,11.295098,106.492775,2022-03-08 00:57:46.950014208,418.3405,0.0
2022-03-08,11.3092985,106.50122,2022-03-08 00:57:46.977010688,418.0849,0.0
2022-03-08,11.323492,106.50957,2022-03-08 00:57:47.004007168,418.29846,0.0
2022-03-08,11.366038,106.534195,2022-03-08 00:57:47.084996352,417.76083,0.0
2022-03-08,11.264145,106.49706,2022-03-08 00:57:47.256993024,418.1201,0.0
2022-03-08,11.278358,106.50555,2022-03-08 00:57:47.283989504,418.85397,0.0
2022-03-08,11.306772,106.52216,2022-03-08 00:57:47.338022656,417.4917,0.0
2022-03-08,11.320968,106.5304,2022-03-08 00:57:47.365019136,418.46024,0.0
2022-03-08,11.363516,106.55489,2022-03-08 00:57:47.446008320,416.494,0.0
2022-03-08,11.24743,106.50984,2022-03-08 00:57:47.590002688,418.12897,0.0
2022-03-08,11.26164,106.5182,2022-03-08 00:57:47.616999168,418.2539,0.0
2022-03-08,11.27584,106.52654,2022-03-08 00:57:47.643995648,418.17728,0.0
2022-03-08,11.2900305,106.53492,2022-03-08 00:57:47.670991872,418.0831,0.0
2022-03-08,11.304223,106.5432,2022-03-08 00:57:47.698028544,418.32626,0.0
2022-03-08,11.318418,106.55133,2022-03-08 00:57:47.725025280,418.9084,0.0
2022-03-08,11.3326025,106.55946,2022-03-08 00:57:47.752021504,418.06894,0.0
2022-03-08,11.34678,106.56757,2022-03-08 00:57:47.779017984,418.36707,0.0
2022-03-08,11.23075,106.52231,2022-03-08 00:57:47.923012352,418.62915,0.0
2022-03-08,11.25917,106.53915,2022-03-08 00:57:47.977005312,418.27716,0.0
2022-03-08,11.287558,106.55575,2022-03-08 00:57:48.030998272,419.6442,0.0
2022-03-08,11.301747,106.563896,2022-03-08 00:57:48.057994496,418.4168,0.0
2022-03-08,11.330096,106.58017,2022-03-08 00:57:48.111987456,418.76422,0.0
2022-03-08,11.2140465,106.534904,2022-03-08 00:57:48.256987648,418.6611,0.0
2022-03-08,11.228264,106.543304,2022-03-08 00:57:48.284024320,418.1645,0.0
2022-03-08,11.242472,106.551704,2022-03-08 00:57:48.311020800,417.86395,0.0
2022-03-08,11.256673,106.560005,2022-03-08 00:57:48.338017280,418.66953,0.0
2022-03-08,11.270866,106.568275,2022-03-08 00:57:48.365013504,418.44803,0.0
2022-03-08,11.285052,106.57651,2022-03-08 00:57:48.392009984,419.74777,0.0
2022-03-08,11.299235,106.584656,2022-03-08 00:57:48.419006464,418.63333,0.0
2022-03-08,11.313412,106.59277,2022-03-08 00:57:48.446002944,418.9618,0.0
2022-03-08,11.197382,106.54745,2022-03-08 00:57:48.589997312,418.58875,0.0
2022-03-08,11.211594,106.55589,2022-03-08 00:57:48.616993792,418.30396,0.0
2022-03-08,11.225799,106.56425,2022-03-08 00:57:48.643990016,418.28976,0.0
2022-03-08,11.239994,106.57257,2022-03-08 00:57:48.671026688,419.23477,0.0
2022-03-08,11.254187,106.58074,2022-03-08 00:57:48.698023424,418.596,0.0
2022-03-08,11.26837,106.58894,2022-03-08 00:57:48.725019648,418.73904,0.0
2022-03-08,11.282542,106.59714,2022-03-08 00:57:48.752016128,418.4694,0.0
2022-03-08,11.296712,106.60527,2022-03-08 00:57:48.779012608,418.71045,0.0
2022-03-08,11.180669,106.56008,2022-03-08 00:57:48.923006976,419.30826,0.0
2022-03-08,11.194885,106.56843,2022-03-08 00:57:48.950003456,418.71198,0.0
2022-03-08,11.209092,106.57678,2022-03-08 00:57:48.976999680,418.7477,0.0
2022-03-08,11.223288,106.58513,2022-03-08 00:57:49.003996416,419.34433,0.0
2022-03-08,11.237486,106.59327,2022-03-08 00:57:49.030992640,418.3785,0.0
2022-03-08,11.251675,106.60144,2022-03-08 00:57:49.057989120,418.4536,0.0
2022-03-08,11.265851,106.60964,2022-03-08 00:57:49.085025792,418.57718,0.0
2022-03-08,11.280026,106.61777,2022-03-08 00:57:49.112022272,419.07455,0.0
2022-03-08,11.164002,106.57247,2022-03-08 00:57:49.257022464,418.94348,0.0
2022-03-08,11.178214,106.58095,2022-03-08 00:57:49.284018944,418.95273,0.0
2022-03-08,11.19242,106.58929,2022-03-08 00:57:49.311015424,419.16605,0.0
2022-03-08,11.206616,106.59761,2022-03-08 00:57:49.338011648,418.41614,0.0
2022-03-08,11.220803,106.60592,2022-03-08 00:57:49.365008128,418.5877,0.0
2022-03-08,11.234987,106.61412,2022-03-08 00:57:49.392004608,418.23178,0.0
2022-03-08,11.2491665,106.62226,2022-03-08 00:57:49.419001088,418.33447,0.0
2022-03-08,11.263337,106.6304,2022-03-08 00:57:49.445997568,419.11346,0.0
2022-03-08,11.147308,106.58508,2022-03-08 00:57:49.589991680,419.03183,0.0
2022-03-08,11.161521,106.59351,2022-03-08 00:57:49.616988160,419.1202,0.0
2022-03-08,11.175725,106.6019,2022-03-08 00:57:49.644024832,418.77103,0.0
2022-03-08,11.189915,106.61031,2022-03-08 00:57:49.671021568,418.81198,0.0
2022-03-08,11.204108,106.61851,2022-03-08 00:57:49.698017792,418.47247,0.0
2022-03-08,11.128123,106.61883,2022-03-08 00:57:50.284013568,418.23138,0.0
2022-03-08,11.156516,106.6356,2022-03-08 00:57:50.338006272,418.79892,0.0
2022-03-08,11.170704,106.643845,2022-03-08 00:57:50.365002752,418.05566,0.0
2022-03-08,11.184887,106.65205,2022-03-08 00:57:50.391999232,418.5635,0.0
2022-03-08,11.199065,106.66017,2022-03-08 00:57:50.418995712,418.76923,0.0
2022-03-08,11.213242,106.66824,2022-03-08 00:57:50.445991936,418.23544,0.0
2022-03-08,11.080557,106.6356,2022-03-08 00:57:50.922995968,418.6249,0.0
2022-03-08,11.094756,106.64407,2022-03-08 00:57:50.949992704,418.36118,0.0
2022-03-08,11.108952,106.65238,2022-03-08 00:57:50.976988928,417.58575,0.0
2022-03-08,11.123135,106.660736,2022-03-08 00:57:51.004025600,418.4447,0.0
2022-03-08,11.137314,106.66899,2022-03-08 00:57:51.031022080,418.78943,0.0
2022-03-08,11.151484,106.67724,2022-03-08 00:57:51.058018560,418.8655,0.0
2022-03-08,11.165657,106.685394,2022-03-08 00:57:51.085014784,419.2443,0.0
2022-03-08,11.063806,106.648346,2022-03-08 00:57:51.257011712,418.86276,0.0
2022-03-08,11.078011,106.65684,2022-03-08 00:57:51.284007936,418.1358,0.0
2022-03-08,11.106407,106.67338,2022-03-08 00:57:51.338000896,418.9407,0.0
2022-03-08,11.134773,106.68977,2022-03-08 00:57:51.391993856,418.63913,0.0
2022-03-08,11.148944,106.69795,2022-03-08 00:57:51.418990080,418.31088,0.0
2022-03-08,11.163112,106.70606,2022-03-08 00:57:51.445986816,419.8373,0.0
2022-03-08,11.047071,106.66088,2022-03-08 00:57:51.590021120,418.7035,0.0
2022-03-08,11.061276,106.669304,2022-03-08 00:57:51.617017856,418.72208,0.0
2022-03-08,11.075475,106.677635,2022-03-08 00:57:51.644014080,417.81982,0.0
2022-03-08,11.089665,106.68592,2022-03-08 00:57:51.671010560,419.26175,0.0
2022-03-08,11.103853,106.6941,2022-03-08 00:57:51.698007040,418.5787,0.0
2022-03-08,11.118028,106.702324,2022-03-08 00:57:51.725003520,418.59042,0.0
2022-03-08,11.132199,106.71048,2022-03-08 00:57:51.751999744,417.7466,0.0
2022-03-08,11.146358,106.71865,2022-03-08 00:57:51.778996224,418.8264,0.0
2022-03-08,11.030328,106.67337,2022-03-08 00:57:51.922990848,418.299,0.0
2022-03-08,11.044534,106.68182,2022-03-08 00:57:51.950027520,416.72717,0.0
2022-03-08,11.058732,106.690186,2022-03-08 00:57:51.977023744,418.02234,0.0
2022-03-08,11.072923,106.69852,2022-03-08 00:57:52.004020224,417.6631,0.0
2022-03-08,11.101282,106.715034,2022-03-08 00:57:52.058012928,418.0727,0.0
2022-03-08,11.129626,106.73125,2022-03-08 00:57:52.112005888,418.63266,0.0
2022-03-08,11.013609,106.685936,2022-03-08 00:57:52.257006080,419.00854,0.0
2022-03-08,11.02782,106.69435,2022-03-08 00:57:52.284002560,418.31573,0.0
2022-03-08,11.042023,106.70272,2022-03-08 00:57:52.310999040,418.8385,0.0
2022-03-08,11.056217,106.71105,2022-03-08 00:57:52.337995520,418.13763,0.0
2022-03-08,11.084591,106.727486,2022-03-08 00:57:52.391988224,418.71857,0.0
2022-03-08,11.098758,106.73577,2022-03-08 00:57:52.419024896,418.50647,0.0
2022-03-08,11.112939,106.7438,2022-03-08 00:57:52.446021632,418.66296,0.0
2022-03-08,10.996944,106.698586,2022-03-08 00:57:52.590016000,418.75293,0.0
2022-03-08,11.011158,106.70698,2022-03-08 00:57:52.617012224,418.65598,0.0
2022-03-08,11.025362,106.71533,2022-03-08 00:57:52.644008704,418.37854,0.0
2022-03-08,11.039559,106.723595,2022-03-08 00:57:52.671005184,418.72238,0.0
2022-03-08,11.053748,106.73182,2022-03-08 00:57:52.698001664,418.3636,0.0
2022-03-08,11.067927,106.740036,2022-03-08 00:57:52.724997888,419.0549,0.0
2022-03-08,11.0820875,106.748375,2022-03-08 00:57:52.751994368,418.54535,0.0
2022-03-08,11.096256,106.75649,2022-03-08 00:57:52.778990848,418.65463,0.0
2022-03-08,10.98025,106.7113,2022-03-08 00:57:52.923025664,419.65738,0.0
2022-03-08,10.994461,106.719666,2022-03-08 00:57:52.950021888,418.4359,0.0
2022-03-08,11.008665,106.72795,2022-03-08 00:57:52.977018368,418.37018,0.0
2022-03-08,11.022864,106.73617,2022-03-08 00:57:53.004014848,418.02954,0.0
2022-03-08,11.037043,106.74454,2022-03-08 00:57:53.031011072,417.9856,0.0
2022-03-08,11.051222,106.75275,2022-03-08 00:57:53.058007808,418.73843,0.0
2022-03-08,11.065395,106.760895,2022-03-08 00:57:53.085004032,418.922,0.0
2022-03-08,11.07956,106.76903,2022-03-08 00:57:53.112000512,419.27985,0.0
2022-03-08,10.963547,106.723854,2022-03-08 00:57:53.257000704,418.33945,0.0
2022-03-08,10.9777565,106.73223,2022-03-08 00:57:53.283997184,418.86185,0.0
2022-03-08,10.991959,106.74057,2022-03-08 00:57:53.310993664,418.6267,0.0
2022-03-08,11.020346,106.75704,2022-03-08 00:57:53.365026816,418.0105,0.0
2022-03-08,11.034525,106.765274,2022-03-08 00:57:53.392023040,418.70914,0.0
2022-03-08,11.048696,106.77348,2022-03-08 00:57:53.419019776,418.63458,0.0
2022-03-08,11.0628805,106.78144,2022-03-08 00:57:53.446016000,418.63583,0.0
2022-03-08,10.946855,106.73639,2022-03-08 00:57:53.590010368,418.50418,0.0
2022-03-08,10.961059,106.744804,2022-03-08 00:57:53.617006848,418.2597,0.0
2022-03-08,10.975259,106.7531,2022-03-08 00:57:53.644003328,418.67792,0.0
2022-03-08,10.989457,106.76125,2022-03-08 00:57:53.670999808,419.09543,0.0
2022-03-08,11.00364,106.76949,2022-03-08 00:57:53.697996032,417.34674,0.0
2022-03-08,11.017814,106.77772,2022-03-08 00:57:53.724992512,417.79532,0.0
2022-03-08,11.031986,106.78584,2022-03-08 00:57:53.751988992,416.94482,0.0
2022-03-08,10.930115,106.74886,2022-03-08 00:57:53.923020032,418.3594,0.0
2022-03-08,10.944321,106.75714,2022-03-08 00:57:53.950016512,418.32306,0.0
2022-03-08,10.958515,106.76547,2022-03-08 00:57:53.977012992,418.8485,0.0
2022-03-08,10.9727,106.773796,2022-03-08 00:57:54.004009216,418.15286,0.0
2022-03-08,10.91335,106.761375,2022-03-08 00:57:54.256995328,419.60275,0.0
2022-03-08,10.92755,106.76975,2022-03-08 00:57:54.283991808,419.17157,0.0
2022-03-08,10.941745,106.77802,2022-03-08 00:57:54.310988288,419.7506,0.0
2022-03-08,10.998442,106.810936,2022-03-08 00:57:54.419014144,419.73138,0.0
2022-03-08,10.89659,106.77401,2022-03-08 00:57:54.590004992,418.62744,0.0
2022-03-08,10.910797,106.78244,2022-03-08 00:57:54.617001472,419.10217,0.0
2022-03-08,10.924997,106.79077,2022-03-08 00:57:54.643997952,418.8964,0.0
2022-03-08,10.953386,106.80724,2022-03-08 00:57:54.697990656,419.029,0.0
2022-03-08,10.967568,106.815475,2022-03-08 00:57:54.724987136,419.01706,0.0
2022-03-08,10.98174,106.82371,2022-03-08 00:57:54.752023808,418.46765,0.0
2022-03-08,10.9959135,106.83181,2022-03-08 00:57:54.779020288,419.22955,0.0
2022-03-08,10.894146,106.79507,2022-03-08 00:57:54.950011136,418.8136,0.0
2022-03-08,10.90835,106.80332,2022-03-08 00:57:54.977007360,419.73474,0.0
2022-03-08,10.922545,106.811584,2022-03-08 00:57:55.004004096,419.18582,0.0
2022-03-08,10.950914,106.82799,2022-03-08 00:57:55.057996800,418.92172,0.0
2022-03-08,10.965091,106.836174,2022-03-08 00:57:55.084993280,418.52277,0.0
2022-03-08,10.9792595,106.84437,2022-03-08 00:57:55.111989760,418.77182,0.0
2022-03-08,10.863304,106.79923,2022-03-08 00:57:55.256989952,418.93076,0.0
2022-03-08,10.877507,106.807655,2022-03-08 00:57:55.284026624,419.2469,0.0
2022-03-08,10.905891,106.8242,2022-03-08 00:57:55.338019328,419.0135,0.0
2022-03-08,10.934244,106.840645,2022-03-08 00:57:55.392012288,418.48544,0.0
2022-03-08,10.948412,106.84879,2022-03-08 00:57:55.419008768,417.8966,0.0
2022-03-08,10.962569,106.85695,2022-03-08 00:57:55.446004992,418.58804,0.0
2022-03-08,10.860802,106.82035,2022-03-08 00:57:55.616996096,419.28882,0.0
2022-03-08,10.875011,106.82856,2022-03-08 00:57:55.643992320,419.28546,0.0
2022-03-08,10.889205,106.83684,2022-03-08 00:57:55.670988800,419.91296,0.0
2022-03-08,10.931705,106.86152,2022-03-08 00:57:55.752018432,419.23557,0.0
2022-03-08,10.945867,106.8696,2022-03-08 00:57:55.779014912,419.0758,0.0
2022-03-08,10.829857,106.824265,2022-03-08 00:57:55.923009280,418.27527,0.0
2022-03-08,10.844062,106.83267,2022-03-08 00:57:55.950005504,418.09567,0.0
2022-03-08,10.900796,106.865906,2022-03-08 00:57:56.057991424,418.1337,0.0
2022-03-08,10.914961,106.874084,2022-03-08 00:57:56.084987904,419.47812,0.0
2022-03-08,10.929124,106.88217,2022-03-08 00:57:56.112024576,418.40863,0.0
2022-03-08,10.827328,106.84523,2022-03-08 00:57:56.284021248,417.49277,0.0
2022-03-08,10.8699,106.87011,2022-03-08 00:57:56.365010432,419.0996,0.0
2022-03-08,10.884075,106.878334,2022-03-08 00:57:56.392006912,418.65616,0.0
2022-03-08,10.898248,106.886475,2022-03-08 00:57:56.419003136,418.25095,0.0
2022-03-08,10.912402,106.8947,2022-03-08 00:57:56.445999616,418.9321,0.0
2022-03-08,10.867329,106.89082,2022-03-08 00:57:56.725016576,419.24634,0.0
2022-03-08,10.881488,106.89901,2022-03-08 00:57:56.752013056,419.55472,0.0
2022-03-08,10.8956375,106.90719,2022-03-08 00:57:56.779009280,418.8886,0.0
2022-03-08,10.836426,106.89518,2022-03-08 00:57:57.030989568,418.87943,0.0
2022-03-08,10.850606,106.903366,2022-03-08 00:57:57.057986048,419.11,0.0
2022-03-08,10.864772,106.91155,2022-03-08 00:57:57.085022720,419.50702,0.0
2022-03-08,10.87893,106.91971,2022-03-08 00:57:57.112018944,419.23444,0.0
2022-03-08,10.805522,106.89954,2022-03-08 00:57:57.338008576,419.3367,0.0
2022-03-08,10.819701,106.90785,2022-03-08 00:57:57.365005056,419.083,0.0
2022-03-08,10.833867,106.91618,2022-03-08 00:57:57.392001280,418.75143,0.0
2022-03-08,10.8480425,106.92428,2022-03-08 00:57:57.418997760,418.98608,0.0
2022-03-08,10.862203,106.932434,2022-03-08 00:57:57.445994496,418.73654,0.0
2022-03-08,10.746209,106.88714,2022-03-08 00:57:57.589988608,419.7934,0.0
2022-03-08,10.7604065,106.89557,2022-03-08 00:57:57.617025280,418.2415,0.0
2022-03-08,10.774594,106.903946,2022-03-08 00:57:57.644021760,419.1851,0.0
2022-03-08,10.788778,106.91226,2022-03-08 00:57:57.671018240,418.89047,0.0
2022-03-08,10.802961,106.920555,2022-03-08 00:57:57.698014720,419.19678,0.0
2022-03-08,10.817141,106.92875,2022-03-08 00:57:57.725011200,419.09177,0.0
2022-03-08,10.831314,106.93689,2022-03-08 00:57:57.752007424,417.60297,0.0
2022-03-08,10.845482,106.945,2022-03-08 00:57:57.779004160,417.96094,0.0
2022-03-08,10.72952,106.89974,2022-03-08 00:57:57.922998528,418.34024,0.0
2022-03-08,10.743722,106.90805,2022-03-08 00:57:57.949994752,418.78568,0.0
2022-03-08,10.757914,106.91639,2022-03-08 00:57:57.976991232,418.1267,0.0
2022-03-08,10.772098,106.92468,2022-03-08 00:57:58.004027904,419.0174,0.0
2022-03-08,10.786271,106.93297,2022-03-08 00:57:58.031024384,417.2194,0.0
2022-03-08,10.800439,106.94121,2022-03-08 00:57:58.058020864,417.71957,0.0
2022-03-08,10.814601,106.949455,2022-03-08 00:57:58.085017088,418.70758,0.0
2022-03-08,10.828763,106.957596,2022-03-08 00:57:58.112013568,418.4986,0.0
2022-03-08,10.712823,106.91226,2022-03-08 00:57:58.257013760,419.00616,0.0
2022-03-08,10.741196,106.92907,2022-03-08 00:57:58.311006720,418.9062,0.0
2022-03-08,10.755374,106.937294,2022-03-08 00:57:58.338003200,418.80615,0.0
2022-03-08,10.769546,106.9455,2022-03-08 00:57:58.364999424,419.19406,0.0
2022-03-08,10.783702,106.95377,2022-03-08 00:57:58.391995904,418.39563,0.0
2022-03-08,10.7978525,106.962,2022-03-08 00:57:58.418992640,418.549,0.0
2022-03-08,10.696031,106.92488,2022-03-08 00:57:58.590023424,418.51056,0.0
2022-03-08,10.710231,106.93331,2022-03-08 00:57:58.617019904,418.18195,0.0
2022-03-08,10.724424,106.941666,2022-03-08 00:57:58.644016384,418.13217,0.0
2022-03-08,10.738617,106.94983,2022-03-08 00:57:58.671012864,418.96252,0.0
2022-03-08,10.752791,106.95807,2022-03-08 00:57:58.698009344,418.7735,0.0
2022-03-08,10.766957,106.96629,2022-03-08 00:57:58.725005568,418.3362,0.0
2022-03-08,10.78112,106.97443,2022-03-08 00:57:58.752002304,418.48077,0.0
2022-03-08,10.795271,106.982605,2022-03-08 00:57:58.778998528,418.65588,0.0
2022-03-08,10.679292,106.9373,2022-03-08 00:57:58.922992896,418.58026,0.0
2022-03-08,10.693492,106.94572,2022-03-08 00:57:58.949989376,419.20932,0.0
2022-03-08,10.707684,106.95409,2022-03-08 00:57:58.977026048,418.96326,0.0
2022-03-08,10.721873,106.96231,2022-03-08 00:57:59.004022528,418.5298,0.0
2022-03-08,10.736052,106.97058,2022-03-08 00:57:59.031019008,418.9388,0.0
2022-03-08,10.75022,106.978836,2022-03-08 00:57:59.058015232,418.13724,0.0
2022-03-08,10.77854,106.99513,2022-03-08 00:57:59.112008192,418.03418,0.0
2022-03-08,10.662561,106.94983,2022-03-08 00:57:59.257008640,418.79825,0.0
2022-03-08,10.719324,106.98307,2022-03-08 00:57:59.364994048,418.6466,0.0
2022-03-08,10.733496,106.991295,2022-03-08 00:57:59.391990784,419.10565,0.0
2022-03-08,10.747664,106.99945,2022-03-08 00:57:59.418987008,418.4711,0.0
2022-03-08,10.761822,107.00761,2022-03-08 00:57:59.446023680,417.97137,0.0
2022-03-08,10.660075,106.97065,2022-03-08 00:57:59.617014528,417.64215,0.0
2022-03-08,10.716804,107.00382,2022-03-08 00:57:59.725000448,418.5625,0.0
2022-03-08,10.730971,107.01198,2022-03-08 00:57:59.751996672,418.57013,0.0
2022-03-08,10.745134,107.020096,2022-03-08 00:57:59.778993152,418.3704,0.0
2022-03-08,10.7000885,107.016426,2022-03-08 00:58:00.058009856,417.773,0.0
2022-03-08,10.714251,107.02463,2022-03-08 00:58:00.085006336,418.7175,0.0
2022-03-08,10.728411,107.03275,2022-03-08 00:58:00.112002816,418.7476,0.0
2022-03-08,10.697518,107.03734,2022-03-08 00:58:00.419021824,419.453,0.0
2022-03-08,10.711669,107.04552,2022-03-08 00:58:00.446018304,418.5917,0.0
2022-03-08,10.595742,107.00001,2022-03-08 00:58:00.590012672,422.3274,0.0
2022-03-08,10.666656,107.04155,2022-03-08 00:58:00.724994816,418.42212,0.0
2022-03-08,10.680804,107.04985,2022-03-08 00:58:00.751991296,418.37363,0.0
2022-03-08,10.694958,107.05798,2022-03-08 00:58:00.778987520,419.381,0.0
2022-03-08,10.649906,107.054115,2022-03-08 00:58:01.058004480,418.7015,0.0
2022-03-08,10.664067,107.062256,2022-03-08 00:58:01.085000960,418.5974,0.0
2022-03-08,10.67822,107.07037,2022-03-08 00:58:01.111997440,418.12064,0.0
2022-03-08,10.604797,107.050156,2022-03-08 00:58:01.338027008,418.29547,0.0
2022-03-08,10.618972,107.058365,2022-03-08 00:58:01.365023488,418.60883,0.0
2022-03-08,10.633134,107.06661,2022-03-08 00:58:01.392019968,418.46524,0.0
2022-03-08,10.647291,107.07479,2022-03-08 00:58:01.419016448,418.56204,0.0
2022-03-08,10.661441,107.08295,2022-03-08 00:58:01.446012928,418.55777,0.0
2022-03-08,10.559682,107.04609,2022-03-08 00:58:01.617003776,419.00256,0.0
2022-03-08,10.573865,107.05452,2022-03-08 00:58:01.644000000,418.14032,0.0
2022-03-08,10.588045,107.062836,2022-03-08 00:58:01.670996736,418.16336,0.0
2022-03-08,10.602224,107.07106,2022-03-08 00:58:01.697992960,419.20557,0.0
2022-03-08,10.616394,107.07929,2022-03-08 00:58:01.724989440,417.47,0.0
2022-03-08,10.630559,107.08745,2022-03-08 00:58:01.752026112,417.90353,0.0
2022-03-08,10.644716,107.09559,2022-03-08 00:58:01.779022336,418.53256,0.0
2022-03-08,11.581842,106.42033,2022-03-08 00:58:04.616987392,418.1765,0.0
2022-03-08,11.59972,106.42449,2022-03-08 00:58:04.644024064,417.87894,0.0
2022-03-08,11.617655,106.428566,2022-03-08 00:58:04.671020544,418.2977,0.0
2022-03-08,11.635684,106.43248,2022-03-08 00:58:04.698016768,418.5779,0.0
2022-03-08,11.564504,106.43326,2022-03-08 00:58:04.949997056,418.17828,0.0
2022-03-08,11.582438,106.437294,2022-03-08 00:58:04.976993536,417.6063,0.0
2022-03-08,11.600412,106.44132,2022-03-08 00:58:05.003990016,418.23972,0.0
2022-03-08,11.618439,106.44541,2022-03-08 00:58:05.031026688,417.8932,0.0
2022-03-08,11.636613,106.44925,2022-03-08 00:58:05.058022912,419.36258,0.0
2022-03-08,11.654784,106.45315,2022-03-08 00:58:05.085019648,418.3261,0.0
2022-03-08,11.672999,106.45701,2022-03-08 00:58:05.112015872,419.06436,0.0
2022-03-08,11.584056,106.4541,2022-03-08 00:58:05.338005504,417.74832,0.0
2022-03-08,11.602079,106.458145,2022-03-08 00:58:05.365001984,418.04327,0.0
2022-03-08,11.62025,106.461945,2022-03-08 00:58:05.391998208,418.71875,0.0
2022-03-08,11.638334,106.46593,2022-03-08 00:58:05.418994688,417.48782,0.0
2022-03-08,11.656523,106.46975,2022-03-08 00:58:05.445990912,419.25644,0.0
2022-03-08,11.567263,106.46674,2022-03-08 00:58:05.671014912,417.77618,0.0
2022-03-08,11.585225,106.470795,2022-03-08 00:58:05.698011392,417.76376,0.0
2022-03-08,11.60335,106.47457,2022-03-08 00:58:05.725008128,417.1854,0.0
2022-03-08,11.621454,106.47843,2022-03-08 00:58:05.752004352,418.84732,0.0
2022-03-08,11.63958,106.48231,2022-03-08 00:58:05.779000832,418.28806,0.0
2022-03-08,11.550465,106.47918,2022-03-08 00:58:06.004024832,417.03278,0.0
2022-03-08,11.5684395,106.48329,2022-03-08 00:58:06.031021056,417.86505,0.0
2022-03-08,11.586575,106.48713,2022-03-08 00:58:06.058017792,417.44083,0.0
2022-03-08,11.604651,106.49113,2022-03-08 00:58:06.085014016,418.3542,0.0
2022-03-08,11.551682,106.49603,2022-03-08 00:58:06.364996352,417.66425,0.0
2022-03-08,11.569759,106.49999,2022-03-08 00:58:06.391992832,417.73215,0.0
2022-03-08,11.58792,106.50385,2022-03-08 00:58:06.418989056,418.52478,0.0
2022-03-08,11.606067,106.507805,2022-03-08 00:58:06.446025728,418.07056,0.0
2022-03-08,11.55328,106.512695,2022-03-08 00:58:06.725002496,417.51877,0.0
2022-03-08,11.589653,106.52039,2022-03-08 00:58:06.778995456,418.14288,0.0
2022-03-08,11.536644,106.525345,2022-03-08 00:58:07.058012160,417.71423,0.0
2022-03-08,11.554812,106.52916,2022-03-08 00:58:07.085008640,416.7906,0.0
2022-03-08,11.572913,106.53314,2022-03-08 00:58:07.112005120,418.23483,0.0
2022-03-08,11.537847,106.54196,2022-03-08 00:58:07.419023872,418.22302,0.0
2022-03-08,11.556052,106.54572,2022-03-08 00:58:07.446020608,418.75708,0.0
2022-03-08,11.520969,106.554596,2022-03-08 00:58:07.751993600,418.44174,0.0
2022-03-08,11.522433,106.57097,2022-03-08 00:58:08.111999488,417.64508,0.0
2022-03-08,11.505859,106.58382,2022-03-08 00:58:08.446015232,418.23447,0.0
2022-03-08,11.363007,106.56831,2022-03-08 00:58:08.590009344,418.13998,0.0
2022-03-08,11.380956,106.57235,2022-03-08 00:58:08.617005824,418.24075,0.0
2022-03-08,11.489214,106.596375,2022-03-08 00:58:08.779024896,417.84326,0.0
2022-03-08,11.346382,106.58082,2022-03-08 00:58:08.923019264,418.35596,0.0
2022-03-08,11.364298,106.58492,2022-03-08 00:58:08.950015488,417.85895,0.0
2022-03-08,11.347416,106.59757,2022-03-08 00:58:09.283990784,418.70456,0.0
2022-03-08,11.383333,106.60565,2022-03-08 00:58:09.338023936,418.2327,0.0
2022-03-08,11.312738,106.605995,2022-03-08 00:58:09.590003968,418.64948,0.0
2022-03-08,11.330645,106.610115,2022-03-08 00:58:09.617000704,418.4565,0.0
2022-03-08,11.331839,106.62684,2022-03-08 00:58:09.977006592,419.14755,0.0
2022-03-08,11.349809,106.63092,2022-03-08 00:58:10.004003072,417.46167,0.0
2022-03-08,11.367891,106.63488,2022-03-08 00:58:10.030999296,418.50015,0.0
2022-03-08,11.279482,106.63134,2022-03-08 00:58:10.256988928,418.03665,0.0
2022-03-08,11.297349,106.63555,2022-03-08 00:58:10.284025600,418.6407,0.0
2022-03-08,11.3153305,106.639565,2022-03-08 00:58:10.311022080,418.8328,0.0
2022-03-08,11.35135,106.64761,2022-03-08 00:58:10.365015040,417.64923,0.0
2022-03-08,11.262767,106.643875,2022-03-08 00:58:10.589998848,418.12006,0.0
2022-03-08,11.280625,106.64807,2022-03-08 00:58:10.616995072,417.8431,0.0
2022-03-08,11.298565,106.652145,2022-03-08 00:58:10.643991552,418.34607,0.0
2022-03-08,11.316528,106.65621,2022-03-08 00:58:10.670988032,418.18973,0.0
2022-03-08,11.352714,106.66405,2022-03-08 00:58:10.725021184,417.6258,0.0
2022-03-08,11.246039,106.65639,2022-03-08 00:58:10.923008512,418.90063,0.0
2022-03-08,11.281794,106.66472,2022-03-08 00:58:10.977001216,419.7465,0.0
2022-03-08,11.299767,106.66875,2022-03-08 00:58:11.003997440,418.3865,0.0
2022-03-08,11.317841,106.67262,2022-03-08 00:58:11.030993920,418.6691,0.0
2022-03-08,11.353975,106.68054,2022-03-08 00:58:11.084986880,417.75006,0.0
2022-03-08,11.229129,106.66901,2022-03-08 00:58:11.257023744,418.13364,0.0
2022-03-08,11.247002,106.673195,2022-03-08 00:58:11.284020224,417.92282,0.0
2022-03-08,11.264926,106.67732,2022-03-08 00:58:11.311016448,418.45645,0.0
2022-03-08,11.282898,106.6814,2022-03-08 00:58:11.338013184,418.79196,0.0
2022-03-08,11.319101,106.689156,2022-03-08 00:58:11.392005888,418.39987,0.0
2022-03-08,11.266231,106.69396,2022-03-08 00:58:11.671022848,418.40417,0.0
2022-03-08,11.284253,106.697975,2022-03-08 00:58:11.698019328,418.7924,0.0
2022-03-08,11.302325,106.70193,2022-03-08 00:58:11.725015552,418.0729,0.0
2022-03-08,11.320449,106.705826,2022-03-08 00:58:11.752012032,418.66818,0.0
2022-03-08,11.33867,106.70959,2022-03-08 00:58:11.779008512,417.87607,0.0
2022-03-08,11.195739,106.69433,2022-03-08 00:58:11.923002880,418.41718,0.0
2022-03-08,11.213643,106.6985,2022-03-08 00:58:11.949999360,418.46704,0.0
2022-03-08,11.249574,106.706726,2022-03-08 00:58:12.003992064,419.4739,0.0
2022-03-08,11.267618,106.71071,2022-03-08 00:58:12.030988800,419.5451,0.0
2022-03-08,11.285721,106.71462,2022-03-08 00:58:12.058025472,419.29218,0.0
2022-03-08,11.303913,106.71839,2022-03-08 00:58:12.085021696,418.71045,0.0
2022-03-08,11.321977,106.72244,2022-03-08 00:58:12.112018176,418.27466,0.0
2022-03-08,11.232983,106.7192,2022-03-08 00:58:12.338007808,418.46588,0.0
2022-03-08,11.269097,106.72722,2022-03-08 00:58:12.392000768,419.60657,0.0
2022-03-08,11.305394,106.735,2022-03-08 00:58:12.445993472,417.83453,0.0
2022-03-08,11.162499,106.71951,2022-03-08 00:58:12.589987840,418.55362,0.0
2022-03-08,11.180363,106.72373,2022-03-08 00:58:12.617024512,418.76132,0.0
2022-03-08,11.198329,106.727776,2022-03-08 00:58:12.644020992,418.43063,0.0
2022-03-08,11.2343445,106.73581,2022-03-08 00:58:12.698013696,418.81564,0.0
2022-03-08,11.252383,106.73982,2022-03-08 00:58:12.725010176,418.16455,0.0
2022-03-08,11.270541,106.74365,2022-03-08 00:58:12.752006656,418.6689,0.0
2022-03-08,11.288663,106.7476,2022-03-08 00:58:12.779003136,418.62225,0.0
2022-03-08,11.145661,106.7323,2022-03-08 00:58:12.922997504,418.85992,0.0
2022-03-08,11.163517,106.73654,2022-03-08 00:58:12.949993728,418.53278,0.0
2022-03-08,11.199453,106.74468,2022-03-08 00:58:13.003986944,419.5512,0.0
2022-03-08,11.217451,106.74868,2022-03-08 00:58:13.031023616,419.37997,0.0
2022-03-08,11.235567,106.752495,2022-03-08 00:58:13.058019840,419.53705,0.0
2022-03-08,11.253692,106.756325,2022-03-08 00:58:13.085016320,418.62033,0.0
2022-03-08,11.2718935,106.76005,2022-03-08 00:58:13.112012800,418.45242,0.0
2022-03-08,11.128828,106.74458,2022-03-08 00:58:13.257012736,418.69473,0.0
2022-03-08,11.1467085,106.748764,2022-03-08 00:58:13.284009472,419.23776,0.0
2022-03-08,11.182651,106.756874,2022-03-08 00:58:13.338002176,418.99985,0.0
2022-03-08,11.218742,106.764854,2022-03-08 00:58:13.391995136,418.80426,0.0
2022-03-08,11.255079,106.77255,2022-03-08 00:58:13.445987840,418.16052,0.0
2022-03-08,11.112165,106.75709,2022-03-08 00:58:13.590022656,418.79874,0.0
2022-03-08,11.130009,106.76135,2022-03-08 00:58:13.617019136,418.82776,0.0
2022-03-08,11.165905,106.76956,2022-03-08 00:58:13.671011840,419.10855,0.0
2022-03-08,11.2020035,106.77751,2022-03-08 00:58:13.725004800,419.64804,0.0
2022-03-08,11.220215,106.781235,2022-03-08 00:58:13.752001280,419.2632,0.0
2022-03-08,11.238313,106.78523,2022-03-08 00:58:13.778997760,419.54,0.0
2022-03-08,11.095518,106.76981,2022-03-08 00:58:13.922991872,418.54865,0.0
2022-03-08,11.131369,106.77818,2022-03-08 00:58:13.977025024,418.12338,0.0
2022-03-08,11.149359,106.78228,2022-03-08 00:58:14.004021760,419.09695,0.0
2022-03-08,11.185487,106.7902,2022-03-08 00:58:14.058014464,418.72586,0.0
2022-03-08,11.203609,106.7941,2022-03-08 00:58:14.085010944,418.72928,0.0
2022-03-08,11.221834,106.79785,2022-03-08 00:58:14.112007424,418.85495,0.0
2022-03-08,11.078906,106.7823,2022-03-08 00:58:14.257007616,418.6992,0.0
2022-03-08,11.096792,106.786476,2022-03-08 00:58:14.284004096,418.4248,0.0
2022-03-08,11.114718,106.79062,2022-03-08 00:58:14.311000320,419.45612,0.0
2022-03-08,11.132684,106.794716,2022-03-08 00:58:14.337997056,418.8612,0.0
2022-03-08,11.150712,106.79874,2022-03-08 00:58:14.364993280,418.9309,0.0
2022-03-08,11.168813,106.80266,2022-03-08 00:58:14.391989760,419.49283,0.0
2022-03-08,11.186951,106.80655,2022-03-08 00:58:14.419026432,418.75644,0.0
2022-03-08,11.205157,106.81036,2022-03-08 00:58:14.446022656,418.7865,0.0
2022-03-08,11.062307,106.794655,2022-03-08 00:58:14.590017280,418.49414,0.0
2022-03-08,11.080125,106.798904,2022-03-08 00:58:14.617013760,418.7966,0.0
2022-03-08,11.115823,106.807335,2022-03-08 00:58:14.671006464,419.5333,0.0
2022-03-08,11.1337805,106.8114,2022-03-08 00:58:14.698002688,419.71756,0.0
2022-03-08,11.151894,106.8152,2022-03-08 00:58:14.724999424,419.12433,0.0
2022-03-08,11.169997,106.81908,2022-03-08 00:58:14.751995904,418.59976,0.0
2022-03-08,11.063196,106.81131,2022-03-08 00:58:14.950023168,418.0294,0.0
2022-03-08,11.081004,106.815674,2022-03-08 00:58:14.977019904,418.13614,0.0
2022-03-08,11.098924,106.81985,2022-03-08 00:58:15.004016128,418.96814,0.0
2022-03-08,11.11698,106.82379,2022-03-08 00:58:15.031012608,418.70587,0.0
2022-03-08,11.134972,106.82791,2022-03-08 00:58:15.058009088,418.06592,0.0
2022-03-08,11.153096,106.831825,2022-03-08 00:58:15.085005568,419.687,0.0
2022-03-08,11.082225,106.83244,2022-03-08 00:58:15.337991424,418.77383,0.0
2022-03-08,11.100232,106.83648,2022-03-08 00:58:15.364987904,419.18173,0.0
2022-03-08,11.118214,106.84061,2022-03-08 00:58:15.392024576,418.64902,0.0
2022-03-08,11.136412,106.84441,2022-03-08 00:58:15.419020800,417.6883,0.0
2022-03-08,11.154512,106.84847,2022-03-08 00:58:15.446017280,418.69836,0.0
2022-03-08,11.02998,106.83664,2022-03-08 00:58:15.617008128,419.0619,0.0
2022-03-08,11.065878,106.84487,2022-03-08 00:58:15.671000832,418.35873,0.0
2022-03-08,11.101932,106.85295,2022-03-08 00:58:15.724994048,418.89636,0.0
2022-03-08,11.138108,106.860954,2022-03-08 00:58:15.779026944,419.36182,0.0
2022-03-08,10.995264,106.84531,2022-03-08 00:58:15.923021312,418.6645,0.0
2022-03-08,11.013205,106.849365,2022-03-08 00:58:15.950018048,419.04156,0.0
2022-03-08,11.049169,106.85743,2022-03-08 00:58:16.004010752,419.15405,0.0
2022-03-08,10.978462,106.85772,2022-03-08 00:58:16.256996608,418.4516,0.0
2022-03-08,10.996256,106.862045,2022-03-08 00:58:16.283993344,418.21774,0.0
2022-03-08,11.0142975,106.86589,2022-03-08 00:58:16.310989568,419.35242,0.0
2022-03-08,11.032271,106.86993,2022-03-08 00:58:16.338026240,418.9398,0.0
2022-03-08,11.068282,106.878,2022-03-08 00:58:16.392018944,418.84726,0.0
2022-03-08,11.086369,106.88197,2022-03-08 00:58:16.419015424,418.9533,0.0
2022-03-08,11.104541,106.88583,2022-03-08 00:58:16.446011904,418.86325,0.0
2022-03-08,10.961592,106.87033,2022-03-08 00:58:16.590006272,419.03,0.0
2022-03-08,10.979526,106.87439,2022-03-08 00:58:16.617002752,418.39636,0.0
2022-03-08,11.033531,106.88644,2022-03-08 00:58:16.697992192,418.99432,0.0
2022-03-08,11.05158,106.89044,2022-03-08 00:58:16.724988416,418.18015,0.0
2022-03-08,11.069564,106.89462,2022-03-08 00:58:16.752025088,418.78848,0.0
2022-03-08,11.087853,106.89826,2022-03-08 00:58:16.779021824,418.18854,0.0
2022-03-08,10.944965,106.88283,2022-03-08 00:58:16.923016192,418.6762,0.0
2022-03-08,10.962805,106.88714,2022-03-08 00:58:16.950012416,418.2965,0.0
2022-03-08,10.980795,106.89119,2022-03-08 00:58:16.977008896,419.11453,0.0
2022-03-08,10.998719,106.89541,2022-03-08 00:58:17.004005376,418.20886,0.0
2022-03-08,11.053216,106.90689,2022-03-08 00:58:17.084994560,419.5429,0.0
2022-03-08,10.928322,106.89559,2022-03-08 00:58:17.256991488,419.76126,0.0
2022-03-08,10.946205,106.899765,2022-03-08 00:58:17.283987712,419.35037,0.0
2022-03-08,10.964095,106.90397,2022-03-08 00:58:17.311024384,418.15063,0.0
2022-03-08,10.982031,106.90813,2022-03-08 00:58:17.338020864,418.3015,0.0
2022-03-08,11.000238,106.91178,2022-03-08 00:58:17.365017088,419.7101,0.0
2022-03-08,11.054662,106.92345,2022-03-08 00:58:17.446006528,418.5624,0.0
2022-03-08,10.911682,106.90802,2022-03-08 00:58:17.590000896,419.20248,0.0
2022-03-08,10.929506,106.9123,2022-03-08 00:58:17.616997120,418.124,0.0
2022-03-08,10.947312,106.91664,2022-03-08 00:58:17.643993856,418.31595,0.0
2022-03-08,10.965256,106.92074,2022-03-08 00:58:17.670990336,418.40295,0.0
2022-03-08,10.983466,106.92435,2022-03-08 00:58:17.698027008,418.59167,0.0
2022-03-08,11.001577,106.928215,2022-03-08 00:58:17.725023232,418.86438,0.0
2022-03-08,11.019696,106.932106,2022-03-08 00:58:17.752019968,419.30453,0.0
2022-03-08,11.037792,106.93609,2022-03-08 00:58:17.779016192,418.58316,0.0
2022-03-08,10.894808,106.92046,2022-03-08 00:58:17.923010560,419.5713,0.0
2022-03-08,10.9305315,106.92887,2022-03-08 00:58:17.977003520,418.98123,0.0
2022-03-08,10.948443,106.93304,2022-03-08 00:58:18.004000000,418.58472,0.0
2022-03-08,10.966414,106.93716,2022-03-08 00:58:18.030996224,418.94464,0.0
2022-03-08,10.984677,106.94075,2022-03-08 00:58:18.057992704,417.95078,0.0
2022-03-08,11.002824,106.944626,2022-03-08 00:58:18.084989184,418.5474,0.0
2022-03-08,11.021038,106.94842,2022-03-08 00:58:18.112025856,418.69955,0.0
2022-03-08,10.878015,106.93307,2022-03-08 00:58:18.257026304,419.37073,0.0
2022-03-08,10.895864,106.93731,2022-03-08 00:58:18.284022528,419.21057,0.0
2022-03-08,10.913852,106.94131,2022-03-08 00:58:18.311019008,419.20834,0.0
2022-03-08,10.931732,106.945564,2022-03-08 00:58:18.338015232,419.3023,0.0
2022-03-08,10.949687,106.949715,2022-03-08 00:58:18.365011712,418.78253,0.0
2022-03-08,10.967765,106.95367,2022-03-08 00:58:18.392008192,419.00928,0.0
2022-03-08,11.004066,106.961426,2022-03-08 00:58:18.446001152,419.02106,0.0
2022-03-08,10.8611765,106.945816,2022-03-08 00:58:18.589995264,419.49005,0.0
2022-03-08,10.879052,106.95005,2022-03-08 00:58:18.616992000,419.15533,0.0
2022-03-08,10.89702,106.95417,2022-03-08 00:58:18.643988480,418.47754,0.0
2022-03-08,10.915118,106.95807,2022-03-08 00:58:18.671025152,419.24075,0.0
2022-03-08,10.9330845,106.96227,2022-03-08 00:58:18.698021376,418.26273,0.0
2022-03-08,10.951195,106.96623,2022-03-08 00:58:18.725018112,417.5796,0.0
2022-03-08,10.96943,106.97,2022-03-08 00:58:18.752014336,417.53357,0.0
2022-03-08,10.987601,106.97394,2022-03-08 00:58:18.779010816,419.28168,0.0
2022-03-08,10.880455,106.966805,2022-03-08 00:58:18.976998144,418.83383,0.0
2022-03-08,10.898473,106.97079,2022-03-08 00:58:19.003994368,418.77756,0.0
2022-03-08,10.916584,106.97464,2022-03-08 00:58:19.030990848,419.5186,0.0
2022-03-08,10.934542,106.978836,2022-03-08 00:58:19.058027520,419.1477,0.0
2022-03-08,10.952725,106.982635,2022-03-08 00:58:19.085024000,418.3701,0.0
2022-03-08,10.828005,106.970894,2022-03-08 00:58:19.257020672,418.69003,0.0
2022-03-08,10.845872,106.97509,2022-03-08 00:58:19.284017152,417.82632,0.0
2022-03-08,10.863753,106.979294,2022-03-08 00:58:19.311013376,418.96863,0.0
2022-03-08,10.917901,106.99116,2022-03-08 00:58:19.392002816,418.4347,0.0
2022-03-08,10.935867,106.99531,2022-03-08 00:58:19.418999296,418.9803,0.0
2022-03-08,10.954031,106.9991,2022-03-08 00:58:19.445995776,419.38608,0.0
2022-03-08,10.828875,106.9875,2022-03-08 00:58:19.617026816,418.12198,0.0
2022-03-08,10.882724,106.99987,2022-03-08 00:58:19.698016256,418.7255,0.0
2022-03-08,10.918966,107.007645,2022-03-08 00:58:19.752008960,418.51096,0.0
2022-03-08,10.937072,107.011635,2022-03-08 00:58:19.779005184,418.25653,0.0
2022-03-08,10.830278,107.00368,2022-03-08 00:58:19.976992512,418.62436,0.0
2022-03-08,10.902272,107.02011,2022-03-08 00:58:20.085018624,418.53262,0.0
2022-03-08,10.920413,107.02406,2022-03-08 00:58:20.112015104,418.98047,0.0
2022-03-08,10.777494,107.00874,2022-03-08 00:58:20.257015296,418.57486,0.0
2022-03-08,10.795471,107.0128,2022-03-08 00:58:20.284011520,419.02747,0.0
2022-03-08,10.9038725,107.03684,2022-03-08 00:58:20.445990400,418.41238,0.0
2022-03-08,10.778865,107.02544,2022-03-08 00:58:20.617021440,418.69437,0.0
2022-03-08,10.887169,107.049416,2022-03-08 00:58:20.778999808,418.31046,0.0
2022-03-08,10.744392,107.03355,2022-03-08 00:58:20.922994432,418.51935,0.0
2022-03-08,10.762228,107.037834,2022-03-08 00:58:20.949990656,419.31165,0.0
2022-03-08,10.816092,107.0501,2022-03-08 00:58:21.031020288,418.02847,0.0
2022-03-08,10.834061,107.0542,2022-03-08 00:58:21.058016768,418.2112,0.0
2022-03-08,10.85221,107.058,2022-03-08 00:58:21.085013248,419.00143,0.0
2022-03-08,10.870336,107.06188,2022-03-08 00:58:21.112009472,418.45697,0.0
2022-03-08,10.727355,107.04618,2022-03-08 00:58:21.257009664,418.23688,0.0
2022-03-08,10.745174,107.05049,2022-03-08 00:58:21.284006144,419.554,0.0
2022-03-08,10.763166,107.0545,2022-03-08 00:58:21.311002624,418.24127,0.0
2022-03-08,10.817141,107.066765,2022-03-08 00:58:21.391992064,418.3548,0.0
2022-03-08,10.835302,107.07061,2022-03-08 00:58:21.418988544,418.51633,0.0
2022-03-08,10.710514,107.0589,2022-03-08 00:58:21.590019584,418.87796,0.0
2022-03-08,10.728397,107.06306,2022-03-08 00:58:21.617015808,418.4876,0.0
2022-03-08,10.746298,107.067215,2022-03-08 00:58:21.644012544,418.9083,0.0
2022-03-08,10.782243,107.07541,2022-03-08 00:58:21.698005248,418.81693,0.0
2022-03-08,10.800355,107.0793,2022-03-08 00:58:21.725001472,418.44717,0.0
2022-03-08,10.818467,107.083244,2022-03-08 00:58:21.751997952,418.78452,0.0
2022-03-08,10.836655,107.08709,2022-03-08 00:58:21.778994688,418.95734,0.0
2022-03-08,10.694006,107.071304,2022-03-08 00:58:21.922988800,419.31516,0.0
2022-03-08,10.711873,107.075584,2022-03-08 00:58:21.950025472,418.9544,0.0
2022-03-08,10.729835,107.07971,2022-03-08 00:58:21.977021952,418.88214,0.0
2022-03-08,10.747768,107.08393,2022-03-08 00:58:22.004018432,417.9475,0.0
2022-03-08,10.765888,107.08775,2022-03-08 00:58:22.031014912,418.60803,0.0
2022-03-08,10.783819,107.091995,2022-03-08 00:58:22.058011392,418.56155,0.0
2022-03-08,10.801961,107.09587,2022-03-08 00:58:22.085007616,417.99155,0.0
2022-03-08,10.820051,107.09989,2022-03-08 00:58:22.112004352,418.21716,0.0
2022-03-08,10.677272,107.08401,2022-03-08 00:58:22.257004288,418.2857,0.0
2022-03-08,10.695163,107.088165,2022-03-08 00:58:22.284000768,418.08722,0.0
2022-03-08,10.713078,107.092316,2022-03-08 00:58:22.310997248,418.50433,0.0
2022-03-08,10.730933,107.09663,2022-03-08 00:58:22.337993728,418.69363,0.0
2022-03-08,10.749037,107.10049,2022-03-08 00:58:22.364990208,418.76672,0.0
2022-03-08,10.76706,107.104546,2022-03-08 00:58:22.392026880,419.11243,0.0
2022-03-08,10.78511,107.1086,2022-03-08 00:58:22.419023360,417.78406,0.0
2022-03-08,10.803266,107.112495,2022-03-08 00:58:22.446019584,418.60095,0.0
2022-03-08,10.660543,107.09648,2022-03-08 00:58:22.590013952,418.61398,0.0
2022-03-08,10.69634,107.10474,2022-03-08 00:58:22.644006912,419.1273,0.0
2022-03-08,10.714282,107.10884,2022-03-08 00:58:22.671003392,418.37122,0.0
2022-03-08,10.732178,107.113075,2022-03-08 00:58:22.697999616,418.4449,0.0
2022-03-08,10.786423,107.124954,2022-03-08 00:58:22.778989056,418.21744,0.0
2022-03-08,10.643643,107.10906,2022-03-08 00:58:22.923023616,418.0015,0.0
2022-03-08,10.661494,107.113304,2022-03-08 00:58:22.950020096,418.18317,0.0
2022-03-08,10.679447,107.11738,2022-03-08 00:58:22.977016576,418.6607,0.0
2022-03-08,10.697462,107.121376,2022-03-08 00:58:23.004013056,418.88452,0.0
2022-03-08,10.715404,107.12556,2022-03-08 00:58:23.031009536,418.74957,0.0
2022-03-08,10.733392,107.129684,2022-03-08 00:58:23.058005760,419.3984,0.0
2022-03-08,10.769684,107.13748,2022-03-08 00:58:23.111998720,418.08685,0.0
2022-03-08,10.626936,107.12158,2022-03-08 00:58:23.256998912,418.8222,0.0
2022-03-08,10.644796,107.12581,2022-03-08 00:58:23.283995392,417.0305,0.0
2022-03-08,10.662678,107.130035,2022-03-08 00:58:23.310991872,418.0847,0.0
2022-03-08,10.68062,107.13418,2022-03-08 00:58:23.337988352,418.61267,0.0
2022-03-08,10.698616,107.13826,2022-03-08 00:58:23.365025024,418.38635,0.0
2022-03-08,10.71661,107.14238,2022-03-08 00:58:23.392021504,418.083,0.0
2022-03-08,10.752942,107.1501,2022-03-08 00:58:23.446014208,419.1455,0.0
2022-03-08,10.610252,107.133995,2022-03-08 00:58:23.590008832,417.77844,0.0
2022-03-08,10.628071,107.13829,2022-03-08 00:58:23.617005056,416.19824,0.0
2022-03-08,10.645969,107.14247,2022-03-08 00:58:23.644001536,417.56363,0.0
2022-03-08,10.66392,107.14658,2022-03-08 00:58:23.670997760,418.58792,0.0
2022-03-08,10.681779,107.15093,2022-03-08 00:58:23.697994240,418.31607,0.0
2022-03-08,10.699843,107.15492,2022-03-08 00:58:23.724990720,418.83923,0.0
2022-03-08,10.717907,107.15895,2022-03-08 00:58:23.752027392,418.89984,0.0
2022-03-08,10.736074,107.16283,2022-03-08 00:58:23.779023872,418.64914,0.0
2022-03-08,10.593542,107.14645,2022-03-08 00:58:23.923018240,417.95575,0.0
2022-03-08,10.61137,107.15073,2022-03-08 00:58:23.950014464,417.94733,0.0
2022-03-08,10.647176,107.159096,2022-03-08 00:58:24.004007680,417.61496,0.0
2022-03-08,10.665115,107.16326,2022-03-08 00:58:24.031003904,418.49097,0.0
2022-03-08,10.683142,107.16731,2022-03-08 00:58:24.058000640,418.1607,0.0
2022-03-08,10.701172,107.17141,2022-03-08 00:58:24.084996864,418.37827,0.0
2022-03-08,10.719304,107.175354,2022-03-08 00:58:24.111993344,418.92447,0.0
2022-03-08,11.567894,106.56201,2022-03-08 00:58:26.589992192,418.18506,0.0
2022-03-08,11.668349,106.55021,2022-03-08 00:58:26.698018304,418.09714,0.0
2022-03-08,11.693819,106.547066,2022-03-08 00:58:26.725014784,417.50613,0.0
2022-03-08,11.719749,106.54343,2022-03-08 00:58:26.752011264,417.8398,0.0
2022-03-08,11.745605,106.540016,2022-03-08 00:58:26.779007744,418.02087,0.0
2022-03-08,11.550843,106.57498,2022-03-08 00:58:26.923002112,418.3169,0.0
2022-03-08,11.575693,106.57218,2022-03-08 00:58:26.949998336,418.07657,0.0
2022-03-08,11.600684,106.5693,2022-03-08 00:58:26.976995072,417.71042,0.0
2022-03-08,11.625711,106.566475,2022-03-08 00:58:27.003991296,418.2606,0.0
2022-03-08,11.651006,106.56337,2022-03-08 00:58:27.030987776,418.0457,0.0
2022-03-08,11.676505,106.560104,2022-03-08 00:58:27.058024448,417.51407,0.0
2022-03-08,11.702381,106.55644,2022-03-08 00:58:27.085020672,418.0563,0.0
2022-03-08,11.7283325,106.5528,2022-03-08 00:58:27.112017152,418.14804,0.0
2022-03-08,11.533939,106.58732,2022-03-08 00:58:27.257017600,418.2377,0.0
2022-03-08,11.5588665,106.584564,2022-03-08 00:58:27.284014080,417.89587,0.0
2022-03-08,11.584098,106.58152,2022-03-08 00:58:27.311010304,418.3353,0.0
2022-03-08,11.609095,106.57892,2022-03-08 00:58:27.338006784,418.51355,0.0
2022-03-08,11.712009,106.565544,2022-03-08 00:58:27.445992448,417.5024,0.0
2022-03-08,11.517586,106.600174,2022-03-08 00:58:27.590027008,417.04648,0.0
2022-03-08,11.542562,106.59723,2022-03-08 00:58:27.617023488,417.52994,0.0
2022-03-08,11.567542,106.5944,2022-03-08 00:58:27.644019968,417.1686,0.0
2022-03-08,11.617893,106.58856,2022-03-08 00:58:27.698012928,417.67422,0.0
2022-03-08,11.525552,106.60979,2022-03-08 00:58:27.949993216,417.55234,0.0
2022-03-08,11.550686,106.60664,2022-03-08 00:58:27.976989440,417.61536,0.0
2022-03-08,11.57569,106.60382,2022-03-08 00:58:28.004026112,417.78375,0.0
2022-03-08,11.600849,106.60105,2022-03-08 00:58:28.031022592,418.4529,0.0
2022-03-08,11.626439,106.59781,2022-03-08 00:58:28.058018816,417.90106,0.0
2022-03-08,11.65231,106.594345,2022-03-08 00:58:28.085015296,417.98962,0.0
2022-03-08,11.678054,106.59118,2022-03-08 00:58:28.112012032,417.64218,0.0
2022-03-08,11.509031,106.62235,2022-03-08 00:58:28.284008448,417.46317,0.0
2022-03-08,11.534063,106.61935,2022-03-08 00:58:28.311004928,417.9912,0.0
2022-03-08,11.58448,106.61323,2022-03-08 00:58:28.364997888,417.71356,0.0
2022-03-08,11.635169,106.60727,2022-03-08 00:58:28.418990592,417.65414,0.0
2022-03-08,11.661233,106.60357,2022-03-08 00:58:28.445987328,418.15622,0.0
2022-03-08,11.542515,106.62904,2022-03-08 00:58:28.671011072,417.70233,0.0
2022-03-08,11.619185,106.61949,2022-03-08 00:58:28.752000256,417.94296,0.0
2022-03-08,11.526072,106.64154,2022-03-08 00:58:29.004020736,417.84097,0.0
2022-03-08,11.55139,106.63849,2022-03-08 00:58:29.031016960,418.15582,0.0
2022-03-08,11.576664,106.63562,2022-03-08 00:58:29.058013440,417.9577,0.0
2022-03-08,11.602171,106.63255,2022-03-08 00:58:29.085010176,418.10294,0.0
2022-03-08,11.628316,106.62877,2022-03-08 00:58:29.112006400,417.92587,0.0
2022-03-08,11.534655,106.65115,2022-03-08 00:58:29.364992256,418.00833,0.0
2022-03-08,11.560127,106.648026,2022-03-08 00:58:29.391988736,418.13095,0.0
2022-03-08,11.585853,106.64466,2022-03-08 00:58:29.419025408,418.472,0.0
2022-03-08,11.61161,106.64136,2022-03-08 00:58:29.446022144,418.0667,0.0
2022-03-08,11.5176935,106.66359,2022-03-08 00:58:29.698002176,417.73843,0.0
2022-03-08,11.543096,106.66051,2022-03-08 00:58:29.724998400,417.80673,0.0
2022-03-08,11.568753,106.65721,2022-03-08 00:58:29.751994880,418.475,0.0
2022-03-08,11.594468,106.65396,2022-03-08 00:58:29.778991104,417.69006,0.0
2022-03-08,11.50087,106.67629,2022-03-08 00:58:30.031011584,417.864,0.0
2022-03-08,11.52653,106.67293,2022-03-08 00:58:30.058008320,418.06113,0.0
2022-03-08,11.5520115,106.6699,2022-03-08 00:58:30.085004544,417.05453,0.0
2022-03-08,11.577891,106.66645,2022-03-08 00:58:30.112001024,418.17447,0.0
2022-03-08,11.509651,106.68589,2022-03-08 00:58:30.392023552,418.24716,0.0
2022-03-08,11.535413,106.68254,2022-03-08 00:58:30.419020288,418.00754,0.0
2022-03-08,11.561153,106.67934,2022-03-08 00:58:30.446016512,417.77,0.0
2022-03-08,11.367467,106.713104,2022-03-08 00:58:30.590010880,417.05667,0.0
2022-03-08,11.392347,106.71035,2022-03-08 00:58:30.617007360,417.74915,0.0
2022-03-08,11.518857,106.695274,2022-03-08 00:58:30.751989248,418.45978,0.0
2022-03-08,11.544728,106.69185,2022-03-08 00:58:30.779025920,417.6135,0.0
2022-03-08,11.35057,106.72592,2022-03-08 00:58:30.923020544,418.7696,0.0
2022-03-08,11.375476,106.7231,2022-03-08 00:58:30.950017024,417.58707,0.0
2022-03-08,11.527879,106.70426,2022-03-08 00:58:31.111995648,417.5598,0.0
2022-03-08,11.333509,106.7383,2022-03-08 00:58:31.256995584,418.85815,0.0
2022-03-08,11.358416,106.73548,2022-03-08 00:58:31.283992320,417.06335,0.0
2022-03-08,11.383418,106.73266,2022-03-08 00:58:31.310988544,418.25723,0.0
2022-03-08,11.51103,106.71682,2022-03-08 00:58:31.446011136,418.12128,0.0
2022-03-08,11.316822,106.75087,2022-03-08 00:58:31.590005504,418.19748,0.0
2022-03-08,11.36665,106.74527,2022-03-08 00:58:31.643998464,417.94077,0.0
2022-03-08,11.3918,106.74233,2022-03-08 00:58:31.670994688,418.27988,0.0
2022-03-08,11.300242,106.76368,2022-03-08 00:58:31.923015168,418.48788,0.0
2022-03-08,11.325151,106.76092,2022-03-08 00:58:31.950011392,418.35962,0.0
2022-03-08,11.3501425,106.75816,2022-03-08 00:58:31.977007872,418.70572,0.0
2022-03-09,23.085321,104.8164,2022-03-09 00:06:44.470024960,417.82132,0.0
2022-03-24,9.982223,106.29279,2022-03-24 07:54:09.529011456,415.10236,0.0
2022-03-24,9.905185,106.27842,2022-03-24 07:54:09.780991488,416.03058,0.0
2022-03-24,9.936172,106.28723,2022-03-24 07:54:09.807988224,415.8743,0.0
2022-03-24,9.859928,106.27363,2022-03-24 07:54:10.060008448,414.0608,0.0
2022-03-24,9.890617,106.28251,2022-03-24 07:54:10.087004928,417.73456,0.0
2022-03-24,9.9837675,106.309105,2022-03-24 07:54:10.167994368,414.5378,0.0
2022-03-24,9.969337,106.31254,2022-03-24 07:54:10.475013376,413.19025,0.0
2022-03-24,9.849446,106.292625,2022-03-24 07:54:11.006010112,415.9956,0.0
2022-03-24,10.065789,106.35506,2022-03-24 07:54:11.195025408,414.5096,0.0
2022-03-24,9.866349,106.305145,2022-03-24 07:54:11.340025600,417.40207,0.0
2022-03-24,9.896649,106.31403,2022-03-24 07:54:11.367022080,417.03918,0.0
2022-03-24,10.082431,106.36748,2022-03-24 07:54:11.529000704,418.16763,0.0
2022-03-24,9.913424,106.32641,2022-03-24 07:54:11.699991552,417.24124,0.0
2022-03-24,9.943927,106.33541,2022-03-24 07:54:11.726987776,414.1824,0.0
2022-03-24,10.099076,106.38015,2022-03-24 07:54:11.862010368,417.9773,0.0
2022-03-24,9.899971,106.33,2022-03-24 07:54:12.006004736,417.97873,0.0
2022-03-24,10.053414,106.37459,2022-03-24 07:54:12.140986880,415.14084,0.0
2022-03-24,10.084595,106.383514,2022-03-24 07:54:12.168023552,417.46057,0.0
2022-03-24,9.916529,106.34239,2022-03-24 07:54:12.340020224,415.52655,0.0
2022-03-24,10.070217,106.38709,2022-03-24 07:54:12.475002368,418.37656,0.0
2022-03-24,9.933188,106.354965,2022-03-24 07:54:12.672989696,417.34427,0.0
2022-03-24,10.055856,106.39054,2022-03-24 07:54:12.781015552,416.63617,0.0
2022-03-24,10.086957,106.399414,2022-03-24 07:54:12.808012032,418.25067,0.0
2022-03-24,10.041635,106.39445,2022-03-24 07:54:13.086988800,417.26163,0.0
2022-03-24,10.058459,106.40678,2022-03-24 07:54:13.421004032,417.85022,0.0
2022-03-24,10.033881,106.42966,2022-03-24 07:54:14.673018880,413.8313,0.0
2022-03-24,10.220764,106.49968,2022-03-24 07:54:15.475026432,412.86526,0.0
2022-03-24,10.316884,106.54262,2022-03-24 07:54:16.194998272,418.0451,0.0
2022-03-24,10.209123,106.51916,2022-03-24 07:54:16.420987904,416.5117,0.0
2022-03-24,10.333716,106.55499,2022-03-24 07:54:16.529013760,416.40356,0.0
2022-03-24,10.367259,106.58008,2022-03-24 07:54:17.194992896,416.066,0.0
2022-03-24,10.352623,106.58333,2022-03-24 07:54:17.502011904,414.31,0.0
2022-03-24,10.33841,106.58697,2022-03-24 07:54:17.808025088,416.90234,0.0
2022-03-24,10.401116,106.60474,2022-03-24 07:54:17.862018048,416.8427,0.0
2022-03-24,10.386184,106.608696,2022-03-24 07:54:18.167991040,415.92175,0.0
2022-03-24,10.417526,106.61757,2022-03-24 07:54:18.194987520,417.22095,0.0
2022-03-24,10.403127,106.62101,2022-03-24 07:54:18.502006528,417.02823,0.0
2022-03-24,10.326788,106.60659,2022-03-24 07:54:18.753986560,415.71866,0.0
2022-03-24,10.388691,106.62456,2022-03-24 07:54:18.808019712,417.22122,0.0
2022-03-24,10.419904,106.63353,2022-03-24 07:54:18.835016192,416.63693,0.0
2022-03-24,10.37427,106.628235,2022-03-24 07:54:19.113992704,417.24854,0.0
2022-03-24,10.329486,106.622826,2022-03-24 07:54:19.394015232,417.26862,0.0
2022-03-24,10.315685,106.62621,2022-03-24 07:54:19.699988480,415.17258,0.0
2022-03-24,10.346252,106.63534,2022-03-24 07:54:19.727025152,417.53384,0.0
2022-03-24,10.37692,106.64434,2022-03-24 07:54:19.754021376,417.37885,0.0
2022-03-24,10.332582,106.6387,2022-03-24 07:54:20.032998144,416.95203,0.0
2022-03-24,10.393824,106.656715,2022-03-24 07:54:20.086990848,416.5087,0.0
2022-03-24,10.318779,106.64227,2022-03-24 07:54:20.340017152,417.40515,0.0
2022-03-24,10.3491745,106.65126,2022-03-24 07:54:20.367013376,417.19006,0.0
2022-03-24,10.379737,106.66023,2022-03-24 07:54:20.394010112,416.75958,0.0
2022-03-24,10.335558,106.654816,2022-03-24 07:54:20.673026816,417.41745,0.0
2022-03-24,10.399372,106.68878,2022-03-24 07:54:21.367008256,416.99207,0.0
2022-03-24,10.385845,106.691925,2022-03-24 07:54:21.673021440,417.0854,0.0
2022-03-24,10.402628,106.70461,2022-03-24 07:54:22.005990656,417.52832,0.0
2022-03-24,10.433001,106.71364,2022-03-24 07:54:22.033027328,417.4852,0.0
2022-03-24,10.419194,106.717186,2022-03-24 07:54:22.340006400,417.3715,0.0
2022-03-24,10.550137,106.80137,2022-03-24 07:54:24.366991872,416.46573,0.0
2022-03-24,10.566985,106.81389,2022-03-24 07:54:24.700001536,417.05222,0.0
2022-03-24,10.614184,106.83555,2022-03-24 07:54:25.060007680,417.34308,0.0
2022-03-24,10.569812,106.82993,2022-03-24 07:54:25.339990016,416.46298,0.0
2022-03-24,10.600228,106.83908,2022-03-24 07:54:25.367026688,416.57327,0.0
2022-03-24,10.14569,106.25421,2022-03-24 07:54:33.529002240,417.414,0.0
2022-03-24,10.108003,106.281494,2022-03-24 07:54:34.113991680,418.24817,0.0
2022-03-24,10.192723,106.29365,2022-03-24 07:54:34.528996608,417.7076,0.0
2022-03-24,10.095764,106.30613,2022-03-24 07:54:34.727024128,418.24152,0.0
2022-03-24,10.089824,106.318375,2022-03-24 07:54:35.032997120,417.86462,0.0
2022-03-24,10.180839,106.31871,2022-03-24 07:54:35.141023232,417.6948,0.0
2022-03-24,10.152264,106.33108,2022-03-24 07:54:35.421005568,412.9711,0.0
2022-03-24,10.175008,106.33115,2022-03-24 07:54:35.448001792,418.10178,0.0
2022-03-24,10.100882,106.343,2022-03-24 07:54:35.673025792,417.0362,0.0
2022-03-24,10.123487,106.34328,2022-03-24 07:54:35.700022272,415.74173,0.0
2022-03-24,10.117307,106.35583,2022-03-24 07:54:36.005995264,417.45456,0.0
2022-03-24,10.139878,106.35603,2022-03-24 07:54:36.032991744,416.86874,0.0
2022-03-24,10.134178,106.36809,2022-03-24 07:54:36.340010752,419.03888,0.0
2022-03-24,10.27519,106.40622,2022-03-24 07:54:37.447991040,415.4082,0.0
2022-03-24,10.360658,106.418594,2022-03-24 07:54:37.861989888,418.4086,0.0
2022-03-24,10.354518,106.43125,2022-03-24 07:54:38.168003328,418.16876,0.0
2022-03-24,10.37741,106.43116,2022-03-24 07:54:38.194999808,417.1963,0.0
2022-03-24,10.371034,106.44384,2022-03-24 07:54:38.502018816,417.53915,0.0
2022-03-24,10.393903,106.44375,2022-03-24 07:54:38.529015040,417.6013,0.0
2022-03-24,10.3421755,106.456314,2022-03-24 07:54:38.780995328,417.8475,0.0
2022-03-24,10.364943,106.45643,2022-03-24 07:54:38.807991808,417.7947,0.0
2022-03-24,10.387726,106.45644,2022-03-24 07:54:38.834988032,417.36325,0.0
2022-03-24,10.410539,106.456375,2022-03-24 07:54:38.862024704,416.0239,0.0
2022-03-24,10.336316,106.468666,2022-03-24 07:54:39.087008512,418.03354,0.0
2022-03-24,10.359111,106.46878,2022-03-24 07:54:39.114004992,418.26416,0.0
2022-03-24,10.381922,106.468796,2022-03-24 07:54:39.141001472,417.2271,0.0
2022-03-24,10.427668,106.46866,2022-03-24 07:54:39.194994176,412.76968,0.0
2022-03-24,10.330546,106.480995,2022-03-24 07:54:39.394027776,417.38364,0.0
2022-03-24,10.353246,106.481155,2022-03-24 07:54:39.421024000,417.59332,0.0
2022-03-24,10.375996,106.48128,2022-03-24 07:54:39.448020480,417.36118,0.0
2022-03-24,10.398768,106.481316,2022-03-24 07:54:39.475016960,416.88025,0.0
2022-03-24,10.444419,106.48122,2022-03-24 07:54:39.529009920,417.59116,0.0
2022-03-24,10.324488,106.493286,2022-03-24 07:54:39.700000512,418.34308,0.0
2022-03-24,10.347155,106.49357,2022-03-24 07:54:39.726996992,418.03586,0.0
2022-03-24,10.3698225,106.49371,2022-03-24 07:54:39.753993472,416.83646,0.0
2022-03-24,10.392552,106.49384,2022-03-24 07:54:39.780989952,415.84894,0.0
2022-03-24,10.415311,106.493904,2022-03-24 07:54:39.807986176,417.43542,0.0
2022-03-24,10.438109,106.4939,2022-03-24 07:54:39.835022848,417.35318,0.0
2022-03-24,10.46095,106.49384,2022-03-24 07:54:39.862019584,417.39056,0.0
2022-03-24,10.341104,106.506,2022-03-24 07:54:40.033010176,417.73065,0.0
2022-03-24,10.363766,106.5062,2022-03-24 07:54:40.060006656,417.3522,0.0
2022-03-24,10.386448,106.506355,2022-03-24 07:54:40.087003136,416.81128,0.0
2022-03-24,10.409168,106.50645,2022-03-24 07:54:40.113999616,417.93396,0.0
2022-03-24,10.431928,106.50649,2022-03-24 07:54:40.140996096,417.0081,0.0
2022-03-24,10.47757,106.5064,2022-03-24 07:54:40.194988800,416.4606,0.0
2022-03-24,10.335132,106.51819,2022-03-24 07:54:40.339989248,418.10278,0.0
2022-03-24,10.357749,106.51844,2022-03-24 07:54:40.367025920,416.8077,0.0
2022-03-24,10.425919,106.51885,2022-03-24 07:54:40.448014848,417.55246,0.0
2022-03-24,10.448733,106.51887,2022-03-24 07:54:40.475011328,417.60266,0.0
2022-03-24,10.35216,106.53054,2022-03-24 07:54:40.672998656,417.60696,0.0
2022-03-24,10.374794,106.5308,2022-03-24 07:54:40.699995136,416.19128,0.0
2022-03-24,10.397454,106.53098,2022-03-24 07:54:40.726991616,417.21823,0.0
2022-03-24,10.420155,106.53111,2022-03-24 07:54:40.754028288,417.23563,0.0
2022-03-24,10.442894,106.53118,2022-03-24 07:54:40.781024768,417.72507,0.0
2022-03-24,10.488494,106.53116,2022-03-24 07:54:40.835017728,418.33368,0.0
2022-03-24,10.511354,106.53106,2022-03-24 07:54:40.862013952,417.549,0.0
2022-03-24,10.368914,106.543015,2022-03-24 07:54:41.006008320,415.01266,0.0
2022-03-24,10.391501,106.54332,2022-03-24 07:54:41.033004800,417.38663,0.0
2022-03-24,10.414129,106.54357,2022-03-24 07:54:41.060001280,417.43674,0.0
2022-03-24,10.436793,106.54374,2022-03-24 07:54:41.086997760,417.82126,0.0
2022-03-24,10.459497,106.543846,2022-03-24 07:54:41.113994240,417.64642,0.0
2022-03-24,10.505026,106.54389,2022-03-24 07:54:41.167986944,417.95428,0.0
2022-03-24,10.527851,106.54383,2022-03-24 07:54:41.195023616,417.79282,0.0
2022-03-24,10.385518,106.555534,2022-03-24 07:54:41.340024064,417.20715,0.0
2022-03-24,10.430854,106.55594,2022-03-24 07:54:41.394016768,417.5967,0.0
2022-03-24,10.532563,106.581245,2022-03-24 07:54:42.141025280,416.84827,0.0
2022-03-24,10.5554285,106.58121,2022-03-24 07:54:42.168021760,417.38547,0.0
2022-03-24,10.578335,106.581116,2022-03-24 07:54:42.195018240,417.42078,0.0
2022-03-24,10.549309,106.59381,2022-03-24 07:54:42.475000576,416.50366,0.0
2022-03-24,10.572144,106.5938,2022-03-24 07:54:42.501997056,417.20297,0.0
2022-03-24,10.59502,106.59374,2022-03-24 07:54:42.528993536,417.34137,0.0
2022-03-24,10.452721,106.60553,2022-03-24 07:54:42.672987904,418.38013,0.0
2022-03-24,10.475316,106.605774,2022-03-24 07:54:42.700024576,417.90176,0.0
2022-03-24,10.497964,106.605995,2022-03-24 07:54:42.727021056,417.39154,0.0
2022-03-24,10.543389,106.60629,2022-03-24 07:54:42.781014016,417.48422,0.0
2022-03-24,10.56615,106.606346,2022-03-24 07:54:42.808010240,416.79248,0.0
2022-03-24,10.514642,106.618675,2022-03-24 07:54:43.059990528,416.98477,0.0
2022-03-24,10.53729,106.61878,2022-03-24 07:54:43.087027200,417.05383,0.0
2022-03-24,10.560027,106.618935,2022-03-24 07:54:43.114023424,417.10883,0.0
2022-03-24,10.582778,106.61898,2022-03-24 07:54:43.141019904,416.99106,0.0
2022-03-24,10.60557,106.618965,2022-03-24 07:54:43.168016384,417.27957,0.0
2022-03-24,10.508597,106.63093,2022-03-24 07:54:43.367009280,417.38605,0.0
2022-03-24,10.53125,106.63115,2022-03-24 07:54:43.394005760,417.08804,0.0
2022-03-24,10.553945,106.63132,2022-03-24 07:54:43.421002496,417.25708,0.0
2022-03-24,10.576679,106.63143,2022-03-24 07:54:43.447998720,417.44113,0.0
2022-03-24,10.599454,106.631485,2022-03-24 07:54:43.474995200,416.87912,0.0
2022-03-24,10.570699,106.643875,2022-03-24 07:54:43.754012160,416.637,0.0
2022-03-24,10.593434,106.64399,2022-03-24 07:54:43.781008384,417.20825,0.0
2022-03-24,10.58744,106.65641,2022-03-24 07:54:44.087021568,417.1295,0.0
2022-03-24,10.6101885,106.65655,2022-03-24 07:54:44.114018048,416.9116,0.0
2022-03-24,10.632964,106.6566,2022-03-24 07:54:44.141014528,417.207,0.0
2022-03-24,10.65578,106.65661,2022-03-24 07:54:44.168011008,417.43588,0.0
2022-03-24,10.689177,106.68183,2022-03-24 07:54:44.834995712,415.56595,0.0
2022-03-24,10.711994,106.681755,2022-03-24 07:54:44.861992448,418.16107,0.0
2022-03-24,10.569775,106.69337,2022-03-24 07:54:45.006027008,417.8763,0.0
2022-03-24,10.592425,106.69362,2022-03-24 07:54:45.033023232,417.1722,0.0
2022-03-24,10.615115,106.69382,2022-03-24 07:54:45.060019712,417.40314,0.0
2022-03-24,10.6605,106.69411,2022-03-24 07:54:45.114012672,416.95734,0.0
2022-03-24,10.693962,106.71917,2022-03-24 07:54:45.780997632,417.79498,0.0
2022-03-24,10.619982,106.73093,2022-03-24 07:54:46.006021376,418.32724,0.0
2022-03-24,10.733419,106.7317,2022-03-24 07:54:46.141003520,418.46378,0.0
2022-03-24,10.772968,106.74427,2022-03-24 07:54:46.502015488,416.82434,0.0
2022-03-24,10.783514,106.76934,2022-03-24 07:54:47.140998400,417.7502,0.0
2022-03-24,10.806364,106.76943,2022-03-24 07:54:47.167994624,418.45114,0.0
2022-03-24,10.709342,106.781364,2022-03-24 07:54:47.366987776,418.46524,0.0
2022-03-24,10.794233,106.794426,2022-03-24 07:54:47.780986880,418.2011,0.0
2022-03-24,10.81705,106.794495,2022-03-24 07:54:47.808023552,417.62433,0.0
2022-03-24,10.720278,106.80619,2022-03-24 07:54:48.006010624,417.58493,0.0
2022-03-24,10.8337965,106.8071,2022-03-24 07:54:48.140992768,417.07214,0.0
2022-03-24,10.873211,106.81957,2022-03-24 07:54:48.502004736,417.606,0.0
2022-03-24,10.799033,106.83194,2022-03-24 07:54:48.726988288,418.28232,0.0
2022-03-24,10.890075,106.83232,2022-03-24 07:54:48.835014400,417.21646,0.0
2022-03-24,10.7932,106.844154,2022-03-24 07:54:49.033001728,417.28775,0.0
2022-03-24,10.871954,106.86977,2022-03-24 07:54:49.754019840,415.50494,0.0
2022-03-24,10.894668,106.8698,2022-03-24 07:54:49.781016064,417.77707,0.0
2022-03-24,10.956969,106.882286,2022-03-24 07:54:50.168018688,417.46832,0.0
2022-03-24,10.159245,106.24974,2022-03-24 07:54:56.672992512,416.8572,0.0
2022-03-24,10.365578,106.29093,2022-03-24 07:54:58.835000576,417.01422,0.0
2022-03-24,10.347208,106.31485,2022-03-24 07:54:59.114017280,416.17706,0.0
2022-03-24,10.364816,106.30914,2022-03-24 07:54:59.141013504,417.96872,0.0
2022-03-24,10.382399,106.3034,2022-03-24 07:54:59.168009984,418.21375,0.0
2022-03-24,10.364084,106.327255,2022-03-24 07:54:59.447992320,417.88937,0.0
2022-03-24,10.381716,106.32152,2022-03-24 07:54:59.474989056,418.06256,0.0
2022-03-24,10.399276,106.31577,2022-03-24 07:54:59.502025728,417.63315,0.0
2022-03-24,10.416812,106.31,2022-03-24 07:54:59.529021952,415.52258,0.0
2022-03-24,10.363033,106.34555,2022-03-24 07:54:59.754005760,417.9255,0.0
2022-03-24,10.380724,106.33983,2022-03-24 07:54:59.781001984,417.93353,0.0
2022-03-24,10.39839,106.334076,2022-03-24 07:54:59.807998720,417.38565,0.0
2022-03-24,10.416035,106.3283,2022-03-24 07:54:59.834994944,418.11322,0.0
2022-03-24,10.43365,106.32247,2022-03-24 07:54:59.861991424,418.09305,0.0
2022-03-24,10.397454,106.35231,2022-03-24 07:55:00.114011648,416.5967,0.0
2022-03-24,10.415096,106.34657,2022-03-24 07:55:00.141008128,416.93765,0.0
2022-03-24,10.432713,106.34079,2022-03-24 07:55:00.168004608,416.7587,0.0
2022-03-24,10.450305,106.33497,2022-03-24 07:55:00.195001088,414.9563,0.0
2022-03-24,10.378923,106.37618,2022-03-24 07:55:00.393993984,417.1725,0.0
2022-03-24,10.414235,106.36484,2022-03-24 07:55:00.447987200,417.3154,0.0
2022-03-24,10.467061,106.34753,2022-03-24 07:55:00.529016576,416.83353,0.0
2022-03-24,10.377973,106.3943,2022-03-24 07:55:00.700007424,418.06696,0.0
2022-03-24,10.39564,106.38871,2022-03-24 07:55:00.727003904,417.557,0.0
2022-03-24,10.413286,106.383095,2022-03-24 07:55:00.754000128,414.50946,0.0
2022-03-24,10.483592,106.36017,2022-03-24 07:55:00.862026240,417.33548,0.0
2022-03-24,10.376957,106.4124,2022-03-24 07:55:01.006020608,417.92798,0.0
2022-03-24,10.394727,106.40679,2022-03-24 07:55:01.033017088,417.6731,0.0
2022-03-24,10.412473,106.40117,2022-03-24 07:55:01.060013568,417.74823,0.0
2022-03-24,10.430121,106.39551,2022-03-24 07:55:01.087009792,412.94238,0.0
2022-03-24,10.447739,106.38984,2022-03-24 07:55:01.114006272,415.56378,0.0
2022-03-24,10.46533,106.38413,2022-03-24 07:55:01.141002752,416.92914,0.0
2022-03-24,10.500439,106.372604,2022-03-24 07:55:01.194995712,417.6871,0.0
2022-03-24,10.39361,106.424934,2022-03-24 07:55:01.339995904,417.5045,0.0
2022-03-24,10.411376,106.41933,2022-03-24 07:55:01.366992128,417.48663,0.0
2022-03-24,10.46452,106.402306,2022-03-24 07:55:01.448022016,415.84607,0.0
2022-03-24,10.482155,106.396576,2022-03-24 07:55:01.475018240,417.60718,0.0
2022-03-24,10.499727,106.390854,2022-03-24 07:55:01.502014720,417.766,0.0
2022-03-24,10.410262,106.43754,2022-03-24 07:55:01.673005568,417.0604,0.0
2022-03-24,10.445764,106.426285,2022-03-24 07:55:01.726998272,417.3382,0.0
2022-03-24,10.46347,106.42058,2022-03-24 07:55:01.753995008,417.55066,0.0
2022-03-24,10.481155,106.41486,2022-03-24 07:55:01.780991232,417.40326,0.0
2022-03-24,10.498824,106.40914,2022-03-24 07:55:01.807987712,417.87387,0.0
2022-03-24,10.51645,106.40332,2022-03-24 07:55:01.835024384,417.77338,0.0
2022-03-24,10.53406,106.39749,2022-03-24 07:55:01.862020608,416.61508,0.0
2022-03-24,10.462527,106.43873,2022-03-24 07:55:02.060007936,417.73837,0.0
2022-03-24,10.497927,106.42731,2022-03-24 07:55:02.114000896,417.3375,0.0
2022-03-24,10.5156,106.42158,2022-03-24 07:55:02.140997376,417.47943,0.0
2022-03-24,10.53324,106.41578,2022-03-24 07:55:02.167993856,417.91904,0.0
2022-03-24,10.550865,106.40997,2022-03-24 07:55:02.194990080,417.27615,0.0
2022-03-24,10.444021,106.46232,2022-03-24 07:55:02.339990272,417.14526,0.0
2022-03-24,10.461723,106.4568,2022-03-24 07:55:02.367026944,417.49316,0.0
2022-03-24,10.479391,106.45121,2022-03-24 07:55:02.394023424,417.69803,0.0
2022-03-24,10.514645,106.4399,2022-03-24 07:55:02.448016384,417.24014,0.0
2022-03-24,10.532259,106.434166,2022-03-24 07:55:02.475012864,416.9558,0.0
2022-03-24,10.5499,106.428406,2022-03-24 07:55:02.502009344,417.64447,0.0
2022-03-24,10.567508,106.42257,2022-03-24 07:55:02.529005824,417.85602,0.0
2022-03-24,10.460834,106.474846,2022-03-24 07:55:02.673000192,417.257,0.0
2022-03-24,10.478539,106.46929,2022-03-24 07:55:02.699996416,417.66742,0.0
2022-03-24,10.496215,106.463684,2022-03-24 07:55:02.726993152,418.11465,0.0
2022-03-24,10.513868,106.45806,2022-03-24 07:55:02.753989376,417.41104,0.0
2022-03-24,10.531496,106.4524,2022-03-24 07:55:02.781026048,417.2844,0.0
2022-03-24,10.549104,106.446724,2022-03-24 07:55:02.808022528,417.19446,0.0
2022-03-24,10.566686,106.44101,2022-03-24 07:55:02.835018752,417.30283,0.0
2022-03-24,10.584226,106.43518,2022-03-24 07:55:02.862015232,417.66492,0.0
2022-03-24,10.477477,106.4874,2022-03-24 07:55:03.006009856,417.12772,0.0
2022-03-24,10.530599,106.47051,2022-03-24 07:55:03.086999040,417.46133,0.0
2022-03-24,10.54822,106.464874,2022-03-24 07:55:03.113995520,416.70978,0.0
2022-03-24,10.565821,106.45922,2022-03-24 07:55:03.140992000,417.25848,0.0
2022-03-24,10.583383,106.45348,2022-03-24 07:55:03.167988224,417.65668,0.0
2022-03-24,10.494055,106.500114,2022-03-24 07:55:03.340025088,417.4806,0.0
2022-03-24,10.511809,106.494484,2022-03-24 07:55:03.367021568,417.4056,0.0
2022-03-24,10.529544,106.48886,2022-03-24 07:55:03.394018048,417.66028,0.0
2022-03-24,10.547261,106.48323,2022-03-24 07:55:03.421014528,417.03397,0.0
2022-03-24,10.582583,106.471825,2022-03-24 07:55:03.475007488,417.1426,0.0
2022-03-24,10.600153,106.466064,2022-03-24 07:55:03.502003968,417.0896,0.0
2022-03-24,10.617698,106.460266,2022-03-24 07:55:03.529000192,417.0844,0.0
2022-03-24,10.510708,106.51272,2022-03-24 07:55:03.672994560,416.94693,0.0
2022-03-24,10.528473,106.50708,2022-03-24 07:55:03.699991296,417.90344,0.0
2022-03-24,10.5993,106.4843,2022-03-24 07:55:03.808016896,416.58636,0.0
2022-03-24,10.527667,106.525085,2022-03-24 07:55:04.006004224,417.6074,0.0
2022-03-24,10.545392,106.51952,2022-03-24 07:55:04.033000704,417.56122,0.0
2022-03-24,10.580778,106.50824,2022-03-24 07:55:04.086993664,416.6757,0.0
2022-03-24,10.6337,106.49102,2022-03-24 07:55:04.168023040,417.3523,0.0
2022-03-24,10.651302,106.485245,2022-03-24 07:55:04.195019776,417.37918,0.0
2022-03-24,10.562211,106.53198,2022-03-24 07:55:04.367016192,416.3542,0.0
2022-03-24,10.579918,106.52637,2022-03-24 07:55:04.394012672,417.57617,0.0
2022-03-24,10.597596,106.5207,2022-03-24 07:55:04.421009152,416.7921,0.0
2022-03-24,10.632874,106.50926,2022-03-24 07:55:04.475002112,416.72775,0.0
2022-03-24,10.650483,106.503525,2022-03-24 07:55:04.501998336,416.7212,0.0
2022-03-24,10.668073,106.497765,2022-03-24 07:55:04.528994816,417.88928,0.0
2022-03-24,10.561204,106.55007,2022-03-24 07:55:04.672989440,417.2175,0.0
2022-03-24,10.578942,106.54451,2022-03-24 07:55:04.700026112,416.99774,0.0
2022-03-24,10.614328,106.53323,2022-03-24 07:55:04.754018816,416.61627,0.0
2022-03-24,10.63198,106.527534,2022-03-24 07:55:04.781015040,417.01096,0.0
2022-03-24,10.6496105,106.52181,2022-03-24 07:55:04.808011520,416.86526,0.0
2022-03-24,10.667216,106.51606,2022-03-24 07:55:04.835008256,417.37326,0.0
2022-03-24,10.684797,106.51026,2022-03-24 07:55:04.862004480,415.17264,0.0
2022-03-24,10.613369,106.551384,2022-03-24 07:55:05.059991808,416.89835,0.0
2022-03-24,10.63106,106.54578,2022-03-24 07:55:05.086988288,417.5106,0.0
2022-03-24,10.648716,106.54009,2022-03-24 07:55:05.114024960,417.28052,0.0
2022-03-24,10.701539,106.52284,2022-03-24 07:55:05.195014144,417.72858,0.0
2022-03-24,10.594665,106.57514,2022-03-24 07:55:05.340014336,416.99103,0.0
2022-03-24,10.612395,106.56955,2022-03-24 07:55:05.367010816,417.57233,0.0
2022-03-24,10.630112,106.56397,2022-03-24 07:55:05.394007296,417.0794,0.0
2022-03-24,10.647782,106.55827,2022-03-24 07:55:05.421003776,417.1198,0.0
2022-03-24,10.665442,106.55261,2022-03-24 07:55:05.448000256,417.7979,0.0
2022-03-24,10.683073,106.54691,2022-03-24 07:55:05.474996480,416.98877,0.0
2022-03-24,10.700667,106.541176,2022-03-24 07:55:05.501992960,416.8432,0.0
2022-03-24,10.718236,106.53539,2022-03-24 07:55:05.528989440,417.0868,0.0
2022-03-24,10.611299,106.58773,2022-03-24 07:55:05.673024256,417.07898,0.0
2022-03-24,10.629071,106.58219,2022-03-24 07:55:05.700020480,416.71683,0.0
2022-03-24,10.646804,106.57654,2022-03-24 07:55:05.727016960,417.56863,0.0
2022-03-24,10.664505,106.57083,2022-03-24 07:55:05.754013184,417.02563,0.0
2022-03-24,10.682197,106.56516,2022-03-24 07:55:05.781009664,417.0759,0.0
2022-03-24,10.699855,106.559425,2022-03-24 07:55:05.808006400,417.76846,0.0
2022-03-24,10.717483,106.55363,2022-03-24 07:55:05.835002624,417.3612,0.0
2022-03-24,10.73509,106.54781,2022-03-24 07:55:05.861999104,418.2032,0.0
2022-03-24,10.627939,106.60028,2022-03-24 07:55:06.005993472,417.41296,0.0
2022-03-24,10.645622,106.59474,2022-03-24 07:55:06.032989952,417.84952,0.0
2022-03-24,10.663279,106.589165,2022-03-24 07:55:06.060026624,417.6796,0.0
2022-03-24,10.68099,106.5835,2022-03-24 07:55:06.087023104,417.3409,0.0
2022-03-24,10.698693,106.57782,2022-03-24 07:55:06.114019328,417.02234,0.0
2022-03-24,10.716367,106.572075,2022-03-24 07:55:06.141016064,417.08566,0.0
2022-03-24,10.751643,106.5605,2022-03-24 07:55:06.195008768,416.57053,0.0
2022-03-24,10.644853,106.61277,2022-03-24 07:55:06.340008960,417.67755,0.0
2022-03-24,10.662575,106.60717,2022-03-24 07:55:06.367005440,417.22632,0.0
2022-03-24,10.680281,106.601585,2022-03-24 07:55:06.394001920,417.45053,0.0
2022-03-24,10.697958,106.59595,2022-03-24 07:55:06.420998400,417.42764,0.0
2022-03-24,10.715612,106.59029,2022-03-24 07:55:06.447994624,416.66293,0.0
2022-03-24,10.733236,106.584526,2022-03-24 07:55:06.474991104,417.61734,0.0
2022-03-24,10.661624,106.62521,2022-03-24 07:55:06.673018624,417.613,0.0
2022-03-24,10.679332,106.619644,2022-03-24 07:55:06.700015104,417.12177,0.0
2022-03-24,10.714669,106.6084,2022-03-24 07:55:06.754007808,416.94717,0.0
2022-03-24,10.732303,106.60274,2022-03-24 07:55:06.781004544,417.84436,0.0
2022-03-24,10.749903,106.59701,2022-03-24 07:55:06.808000768,417.6506,0.0
2022-03-24,10.767495,106.59131,2022-03-24 07:55:06.834997248,417.9582,0.0
2022-03-24,10.712677,106.644775,2022-03-24 07:55:07.367000064,413.7483,0.0
2022-03-24,10.730384,106.63921,2022-03-24 07:55:07.393996544,414.33084,0.0
2022-03-24,10.765707,106.62792,2022-03-24 07:55:07.447989248,417.37518,0.0
2022-03-24,10.72841,106.67545,2022-03-24 07:55:08.006022912,417.6017,0.0
2022-03-24,10.746144,106.66987,2022-03-24 07:55:08.033019392,416.60248,0.0
2022-03-24,10.816842,106.64725,2022-03-24 07:55:08.141005056,417.78772,0.0
2022-03-24,10.74513,106.68802,2022-03-24 07:55:08.339998208,417.4483,0.0
2022-03-24,10.762853,106.682434,2022-03-24 07:55:08.366994688,417.7831,0.0
2022-03-24,10.780555,106.676834,2022-03-24 07:55:08.393990912,416.93845,0.0
2022-03-24,10.815873,106.6655,2022-03-24 07:55:08.448024064,418.28186,0.0
2022-03-24,10.761833,106.70065,2022-03-24 07:55:08.673007616,417.80914,0.0
2022-03-24,10.779565,106.69504,2022-03-24 07:55:08.700004096,416.8333,0.0
2022-03-24,10.797281,106.68943,2022-03-24 07:55:08.727000832,417.85657,0.0
2022-03-24,10.814968,106.683784,2022-03-24 07:55:08.753997056,417.99023,0.0
2022-03-24,10.832629,106.67809,2022-03-24 07:55:08.780993536,418.36365,0.0
2022-03-24,10.796371,106.70754,2022-03-24 07:55:09.033013760,417.4009,0.0
2022-03-24,10.814105,106.701996,2022-03-24 07:55:09.060010496,417.77032,0.0
2022-03-24,10.831782,106.69637,2022-03-24 07:55:09.087006720,417.94556,0.0
2022-03-24,10.849424,106.69069,2022-03-24 07:55:09.114003200,414.32825,0.0
2022-03-24,10.884635,106.679214,2022-03-24 07:55:09.167995904,417.66367,0.0
2022-03-24,10.813053,106.72013,2022-03-24 07:55:09.366989056,416.91812,0.0
2022-03-24,10.847665,106.727,2022-03-24 07:55:09.726995200,418.27734,0.0
2022-03-24,10.865336,106.72137,2022-03-24 07:55:09.753991680,415.115,0.0
2022-03-24,10.882988,106.71571,2022-03-24 07:55:09.780988160,416.72577,0.0
2022-03-24,10.900609,106.71001,2022-03-24 07:55:09.808024832,415.01205,0.0
2022-03-24,10.8466425,106.74513,2022-03-24 07:55:10.033008640,414.6032,0.0
2022-03-24,10.864363,106.73953,2022-03-24 07:55:10.060004864,416.446,0.0
2022-03-24,10.863388,106.75754,2022-03-24 07:55:10.367023872,415.65747,0.0
2022-03-24,10.916458,106.74058,2022-03-24 07:55:10.448013312,416.46515,0.0
2022-03-24,10.862315,106.77571,2022-03-24 07:55:10.672997120,414.41916,0.0
2022-03-24,10.933103,106.7531,2022-03-24 07:55:10.781022976,417.66916,0.0
2022-03-24,10.932079,106.7716,2022-03-24 07:55:11.086995968,416.02652,0.0
2022-03-24,10.895643,106.80087,2022-03-24 07:55:11.340022016,418.0296,0.0
2022-03-24,10.964505,106.81493,2022-03-24 07:55:12.059993856,418.01917,0.0
2022-03-24,10.982197,106.8093,2022-03-24 07:55:12.086990336,418.28607,0.0
2022-03-24,10.999869,106.803665,2022-03-24 07:55:12.114027008,418.1304,0.0
2022-03-24,11.017517,106.79799,2022-03-24 07:55:12.141023744,416.38635,0.0
2022-03-24,10.963525,106.8331,2022-03-24 07:55:12.367012864,418.0654,0.0
2022-03-24,10.981223,106.82743,2022-03-24 07:55:12.394009600,418.25958,0.0
2022-03-24,10.998922,106.82185,2022-03-24 07:55:12.421006080,418.15558,0.0
2022-03-24,11.051892,106.80471,2022-03-24 07:55:12.501995264,417.42575,0.0
2022-03-24,10.998154,106.839745,2022-03-24 07:55:12.727019264,417.265,0.0
2022-03-24,11.015851,106.83428,2022-03-24 07:55:12.754015744,418.47495,0.0
2022-03-24,11.03349,106.82863,2022-03-24 07:55:12.781011968,419.5624,0.0
2022-03-24,11.065875,106.871956,2022-03-24 07:55:13.754010112,417.86304,0.0
2022-03-24,10.140321,106.079056,2022-03-24 07:55:17.033010688,418.98404,0.0
2022-03-24,10.155305,106.07008,2022-03-24 07:55:17.060007168,417.25024,0.0
2022-03-24,10.170245,106.061104,2022-03-24 07:55:17.087003648,418.68512,0.0
2022-03-24,10.155908,106.09139,2022-03-24 07:55:17.367026432,418.4861,0.0
2022-03-24,10.170915,106.08241,2022-03-24 07:55:17.394022656,416.78513,0.0
2022-03-24,10.185917,106.07343,2022-03-24 07:55:17.421019136,418.9675,0.0
2022-03-24,10.200875,106.06446,2022-03-24 07:55:17.448015360,416.71414,0.0
2022-03-24,10.174146,106.12529,2022-03-24 07:55:18.006008832,417.74988,0.0
2022-03-24,10.189295,106.116325,2022-03-24 07:55:18.033005312,418.38614,0.0
2022-03-24,10.190964,106.137764,2022-03-24 07:55:18.340024576,418.22717,0.0
2022-03-24,10.353567,106.198296,2022-03-24 07:55:20.754012672,419.34372,0.0
2022-03-24,10.372006,106.232185,2022-03-24 07:55:21.394000896,413.4203,0.0
2022-03-24,10.390338,106.266235,2022-03-24 07:55:22.033023744,418.4258,0.0
2022-03-24,10.405449,106.25726,2022-03-24 07:55:22.060020224,417.54062,0.0
2022-03-24,10.420505,106.24829,2022-03-24 07:55:22.087016704,417.6815,0.0
2022-03-24,10.392011,106.28765,2022-03-24 07:55:22.340002560,418.09915,0.0
2022-03-24,10.407178,106.27869,2022-03-24 07:55:22.366999040,416.0735,0.0
2022-03-24,10.422287,106.26972,2022-03-24 07:55:22.393995520,416.85928,0.0
2022-03-24,10.43734,106.26075,2022-03-24 07:55:22.420992000,418.08185,0.0
2022-03-24,10.452335,106.25178,2022-03-24 07:55:22.447988480,415.40292,0.0
2022-03-24,10.467274,106.2428,2022-03-24 07:55:22.475025152,417.36575,0.0
2022-03-24,10.423923,106.29118,2022-03-24 07:55:22.700008960,417.50616,0.0
2022-03-24,10.439018,106.28223,2022-03-24 07:55:22.727005184,417.54868,0.0
2022-03-24,10.454058,106.27327,2022-03-24 07:55:22.754001664,417.0183,0.0
2022-03-24,10.469041,106.26431,2022-03-24 07:55:22.780997888,418.12515,0.0
2022-03-24,10.425397,106.31275,2022-03-24 07:55:23.006021888,417.63272,0.0
2022-03-24,10.44055,106.303795,2022-03-24 07:55:23.033018368,417.2378,0.0
2022-03-24,10.455645,106.29484,2022-03-24 07:55:23.060014848,415.39987,0.0
2022-03-24,10.442295,106.325165,2022-03-24 07:55:23.339997184,417.46002,0.0
2022-03-24,10.547237,106.26237,2022-03-24 07:55:23.529012480,417.79196,0.0
2022-03-24,10.519368,106.30177,2022-03-24 07:55:23.780992512,417.76086,0.0
2022-03-24,10.49101,106.34119,2022-03-24 07:55:24.033012992,417.2704,0.0
2022-03-24,10.506121,106.33222,2022-03-24 07:55:24.060009472,418.18106,0.0
2022-03-24,10.521155,106.323265,2022-03-24 07:55:24.087005952,416.66495,0.0
2022-03-24,10.551051,106.305336,2022-03-24 07:55:24.140998912,417.632,0.0
2022-03-24,10.565916,106.296364,2022-03-24 07:55:24.167995136,417.39264,0.0
2022-03-24,10.537906,106.33579,2022-03-24 07:55:24.421021440,418.17316,0.0
2022-03-24,10.567861,106.31785,2022-03-24 07:55:24.475014144,418.424,0.0
2022-03-24,10.582717,106.30889,2022-03-24 07:55:24.502010624,418.02795,0.0
2022-03-24,10.524342,106.36637,2022-03-24 07:55:24.699997952,414.98907,0.0
2022-03-24,10.539462,106.35741,2022-03-24 07:55:24.726994176,418.12817,0.0
2022-03-24,10.525906,106.38783,2022-03-24 07:55:25.006011136,417.134,0.0
2022-03-24,10.58793,106.37346,2022-03-24 07:55:25.421016064,418.3288,0.0
2022-03-24,10.602912,106.36448,2022-03-24 07:55:25.448012288,417.49997,0.0
2022-03-24,10.617848,106.3555,2022-03-24 07:55:25.475008768,417.10165,0.0
2022-03-24,10.647606,106.337524,2022-03-24 07:55:25.529001728,417.5851,0.0
2022-03-24,10.58971,106.3949,2022-03-24 07:55:25.726988800,418.39453,0.0
2022-03-24,10.604747,106.38595,2022-03-24 07:55:25.754025472,416.74673,0.0
2022-03-24,10.619728,106.37699,2022-03-24 07:55:25.781021952,416.56772,0.0
2022-03-24,10.634654,106.36803,2022-03-24 07:55:25.808018432,417.73615,0.0
2022-03-24,10.649525,106.35906,2022-03-24 07:55:25.835014912,415.23615,0.0
2022-03-24,10.576187,106.42532,2022-03-24 07:55:26.006005760,416.8031,0.0
2022-03-24,10.5913725,106.41635,2022-03-24 07:55:26.033002240,416.71082,0.0
2022-03-24,10.606499,106.40737,2022-03-24 07:55:26.059998464,417.2007,0.0
2022-03-24,10.621534,106.398415,2022-03-24 07:55:26.086995200,415.58548,0.0
2022-03-24,10.636509,106.38946,2022-03-24 07:55:26.113991424,417.42337,0.0
2022-03-24,10.651427,106.3805,2022-03-24 07:55:26.140987904,416.34705,0.0
2022-03-24,10.666291,106.37154,2022-03-24 07:55:26.168024576,417.68997,0.0
2022-03-24,10.592853,106.437874,2022-03-24 07:55:26.340021248,417.60516,0.0
2022-03-24,10.60804,106.4289,2022-03-24 07:55:26.367017728,417.51572,0.0
2022-03-24,10.623171,106.41993,2022-03-24 07:55:26.394014208,417.88412,0.0
2022-03-24,10.638244,106.41096,2022-03-24 07:55:26.421010432,417.6167,0.0
2022-03-24,10.65326,106.40198,2022-03-24 07:55:26.448006912,417.1345,0.0
2022-03-24,10.668212,106.393,2022-03-24 07:55:26.475003136,417.6638,0.0
2022-03-24,10.683093,106.384026,2022-03-24 07:55:26.501999872,416.6235,0.0
2022-03-24,10.697919,106.37505,2022-03-24 07:55:26.528996352,418.07294,0.0
2022-03-24,10.609648,106.450386,2022-03-24 07:55:26.672990464,416.79965,0.0
2022-03-24,10.62483,106.441414,2022-03-24 07:55:26.700027136,417.47577,0.0
2022-03-24,10.6399555,106.43245,2022-03-24 07:55:26.727023616,417.887,0.0
2022-03-24,10.655024,106.42347,2022-03-24 07:55:26.754020096,417.53,0.0
2022-03-24,10.670034,106.4145,2022-03-24 07:55:26.781016576,417.58786,0.0
2022-03-24,10.68499,106.40551,2022-03-24 07:55:26.808013056,417.74396,0.0
2022-03-24,10.69989,106.39653,2022-03-24 07:55:26.835009536,417.93665,0.0
2022-03-24,10.714736,106.387535,2022-03-24 07:55:26.862006016,418.13876,0.0
2022-03-24,10.658156,106.46654,2022-03-24 07:55:27.367012352,417.54984,0.0
2022-03-24,10.688288,106.44863,2022-03-24 07:55:27.421005056,417.5707,0.0
2022-03-24,10.733129,106.421715,2022-03-24 07:55:27.501994496,417.93735,0.0
2022-03-24,10.74799,106.41272,2022-03-24 07:55:27.528990720,415.332,0.0
2022-03-24,10.659866,106.48798,2022-03-24 07:55:27.673025280,417.68536,0.0
2022-03-24,10.675024,106.47904,2022-03-24 07:55:27.700021760,417.75073,0.0
2022-03-24,10.690133,106.47007,2022-03-24 07:55:27.727018240,417.08597,0.0
2022-03-24,10.67656,106.500534,2022-03-24 07:55:28.005994752,417.434,0.0
2022-03-24,10.751821,106.455734,2022-03-24 07:55:28.141017088,417.3539,0.0
2022-03-24,10.766701,106.44676,2022-03-24 07:55:28.168013568,415.89682,0.0
2022-03-24,10.693243,106.51308,2022-03-24 07:55:28.340010496,416.27414,0.0
2022-03-24,10.708418,106.50411,2022-03-24 07:55:28.367006720,416.921,0.0
2022-03-24,10.723536,106.49515,2022-03-24 07:55:28.394003200,417.45303,0.0
2022-03-24,10.738596,106.486176,2022-03-24 07:55:28.420999424,418.00412,0.0
2022-03-24,10.753601,106.4772,2022-03-24 07:55:28.447996160,417.64423,0.0
2022-03-24,10.768549,106.46822,2022-03-24 07:55:28.474992640,417.68668,0.0
2022-03-24,10.7100315,106.52557,2022-03-24 07:55:28.673019904,417.08777,0.0
2022-03-24,10.725219,106.51662,2022-03-24 07:55:28.700016384,416.92166,0.0
2022-03-24,10.740348,106.50765,2022-03-24 07:55:28.727012864,417.85114,0.0
2022-03-24,10.755421,106.49869,2022-03-24 07:55:28.754009344,417.3928,0.0
2022-03-24,10.770437,106.489716,2022-03-24 07:55:28.781005824,417.42123,0.0
2022-03-24,10.785398,106.48074,2022-03-24 07:55:28.808002304,417.89133,0.0
2022-03-24,10.800303,106.47176,2022-03-24 07:55:28.834998528,415.43268,0.0
2022-03-24,10.72678,106.53815,2022-03-24 07:55:29.005989632,417.35843,0.0
2022-03-24,10.7419405,106.52918,2022-03-24 07:55:29.033026304,417.96765,0.0
2022-03-24,10.757043,106.520226,2022-03-24 07:55:29.060022528,417.52203,0.0
2022-03-24,10.772107,106.51126,2022-03-24 07:55:29.087019008,417.65338,0.0
2022-03-24,10.787121,106.50229,2022-03-24 07:55:29.114015232,415.60757,0.0
2022-03-24,10.802077,106.49332,2022-03-24 07:55:29.141011712,416.39398,0.0
2022-03-24,10.743551,106.550674,2022-03-24 07:55:29.340004864,416.12772,0.0
2022-03-24,10.773822,106.532776,2022-03-24 07:55:29.393997568,417.89575,0.0
2022-03-24,10.793745,106.58833,2022-03-24 07:55:30.339999488,416.34497,0.0
2022-03-24,10.825545,106.59193,2022-03-24 07:55:30.700005632,417.20792,0.0
2022-03-24,10.872555,106.58647,2022-03-24 07:55:31.087008000,415.42432,0.0
2022-03-24,10.8875675,106.5775,2022-03-24 07:55:31.114004736,418.15247,0.0
2022-03-24,10.917431,106.55954,2022-03-24 07:55:31.167997440,417.726,0.0
2022-03-24,10.890803,106.62059,2022-03-24 07:55:31.726996736,416.7757,0.0
2022-03-24,10.877217,106.65106,2022-03-24 07:55:32.006013440,414.40872,0.0
2022-03-24,10.909156,106.65464,2022-03-24 07:55:32.367025408,417.96487,0.0
2022-03-24,10.92429,106.645676,2022-03-24 07:55:32.394021632,417.4515,0.0
2022-03-24,10.939365,106.63671,2022-03-24 07:55:32.421018112,419.19247,0.0
2022-03-24,10.954386,106.62775,2022-03-24 07:55:32.448014848,418.74908,0.0
2022-03-24,10.9559965,106.64931,2022-03-24 07:55:32.754027776,417.7649,0.0
2022-03-24,10.972773,106.66185,2022-03-24 07:55:33.086997248,417.56918,0.0
2022-03-24,11.084667,106.68511,2022-03-24 07:55:34.501996544,417.5034,0.0
2022-03-24,11.061368,106.78918,2022-03-24 07:55:35.673022208,417.66922,0.0
2022-03-24,11.091729,106.77113,2022-03-24 07:55:35.727014912,416.25113,0.0
2022-03-24,10.275971,106.00709,2022-03-24 07:55:45.033019904,414.88318,0.0
2022-03-24,10.303818,105.92862,2022-03-24 07:55:45.168001792,420.24353,0.0
2022-03-24,10.309245,105.91296,2022-03-24 07:55:45.194998272,419.3439,0.0
2022-03-24,10.325908,105.92531,2022-03-24 07:55:45.529013760,418.56775,0.0
2022-03-24,10.3372755,105.953476,2022-03-24 07:55:45.834987008,418.22296,0.0
2022-03-24,10.320546,106.06027,2022-03-24 07:55:46.006018048,419.36905,0.0
2022-03-24,10.348736,106.04126,2022-03-24 07:55:46.394026240,418.27896,0.0
2022-03-24,10.37088,105.97845,2022-03-24 07:55:46.502011904,416.0442,0.0
2022-03-24,10.510339,106.062775,2022-03-24 07:55:49.195016960,419.78406,0.0
2022-03-24,10.488032,106.18521,2022-03-24 07:55:49.340017152,416.42862,0.0
2022-03-24,10.504768,106.19773,2022-03-24 07:55:49.673026816,419.79886,0.0
2022-03-24,10.599875,106.228874,2022-03-24 07:55:51.393999104,411.02054,0.0
2022-03-24,10.655623,106.19101,2022-03-24 07:55:52.168004352,417.1786,0.0
2022-03-24,10.672485,106.203514,2022-03-24 07:55:52.502019584,417.91183,0.0
2022-03-24,10.689136,106.2161,2022-03-24 07:55:52.834989056,418.35645,0.0
2022-03-24,10.689303,106.27571,2022-03-24 07:55:53.087009536,419.4079,0.0
2022-03-24,10.694723,106.319725,2022-03-24 07:55:53.366991872,416.96255,0.0
2022-03-24,10.722698,106.30082,2022-03-24 07:55:53.753994496,412.76166,0.0
2022-03-24,10.73382,106.2694,2022-03-24 07:55:53.807987200,412.4402,0.0
2022-03-24,10.722462,106.36046,2022-03-24 07:55:54.006014720,417.87317,0.0
2022-03-24,10.728177,106.34471,2022-03-24 07:55:54.033011200,415.62085,0.0
2022-03-24,10.739094,106.372986,2022-03-24 07:55:54.339990016,417.52542,0.0
2022-03-24,10.744857,106.35723,2022-03-24 07:55:54.367026688,412.97903,0.0
2022-03-24,10.750569,106.34149,2022-03-24 07:55:54.394023168,416.11404,0.0
2022-03-24,10.755916,106.3855,2022-03-24 07:55:54.672999680,417.4184,0.0
2022-03-24,10.761667,106.36977,2022-03-24 07:55:54.699995904,417.59882,0.0
2022-03-24,10.767368,106.354034,2022-03-24 07:55:54.726992640,417.02148,0.0
2022-03-24,10.77302,106.338326,2022-03-24 07:55:54.753988864,417.81848,0.0
2022-03-24,10.778621,106.32262,2022-03-24 07:55:54.780985344,417.88013,0.0
2022-03-24,10.772722,106.39816,2022-03-24 07:55:55.006009344,416.4836,0.0
2022-03-24,10.778455,106.38242,2022-03-24 07:55:55.033005824,417.32828,0.0
2022-03-24,10.784138,106.3667,2022-03-24 07:55:55.060002304,416.52716,0.0
2022-03-24,10.800867,106.31955,2022-03-24 07:55:55.140991488,416.53906,0.0
2022-03-24,10.795133,106.39494,2022-03-24 07:55:55.367021312,417.21225,0.0
2022-03-24,10.800799,106.37921,2022-03-24 07:55:55.394017792,417.75198,0.0
2022-03-24,10.8064575,106.363495,2022-03-24 07:55:55.421014016,418.06033,0.0
2022-03-24,10.812025,106.34778,2022-03-24 07:55:55.448010496,415.84814,0.0
2022-03-24,10.8285,106.3007,2022-03-24 07:55:55.528999680,417.87863,0.0
2022-03-24,10.806073,106.423225,2022-03-24 07:55:55.672994048,417.4991,0.0
2022-03-24,10.81178,106.40748,2022-03-24 07:55:55.699990784,414.80127,0.0
2022-03-24,10.834208,106.34461,2022-03-24 07:55:55.808016896,417.64404,0.0
2022-03-24,10.8227415,106.43578,2022-03-24 07:55:56.006003968,418.50122,0.0
2022-03-24,10.834178,106.404305,2022-03-24 07:55:56.059996928,412.16733,0.0
2022-03-24,10.839838,106.38858,2022-03-24 07:55:56.086993152,418.9212,0.0
2022-03-24,10.8454075,106.37286,2022-03-24 07:55:56.113989632,417.97076,0.0
2022-03-24,10.850952,106.357155,2022-03-24 07:55:56.140985856,417.86737,0.0
2022-03-24,10.867686,106.3696,2022-03-24 07:55:56.475001600,418.24722,0.0
2022-03-24,10.873158,106.353905,2022-03-24 07:55:56.501997824,418.54324,0.0
2022-03-24,10.878607,106.33821,2022-03-24 07:55:56.528994560,418.35892,0.0
2022-03-24,11.146556,106.598885,2022-03-24 07:56:02.113997568,419.98035,0.0
2022-03-24,10.359818,105.90936,2022-03-24 07:56:07.393992960,417.84277,0.0
2022-03-24,10.508736,106.06035,2022-03-24 07:56:10.340024064,420.95636,0.0
2022-03-24,10.543791,106.04689,2022-03-24 07:56:11.059995904,420.6736,0.0
2022-03-24,10.546062,105.9504,2022-03-24 07:56:11.195018240,417.82352,0.0
2022-03-24,10.560513,106.05941,2022-03-24 07:56:11.394011392,419.9382,0.0
2022-03-24,10.577789,106.05278,2022-03-24 07:56:11.754017280,420.02356,0.0
2022-03-24,10.578312,106.03355,2022-03-24 07:56:11.781014016,420.23004,0.0
2022-03-24,14.696268,107.856995,2022-03-24 07:56:35.754008064,419.04022,0.0
2022-03-24,14.67813,107.90081,2022-03-24 07:56:36.005988096,418.8124,0.0
2022-03-28,15.37031,108.70814,2022-03-28 06:21:46.505003520,422.21338,0.0
2022-03-28,15.375341,108.73154,2022-03-28 06:21:46.811016704,421.88525,0.0
2022-03-28,15.386832,108.72114,2022-03-28 06:21:46.838013184,422.06744,0.0
2022-04-03,21.647549,102.99678,2022-04-03 04:46:59.991007232,421.7266,0.0
2022-04-03,21.65936,102.98647,2022-04-03 04:47:00.018003968,422.53833,0.0
2022-04-03,21.675505,103.00056,2022-04-03 04:47:00.351013632,421.01392,0.0
2022-04-03,21.687313,102.990234,2022-04-03 04:47:00.378010112,419.7185,0.0
2022-04-03,21.734127,102.94865,2022-04-03 04:47:00.485995776,420.44772,0.0
2022-04-03,21.703445,103.004326,2022-04-03 04:47:00.712025344,420.54163,0.0
2022-04-03,21.715229,102.99394,2022-04-03 04:47:00.739021824,420.49762,0.0
2022-04-03,21.750275,102.96272,2022-04-03 04:47:00.820011264,420.43857,0.0
2022-04-03,21.719536,103.01845,2022-04-03 04:47:01.044994816,420.35678,0.0
2022-04-03,21.731308,103.00809,2022-04-03 04:47:01.071991552,419.85635,0.0
2022-04-03,21.743004,102.997696,2022-04-03 04:47:01.098987776,420.15005,0.0
2022-04-03,21.700224,103.06337,2022-04-03 04:47:01.297015296,418.34262,0.0
2022-04-03,21.73569,103.03247,2022-04-03 04:47:01.378004480,421.0513,0.0
2022-04-03,21.747469,103.0221,2022-04-03 04:47:01.405000960,418.9744,0.0
2022-04-03,21.75915,103.01173,2022-04-03 04:47:01.431997184,420.28976,0.0
2022-04-03,21.770868,103.00132,2022-04-03 04:47:01.458993920,420.50632,0.0
2022-04-03,21.782557,102.99089,2022-04-03 04:47:01.485990400,421.73212,0.0
2022-04-03,21.716394,103.07743,2022-04-03 04:47:01.630990592,419.28195,0.0
2022-04-03,21.740067,103.0568,2022-04-03 04:47:01.685023488,420.7874,0.0
2022-04-03,21.775352,103.02576,2022-04-03 04:47:01.766012928,420.63434,0.0
2022-04-03,21.78706,103.01536,2022-04-03 04:47:01.793009408,420.37747,0.0
2022-04-03,21.73254,103.09149,2022-04-03 04:47:01.964000256,421.46008,0.0
2022-04-03,21.744385,103.081215,2022-04-03 04:47:01.990996480,419.0173,0.0
2022-04-03,21.80322,103.02943,2022-04-03 04:47:02.126019072,421.2921,0.0
2022-04-03,21.760513,103.09531,2022-04-03 04:47:02.324006400,420.67328,0.0
2022-04-03,21.772339,103.08499,2022-04-03 04:47:02.351002624,419.7131,0.0
2022-04-03,21.831053,103.033066,2022-04-03 04:47:02.486025216,421.7612,0.0
2022-04-03,21.788477,103.09908,2022-04-03 04:47:02.685018112,419.89017,0.0
2022-04-03,21.800282,103.08875,2022-04-03 04:47:02.712014592,420.1996,0.0
2022-04-03,21.84718,103.04717,2022-04-03 04:47:02.820000512,419.61133,0.0
2022-04-03,21.816446,103.10281,2022-04-03 04:47:03.045024512,420.19174,0.0
2022-04-03,21.863264,103.0613,2022-04-03 04:47:03.153009920,419.7727,0.0
2022-04-03,21.820702,103.12729,2022-04-03 04:47:03.350997248,420.26273,0.0
2022-04-03,21.832493,103.11699,2022-04-03 04:47:03.377993472,420.04315,0.0
2022-04-03,21.836838,103.14134,2022-04-03 04:47:03.685012736,421.29932,0.0
2022-04-03,21.841167,103.16576,2022-04-03 04:47:03.991025920,421.75378,0.0
2022-04-03,21.864773,103.14517,2022-04-03 04:47:04.045018880,419.2333,0.0
2022-04-03,21.888294,103.12444,2022-04-03 04:47:04.099011584,420.36264,0.0
2022-04-03,21.880898,103.159256,2022-04-03 04:47:04.377988352,421.75104,0.0
2022-04-03,21.91618,103.12811,2022-04-03 04:47:04.459017728,420.64368,0.0
2022-04-03,21.908781,103.163,2022-04-03 04:47:04.739000320,419.72595,0.0
2022-04-03,21.960163,103.145905,2022-04-03 04:47:05.152999168,420.80008,0.0
2022-04-03,21.93364,103.22604,2022-04-03 04:47:05.685001728,420.72168,0.0
2022-04-03,21.957207,103.20535,2022-04-03 04:47:05.738994944,421.4313,0.0
2022-04-03,21.968948,103.19498,2022-04-03 04:47:05.765991168,421.37643,0.0
2022-04-03,21.980675,103.18457,2022-04-03 04:47:05.792987648,421.8817,0.0
2022-04-03,22.024565,103.20243,2022-04-03 04:47:06.486003456,420.04047,0.0
2022-04-03,21.974443,103.30304,2022-04-03 04:47:06.964013312,419.74744,0.0
2022-04-03,22.006666,103.33136,2022-04-03 04:47:07.630998016,420.21503,0.0
2022-04-03,22.046415,103.32497,2022-04-03 04:47:08.018000640,419.7864,0.0
2022-04-03,22.058208,103.31466,2022-04-03 04:47:08.044997120,421.00128,0.0
2022-04-03,22.069971,103.30432,2022-04-03 04:47:08.071993600,421.12372,0.0
2022-04-03,22.03881,103.35969,2022-04-03 04:47:08.297017600,419.33807,0.0
2022-04-03,22.050667,103.34941,2022-04-03 04:47:08.324013824,419.94647,0.0
2022-04-03,22.062494,103.33912,2022-04-03 04:47:08.351010304,419.3352,0.0
2022-04-03,22.066788,103.363594,2022-04-03 04:47:08.657989376,418.98022,0.0
2022-04-03,22.090412,103.34295,2022-04-03 04:47:08.712022272,421.52194,0.0
2022-04-03,22.134453,103.360916,2022-04-03 04:47:09.404997888,421.01266,0.0
2022-04-03,22.169712,103.329666,2022-04-03 04:47:09.485987072,421.71008,0.0
2022-04-03,22.126944,103.3958,2022-04-03 04:47:09.685020416,419.20126,0.0
2022-04-03,22.13876,103.38545,2022-04-03 04:47:09.712016896,420.6877,0.0
2022-04-03,22.162327,103.36471,2022-04-03 04:47:09.766009856,420.28278,0.0
2022-04-03,22.174067,103.3543,2022-04-03 04:47:09.793006080,421.87784,0.0
2022-04-03,22.185804,103.34385,2022-04-03 04:47:09.820002560,421.19662,0.0
2022-04-03,22.119339,103.4305,2022-04-03 04:47:09.963996928,422.15546,0.0
2022-04-03,22.143045,103.40992,2022-04-03 04:47:10.017989888,421.87347,0.0
2022-04-03,22.178448,103.378845,2022-04-03 04:47:10.099019520,418.1683,0.0
2022-04-03,22.201897,103.358,2022-04-03 04:47:10.153012224,421.93134,0.0
2022-04-03,22.159164,103.4241,2022-04-03 04:47:10.350999552,420.87915,0.0
2022-04-03,22.170998,103.41376,2022-04-03 04:47:10.377996032,421.1778,0.0
2022-04-03,22.19456,103.393,2022-04-03 04:47:10.431988736,422.3033,0.0
2022-04-03,22.20632,103.382576,2022-04-03 04:47:10.459025408,420.9932,0.0
2022-04-03,22.218014,103.372154,2022-04-03 04:47:10.486021888,421.23285,0.0
2022-04-03,22.15151,103.45887,2022-04-03 04:47:10.631022336,420.7197,0.0
2022-04-03,22.16338,103.44858,2022-04-03 04:47:10.658018560,421.78494,0.0
2022-04-03,22.175234,103.43827,2022-04-03 04:47:10.685015040,420.68045,0.0
2022-04-03,22.18707,103.42793,2022-04-03 04:47:10.712011264,421.19724,0.0
2022-04-03,22.198885,103.417564,2022-04-03 04:47:10.739008000,420.46826,0.0
2022-04-03,22.210667,103.40717,2022-04-03 04:47:10.766004224,420.69284,0.0
2022-04-03,22.222412,103.39675,2022-04-03 04:47:10.793000704,420.68015,0.0
2022-04-03,22.234165,103.3863,2022-04-03 04:47:10.819997184,422.5263,0.0
2022-04-03,22.16763,103.473045,2022-04-03 04:47:10.963991552,421.2291,0.0
2022-04-03,22.179493,103.46277,2022-04-03 04:47:10.990988032,421.87158,0.0
2022-04-03,22.214949,103.4318,2022-04-03 04:47:11.072017664,420.9017,0.0
2022-04-03,22.226738,103.421394,2022-04-03 04:47:11.099014144,420.22653,0.0
2022-04-03,22.238506,103.410965,2022-04-03 04:47:11.126010368,421.29437,0.0
2022-04-03,22.250246,103.40051,2022-04-03 04:47:11.153006848,421.33853,0.0
2022-04-03,22.183758,103.48718,2022-04-03 04:47:11.297001472,421.54062,0.0
2022-04-03,22.195621,103.47692,2022-04-03 04:47:11.323997696,421.6514,0.0
2022-04-03,22.207468,103.46662,2022-04-03 04:47:11.350994176,421.09906,0.0
2022-04-03,22.219292,103.4563,2022-04-03 04:47:11.377990400,421.66418,0.0
2022-04-03,22.23108,103.44594,2022-04-03 04:47:11.404986880,420.96198,0.0
2022-04-03,22.24285,103.43556,2022-04-03 04:47:11.432023552,421.4953,0.0
2022-04-03,22.254604,103.42515,2022-04-03 04:47:11.459020032,421.47675,0.0
2022-04-03,22.26635,103.414696,2022-04-03 04:47:11.486016512,420.6044,0.0
2022-04-03,22.323284,103.50651,2022-04-03 04:47:13.099003136,421.15143,0.0
2022-04-03,22.346756,103.48568,2022-04-03 04:47:13.152996096,421.64557,0.0
2022-04-03,22.2803,103.5723,2022-04-03 04:47:13.296990464,421.31787,0.0
2022-04-03,22.292158,103.56205,2022-04-03 04:47:13.324027136,420.49002,0.0
2022-04-03,22.315805,103.54144,2022-04-03 04:47:13.378019840,422.12906,0.0
2022-04-03,22.3276,103.5311,2022-04-03 04:47:13.405016320,421.07224,0.0
2022-04-03,22.339363,103.52073,2022-04-03 04:47:13.432012800,420.7786,0.0
2022-04-03,22.351099,103.51033,2022-04-03 04:47:13.459009280,420.9371,0.0
2022-04-03,22.362825,103.49989,2022-04-03 04:47:13.486005760,421.75098,0.0
2022-04-03,22.308212,103.57624,2022-04-03 04:47:13.658002432,420.37558,0.0
2022-04-03,22.320055,103.565956,2022-04-03 04:47:13.684998656,422.97272,0.0
2022-04-03,22.331879,103.55564,2022-04-03 04:47:13.711995136,420.68115,0.0
2022-04-03,22.355442,103.53492,2022-04-03 04:47:13.765988096,421.80664,0.0
2022-04-03,22.367182,103.52453,2022-04-03 04:47:13.793024768,420.55368,0.0
2022-04-03,22.378902,103.5141,2022-04-03 04:47:13.820021248,420.8287,0.0
2022-04-03,22.312416,103.60072,2022-04-03 04:47:13.964015360,421.036,0.0
2022-04-03,22.32429,103.59045,2022-04-03 04:47:13.991012096,420.32043,0.0
2022-04-03,22.336134,103.58016,2022-04-03 04:47:14.018008576,420.20456,0.0
2022-04-03,22.371504,103.54911,2022-04-03 04:47:14.098997504,421.67438,0.0
2022-04-03,22.383251,103.53872,2022-04-03 04:47:14.125994240,420.07858,0.0
2022-04-03,22.394978,103.5283,2022-04-03 04:47:14.152990464,420.50336,0.0
2022-04-03,22.328524,103.614944,2022-04-03 04:47:14.297025280,420.69376,0.0
2022-04-03,22.364075,103.58404,2022-04-03 04:47:14.378014464,421.56607,0.0
2022-04-03,22.432676,103.66538,2022-04-03 04:47:16.017997568,420.70685,0.0
2022-04-03,22.479757,103.62402,2022-04-03 04:47:16.126023424,420.85388,0.0
2022-04-03,22.469036,103.7184,2022-04-03 04:47:16.990995712,420.66232,0.0
2022-04-03,22.504505,103.6875,2022-04-03 04:47:17.072025344,421.17267,0.0
2022-04-03,22.539772,103.65629,2022-04-03 04:47:17.153014784,421.1927,0.0
2022-04-03,22.47327,103.74286,2022-04-03 04:47:17.297008896,421.04532,0.0
2022-04-03,22.485123,103.73262,2022-04-03 04:47:17.324005376,420.88333,0.0
2022-04-03,22.49696,103.72236,2022-04-03 04:47:17.351001856,421.39224,0.0
2022-04-03,22.508778,103.71205,2022-04-03 04:47:17.377998336,421.33194,0.0
2022-04-03,22.52059,103.70172,2022-04-03 04:47:17.404994816,420.8748,0.0
2022-04-03,22.532362,103.691345,2022-04-03 04:47:17.431991040,421.14386,0.0
2022-04-03,22.501183,103.74688,2022-04-03 04:47:17.658020864,421.68027,0.0
2022-04-03,22.52909,103.75085,2022-04-03 04:47:18.017986816,421.10815,0.0
2022-04-03,22.54934,103.7897,2022-04-03 04:47:18.658015488,419.77164,0.0
2022-04-03,22.581444,103.81826,2022-04-03 04:47:19.323994624,420.00702,0.0
2022-04-03,22.60517,103.79764,2022-04-03 04:47:19.377987328,421.80035,0.0
2022-04-03,22.61699,103.78728,2022-04-03 04:47:19.405024000,420.57285,0.0
2022-04-03,22.628788,103.77689,2022-04-03 04:47:19.432020480,421.18494,0.0
2022-04-03,22.58559,103.842834,2022-04-03 04:47:19.631013632,421.465,0.0
2022-04-03,22.609375,103.822235,2022-04-03 04:47:19.685006336,421.7422,0.0
2022-04-03,22.621225,103.811905,2022-04-03 04:47:19.712002816,421.77448,0.0
2022-04-03,22.633049,103.801544,2022-04-03 04:47:19.738999296,421.01144,0.0
2022-04-03,22.644852,103.79116,2022-04-03 04:47:19.765995776,421.32236,0.0
2022-04-03,22.656631,103.78075,2022-04-03 04:47:19.792992000,421.38034,0.0
2022-04-07,21.95014,103.882195,2022-04-07 03:10:56.207022080,422.16843,0.0
2022-04-07,21.966198,103.896355,2022-04-07 03:10:56.539991296,420.2434,0.0
2022-04-07,21.98243,103.91041,2022-04-07 03:10:56.874007040,422.3292,0.0
2022-04-07,21.994158,103.90006,2022-04-07 03:10:56.901003264,420.4864,0.0
2022-04-07,21.963137,103.9554,2022-04-07 03:10:57.125987072,419.26703,0.0
2022-04-07,21.998535,103.92453,2022-04-07 03:10:57.207016704,420.70782,0.0
2022-04-07,22.0103,103.91417,2022-04-07 03:10:57.234013184,421.30316,0.0
2022-04-07,22.328007,104.173065,2022-04-07 03:11:03.594026752,422.84314,0.0
2022-04-07,22.308731,104.21837,2022-04-07 03:11:03.847012864,425.78906,0.0
2022-04-07,22.37317,104.27516,2022-04-07 03:11:05.180016896,423.2952,0.0
2022-04-07,22.384966,104.26483,2022-04-07 03:11:05.207013632,422.6447,0.0
2022-04-07,22.365536,104.30996,2022-04-07 03:11:05.458993664,422.66055,0.0
2022-04-07,22.377384,104.29968,2022-04-07 03:11:05.485990144,423.39725,0.0
2022-04-07,22.389215,104.28938,2022-04-07 03:11:05.513026816,422.9582,0.0
2022-04-07,22.393446,104.31394,2022-04-07 03:11:05.820005376,421.37973,0.0
2022-04-07,22.413696,104.35276,2022-04-07 03:11:06.458988288,419.10202,0.0
2022-04-07,22.517723,104.40333,2022-04-07 03:11:08.180000768,422.2467,0.0
2022-04-07,23.066483,104.83026,2022-04-07 03:11:18.928001280,422.52182,0.0
2022-04-07,23.078192,104.81991,2022-04-07 03:11:18.954997504,420.90433,0.0
2022-04-07,23.035292,104.88592,2022-04-07 03:11:19.153025024,418.87982,0.0
2022-04-07,23.08244,104.84469,2022-04-07 03:11:19.261010944,421.23853,0.0
2022-04-07,23.074955,104.87973,2022-04-07 03:11:19.540027648,422.29712,0.0
2022-04-07,23.086714,104.86939,2022-04-07 03:11:19.567024128,422.35278,0.0
2022-04-07,23.05541,104.92497,2022-04-07 03:11:19.793013504,418.2758,0.0
2022-04-07,23.067286,104.91473,2022-04-07 03:11:19.820010240,419.8969,0.0
2022-04-07,23.079145,104.90446,2022-04-07 03:11:19.847006464,421.11896,0.0
2022-04-07,23.114523,104.87344,2022-04-07 03:11:19.927995648,420.8165,0.0
2022-04-07,23.059568,104.94953,2022-04-07 03:11:20.099026944,418.7995,0.0
2022-04-07,23.095192,104.9188,2022-04-07 03:11:20.180016128,420.01074,0.0
2022-04-07,23.107025,104.90849,2022-04-07 03:11:20.207012608,421.55573,0.0
2022-04-07,23.075611,104.96391,2022-04-07 03:11:20.431996416,422.87543,0.0
2022-04-07,23.11126,104.93313,2022-04-07 03:11:20.513025792,419.90332,0.0
2022-04-07,23.103539,104.96803,2022-04-07 03:11:20.793008384,418.6632,0.0
2022-04-07,23.115427,104.95776,2022-04-07 03:11:20.820004608,419.16776,0.0
2022-04-07,23.123585,105.00711,2022-04-07 03:11:21.431990784,422.41827,0.0
2022-04-07,23.135485,104.996895,2022-04-07 03:11:21.458987264,421.538,0.0
2022-04-07,23.19125,105.005165,2022-04-07 03:11:22.180005376,418.86115,0.0
2022-04-07,23.195408,105.029816,2022-04-07 03:11:22.486018560,420.5005,0.0
2022-04-07,23.187592,105.06476,2022-04-07 03:11:22.766000896,419.4597,0.0
2022-04-08,17.318558,106.155266,2022-04-08 02:22:04.482026496,421.65833,0.0
2022-04-08,17.330143,106.14501,2022-04-08 02:22:04.509023232,421.35522,0.0
2022-04-08,17.341698,106.13475,2022-04-08 02:22:04.536019456,421.83606,0.0
2022-04-08,17.353243,106.124466,2022-04-08 02:22:04.563015936,422.17096,0.0
2022-04-08,17.364765,106.11413,2022-04-08 02:22:04.590012672,421.79507,0.0
2022-04-08,17.376217,106.10378,2022-04-08 02:22:04.617008896,421.15924,0.0
2022-04-08,17.38767,106.093414,2022-04-08 02:22:04.644005376,421.04834,0.0
2022-04-08,17.399113,106.08301,2022-04-08 02:22:04.671001600,421.65277,0.0
2022-04-08,17.335081,106.168526,2022-04-08 02:22:04.814996224,421.06287,0.0
2022-04-08,17.346682,106.15824,2022-04-08 02:22:04.841992704,422.12964,0.0
2022-04-08,17.36978,106.13769,2022-04-08 02:22:04.896025600,420.5823,0.0
2022-04-08,17.404171,106.10666,2022-04-08 02:22:04.977015040,421.47665,0.0
2022-04-08,17.415596,106.09627,2022-04-08 02:22:05.004011520,420.52786,0.0
2022-04-08,17.351532,106.18186,2022-04-08 02:22:05.148005632,420.0147,0.0
2022-04-08,17.363142,106.171585,2022-04-08 02:22:05.175002112,421.25903,0.0
2022-04-08,17.37472,106.16129,2022-04-08 02:22:05.201998592,421.95816,0.0
2022-04-08,17.420696,106.11993,2022-04-08 02:22:05.310024704,421.03497,0.0
2022-04-08,17.367952,106.19517,2022-04-08 02:22:05.482021376,420.71048,0.0
2022-04-08,17.437143,106.13326,2022-04-08 02:22:05.643999744,421.76993,0.0
2022-04-08,17.448574,106.12287,2022-04-08 02:22:05.670996224,422.21823,0.0
2022-04-08,17.407724,106.187775,2022-04-08 02:22:05.869023744,421.80066,0.0
2022-04-08,17.481503,106.14938,2022-04-08 02:22:06.337015552,421.283,0.0
2022-04-08,17.452068,106.2042,2022-04-08 02:22:06.563005184,423.00665,0.0
2022-04-08,17.51447,106.17594,2022-04-08 02:22:07.004000768,421.30783,0.0
2022-04-08,17.47351,106.241035,2022-04-08 02:22:07.201987840,422.62158,0.0
2022-04-09,9.267063,105.83359,2022-04-09 01:32:41.880996608,423.93652,0.0
2022-04-09,9.345165,105.789856,2022-04-09 01:32:43.349988864,422.22128,0.0
2022-04-09,9.5289135,105.944244,2022-04-09 01:32:46.988995584,423.75656,0.0
2022-04-22,10.35538,103.88057,2022-04-22 07:23:40.430021120,422.25653,0.0
2022-04-22,10.323428,103.86642,2022-04-22 07:23:40.710003456,419.0145,0.0
2022-04-22,10.331011,103.87974,2022-04-22 07:23:40.736999680,420.63635,0.0
2022-04-22,10.314181,103.8921,2022-04-22 07:23:41.070009344,421.9341,0.0
2022-04-22,10.297386,103.90451,2022-04-22 07:23:41.403019264,420.20566,0.0
2022-04-22,10.237634,103.96743,2022-04-22 07:23:42.764025600,421.56583,0.0
2022-04-22,10.220851,103.979836,2022-04-22 07:23:43.096995072,421.08112,0.0
2022-04-22,10.179589,103.991455,2022-04-22 07:23:43.737023744,419.63507,0.0
2022-04-22,10.187185,104.00475,2022-04-22 07:23:43.764020224,421.1757,0.0
2022-04-22,10.162733,104.003784,2022-04-22 07:23:44.069993216,420.44122,0.0
2022-04-22,10.170333,104.0171,2022-04-22 07:23:44.096989696,420.79865,0.0
2022-04-22,10.153492,104.02955,2022-04-22 07:23:44.429999360,421.0338,0.0
2022-04-22,10.113962,104.00192,2022-04-22 07:23:44.683025408,420.26407,0.0
2022-04-22,10.121504,104.01525,2022-04-22 07:23:44.710021888,421.54276,0.0
2022-04-23,13.600527,107.63435,2022-04-23 06:35:03.119994624,417.90506,0.0
2022-04-23,13.5004,107.710754,2022-04-23 06:35:05.120024320,418.4355,0.0
2022-04-23,13.419715,107.69536,2022-04-23 06:35:06.011992576,418.6623,0.0
2022-04-23,13.427335,107.70878,2022-04-23 06:35:06.038989056,418.35297,0.0
2022-04-23,13.450353,107.74894,2022-04-23 06:35:06.120018688,418.0915,0.0
2022-04-23,13.363637,107.68041,2022-04-23 06:35:06.597022720,419.1176,0.0
2022-04-23,13.401586,107.74762,2022-04-23 06:35:06.732004864,419.16376,0.0
2022-04-23,13.157083,107.79504,2022-04-23 06:35:10.263991296,418.98553,0.0
2022-04-23,13.146399,107.86081,2022-04-23 06:35:11.012005888,418.97525,0.0
2022-04-23,13.056963,107.871254,2022-04-23 06:35:12.264020736,419.18127,0.0
2022-04-23,13.060162,108.00321,2022-04-23 06:35:13.452990208,418.17438,0.0
2022-04-23,12.712034,108.19026,2022-04-23 06:35:19.678021888,418.8308,0.0
2022-04-23,12.719625,108.203674,2022-04-23 06:35:19.705018624,419.45648,0.0
2022-04-23,12.742566,108.24374,2022-04-23 06:35:19.786007552,420.7418,0.0
2022-04-23,12.687751,108.18947,2022-04-23 06:35:19.985000960,419.90915,0.0
2022-04-23,12.67857,108.21548,2022-04-23 06:35:20.345006848,419.6421,0.0
2022-04-23,12.701415,108.25557,2022-04-23 06:35:20.425996288,419.32144,0.0
2022-04-23,12.675746,108.29438,2022-04-23 06:35:21.120017664,419.03024,0.0
2022-04-23,12.634548,108.306206,2022-04-23 06:35:21.759000320,420.63412,0.0
2022-04-23,11.847798,108.898155,2022-04-23 06:35:37.426024704,417.80972,0.0
2022-04-23,11.701965,108.893105,2022-04-23 06:35:39.263994880,417.21542,0.0
2022-04-23,11.685211,108.90565,2022-04-23 06:35:39.597004544,417.42383,0.0
2022-04-23,11.700204,108.93252,2022-04-23 06:35:39.650997760,417.95627,0.0
2022-04-23,11.707738,108.94592,2022-04-23 06:35:39.677993984,417.78522,0.0
2022-04-23,11.738131,108.99933,2022-04-23 06:35:39.786019840,417.64056,0.0
2022-04-23,11.668447,108.91821,2022-04-23 06:35:39.931020288,417.8345,0.0
2022-04-23,11.690948,108.95846,2022-04-23 06:35:40.012009472,418.92447,0.0
2022-04-23,11.651665,108.9307,2022-04-23 06:35:40.263989504,418.20056,0.0
2022-04-23,11.659148,108.94414,2022-04-23 06:35:40.291026176,417.3626,0.0
2022-04-23,11.666652,108.95755,2022-04-23 06:35:40.318022656,416.85983,0.0
2022-04-23,11.634921,108.94326,2022-04-23 06:35:40.596999168,417.0829,0.0
2022-04-23,11.642407,108.95672,2022-04-23 06:35:40.623995904,417.63144,0.0
2022-04-23,11.649919,108.97015,2022-04-23 06:35:40.650992128,417.01337,0.0
2022-04-23,11.657452,108.98356,2022-04-23 06:35:40.677988608,417.92065,0.0
2022-04-23,11.618145,108.95577,2022-04-23 06:35:40.931014656,416.67493,0.0
2022-04-23,11.625628,108.969215,2022-04-23 06:35:40.958011136,416.00455,0.0
2022-04-23,11.640674,108.99605,2022-04-23 06:35:41.012003840,417.5628,0.0
2022-04-23,11.601405,108.96838,2022-04-23 06:35:41.264024320,417.57697,0.0
2022-04-23,11.608877,108.98181,2022-04-23 06:35:41.291020800,417.6727,0.0
2022-04-23,11.646624,109.048645,2022-04-23 06:35:41.426002944,418.3106,0.0
2022-04-23,11.5846195,108.980835,2022-04-23 06:35:41.596994048,417.31616,0.0
2022-04-23,11.592108,108.994286,2022-04-23 06:35:41.623990272,418.88113,0.0
2022-04-23,11.599622,109.00771,2022-04-23 06:35:41.651026944,417.29694,0.0
2022-04-23,11.582885,109.020256,2022-04-23 06:35:41.985001984,418.97607,0.0
2022-04-23,11.605539,109.06036,2022-04-23 06:35:42.065991424,419.28964,0.0
2022-04-23,11.085864,107.86185,2022-04-23 06:35:57.372003840,420.3294,0.0
2022-04-23,11.099571,107.87066,2022-04-23 06:35:57.399000064,417.88266,0.0
2022-04-23,11.066204,107.89579,2022-04-23 06:35:58.066025216,419.1739,0.0
2022-04-23,11.035728,107.90048,2022-04-23 06:35:58.371998208,418.78458,0.0
2022-04-23,11.019194,107.912285,2022-04-23 06:35:58.705008128,419.29526,0.0
2022-04-23,11.032899,107.92102,2022-04-23 06:35:58.732004352,419.8045,0.0
2022-04-23,11.01617,107.933235,2022-04-23 06:35:59.066020096,418.60635,0.0
2022-04-23,11.0298815,107.94195,2022-04-23 06:35:59.093016320,417.82043,0.0
2022-04-23,11.043587,107.95064,2022-04-23 06:35:59.120012800,418.86874,0.0
2022-04-23,10.985846,107.93672,2022-04-23 06:35:59.371993088,418.98685,0.0
2022-04-23,10.99957,107.94546,2022-04-23 06:35:59.398989312,417.8875,0.0
2022-04-23,11.013279,107.954185,2022-04-23 06:35:59.425985792,418.56656,0.0
2022-04-23,11.026986,107.96288,2022-04-23 06:35:59.453022464,418.03046,0.0
2022-04-23,10.96912,107.949455,2022-04-23 06:35:59.705002496,417.88547,0.0
2022-04-23,10.982831,107.95827,2022-04-23 06:35:59.731998976,418.76935,0.0
2022-04-23,10.996539,107.96705,2022-04-23 06:35:59.758995456,417.94604,0.0
2022-04-23,11.010247,107.975784,2022-04-23 06:35:59.785991936,418.3357,0.0
2022-04-23,10.95227,107.96229,2022-04-23 06:36:00.039018240,418.4903,0.0
2022-04-23,10.965945,107.97119,2022-04-23 06:36:00.066014464,418.53598,0.0
2022-04-23,10.979701,107.97958,2022-04-23 06:36:00.093010944,419.2385,0.0
2022-04-23,10.935595,107.97434,2022-04-23 06:36:00.371987456,417.8809,0.0
2022-04-23,10.949313,107.98308,2022-04-23 06:36:00.399024128,419.02106,0.0
2022-04-23,10.963049,107.9917,2022-04-23 06:36:00.426020608,418.34912,0.0
2022-04-23,10.976777,108.000336,2022-04-23 06:36:00.453017088,419.13412,0.0
2022-04-23,10.932697,107.99574,2022-04-23 06:36:00.731993600,418.98776,0.0
2022-04-23,10.960131,108.013145,2022-04-23 06:36:00.786026752,418.94763,0.0
2022-04-23,10.902207,107.99997,2022-04-23 06:36:01.039012608,418.11105,0.0
2022-04-23,10.915936,108.008606,2022-04-23 06:36:01.066009088,418.27225,0.0
2022-04-23,10.929648,108.01731,2022-04-23 06:36:01.093005568,418.76465,0.0
2022-04-23,10.943361,108.02598,2022-04-23 06:36:01.120002048,418.65442,0.0
2022-04-23,10.844293,107.98599,2022-04-23 06:36:01.290992640,418.5719,0.0
2022-04-23,10.871697,108.003654,2022-04-23 06:36:01.345026048,418.55048,0.0
2022-04-23,10.885389,108.012474,2022-04-23 06:36:01.372022272,418.23672,0.0
2022-04-23,10.926551,108.038216,2022-04-23 06:36:01.453011456,418.374,0.0
2022-04-23,10.813773,107.989296,2022-04-23 06:36:01.597006080,417.34528,0.0
2022-04-23,10.84122,108.0073,2022-04-23 06:36:01.650998784,417.0359,0.0
2022-04-23,10.854961,108.01606,2022-04-23 06:36:01.677995264,417.94968,0.0
2022-04-23,10.868708,108.02475,2022-04-23 06:36:01.704991744,417.12155,0.0
2022-04-23,10.882444,108.033455,2022-04-23 06:36:01.731988224,417.95035,0.0
2022-04-23,10.896152,108.0423,2022-04-23 06:36:01.759024896,418.29453,0.0
2022-04-23,10.909926,108.0507,2022-04-23 06:36:01.786021120,418.41794,0.0
2022-04-23,10.824681,108.02,2022-04-23 06:36:01.985014528,418.34802,0.0
2022-04-23,10.879482,108.054985,2022-04-23 06:36:02.093000192,417.83234,0.0
2022-04-23,10.893165,108.06372,2022-04-23 06:36:02.119996672,418.87158,0.0
2022-04-26,10.177727,104.66745,2022-04-26 05:47:41.066007552,418.51077,0.0
2022-04-27,14.381836,107.49736,2022-04-27 04:59:09.862003200,417.97827,0.0
2022-04-27,14.364391,107.549934,2022-04-27 04:59:10.582015488,418.42053,0.0
2022-04-27,14.3722925,107.5633,2022-04-27 04:59:10.609011968,419.3916,0.0
2022-04-27,14.31636,107.50903,2022-04-27 04:59:10.808005120,418.91968,0.0
2022-04-27,14.324162,107.52249,2022-04-27 04:59:10.835001344,419.21198,0.0
2022-04-27,14.339831,107.54933,2022-04-27 04:59:10.888994304,419.02295,0.0
2022-04-27,14.307496,107.53531,2022-04-27 04:59:11.168011264,419.95398,0.0
2022-04-27,14.323199,107.5622,2022-04-27 04:59:11.222003968,419.74777,0.0
2022-04-27,14.346864,107.60226,2022-04-27 04:59:11.302993408,420.03012,0.0
2022-04-27,14.33019,107.615,2022-04-27 04:59:11.636003072,418.0647,0.0
2022-04-27,14.190095,107.664604,2022-04-27 04:59:13.889018368,418.55148,0.0
2022-04-27,14.197971,107.67801,2022-04-27 04:59:13.916014592,418.33804,0.0
2022-04-27,14.213792,107.70474,2022-04-27 04:59:13.970007552,419.91193,0.0
2022-04-27,14.165679,107.66415,2022-04-27 04:59:14.194991360,419.3562,0.0
2022-04-27,14.173538,107.677574,2022-04-27 04:59:14.221987840,419.93777,0.0
2022-04-27,14.189318,107.70435,2022-04-27 04:59:14.276020736,419.52853,0.0
2022-04-27,14.1972065,107.71766,2022-04-27 04:59:14.303017216,420.023,0.0
2022-04-27,14.133407,107.650085,2022-04-27 04:59:14.474008064,418.76132,0.0
2022-04-27,14.108994,107.649376,2022-04-27 04:59:14.781027072,419.68726,0.0
2022-04-27,13.959289,107.7646,2022-04-27 04:59:17.781010944,418.7948,0.0
2022-04-27,13.859365,107.84126,2022-04-27 04:59:19.781000192,416.78897,0.0
2022-04-27,13.723055,108.06212,2022-04-27 04:59:23.609021952,417.66727,0.0
2022-04-27,13.607316,108.11173,2022-04-27 04:59:25.555018240,417.0948,0.0
2022-04-27,13.575026,108.09764,2022-04-27 04:59:25.835000576,418.56592,0.0
2022-04-27,13.582814,108.11105,2022-04-27 04:59:25.861997056,418.80527,0.0
2022-04-27,13.590622,108.124435,2022-04-27 04:59:25.888993536,418.66342,0.0
2022-04-27,13.542873,108.08357,2022-04-27 04:59:26.114017536,419.2164,0.0
2022-04-27,13.550608,108.097015,2022-04-27 04:59:26.141013760,418.43707,0.0
2022-04-27,13.56619,108.12386,2022-04-27 04:59:26.195006720,418.3304,0.0
2022-04-27,13.57401,108.137245,2022-04-27 04:59:26.222002944,418.44012,0.0
2022-04-27,13.573033,108.176674,2022-04-27 04:59:26.609005568,417.99066,0.0
2022-04-27,13.532836,108.14938,2022-04-27 04:59:26.861991680,417.8329,0.0
2022-04-27,13.548493,108.17613,2022-04-27 04:59:26.916024576,417.87442,0.0
2022-04-27,13.556368,108.18949,2022-04-27 04:59:26.943021056,419.54907,0.0
2022-04-27,13.564262,108.20282,2022-04-27 04:59:26.970017536,418.68005,0.0
2022-04-27,13.539698,108.2022,2022-04-27 04:59:27.275990528,419.44922,0.0
2022-04-27,13.547592,108.21552,2022-04-27 04:59:27.302987008,419.47394,0.0
2022-04-27,13.530889,108.22824,2022-04-27 04:59:27.635996672,418.14075,0.0
2022-04-27,13.442904,108.159996,2022-04-27 04:59:28.114006528,416.73853,0.0
2022-04-27,13.457366,108.22644,2022-04-27 04:59:28.555001856,418.36945,0.0
2022-04-27,13.440661,108.239136,2022-04-27 04:59:28.889017344,418.84528,0.0
2022-04-27,13.423935,108.251785,2022-04-27 04:59:29.222027008,419.26236,0.0
2022-04-27,13.431782,108.26517,2022-04-27 04:59:29.249023488,419.02417,0.0
2022-04-27,13.391629,108.23766,2022-04-27 04:59:29.501003776,418.93994,0.0
2022-04-27,13.399419,108.25108,2022-04-27 04:59:29.528000000,419.4026,0.0
2022-04-27,13.367211,108.23695,2022-04-27 04:59:29.808022784,419.08777,0.0
2022-04-27,13.342871,108.2363,2022-04-27 04:59:30.113995520,418.09415,0.0
2022-04-27,13.350577,108.249725,2022-04-27 04:59:30.140992256,419.20074,0.0
2022-04-27,13.366114,108.276566,2022-04-27 04:59:30.195025152,416.62286,0.0
2022-04-27,13.347437,108.36807,2022-04-27 04:59:31.303005440,419.34106,0.0
2022-04-27,12.715073,108.77086,2022-04-27 04:59:43.194994944,418.833,0.0
2022-04-27,12.722855,108.784225,2022-04-27 04:59:43.221991424,418.44714,0.0
2022-04-27,12.672726,108.82211,2022-04-27 04:59:44.222025984,418.43442,0.0
2022-04-27,12.696212,108.862076,2022-04-27 04:59:44.303015424,416.3979,0.0
2022-04-27,12.597975,108.85912,2022-04-27 04:59:45.527993600,417.97433,0.0
2022-04-27,12.407708,108.94512,2022-04-27 04:59:48.781003776,418.8206,0.0
2022-04-27,12.391014,108.95778,2022-04-27 04:59:49.114013184,418.97763,0.0
2022-04-27,12.397464,109.01062,2022-04-27 04:59:49.528012288,420.2286,0.0
2022-04-27,12.307352,109.02071,2022-04-27 04:59:50.780992768,418.97498,0.0
2022-04-27,12.27392,109.045975,2022-04-27 04:59:51.447012096,420.09473,0.0
2022-04-27,12.281616,109.05941,2022-04-27 04:59:51.474008576,420.04578,0.0
2022-04-27,12.289334,109.072815,2022-04-27 04:59:51.501005056,420.36734,0.0
2022-04-27,12.257188,109.05853,2022-04-27 04:59:51.780987136,419.30472,0.0
2022-04-27,12.272604,109.08538,2022-04-27 04:59:51.835020544,419.41498,0.0
2022-04-27,12.288135,109.11215,2022-04-27 04:59:51.889013248,420.273,0.0
2022-04-27,12.240543,109.07118,2022-04-27 04:59:52.113997056,419.737,0.0
2022-04-27,12.248238,109.084625,2022-04-27 04:59:52.140993536,419.62512,0.0
2022-04-27,12.271476,109.12482,2022-04-27 04:59:52.222022912,419.3491,0.0
2022-04-27,12.253561,109.17656,2022-04-27 04:59:52.943000832,419.254,0.0
2022-04-27,12.213452,109.14912,2022-04-27 04:59:53.195021056,421.82733,0.0
2022-05-01,14.374189,108.10442,2022-05-01 03:23:14.048000768,417.6603,0.0
2022-05-01,14.389504,108.13143,2022-05-01 03:23:14.101993728,419.40686,0.0
2022-05-01,13.02279,109.17736,2022-05-01 03:23:41.435017728,422.21872,0.0
2022-05-05,20.895344,103.593956,2022-05-05 01:44:45.372023296,424.37033,0.0
2022-05-05,20.799238,103.55313,2022-05-05 01:44:46.209999104,419.9547,0.0
2022-05-05,20.798742,103.59449,2022-05-05 01:44:46.598007552,419.34875,0.0
2022-05-05,20.830515,103.64947,2022-05-05 01:44:46.705993216,419.2248,0.0
2022-05-05,20.790506,103.62217,2022-05-05 01:44:46.958013440,418.32486,0.0
2022-05-05,20.749527,103.71879,2022-05-05 01:44:48.372006912,419.90985,0.0
2022-05-05,20.757542,103.7325,2022-05-05 01:44:48.399003392,418.31845,0.0
2022-05-05,20.717474,103.70531,2022-05-05 01:44:48.651989504,419.75842,0.0
2022-05-05,20.725382,103.719,2022-05-05 01:44:48.679026176,419.1319,0.0
2022-05-05,20.733358,103.732704,2022-05-05 01:44:48.706022400,419.99182,0.0
2022-05-05,20.741367,103.7464,2022-05-05 01:44:48.733018880,419.6585,0.0
2022-05-05,20.685453,103.69166,2022-05-05 01:44:48.931006208,422.4579,0.0
2022-05-05,20.701296,103.719215,2022-05-05 01:44:48.984999168,421.7225,0.0
2022-05-05,20.68508,103.73304,2022-05-05 01:44:49.318008576,421.8276,0.0
2022-05-05,19.22248,104.88501,2022-05-05 01:45:18.544001792,420.6084,0.0
2022-05-05,19.230242,104.89878,2022-05-05 01:45:18.570998272,421.7067,0.0
2022-05-05,19.24585,104.92627,2022-05-05 01:45:18.624991232,421.47128,0.0
2022-05-05,19.253687,104.93999,2022-05-05 01:45:18.651987456,422.23813,0.0
2022-05-05,19.261532,104.95366,2022-05-05 01:45:18.679024128,423.11548,0.0
2022-05-05,19.206102,104.898506,2022-05-05 01:45:18.877011456,420.4055,0.0
2022-05-05,19.21387,104.91228,2022-05-05 01:45:18.904007936,420.5199,0.0
2022-05-05,19.22166,104.92603,2022-05-05 01:45:18.931004416,420.3797,0.0
2022-05-05,19.229483,104.93976,2022-05-05 01:45:18.958000896,419.85938,0.0
2022-05-05,19.237322,104.953476,2022-05-05 01:45:18.984997376,421.2,0.0
2022-05-05,19.245188,104.96716,2022-05-05 01:45:19.011993600,419.52222,0.0
2022-05-05,19.253082,104.980835,2022-05-05 01:45:19.038990080,419.6789,0.0
2022-05-05,19.261,104.994484,2022-05-05 01:45:19.066026752,421.55914,0.0
2022-05-05,19.189817,104.9121,2022-05-05 01:45:19.210021376,419.74005,0.0
2022-05-05,19.197561,104.92586,2022-05-05 01:45:19.237017600,420.35104,0.0
2022-05-05,19.205334,104.93959,2022-05-05 01:45:19.264014080,420.38724,0.0
2022-05-05,19.213146,104.95332,2022-05-05 01:45:19.291010304,421.78918,0.0
2022-05-05,19.220974,104.96703,2022-05-05 01:45:19.318007040,420.03424,0.0
2022-05-05,19.236708,104.994385,2022-05-05 01:45:19.371999744,422.0595,0.0
2022-05-05,19.17348,104.92571,2022-05-05 01:45:19.543996416,421.97266,0.0
2022-05-05,19.189007,104.95323,2022-05-05 01:45:19.597989376,419.69196,0.0
2022-05-05,19.196812,104.96696,2022-05-05 01:45:19.625026048,420.44235,0.0
2022-05-05,19.204636,104.98067,2022-05-05 01:45:19.652022272,420.83392,0.0
2022-05-05,19.212484,104.99434,2022-05-05 01:45:19.679019008,420.6679,0.0
2022-05-05,19.220367,105.007996,2022-05-05 01:45:19.706015232,421.6233,0.0
2022-05-05,19.22828,105.02164,2022-05-05 01:45:19.733011712,420.54025,0.0
2022-05-05,19.15712,104.93921,2022-05-05 01:45:19.877006080,420.83878,0.0
2022-05-05,19.16487,104.95297,2022-05-05 01:45:19.904002560,420.82733,0.0
2022-05-05,19.172644,104.96672,2022-05-05 01:45:19.930999040,420.60736,0.0
2022-05-05,19.196115,105.00783,2022-05-05 01:45:20.011988224,421.6671,0.0
2022-05-05,19.204004,105.02151,2022-05-05 01:45:20.039024896,421.00632,0.0
2022-05-05,19.211916,105.035164,2022-05-05 01:45:20.066021376,419.4927,0.0
2022-05-05,19.14082,104.95288,2022-05-05 01:45:20.210015744,419.72885,0.0
2022-05-05,19.171988,105.007835,2022-05-05 01:45:20.318001408,420.20337,0.0
2022-05-05,19.179838,105.021515,2022-05-05 01:45:20.344997888,419.55325,0.0
2022-05-05,19.187714,105.03517,2022-05-05 01:45:20.371994368,419.8381,0.0
2022-05-05,19.19562,105.04882,2022-05-05 01:45:20.398990848,421.8865,0.0
2022-05-05,19.132236,104.98021,2022-05-05 01:45:20.570987520,420.91608,0.0
2022-05-05,19.140018,104.99396,2022-05-05 01:45:20.598024192,420.21124,0.0
2022-05-05,19.147827,105.00769,2022-05-05 01:45:20.625020416,419.3611,0.0
2022-05-05,19.171385,105.04875,2022-05-05 01:45:20.706009856,419.95578,0.0
2022-05-05,19.179298,105.06241,2022-05-05 01:45:20.733006336,419.00336,0.0
2022-05-05,19.108164,104.980064,2022-05-05 01:45:20.877000704,418.9045,0.0
2022-05-05,19.115923,104.99383,2022-05-05 01:45:20.903997184,420.54004,0.0
2022-05-05,19.12371,105.007576,2022-05-05 01:45:20.930993664,420.4382,0.0
2022-05-05,19.131525,105.0213,2022-05-05 01:45:20.957989888,420.28943,0.0
2022-05-05,19.139364,105.03502,2022-05-05 01:45:20.985026560,420.69437,0.0
2022-05-05,19.162996,105.07599,2022-05-05 01:45:21.066016000,418.66934,0.0
2022-05-05,19.099623,105.00737,2022-05-05 01:45:21.237006592,420.82993,0.0
2022-05-05,19.11521,105.03486,2022-05-05 01:45:21.290999552,422.5873,0.0
2022-05-05,19.123047,105.048584,2022-05-05 01:45:21.317996032,420.65854,0.0
2022-05-05,19.075577,105.00729,2022-05-05 01:45:21.544025856,420.63272,0.0
2022-05-05,19.083332,105.021065,2022-05-05 01:45:21.571022336,421.80524,0.0
2022-05-05,19.091112,105.03482,2022-05-05 01:45:21.598018560,420.0636,0.0
2022-05-05,19.130405,105.10328,2022-05-05 01:45:21.733000704,421.82605,0.0
2022-05-05,19.059269,105.02086,2022-05-05 01:45:21.876995328,419.88657,0.0
2022-05-05,19.067019,105.034615,2022-05-05 01:45:21.903991808,420.82202,0.0
2022-05-05,19.074793,105.04835,2022-05-05 01:45:21.930988032,420.36057,0.0
2022-05-05,19.082592,105.06206,2022-05-05 01:45:21.958024704,421.58405,0.0
2022-05-05,19.090418,105.07575,2022-05-05 01:45:21.985021184,421.69315,0.0
2022-05-05,19.114044,105.116714,2022-05-05 01:45:22.066010368,419.409,0.0
2022-05-05,19.042921,105.03436,2022-05-05 01:45:22.210004736,420.148,0.0
2022-05-05,19.050674,105.048134,2022-05-05 01:45:22.237001472,421.26468,0.0
2022-05-05,19.066248,105.075615,2022-05-05 01:45:22.290994176,420.73584,0.0
2022-05-05,19.074068,105.08931,2022-05-05 01:45:22.317990656,419.75403,0.0
2022-05-05,19.08191,105.10299,2022-05-05 01:45:22.344987136,419.0929,0.0
2022-05-05,19.08978,105.116646,2022-05-05 01:45:22.372023808,420.44333,0.0
2022-05-05,19.097677,105.13029,2022-05-05 01:45:22.399020288,420.81454,0.0
2022-05-05,19.026537,105.04788,2022-05-05 01:45:22.544020480,420.34583,0.0
2022-05-05,19.034286,105.06165,2022-05-05 01:45:22.571016704,420.52692,0.0
2022-05-05,19.049868,105.089134,2022-05-05 01:45:22.625009664,421.05566,0.0
2022-05-05,19.06554,105.11652,2022-05-05 01:45:22.679002624,422.08707,0.0
2022-05-05,19.081326,105.14384,2022-05-05 01:45:22.732995584,421.03168,0.0
2022-05-05,19.017954,105.07519,2022-05-05 01:45:22.903986176,419.9679,0.0
2022-05-05,19.033537,105.102684,2022-05-05 01:45:22.958019328,421.2181,0.0
2022-05-05,19.041368,105.1164,2022-05-05 01:45:22.985015808,421.02127,0.0
2022-05-05,19.049223,105.1301,2022-05-05 01:45:23.012012288,420.21234,0.0
2022-05-05,19.057104,105.143776,2022-05-05 01:45:23.039008512,420.25262,0.0
2022-05-05,18.993912,105.075035,2022-05-05 01:45:23.209999616,419.1842,0.0
2022-05-05,19.00166,105.08879,2022-05-05 01:45:23.236995840,420.85858,0.0
2022-05-05,19.025055,105.12995,2022-05-05 01:45:23.318025472,421.2767,0.0
2022-05-05,19.032902,105.14362,2022-05-05 01:45:23.345021952,421.95935,0.0
2022-05-05,19.040775,105.15729,2022-05-05 01:45:23.372018432,421.25128,0.0
2022-05-05,18.985298,105.102264,2022-05-05 01:45:23.571011584,421.70248,0.0
2022-05-05,18.993067,105.116005,2022-05-05 01:45:23.598007808,422.12604,0.0
2022-05-05,19.016533,105.157104,2022-05-05 01:45:23.678996992,421.74637,0.0
2022-05-05,19.024412,105.17076,2022-05-05 01:45:23.705993728,420.66547,0.0
2022-05-05,18.961218,105.10195,2022-05-05 01:45:23.877024768,421.6446,0.0
2022-05-05,18.96896,105.11571,2022-05-05 01:45:23.904020992,421.6973,0.0
2022-05-05,18.976723,105.12943,2022-05-05 01:45:23.931017472,421.19495,0.0
2022-05-05,18.992329,105.15684,2022-05-05 01:45:23.985010432,421.08368,0.0
2022-05-05,19.00017,105.17051,2022-05-05 01:45:24.012006656,420.70395,0.0
2022-05-05,19.008038,105.184166,2022-05-05 01:45:24.039003392,419.14807,0.0
2022-05-05,18.944893,105.1155,2022-05-05 01:45:24.209993984,421.08945,0.0
2022-05-05,18.95265,105.12929,2022-05-05 01:45:24.236990464,421.7323,0.0
2022-05-05,18.960432,105.14305,2022-05-05 01:45:24.263986944,421.10007,0.0
2022-05-05,18.968224,105.15676,2022-05-05 01:45:24.291023616,420.74222,0.0
2022-05-05,18.97604,105.17045,2022-05-05 01:45:24.318020096,420.79886,0.0
2022-05-05,18.9518,105.17016,2022-05-05 01:45:24.624998912,420.9354,0.0
2022-05-05,18.959614,105.18386,2022-05-05 01:45:24.651995136,421.4045,0.0
2022-05-05,18.966904,105.23841,2022-05-05 01:45:25.065994240,420.0808,0.0
2022-05-05,18.895853,105.156075,2022-05-05 01:45:25.209988608,421.25284,0.0
2022-05-05,18.9036,105.169846,2022-05-05 01:45:25.237025280,420.88577,0.0
2022-05-05,18.911371,105.1836,2022-05-05 01:45:25.264021760,421.7123,0.0
2022-05-05,18.887257,105.18339,2022-05-05 01:45:25.571000576,421.2074,0.0
2022-05-05,18.89502,105.1971,2022-05-05 01:45:25.597997056,420.8367,0.0
2022-05-05,18.90281,105.210785,2022-05-05 01:45:25.624993280,421.46442,0.0
2022-05-05,18.910624,105.22446,2022-05-05 01:45:25.651990016,420.8476,0.0
2022-05-05,18.863178,105.18319,2022-05-05 01:45:25.877013760,421.3538,0.0
2022-05-05,18.87091,105.19694,2022-05-05 01:45:25.904010240,420.84613,0.0
2022-05-05,18.878668,105.21066,2022-05-05 01:45:25.931006720,421.52975,0.0
2022-05-05,18.88645,105.22437,2022-05-05 01:45:25.958002944,422.3497,0.0
2022-05-05,18.894258,105.23805,2022-05-05 01:45:25.984999680,421.7974,0.0
2022-05-05,18.846783,105.19664,2022-05-05 01:45:26.210023424,421.3672,0.0
2022-05-05,18.854525,105.21041,2022-05-05 01:45:26.237019904,421.90146,0.0
2022-05-05,18.86229,105.22416,2022-05-05 01:45:26.264016384,421.77954,0.0
2022-05-05,18.870089,105.237885,2022-05-05 01:45:26.291012864,423.22974,0.0
2022-05-05,18.877913,105.25159,2022-05-05 01:45:26.318009088,422.64484,0.0
2022-05-05,18.84598,105.237755,2022-05-05 01:45:26.597991424,421.67606,0.0
2022-05-05,18.853764,105.25149,2022-05-05 01:45:26.624988160,422.66394,0.0
2022-05-05,18.861574,105.2652,2022-05-05 01:45:26.652024832,422.63187,0.0
2022-05-05,18.869413,105.27888,2022-05-05 01:45:26.679021056,423.89664,0.0
2022-05-05,18.829649,105.25128,2022-05-05 01:45:26.931001088,422.0636,0.0
2022-05-05,18.83744,105.265015,2022-05-05 01:45:26.957997824,421.6494,0.0
2022-05-05,18.845259,105.27873,2022-05-05 01:45:26.984994048,421.48355,0.0
2022-05-05,18.813185,105.26463,2022-05-05 01:45:27.264011008,420.87717,0.0
2022-05-05,18.836615,105.305756,2022-05-05 01:45:27.345000192,422.1763,0.0
2022-05-05,18.844475,105.31942,2022-05-05 01:45:27.371996672,423.62085,0.0
2022-05-05,18.789074,105.26447,2022-05-05 01:45:27.570989568,421.7118,0.0
2022-05-05,18.796835,105.27821,2022-05-05 01:45:27.598026240,422.4727,0.0
2022-05-05,18.828129,105.33297,2022-05-05 01:45:27.706012160,422.64856,0.0
2022-05-05,18.836012,105.3466,2022-05-05 01:45:27.733008640,422.7422,0.0
2022-05-05,18.764957,105.26418,2022-05-05 01:45:27.877003008,421.78806,0.0
2022-05-05,18.772696,105.27794,2022-05-05 01:45:27.903999232,421.76508,0.0
2022-05-05,18.78046,105.29167,2022-05-05 01:45:27.930995968,422.24228,0.0
2022-05-05,18.788252,105.30539,2022-05-05 01:45:27.957992192,422.5546,0.0
2022-05-05,18.80391,105.332756,2022-05-05 01:45:28.012025344,421.01834,0.0
2022-05-05,18.811779,105.34641,2022-05-05 01:45:28.039021824,421.76263,0.0
2022-05-05,18.748644,105.27768,2022-05-05 01:45:28.210012672,421.41458,0.0
2022-05-05,18.756376,105.29144,2022-05-05 01:45:28.237009152,421.03876,0.0
2022-05-05,18.764132,105.30518,2022-05-05 01:45:28.264005376,421.52484,0.0
2022-05-05,18.771912,105.31889,2022-05-05 01:45:28.291001856,421.99442,0.0
2022-05-05,18.795406,105.35991,2022-05-05 01:45:28.371991040,421.85556,0.0
2022-05-05,18.740011,105.30493,2022-05-05 01:45:28.571024384,421.0829,0.0
2022-05-05,18.74777,105.31867,2022-05-05 01:45:28.598021120,421.21878,0.0
2022-05-05,18.755556,105.33239,2022-05-05 01:45:28.625017344,420.88425,0.0
2022-05-05,18.763367,105.3461,2022-05-05 01:45:28.652013824,421.44498,0.0
2022-05-05,18.771202,105.35977,2022-05-05 01:45:28.679010304,420.35254,0.0
2022-05-05,18.707333,105.33189,2022-05-05 01:45:29.237003520,421.00543,0.0
2022-05-05,18.715086,105.34561,2022-05-05 01:45:29.264000000,420.2653,0.0
2022-05-05,18.72287,105.35933,2022-05-05 01:45:29.290996480,421.58286,0.0
2022-05-05,18.746372,105.400375,2022-05-05 01:45:29.372025856,421.40216,0.0
2022-05-05,18.690998,105.34539,2022-05-05 01:45:29.571019264,420.5352,0.0
2022-05-05,18.698753,105.35912,2022-05-05 01:45:29.598015488,421.17255,0.0
2022-05-05,18.706532,105.37283,2022-05-05 01:45:29.625011968,421.74112,0.0
2022-05-05,18.722164,105.40019,2022-05-05 01:45:29.679004928,421.29904,0.0
2022-05-05,18.73003,105.41387,2022-05-05 01:45:29.706001408,422.2797,0.0
2022-05-05,18.67466,105.358955,2022-05-05 01:45:29.903988480,421.02817,0.0
2022-05-05,18.68241,105.37268,2022-05-05 01:45:29.931025152,420.34982,0.0
2022-05-05,18.690186,105.38639,2022-05-05 01:45:29.958021632,420.67743,0.0
2022-05-05,18.697987,105.400085,2022-05-05 01:45:29.985018112,422.23688,0.0
2022-05-05,18.705812,105.41375,2022-05-05 01:45:30.012014336,420.80023,0.0
2022-05-05,18.713667,105.42741,2022-05-05 01:45:30.039011072,422.04233,0.0
2022-05-05,18.721546,105.44103,2022-05-05 01:45:30.066007296,421.20532,0.0
2022-05-05,18.689444,105.427246,2022-05-05 01:45:30.345024000,422.449,0.0
2022-05-05,18.6973,105.4409,2022-05-05 01:45:30.372020736,420.93344,0.0
2022-05-05,18.705181,105.45454,2022-05-05 01:45:30.399017216,420.29926,0.0
2022-05-05,18.657461,105.413376,2022-05-05 01:45:30.625006592,421.77866,0.0
2022-05-05,18.665264,105.42707,2022-05-05 01:45:30.652003072,421.2109,0.0
2022-05-05,18.688831,105.46804,2022-05-05 01:45:30.732992256,422.1788,0.0
2022-05-05,18.617859,105.38567,2022-05-05 01:45:30.877027072,420.22043,0.0
2022-05-05,18.625584,105.39943,2022-05-05 01:45:30.904023296,421.11957,0.0
2022-05-05,18.633335,105.41316,2022-05-05 01:45:30.931019776,420.7847,0.0
2022-05-05,18.641111,105.42687,2022-05-05 01:45:30.958016256,420.2817,0.0
2022-05-05,18.65674,105.45424,2022-05-05 01:45:31.012009216,421.75482,0.0
2022-05-05,18.601511,105.39918,2022-05-05 01:45:31.209996288,420.68765,0.0
2022-05-05,18.609234,105.412926,2022-05-05 01:45:31.236992768,420.7522,0.0
2022-05-05,18.63256,105.45406,2022-05-05 01:45:31.318022144,421.035,0.0
2022-05-05,18.640387,105.467735,2022-05-05 01:45:31.345018880,421.11664,0.0
2022-05-05,18.656113,105.49502,2022-05-05 01:45:31.399011584,422.40582,0.0
2022-05-05,18.58511,105.412575,2022-05-05 01:45:31.544011776,420.69012,0.0
2022-05-05,18.59281,105.42629,2022-05-05 01:45:31.571008256,419.4289,0.0
2022-05-05,18.600538,105.43999,2022-05-05 01:45:31.598004736,420.25244,0.0
2022-05-05,18.608292,105.45367,2022-05-05 01:45:31.625001216,420.90738,0.0
2022-05-05,18.616072,105.46733,2022-05-05 01:45:31.651997440,419.84622,0.0
2022-05-05,18.623894,105.481,2022-05-05 01:45:31.678993920,421.41223,0.0
2022-05-05,18.631758,105.49468,2022-05-05 01:45:31.705990400,421.08023,0.0
2022-05-05,18.639648,105.50835,2022-05-05 01:45:31.732986880,421.9923,0.0
2022-05-05,18.584202,105.45354,2022-05-05 01:45:31.931014400,421.19693,0.0
2022-05-05,18.607561,105.49454,2022-05-05 01:45:32.012003584,421.1827,0.0
2022-05-05,18.615398,105.50816,2022-05-05 01:45:32.039000064,420.01212,0.0
2022-05-05,18.56011,105.45333,2022-05-05 01:45:32.236987392,420.66455,0.0
2022-05-05,18.583412,105.49444,2022-05-05 01:45:32.318017024,420.19507,0.0
2022-05-05,18.591223,105.50809,2022-05-05 01:45:32.345013504,421.84897,0.0
2022-05-05,18.599058,105.52171,2022-05-05 01:45:32.372009728,421.65445,0.0
2022-05-05,18.606918,105.535324,2022-05-05 01:45:32.399006208,421.7596,0.0
2022-05-05,18.535988,105.45298,2022-05-05 01:45:32.544006400,421.50354,0.0
2022-05-05,18.543715,105.46674,2022-05-05 01:45:32.571002880,421.29044,0.0
2022-05-05,18.551466,105.48049,2022-05-05 01:45:32.597999360,420.42313,0.0
2022-05-05,18.559246,105.494225,2022-05-05 01:45:32.624995584,421.43594,0.0
2022-05-05,18.56705,105.507935,2022-05-05 01:45:32.651992064,419.85022,0.0
2022-05-05,18.574867,105.52159,2022-05-05 01:45:32.678988544,421.76117,0.0
2022-05-05,18.582714,105.53523,2022-05-05 01:45:32.706025216,419.83124,0.0
2022-05-05,18.590584,105.54884,2022-05-05 01:45:32.733021696,421.31067,0.0
2022-05-05,18.519615,105.466385,2022-05-05 01:45:32.877016064,420.96988,0.0
2022-05-05,18.52733,105.48015,2022-05-05 01:45:32.904012544,421.5764,0.0
2022-05-05,18.535072,105.4939,2022-05-05 01:45:32.931008768,421.1519,0.0
2022-05-05,18.550632,105.521324,2022-05-05 01:45:32.985001728,420.83688,0.0
2022-05-05,18.558443,105.535,2022-05-05 01:45:33.011998208,421.12653,0.0
2022-05-05,18.566294,105.548676,2022-05-05 01:45:33.038994688,420.8412,0.0
2022-05-05,18.57417,105.562325,2022-05-05 01:45:33.065991168,421.3221,0.0
2022-05-05,18.494564,105.507095,2022-05-05 01:45:33.570997504,419.75238,0.0
2022-05-05,18.502298,105.520805,2022-05-05 01:45:33.597993728,421.3544,0.0
2022-05-05,18.510061,105.5345,2022-05-05 01:45:33.624990208,421.38992,0.0
2022-05-05,18.51785,105.54818,2022-05-05 01:45:33.652026880,421.14072,0.0
2022-05-05,18.533516,105.5755,2022-05-05 01:45:33.706019840,420.35672,0.0
2022-05-05,18.470486,105.5068,2022-05-05 01:45:33.877010688,420.82532,0.0
2022-05-05,18.485939,105.534256,2022-05-05 01:45:33.931003648,421.80112,0.0
2022-05-05,18.517168,105.58896,2022-05-05 01:45:34.038989312,420.60388,0.0
2022-05-05,18.454124,105.5202,2022-05-05 01:45:34.210020352,422.62708,0.0
2022-05-05,18.461838,105.53394,2022-05-05 01:45:34.237016576,422.16452,0.0
2022-05-05,18.469576,105.54766,2022-05-05 01:45:34.264013312,420.3024,0.0
2022-05-05,18.477339,105.56137,2022-05-05 01:45:34.291009792,421.5395,0.0
2022-05-05,18.485126,105.57505,2022-05-05 01:45:34.318006016,421.42026,0.0
2022-05-05,18.492939,105.58872,2022-05-05 01:45:34.345002496,420.64355,0.0
2022-05-05,18.50078,105.60236,2022-05-05 01:45:34.371998720,421.70248,0.0
2022-05-05,18.508648,105.61599,2022-05-05 01:45:34.398995456,421.05273,0.0
2022-05-05,18.437737,105.53365,2022-05-05 01:45:34.543995648,421.65305,0.0
2022-05-05,18.445454,105.54741,2022-05-05 01:45:34.570991872,420.05615,0.0
2022-05-05,18.45319,105.561134,2022-05-05 01:45:34.597988352,421.08118,0.0
2022-05-05,18.460957,105.574844,2022-05-05 01:45:34.625025024,421.09598,0.0
2022-05-05,18.468746,105.58853,2022-05-05 01:45:34.652021504,420.76105,0.0
2022-05-05,18.476562,105.602196,2022-05-05 01:45:34.679017984,420.74582,0.0
2022-05-05,18.484407,105.615845,2022-05-05 01:45:34.706014464,421.258,0.0
2022-05-05,18.492277,105.62947,2022-05-05 01:45:34.733010688,421.03497,0.0
2022-05-05,18.421381,105.547104,2022-05-05 01:45:34.877005056,420.84338,0.0
2022-05-05,18.42909,105.56085,2022-05-05 01:45:34.904001792,421.63635,0.0
2022-05-05,18.436825,105.57458,2022-05-05 01:45:34.930998016,420.6894,0.0
2022-05-05,18.444586,105.58829,2022-05-05 01:45:34.957994496,421.32602,0.0
2022-05-05,18.45237,105.601974,2022-05-05 01:45:34.984990976,420.77585,0.0
2022-05-05,18.460182,105.61564,2022-05-05 01:45:35.012027648,420.12463,0.0
2022-05-05,18.468021,105.62929,2022-05-05 01:45:35.039024128,421.40646,0.0
2022-05-05,18.475887,105.64292,2022-05-05 01:45:35.066020608,421.77777,0.0
2022-05-05,18.405,105.56052,2022-05-05 01:45:35.210014720,421.75156,0.0
2022-05-05,18.412714,105.57425,2022-05-05 01:45:35.237011456,421.67676,0.0
2022-05-05,18.420452,105.58797,2022-05-05 01:45:35.264007680,421.21808,0.0
2022-05-05,18.428215,105.60169,2022-05-05 01:45:35.291004160,420.9585,0.0
2022-05-05,18.45166,105.642746,2022-05-05 01:45:35.371993600,420.32837,0.0
2022-05-05,18.459528,105.656395,2022-05-05 01:45:35.398989824,420.70663,0.0
2022-05-05,18.388662,105.57406,2022-05-05 01:45:35.543990016,420.83337,0.0
2022-05-05,18.396376,105.58778,2022-05-05 01:45:35.570986496,421.2616,0.0
2022-05-05,18.404118,105.601494,2022-05-05 01:45:35.598023168,422.31937,0.0
2022-05-05,18.411884,105.61518,2022-05-05 01:45:35.625019648,420.7827,0.0
2022-05-05,18.419674,105.62885,2022-05-05 01:45:35.652016128,421.0582,0.0
2022-05-05,18.372314,105.58754,2022-05-05 01:45:35.876999936,422.51508,0.0
2022-05-05,18.380014,105.60127,2022-05-05 01:45:35.903996160,421.5314,0.0
2022-05-05,18.387743,105.61498,2022-05-05 01:45:35.930992640,421.48187,0.0
2022-05-05,18.395496,105.62867,2022-05-05 01:45:35.957989120,420.8144,0.0
2022-05-05,18.403273,105.642334,2022-05-05 01:45:35.985025792,421.6772,0.0
2022-05-05,18.411077,105.65599,2022-05-05 01:45:36.012022272,420.4528,0.0
2022-05-05,18.41891,105.669624,2022-05-05 01:45:36.039018752,420.96335,0.0
2022-05-05,18.426767,105.683235,2022-05-05 01:45:36.066014976,420.65283,0.0
2022-05-05,18.355923,105.60099,2022-05-05 01:45:36.210009600,422.55338,0.0
2022-05-05,18.363638,105.61476,2022-05-05 01:45:36.237005824,420.77698,0.0
2022-05-05,18.371376,105.628494,2022-05-05 01:45:36.264002304,421.4992,0.0
2022-05-05,18.386898,105.655815,2022-05-05 01:45:36.317995008,419.8902,0.0
2022-05-05,18.394693,105.66944,2022-05-05 01:45:36.344991744,420.3501,0.0
2022-05-05,18.402523,105.68306,2022-05-05 01:45:36.372028416,420.95636,0.0
2022-05-05,18.410378,105.696655,2022-05-05 01:45:36.399024640,420.58176,0.0
2022-05-05,18.339468,105.61427,2022-05-05 01:45:36.544024832,421.35367,0.0
2022-05-05,18.347166,105.62801,2022-05-05 01:45:36.571021312,421.4348,0.0
2022-05-05,18.35489,105.64175,2022-05-05 01:45:36.598017792,421.95953,0.0
2022-05-05,18.36264,105.65546,2022-05-05 01:45:36.625014272,424.12436,0.0
2022-05-05,18.370415,105.66914,2022-05-05 01:45:36.652010752,420.18765,0.0
2022-05-05,18.378223,105.682816,2022-05-05 01:45:36.679006976,421.31793,0.0
2022-05-05,18.386068,105.696465,2022-05-05 01:45:36.706003712,420.20987,0.0
2022-05-05,18.393938,105.71009,2022-05-05 01:45:36.732999936,420.87177,0.0
2022-05-05,18.323109,105.62778,2022-05-05 01:45:36.876994304,421.52814,0.0
2022-05-05,18.330814,105.64154,2022-05-05 01:45:36.903990784,420.5715,0.0
2022-05-05,18.338547,105.65527,2022-05-05 01:45:36.930987264,421.50586,0.0
2022-05-05,18.346304,105.66899,2022-05-05 01:45:36.958023936,422.50436,0.0
2022-05-05,18.354084,105.682686,2022-05-05 01:45:36.985020416,422.41193,0.0
2022-05-05,18.361895,105.696365,2022-05-05 01:45:37.012016896,421.03595,0.0
2022-05-05,18.377592,105.72366,2022-05-05 01:45:37.066009600,421.2675,0.0
2022-05-05,18.306704,105.64117,2022-05-05 01:45:37.210003968,421.4779,0.0
2022-05-05,18.314404,105.65488,2022-05-05 01:45:37.237000448,421.91223,0.0
2022-05-05,18.322128,105.66857,2022-05-05 01:45:37.263996928,420.93347,0.0
2022-05-05,18.329891,105.68229,2022-05-05 01:45:37.290993152,421.48123,0.0
2022-05-05,18.337679,105.69599,2022-05-05 01:45:37.317989888,421.3514,0.0
2022-05-05,18.345491,105.70967,2022-05-05 01:45:37.345026560,421.86615,0.0
2022-05-05,18.290329,105.65464,2022-05-05 01:45:37.544019456,420.3656,0.0
2022-05-05,18.298018,105.66836,2022-05-05 01:45:37.571015936,421.59467,0.0
2022-05-05,18.30573,105.68206,2022-05-05 01:45:37.598012416,421.14407,0.0
2022-05-05,18.31347,105.69574,2022-05-05 01:45:37.625008896,421.6935,0.0
2022-05-05,18.321234,105.7094,2022-05-05 01:45:37.652005120,421.9046,0.0
2022-05-05,18.329021,105.723045,2022-05-05 01:45:37.679001856,422.50522,0.0
2022-05-05,18.273876,105.66805,2022-05-05 01:45:37.876988928,421.46283,0.0
2022-05-05,18.281586,105.681786,2022-05-05 01:45:37.904025600,420.96494,0.0
2022-05-05,18.28932,105.695496,2022-05-05 01:45:37.931022080,420.51923,0.0
2022-05-05,18.297081,105.70919,2022-05-05 01:45:37.958018560,421.82742,0.0
2022-05-05,18.304863,105.722855,2022-05-05 01:45:37.985015040,419.52646,0.0
2022-05-05,18.312677,105.73651,2022-05-05 01:45:38.012011264,420.56998,0.0
2022-05-05,18.24114,105.694824,2022-05-05 01:45:38.544014080,421.59348,0.0
2022-05-05,18.248844,105.70857,2022-05-05 01:45:38.571010560,421.91306,0.0
2022-05-05,18.256573,105.7223,2022-05-05 01:45:38.598007040,421.2951,0.0
2022-05-05,18.224756,105.708275,2022-05-05 01:45:38.877023744,421.4527,0.0
2022-05-05,18.240177,105.73572,2022-05-05 01:45:38.931016704,421.1582,0.0
2022-05-05,18.223778,105.74904,2022-05-05 01:45:39.264026112,421.44064,0.0
2022-05-05,18.231525,105.76274,2022-05-05 01:45:39.291022848,422.1561,0.0
2022-05-05,18.239294,105.77641,2022-05-05 01:45:39.318019072,420.76788,0.0
2022-05-05,18.191969,105.73502,2022-05-05 01:45:39.544008704,421.1501,0.0
2022-05-05,18.199667,105.748764,2022-05-05 01:45:39.571005184,421.58035,0.0
2022-05-05,18.207388,105.76248,2022-05-05 01:45:39.598001408,421.7217,0.0
2022-05-05,18.215136,105.776184,2022-05-05 01:45:39.624998144,421.29208,0.0
2022-05-05,18.222904,105.789856,2022-05-05 01:45:39.651994368,422.99826,0.0
2022-05-05,18.2307,105.80351,2022-05-05 01:45:39.678990848,419.8252,0.0
2022-05-05,18.17558,105.74847,2022-05-05 01:45:39.877018368,421.4481,0.0
2022-05-05,18.183275,105.76221,2022-05-05 01:45:39.904014848,421.6802,0.0
2022-05-05,18.190996,105.775925,2022-05-05 01:45:39.931011072,421.49173,0.0
2022-05-05,18.198744,105.78962,2022-05-05 01:45:39.958007552,422.0313,0.0
2022-05-05,18.206512,105.80329,2022-05-05 01:45:39.985004032,422.74017,0.0
2022-05-05,18.214304,105.81695,2022-05-05 01:45:40.012000512,422.31732,0.0
2022-05-05,18.15919,105.7619,2022-05-05 01:45:40.209987584,421.77924,0.0
2022-05-05,18.166885,105.77564,2022-05-05 01:45:40.237024256,420.87518,0.0
2022-05-05,18.174604,105.78936,2022-05-05 01:45:40.264020992,421.09952,0.0
2022-05-05,18.18235,105.803055,2022-05-05 01:45:40.291017216,423.24014,0.0
2022-05-05,18.190119,105.81673,2022-05-05 01:45:40.318013696,422.5884,0.0
2022-05-05,18.197916,105.83038,2022-05-05 01:45:40.345010176,421.99637,0.0
2022-05-05,18.20574,105.844025,2022-05-05 01:45:40.372006656,422.27194,0.0
2022-05-05,18.21359,105.85764,2022-05-05 01:45:40.399003136,420.94028,0.0
2022-05-05,18.14277,105.77531,2022-05-05 01:45:40.544003328,421.01764,0.0
2022-05-05,18.150457,105.78904,2022-05-05 01:45:40.570999552,423.24777,0.0
2022-05-05,18.158165,105.802734,2022-05-05 01:45:40.597996288,421.53595,0.0
2022-05-05,18.165901,105.81642,2022-05-05 01:45:40.624992512,421.05453,0.0
2022-05-05,18.17366,105.830086,2022-05-05 01:45:40.651988992,421.5497,0.0
2022-05-05,18.181446,105.84373,2022-05-05 01:45:40.679025664,421.6075,0.0
2022-05-05,18.189266,105.85736,2022-05-05 01:45:40.706022144,420.90198,0.0
2022-05-05,18.19711,105.870964,2022-05-05 01:45:40.733018368,420.24304,0.0
2022-05-05,18.126331,105.78866,2022-05-05 01:45:40.877012992,422.23196,0.0
2022-05-05,18.13403,105.80241,2022-05-05 01:45:40.904009216,422.29703,0.0
2022-05-05,18.141747,105.81612,2022-05-05 01:45:40.931005696,421.9926,0.0
2022-05-05,18.149494,105.82981,2022-05-05 01:45:40.958002176,421.0169,0.0
2022-05-05,18.157265,105.84349,2022-05-05 01:45:40.984998656,420.99402,0.0
2022-05-05,18.165062,105.85715,2022-05-05 01:45:41.011995136,422.31897,0.0
2022-05-05,18.172882,105.87078,2022-05-05 01:45:41.038991360,422.4214,0.0
2022-05-05,18.180737,105.88441,2022-05-05 01:45:41.066028032,422.6068,0.0
2022-05-05,18.10993,105.802086,2022-05-05 01:45:41.210022400,421.47064,0.0
2022-05-05,18.117613,105.81582,2022-05-05 01:45:41.237019136,422.41815,0.0
2022-05-05,18.125324,105.82952,2022-05-05 01:45:41.264015360,421.56345,0.0
2022-05-05,18.133076,105.843216,2022-05-05 01:45:41.291011840,421.88507,0.0
2022-05-05,18.14085,105.85689,2022-05-05 01:45:41.318008320,420.69803,0.0
2022-05-05,18.148651,105.87054,2022-05-05 01:45:41.345004800,420.22073,0.0
2022-05-05,18.156485,105.88418,2022-05-05 01:45:41.372001280,420.92538,0.0
2022-05-05,18.164343,105.8978,2022-05-05 01:45:41.398997504,422.69302,0.0
2022-05-05,18.093565,105.81547,2022-05-05 01:45:41.543997696,421.53696,0.0
2022-05-05,18.101242,105.829185,2022-05-05 01:45:41.570994432,421.07346,0.0
2022-05-05,18.108944,105.84288,2022-05-05 01:45:41.597990656,422.61258,0.0
2022-05-05,18.116674,105.85656,2022-05-05 01:45:41.624987136,422.8727,0.0
2022-05-05,18.124426,105.870224,2022-05-05 01:45:41.652023808,421.59668,0.0
2022-05-05,18.132204,105.883865,2022-05-05 01:45:41.679020288,419.27515,0.0
2022-05-05,18.140022,105.8975,2022-05-05 01:45:41.706016512,419.16272,0.0
2022-05-05,18.147886,105.91114,2022-05-05 01:45:41.733013248,421.01297,0.0
2022-05-05,18.077137,105.82888,2022-05-05 01:45:41.877007360,423.25085,0.0
2022-05-05,18.08482,105.8426,2022-05-05 01:45:41.904003840,422.878,0.0
2022-05-05,18.09253,105.856285,2022-05-05 01:45:41.931000320,422.23907,0.0
2022-05-05,18.100266,105.869965,2022-05-05 01:45:41.957996800,421.46652,0.0
2022-05-05,18.108025,105.88362,2022-05-05 01:45:41.984993280,422.14673,0.0
2022-05-05,18.123606,105.91085,2022-05-05 01:45:42.039026176,422.29593,0.0
2022-05-05,18.13147,105.92448,2022-05-05 01:45:42.066022912,421.8237,0.0
2022-05-05,18.06069,105.84214,2022-05-05 01:45:42.210017280,422.62106,0.0
2022-05-05,18.068375,105.855865,2022-05-05 01:45:42.237013504,421.18274,0.0
2022-05-05,18.099348,105.91055,2022-05-05 01:45:42.344999424,424.2515,0.0
2022-05-05,18.107157,105.92417,2022-05-05 01:45:42.371995648,421.9838,0.0
2022-05-05,18.114998,105.93778,2022-05-05 01:45:42.398992128,422.33395,0.0
2022-05-05,18.044306,105.855545,2022-05-05 01:45:42.543992576,423.2963,0.0
2022-05-05,18.052015,105.869316,2022-05-05 01:45:42.570988800,423.24374,0.0
2022-05-05,18.05974,105.88303,2022-05-05 01:45:42.598025472,422.0337,0.0
2022-05-05,18.067495,105.89674,2022-05-05 01:45:42.625021952,423.69507,0.0
2022-05-05,18.075274,105.91043,2022-05-05 01:45:42.652018432,422.8597,0.0
2022-05-05,18.090845,105.93767,2022-05-05 01:45:42.706011392,421.92896,0.0
2022-05-05,18.098677,105.95126,2022-05-05 01:45:42.733007616,420.88852,0.0
2022-05-05,18.027882,105.86888,2022-05-05 01:45:42.877001984,422.7065,0.0
2022-05-05,18.043287,105.89633,2022-05-05 01:45:42.930994944,421.23148,0.0
2022-05-05,18.05103,105.91003,2022-05-05 01:45:42.957991424,424.46805,0.0
2022-05-05,18.058792,105.9237,2022-05-05 01:45:42.984987648,423.82858,0.0
2022-05-05,18.074387,105.95097,2022-05-05 01:45:43.039021056,421.3966,0.0
2022-05-05,17.967428,106.05828,2022-05-05 01:45:45.399016192,421.4569,0.0
2022-05-05,17.950985,106.07159,2022-05-05 01:45:45.732991488,419.61975,0.0
2022-05-05,17.862812,106.0434,2022-05-05 01:45:46.598003968,419.76984,0.0
2022-05-05,17.870535,106.057076,2022-05-05 01:45:46.625000192,421.26004,0.0
2022-05-05,17.805864,106.069756,2022-05-05 01:45:47.571002112,420.605,0.0
2022-05-05,17.813547,106.08342,2022-05-05 01:45:47.597998336,419.96484,0.0
2022-05-05,17.852407,106.1516,2022-05-05 01:45:47.733020672,422.68506,0.0
2022-05-05,17.797113,106.09675,2022-05-05 01:45:47.931008000,420.74658,0.0
2022-05-05,17.804838,106.11042,2022-05-05 01:45:47.958004480,420.87936,0.0
2022-05-05,17.820353,106.13771,2022-05-05 01:45:48.011997184,418.80988,0.0
2022-05-05,17.765297,106.082634,2022-05-05 01:45:48.210024960,421.2368,0.0
2022-05-05,17.772957,106.09635,2022-05-05 01:45:48.237021184,421.5119,0.0
2022-05-05,17.780634,106.11002,2022-05-05 01:45:48.264017664,422.0164,0.0
2022-05-05,17.796106,106.13736,2022-05-05 01:45:48.318010624,421.53668,0.0
2022-05-05,17.803865,106.150986,2022-05-05 01:45:48.345006848,419.85278,0.0
2022-05-05,17.819513,106.17823,2022-05-05 01:45:48.398999808,419.46402,0.0
2022-05-05,17.748852,106.09593,2022-05-05 01:45:48.544000256,421.34833,0.0
2022-05-05,17.756508,106.109634,2022-05-05 01:45:48.570996480,422.48898,0.0
2022-05-05,17.764185,106.1233,2022-05-05 01:45:48.597992960,422.30432,0.0
2022-05-05,17.771898,106.13696,2022-05-05 01:45:48.624989440,422.1391,0.0
2022-05-05,17.779634,106.15061,2022-05-05 01:45:48.652026112,423.9972,0.0
2022-05-05,17.803053,106.191505,2022-05-05 01:45:48.733015296,419.8409,0.0
2022-05-05,17.73248,106.10932,2022-05-05 01:45:48.877009920,418.38287,0.0
2022-05-05,17.740131,106.123,2022-05-05 01:45:48.904006144,420.6612,0.0
2022-05-05,17.747812,106.136665,2022-05-05 01:45:48.931002624,418.46533,0.0
2022-05-05,17.755524,106.15032,2022-05-05 01:45:48.957999104,420.1311,0.0
2022-05-05,17.771019,106.17757,2022-05-05 01:45:49.011992064,421.04355,0.0
2022-05-05,17.786602,106.20472,2022-05-05 01:45:49.066024960,419.04456,0.0
2022-05-05,17.723728,106.136284,2022-05-05 01:45:49.237015808,420.18686,0.0
2022-05-05,17.731417,106.14996,2022-05-05 01:45:49.264012288,422.19128,0.0
2022-05-05,17.739132,106.163635,2022-05-05 01:45:49.291008768,422.0155,0.0
2022-05-05,17.746874,106.17729,2022-05-05 01:45:49.318004992,420.3183,0.0
2022-05-05,17.754631,106.19092,2022-05-05 01:45:49.345001728,418.9457,0.0
2022-05-05,17.762432,106.204544,2022-05-05 01:45:49.371997952,419.34058,0.0
2022-05-05,17.699633,106.13589,2022-05-05 01:45:49.543994624,421.9419,0.0
2022-05-05,17.707294,106.14959,2022-05-05 01:45:49.570991104,421.5699,0.0
2022-05-05,17.722696,106.17693,2022-05-05 01:45:49.625024256,420.43192,0.0
2022-05-05,17.73044,106.19058,2022-05-05 01:45:49.652020736,420.81454,0.0
2022-05-05,17.738195,106.20421,2022-05-05 01:45:49.679016960,422.16138,0.0
2022-05-05,17.745985,106.21783,2022-05-05 01:45:49.706013440,421.00464,0.0
2022-05-05,17.75381,106.23144,2022-05-05 01:45:49.733009920,420.9932,0.0
2022-05-05,17.68318,106.1492,2022-05-05 01:45:49.877004288,419.0162,0.0
2022-05-05,17.69084,106.16291,2022-05-05 01:45:49.904000768,419.1127,0.0
2022-05-05,17.698528,106.1766,2022-05-05 01:45:49.930997248,420.6828,0.0
2022-05-05,17.713997,106.20395,2022-05-05 01:45:49.984990208,422.08673,0.0
2022-05-05,17.72175,106.217575,2022-05-05 01:45:50.012026880,419.36752,0.0
2022-05-05,17.729557,106.23121,2022-05-05 01:45:50.039023104,421.20483,0.0
2022-05-05,17.737377,106.24481,2022-05-05 01:45:50.066019584,421.33606,0.0
2022-05-05,17.682076,106.1899,2022-05-05 01:45:50.264006912,419.8772,0.0
2022-05-05,17.689795,106.20358,2022-05-05 01:45:50.291003136,421.30145,0.0
2022-05-05,17.69754,106.21725,2022-05-05 01:45:50.317999872,421.86804,0.0
2022-05-05,17.713089,106.24449,2022-05-05 01:45:50.371992576,419.83554,0.0
2022-05-05,17.650316,106.175896,2022-05-05 01:45:50.543989248,418.7362,0.0
2022-05-05,17.657965,106.189606,2022-05-05 01:45:50.571025920,420.24112,0.0
2022-05-05,17.673353,106.21698,2022-05-05 01:45:50.625018880,421.7915,0.0
2022-05-05,17.681086,106.23064,2022-05-05 01:45:50.652015104,420.16653,0.0
2022-05-05,17.704449,106.27146,2022-05-05 01:45:50.733004544,420.75238,0.0
2022-05-05,17.641537,106.20293,2022-05-05 01:45:50.903995392,422.3739,0.0
2022-05-05,17.649206,106.216606,2022-05-05 01:45:50.930991616,421.9559,0.0
2022-05-05,17.664621,106.24392,2022-05-05 01:45:50.985025024,422.51514,0.0
2022-05-05,17.672365,106.257545,2022-05-05 01:45:51.012021248,420.92752,0.0
2022-05-05,17.680134,106.27115,2022-05-05 01:45:51.039017728,420.3964,0.0
2022-05-05,17.617323,106.202446,2022-05-05 01:45:51.210008576,420.98645,0.0
2022-05-05,17.624977,106.216156,2022-05-05 01:45:51.237005056,420.09528,0.0
2022-05-05,17.648102,106.25716,2022-05-05 01:45:51.317994240,422.19583,0.0
2022-05-05,17.663658,106.284424,2022-05-05 01:45:51.372027392,421.58224,0.0
2022-05-05,17.671467,106.29801,2022-05-05 01:45:51.399023872,421.22183,0.0
2022-05-05,17.600914,106.2158,2022-05-05 01:45:51.544024064,420.72604,0.0
2022-05-05,17.608582,106.229515,2022-05-05 01:45:51.571020544,420.7782,0.0
2022-05-05,17.616264,106.243195,2022-05-05 01:45:51.598017024,422.53983,0.0
2022-05-05,17.623981,106.25687,2022-05-05 01:45:51.625013248,423.51517,0.0
2022-05-05,17.631725,106.27052,2022-05-05 01:45:51.652009728,420.8644,0.0
2022-05-05,17.63949,106.284164,2022-05-05 01:45:51.679006208,419.82968,0.0
2022-05-05,17.655107,106.31139,2022-05-05 01:45:51.732999168,422.5346,0.0
2022-05-05,17.58456,106.229195,2022-05-05 01:45:51.876993536,422.0456,0.0
2022-05-05,17.599907,106.256584,2022-05-05 01:45:51.931026432,422.3605,0.0
2022-05-05,17.607624,106.27026,2022-05-05 01:45:51.958023168,420.12402,0.0
2022-05-05,17.61537,106.28392,2022-05-05 01:45:51.985019392,420.7759,0.0
2022-05-05,17.62314,106.29756,2022-05-05 01:45:52.012015872,420.53445,0.0
2022-05-05,17.63093,106.31117,2022-05-05 01:45:52.039012352,421.48508,0.0
2022-05-05,17.568167,106.24252,2022-05-05 01:45:52.210003200,422.66113,0.0
2022-05-05,17.575811,106.25621,2022-05-05 01:45:52.236999424,420.8515,0.0
2022-05-05,17.583492,106.2699,2022-05-05 01:45:52.263996160,419.48282,0.0
2022-05-05,17.5912,106.28357,2022-05-05 01:45:52.290992384,421.32455,0.0
2022-05-05,17.551714,106.25577,2022-05-05 01:45:52.544018688,422.79904,0.0
2022-05-05,17.559368,106.26947,2022-05-05 01:45:52.571015168,421.54337,0.0
2022-05-05,17.582495,106.31047,2022-05-05 01:45:52.652004352,420.30243,0.0
2022-05-05,17.59025,106.3241,2022-05-05 01:45:52.679000832,419.4228,0.0
2022-05-05,17.60584,106.351295,2022-05-05 01:45:52.732993536,421.6338,0.0
2022-05-05,17.535261,106.26902,2022-05-05 01:45:52.876987904,420.35522,0.0
2022-05-05,17.542917,106.28273,2022-05-05 01:45:52.904024576,422.0018,0.0
2022-05-05,17.550589,106.2964,2022-05-05 01:45:52.931021312,420.40756,0.0
2022-05-05,17.558294,106.31007,2022-05-05 01:45:52.958017536,422.2377,0.0
2022-05-05,17.566025,106.323715,2022-05-05 01:45:52.985014016,420.01923,0.0
2022-05-05,17.573776,106.33734,2022-05-05 01:45:53.012010496,420.01974,0.0
2022-05-05,17.581562,106.35095,2022-05-05 01:45:53.039006976,420.34073,0.0
2022-05-05,17.589373,106.36454,2022-05-05 01:45:53.066003200,420.0113,0.0
2022-05-05,17.518803,106.282265,2022-05-05 01:45:53.209997568,419.51877,0.0
2022-05-05,17.526455,106.29597,2022-05-05 01:45:53.236994304,421.1592,0.0
2022-05-05,17.534132,106.30965,2022-05-05 01:45:53.263990528,421.07684,0.0
2022-05-05,17.549566,106.33696,2022-05-05 01:45:53.318023680,419.10107,0.0
2022-05-05,17.557314,106.350586,2022-05-05 01:45:53.345020160,422.17358,0.0
2022-05-05,17.565096,106.3642,2022-05-05 01:45:53.372016384,420.3168,0.0
2022-05-05,17.5729,106.37778,2022-05-05 01:45:53.399013120,418.9078,0.0
2022-05-05,17.502352,106.29552,2022-05-05 01:45:53.544013312,418.8571,0.0
2022-05-05,17.540861,106.3638,2022-05-05 01:45:53.678995456,420.88962,0.0
2022-05-05,17.485949,106.30885,2022-05-05 01:45:53.877022720,419.19394,0.0
2022-05-05,17.49359,106.32254,2022-05-05 01:45:53.904019456,420.64282,0.0
2022-05-05,17.501242,106.336174,2022-05-05 01:45:53.931015680,420.62402,0.0
2022-05-05,17.5399,106.404144,2022-05-05 01:45:54.065997824,418.4314,0.0
2022-05-05,17.515768,106.40401,2022-05-05 01:45:54.372011264,423.0624,0.0
2022-05-05,17.453138,106.33548,2022-05-05 01:45:54.544007680,420.4844,0.0
2022-05-05,17.468449,106.36282,2022-05-05 01:45:54.598000640,421.3107,0.0
2022-05-05,17.46744,106.40351,2022-05-05 01:45:54.985003264,423.54428,0.0
2022-05-05,17.482967,106.43076,2022-05-05 01:45:55.038995968,421.73788,0.0
2022-05-05,17.490753,106.444336,2022-05-05 01:45:55.065992448,422.01654,0.0
2022-05-05,17.450949,106.41679,2022-05-05 01:45:55.318012672,421.90704,0.0
2022-05-05,17.434498,106.43014,2022-05-05 01:45:55.651987968,421.4271,0.0
2022-05-05,17.433468,106.4705,2022-05-05 01:45:56.038990592,422.62115,0.0
2022-05-05,17.370789,106.40189,2022-05-05 01:45:56.210021632,421.55206,0.0
2022-05-05,17.417011,106.48376,2022-05-05 01:45:56.372000256,418.5511,0.0
2022-05-05,17.354296,106.41507,2022-05-05 01:45:56.543996928,421.99347,0.0
2022-05-05,17.337831,106.42833,2022-05-05 01:45:56.877006592,421.51498,0.0
2022-05-05,17.353172,106.45574,2022-05-05 01:45:56.930999552,422.8315,0.0
2022-05-05,17.196358,106.60184,2022-05-05 01:46:00.290989312,422.12677,0.0
2022-06-01,15.044979,107.69525,2022-06-01 04:42:49.571001856,416.16333,0.0
2022-06-01,15.068822,107.675026,2022-06-01 04:42:49.624994816,418.20844,0.0
2022-06-01,15.061558,107.70819,2022-06-01 04:42:49.904011520,415.36026,0.0
2022-06-01,15.078114,107.721085,2022-06-01 04:42:50.237021184,415.63318,0.0
2022-06-01,15.094716,107.73399,2022-06-01 04:42:50.570996224,417.25854,0.0
2022-06-01,15.118552,107.713745,2022-06-01 04:42:50.624989184,416.89685,0.0
2022-06-01,15.09933,107.75704,2022-06-01 04:42:50.877009664,417.97696,0.0
2022-06-01,15.111313,107.74695,2022-06-01 04:42:50.904005888,415.7692,0.0
2022-06-01,15.139816,107.749756,2022-06-01 04:42:51.264012032,418.31815,0.0
2022-06-01,15.156403,107.762634,2022-06-01 04:42:51.597987328,419.41687,0.0
2022-06-01,15.180243,107.74237,2022-06-01 04:42:51.652020480,419.30118,0.0
2022-06-01,15.1610565,107.78567,2022-06-01 04:42:51.904000768,417.83044,0.0
2022-06-01,15.172995,107.775566,2022-06-01 04:42:51.930997248,419.09186,0.0
2022-06-01,15.196806,107.75531,2022-06-01 04:42:51.984989952,419.26422,0.0
2022-06-01,15.208637,107.74515,2022-06-01 04:42:52.012026624,418.10596,0.0
2022-06-01,15.177567,107.79866,2022-06-01 04:42:52.237010176,418.04938,0.0
2022-06-01,15.182158,107.82166,2022-06-01 04:42:52.543989248,418.1196,0.0
2022-06-01,15.194136,107.81158,2022-06-01 04:42:52.571025920,417.7246,0.0
2022-06-01,15.222762,107.81432,2022-06-01 04:42:52.930991616,418.5338,0.0
2022-06-01,15.2154255,107.84744,2022-06-01 04:42:53.210008320,418.18063,0.0
2022-06-01,15.227399,107.837364,2022-06-01 04:42:53.237004800,417.38293,0.0
2022-06-01,15.232002,107.86038,2022-06-01 04:42:53.544024064,420.0616,0.0
2022-06-01,15.272525,107.85317,2022-06-01 04:42:53.931026432,417.69455,0.0
2022-06-01,15.28446,107.84304,2022-06-01 04:42:53.958022912,417.77496,0.0
2022-06-01,15.329625,107.85876,2022-06-01 04:42:54.652004352,418.13394,0.0
2022-06-01,15.341507,107.84856,2022-06-01 04:42:54.679000576,417.60355,0.0
2022-06-01,15.353373,107.83833,2022-06-01 04:42:54.705997056,417.52652,0.0
2022-06-01,15.322301,107.892006,2022-06-01 04:42:54.931021056,417.80264,0.0
2022-06-01,15.334252,107.88186,2022-06-01 04:42:54.958017280,416.95892,0.0
2022-06-01,15.346186,107.87169,2022-06-01 04:42:54.985014016,418.73026,0.0
2022-06-01,15.358089,107.86149,2022-06-01 04:42:55.012010240,418.47482,0.0
2022-06-01,15.369956,107.851265,2022-06-01 04:42:55.039006720,418.06937,0.0
2022-06-01,15.338952,107.9049,2022-06-01 04:42:55.263990528,419.18628,0.0
2022-06-01,15.362789,107.88461,2022-06-01 04:42:55.318023680,417.4896,0.0
2022-06-01,15.355474,107.9179,2022-06-01 04:42:55.598006016,417.49466,0.0
2022-06-01,15.457545,107.93919,2022-06-01 04:42:57.011999488,417.6826,0.0
2022-06-01,15.469412,107.92898,2022-06-01 04:42:57.038995968,417.32877,0.0
2022-06-01,15.46221,107.96235,2022-06-01 04:42:57.318012672,418.26276,0.0
2022-06-01,15.4741125,107.952156,2022-06-01 04:42:57.345009152,417.2813,0.0
2022-06-01,15.49068,107.96512,2022-06-01 04:42:57.679024640,417.3201,0.0
2022-06-01,15.471479,108.008606,2022-06-01 04:42:57.931004672,417.60355,0.0
2022-06-01,15.483452,107.99844,2022-06-01 04:42:57.958001152,418.22345,0.0
2022-06-01,15.495411,107.98825,2022-06-01 04:42:57.984997632,417.6533,0.0
2022-06-01,15.507333,107.978035,2022-06-01 04:42:58.011994112,418.20166,0.0
2022-06-01,15.519223,107.9678,2022-06-01 04:42:58.038990592,417.69366,0.0
2022-06-01,15.476026,108.03172,2022-06-01 04:42:58.237018112,418.78793,0.0
2022-06-01,15.487987,108.021614,2022-06-01 04:42:58.264014592,417.2943,0.0
2022-06-01,15.511935,108.00124,2022-06-01 04:42:58.318007296,416.9106,0.0
2022-06-01,15.523866,107.99103,2022-06-01 04:42:58.345003520,416.91208,0.0
2022-06-01,15.535774,107.98078,2022-06-01 04:42:58.372000256,417.51288,0.0
2022-06-01,15.492694,108.04466,2022-06-01 04:42:58.570993152,418.1059,0.0
2022-06-01,15.504651,108.03455,2022-06-01 04:42:58.597989632,418.36084,0.0
2022-06-01,15.51659,108.02442,2022-06-01 04:42:58.625026304,417.904,0.0
2022-06-01,15.528505,108.01425,2022-06-01 04:42:58.652022784,417.2021,0.0
2022-06-01,15.540409,108.00405,2022-06-01 04:42:58.679019264,417.5552,0.0
2022-06-01,15.552299,107.99381,2022-06-01 04:42:58.706015488,418.61984,0.0
2022-06-01,15.56416,107.98354,2022-06-01 04:42:58.733012224,417.89706,0.0
2022-06-01,15.509222,108.05765,2022-06-01 04:42:58.904002816,418.5442,0.0
2022-06-01,15.521188,108.04754,2022-06-01 04:42:58.930999296,417.14474,0.0
2022-06-01,15.53313,108.03741,2022-06-01 04:42:58.957995776,417.579,0.0
2022-06-01,15.568809,108.00685,2022-06-01 04:42:59.039025408,418.3168,0.0
2022-06-01,15.525751,108.070694,2022-06-01 04:42:59.237012736,418.96512,0.0
2022-06-01,15.585456,108.01979,2022-06-01 04:42:59.371994624,419.40033,0.0
2022-06-01,15.5588875,108.09671,2022-06-01 04:42:59.903997440,417.9471,0.0
2022-06-05,9.872884,106.31663,2022-06-05 03:04:28.876996608,418.19672,0.0
2022-06-05,9.945198,106.32256,2022-06-05 03:04:28.958026240,418.03708,0.0
2022-06-05,9.889614,106.32904,2022-06-05 03:04:29.210006272,418.3643,0.0
2022-06-05,9.906431,106.34132,2022-06-05 03:04:29.544021760,417.85898,0.0
2022-06-05,10.076227,106.354645,2022-06-05 03:04:29.732996864,415.73096,0.0
2022-06-05,10.068528,106.36535,2022-06-05 03:04:30.039010048,417.1812,0.0
2022-06-05,10.0774765,106.388565,2022-06-05 03:04:30.678998528,418.10178,0.0
2022-06-05,9.997442,106.3932,2022-06-05 03:04:30.904022528,416.4691,0.0
2022-06-05,10.021584,106.3952,2022-06-05 03:04:30.931018752,416.45358,0.0
2022-06-05,10.045788,106.39715,2022-06-05 03:04:30.958015488,417.67465,0.0
2022-06-05,10.070056,106.39905,2022-06-05 03:04:30.985011712,417.6063,0.0
2022-06-05,10.143198,106.40446,2022-06-05 03:04:31.066000896,418.79843,0.0
2022-06-05,10.014261,106.405594,2022-06-05 03:04:31.236992000,418.65097,0.0
2022-06-05,10.062563,106.40958,2022-06-05 03:04:31.291024896,417.59253,0.0
2022-06-05,10.159956,106.41695,2022-06-05 03:04:31.399010560,418.62515,0.0
2022-06-05,10.006942,106.416016,2022-06-05 03:04:31.544010752,417.91748,0.0
2022-06-05,10.176634,106.429405,2022-06-05 03:04:31.733026304,419.60287,0.0
2022-06-05,10.210022,106.45439,2022-06-05 03:04:32.399005440,418.069,0.0
2022-06-05,10.12936,106.45951,2022-06-05 03:04:32.624994816,419.3181,0.0
2022-06-05,10.153605,106.46143,2022-06-05 03:04:32.651991296,416.2053,0.0
2022-06-05,10.226783,106.466965,2022-06-05 03:04:32.733020672,419.3992,0.0
2022-06-05,10.114725,106.48029,2022-06-05 03:04:33.237021184,417.58817,0.0
2022-06-05,10.107536,106.49058,2022-06-05 03:04:33.544000256,417.27994,0.0
2022-06-05,10.155711,106.49469,2022-06-05 03:04:33.597992960,416.37744,0.0
2022-06-05,10.228482,106.50052,2022-06-05 03:04:33.679022592,417.06888,0.0
2022-06-05,10.252825,106.50228,2022-06-05 03:04:33.706018816,417.90012,0.0
2022-06-05,10.124165,106.50316,2022-06-05 03:04:33.877009920,419.29697,0.0
2022-06-05,10.172237,106.5073,2022-06-05 03:04:33.931002624,416.08328,0.0
2022-06-05,10.196376,106.509315,2022-06-05 03:04:33.957999104,418.49878,0.0
2022-06-05,10.164755,106.51784,2022-06-05 03:04:34.237015808,419.25574,0.0
2022-06-05,10.213076,106.52189,2022-06-05 03:04:34.291008768,417.53458,0.0
2022-06-05,10.310403,106.5292,2022-06-05 03:04:34.398994432,417.47928,0.0
2022-06-05,10.1574545,106.52826,2022-06-05 03:04:34.543994624,418.03497,0.0
2022-06-05,10.181479,106.53029,2022-06-05 03:04:34.570991104,418.5316,0.0
2022-06-05,10.229778,106.534294,2022-06-05 03:04:34.625024256,418.68234,0.0
2022-06-05,10.174159,106.540665,2022-06-05 03:04:34.877004288,419.3434,0.0
2022-06-05,10.198235,106.54279,2022-06-05 03:04:34.904000768,419.14368,0.0
2022-06-05,10.246512,106.54677,2022-06-05 03:04:34.957993472,416.00143,0.0
2022-06-05,10.295129,106.55064,2022-06-05 03:04:35.012026880,417.0657,0.0
2022-06-05,10.191193,106.55289,2022-06-05 03:04:35.210013952,417.92993,0.0
2022-06-05,10.239344,106.55708,2022-06-05 03:04:35.264006912,418.13007,0.0
2022-06-05,10.312037,106.56296,2022-06-05 03:04:35.344996096,419.7672,0.0
2022-06-05,10.207775,106.56547,2022-06-05 03:04:35.543989248,419.9378,0.0
2022-06-05,10.328682,106.575386,2022-06-05 03:04:35.679011584,417.02563,0.0
2022-06-05,10.289451,106.59461,2022-06-05 03:04:36.264001280,419.20355,0.0
2022-06-05,10.3136425,106.59662,2022-06-05 03:04:36.290998016,419.83682,0.0
2022-06-05,10.411014,106.60404,2022-06-05 03:04:36.399023872,418.39343,0.0
2022-06-05,10.306181,106.607086,2022-06-05 03:04:36.598017024,420.15152,0.0
2022-06-05,10.378927,106.612915,2022-06-05 03:04:36.679006208,416.7692,0.0
2022-06-05,10.298803,106.617546,2022-06-05 03:04:36.903989760,418.71353,0.0
2022-06-05,10.322921,106.61959,2022-06-05 03:04:36.931026432,420.0506,0.0
2022-06-05,10.315501,106.62997,2022-06-05 03:04:37.236999424,419.76752,0.0
2022-06-05,10.388076,106.636,2022-06-05 03:04:37.317988864,417.85202,0.0
2022-06-05,10.4367485,106.6397,2022-06-05 03:04:37.372022016,418.95474,0.0
2022-06-05,10.308206,106.6404,2022-06-05 03:04:37.544018688,419.7476,0.0
2022-06-05,10.33226,106.6425,2022-06-05 03:04:37.571015168,419.35403,0.0
2022-06-05,10.380559,106.64654,2022-06-05 03:04:37.625007872,418.96512,0.0
2022-06-05,10.404803,106.64848,2022-06-05 03:04:37.652004352,417.9222,0.0
2022-06-05,10.324933,106.652885,2022-06-05 03:04:37.876987904,419.51486,0.0
2022-06-05,10.348988,106.65498,2022-06-05 03:04:37.904024576,418.43835,0.0
2022-06-05,10.397285,106.65903,2022-06-05 03:04:37.958017536,417.7386,0.0
2022-06-05,10.3416605,106.66537,2022-06-05 03:04:38.209997568,418.2481,0.0
2022-06-05,10.3898325,106.66952,2022-06-05 03:04:38.263990528,418.31052,0.0
2022-06-05,10.382421,106.67992,2022-06-05 03:04:38.571009536,417.94165,0.0
2022-06-05,10.406558,106.682,2022-06-05 03:04:38.598006016,418.72232,0.0
2022-06-05,10.528095,106.691444,2022-06-05 03:04:38.733028352,418.34494,0.0
2022-06-05,10.375113,106.69033,2022-06-05 03:04:38.877022720,418.36932,0.0
2022-06-05,10.471708,106.69843,2022-06-05 03:04:38.985008640,418.33572,0.0
2022-06-05,10.391838,106.70282,2022-06-05 03:04:39.209992448,418.40512,0.0
2022-06-05,10.415892,106.704926,2022-06-05 03:04:39.236988672,418.59314,0.0
2022-06-05,10.440008,106.70698,2022-06-05 03:04:39.264025344,418.17816,0.0
2022-06-05,10.488433,106.71092,2022-06-05 03:04:39.318018304,418.88367,0.0
2022-06-05,10.537105,106.714645,2022-06-05 03:04:39.372011264,418.11182,0.0
2022-06-05,10.561556,106.71645,2022-06-05 03:04:39.399007488,418.63623,0.0
2022-06-05,10.456712,106.71943,2022-06-05 03:04:39.598000640,419.99625,0.0
2022-06-05,10.553839,106.72716,2022-06-05 03:04:39.706026496,419.25983,0.0
2022-06-05,10.425265,106.72776,2022-06-05 03:04:39.877017600,418.49783,0.0
2022-06-05,10.449329,106.72989,2022-06-05 03:04:39.904013824,419.84232,0.0
2022-06-05,10.52187,106.73589,2022-06-05 03:04:39.985003264,417.7472,0.0
2022-06-05,10.570562,106.73966,2022-06-05 03:04:40.038995968,417.57324,0.0
2022-06-05,10.466063,106.7424,2022-06-05 03:04:40.237023488,417.40665,0.0
2022-06-05,10.587274,106.75214,2022-06-05 03:04:40.372005632,416.41483,0.0
2022-06-05,10.499495,106.76737,2022-06-05 03:04:40.904008448,420.36108,0.0
2022-06-05,10.492144,106.77772,2022-06-05 03:04:41.210021632,420.2494,0.0
2022-06-05,10.516211,106.77986,2022-06-05 03:04:41.237018112,418.9042,0.0
2022-06-05,10.613056,106.78779,2022-06-05 03:04:41.345003776,417.4618,0.0
2022-06-05,10.557046,106.79442,2022-06-05 03:04:41.597989888,420.27832,0.0
2022-06-05,10.654148,106.80215,2022-06-05 03:04:41.706015744,416.9262,0.0
2022-06-05,10.573765,106.80692,2022-06-05 03:04:41.930999552,418.3664,0.0
2022-06-05,10.566299,106.81724,2022-06-05 03:04:42.237012736,419.5717,0.0
2022-06-05,10.614662,106.82144,2022-06-05 03:04:42.291005696,419.53174,0.0
2022-06-05,10.663212,106.82531,2022-06-05 03:04:42.344998400,418.04727,0.0
2022-06-05,10.558965,106.82762,2022-06-05 03:04:42.543991552,416.64026,0.0
2022-06-05,10.607201,106.83193,2022-06-05 03:04:42.598024704,419.1224,0.0
2022-06-05,10.655622,106.835915,2022-06-05 03:04:42.652017664,419.55634,0.0
2022-06-05,10.575723,106.8402,2022-06-05 03:04:42.877001216,417.49078,0.0
2022-06-05,10.599802,106.84238,2022-06-05 03:04:42.903997696,418.26813,0.0
2022-06-05,10.7455225,106.8541,2022-06-05 03:04:43.066016512,418.89938,0.0
2022-06-05,10.640626,106.85693,2022-06-05 03:04:43.264003840,419.91122,0.0
2022-06-05,10.713028,106.86229,2022-06-05 03:04:43.344993024,419.07172,0.0
2022-06-05,10.737317,106.86402,2022-06-05 03:04:43.371989504,417.51263,0.0
2022-06-05,10.608941,106.864876,2022-06-05 03:04:43.543986176,419.01382,0.0
2022-06-05,10.62584,106.87768,2022-06-05 03:04:43.876995840,421.38132,0.0
2022-06-05,10.714853,106.89633,2022-06-05 03:04:44.290994688,417.43686,0.0
2022-06-05,10.763592,106.90054,2022-06-05 03:04:44.345027840,419.86758,0.0
2022-06-05,10.692814,106.92791,2022-06-05 03:04:45.210000128,417.7017,0.0
2022-06-05,10.140207,106.26436,2022-06-05 03:04:52.039011584,419.30505,0.0
2022-06-05,10.082408,106.29582,2022-06-05 03:04:52.263995136,417.94214,0.0
2022-06-05,10.11926,106.28681,2022-06-05 03:04:52.317987840,418.22095,0.0
2022-06-05,10.061475,106.31756,2022-06-05 03:04:52.544017664,418.1252,0.0
2022-06-05,10.080031,106.31313,2022-06-05 03:04:52.571014144,418.16202,0.0
2022-06-05,10.117089,106.30411,2022-06-05 03:04:52.625007104,419.10043,0.0
2022-06-05,10.133814,106.31652,2022-06-05 03:04:52.958016512,416.33868,0.0
2022-06-05,10.09476,106.34209,2022-06-05 03:04:53.209996800,418.49106,0.0
2022-06-05,10.113367,106.33769,2022-06-05 03:04:53.236993280,418.34445,0.0
2022-06-05,10.11175,106.354546,2022-06-05 03:04:53.544012288,417.93878,0.0
2022-06-05,10.1285925,106.36714,2022-06-05 03:04:53.877021952,417.146,0.0
2022-06-05,10.184153,106.35348,2022-06-05 03:04:53.958011136,418.0271,0.0
2022-06-05,10.239673,106.33964,2022-06-05 03:04:54.039000576,416.57324,0.0
2022-06-05,10.258151,106.334915,2022-06-05 03:04:54.065997056,419.2929,0.0
2022-06-05,10.256587,106.352486,2022-06-05 03:04:54.372010240,419.11905,0.0
2022-06-05,10.198726,106.38277,2022-06-05 03:04:54.597999872,417.25272,0.0
2022-06-05,10.2326,106.40829,2022-06-05 03:04:55.264018944,418.32355,0.0
2022-06-05,10.282741,106.44554,2022-06-05 03:04:56.264013824,418.4096,0.0
2022-06-05,10.338296,106.43179,2022-06-05 03:04:56.345003008,418.53113,0.0
2022-06-05,10.262357,106.46693,2022-06-05 03:04:56.543996160,417.1006,0.0
2022-06-05,10.336517,106.44887,2022-06-05 03:04:56.652021760,418.07275,0.0
2022-06-05,10.355048,106.44432,2022-06-05 03:04:56.679018496,418.12048,0.0
2022-06-05,10.408767,106.44746,2022-06-05 03:04:57.066020864,415.3988,0.0
2022-06-05,10.314387,106.487434,2022-06-05 03:04:57.237011968,417.84314,0.0
2022-06-05,10.351481,106.47845,2022-06-05 03:04:57.291004672,418.11557,0.0
2022-06-05,10.349672,106.49544,2022-06-05 03:04:57.598023680,418.48862,0.0
2022-06-05,10.364587,106.52488,2022-06-05 03:04:58.237006336,418.15546,0.0
2022-06-05,10.362749,106.541794,2022-06-05 03:04:58.544025344,418.2097,0.0
2022-06-05,10.557656,106.57716,2022-06-05 03:05:00.372017920,419.39966,0.0
2022-06-05,10.576187,106.57257,2022-06-05 03:05:00.399014400,418.483,0.0
2022-06-05,10.463,106.616455,2022-06-05 03:05:00.544014336,416.60535,0.0
2022-06-05,10.481525,106.61193,2022-06-05 03:05:00.571011072,419.2932,0.0
2022-06-05,10.51861,106.60293,2022-06-05 03:05:00.625003776,419.22983,0.0
2022-06-05,10.537179,106.59847,2022-06-05 03:05:00.652000512,419.1181,0.0
2022-06-05,10.555735,106.59397,2022-06-05 03:05:00.678996736,419.29962,0.0
2022-06-05,10.479867,106.62927,2022-06-05 03:05:00.877024256,418.08798,0.0
2022-06-05,10.498408,106.62479,2022-06-05 03:05:00.904020736,420.40308,0.0
2022-06-05,10.516934,106.620255,2022-06-05 03:05:00.931017216,419.55676,0.0
2022-06-05,10.553945,106.61106,2022-06-05 03:05:00.985009920,419.97818,0.0
2022-06-05,10.572454,106.60645,2022-06-05 03:05:01.012006400,418.23276,0.0
2022-06-05,10.6095,106.59726,2022-06-05 03:05:01.065999360,417.74548,0.0
2022-06-05,10.570741,106.62372,2022-06-05 03:05:01.318019584,419.22433,0.0
2022-06-05,10.589221,106.61904,2022-06-05 03:05:01.345016064,418.08353,0.0
2022-06-05,10.513336,106.65431,2022-06-05 03:05:01.544009216,418.76926,0.0
2022-06-05,10.550517,106.64555,2022-06-05 03:05:01.598001920,419.99054,0.0
2022-06-05,10.624494,106.627014,2022-06-05 03:05:01.705987584,417.25153,0.0
2022-06-05,10.529991,106.66666,2022-06-05 03:05:01.877018880,418.68604,0.0
2022-06-05,10.567172,106.6579,2022-06-05 03:05:01.931011584,417.26877,0.0
2022-06-05,10.546645,106.679,2022-06-05 03:05:02.209988096,418.59622,0.0
2022-06-05,10.71392,106.804306,2022-06-05 03:05:05.543987456,419.4378,0.0
2022-06-05,10.1454525,106.24059,2022-06-05 03:05:14.210003712,419.53763,0.0
2022-06-05,10.160877,106.232185,2022-06-05 03:05:14.236999936,417.99475,0.0
2022-06-05,10.176251,106.22377,2022-06-05 03:05:14.263996672,418.58926,0.0
2022-06-05,10.20685,106.2069,2022-06-05 03:05:14.317989376,418.81274,0.0
2022-06-05,10.222075,106.19845,2022-06-05 03:05:14.345026048,417.03793,0.0
2022-06-05,10.17756,106.244644,2022-06-05 03:05:14.571015680,418.8808,0.0
2022-06-05,10.192965,106.23624,2022-06-05 03:05:14.598011904,418.88153,0.0
2022-06-05,10.208312,106.227806,2022-06-05 03:05:14.625008384,418.56906,0.0
2022-06-05,10.223609,106.21936,2022-06-05 03:05:14.652004608,417.95886,0.0
2022-06-05,10.209605,106.2487,2022-06-05 03:05:14.931021568,418.3453,0.0
2022-06-05,10.22629,106.261185,2022-06-05 03:05:15.263991040,419.43045,0.0
2022-06-05,10.229087,106.302925,2022-06-05 03:05:15.877023232,417.5952,0.0
2022-06-05,10.29058,106.269226,2022-06-05 03:05:15.985009152,418.70758,0.0
2022-06-05,10.307158,106.28172,2022-06-05 03:05:16.318018560,417.31454,0.0
2022-06-05,10.425823,106.38998,2022-06-05 03:05:18.957996288,416.14667,0.0
2022-06-05,10.39637,106.42769,2022-06-05 03:05:19.210016768,417.2865,0.0
2022-06-05,10.429834,106.45267,2022-06-05 03:05:19.877001728,418.46387,0.0
2022-06-05,10.528935,106.50672,2022-06-05 03:05:21.571017728,419.28387,0.0
2022-06-05,10.545663,106.51922,2022-06-05 03:05:21.903987200,418.6784,0.0
2022-06-05,10.591728,106.49396,2022-06-05 03:05:21.985016832,418.68967,0.0
2022-06-05,10.622192,106.47705,2022-06-05 03:05:22.039009536,419.145,0.0
2022-06-05,10.546934,106.54012,2022-06-05 03:05:22.210000640,418.93082,0.0
2022-06-05,10.577796,106.52331,2022-06-05 03:05:22.263993344,417.9731,0.0
2022-06-05,10.657167,106.52302,2022-06-05 03:05:23.012007680,417.7142,0.0
2022-06-05,10.597108,106.57762,2022-06-05 03:05:23.209995008,418.37292,0.0
2022-06-05,10.643329,106.5524,2022-06-05 03:05:23.291024640,418.83945,0.0
2022-06-05,10.676777,106.57741,2022-06-05 03:05:23.958009600,418.43124,0.0
2022-06-05,10.692085,106.56898,2022-06-05 03:05:23.985005824,417.98297,0.0
2022-06-05,10.707344,106.56054,2022-06-05 03:05:24.012002560,416.572,0.0
2022-06-05,10.781025,106.71527,2022-06-05 03:05:26.877004032,416.77686,0.0
2022-06-05,10.327142,106.08199,2022-06-05 03:05:42.371991040,418.67764,0.0
2022-06-05,10.612012,106.39484,2022-06-05 03:05:48.570991872,418.2192,0.0
2022-06-05,10.6386175,106.33426,2022-06-05 03:05:48.679017984,418.5718,0.0
2022-06-05,10.635522,106.39227,2022-06-05 03:05:48.930998016,418.33832,0.0
2022-06-05,10.665526,106.37443,2022-06-05 03:05:49.318000896,418.70306,0.0
2022-06-05,10.672095,106.35929,2022-06-05 03:05:49.344997120,418.47076,0.0
2022-06-05,10.678923,106.444855,2022-06-05 03:05:49.903996160,418.73212,0.0
2022-06-05,10.7724285,106.43427,2022-06-05 03:05:51.345026560,418.64145,0.0
2022-06-05,15.45906,108.69299,2022-06-05 03:06:53.877014784,417.94263,0.0
2022-06-12,19.662281,104.74549,2022-06-12 10:33:21.751993600,419.62143,0.0
2022-06-12,19.6699,104.75926,2022-06-12 10:33:21.778990080,416.27594,0.0
2022-06-24,21.601809,105.41991,2022-06-24 05:43:42.212988160,418.93964,0.0
2022-06-24,21.602959,105.43998,2022-06-24 05:43:42.240024832,418.05197,0.0
2022-06-24,21.585459,105.43396,2022-06-24 05:43:42.545997824,420.8085,0.0
2022-06-24,21.5867,105.45392,2022-06-24 05:43:42.572994304,419.4092,0.0
2022-06-24,21.588047,105.47384,2022-06-24 05:43:42.599990528,419.4989,0.0
2022-06-24,21.569454,105.44746,2022-06-24 05:43:42.879007232,420.3711,0.0
2022-06-24,21.570385,105.46775,2022-06-24 05:43:42.906003968,419.30774,0.0
2022-06-24,21.57171,105.48769,2022-06-24 05:43:42.933000448,419.3833,0.0
2022-06-24,21.552433,105.44172,2022-06-24 05:43:43.186026496,414.43958,0.0
2022-06-24,21.554422,105.48198,2022-06-24 05:43:43.240019200,420.20618,0.0
2022-06-24,21.555735,105.50187,2022-06-24 05:43:43.267015936,420.12234,0.0
2022-06-24,21.533762,105.41614,2022-06-24 05:43:43.465003008,420.11755,0.0
2022-06-24,21.5369,105.47582,2022-06-24 05:43:43.545992448,418.65945,0.0
2022-06-24,21.5395,105.51546,2022-06-24 05:43:43.600025344,420.9128,0.0
2022-06-24,21.522058,105.50979,2022-06-24 05:43:43.905998592,420.16827,0.0
2022-06-24,21.501516,105.44426,2022-06-24 05:43:44.131987968,420.83743,0.0
2022-06-24,21.502657,105.46405,2022-06-24 05:43:44.159024640,420.2366,0.0
2022-06-24,21.506023,105.52397,2022-06-24 05:43:44.240014080,419.83496,0.0
2022-06-24,21.475136,105.57178,2022-06-24 05:43:44.932989696,420.5336,0.0
2022-06-24,21.441353,105.57983,2022-06-24 05:43:45.573018112,417.8724,0.0
2022-06-24,21.389498,105.56206,2022-06-24 05:43:46.492023552,419.36923,0.0
2022-06-24,21.391659,105.6018,2022-06-24 05:43:46.546016256,416.45184,0.0
2022-06-24,21.569569,105.35716,2022-06-24 05:44:03.294024448,418.93826,0.0
2022-06-24,21.553402,105.37127,2022-06-24 05:44:03.626993920,418.59265,0.0
2022-06-24,21.53722,105.385216,2022-06-24 05:44:03.960003584,419.33667,0.0
2022-06-24,21.543573,105.40062,2022-06-24 05:44:03.987000064,418.75876,0.0
2022-06-24,21.527527,105.41478,2022-06-24 05:44:04.321015296,418.65973,0.0
2022-06-24,21.45168,105.3347,2022-06-24 05:44:04.798019328,416.7909,0.0
2022-06-24,21.457796,105.35018,2022-06-24 05:44:04.825016064,418.36517,0.0
2022-06-24,21.463951,105.36563,2022-06-24 05:44:04.852012288,417.94232,0.0
2022-06-24,21.49512,105.44267,2022-06-24 05:44:04.986994432,418.85477,0.0
2022-06-24,21.435406,105.3485,2022-06-24 05:44:05.131994624,419.33325,0.0
2022-06-24,21.437702,105.40884,2022-06-24 05:44:05.545993728,419.6943,0.0
2022-06-24,21.415457,105.40746,2022-06-24 05:44:05.852006912,419.83472,0.0
2022-06-24,21.389341,105.4509,2022-06-24 05:44:06.545988352,415.27026,0.0
2022-06-24,21.350798,105.46335,2022-06-24 05:44:07.186017024,417.3337,0.0
2022-06-24,21.37573,105.52515,2022-06-24 05:44:07.294002688,419.47253,0.0
2022-06-24,21.328571,105.46196,2022-06-24 05:44:07.491990016,417.53317,0.0
2022-06-24,21.334711,105.47741,2022-06-24 05:44:07.519026688,418.51834,0.0
2022-06-24,21.343515,105.55314,2022-06-24 05:44:07.960022016,419.53906,0.0
2022-06-24,21.314903,105.53634,2022-06-24 05:44:08.240004608,418.9222,0.0
2022-06-24,21.333702,105.58259,2022-06-24 05:44:08.320993792,418.49728,0.0
2022-06-24,21.304935,105.56569,2022-06-24 05:44:08.600010752,418.5423,0.0
2022-06-24,21.183123,105.587456,2022-06-24 05:44:10.492013824,420.08594,0.0
2022-06-24,21.443485,105.2724,2022-06-24 05:44:49.572992768,414.77072,0.0
2022-06-24,21.345295,105.29294,2022-06-24 05:44:50.491998208,420.32758,0.0
2022-06-24,21.329483,105.32805,2022-06-24 05:44:51.186019840,419.64502,0.0
2022-06-24,21.346087,105.33516,2022-06-24 05:44:51.213016320,419.47852,0.0
2022-06-24,21.330505,105.370094,2022-06-24 05:44:51.905991680,418.87354,0.0
2022-06-27,11.166862,106.29388,2022-06-27 04:58:17.310005248,417.76074,0.0
2022-06-27,11.150165,106.30655,2022-06-27 04:58:17.643014912,417.87402,0.0
2022-06-27,10.88809,106.5443,2022-06-27 04:58:23.030995968,420.53333,0.0
2022-06-27,10.678166,106.62136,2022-06-27 04:58:26.922988544,417.89975,0.0
2022-06-27,10.592544,106.80688,2022-06-27 04:58:29.084996608,420.0949,0.0
2022-06-27,10.702277,106.78303,2022-06-27 04:58:50.310027264,418.72192,0.0
2022-06-27,10.708268,106.79939,2022-06-27 04:58:50.337023744,419.13608,0.0
2022-06-27,10.714266,106.815704,2022-06-27 04:58:50.364020224,416.21884,0.0
2022-06-27,10.606793,106.81285,2022-06-27 04:58:51.923013888,419.14185,0.0
2022-06-27,11.479883,106.332985,2022-06-27 04:59:03.922989056,419.25586,0.0
2022-06-27,11.5077715,106.3508,2022-06-27 04:59:03.977022208,419.2339,0.0
2022-06-27,11.46301,106.34565,2022-06-27 04:59:04.255998720,419.23877,0.0
2022-06-27,11.504869,106.37222,2022-06-27 04:59:04.336987904,418.40616,0.0
2022-06-27,11.518858,106.38095,2022-06-27 04:59:04.364024576,418.87955,0.0
2022-06-27,11.488179,106.38477,2022-06-27 04:59:04.669997568,420.00168,0.0
2022-06-27,11.502158,106.39353,2022-06-27 04:59:04.696994048,419.60828,0.0
2022-06-27,11.516122,106.40232,2022-06-27 04:59:04.723990528,420.1664,0.0
2022-06-27,11.485568,106.40626,2022-06-27 04:59:05.031009792,421.2445,0.0
2022-06-27,10.833777,106.895874,2022-06-27 04:59:18.031019776,419.47562,0.0
2022-07-02,21.61973,105.034096,2022-07-02 02:31:29.163011328,420.17133,0.0
2022-07-02,21.614943,105.05865,2022-07-02 02:31:29.190007808,420.05612,0.0
2022-07-02,21.605467,105.10797,2022-07-02 02:31:29.244000768,421.77466,0.0
2022-07-02,21.608402,105.02371,2022-07-02 02:31:29.469024768,420.1952,0.0
2022-07-02,21.603472,105.04817,2022-07-02 02:31:29.496020992,420.28363,0.0
2022-07-02,21.598879,105.07257,2022-07-02 02:31:29.523017472,419.21878,0.0
2022-07-02,21.587599,105.0622,2022-07-02 02:31:29.829996032,420.89474,0.0
2022-07-02,21.578253,105.111305,2022-07-02 02:31:29.883988992,421.3727,0.0
2022-07-02,21.566465,105.10101,2022-07-02 02:31:30.190002432,420.5535,0.0
2022-07-02,21.55057,105.11504,2022-07-02 02:31:30.523011840,421.0259,0.0
2022-07-02,21.546028,105.13958,2022-07-02 02:31:30.550008320,421.4523,0.0
2022-07-02,21.544392,105.080185,2022-07-02 02:31:30.802994176,419.98944,0.0
2022-07-02,21.539831,105.10451,2022-07-02 02:31:30.829990912,420.72363,0.0
2022-07-02,21.535112,105.129005,2022-07-02 02:31:30.856987136,421.02463,0.0
2022-07-02,21.527939,105.0946,2022-07-02 02:31:31.136004096,420.09515,0.0
2022-07-02,22.076084,105.096115,2022-07-02 02:32:39.469007104,419.5697,0.0
2022-07-02,22.102436,105.11572,2022-07-02 02:32:39.522999808,419.02017,0.0
2022-07-02,22.028109,105.138596,2022-07-02 02:32:40.469001472,418.81076,0.0
2022-07-02,22.091908,105.21037,2022-07-02 02:32:40.964995584,420.4092,0.0
2022-07-02,22.006351,105.20106,2022-07-02 02:32:41.522989056,419.2255,0.0
2022-07-09,22.876747,106.41993,2022-07-09 23:19:58.963013120,417.54123,0.0
2022-07-09,22.88652,106.53815,2022-07-09 23:20:00.125026816,417.48593,0.0
2022-07-09,22.896229,106.550606,2022-07-09 23:20:00.152023040,417.7105,0.0
2022-07-09,22.860811,106.53993,2022-07-09 23:20:00.432005376,415.4034,0.0
2022-07-09,22.742401,106.56141,2022-07-09 23:20:01.989993472,416.681,0.0
2022-07-09,22.800179,106.63642,2022-07-09 23:20:02.152012288,417.4985,0.0
2022-07-09,22.735844,106.58815,2022-07-09 23:20:02.351005440,419.98654,0.0
2022-07-09,22.739056,106.62749,2022-07-09 23:20:02.738008064,417.4984,0.0
2022-07-09,22.758368,106.65246,2022-07-09 23:20:02.792000768,418.7069,0.0
2022-07-09,22.768047,106.6649,2022-07-09 23:20:02.818997248,417.8629,0.0
2022-07-09,22.752096,106.67924,2022-07-09 23:20:03.152006912,417.36053,0.0
2022-07-09,22.678333,106.6185,2022-07-09 23:20:03.324003584,418.9642,0.0
2022-07-09,22.652784,106.62022,2022-07-09 23:20:03.630016768,417.07483,0.0
2022-07-09,22.710453,106.695465,2022-07-09 23:20:03.791995392,415.4592,0.0
2022-07-09,22.72014,106.707924,2022-07-09 23:20:03.818991616,415.94556,0.0
2022-07-09,22.636751,106.6345,2022-07-09 23:20:03.963026432,417.407,0.0
2022-07-09,22.620827,106.648865,2022-07-09 23:20:04.297001728,418.2586,0.0
2022-07-09,22.63036,106.66144,2022-07-09 23:20:04.323997952,415.10983,0.0
2022-07-09,22.678366,106.723915,2022-07-09 23:20:04.459020544,419.40262,0.0
2022-07-09,22.688057,106.736374,2022-07-09 23:20:04.486017024,414.7143,0.0
2022-07-09,22.614267,106.67559,2022-07-09 23:20:04.657007616,417.36594,0.0
2022-07-09,22.652622,106.725655,2022-07-09 23:20:04.764993536,417.9489,0.0
2022-07-23,20.253117,105.38094,2022-07-23 08:38:48.904017920,417.61908,0.0
2022-07-23,20.275349,105.38101,2022-07-23 08:38:48.931014400,415.14948,0.0
2022-07-23,20.2472,105.39485,2022-07-23 08:38:49.210996736,416.68198,0.0
2022-07-23,20.268524,105.392975,2022-07-23 08:38:49.237992960,417.0135,0.0
2022-07-23,20.29173,105.395195,2022-07-23 08:38:49.264989440,413.4529,0.0
2022-07-23,20.240627,105.40733,2022-07-23 08:38:49.517009664,416.5699,0.0
2022-07-23,20.262394,105.40658,2022-07-23 08:38:49.544006400,417.74323,0.0
2022-07-23,20.285791,105.409386,2022-07-23 08:38:49.571002624,415.81818,0.0
2022-07-23,20.30794,105.40923,2022-07-23 08:38:49.597999104,415.82748,0.0
2022-07-23,20.2552,105.41911,2022-07-23 08:38:49.850019328,417.11337,0.0
2022-07-23,20.278826,105.422646,2022-07-23 08:38:49.877016064,415.677,0.0
2022-07-23,20.300678,105.42191,2022-07-23 08:38:49.904012544,416.03503,0.0
2022-07-23,20.294983,105.4365,2022-07-23 08:38:50.210991104,416.05832,0.0
2022-07-23,20.355726,105.45092,2022-07-23 08:38:50.597993728,416.35535,0.0
2022-07-23,20.259645,105.45992,2022-07-23 08:38:50.796021248,415.72403,0.0
2022-07-23,20.230915,105.47134,2022-07-23 08:38:51.076003584,415.96286,0.0
2022-07-23,20.253422,105.47294,2022-07-23 08:38:51.103000064,416.26846,0.0
2022-07-23,20.34278,105.47626,2022-07-23 08:38:51.210985728,410.03,0.0
2022-07-23,20.314169,105.489044,2022-07-23 08:38:51.490002688,415.76538,0.0
2022-07-23,20.358616,105.49004,2022-07-23 08:38:51.543995392,416.09924,0.0
2022-07-23,20.262253,105.49819,2022-07-23 08:38:51.742022912,417.13794,0.0
2022-07-23,20.284964,105.50036,2022-07-23 08:38:51.769019392,415.38766,0.0
2022-07-23,20.307285,105.50141,2022-07-23 08:38:51.796015616,416.67682,0.0
2022-07-23,20.35185,105.50293,2022-07-23 08:38:51.850008832,417.0906,0.0
2022-07-23,20.278728,105.51321,2022-07-23 08:38:52.075998208,415.98843,0.0
2022-07-23,20.301178,105.51468,2022-07-23 08:38:52.102994688,416.60492,0.0
2022-07-23,20.317122,105.528175,2022-07-23 08:38:52.436004096,416.5588,0.0
2022-07-23,20.31131,105.54128,2022-07-23 08:38:52.742017536,416.65753,0.0
2022-07-23,20.333038,105.540955,2022-07-23 08:38:52.769013760,417.8403,0.0
2022-07-23,20.326359,105.55272,2022-07-23 08:38:53.075992832,417.1025,0.0
2022-07-23,20.462862,105.5634,2022-07-23 08:38:53.238011648,414.92966,0.0
2022-07-23,20.494457,105.59111,2022-07-23 08:38:53.903990784,417.08932,0.0
2022-07-23,20.465544,105.60326,2022-07-23 08:38:54.184013312,416.69986,0.0
2022-07-23,20.48782,105.603615,2022-07-23 08:38:54.211009792,416.5076,0.0
2022-07-23,20.51056,105.60483,2022-07-23 08:38:54.238006016,417.37946,0.0
2022-07-23,20.504047,105.6172,2022-07-23 08:38:54.544019456,416.7773,0.0
2022-07-23,20.550127,105.62108,2022-07-23 08:38:54.598012160,417.1977,0.0
2022-07-23,20.54352,105.63368,2022-07-23 08:38:54.904025600,417.5368,0.0
2022-07-23,20.514076,105.645195,2022-07-23 08:38:55.184007936,417.56534,0.0
2022-07-23,20.536783,105.64667,2022-07-23 08:38:55.211004160,417.34598,0.0
2022-07-23,20.530087,105.659645,2022-07-23 08:38:55.517017600,416.59848,0.0
2022-07-23,20.500956,105.6709,2022-07-23 08:38:55.795994112,415.8453,0.0
2022-07-23,20.52334,105.672,2022-07-23 08:38:55.822990336,415.91574,0.0
2022-07-23,20.494541,105.683044,2022-07-23 08:38:56.103013120,418.05344,0.0
2022-07-23,20.488401,105.6953,2022-07-23 08:38:56.409026304,416.9939,0.0
2022-07-23,20.520418,105.723915,2022-07-23 08:38:57.076011264,417.09134,0.0
2022-07-23,20.565424,105.72719,2022-07-23 08:38:57.130004224,416.3244,0.0
2022-07-23,20.536217,105.73814,2022-07-23 08:38:57.409020928,416.80618,0.0
2022-07-23,20.816988,105.87379,2022-07-23 08:39:00.571023360,416.71436,0.0
2022-07-23,20.848677,105.90237,2022-07-23 08:39:01.238008576,418.06418,0.0
2022-07-23,20.831758,105.97927,2022-07-23 08:39:03.103015424,416.56595,0.0
2022-07-23,21.021694,106.10957,2022-07-23 08:39:06.156992000,418.82092,0.0
2022-07-23,20.309128,105.38973,2022-07-23 08:39:12.409019904,417.23038,0.0
2022-07-23,20.325424,105.40377,2022-07-23 08:39:12.741989632,415.98666,0.0
2022-07-23,20.464636,105.40309,2022-07-23 08:39:13.570993152,415.61893,0.0
2022-07-23,20.443598,105.446365,2022-07-23 08:39:14.156988928,416.37784,0.0
2022-07-23,20.44185,105.46537,2022-07-23 08:39:14.463002112,414.69418,0.0
2022-07-23,20.459612,105.46031,2022-07-23 08:39:14.489998592,417.1997,0.0
2022-07-23,20.53055,105.44033,2022-07-23 08:39:14.598024448,416.84674,0.0
2022-07-23,20.422304,105.48909,2022-07-23 08:39:14.742018816,413.75278,0.0
2022-07-23,20.440144,105.48421,2022-07-23 08:39:14.769015296,416.5054,0.0
2022-07-23,20.457962,105.47932,2022-07-23 08:39:14.796011776,417.42563,0.0
2022-07-23,20.528881,105.45893,2022-07-23 08:39:14.903997440,417.09015,0.0
2022-07-23,20.546608,105.45407,2022-07-23 08:39:14.930993920,416.246,0.0
2022-07-23,20.456135,105.49807,2022-07-23 08:39:15.102990592,417.33826,0.0
2022-07-23,20.488352,105.52577,2022-07-23 08:39:15.769009920,416.20908,0.0
2022-07-23,20.50618,105.52095,2022-07-23 08:39:15.796006144,415.92792,0.0
2022-07-23,20.486586,105.5446,2022-07-23 08:39:16.075988736,414.85025,0.0
2022-07-23,20.504322,105.53917,2022-07-23 08:39:16.103025408,417.45477,0.0
2022-07-23,20.522203,105.53471,2022-07-23 08:39:16.130021888,415.9558,0.0
2022-07-23,20.520657,105.553825,2022-07-23 08:39:16.435994880,417.62494,0.0
2022-07-23,20.552748,105.58193,2022-07-23 08:39:17.103020032,416.7117,0.0
2022-07-23,20.550888,105.60042,2022-07-23 08:39:17.408993024,416.9494,0.0
2022-07-23,20.568783,105.59605,2022-07-23 08:39:17.435989504,417.85324,0.0
2022-07-23,20.567127,105.61523,2022-07-23 08:39:17.742002432,416.89597,0.0
2022-07-23,20.58497,105.6105,2022-07-23 08:39:17.768999168,415.93857,0.0
2022-07-23,20.60275,105.605484,2022-07-23 08:39:17.795995392,414.87683,0.0
2022-07-23,20.723667,105.608536,2022-07-23 08:39:18.598002944,414.7585,0.0
2022-07-23,20.700993,105.671104,2022-07-23 08:39:19.490011648,416.53015,0.0
2022-07-23,20.716906,105.68549,2022-07-23 08:39:19.823021312,415.102,0.0
2022-07-23,20.820139,105.69376,2022-07-23 08:39:20.597991936,417.45755,0.0
2022-07-23,20.71173,105.742195,2022-07-23 08:39:20.742026496,415.08414,0.0
2022-07-23,20.782894,105.72284,2022-07-23 08:39:20.850012416,416.3506,0.0
2022-07-23,20.799032,105.73689,2022-07-23 08:39:21.183987712,417.4156,0.0
2022-07-23,20.8168,105.73194,2022-07-23 08:39:21.211024384,417.77637,0.0
2022-07-23,20.779444,105.760826,2022-07-23 08:39:21.463004416,417.70575,0.0
2022-07-23,20.850523,105.74107,2022-07-23 08:39:21.570990080,417.22223,0.0
2022-07-23,20.848957,105.76005,2022-07-23 08:39:21.877003264,410.14734,0.0
2022-07-23,20.775793,105.79865,2022-07-23 08:39:22.075996416,416.58258,0.0
2022-07-23,20.811514,105.78899,2022-07-23 08:39:22.129989120,417.62744,0.0
2022-07-23,20.900427,105.76419,2022-07-23 08:39:22.265011712,418.08456,0.0
2022-07-23,20.863329,105.79326,2022-07-23 08:39:22.516991744,417.96045,0.0
2022-07-23,20.843693,105.81723,2022-07-23 08:39:22.796008704,418.5976,0.0
2022-07-23,20.8241,105.84086,2022-07-23 08:39:23.075991040,417.6368,0.0
2022-07-23,20.891869,105.85946,2022-07-23 08:39:23.796003072,417.44354,0.0
2022-07-23,20.970198,105.94919,2022-07-23 08:39:25.768995840,416.02985,0.0
2022-07-23,20.988047,105.944374,2022-07-23 08:39:25.795992320,416.09872,0.0
2022-07-23,20.986204,105.96331,2022-07-23 08:39:26.103011328,417.86374,0.0
2022-07-23,21.265903,106.12794,2022-07-23 08:39:30.544025344,418.11115,0.0
2022-07-23,20.552397,105.323074,2022-07-23 08:39:36.570989056,417.92313,0.0
2022-07-23,20.56743,105.31446,2022-07-23 08:39:36.598025728,417.59366,0.0
2022-07-23,20.568611,105.3369,2022-07-23 08:39:36.903998976,416.99377,0.0
2022-07-23,20.58365,105.32827,2022-07-23 08:39:36.930995200,417.33267,0.0
2022-07-23,20.55455,105.36783,2022-07-23 08:39:37.184021504,418.00775,0.0
2022-07-23,20.52544,105.4305,2022-07-23 08:39:37.742014976,415.5072,0.0
2022-07-23,20.71854,105.59884,2022-07-23 08:39:41.741993216,416.68292,0.0
2022-07-23,20.840784,105.553566,2022-07-23 08:39:42.265024000,416.91794,0.0
2022-07-23,20.8268,105.58453,2022-07-23 08:39:42.544000512,415.8021,0.0
2022-07-23,20.85684,105.567696,2022-07-23 08:39:42.597993472,418.14984,0.0
2022-07-23,20.812456,105.6158,2022-07-23 08:39:42.823017216,417.12698,0.0
2022-07-23,20.827576,105.607376,2022-07-23 08:39:42.850013696,416.04382,0.0
2022-07-23,20.84266,105.598946,2022-07-23 08:39:42.877010176,416.3489,0.0
2022-07-23,20.87281,105.58183,2022-07-23 08:39:42.931003136,415.8513,0.0
2022-07-23,20.81394,105.6613,2022-07-23 08:39:43.436009472,416.6251,0.0
2022-07-23,20.814463,105.68401,2022-07-23 08:39:43.742022400,416.06995,0.0
2022-07-23,20.893303,105.70928,2022-07-23 08:39:44.796009984,418.29877,0.0
2022-07-23,20.923748,105.6922,2022-07-23 08:39:44.850002688,418.25748,0.0
2022-07-23,20.969078,105.666534,2022-07-23 08:39:44.930992128,415.52072,0.0
2022-07-23,20.909399,105.723366,2022-07-23 08:39:45.130025472,416.95792,0.0
2022-07-23,20.939844,105.7063,2022-07-23 08:39:45.184018432,417.07666,0.0
2022-07-23,20.985113,105.68062,2022-07-23 08:39:45.265007616,418.47366,0.0
2022-07-23,20.91018,105.74599,2022-07-23 08:39:45.435998464,415.7255,0.0
2022-07-23,20.925533,105.73743,2022-07-23 08:39:45.462994688,417.25076,0.0
2022-07-23,20.940792,105.728905,2022-07-23 08:39:45.489991168,417.8371,0.0
2022-07-23,21.00129,105.69471,2022-07-23 08:39:45.598017280,418.2591,0.0
2022-07-23,20.941568,105.75158,2022-07-23 08:39:45.796004608,417.1358,0.0
2022-07-23,20.956848,105.743034,2022-07-23 08:39:45.823000832,417.92044,0.0
2022-07-23,20.972067,105.7345,2022-07-23 08:39:45.849997568,417.14297,0.0
2022-07-23,20.95823,105.78836,2022-07-23 08:39:46.435992832,417.4916,0.0
2022-07-23,20.973522,105.77985,2022-07-23 08:39:46.462989312,416.37146,0.0
2022-07-23,20.974363,105.802475,2022-07-23 08:39:46.769002752,415.22702,0.0
2022-07-23,21.02244,105.844894,2022-07-23 08:39:47.768997120,416.774,0.0
2022-07-23,20.410362,105.055176,2022-07-23 08:40:00.849996544,415.38388,0.0
2022-07-23,20.416477,105.039116,2022-07-23 08:40:00.876993024,416.2319,0.0
2022-07-23,20.423264,105.02311,2022-07-23 08:40:00.903989248,415.84067,0.0
2022-07-23,20.428656,105.00701,2022-07-23 08:40:00.931025920,417.97815,0.0
2022-07-23,20.43281,105.05299,2022-07-23 08:40:01.211008512,416.59787,0.0
2022-07-23,20.438452,105.03691,2022-07-23 08:40:01.238004992,418.65103,0.0
2022-07-23,20.455242,105.05107,2022-07-23 08:40:01.571014400,415.6563,0.0
2022-07-23,20.460344,105.03493,2022-07-23 08:40:01.598011136,417.87186,0.0
2022-07-23,20.462902,105.14329,2022-07-23 08:40:02.130013696,415.74,0.0
2022-07-23,20.578426,105.287674,2022-07-23 08:40:04.741989120,418.30646,0.0
2022-07-23,20.5847,105.271576,2022-07-23 08:40:04.769025792,417.47803,0.0
2022-07-23,20.59458,105.301704,2022-07-23 08:40:05.076004608,418.54507,0.0
2022-07-23,20.600796,105.28556,2022-07-23 08:40:05.103001088,416.55664,0.0
2022-07-23,20.623339,105.28354,2022-07-23 08:40:05.463006976,418.5734,0.0
2022-07-23,20.730381,105.398094,2022-07-23 08:40:07.769009664,413.4719,0.0
2022-07-23,20.781412,105.3778,2022-07-23 08:40:08.517024000,419.1545,0.0
2022-07-23,20.857304,105.40202,2022-07-23 08:40:09.904020992,418.63745,0.0
2022-07-23,20.863094,105.3859,2022-07-23 08:40:09.931017472,419.1824,0.0
2022-07-23,20.847872,105.48045,2022-07-23 08:40:10.130010624,416.61087,0.0
2022-07-23,20.878996,105.39983,2022-07-23 08:40:10.264992768,418.17902,0.0
2022-07-23,20.888914,105.429955,2022-07-23 08:40:10.571005696,417.1408,0.0
2022-07-23,20.895113,105.41386,2022-07-23 08:40:10.598002432,417.1437,0.0
2022-07-23,20.905056,105.44421,2022-07-23 08:40:10.904015616,418.2073,0.0
2022-07-23,20.911016,105.42809,2022-07-23 08:40:10.931012096,417.60065,0.0
2022-07-23,20.969757,105.609436,2022-07-23 08:40:12.769022464,418.9869,0.0
2022-07-23,20.988468,105.560974,2022-07-23 08:40:12.850011904,417.50162,0.0
2022-07-23,20.994633,105.54483,2022-07-23 08:40:12.877008384,416.89514,0.0
2022-07-23,21.000736,105.52869,2022-07-23 08:40:12.904004864,418.1394,0.0
2022-07-23,21.006819,105.51255,2022-07-23 08:40:12.931001088,418.49374,0.0
2022-07-23,21.004503,105.57505,2022-07-23 08:40:13.183987200,418.93506,0.0
2022-07-23,21.022797,105.526695,2022-07-23 08:40:13.265016576,418.33203,0.0
2022-07-23,21.032877,105.55698,2022-07-23 08:40:13.570989568,417.79642,0.0
2022-07-23,21.038944,105.540855,2022-07-23 08:40:13.598026240,418.8957,0.0
2022-07-23,21.011581,105.66782,2022-07-23 08:40:13.742020608,418.3096,0.0
2022-07-23,21.027603,105.68192,2022-07-23 08:40:14.075995904,418.0835,0.0
2022-07-23,21.05628,105.66388,2022-07-23 08:40:14.462998272,418.63196,0.0
2022-07-23,21.05957,105.71028,2022-07-23 08:40:14.742015488,418.00986,0.0
2022-07-23,21.072216,105.67795,2022-07-23 08:40:14.796008192,417.60645,0.0
2022-07-23,21.112963,105.62751,2022-07-23 08:40:15.238009344,417.70966,0.0
2022-07-23,21.209227,105.7124,2022-07-23 08:40:17.237998592,420.35803,0.0
2022-07-23,21.225344,105.72666,2022-07-23 08:40:17.571008256,416.9366,0.0
2022-07-23,21.231464,105.71053,2022-07-23 08:40:17.598004480,418.51517,0.0
2022-07-23,21.263435,105.73883,2022-07-23 08:40:18.264989696,417.36044,0.0
2022-07-23,21.273426,105.76906,2022-07-23 08:40:18.571002624,418.64996,0.0
2022-07-23,21.279486,105.75291,2022-07-23 08:40:18.597999104,418.68015,0.0
2022-07-23,21.295609,105.767,2022-07-23 08:40:18.931008768,417.36145,0.0
2022-07-23,21.268032,105.89426,2022-07-23 08:40:19.076008960,415.88104,0.0
2022-07-23,21.309258,105.84395,2022-07-23 08:40:19.517004544,417.66357,0.0
2022-07-23,20.672182,105.17317,2022-07-23 08:40:26.130004224,417.47827,0.0
2022-07-23,20.87149,105.26211,2022-07-23 08:40:30.238008576,419.9251,0.0
2022-07-23,20.872486,105.24181,2022-07-23 08:40:30.265004800,418.98828,0.0
2022-07-23,20.877716,105.395874,2022-07-23 08:40:30.408999424,418.95575,0.0
2022-07-23,20.88765,105.27621,2022-07-23 08:40:30.571018240,419.06686,0.0
2022-07-23,20.887718,105.25553,2022-07-23 08:40:30.598014720,418.46808,0.0
2022-07-23,20.893747,105.40999,2022-07-23 08:40:30.742008832,416.84848,0.0
2022-07-23,20.894228,105.38967,2022-07-23 08:40:30.769005312,417.7148,0.0
2022-07-23,20.903921,105.269714,2022-07-23 08:40:30.931024384,417.946,0.0
2022-07-23,20.909021,105.42379,2022-07-23 08:40:31.076024576,417.47534,0.0
2022-07-23,20.979776,105.40037,2022-07-23 08:40:32.517014528,417.73865,0.0
2022-07-23,20.9977,105.373856,2022-07-23 08:40:32.904016896,420.52716,0.0
2022-07-23,21.02695,105.44233,2022-07-23 08:40:33.517008896,417.93884,0.0
2022-07-23,21.071955,105.524765,2022-07-23 08:40:34.463010816,415.50995,0.0
2022-07-23,21.284716,105.64829,2022-07-23 08:40:38.876987904,417.30673,0.0
2022-07-23,21.293255,105.7629,2022-07-23 08:40:39.076021248,417.61407,0.0
2022-07-23,21.300737,105.662506,2022-07-23 08:40:39.211003648,417.73795,0.0
2022-07-23,21.316689,105.67667,2022-07-23 08:40:39.544013056,417.82504,0.0
2022-07-23,21.317995,105.65644,2022-07-23 08:40:39.571009536,418.12393,0.0
2022-07-23,21.325813,105.79151,2022-07-23 08:40:39.742000384,418.0693,0.0
2022-07-23,21.334038,105.67061,2022-07-23 08:40:39.904019456,418.69974,0.0
2022-07-23,21.335226,105.6503,2022-07-23 08:40:39.931015680,418.6405,0.0
2022-07-23,21.34876,105.705055,2022-07-23 08:40:40.210998016,418.56003,0.0
2022-07-23,21.351381,105.66454,2022-07-23 08:40:40.264990720,418.07724,0.0
2022-07-23,21.36123,105.77992,2022-07-23 08:40:40.463018496,417.15482,0.0
2022-07-23,21.362314,105.75967,2022-07-23 08:40:40.490014720,418.76813,0.0
2022-07-23,21.401573,105.70785,2022-07-23 08:40:41.265025536,417.5201,0.0
2022-07-23,21.413134,105.76175,2022-07-23 08:40:41.544002304,417.16714,0.0
2022-07-23,21.422924,105.85633,2022-07-23 08:40:41.769026304,417.0432,0.0
2022-07-23,21.426046,105.8162,2022-07-23 08:40:41.823019008,418.19968,0.0
2022-07-23,21.42746,105.79604,2022-07-23 08:40:41.850015744,418.00128,0.0
2022-07-23,21.444931,105.790146,2022-07-23 08:40:42.210987008,417.7062,0.0
2022-07-23,21.446323,105.76993,2022-07-23 08:40:42.238023680,417.2815,0.0
2022-07-23,21.462332,105.784134,2022-07-23 08:40:42.570993408,418.3296,0.0
2022-07-23,21.469334,105.91909,2022-07-23 08:40:42.742024448,416.58716,0.0
2022-07-23,21.491693,105.85308,2022-07-23 08:40:43.183985152,417.84622,0.0
2022-07-23,21.495802,105.79236,2022-07-23 08:40:43.265014784,417.75018,0.0
2022-07-23,21.501362,105.94753,2022-07-23 08:40:43.409009152,416.2445,0.0
2022-07-25,11.067181,108.37081,2022-07-25 07:01:18.183026432,417.44244,0.0
2022-07-25,11.060984,108.40355,2022-07-25 07:01:18.463008768,417.6348,0.0
2022-07-25,11.157217,108.400505,2022-07-25 07:01:19.570989312,416.58533,0.0
2022-07-25,11.190838,108.42553,2022-07-25 07:01:20.237008640,417.48462,0.0
2022-07-25,11.184776,108.45829,2022-07-25 07:01:20.516991232,416.43988,0.0
2022-07-25,11.2298565,108.47319,2022-07-25 07:01:21.210006784,417.636,0.0
2022-07-25,11.241287,108.46301,2022-07-25 07:01:21.237003264,417.63696,0.0
2022-07-25,11.274272,108.54341,2022-07-25 07:01:22.490024192,418.94086,0.0
2022-07-27,20.318249,105.45931,2022-07-27 07:01:31.581988352,415.5686,0.0
2022-07-27,20.327906,105.38415,2022-07-27 07:01:53.474003968,416.37048,0.0
2022-07-27,20.485203,105.36774,2022-07-27 07:02:16.473999872,417.0942,0.0
2022-07-27,20.556911,105.32833,2022-07-27 07:02:16.609022464,417.23404,0.0
2022-07-27,20.57117,105.32039,2022-07-27 07:02:16.636018688,417.08878,0.0
2022-07-27,20.53004,105.36592,2022-07-27 07:02:16.862008320,417.6962,0.0
2022-07-27,20.544363,105.358025,2022-07-27 07:02:16.889004800,416.93896,0.0
2022-07-27,20.55866,105.350105,2022-07-27 07:02:16.916001024,416.46014,0.0
2022-07-27,20.572899,105.34204,2022-07-27 07:02:16.942997504,417.4661,0.0
2022-07-27,20.587076,105.33383,2022-07-27 07:02:16.969993984,415.897,0.0
2022-07-27,20.546167,105.37942,2022-07-27 07:02:17.195017728,417.29034,0.0
2022-07-27,20.934267,105.715515,2022-07-27 07:02:25.195014656,416.27036,0.0
2022-07-27,20.180603,104.871216,2022-07-27 07:02:38.222021120,418.9758,0.0
2022-07-27,20.204977,104.829346,2022-07-27 07:02:38.303010560,419.10486,0.0
2022-07-27,20.189198,104.899506,2022-07-27 07:02:38.527994112,419.1644,0.0
2022-07-27,20.197906,104.92769,2022-07-27 07:02:38.835013120,418.9539,0.0
2022-07-27,20.205835,104.955475,2022-07-27 07:02:39.140986112,418.213,0.0
2022-07-27,20.213354,104.941315,2022-07-27 07:02:39.168022784,419.30008,0.0
2022-07-27,20.221855,104.92744,2022-07-27 07:02:39.195019264,419.78256,0.0
2022-07-27,20.237354,104.89919,2022-07-27 07:02:39.249012224,419.20755,0.0
2022-07-27,20.253881,104.871315,2022-07-27 07:02:39.303004928,419.37933,0.0
2022-07-27,20.245266,104.92705,2022-07-27 07:02:39.555025408,417.33035,0.0
2022-07-27,20.253485,104.913086,2022-07-27 07:02:39.582021632,419.22836,0.0
2022-07-27,20.261631,104.89909,2022-07-27 07:02:39.609018368,419.31915,0.0
2022-07-27,20.269587,104.88504,2022-07-27 07:02:39.636014592,419.2377,0.0
2022-07-27,20.261679,104.94092,2022-07-27 07:02:39.889000704,418.90137,0.0
2022-07-27,20.27087,104.927284,2022-07-27 07:02:39.915996928,419.669,0.0
2022-07-27,20.278915,104.91328,2022-07-27 07:02:39.942993664,418.79175,0.0
2022-07-27,20.277884,104.95479,2022-07-27 07:02:40.222010368,419.3699,0.0
2022-07-27,20.286121,104.94083,2022-07-27 07:02:40.249006848,419.2128,0.0
2022-07-27,20.262522,105.02491,2022-07-27 07:02:40.446994176,417.86035,0.0
2022-07-27,20.26999,105.010735,2022-07-27 07:02:40.473990400,418.94965,0.0
2022-07-27,20.27873,104.99692,2022-07-27 07:02:40.500986880,419.34128,0.0
2022-07-27,20.294727,104.96885,2022-07-27 07:02:40.555019776,419.0946,0.0
2022-07-27,20.277954,105.03858,2022-07-27 07:02:40.781009408,418.87393,0.0
2022-07-27,20.286263,105.024635,2022-07-27 07:02:40.808005888,419.12366,0.0
2022-07-27,20.293795,105.010475,2022-07-27 07:02:40.835002368,417.17883,0.0
2022-07-27,20.334635,104.9825,2022-07-27 07:02:41.249001216,418.488,0.0
2022-07-27,20.342943,104.96856,2022-07-27 07:02:41.275997696,418.5844,0.0
2022-07-27,20.366972,105.01022,2022-07-27 07:02:41.916026624,418.89902,0.0
2022-07-27,20.38272,104.982056,2022-07-27 07:02:41.970019328,417.4546,0.0
2022-07-27,20.374767,105.0379,2022-07-27 07:02:42.221999360,417.87173,0.0
2022-07-27,20.391394,105.05195,2022-07-27 07:02:42.555009024,418.17062,0.0
2022-07-27,20.4077,105.065956,2022-07-27 07:02:42.889024768,418.5476,0.0
2022-07-27,20.415512,105.051834,2022-07-27 07:02:42.916020992,418.69324,0.0
2022-07-27,20.424025,105.03796,2022-07-27 07:02:42.943017472,418.35873,0.0
2022-07-27,20.431423,105.023674,2022-07-27 07:02:42.970013952,419.18906,0.0
2022-07-27,20.431583,105.0656,2022-07-27 07:02:43.248990464,419.98053,0.0
2022-07-27,20.439737,105.05159,2022-07-27 07:02:43.276027136,418.22855,0.0
2022-07-27,20.44772,105.03752,2022-07-27 07:02:43.303023616,417.9268,0.0
2022-07-27,20.463964,105.05139,2022-07-27 07:02:43.635993088,418.45456,0.0
2022-07-27,20.664629,105.07175,2022-07-27 07:03:08.969993472,416.84442,0.0
2022-07-29,11.45847,108.900955,2022-07-29 05:24:09.619026432,417.46448,0.0
2022-07-29,11.677342,109.06326,2022-07-29 05:24:13.952014336,416.8096,0.0
2022-08-12,9.922141,106.34406,2022-08-12 23:41:42.283000832,417.04382,0.0
2022-08-12,9.950429,106.34623,2022-08-12 23:41:42.643006976,414.79395,0.0
2022-08-14,21.250994,103.98978,2022-08-14 23:43:17.879987968,415.55743,0.0
2022-08-14,21.274897,103.9694,2022-08-14 23:43:17.934021120,416.79797,0.0
2022-08-14,21.286814,103.95916,2022-08-14 23:43:17.961017600,416.27924,0.0
2022-08-16,21.199825,104.71863,2022-08-16 08:44:58.790001920,418.61545,0.0
2022-08-16,21.183666,104.73262,2022-08-16 08:44:59.123011584,420.31372,0.0
2022-08-16,21.199615,104.75972,2022-08-16 08:44:59.177004288,418.39865,0.0
2022-08-16,21.207628,104.77324,2022-08-16 08:44:59.204001024,418.1158,0.0
2022-08-16,21.223783,104.80029,2022-08-16 08:44:59.257993728,417.2373,0.0
2022-08-16,21.191326,104.82815,2022-08-16 08:44:59.925018880,418.10324,0.0
2022-08-16,20.201609,105.592926,2022-08-16 08:45:19.483995392,416.84497,0.0
2022-08-16,20.177416,105.59318,2022-08-16 08:45:19.790008576,417.49228,0.0
2022-08-16,20.209211,105.64722,2022-08-16 08:45:19.897994496,417.90576,0.0
2022-08-16,20.217218,105.660675,2022-08-16 08:45:19.924990976,416.85684,0.0
2022-08-16,20.071825,105.66224,2022-08-16 08:45:21.763001344,417.64005,0.0
2022-08-16,19.884851,105.79984,2022-08-16 08:45:25.403013632,416.04282,0.0
2022-08-16,19.892124,105.854225,2022-08-16 08:45:25.817012736,416.5407,0.0
2022-08-16,19.90762,105.9219,2022-08-16 08:45:26.258008320,416.85272,0.0
2022-08-16,19.835928,105.841034,2022-08-16 08:45:26.403008512,416.01263,0.0
2022-08-16,19.85165,105.86817,2022-08-16 08:45:26.457001216,415.5675,0.0
2022-08-16,19.819588,105.8547,2022-08-16 08:45:26.736018176,415.28766,0.0
2022-08-16,19.851116,105.9089,2022-08-16 08:45:26.844003584,416.54822,0.0
2022-08-16,19.859062,105.92239,2022-08-16 08:45:26.871000320,416.59415,0.0
2022-08-16,19.834843,105.92262,2022-08-16 08:45:27.177013504,416.25516,0.0
2022-08-20,22.412617,104.79884,2022-08-20 07:07:41.338019328,418.41397,0.0
2022-08-20,22.44327,104.85752,2022-08-20 07:07:42.112989952,420.80933,0.0
2022-08-24,21.569271,105.094505,2022-08-24 05:28:31.130020096,415.7358,0.0
2022-08-24,22.176674,105.2478,2022-08-24 05:30:04.517000960,416.36746,0.0
2022-08-24,22.127127,105.25006,2022-08-24 05:30:04.796017664,415.8312,0.0
2022-08-24,22.128107,105.270096,2022-08-24 05:30:05.156989440,415.6896,0.0
2022-09-04,18.56067,105.2757,2022-09-04 01:28:16.619993344,417.41882,0.0
2022-09-04,18.558529,105.35745,2022-09-04 01:28:17.395004160,417.33618,0.0
2022-09-04,18.519144,105.32983,2022-09-04 01:28:17.647024640,418.09058,0.0
2022-09-04,18.526789,105.34354,2022-09-04 01:28:17.674021120,417.03467,0.0
2022-09-04,18.48756,105.31581,2022-09-04 01:28:17.927007232,417.64923,0.0
2022-09-04,18.495129,105.329544,2022-09-04 01:28:17.954003456,417.03595,0.0
2022-09-04,18.502724,105.343254,2022-09-04 01:28:17.980999936,417.60062,0.0
2022-09-04,18.510344,105.35695,2022-09-04 01:28:18.007996416,417.038,0.0
2022-09-04,18.463566,105.3154,2022-09-04 01:28:18.233020416,417.4565,0.0
2022-09-04,18.471136,105.32918,2022-09-04 01:28:18.260016640,418.45786,0.0
2022-09-04,18.50928,105.39769,2022-09-04 01:28:18.394999040,416.88562,0.0
2022-09-04,18.470003,105.37029,2022-09-04 01:28:18.647019264,417.14053,0.0
2022-09-04,18.468954,105.41118,2022-09-04 01:28:19.034987520,417.7672,0.0
2022-09-04,18.476662,105.42488,2022-09-04 01:28:19.062024192,417.17914,0.0
2022-09-04,18.437191,105.39711,2022-09-04 01:28:19.314004224,416.9832,0.0
2022-09-04,18.460207,105.43824,2022-09-04 01:28:19.394993664,417.07315,0.0
2022-09-04,18.413162,105.39684,2022-09-04 01:28:19.620017408,418.0451,0.0
2022-09-04,18.420755,105.41056,2022-09-04 01:28:19.647013888,417.34958,0.0
2022-09-04,18.428383,105.42426,2022-09-04 01:28:19.674010368,418.64966,0.0
2022-09-04,18.436052,105.437965,2022-09-04 01:28:19.701006592,416.26566,0.0
2022-09-04,18.44375,105.451645,2022-09-04 01:28:19.728003072,418.11597,0.0
2022-09-04,18.45147,105.46531,2022-09-04 01:28:19.754999552,418.0543,0.0
2022-09-04,18.39678,105.410286,2022-09-04 01:28:19.953992704,416.73965,0.0
2022-09-04,18.404371,105.423996,2022-09-04 01:28:19.980988928,417.74802,0.0
2022-09-04,18.435041,105.47869,2022-09-04 01:28:20.089015040,416.71567,0.0
2022-09-04,18.365295,105.39628,2022-09-04 01:28:20.233009408,417.487,0.0
2022-09-04,18.372864,105.410065,2022-09-04 01:28:20.260005888,416.86435,0.0
2022-09-04,18.410948,105.478485,2022-09-04 01:28:20.394988032,417.59418,0.0
2022-09-04,18.332445,105.423164,2022-09-04 01:28:20.899994368,419.36533,0.0
2022-09-04,18.339996,105.43692,2022-09-04 01:28:20.926990848,417.66504,0.0
2022-09-04,18.347576,105.45067,2022-09-04 01:28:20.954027520,417.92493,0.0
2022-09-04,18.355183,105.46439,2022-09-04 01:28:20.981023744,418.5572,0.0
2022-09-04,18.37816,105.505455,2022-09-04 01:28:21.062013184,417.16122,0.0
2022-09-04,18.316038,105.43654,2022-09-04 01:28:21.233004032,417.9917,0.0
2022-09-04,18.331156,105.46404,2022-09-04 01:28:21.286996736,418.3128,0.0
2022-09-04,18.346373,105.49147,2022-09-04 01:28:21.340989952,418.85806,0.0
2022-09-04,18.354021,105.50516,2022-09-04 01:28:21.368026368,418.01898,0.0
2022-09-04,18.361685,105.51881,2022-09-04 01:28:21.395022848,417.3136,0.0
2022-09-04,18.3694,105.532486,2022-09-04 01:28:21.422019328,417.3221,0.0
2022-09-04,18.322298,105.49121,2022-09-04 01:28:21.647002880,418.4968,0.0
2022-09-04,18.329926,105.50492,2022-09-04 01:28:21.673999360,416.94437,0.0
2022-09-04,18.345278,105.532295,2022-09-04 01:28:21.727992320,417.9358,0.0
2022-09-04,18.352995,105.54596,2022-09-04 01:28:21.754988544,416.05472,0.0
2022-09-04,18.305939,105.50469,2022-09-04 01:28:21.981018624,418.04462,0.0
2022-09-04,18.313555,105.51838,2022-09-04 01:28:22.008014848,416.6932,0.0
2022-09-04,18.32121,105.53207,2022-09-04 01:28:22.035011328,417.45554,0.0
2022-09-04,18.328886,105.54573,2022-09-04 01:28:22.062007808,417.189,0.0
2022-09-04,18.336588,105.55937,2022-09-04 01:28:22.089004288,416.1137,0.0
2022-09-04,18.2895,105.51803,2022-09-04 01:28:22.313988096,416.42908,0.0
2022-09-04,18.297117,105.53172,2022-09-04 01:28:22.341024512,417.0952,0.0
2022-09-04,18.304762,105.5454,2022-09-04 01:28:22.368020992,417.49963,0.0
2022-09-04,18.265478,105.51774,2022-09-04 01:28:22.620001024,417.71973,0.0
2022-09-04,18.273075,105.53146,2022-09-04 01:28:22.646997504,416.40097,0.0
2022-09-04,18.296041,105.57254,2022-09-04 01:28:22.728027136,418.30066,0.0
2022-09-04,18.249107,105.531204,2022-09-04 01:28:22.954016768,417.83093,0.0
2022-09-04,18.256691,105.54491,2022-09-04 01:28:22.981012992,416.55096,0.0
2022-09-04,18.271935,105.57225,2022-09-04 01:28:23.035005952,416.43002,0.0
2022-09-04,18.279606,105.585915,2022-09-04 01:28:23.062002432,417.5353,0.0
2022-09-04,18.287312,105.59957,2022-09-04 01:28:23.088998912,417.30984,0.0
2022-09-04,18.240253,105.55831,2022-09-04 01:28:23.314022656,416.41174,0.0
2022-09-04,18.24787,105.57201,2022-09-04 01:28:23.341019136,417.96997,0.0
2022-09-04,18.255516,105.58569,2022-09-04 01:28:23.368015616,417.47778,0.0
2022-09-04,18.263187,105.59935,2022-09-04 01:28:23.395011840,417.44662,0.0
2022-09-04,18.270887,105.61301,2022-09-04 01:28:23.422008576,417.8307,0.0
2022-09-04,18.208698,105.54427,2022-09-04 01:28:23.592999168,417.48407,0.0
2022-09-04,18.21626,105.55801,2022-09-04 01:28:23.619995648,418.11707,0.0
2022-09-04,18.223854,105.571724,2022-09-04 01:28:23.646992128,417.428,0.0
2022-09-04,18.231472,105.58542,2022-09-04 01:28:23.673988608,417.87247,0.0
2022-09-04,18.239122,105.59912,2022-09-04 01:28:23.701025280,417.67615,0.0
2022-09-04,18.246796,105.6128,2022-09-04 01:28:23.728021504,417.6934,0.0
2022-09-04,18.254498,105.62646,2022-09-04 01:28:23.755018240,417.16495,0.0
2022-09-04,18.192263,105.557724,2022-09-04 01:28:23.927014912,417.51956,0.0
2022-09-04,18.19981,105.57144,2022-09-04 01:28:23.954011136,417.30957,0.0
2022-09-04,18.214996,105.59882,2022-09-04 01:28:24.008004096,416.57642,0.0
2022-09-04,18.222631,105.61249,2022-09-04 01:28:24.035000576,417.74197,0.0
2022-09-04,18.230293,105.626144,2022-09-04 01:28:24.061997056,416.60342,0.0
2022-09-04,18.237999,105.63979,2022-09-04 01:28:24.088993280,416.11502,0.0
2022-09-04,18.175838,105.5711,2022-09-04 01:28:24.260024576,416.62735,0.0
2022-09-04,18.183405,105.58484,2022-09-04 01:28:24.287020800,417.42862,0.0
2022-09-04,18.190998,105.59856,2022-09-04 01:28:24.314017280,416.05566,0.0
2022-09-04,18.221636,105.653275,2022-09-04 01:28:24.422002944,416.99686,0.0
2022-09-04,18.197586,105.65314,2022-09-04 01:28:24.728016384,417.30057,0.0
2022-09-04,18.20528,105.66677,2022-09-04 01:28:24.755012864,417.57925,0.0
2022-09-04,18.143074,105.59799,2022-09-04 01:28:24.927009280,417.48947,0.0
2022-09-04,18.15822,105.62543,2022-09-04 01:28:24.981002240,417.66104,0.0
2022-09-04,18.165836,105.63912,2022-09-04 01:28:25.007998720,417.99896,0.0
2022-09-04,18.173477,105.6528,2022-09-04 01:28:25.034995200,416.87524,0.0
2022-09-04,18.181147,105.66646,2022-09-04 01:28:25.061991424,417.20267,0.0
2022-09-04,18.188845,105.68011,2022-09-04 01:28:25.088987904,417.45526,0.0
2022-09-04,18.141792,105.638855,2022-09-04 01:28:25.314011904,417.59503,0.0
2022-09-04,18.15702,105.66619,2022-09-04 01:28:25.368004864,417.401,0.0
2022-09-04,18.164677,105.67983,2022-09-04 01:28:25.395001088,417.06216,0.0
2022-09-04,18.172356,105.69345,2022-09-04 01:28:25.421997568,417.5346,0.0
2022-09-04,18.110167,105.62471,2022-09-04 01:28:25.592988416,417.08685,0.0
2022-09-04,18.117723,105.63844,2022-09-04 01:28:25.620025088,417.82712,0.0
2022-09-04,18.14057,105.67955,2022-09-04 01:28:25.701014528,416.35474,0.0
2022-09-04,18.14824,105.693214,2022-09-04 01:28:25.728011008,416.66397,0.0
2022-09-04,18.155935,105.706856,2022-09-04 01:28:25.755007232,417.18414,0.0
2022-09-04,18.101332,105.65188,2022-09-04 01:28:25.954000384,416.8452,0.0
2022-09-04,18.131847,105.70665,2022-09-04 01:28:26.062026240,417.22086,0.0
2022-09-04,18.139545,105.72029,2022-09-04 01:28:26.089022720,417.51666,0.0
2022-09-04,18.092546,105.67901,2022-09-04 01:28:26.314006272,417.28217,0.0
2022-09-04,18.100159,105.6927,2022-09-04 01:28:26.341003008,417.77,0.0
2022-09-04,18.115465,105.72004,2022-09-04 01:28:26.394995712,417.15112,0.0
2022-09-04,18.12316,105.73369,2022-09-04 01:28:26.421992192,417.30942,0.0
2022-09-04,18.083614,105.70595,2022-09-04 01:28:26.674012672,417.4406,0.0
2022-09-04,18.091263,105.71964,2022-09-04 01:28:26.701009152,417.54102,0.0
2022-09-04,18.0521,105.692024,2022-09-04 01:28:26.953995008,417.8199,0.0
2022-09-04,18.067278,105.7194,2022-09-04 01:28:27.007987712,417.4824,0.0
2022-09-04,18.08255,105.74668,2022-09-04 01:28:27.062020864,417.78525,0.0
2022-09-04,18.051016,105.732956,2022-09-04 01:28:27.340997376,417.92017,0.0
2022-09-04,18.058641,105.746635,2022-09-04 01:28:27.367993856,417.80475,0.0
2022-09-04,18.066288,105.76028,2022-09-04 01:28:27.394990336,416.90112,0.0
2022-09-04,18.042215,105.76002,2022-09-04 01:28:27.701003520,416.22266,0.0
2022-09-04,18.049854,105.77365,2022-09-04 01:28:27.728000000,417.35617,0.0
2022-09-04,18.033394,105.78698,2022-09-04 01:28:28.062015488,417.6809,0.0
2022-09-04,17.994032,105.7593,2022-09-04 01:28:28.313995520,416.94208,0.0
2022-09-04,18.009285,105.78668,2022-09-04 01:28:28.367988480,416.93774,0.0
2022-09-04,18.016962,105.80037,2022-09-04 01:28:28.395025152,417.53564,0.0
2022-09-04,18.024656,105.81402,2022-09-04 01:28:28.422021632,418.0487,0.0
2022-09-04,18.008165,105.82733,2022-09-04 01:28:28.754991104,417.4476,0.0
2022-09-04,17.96116,105.7861,2022-09-04 01:28:28.981020672,417.1446,0.0
2022-09-04,17.968761,105.79978,2022-09-04 01:28:29.008017152,417.16876,0.0
2022-09-04,17.98404,105.827095,2022-09-04 01:28:29.062010112,417.64517,0.0
2022-09-04,17.99173,105.84074,2022-09-04 01:28:29.089006336,418.92737,0.0
2022-09-04,17.937172,105.78577,2022-09-04 01:28:29.286993664,417.69812,0.0
2022-09-04,17.944752,105.799484,2022-09-04 01:28:29.313990144,416.1226,0.0
2022-09-04,17.95999,105.82685,2022-09-04 01:28:29.368023296,417.49088,0.0
2022-09-04,17.967648,105.84051,2022-09-04 01:28:29.395019776,415.72638,0.0
2022-09-04,17.905678,105.77168,2022-09-04 01:28:29.566010368,416.75995,0.0
2022-09-04,17.92073,105.79913,2022-09-04 01:28:29.620003584,417.79868,0.0
2022-09-04,17.928293,105.81283,2022-09-04 01:28:29.646999808,415.68994,0.0
2022-09-04,17.943521,105.84018,2022-09-04 01:28:29.700992512,418.0419,0.0
2022-09-04,17.951166,105.853806,2022-09-04 01:28:29.727989248,417.08414,0.0
2022-09-04,17.889257,105.78504,2022-09-04 01:28:29.900026112,417.52795,0.0
2022-09-04,17.89678,105.79879,2022-09-04 01:28:29.927022336,416.84964,0.0
2022-09-04,17.90432,105.81251,2022-09-04 01:28:29.954018816,415.07828,0.0
2022-09-04,17.91189,105.82621,2022-09-04 01:28:29.981015296,416.61847,0.0
2022-09-04,17.92711,105.85356,2022-09-04 01:28:30.035008256,417.09027,0.0
2022-09-04,17.934757,105.8672,2022-09-04 01:28:30.062004480,417.32773,0.0
2022-09-04,17.87286,105.79845,2022-09-04 01:28:30.232995584,415.96054,0.0
2022-09-04,17.887924,105.82592,2022-09-04 01:28:30.286988288,417.57062,0.0
2022-09-04,17.910686,105.86695,2022-09-04 01:28:30.368017920,416.25122,0.0
2022-09-04,17.918318,105.88058,2022-09-04 01:28:30.395014400,416.86932,0.0
2022-09-04,17.92599,105.89421,2022-09-04 01:28:30.422010624,417.63657,0.0
2022-09-04,17.871443,105.839264,2022-09-04 01:28:30.619997952,417.2204,0.0
2022-09-04,17.879017,105.852974,2022-09-04 01:28:30.646994432,418.59818,0.0
2022-09-04,17.886612,105.86665,2022-09-04 01:28:30.673990656,417.52252,0.0
2022-09-04,17.901861,105.893936,2022-09-04 01:28:30.728024064,417.40405,0.0
2022-09-04,17.909521,105.90755,2022-09-04 01:28:30.755020288,417.28766,0.0
2022-09-04,17.847427,105.83883,2022-09-04 01:28:30.927016960,416.97336,0.0
2022-09-04,17.885418,105.90725,2022-09-04 01:28:31.061999360,418.22122,0.0
2022-09-04,17.893099,105.92088,2022-09-04 01:28:31.088995584,417.6282,0.0
2022-09-04,17.8461,105.87959,2022-09-04 01:28:31.314019584,418.1091,0.0
2022-09-04,17.868969,105.92057,2022-09-04 01:28:31.395008768,417.34,0.0
2022-09-04,17.876648,105.934204,2022-09-04 01:28:31.422005248,416.907,0.0
2022-09-04,17.790613,105.86514,2022-09-04 01:28:31.900015104,417.0236,0.0
2022-09-04,17.811972,105.946915,2022-09-04 01:28:32.368006912,416.71664,0.0
2022-09-04,17.819614,105.96056,2022-09-04 01:28:32.395003392,416.77356,0.0
2022-09-04,17.827282,105.97418,2022-09-04 01:28:32.421999872,416.73694,0.0
2022-09-04,17.803196,105.97392,2022-09-04 01:28:32.728013056,417.3991,0.0
2022-09-04,17.778006,106.014275,2022-09-04 01:28:33.421994496,416.24405,0.0
2022-09-04,16.213245,107.18883,2022-09-04 01:29:04.314001664,417.38516,0.0
2022-09-04,16.243355,107.243126,2022-09-04 01:29:04.421987328,416.45242,0.0
2022-09-04,16.219234,107.242645,2022-09-04 01:29:04.728000512,417.01974,0.0
2022-09-04,15.961821,107.46531,2022-09-04 01:29:10.089025536,417.4762,0.0
2022-09-04,15.937724,107.46483,2022-09-04 01:29:10.394998528,415.72665,0.0
2022-09-04,15.945279,107.47838,2022-09-04 01:29:10.421995008,417.7579,0.0
2022-09-04,15.90624,107.450874,2022-09-04 01:29:10.674015232,420.24582,0.0
2022-09-04,15.9212265,107.47797,2022-09-04 01:29:10.728008192,417.54834,0.0
2022-09-04,15.92876,107.49148,2022-09-04 01:29:10.755004672,417.67636,0.0
2022-09-04,15.889582,107.46383,2022-09-04 01:29:11.007990528,419.18048,0.0
2022-09-04,15.904592,107.490974,2022-09-04 01:29:11.062023680,417.86203,0.0
2022-09-04,15.912146,107.50452,2022-09-04 01:29:11.089019904,417.09448,0.0
2022-09-04,15.85817,107.44976,2022-09-04 01:29:11.287007232,418.6777,0.0
2022-09-04,15.865602,107.46338,2022-09-04 01:29:11.314003712,418.71982,0.0
2022-09-04,15.873059,107.476944,2022-09-04 01:29:11.341000192,417.94818,0.0
2022-09-04,15.880546,107.49051,2022-09-04 01:29:11.367996672,417.68704,0.0
2022-09-04,15.888052,107.50405,2022-09-04 01:29:11.394993152,416.63794,0.0
2022-09-04,15.895596,107.517586,2022-09-04 01:29:11.421989376,417.48563,0.0
2022-09-04,15.841583,107.4628,2022-09-04 01:29:11.620017152,417.4788,0.0
2022-09-04,15.849024,107.476425,2022-09-04 01:29:11.647013376,417.81863,0.0
2022-09-04,15.856486,107.48999,2022-09-04 01:29:11.674009856,418.41495,0.0
2022-09-04,15.863969,107.50355,2022-09-04 01:29:11.701006336,418.34354,0.0
2022-09-04,15.832446,107.48944,2022-09-04 01:29:11.980988672,418.67096,0.0
2022-09-04,15.839908,107.50301,2022-09-04 01:29:12.008025344,419.69916,0.0
2022-09-04,15.854902,107.53013,2022-09-04 01:29:12.062018048,417.99408,0.0
2022-09-04,15.862434,107.54364,2022-09-04 01:29:12.089014528,419.6997,0.0
2022-09-04,15.808397,107.48881,2022-09-04 01:29:12.287001856,418.2459,0.0
2022-09-04,15.815837,107.50243,2022-09-04 01:29:12.313998336,419.48248,0.0
2022-09-04,15.830775,107.52957,2022-09-04 01:29:12.367991296,417.1594,0.0
2022-09-04,15.83829,107.54313,2022-09-04 01:29:12.394987520,418.2276,0.0
2022-09-04,15.845852,107.5567,2022-09-04 01:29:12.422024192,419.421,0.0
2022-09-04,15.791808,107.50183,2022-09-04 01:29:12.620011520,418.627,0.0
2022-09-04,15.799241,107.51544,2022-09-04 01:29:12.647008000,418.35727,0.0
2022-09-04,15.806692,107.52899,2022-09-04 01:29:12.674004480,418.56323,0.0
2022-09-04,15.821674,107.5561,2022-09-04 01:29:12.727997184,417.36487,0.0
2022-09-04,15.829223,107.56966,2022-09-04 01:29:12.754993664,417.24554,0.0
2022-09-04,15.782674,107.52854,2022-09-04 01:29:12.981023488,418.1746,0.0
2022-09-04,15.790141,107.54213,2022-09-04 01:29:13.008019968,417.50592,0.0
2022-09-04,15.797641,107.55572,2022-09-04 01:29:13.035016192,417.02972,0.0
2022-09-04,15.80516,107.56928,2022-09-04 01:29:13.062012672,418.25107,0.0
2022-09-04,15.812681,107.58279,2022-09-04 01:29:13.089009408,418.36993,0.0
2022-09-04,15.75126,107.51437,2022-09-04 01:29:13.260000000,417.86893,0.0
2022-09-04,15.75867,107.528,2022-09-04 01:29:13.286996480,418.0701,0.0
2022-09-04,15.766111,107.541626,2022-09-04 01:29:13.313992960,418.25067,0.0
2022-09-04,15.773569,107.55519,2022-09-04 01:29:13.340989440,417.71313,0.0
2022-09-04,15.749596,107.5547,2022-09-04 01:29:13.647002624,418.3603,0.0
2022-09-04,15.757056,107.568275,2022-09-04 01:29:13.673999104,417.422,0.0
2022-09-04,15.7796,107.60894,2022-09-04 01:29:13.754988288,419.34076,0.0
2022-09-04,15.733026,107.56773,2022-09-04 01:29:13.981018112,417.96466,0.0
2022-09-04,15.74049,107.58132,2022-09-04 01:29:14.008014336,418.1595,0.0
2022-09-04,15.747986,107.5949,2022-09-04 01:29:14.035010816,418.7545,0.0
2022-09-04,15.755514,107.608475,2022-09-04 01:29:14.062007552,416.50946,0.0
2022-09-04,15.763033,107.62197,2022-09-04 01:29:14.089003776,418.22708,0.0
2022-09-04,15.716382,107.580635,2022-09-04 01:29:14.313987584,417.65485,0.0
2022-09-04,15.723848,107.59422,2022-09-04 01:29:14.341024256,417.01202,0.0
2022-09-04,15.731349,107.60782,2022-09-04 01:29:14.368020480,418.49515,0.0
2022-09-04,15.677636,107.55284,2022-09-04 01:29:14.566007808,418.14392,0.0
2022-09-04,15.69986,107.59371,2022-09-04 01:29:14.646997248,418.84787,0.0
2022-09-04,15.714809,107.62086,2022-09-04 01:29:14.700989952,418.70892,0.0
2022-09-04,15.661095,107.56588,2022-09-04 01:29:14.900023552,417.95212,0.0
2022-09-04,15.668457,107.5795,2022-09-04 01:29:14.927019776,418.6184,0.0
2022-09-04,15.67585,107.59311,2022-09-04 01:29:14.954016256,417.10428,0.0
2022-09-04,15.683272,107.606705,2022-09-04 01:29:14.981012480,417.78415,0.0
2022-09-04,15.69071,107.62025,2022-09-04 01:29:15.008008960,417.72632,0.0
2022-09-04,15.644535,107.57891,2022-09-04 01:29:15.232992768,416.36877,0.0
2022-09-04,15.651907,107.59255,2022-09-04 01:29:15.259989248,417.90848,0.0
2022-09-04,15.666733,107.61978,2022-09-04 01:29:15.314022400,417.12762,0.0
2022-09-04,15.681658,107.64692,2022-09-04 01:29:15.368015360,416.7349,0.0
2022-09-04,15.689144,107.66044,2022-09-04 01:29:15.395011584,419.111,0.0
2022-09-04,15.627922,107.59194,2022-09-04 01:29:15.566002432,417.41037,0.0
2022-09-04,15.635315,107.605606,2022-09-04 01:29:15.592998912,417.61975,0.0
2022-09-04,15.64272,107.61923,2022-09-04 01:29:15.619995392,418.56555,0.0
2022-09-04,15.657627,107.646454,2022-09-04 01:29:15.673988096,419.3546,0.0
2022-09-04,15.665107,107.66001,2022-09-04 01:29:15.701024768,419.47034,0.0
2022-09-04,15.633589,107.64587,2022-09-04 01:29:15.981007104,418.94608,0.0
2022-09-04,15.64855,107.67305,2022-09-04 01:29:16.035000064,418.45654,0.0
2022-09-04,15.6560755,107.68663,2022-09-04 01:29:16.061996544,417.6734,0.0
2022-09-04,15.594774,107.61798,2022-09-04 01:29:16.232987392,417.23508,0.0
2022-09-04,15.6021385,107.631615,2022-09-04 01:29:16.260024064,416.20386,0.0
2022-09-04,15.631915,107.68605,2022-09-04 01:29:16.368009728,417.89667,0.0
2022-09-04,15.639436,107.69963,2022-09-04 01:29:16.395006208,417.60434,0.0
2022-09-04,15.646982,107.71319,2022-09-04 01:29:16.422002432,418.4166,0.0
2022-09-04,15.5781355,107.63098,2022-09-04 01:29:16.565997056,416.30734,0.0
2022-09-04,15.59288,107.658195,2022-09-04 01:29:16.619989760,417.66956,0.0
2022-09-04,15.615247,107.69895,2022-09-04 01:29:16.701019392,417.41498,0.0
2022-09-04,15.622768,107.71252,2022-09-04 01:29:16.728015872,418.15045,0.0
2022-09-04,15.561593,107.644005,2022-09-04 01:29:16.900012544,418.2641,0.0
2022-09-04,15.583789,107.68487,2022-09-04 01:29:16.981001728,417.9253,0.0
2022-09-04,15.59125,107.69846,2022-09-04 01:29:17.007998208,418.77145,0.0
2022-09-04,15.60625,107.725586,2022-09-04 01:29:17.061991168,417.11166,0.0
2022-09-04,15.552354,107.67059,2022-09-04 01:29:17.260018688,417.14905,0.0
2022-09-04,15.5597515,107.68421,2022-09-04 01:29:17.287014912,418.2267,0.0
2022-09-04,15.574635,107.71141,2022-09-04 01:29:17.341007872,417.35153,0.0
2022-09-04,15.597137,107.75204,2022-09-04 01:29:17.421997056,417.94513,0.0
2022-09-04,15.528414,107.66999,2022-09-04 01:29:17.565991680,418.33826,0.0
2022-09-04,15.5357685,107.68361,2022-09-04 01:29:17.592987904,417.5006,0.0
2022-09-04,15.543168,107.697235,2022-09-04 01:29:17.620024576,416.91528,0.0
2022-09-04,15.565515,107.73797,2022-09-04 01:29:17.701014016,418.6897,0.0
2022-09-04,15.572996,107.75147,2022-09-04 01:29:17.728010496,418.36536,0.0
2022-09-04,15.511781,107.682915,2022-09-04 01:29:17.900006912,418.5745,0.0
2022-09-04,15.519154,107.696556,2022-09-04 01:29:17.927003392,417.82883,0.0
2022-09-04,15.533993,107.72381,2022-09-04 01:29:17.980996352,418.71707,0.0
2022-09-04,15.556435,107.764496,2022-09-04 01:29:18.062025984,418.00946,0.0
2022-09-04,15.56396,107.778015,2022-09-04 01:29:18.089022464,417.88205,0.0
2022-09-04,15.495165,107.695854,2022-09-04 01:29:18.233016832,417.94086,0.0
2022-09-04,15.5173855,107.73677,2022-09-04 01:29:18.314006016,416.96033,0.0
2022-09-04,15.478684,107.70902,2022-09-04 01:29:18.566026496,416.9294,0.0
2022-09-04,15.500876,107.74988,2022-09-04 01:29:18.647015680,417.8895,0.0
2022-09-04,15.50832,107.763435,2022-09-04 01:29:18.674012160,418.18704,0.0
2022-09-04,15.515808,107.77703,2022-09-04 01:29:18.701008640,417.9924,0.0
2022-09-04,15.523322,107.7906,2022-09-04 01:29:18.728004864,418.4949,0.0
2022-09-04,15.530841,107.80412,2022-09-04 01:29:18.755001600,419.9933,0.0
2022-09-04,15.506782,107.803604,2022-09-04 01:29:19.062020608,417.58548,0.0
2022-09-04,15.514315,107.81714,2022-09-04 01:29:19.089016832,417.78104,0.0
2022-09-04,15.481078,107.84308,2022-09-04 01:29:19.754995968,417.47217,0.0
2022-09-04,15.353353,107.82656,2022-09-04 01:29:21.259996928,418.31836,0.0
2022-09-04,15.329441,107.82601,2022-09-04 01:29:21.566010112,417.32727,0.0
2022-09-04,15.336794,107.83964,2022-09-04 01:29:21.593006592,417.4911,0.0
2022-09-04,15.344186,107.85325,2022-09-04 01:29:21.620003072,420.84167,0.0
2022-09-04,15.279594,107.864876,2022-09-04 01:29:22.566004736,417.1921,0.0
2022-09-04,15.277714,107.90499,2022-09-04 01:29:22.954013184,416.04443,0.0
2022-09-04,15.261181,107.91804,2022-09-04 01:29:23.287022592,417.4401,0.0
2022-09-04,15.244578,107.93101,2022-09-04 01:29:23.619992320,417.63034,0.0
2022-09-04,15.227985,107.94397,2022-09-04 01:29:23.954007552,418.80743,0.0
2022-09-04,15.194769,107.969894,2022-09-04 01:29:24.620027136,416.83905,0.0
2022-09-04,15.202173,107.9835,2022-09-04 01:29:24.647023360,418.0819,0.0
2022-09-04,15.182161,108.076385,2022-09-04 01:29:25.755003648,416.32834,0.0
2022-09-04,15.165564,108.08943,2022-09-04 01:29:26.089019392,417.7631,0.0
2022-09-04,15.148959,108.10236,2022-09-04 01:29:26.421988608,417.4648,0.0
2022-09-04,15.117396,108.08829,2022-09-04 01:29:26.701005568,418.82315,0.0
2022-09-04,15.1248665,108.10181,2022-09-04 01:29:26.728001792,417.2532,0.0
2022-09-04,15.132383,108.11535,2022-09-04 01:29:26.754998272,416.90588,0.0
2022-09-04,15.063789,108.03334,2022-09-04 01:29:26.899998464,417.18558,0.0
2022-09-04,15.071105,108.04692,2022-09-04 01:29:26.926994688,418.15808,0.0
2022-09-04,15.10072,108.101166,2022-09-04 01:29:27.035020800,417.98688,0.0
2022-09-04,15.1157,108.1282,2022-09-04 01:29:27.089013760,416.4053,0.0
2022-09-04,15.091606,108.12767,2022-09-04 01:29:27.395026944,416.62317,0.0
2022-09-04,15.099134,108.14122,2022-09-04 01:29:27.422023424,416.9736,0.0
2022-09-04,15.049227,108.1799,2022-09-04 01:29:28.422018048,416.62637,0.0
2022-09-04,14.995493,108.12533,2022-09-04 01:29:28.620005120,416.43054,0.0
2022-09-04,15.017729,108.16597,2022-09-04 01:29:28.700994560,416.50247,0.0
2022-09-04,15.025192,108.179474,2022-09-04 01:29:28.727991040,416.90158,0.0
2022-09-04,14.971502,108.124626,2022-09-04 01:29:28.927024384,416.96295,0.0
2022-09-04,15.001118,108.17889,2022-09-04 01:29:29.035010048,414.9819,0.0
2022-09-04,15.008597,108.19243,2022-09-04 01:29:29.062006528,415.68906,0.0
2022-09-04,15.0161085,108.205956,2022-09-04 01:29:29.089002752,416.87228,0.0
2022-09-04,14.962241,108.151146,2022-09-04 01:29:29.286990080,418.62173,0.0
2022-09-04,14.930981,108.13691,2022-09-04 01:29:29.566006784,417.3456,0.0
2022-09-04,14.938294,108.15049,2022-09-04 01:29:29.593003264,417.4099,0.0
2022-09-04,14.945642,108.16406,2022-09-04 01:29:29.620000000,417.04465,0.0
2022-09-04,14.960396,108.19112,2022-09-04 01:29:29.673992704,416.54724,0.0
2022-09-04,14.914359,108.149864,2022-09-04 01:29:29.900022528,417.4754,0.0
2022-09-04,14.921667,108.16344,2022-09-04 01:29:29.927019008,416.50272,0.0
2022-09-04,14.958648,108.23106,2022-09-04 01:29:30.062000896,416.8869,0.0
2022-09-04,14.966135,108.244545,2022-09-04 01:29:30.088997376,417.4721,0.0
2022-09-04,14.897739,108.16279,2022-09-04 01:29:30.232992000,416.59055,0.0
2022-09-04,14.934584,108.23051,2022-09-04 01:29:30.368014336,416.25708,0.0
2022-09-04,14.942047,108.244026,2022-09-04 01:29:30.395010816,417.0386,0.0
2022-09-04,14.949496,108.25745,2022-09-04 01:29:30.422007040,416.9669,0.0
2022-09-04,14.881044,108.17557,2022-09-04 01:29:30.566001408,416.9679,0.0
2022-09-04,14.8883705,108.18916,2022-09-04 01:29:30.592998144,416.5027,0.0
2022-09-04,14.895715,108.202736,2022-09-04 01:29:30.619994368,416.4736,0.0
2022-09-04,14.903093,108.216324,2022-09-04 01:29:30.646990848,416.71066,0.0
2022-09-04,14.9105015,108.22986,2022-09-04 01:29:30.673987328,416.60062,0.0
2022-09-04,14.917933,108.24339,2022-09-04 01:29:30.701024000,416.33035,0.0
2022-09-04,14.925402,108.25692,2022-09-04 01:29:30.728020480,415.7196,0.0
2022-09-04,14.932889,108.27042,2022-09-04 01:29:30.755016704,416.57257,0.0
2022-09-04,14.864377,108.18845,2022-09-04 01:29:30.900016896,416.18018,0.0
2022-09-04,14.87169,108.202034,2022-09-04 01:29:30.927013376,415.75848,0.0
2022-09-04,14.893816,108.2427,2022-09-04 01:29:31.008002816,417.31528,0.0
2022-09-04,14.908697,108.269714,2022-09-04 01:29:31.061995520,415.33624,0.0
2022-09-04,14.916201,108.283226,2022-09-04 01:29:31.088992000,416.98996,0.0
2022-09-04,14.847797,108.20136,2022-09-04 01:29:31.233026816,416.76434,0.0
2022-09-04,14.855125,108.21496,2022-09-04 01:29:31.260023040,416.8969,0.0
2022-09-04,14.862468,108.22854,2022-09-04 01:29:31.287019520,417.21313,0.0
2022-09-04,14.869839,108.24213,2022-09-04 01:29:31.314015744,416.0434,0.0
2022-09-04,14.892105,108.28267,2022-09-04 01:29:31.395005184,416.457,0.0
2022-09-04,14.831197,108.21433,2022-09-04 01:29:31.565996288,416.9711,0.0
2022-09-04,14.838525,108.22792,2022-09-04 01:29:31.592992512,416.62396,0.0
2022-09-04,14.87551,108.29556,2022-09-04 01:29:31.728014848,415.76392,0.0
2022-09-04,14.882997,108.30905,2022-09-04 01:29:31.755011328,416.8399,0.0
2022-09-04,14.814548,108.22716,2022-09-04 01:29:31.900011520,416.83078,0.0
2022-09-04,14.843943,108.28139,2022-09-04 01:29:32.007997184,416.64963,0.0
2022-09-04,14.851358,108.2949,2022-09-04 01:29:32.034993664,416.97968,0.0
2022-09-04,14.866327,108.32195,2022-09-04 01:29:32.089026816,416.42355,0.0
2022-09-04,14.797923,108.2401,2022-09-04 01:29:32.233021184,417.17874,0.0
2022-09-04,14.805246,108.25369,2022-09-04 01:29:32.260017664,417.23776,0.0
2022-09-04,14.81259,108.267265,2022-09-04 01:29:32.287013888,417.3746,0.0
2022-09-04,14.819955,108.28085,2022-09-04 01:29:32.314010624,416.92935,0.0
2022-09-04,14.827344,108.29435,2022-09-04 01:29:32.341007104,417.3929,0.0
2022-09-04,14.842238,108.32143,2022-09-04 01:29:32.395000064,416.82117,0.0
2022-09-04,14.849744,108.33496,2022-09-04 01:29:32.421996288,418.39706,0.0
2022-09-04,14.78129,108.25306,2022-09-04 01:29:32.565990656,416.4273,0.0
2022-09-04,14.788606,108.26665,2022-09-04 01:29:32.592987136,418.18707,0.0
2022-09-04,14.7959385,108.28021,2022-09-04 01:29:32.620023808,417.43344,0.0
2022-09-04,14.803296,108.29378,2022-09-04 01:29:32.647020288,417.53534,0.0
2022-09-04,14.818098,108.320755,2022-09-04 01:29:32.701012992,416.4626,0.0
2022-09-04,14.82556,108.33427,2022-09-04 01:29:32.728009472,417.51843,0.0
2022-09-04,14.833037,108.34773,2022-09-04 01:29:32.755005952,414.50827,0.0
2022-09-04,14.764663,108.26589,2022-09-04 01:29:32.900006400,416.62296,0.0
2022-09-04,14.771975,108.279495,2022-09-04 01:29:32.927002624,415.11816,0.0
2022-09-04,14.808954,108.34727,2022-09-04 01:29:33.062024960,416.9898,0.0
2022-09-04,14.816407,108.3607,2022-09-04 01:29:33.089021440,415.5472,0.0
2022-09-04,14.748016,108.27884,2022-09-04 01:29:33.233015808,418.7339,0.0
2022-09-04,14.770016,108.31955,2022-09-04 01:29:33.314005248,416.62213,0.0
2022-09-04,14.784851,108.34663,2022-09-04 01:29:33.367998208,416.66727,0.0
2022-09-04,14.73138,108.29177,2022-09-04 01:29:33.566025472,418.4366,0.0
2022-09-04,14.738696,108.30536,2022-09-04 01:29:33.593021952,415.5544,0.0
2022-09-04,14.746039,108.31893,2022-09-04 01:29:33.620018432,416.2557,0.0
2022-09-04,14.760816,108.34605,2022-09-04 01:29:33.674011136,416.93198,0.0
2022-09-04,14.783205,108.38661,2022-09-04 01:29:33.755000576,416.68692,0.0
2022-09-04,14.714733,108.30464,2022-09-04 01:29:33.900000768,415.46613,0.0
2022-09-04,14.722061,108.31824,2022-09-04 01:29:33.926997248,417.31247,0.0
2022-09-04,14.729419,108.331825,2022-09-04 01:29:33.953993472,416.1811,0.0
2022-09-04,14.744216,108.35895,2022-09-04 01:29:34.007986432,417.62173,0.0
2022-09-04,14.698159,108.31755,2022-09-04 01:29:34.233010176,416.87497,0.0
2022-09-04,14.705472,108.33113,2022-09-04 01:29:34.260006912,416.12112,0.0
2022-09-04,14.71281,108.344696,2022-09-04 01:29:34.287003392,417.1805,0.0
2022-09-04,14.727582,108.37181,2022-09-04 01:29:34.340996352,415.79056,0.0
2022-09-04,14.735019,108.38535,2022-09-04 01:29:34.367992576,416.061,0.0
2022-09-04,14.681536,108.33046,2022-09-04 01:29:34.566020096,417.16534,0.0
2022-09-04,14.688853,108.34406,2022-09-04 01:29:34.593016576,416.96533,0.0
2022-09-04,14.696188,108.357635,2022-09-04 01:29:34.620013056,416.5589,0.0
2022-09-04,14.672253,108.35699,2022-09-04 01:29:34.926991616,418.13507,0.0
2022-09-04,14.6795845,108.37055,2022-09-04 01:29:34.953988096,418.18243,0.0
2022-09-04,14.686942,108.384125,2022-09-04 01:29:34.981024768,415.2086,0.0
2022-09-04,14.694325,108.39763,2022-09-04 01:29:35.008021248,416.70734,0.0
2022-09-04,14.701745,108.411156,2022-09-04 01:29:35.035017728,417.16357,0.0
2022-09-04,14.709175,108.42463,2022-09-04 01:29:35.062014208,417.82095,0.0
2022-09-04,14.716643,108.4381,2022-09-04 01:29:35.089010688,415.6523,0.0
2022-09-04,14.648274,108.35623,2022-09-04 01:29:35.233005056,416.55844,0.0
2022-09-04,14.655588,108.36981,2022-09-04 01:29:35.260001536,416.4413,0.0
2022-09-04,14.662921,108.38338,2022-09-04 01:29:35.286997760,416.945,0.0
2022-09-04,14.670279,108.39695,2022-09-04 01:29:35.313994496,415.94955,0.0
2022-09-04,14.677662,108.410446,2022-09-04 01:29:35.340990720,417.84238,0.0
2022-09-04,14.685072,108.42395,2022-09-04 01:29:35.367987200,416.42352,0.0
2022-09-04,14.692514,108.437454,2022-09-04 01:29:35.395023872,416.95355,0.0
2022-09-04,14.6999855,108.450935,2022-09-04 01:29:35.422020096,417.4679,0.0
2022-09-04,14.638975,108.3827,2022-09-04 01:29:35.593011200,416.40616,0.0
2022-09-04,14.646314,108.39626,2022-09-04 01:29:35.620007424,416.4751,0.0
2022-09-04,14.653684,108.409836,2022-09-04 01:29:35.647003904,416.3263,0.0
2022-09-04,14.661074,108.42333,2022-09-04 01:29:35.674000384,416.48605,0.0
2022-09-04,14.668478,108.43684,2022-09-04 01:29:35.700996864,417.9701,0.0
2022-09-04,14.6759205,108.45034,2022-09-04 01:29:35.727993344,416.48697,0.0
2022-09-04,14.683391,108.46382,2022-09-04 01:29:35.754989568,414.88147,0.0
2022-09-04,14.622337,108.39559,2022-09-04 01:29:35.927026432,416.64014,0.0
2022-09-04,14.629678,108.409164,2022-09-04 01:29:35.954022912,415.82275,0.0
2022-09-04,14.637045,108.422745,2022-09-04 01:29:35.981019392,417.6726,0.0
2022-09-04,14.644438,108.43626,2022-09-04 01:29:36.008015872,416.68573,0.0
2022-09-04,14.651855,108.44977,2022-09-04 01:29:36.035012352,416.1566,0.0
2022-09-04,14.65931,108.46328,2022-09-04 01:29:36.062008832,416.1727,0.0
2022-09-04,14.666781,108.476776,2022-09-04 01:29:36.089005312,415.43393,0.0
2022-09-04,14.598369,108.39493,2022-09-04 01:29:36.232999680,416.56345,0.0
2022-09-04,14.605665,108.40851,2022-09-04 01:29:36.259995904,416.52045,0.0
2022-09-04,14.612999,108.422066,2022-09-04 01:29:36.286992640,416.25153,0.0
2022-09-04,14.620366,108.43563,2022-09-04 01:29:36.313988864,417.7556,0.0
2022-09-04,14.627762,108.449135,2022-09-04 01:29:36.341025536,417.20575,0.0
2022-09-04,14.635185,108.46264,2022-09-04 01:29:36.368022016,415.74677,0.0
2022-09-04,14.642635,108.47613,2022-09-04 01:29:36.395018240,417.20297,0.0
2022-09-04,14.581784,108.40785,2022-09-04 01:29:36.566009344,416.88452,0.0
2022-09-04,14.589085,108.42145,2022-09-04 01:29:36.593005568,416.51898,0.0
2022-09-04,14.596412,108.43502,2022-09-04 01:29:36.620002048,417.42117,0.0
2022-09-04,14.603773,108.4486,2022-09-04 01:29:36.646998528,417.8416,0.0
2022-09-04,14.6111555,108.462105,2022-09-04 01:29:36.673995008,417.03348,0.0
2022-09-04,14.618561,108.4756,2022-09-04 01:29:36.700991488,417.70212,0.0
2022-09-04,14.625994,108.489075,2022-09-04 01:29:36.727987712,416.30862,0.0
2022-09-04,14.565104,108.42067,2022-09-04 01:29:36.900024576,417.4832,0.0
2022-09-04,14.572414,108.434265,2022-09-04 01:29:36.927021056,416.6572,0.0
2022-09-04,14.579749,108.44784,2022-09-04 01:29:36.954017536,417.4795,0.0
2022-09-04,14.587116,108.46142,2022-09-04 01:29:36.981014016,416.1257,0.0
2022-09-04,14.594512,108.47494,2022-09-04 01:29:37.008010496,417.7839,0.0
2022-09-04,14.601936,108.488464,2022-09-04 01:29:37.035006976,416.5939,0.0
2022-09-04,14.548495,108.43359,2022-09-04 01:29:37.232994048,417.66006,0.0
2022-09-04,14.555798,108.44717,2022-09-04 01:29:37.259990784,416.4388,0.0
2022-09-04,14.563126,108.460724,2022-09-04 01:29:37.286987008,416.87097,0.0
2022-09-04,14.570482,108.47428,2022-09-04 01:29:37.314023680,415.48547,0.0
2022-09-04,14.577864,108.48778,2022-09-04 01:29:37.341020160,416.46045,0.0
2022-09-04,14.585281,108.50129,2022-09-04 01:29:37.368016384,416.88434,0.0
2022-09-04,14.531872,108.4465,2022-09-04 01:29:37.566003712,415.8969,0.0
2022-09-04,14.5391865,108.46011,2022-09-04 01:29:37.593000192,418.18863,0.0
2022-09-04,14.546526,108.4737,2022-09-04 01:29:37.619996672,417.32925,0.0
2022-09-04,14.553888,108.4873,2022-09-04 01:29:37.646993152,416.8829,0.0
2022-09-04,14.561281,108.50082,2022-09-04 01:29:37.673989632,416.10245,0.0
2022-09-04,14.568695,108.51433,2022-09-04 01:29:37.701026304,416.56604,0.0
2022-09-04,14.57614,108.527824,2022-09-04 01:29:37.728022528,415.88852,0.0
2022-09-04,14.515274,108.45948,2022-09-04 01:29:37.900019200,417.0771,0.0
2022-09-04,14.522572,108.47304,2022-09-04 01:29:37.927015680,416.23065,0.0
2022-09-04,14.529891,108.48657,2022-09-04 01:29:37.954012160,417.26877,0.0
2022-09-04,14.537239,108.50012,2022-09-04 01:29:37.981008640,416.3795,0.0
2022-09-04,14.544613,108.5136,2022-09-04 01:29:38.008005120,417.87646,0.0
2022-09-04,14.552013,108.527084,2022-09-04 01:29:38.035001600,416.2293,0.0
2022-09-04,14.559443,108.54056,2022-09-04 01:29:38.061997824,418.40826,0.0
2022-09-04,14.566899,108.55402,2022-09-04 01:29:38.088994304,416.16382,0.0
2022-09-04,14.498514,108.472145,2022-09-04 01:29:38.232988928,417.21823,0.0
2022-09-04,14.505813,108.485725,2022-09-04 01:29:38.260025600,417.172,0.0
2022-09-04,14.51312,108.49928,2022-09-04 01:29:38.287021824,417.3882,0.0
2022-09-04,14.520501,108.51287,2022-09-04 01:29:38.314018304,417.5071,0.0
2022-09-04,14.527885,108.52638,2022-09-04 01:29:38.341014528,417.1633,0.0
2022-09-04,14.535299,108.53991,2022-09-04 01:29:38.368011008,417.25455,0.0
2022-09-04,14.542738,108.553406,2022-09-04 01:29:38.395007488,416.4025,0.0
2022-09-04,14.550207,108.566895,2022-09-04 01:29:38.422003968,416.0456,0.0
2022-09-04,14.481872,108.48503,2022-09-04 01:29:38.565998336,416.439,0.0
2022-09-04,14.489169,108.4986,2022-09-04 01:29:38.592994816,416.57483,0.0
2022-09-04,14.496479,108.51214,2022-09-04 01:29:38.619991296,417.06537,0.0
2022-09-04,14.503858,108.52571,2022-09-04 01:29:38.646987776,417.17465,0.0
2022-09-04,14.511243,108.53921,2022-09-04 01:29:38.674024448,415.832,0.0
2022-09-04,14.518662,108.552734,2022-09-04 01:29:38.701020672,416.7788,0.0
2022-09-04,14.526109,108.56624,2022-09-04 01:29:38.728017408,416.9442,0.0
2022-09-04,14.465269,108.49793,2022-09-04 01:29:38.900013824,416.08664,0.0
2022-09-04,14.472565,108.51151,2022-09-04 01:29:38.927010304,416.06277,0.0
2022-09-04,14.479869,108.52506,2022-09-04 01:29:38.954006784,417.28293,0.0
2022-09-04,14.487242,108.538635,2022-09-04 01:29:38.981003264,417.8987,0.0
2022-09-04,14.494617,108.55214,2022-09-04 01:29:39.007999744,416.77527,0.0
2022-09-04,14.50202,108.56564,2022-09-04 01:29:39.034995968,416.86884,0.0
2022-09-04,14.509455,108.57913,2022-09-04 01:29:39.061992448,416.4165,0.0
2022-09-04,14.516923,108.592606,2022-09-04 01:29:39.088988672,416.33835,0.0
2022-09-04,14.44859,108.5107,2022-09-04 01:29:39.233023744,416.6994,0.0
2022-09-04,14.455895,108.52427,2022-09-04 01:29:39.260019968,415.57498,0.0
2022-09-04,14.463208,108.53784,2022-09-04 01:29:39.287016448,417.68237,0.0
2022-09-04,14.470591,108.55144,2022-09-04 01:29:39.314012672,416.7104,0.0
2022-09-04,14.477977,108.56496,2022-09-04 01:29:39.341009152,416.98645,0.0
2022-09-04,14.485389,108.57848,2022-09-04 01:29:39.368005632,416.49582,0.0
2022-09-04,14.492835,108.592,2022-09-04 01:29:39.395002112,416.41528,0.0
2022-09-04,14.500318,108.605515,2022-09-04 01:29:39.421998592,417.8798,0.0
2022-09-04,14.431988,108.52368,2022-09-04 01:29:39.565992960,417.02826,0.0
2022-09-04,14.439296,108.53727,2022-09-04 01:29:39.592989440,416.8999,0.0
2022-09-04,14.446609,108.55082,2022-09-04 01:29:39.619985920,416.73062,0.0
2022-09-04,14.45399,108.5644,2022-09-04 01:29:39.647022592,417.8681,0.0
2022-09-04,14.461374,108.5779,2022-09-04 01:29:39.674018816,417.84012,0.0
2022-09-04,14.468784,108.5914,2022-09-04 01:29:39.701015552,418.10107,0.0
2022-09-04,14.476226,108.6049,2022-09-04 01:29:39.728011776,416.60623,0.0
2022-09-04,14.4837,108.61837,2022-09-04 01:29:39.755008256,417.52182,0.0
2022-09-04,14.415345,108.53645,2022-09-04 01:29:39.900008448,416.97897,0.0
2022-09-04,14.422642,108.55003,2022-09-04 01:29:39.927004928,416.8439,0.0
2022-09-04,14.429942,108.56358,2022-09-04 01:29:39.954001408,416.46613,0.0
2022-09-04,14.43731,108.57715,2022-09-04 01:29:39.980997888,417.2663,0.0
2022-09-04,14.444682,108.590645,2022-09-04 01:29:40.007994112,416.54785,0.0
2022-09-04,14.452082,108.60415,2022-09-04 01:29:40.034990592,416.55835,0.0
2022-09-04,14.459509,108.61763,2022-09-04 01:29:40.062027264,416.56754,0.0
2022-09-04,14.46699,108.63114,2022-09-04 01:29:40.089023488,417.42517,0.0
2022-09-04,14.398654,108.54931,2022-09-04 01:29:40.233018112,417.53537,0.0
2022-09-04,14.405964,108.562904,2022-09-04 01:29:40.260014592,417.11203,0.0
2022-09-04,14.413277,108.57646,2022-09-04 01:29:40.287010816,416.5542,0.0
2022-09-04,14.420655,108.59003,2022-09-04 01:29:40.314007296,418.06317,0.0
2022-09-04,14.42804,108.60353,2022-09-04 01:29:40.341003776,416.7501,0.0
2022-09-04,14.4354515,108.61703,2022-09-04 01:29:40.368000256,417.0447,0.0
2022-09-04,14.442893,108.630516,2022-09-04 01:29:40.394996736,416.23865,0.0
2022-09-04,14.38206,108.56216,2022-09-04 01:29:40.566027520,415.73166,0.0
2022-09-04,14.389373,108.57576,2022-09-04 01:29:40.593024256,416.68738,0.0
2022-09-04,14.396692,108.58933,2022-09-04 01:29:40.620020736,416.50894,0.0
2022-09-04,14.404076,108.60292,2022-09-04 01:29:40.647016960,417.2377,0.0
2022-09-04,14.411463,108.61643,2022-09-04 01:29:40.674013696,418.3019,0.0
2022-09-04,14.418871,108.629944,2022-09-04 01:29:40.701009920,415.76324,0.0
2022-09-04,14.426308,108.64343,2022-09-04 01:29:40.728006400,415.5379,0.0
2022-09-04,14.380051,108.60221,2022-09-04 01:29:40.953996032,414.74615,0.0
2022-09-04,14.394802,108.62931,2022-09-04 01:29:41.007988736,417.62296,0.0
2022-09-04,14.40221,108.64283,2022-09-04 01:29:41.035025408,417.7796,0.0
2022-09-04,14.409643,108.656334,2022-09-04 01:29:41.062021632,415.49442,0.0
2022-09-04,14.370639,108.62849,2022-09-04 01:29:41.314001920,416.843,0.0
2022-09-04,14.378023,108.642,2022-09-04 01:29:41.340998400,416.78708,0.0
2022-09-04,14.385435,108.65551,2022-09-04 01:29:41.367994880,417.11502,0.0
2022-09-04,14.392874,108.66901,2022-09-04 01:29:41.394991360,417.43698,0.0
2022-09-04,14.332038,108.60064,2022-09-04 01:29:41.566022400,416.15436,0.0
2022-09-04,14.339349,108.61423,2022-09-04 01:29:41.593018880,416.5031,0.0
2022-09-04,14.34666,108.627785,2022-09-04 01:29:41.620015104,416.3721,0.0
2022-09-04,14.354035,108.641365,2022-09-04 01:29:41.647011840,416.948,0.0
2022-09-04,14.36142,108.65488,2022-09-04 01:29:41.674008064,417.8831,0.0
2022-09-04,14.368834,108.66841,2022-09-04 01:29:41.701004544,416.5813,0.0
2022-09-04,14.315453,108.61362,2022-09-04 01:29:41.899997696,417.43088,0.0
2022-09-04,14.322759,108.6272,2022-09-04 01:29:41.926994176,416.61572,0.0
2022-09-04,14.330073,108.640755,2022-09-04 01:29:41.953990400,416.45282,0.0
2022-09-04,14.337449,108.65432,2022-09-04 01:29:41.980986880,417.52408,0.0
2022-09-04,14.344835,108.66783,2022-09-04 01:29:42.008023552,416.52927,0.0
2022-09-04,14.352246,108.68134,2022-09-04 01:29:42.035019776,417.4447,0.0
2022-09-04,14.298878,108.6265,2022-09-04 01:29:42.233007104,416.58823,0.0
2022-09-04,14.306185,108.6401,2022-09-04 01:29:42.260003584,416.60522,0.0
2022-09-04,14.313485,108.65365,2022-09-04 01:29:42.287000064,417.15155,0.0
2022-09-04,14.320843,108.66721,2022-09-04 01:29:42.313996544,417.37112,0.0
2022-09-04,14.328211,108.68072,2022-09-04 01:29:42.340993024,417.04062,0.0
2022-09-04,14.335609,108.69422,2022-09-04 01:29:42.367989504,415.9569,0.0
2022-09-04,14.343027,108.7077,2022-09-04 01:29:42.395026176,416.24197,0.0
2022-09-04,14.282156,108.63935,2022-09-04 01:29:42.566017024,417.4609,0.0
2022-09-04,14.289454,108.65295,2022-09-04 01:29:42.593013248,416.76627,0.0
2022-09-04,14.296767,108.66652,2022-09-04 01:29:42.620009984,416.62906,0.0
2022-09-04,14.304141,108.68011,2022-09-04 01:29:42.647006208,416.70828,0.0
2022-09-04,14.311524,108.69363,2022-09-04 01:29:42.674002688,416.5602,0.0
2022-09-04,14.326374,108.72062,2022-09-04 01:29:42.727995392,415.32797,0.0
2022-09-04,14.265513,108.65216,2022-09-04 01:29:42.899992320,416.9849,0.0
2022-09-04,14.2727995,108.66573,2022-09-04 01:29:42.927028992,417.64703,0.0
2022-09-04,14.280097,108.67928,2022-09-04 01:29:42.954025216,417.35574,0.0
2022-09-04,14.287454,108.69285,2022-09-04 01:29:42.981021696,416.13446,0.0
2022-09-04,14.302236,108.719894,2022-09-04 01:29:43.035014656,417.42285,0.0
2022-09-04,14.309648,108.73336,2022-09-04 01:29:43.062010880,417.4279,0.0
2022-09-04,14.248787,108.664986,2022-09-04 01:29:43.233001728,416.56183,0.0
2022-09-04,14.256083,108.67857,2022-09-04 01:29:43.259998208,416.29855,0.0
2022-09-04,14.263392,108.69213,2022-09-04 01:29:43.286994688,416.68683,0.0
2022-09-04,14.270763,108.705696,2022-09-04 01:29:43.313991168,417.22968,0.0
2022-09-04,14.300501,108.759766,2022-09-04 01:29:43.422017024,417.52814,0.0
2022-09-04,14.232164,108.677826,2022-09-04 01:29:43.566011392,417.4088,0.0
2022-09-04,14.23947,108.69142,2022-09-04 01:29:43.593008128,416.67587,0.0
2022-09-04,14.246785,108.70499,2022-09-04 01:29:43.620004352,416.43762,0.0
2022-09-04,14.254159,108.71857,2022-09-04 01:29:43.647000832,416.9703,0.0
2022-09-04,14.268964,108.745636,2022-09-04 01:29:43.700993536,419.19904,0.0
2022-09-04,14.28387,108.77264,2022-09-04 01:29:43.755026944,419.19025,0.0
2022-09-04,14.215524,108.69072,2022-09-04 01:29:43.900027136,416.48782,0.0
2022-09-04,14.2228365,108.704315,2022-09-04 01:29:43.927023360,416.65778,0.0
2022-09-04,14.230159,108.71788,2022-09-04 01:29:43.954019840,417.4265,0.0
2022-09-04,14.237539,108.73146,2022-09-04 01:29:43.981016064,417.5995,0.0
2022-09-04,14.244936,108.744995,2022-09-04 01:29:44.008012800,416.59515,0.0
2022-09-04,14.252376,108.75855,2022-09-04 01:29:44.035009024,417.7995,0.0
2022-09-04,14.18224,108.71632,2022-09-04 01:29:44.566006272,417.44553,0.0
2022-09-04,14.189545,108.729904,2022-09-04 01:29:44.593002496,417.84686,0.0
2022-09-04,14.204232,108.757034,2022-09-04 01:29:44.646995200,418.77448,0.0
2022-09-04,14.165541,108.72907,2022-09-04 01:29:44.900021504,418.0299,0.0
2022-09-04,14.202308,108.79687,2022-09-04 01:29:45.035003648,417.61728,0.0
2022-09-04,14.217185,108.82382,2022-09-04 01:29:45.088996608,416.69055,0.0
2022-09-04,14.148874,108.74193,2022-09-04 01:29:45.232990976,417.32446,0.0
2022-09-04,14.200605,108.83678,2022-09-04 01:29:45.422006016,416.23224,0.0
2022-09-04,14.176455,108.83603,2022-09-04 01:29:45.728019456,417.44156,0.0
2022-09-04,14.183915,108.84952,2022-09-04 01:29:45.755015936,416.4812,0.0
2022-09-04,14.115537,108.76754,2022-09-04 01:29:45.900016128,416.8122,0.0
2022-09-04,14.159717,108.84881,2022-09-04 01:29:46.061994752,417.64566,0.0
2022-09-04,14.167175,108.86228,2022-09-04 01:29:46.088991232,416.58777,0.0
2022-09-04,14.1282425,108.834625,2022-09-04 01:29:46.341011456,418.17404,0.0
2022-09-04,14.135646,108.84815,2022-09-04 01:29:46.368007936,415.56567,0.0
2022-09-04,14.150545,108.87517,2022-09-04 01:29:46.422000896,417.38614,0.0
2022-09-04,14.118928,108.8609,2022-09-04 01:29:46.701017600,416.79114,0.0
2022-09-04,14.09486,108.86014,2022-09-04 01:29:47.007996672,418.25378,0.0
2022-09-04,14.109657,108.8871,2022-09-04 01:29:47.061989376,417.52625,0.0
2022-09-04,14.117106,108.90058,2022-09-04 01:29:47.089026048,418.94873,0.0
2022-09-04,14.070818,108.859474,2022-09-04 01:29:47.314009600,417.61215,0.0
2022-09-04,14.093032,108.89999,2022-09-04 01:29:47.394999040,418.81088,0.0
2022-09-04,14.032214,108.83163,2022-09-04 01:29:47.565989632,417.20578,0.0
2022-09-04,14.039524,108.84525,2022-09-04 01:29:47.592986112,417.0415,0.0
2022-09-04,14.061596,108.88599,2022-09-04 01:29:47.674015744,416.6267,0.0
2022-09-04,14.068996,108.8995,2022-09-04 01:29:47.701012224,420.3864,0.0
2022-09-04,14.076422,108.91299,2022-09-04 01:29:47.728008704,417.66238,0.0
2022-09-04,14.083878,108.92646,2022-09-04 01:29:47.755005184,419.0799,0.0
2022-09-04,14.044868,108.898674,2022-09-04 01:29:48.007991040,416.3112,0.0
2022-09-04,14.052275,108.91219,2022-09-04 01:29:48.034987520,418.068,0.0
2022-09-04,14.05971,108.92569,2022-09-04 01:29:48.062024192,416.7557,0.0
2022-09-04,14.067178,108.93919,2022-09-04 01:29:48.089020416,416.98392,0.0
2022-09-04,14.006197,108.87093,2022-09-04 01:29:48.260011520,417.60712,0.0
2022-09-04,14.013505,108.88448,2022-09-04 01:29:48.287007744,417.36087,0.0
2022-09-04,14.020863,108.89804,2022-09-04 01:29:48.314004224,416.1502,0.0
2022-09-04,14.04309,108.93859,2022-09-04 01:29:48.394993664,416.22772,0.0
2022-09-04,14.050554,108.95207,2022-09-04 01:29:48.421989888,416.3424,0.0
2022-09-04,13.982264,108.870125,2022-09-04 01:29:48.566024448,417.36804,0.0
2022-09-04,13.989576,108.88373,2022-09-04 01:29:48.593020928,417.78363,0.0
2022-09-04,14.019054,108.93795,2022-09-04 01:29:48.701006848,416.97327,0.0
2022-09-04,14.026487,108.95146,2022-09-04 01:29:48.728003328,416.61157,0.0
2022-09-04,14.033952,108.96496,2022-09-04 01:29:48.754999552,416.10287,0.0
2022-09-04,13.965621,108.882996,2022-09-04 01:29:48.899999744,418.24866,0.0
2022-09-04,13.972931,108.89659,2022-09-04 01:29:48.926996224,417.1,0.0
2022-09-04,13.980258,108.91016,2022-09-04 01:29:48.953992960,417.97772,0.0
2022-09-04,13.987618,108.92371,2022-09-04 01:29:48.980989184,418.0465,0.0
2022-09-04,14.009854,108.964264,2022-09-04 01:29:49.062018560,418.50702,0.0
2022-09-04,14.017311,108.977745,2022-09-04 01:29:49.089015040,416.67578,0.0
2022-09-04,13.94893,108.895744,2022-09-04 01:29:49.233009664,417.55014,0.0
2022-09-04,13.970893,108.93647,2022-09-04 01:29:49.313998592,417.29532,0.0
2022-09-04,13.978267,108.950005,2022-09-04 01:29:49.340995328,416.69812,0.0
2022-09-04,13.985668,108.96352,2022-09-04 01:29:49.367991808,417.0712,0.0
2022-09-04,13.993096,108.97702,2022-09-04 01:29:49.394988032,417.48782,0.0
2022-09-04,14.000553,108.9905,2022-09-04 01:29:49.422024704,415.94598,0.0
2022-09-04,13.932205,108.90845,2022-09-04 01:29:49.566019072,416.5142,0.0
2022-09-04,13.939503,108.92203,2022-09-04 01:29:49.593015552,416.2578,0.0
2022-09-04,13.946826,108.93559,2022-09-04 01:29:49.620012032,416.38547,0.0
2022-09-04,13.954176,108.94914,2022-09-04 01:29:49.647008512,416.87344,0.0
2022-09-04,13.961555,108.96268,2022-09-04 01:29:49.674004992,416.2823,0.0
2022-09-04,13.968962,108.976204,2022-09-04 01:29:49.701001472,416.90482,0.0
2022-09-04,13.976397,108.98971,2022-09-04 01:29:49.727997696,416.84283,0.0
2022-09-04,13.915534,108.92122,2022-09-04 01:29:49.899994368,416.2874,0.0
2022-09-04,13.922829,108.93481,2022-09-04 01:29:49.926991104,416.04608,0.0
2022-09-04,13.930148,108.94838,2022-09-04 01:29:49.953987328,416.65424,0.0
2022-09-04,13.937495,108.96193,2022-09-04 01:29:49.981024000,416.03168,0.0
2022-09-04,13.944867,108.975464,2022-09-04 01:29:50.008020480,416.10873,0.0
2022-09-04,13.959693,109.00247,2022-09-04 01:29:50.062013184,417.2939,0.0
2022-09-04,13.898848,108.93397,2022-09-04 01:29:50.233004032,416.65985,0.0
2022-09-04,13.9134865,108.96116,2022-09-04 01:29:50.286996736,416.00085,0.0
2022-09-04,13.920853,108.97473,2022-09-04 01:29:50.313993472,416.0995,0.0
2022-09-04,13.928246,108.98828,2022-09-04 01:29:50.340989952,416.7333,0.0
2022-09-04,13.935665,109.001816,2022-09-04 01:29:50.368026368,415.95584,0.0
2022-09-04,13.943111,109.015335,2022-09-04 01:29:50.395022848,416.44183,0.0
2022-09-04,13.950585,109.02883,2022-09-04 01:29:50.422019584,417.59274,0.0
2022-09-04,13.882246,108.94682,2022-09-04 01:29:50.566013696,417.8818,0.0
2022-09-04,13.889528,108.9604,2022-09-04 01:29:50.593010176,416.51193,0.0
2022-09-04,13.904177,108.98751,2022-09-04 01:29:50.647003136,416.2079,0.0
2022-09-04,13.911547,109.001045,2022-09-04 01:29:50.673999616,415.87506,0.0
2022-09-04,13.933848,109.041595,2022-09-04 01:29:50.754988544,416.6121,0.0
2022-09-04,13.887511,109.000374,2022-09-04 01:29:50.981018624,416.43637,0.0
2022-09-04,13.91716,109.0544,2022-09-04 01:29:51.089004288,415.78018,0.0
2022-09-04,13.848794,108.97239,2022-09-04 01:29:51.232998656,417.2217,0.0
2022-09-04,13.856077,108.98598,2022-09-04 01:29:51.259994880,415.91977,0.0
2022-09-04,13.885533,109.04012,2022-09-04 01:29:51.368020992,415.57217,0.0
2022-09-04,13.900425,109.06709,2022-09-04 01:29:51.422013952,415.535,0.0
2022-09-04,13.832165,108.98517,2022-09-04 01:29:51.566008320,418.6227,0.0
2022-09-04,13.839455,108.998764,2022-09-04 01:29:51.593004800,416.83197,0.0
2022-09-04,13.846769,109.012344,2022-09-04 01:29:51.620001280,415.96066,0.0
2022-09-04,13.883791,109.08,2022-09-04 01:29:51.755023360,415.70645,0.0
2022-09-04,13.867115,109.09274,2022-09-04 01:29:52.088998912,416.17978,0.0
2022-09-04,13.833762,109.11829,2022-09-04 01:29:52.755018240,416.81326,0.0
2022-09-04,13.809613,109.11764,2022-09-04 01:29:53.061997056,416.2098,0.0
2022-09-04,13.817064,109.13111,2022-09-04 01:29:53.088993536,416.376,0.0
2022-09-04,13.800402,109.143906,2022-09-04 01:29:53.422002944,415.99268,0.0
2022-10-03,20.9351,105.86464,2022-10-03 04:14:44.747993856,413.6423,0.0
2022-10-03,21.228556,106.054924,2022-10-03 04:15:12.306001664,418.63745,0.0
2022-10-03,21.263844,106.04196,2022-10-03 04:15:12.359994624,417.9956,0.0
2022-10-03,21.281418,106.035446,2022-10-03 04:15:12.386991104,418.0646,0.0
2022-10-11,20.245077,105.429474,2022-10-11 01:02:28.821026048,418.6725,0.0
2022-10-11,20.266178,105.42813,2022-10-11 01:02:28.848022528,418.8694,0.0
2022-10-11,20.218153,105.4449,2022-10-11 01:02:29.100002816,417.9403,0.0
2022-10-11,20.260326,105.44238,2022-10-11 01:02:29.153995520,417.6738,0.0
2022-10-11,20.28188,105.44176,2022-10-11 01:02:29.180992000,415.91507,0.0
2022-10-11,20.213116,105.45936,2022-10-11 01:02:29.406016000,418.09778,0.0
2022-10-11,20.234411,105.4587,2022-10-11 01:02:29.433012224,418.24582,0.0
2022-10-11,20.255404,105.457405,2022-10-11 01:02:29.460008704,418.46347,0.0
2022-10-11,20.229067,105.4729,2022-10-11 01:02:29.739991296,418.31943,0.0
2022-10-11,20.25065,105.472626,2022-10-11 01:02:29.766987520,418.2097,0.0
2022-10-11,20.245405,105.48727,2022-10-11 01:02:30.073000960,417.4463,0.0
2022-10-11,20.2663,105.48591,2022-10-11 01:02:30.099997184,417.29056,0.0
2022-10-11,20.260859,105.50005,2022-10-11 01:02:30.406010368,417.87946,0.0
2022-10-11,20.282427,105.49978,2022-10-11 01:02:30.433006848,417.8828,0.0
2022-10-11,20.411865,105.49558,2022-10-11 01:02:30.595025664,417.6716,0.0
2022-10-11,20.277803,105.51475,2022-10-11 01:02:30.740026112,417.87427,0.0
2022-10-11,20.299168,105.51411,2022-10-11 01:02:30.767022336,418.05045,0.0
2022-10-11,20.320362,105.51306,2022-10-11 01:02:30.794018816,419.43488,0.0
2022-10-11,20.406584,105.51038,2022-10-11 01:02:30.902004480,418.24362,0.0
2022-10-11,20.42804,105.50927,2022-10-11 01:02:30.929000960,418.78137,0.0
2022-10-11,20.293957,105.52899,2022-10-11 01:02:31.072995328,419.4965,0.0
2022-10-11,20.31469,105.52735,2022-10-11 01:02:31.099991808,417.8903,0.0
2022-10-11,20.37899,105.52544,2022-10-11 01:02:31.181021184,416.7378,0.0
2022-10-11,20.40095,105.52541,2022-10-11 01:02:31.208017920,417.76706,0.0
2022-10-11,20.422464,105.52446,2022-10-11 01:02:31.235014144,418.52884,0.0
2022-10-11,20.443926,105.52331,2022-10-11 01:02:31.262010624,418.9497,0.0
2022-10-11,20.41707,105.53923,2022-10-11 01:02:31.541027584,419.03714,0.0
2022-10-11,20.43833,105.53788,2022-10-11 01:02:31.568023808,417.31497,0.0
2022-10-11,20.459803,105.536766,2022-10-11 01:02:31.595020288,418.43732,0.0
2022-10-11,20.411882,105.55372,2022-10-11 01:02:31.848006144,419.18262,0.0
2022-10-11,20.433132,105.55245,2022-10-11 01:02:31.875002624,418.27692,0.0
2022-10-11,20.45477,105.55176,2022-10-11 01:02:31.901999104,418.382,0.0
2022-10-11,20.47552,105.54949,2022-10-11 01:02:31.928995584,417.59476,0.0
2022-10-11,20.406343,105.56867,2022-10-11 01:02:32.154019328,419.13858,0.0
2022-10-11,20.449087,105.5669,2022-10-11 01:02:32.208012288,418.5871,0.0
2022-10-11,20.470108,105.565186,2022-10-11 01:02:32.235008768,417.79346,0.0
2022-10-11,20.491829,105.56452,2022-10-11 01:02:32.262005248,418.18027,0.0
2022-10-11,20.401018,105.58338,2022-10-11 01:02:32.459992320,418.27887,0.0
2022-10-11,20.422117,105.58209,2022-10-11 01:02:32.486989056,418.4779,0.0
2022-10-11,20.44377,105.58164,2022-10-11 01:02:32.514025728,416.62515,0.0
2022-10-11,20.465208,105.580696,2022-10-11 01:02:32.541021952,417.60025,0.0
2022-10-11,20.486486,105.57938,2022-10-11 01:02:32.568018432,417.44333,0.0
2022-10-11,20.395912,105.597725,2022-10-11 01:02:32.767011584,418.91534,0.0
2022-10-11,20.417044,105.59659,2022-10-11 01:02:32.794008064,418.5979,0.0
2022-10-11,20.438778,105.59645,2022-10-11 01:02:32.821004288,418.53137,0.0
2022-10-11,20.460045,105.595406,2022-10-11 01:02:32.848000768,417.35022,0.0
2022-10-11,20.481186,105.59402,2022-10-11 01:02:32.874997248,417.50565,0.0
2022-10-11,20.50227,105.5924,2022-10-11 01:02:32.901993728,418.2962,0.0
2022-10-11,20.524029,105.59178,2022-10-11 01:02:32.928990208,417.49323,0.0
2022-10-11,20.41167,105.61131,2022-10-11 01:02:33.100021248,418.6275,0.0
2022-10-11,20.454561,105.61026,2022-10-11 01:02:33.154014208,417.6322,0.0
2022-10-11,20.475946,105.60944,2022-10-11 01:02:33.181010432,418.72192,0.0
2022-10-11,20.496895,105.60776,2022-10-11 01:02:33.208006912,418.30194,0.0
2022-10-11,20.518402,105.60684,2022-10-11 01:02:33.235003392,418.03702,0.0
2022-10-11,20.540545,105.606834,2022-10-11 01:02:33.261999872,418.00552,0.0
2022-10-11,20.406607,105.62661,2022-10-11 01:02:33.405994240,418.7594,0.0
2022-10-11,20.427769,105.62573,2022-10-11 01:02:33.432990464,417.15,0.0
2022-10-11,20.449293,105.62537,2022-10-11 01:02:33.459987200,416.9732,0.0
2022-10-11,20.470585,105.62441,2022-10-11 01:02:33.487023872,416.4415,0.0
2022-10-11,20.49154,105.62276,2022-10-11 01:02:33.514020096,417.98,0.0
2022-10-11,20.513552,105.62277,2022-10-11 01:02:33.541016576,419.22806,0.0
2022-10-11,20.535206,105.62206,2022-10-11 01:02:33.568013056,417.10217,0.0
2022-10-11,20.556444,105.620544,2022-10-11 01:02:33.595009280,419.54974,0.0
2022-10-11,20.422813,105.640366,2022-10-11 01:02:33.740009728,417.02817,0.0
2022-10-11,20.444176,105.63978,2022-10-11 01:02:33.767006208,418.20844,0.0
2022-10-11,20.46524,105.63856,2022-10-11 01:02:33.794002432,417.18805,0.0
2022-10-11,20.48647,105.63754,2022-10-11 01:02:33.820998912,416.6424,0.0
2022-10-11,20.508347,105.63754,2022-10-11 01:02:33.847995392,417.9358,0.0
2022-10-11,20.5299,105.6368,2022-10-11 01:02:33.874991872,419.0913,0.0
2022-10-11,20.551172,105.63541,2022-10-11 01:02:33.901988352,417.30234,0.0
2022-10-11,20.573174,105.63509,2022-10-11 01:02:33.929025024,418.92566,0.0
2022-10-11,20.43927,105.65413,2022-10-11 01:02:34.073019392,417.42004,0.0
2022-10-11,20.460531,105.65336,2022-10-11 01:02:34.100015616,417.3143,0.0
2022-10-11,20.481983,105.6528,2022-10-11 01:02:34.127012352,417.9807,0.0
2022-10-11,20.503305,105.65191,2022-10-11 01:02:34.154008576,417.67993,0.0
2022-10-11,20.524982,105.651505,2022-10-11 01:02:34.181005056,417.951,0.0
2022-10-11,20.546257,105.65031,2022-10-11 01:02:34.208001536,418.3625,0.0
2022-10-11,20.567919,105.649666,2022-10-11 01:02:34.234998016,416.85275,0.0
2022-10-11,20.589222,105.64832,2022-10-11 01:02:34.261994240,419.33472,0.0
2022-10-11,20.455257,105.66791,2022-10-11 01:02:34.405988608,417.52213,0.0
2022-10-11,20.47651,105.667175,2022-10-11 01:02:34.433025280,417.734,0.0
2022-10-11,20.498045,105.66682,2022-10-11 01:02:34.460022016,418.39047,0.0
2022-10-11,20.519459,105.66607,2022-10-11 01:02:34.487018240,418.19412,0.0
2022-10-11,20.561964,105.66365,2022-10-11 01:02:34.541011200,418.53683,0.0
2022-10-11,20.583746,105.663155,2022-10-11 01:02:34.568007424,417.9125,0.0
2022-10-11,20.605675,105.662766,2022-10-11 01:02:34.595004160,417.41943,0.0
2022-10-11,20.471397,105.681625,2022-10-11 01:02:34.740004352,417.52347,0.0
2022-10-11,20.492977,105.68142,2022-10-11 01:02:34.767000576,417.70718,0.0
2022-10-11,20.514381,105.68078,2022-10-11 01:02:34.793997056,415.82785,0.0
2022-10-11,20.57857,105.678055,2022-10-11 01:02:34.875026688,418.92697,0.0
2022-10-11,20.600231,105.67748,2022-10-11 01:02:34.902023168,418.10858,0.0
2022-10-11,20.62193,105.67684,2022-10-11 01:02:34.929019392,417.73953,0.0
2022-10-11,20.487478,105.695885,2022-10-11 01:02:35.073013760,417.47974,0.0
2022-10-11,20.508661,105.69496,2022-10-11 01:02:35.100010496,416.9495,0.0
2022-10-11,20.551247,105.69315,2022-10-11 01:02:35.154003200,418.435,0.0
2022-10-11,20.573368,105.6935,2022-10-11 01:02:35.180999680,419.3429,0.0
2022-10-11,20.616434,105.69178,2022-10-11 01:02:35.234992384,416.89438,0.0
2022-10-11,20.503735,105.70979,2022-10-11 01:02:35.406023424,417.19632,0.0
2022-10-11,20.525274,105.70955,2022-10-11 01:02:35.433020160,418.22208,0.0
2022-10-11,20.546148,105.70802,2022-10-11 01:02:35.460016384,418.5887,0.0
2022-10-11,20.568054,105.70814,2022-10-11 01:02:35.487012864,417.5457,0.0
2022-10-11,20.58962,105.70753,2022-10-11 01:02:35.514009344,416.3389,0.0
2022-10-11,20.61108,105.70662,2022-10-11 01:02:35.541005568,415.17346,0.0
2022-10-11,20.632643,105.705765,2022-10-11 01:02:35.568002304,417.3807,0.0
2022-10-11,20.65427,105.704895,2022-10-11 01:02:35.594998528,418.81937,0.0
2022-10-11,20.520164,105.72408,2022-10-11 01:02:35.739998720,419.09515,0.0
2022-10-11,20.541172,105.72289,2022-10-11 01:02:35.766995200,418.18036,0.0
2022-10-11,20.562881,105.72284,2022-10-11 01:02:35.793991680,417.98978,0.0
2022-10-11,20.584225,105.722015,2022-10-11 01:02:35.820988160,417.56552,0.0
2022-10-11,20.648718,105.71966,2022-10-11 01:02:35.902017536,418.31348,0.0
2022-10-11,20.6704,105.718956,2022-10-11 01:02:35.929014272,419.1019,0.0
2022-10-11,20.536167,105.73816,2022-10-11 01:02:36.073008640,417.52063,0.0
2022-10-11,20.557512,105.737564,2022-10-11 01:02:36.100004864,418.18423,0.0
2022-10-11,20.578373,105.73601,2022-10-11 01:02:36.127001344,417.1815,0.0
2022-10-11,20.599405,105.73465,2022-10-11 01:02:36.153997824,418.43753,0.0
2022-10-11,20.643145,105.73445,2022-10-11 01:02:36.207990528,418.31708,0.0
2022-10-11,20.664875,105.73391,2022-10-11 01:02:36.235027200,417.2448,0.0
2022-10-11,20.552303,105.75198,2022-10-11 01:02:36.406018304,417.89865,0.0
2022-10-11,20.573626,105.75132,2022-10-11 01:02:36.433014528,419.266,0.0
2022-10-11,20.594292,105.74939,2022-10-11 01:02:36.460011008,418.78378,0.0
2022-10-11,20.616327,105.74984,2022-10-11 01:02:36.487007488,419.15878,0.0
2022-10-11,20.637993,105.74953,2022-10-11 01:02:36.514003712,417.9154,0.0
2022-10-11,20.65946,105.74876,2022-10-11 01:02:36.541000448,418.58728,0.0
2022-10-11,20.680931,105.74787,2022-10-11 01:02:36.567996672,417.97775,0.0
2022-10-11,20.702482,105.747,2022-10-11 01:02:36.594993152,418.55234,0.0
2022-10-11,20.58942,105.76511,2022-10-11 01:02:36.766989824,417.1079,0.0
2022-10-11,20.611038,105.76483,2022-10-11 01:02:36.793986304,418.1427,0.0
2022-10-11,20.632584,105.764305,2022-10-11 01:02:36.821022976,418.51566,0.0
2022-10-11,20.654062,105.763535,2022-10-11 01:02:36.848019456,418.8429,0.0
2022-10-11,20.675556,105.76269,2022-10-11 01:02:36.875015680,416.92395,0.0
2022-10-11,20.697119,105.76186,2022-10-11 01:02:36.902012416,418.4022,0.0
2022-10-11,20.584576,105.78005,2022-10-11 01:02:37.073003008,419.2835,0.0
2022-10-11,20.627342,105.77896,2022-10-11 01:02:37.126995968,418.76492,0.0
2022-10-11,20.670183,105.77753,2022-10-11 01:02:37.180988672,419.19977,0.0
2022-10-11,20.691704,105.776794,2022-10-11 01:02:37.208025344,418.80804,0.0
2022-10-11,20.60065,105.794235,2022-10-11 01:02:37.406012672,417.9787,0.0
2022-10-11,20.621977,105.793625,2022-10-11 01:02:37.433009152,416.88248,0.0
2022-10-11,20.643364,105.793,2022-10-11 01:02:37.460005632,418.4402,0.0
2022-10-11,20.68628,105.79163,2022-10-11 01:02:37.513998592,419.14163,0.0
2022-10-11,20.70778,105.79085,2022-10-11 01:02:37.540994816,417.4117,0.0
2022-10-11,20.729303,105.78998,2022-10-11 01:02:37.567991296,417.40475,0.0
2022-10-11,20.61671,105.80822,2022-10-11 01:02:37.740028160,417.76157,0.0
2022-10-11,20.638044,105.80763,2022-10-11 01:02:37.767024640,418.47757,0.0
2022-10-11,20.659441,105.807045,2022-10-11 01:02:37.794021120,416.88245,0.0
2022-10-11,20.723818,105.80485,2022-10-11 01:02:37.875010560,418.75043,0.0
2022-10-11,20.766964,105.80307,2022-10-11 01:02:37.929003264,419.65887,0.0
2022-10-11,20.632868,105.82208,2022-10-11 01:02:38.072997632,417.7483,0.0
2022-10-11,20.654247,105.82154,2022-10-11 01:02:38.099994112,419.1147,0.0
2022-10-11,20.675655,105.82092,2022-10-11 01:02:38.126990592,419.15146,0.0
2022-10-11,20.718565,105.819496,2022-10-11 01:02:38.181023488,419.98032,0.0
2022-10-11,20.740076,105.8187,2022-10-11 01:02:38.208019968,415.71838,0.0
2022-10-11,20.761627,105.81785,2022-10-11 01:02:38.235016448,418.42975,0.0
2022-10-11,20.783215,105.81694,2022-10-11 01:02:38.262012928,418.97333,0.0
2022-10-11,20.670355,105.83558,2022-10-11 01:02:38.433003776,417.86578,0.0
2022-10-11,20.691708,105.83493,2022-10-11 01:02:38.460000000,418.81976,0.0
2022-10-11,20.734604,105.833534,2022-10-11 01:02:38.513992960,419.09122,0.0
2022-10-11,20.756104,105.83275,2022-10-11 01:02:38.540989440,418.21933,0.0
2022-10-11,20.777658,105.83193,2022-10-11 01:02:38.568026112,418.45203,0.0
2022-10-11,20.799234,105.831024,2022-10-11 01:02:38.595022592,419.5414,0.0
2022-10-11,20.66508,105.85016,2022-10-11 01:02:38.740022784,417.66815,0.0
2022-10-11,20.686422,105.849594,2022-10-11 01:02:38.767019264,418.99475,0.0
2022-10-11,20.70782,105.84901,2022-10-11 01:02:38.794015744,419.707,0.0
2022-10-11,20.750708,105.84763,2022-10-11 01:02:38.848008704,418.293,0.0
2022-10-11,20.77221,105.84686,2022-10-11 01:02:38.875004928,418.44467,0.0
2022-10-11,20.793734,105.84599,2022-10-11 01:02:38.902001408,419.4038,0.0
2022-10-11,20.681177,105.86419,2022-10-11 01:02:39.072992256,418.44193,0.0
2022-10-11,20.723932,105.86301,2022-10-11 01:02:39.127025408,417.1407,0.0
2022-10-11,20.745361,105.86233,2022-10-11 01:02:39.154021632,419.22552,0.0
2022-10-11,20.78833,105.8608,2022-10-11 01:02:39.208014592,421.10828,0.0
2022-10-11,20.809862,105.85995,2022-10-11 01:02:39.235011072,417.2615,0.0
2022-10-11,20.69738,105.878105,2022-10-11 01:02:39.406001920,418.62378,0.0
2022-10-11,20.71874,105.87752,2022-10-11 01:02:39.432998144,417.205,0.0
2022-10-11,20.740145,105.8769,2022-10-11 01:02:39.459994880,418.86157,0.0
2022-10-11,20.761593,105.876236,2022-10-11 01:02:39.486991104,417.62292,0.0
2022-10-11,20.78307,105.875496,2022-10-11 01:02:39.513987584,417.87424,0.0
2022-10-11,20.804577,105.87469,2022-10-11 01:02:39.541024256,418.21136,0.0
2022-10-11,20.82612,105.873825,2022-10-11 01:02:39.568020736,418.69705,0.0
2022-10-11,20.71358,105.892006,2022-10-11 01:02:39.740017408,417.7057,0.0
2022-10-11,20.734915,105.89144,2022-10-11 01:02:39.767013888,418.055,0.0
2022-10-11,20.756304,105.89086,2022-10-11 01:02:39.794010112,418.1465,0.0
2022-10-11,20.777721,105.8902,2022-10-11 01:02:39.821006848,417.87976,0.0
2022-10-11,20.799152,105.88945,2022-10-11 01:02:39.848003072,418.10883,0.0
2022-10-11,20.820644,105.88868,2022-10-11 01:02:39.874999552,417.73413,0.0
2022-10-11,20.842175,105.887856,2022-10-11 01:02:39.901995776,419.03015,0.0
2022-10-11,20.863735,105.88696,2022-10-11 01:02:39.928992256,418.09225,0.0
2022-10-11,20.729576,105.90612,2022-10-11 01:02:40.073027072,417.69458,0.0
2022-10-11,20.750965,105.90553,2022-10-11 01:02:40.100023552,417.3102,0.0
2022-10-11,20.793827,105.90415,2022-10-11 01:02:40.154016256,418.33347,0.0
2022-10-11,20.815338,105.90342,2022-10-11 01:02:40.181012736,417.84354,0.0
2022-10-11,20.836866,105.9026,2022-10-11 01:02:40.208009216,417.99,0.0
2022-10-11,20.858442,105.90174,2022-10-11 01:02:40.235005696,417.46384,0.0
2022-10-11,20.745872,105.91994,2022-10-11 01:02:40.405996288,418.50104,0.0
2022-10-11,20.767212,105.91938,2022-10-11 01:02:40.432993024,418.62152,0.0
2022-10-11,20.788568,105.91874,2022-10-11 01:02:40.459989248,417.12183,0.0
2022-10-11,20.852905,105.91668,2022-10-11 01:02:40.541018880,418.43744,0.0
2022-10-11,20.761772,105.93414,2022-10-11 01:02:40.740012032,417.621,0.0
2022-10-11,20.82592,105.9323,2022-10-11 01:02:40.821001216,417.4733,0.0
2022-10-11,20.912048,105.929085,2022-10-11 01:02:40.929027072,417.78955,0.0
2022-10-11,20.799349,105.94756,2022-10-11 01:02:41.100017920,417.57504,0.0
2022-10-11,20.88509,105.94482,2022-10-11 01:02:41.208003840,418.6956,0.0
2022-10-11,20.906628,105.94401,2022-10-11 01:02:41.235000064,418.95996,0.0
2022-10-11,20.928215,105.94315,2022-10-11 01:02:41.261996800,418.9139,0.0
2022-10-11,20.815321,105.9616,2022-10-11 01:02:41.432987392,419.13452,0.0
2022-10-11,20.8367,105.961006,2022-10-11 01:02:41.460024064,419.81354,0.0
2022-10-11,20.85816,105.960396,2022-10-11 01:02:41.487020544,418.16885,0.0
2022-10-11,20.87961,105.959656,2022-10-11 01:02:41.514017024,417.84763,0.0
2022-10-11,20.901123,105.9589,2022-10-11 01:02:41.541013504,418.82562,0.0
2022-10-11,20.922674,105.958084,2022-10-11 01:02:41.568009728,418.05884,0.0
2022-10-11,20.944263,105.957214,2022-10-11 01:02:41.595006208,418.7778,0.0
2022-10-11,20.831467,105.97574,2022-10-11 01:02:41.767003136,417.958,0.0
2022-10-11,20.852825,105.975105,2022-10-11 01:02:41.793999360,418.10757,0.0
2022-10-11,20.874268,105.9745,2022-10-11 01:02:41.820995840,417.91675,0.0
2022-10-11,20.895708,105.97377,2022-10-11 01:02:41.847992064,417.46637,0.0
2022-10-11,20.917208,105.97299,2022-10-11 01:02:41.874988544,417.51385,0.0
2022-10-11,20.938799,105.9722,2022-10-11 01:02:41.902025216,417.1898,0.0
2022-10-11,20.960403,105.971306,2022-10-11 01:02:41.929021952,418.1601,0.0
2022-10-11,20.826345,105.99021,2022-10-11 01:02:42.073016064,418.36038,0.0
2022-10-11,20.869041,105.98913,2022-10-11 01:02:42.127009024,417.6183,0.0
2022-10-11,20.911884,105.98783,2022-10-11 01:02:42.181001984,417.4678,0.0
2022-10-11,20.933363,105.98709,2022-10-11 01:02:42.207998208,418.27768,0.0
2022-10-11,20.95487,105.98629,2022-10-11 01:02:42.234994944,417.9375,0.0
2022-10-11,20.842363,106.004326,2022-10-11 01:02:42.405985536,417.7439,0.0
2022-10-11,20.863749,106.003784,2022-10-11 01:02:42.433022208,418.40387,0.0
2022-10-11,20.885138,106.00313,2022-10-11 01:02:42.460018688,418.3757,0.0
2022-10-11,20.906559,106.00251,2022-10-11 01:02:42.487015168,417.67432,0.0
2022-10-11,20.928019,106.001854,2022-10-11 01:02:42.514011648,418.08813,0.0
2022-10-11,20.949474,106.00107,2022-10-11 01:02:42.541007872,418.2108,0.0
2022-10-11,20.971003,106.00029,2022-10-11 01:02:42.568004352,418.13293,0.0
2022-10-11,20.992554,105.99943,2022-10-11 01:02:42.595000832,418.90274,0.0
2022-10-11,20.879835,106.01779,2022-10-11 01:02:42.766997504,417.88342,0.0
2022-10-11,20.901262,106.017166,2022-10-11 01:02:42.793993984,416.51404,0.0
2022-10-11,20.922718,106.01647,2022-10-11 01:02:42.820990208,418.2732,0.0
2022-10-11,20.965738,106.01496,2022-10-11 01:02:42.875023360,418.2108,0.0
2022-10-11,20.98725,106.01414,2022-10-11 01:02:42.902020096,418.5891,0.0
2022-10-11,21.008816,106.01328,2022-10-11 01:02:42.929016320,418.3496,0.0
2022-10-11,20.895977,106.03178,2022-10-11 01:02:43.100007168,418.0541,0.0
2022-10-11,20.938818,106.030464,2022-10-11 01:02:43.154000128,417.1777,0.0
2022-10-11,20.981842,106.02899,2022-10-11 01:02:43.207993088,418.03394,0.0
2022-10-11,21.003397,106.02815,2022-10-11 01:02:43.234989312,418.5396,0.0
2022-10-11,21.025002,106.02727,2022-10-11 01:02:43.262025984,418.9778,0.0
2022-10-11,20.911972,106.04592,2022-10-11 01:02:43.433016832,418.43292,0.0
2022-10-11,20.93332,106.04536,2022-10-11 01:02:43.460013312,418.0549,0.0
2022-10-11,20.95476,106.044716,2022-10-11 01:02:43.487009792,417.64618,0.0
2022-10-11,20.976217,106.04397,2022-10-11 01:02:43.514006016,418.60297,0.0
2022-10-11,20.99773,106.0432,2022-10-11 01:02:43.541002496,419.36526,0.0
2022-10-11,21.01929,106.04238,2022-10-11 01:02:43.567998976,419.06702,0.0
2022-10-11,21.040865,106.041466,2022-10-11 01:02:43.594995456,418.29877,0.0
2022-10-11,20.906744,106.06035,2022-10-11 01:02:43.739995648,418.26266,0.0
2022-10-11,20.928091,106.05979,2022-10-11 01:02:43.766992128,417.52362,0.0
2022-10-11,20.94949,106.05921,2022-10-11 01:02:43.793988352,418.63864,0.0
2022-10-11,20.970951,106.05862,2022-10-11 01:02:43.821025024,418.05957,0.0
2022-10-11,21.013935,106.05717,2022-10-11 01:02:43.875018240,418.54382,0.0
2022-10-11,21.035463,106.05633,2022-10-11 01:02:43.902014464,418.33972,0.0
2022-10-11,20.922884,106.07436,2022-10-11 01:02:44.073005312,417.5684,0.0
2022-10-11,20.944227,106.07383,2022-10-11 01:02:44.100001792,418.34146,0.0
2022-10-11,20.965624,106.07327,2022-10-11 01:02:44.126998272,417.83292,0.0
2022-10-11,20.98704,106.07263,2022-10-11 01:02:44.153994496,417.7051,0.0
2022-10-11,21.008509,106.07196,2022-10-11 01:02:44.180991232,418.555,0.0
2022-10-11,21.029993,106.0712,2022-10-11 01:02:44.207987456,418.0653,0.0
2022-10-11,21.051548,106.070435,2022-10-11 01:02:44.235024128,417.18237,0.0
2022-10-11,20.93902,106.088356,2022-10-11 01:02:44.406014976,416.92325,0.0
2022-10-11,20.960384,106.0878,2022-10-11 01:02:44.433011456,418.2476,0.0
2022-10-11,20.9818,106.08721,2022-10-11 01:02:44.460007936,417.97626,0.0
2022-10-11,21.003223,106.086586,2022-10-11 01:02:44.487004160,418.35013,0.0
2022-10-11,21.024673,106.08591,2022-10-11 01:02:44.514000640,418.79617,0.0
2022-10-11,21.046177,106.0852,2022-10-11 01:02:44.540997120,417.33542,0.0
2022-10-11,21.067694,106.08439,2022-10-11 01:02:44.567993600,418.27225,0.0
2022-10-11,21.089275,106.083565,2022-10-11 01:02:44.594990080,419.36707,0.0
2022-10-11,20.955095,106.102486,2022-10-11 01:02:44.739990272,417.47617,0.0
2022-10-11,20.976452,106.101944,2022-10-11 01:02:44.766986496,418.4717,0.0
2022-10-11,20.997862,106.10137,2022-10-11 01:02:44.794023168,418.4405,0.0
2022-10-11,21.019283,106.1007,2022-10-11 01:02:44.821019648,418.11646,0.0
2022-10-11,21.04076,106.100006,2022-10-11 01:02:44.848016384,418.28806,0.0
2022-10-11,21.06228,106.0993,2022-10-11 01:02:44.875012608,418.5128,0.0
2022-10-11,21.083794,106.09849,2022-10-11 01:02:44.902009088,417.8756,0.0
2022-10-11,21.105364,106.09766,2022-10-11 01:02:44.929005568,418.18246,0.0
2022-10-11,20.971119,106.11665,2022-10-11 01:02:45.072999936,418.7342,0.0
2022-10-11,20.992466,106.11613,2022-10-11 01:02:45.099996416,418.62192,0.0
2022-10-11,21.01385,106.11555,2022-10-11 01:02:45.126992640,418.01492,0.0
2022-10-11,21.035263,106.11491,2022-10-11 01:02:45.153989376,417.57623,0.0
2022-10-11,21.05673,106.11423,2022-10-11 01:02:45.181026048,418.55072,0.0
2022-10-11,21.078201,106.11344,2022-10-11 01:02:45.208022272,416.95853,0.0
2022-10-11,21.099762,106.112686,2022-10-11 01:02:45.235018752,418.1047,0.0
2022-10-11,21.121334,106.11183,2022-10-11 01:02:45.262015232,418.9262,0.0
2022-10-11,20.987104,106.13075,2022-10-11 01:02:45.406009600,418.45642,0.0
2022-10-11,21.008453,106.13025,2022-10-11 01:02:45.433006080,418.73685,0.0
2022-10-11,21.02984,106.129684,2022-10-11 01:02:45.460002304,417.92715,0.0
2022-10-11,21.051239,106.12902,2022-10-11 01:02:45.486998784,419.02454,0.0
2022-10-11,21.072725,106.12839,2022-10-11 01:02:45.513995264,417.61658,0.0
2022-10-11,21.094225,106.12765,2022-10-11 01:02:45.540991744,418.7375,0.0
2022-10-11,21.11576,106.12686,2022-10-11 01:02:45.567988224,418.34973,0.0
2022-10-11,21.003141,106.144875,2022-10-11 01:02:45.740025088,419.16464,0.0
2022-10-11,21.024511,106.14438,2022-10-11 01:02:45.767021312,418.84348,0.0
2022-10-11,21.045877,106.14376,2022-10-11 01:02:45.794017792,418.55798,0.0
2022-10-11,21.088795,106.14248,2022-10-11 01:02:45.848010752,417.25946,0.0
2022-10-11,21.11033,106.14177,2022-10-11 01:02:45.875007232,417.88034,0.0
2022-10-11,21.131899,106.14095,2022-10-11 01:02:45.902003712,418.71075,0.0
2022-10-11,21.019423,106.158775,2022-10-11 01:02:46.072994560,418.80408,0.0
2022-10-11,21.040798,106.15832,2022-10-11 01:02:46.099990784,418.05057,0.0
2022-10-11,21.062162,106.15772,2022-10-11 01:02:46.126987520,418.07013,0.0
2022-10-11,21.08353,106.15701,2022-10-11 01:02:46.154024192,417.44452,0.0
2022-10-11,21.126553,106.15572,2022-10-11 01:02:46.208016896,418.66315,0.0
2022-10-11,21.148075,106.15492,2022-10-11 01:02:46.235013120,418.70868,0.0
2022-10-11,21.169662,106.154106,2022-10-11 01:02:46.262009600,418.84525,0.0
2022-10-11,21.035582,106.17285,2022-10-11 01:02:46.406004224,417.65448,0.0
2022-10-11,21.056936,106.17228,2022-10-11 01:02:46.433000448,419.1436,0.0
2022-10-11,21.078382,106.17175,2022-10-11 01:02:46.459996928,417.5277,0.0
2022-10-11,21.121216,106.170425,2022-10-11 01:02:46.513989888,418.86017,0.0
2022-10-11,21.142702,106.16971,2022-10-11 01:02:46.541026560,417.75464,0.0
2022-10-11,21.164246,106.16897,2022-10-11 01:02:46.568023040,419.07968,0.0
2022-10-11,21.051643,106.1869,2022-10-11 01:02:46.740019456,418.95334,0.0
2022-10-11,21.073069,106.18643,2022-10-11 01:02:46.767015936,417.89368,0.0
2022-10-11,21.094465,106.18579,2022-10-11 01:02:46.794012672,417.69434,0.0
2022-10-11,21.11594,106.185165,2022-10-11 01:02:46.821008896,418.92426,0.0
2022-10-11,21.137426,106.18444,2022-10-11 01:02:46.848005376,418.00754,0.0
2022-10-11,21.202,106.18214,2022-10-11 01:02:46.928994560,418.43872,0.0
2022-10-11,21.067657,106.20112,2022-10-11 01:02:47.072988928,419.59827,0.0
2022-10-11,21.110401,106.19999,2022-10-11 01:02:47.127022336,418.53632,0.0
2022-10-11,21.131853,106.19939,2022-10-11 01:02:47.154018560,419.02856,0.0
2022-10-11,21.153341,106.19873,2022-10-11 01:02:47.181015040,419.51462,0.0
2022-10-11,21.174852,106.19798,2022-10-11 01:02:47.208011264,418.2749,0.0
2022-10-11,21.1964,106.19719,2022-10-11 01:02:47.235007744,418.53452,0.0
2022-10-11,21.21798,106.19632,2022-10-11 01:02:47.262004480,418.24323,0.0
2022-10-11,21.083763,106.21515,2022-10-11 01:02:47.405998592,418.80786,0.0
2022-10-11,21.10513,106.21468,2022-10-11 01:02:47.432995072,416.67215,0.0
2022-10-11,21.126484,106.214066,2022-10-11 01:02:47.459991552,417.5998,0.0
2022-10-11,21.1479,106.21339,2022-10-11 01:02:47.486988032,417.64468,0.0
2022-10-11,21.212318,106.2109,2022-10-11 01:02:47.568017408,418.36795,0.0
2022-10-11,21.121222,106.22867,2022-10-11 01:02:47.767010816,418.70328,0.0
2022-10-11,21.164017,106.22758,2022-10-11 01:02:47.821003520,417.68515,0.0
2022-10-11,21.185434,106.22688,2022-10-11 01:02:47.848000000,419.74124,0.0
2022-10-11,21.206804,106.22595,2022-10-11 01:02:47.874996480,418.66968,0.0
2022-10-11,21.228481,106.22536,2022-10-11 01:02:47.901992704,419.79453,0.0
2022-10-11,21.250093,106.224525,2022-10-11 01:02:47.928989184,418.58694,0.0
2022-10-11,21.137287,106.24263,2022-10-11 01:02:48.100020480,418.89157,0.0
2022-10-11,21.158754,106.24218,2022-10-11 01:02:48.127016704,418.7407,0.0
2022-10-11,21.180218,106.24161,2022-10-11 01:02:48.154013184,417.70877,0.0
2022-10-11,21.201544,106.24068,2022-10-11 01:02:48.181009408,418.81274,0.0
2022-10-11,21.223057,106.23995,2022-10-11 01:02:48.208005888,419.3798,0.0
2022-10-11,21.244753,106.23941,2022-10-11 01:02:48.235002624,418.07098,0.0
2022-10-11,21.26632,106.23853,2022-10-11 01:02:48.261998848,418.33865,0.0
2022-10-11,21.13204,106.257355,2022-10-11 01:02:48.405993216,418.18375,0.0
2022-10-11,21.153393,106.25688,2022-10-11 01:02:48.432989696,417.54117,0.0
2022-10-11,21.19617,106.25571,2022-10-11 01:02:48.487022848,418.342,0.0
2022-10-11,21.26068,106.2536,2022-10-11 01:02:48.568012288,419.49088,0.0
2022-10-11,21.282238,106.252754,2022-10-11 01:02:48.595008512,419.46213,0.0
2022-10-11,20.309177,105.38962,2022-10-11 01:02:51.073007616,418.66504,0.0
2022-10-11,20.342007,105.377815,2022-10-11 01:02:51.127000320,418.61655,0.0
2022-10-11,20.40629,105.37182,2022-10-11 01:02:51.540999424,418.14142,0.0
2022-10-11,20.438232,105.35734,2022-10-11 01:02:51.594992128,419.98773,0.0
2022-10-11,20.357216,105.41082,2022-10-11 01:02:51.766989056,418.79968,0.0
2022-10-11,20.422295,105.3852,2022-10-11 01:02:51.875014656,419.16074,0.0
2022-10-11,20.405872,105.41185,2022-10-11 01:02:52.153991424,417.88834,0.0
2022-10-11,20.422075,105.4052,2022-10-11 01:02:52.180987904,418.23334,0.0
2022-10-11,20.455257,105.394104,2022-10-11 01:02:52.235021056,418.5648,0.0
2022-10-11,20.471504,105.38763,2022-10-11 01:02:52.262017536,416.86398,0.0
2022-10-11,20.47146,105.40805,2022-10-11 01:02:52.567990272,416.74567,0.0
2022-10-11,20.48769,105.401535,2022-10-11 01:02:52.595026944,416.85754,0.0
2022-10-11,20.405493,105.452324,2022-10-11 01:02:52.767023872,417.09595,0.0
2022-10-11,20.438683,105.4413,2022-10-11 01:02:52.821016576,418.10602,0.0
2022-10-11,20.454975,105.434906,2022-10-11 01:02:52.848012800,418.71664,0.0
2022-10-11,20.471252,105.4285,2022-10-11 01:02:52.875009536,418.30832,0.0
2022-10-11,20.487494,105.42202,2022-10-11 01:02:52.902006016,417.55273,0.0
2022-10-11,20.503693,105.41546,2022-10-11 01:02:52.929002240,417.74573,0.0
2022-10-11,20.405567,105.47397,2022-10-11 01:02:53.072996608,418.5948,0.0
2022-10-11,20.422062,105.46803,2022-10-11 01:02:53.099993344,418.00897,0.0
2022-10-11,20.438427,105.46171,2022-10-11 01:02:53.126989568,416.96332,0.0
2022-10-11,20.454767,105.45534,2022-10-11 01:02:53.154026240,417.8987,0.0
2022-10-11,20.471064,105.448875,2022-10-11 01:02:53.181022720,418.20908,0.0
2022-10-11,20.487358,105.44244,2022-10-11 01:02:53.208019200,417.80496,0.0
2022-10-11,20.503561,105.4358,2022-10-11 01:02:53.235015680,416.9488,0.0
2022-10-11,20.519855,105.42942,2022-10-11 01:02:53.262011904,416.74432,0.0
2022-10-11,20.421766,105.48822,2022-10-11 01:02:53.406006272,418.19366,0.0
2022-10-11,20.438118,105.48191,2022-10-11 01:02:53.433003008,416.42966,0.0
2022-10-11,20.454447,105.47558,2022-10-11 01:02:53.459999232,417.5356,0.0
2022-10-11,20.470602,105.46872,2022-10-11 01:02:53.486995712,418.63132,0.0
2022-10-11,20.487034,105.4627,2022-10-11 01:02:53.513992192,418.02692,0.0
2022-10-11,20.503307,105.45624,2022-10-11 01:02:53.540988416,417.97604,0.0
2022-10-11,20.51964,105.44997,2022-10-11 01:02:53.568025088,418.22177,0.0
2022-10-11,20.535873,105.443436,2022-10-11 01:02:53.595021824,416.69534,0.0
2022-10-11,20.4379,105.502045,2022-10-11 01:02:53.740022016,417.70615,0.0
2022-10-11,20.45428,105.49575,2022-10-11 01:02:53.767018240,418.5766,0.0
2022-10-11,20.47062,105.48936,2022-10-11 01:02:53.794014720,416.72098,0.0
2022-10-11,20.503275,105.476585,2022-10-11 01:02:53.848007680,418.86285,0.0
2022-10-11,20.51959,105.47023,2022-10-11 01:02:53.875004160,418.21118,0.0
2022-10-11,20.535797,105.46363,2022-10-11 01:02:53.902000384,417.18195,0.0
2022-10-11,20.552013,105.45708,2022-10-11 01:02:53.928997120,414.5961,0.0
2022-10-11,20.45409,105.51581,2022-10-11 01:02:54.072991488,417.28696,0.0
2022-10-11,20.470284,105.508865,2022-10-11 01:02:54.099987712,417.77103,0.0
2022-10-11,20.486732,105.50275,2022-10-11 01:02:54.127024384,417.0744,0.0
2022-10-11,20.50322,105.49676,2022-10-11 01:02:54.154020864,417.60693,0.0
2022-10-11,20.519478,105.49012,2022-10-11 01:02:54.181017344,416.15436,0.0
2022-10-11,20.535883,105.48395,2022-10-11 01:02:54.208013824,417.86166,0.0
2022-10-11,20.551643,105.47611,2022-10-11 01:02:54.235010048,419.18683,0.0
2022-10-11,20.56825,105.47055,2022-10-11 01:02:54.262006528,417.11664,0.0
2022-10-11,20.470093,105.52912,2022-10-11 01:02:54.406001152,416.88818,0.0
2022-10-11,20.48656,105.523254,2022-10-11 01:02:54.432997376,417.6506,0.0
2022-10-11,20.502909,105.51704,2022-10-11 01:02:54.459993856,417.27496,0.0
2022-10-11,20.519114,105.51032,2022-10-11 01:02:54.486990336,418.40015,0.0
2022-10-11,20.535444,105.504,2022-10-11 01:02:54.514027008,417.46698,0.0
2022-10-11,20.567335,105.48934,2022-10-11 01:02:54.568019968,418.51004,0.0
2022-10-11,20.486385,105.543495,2022-10-11 01:02:54.740016384,417.87988,0.0
2022-10-11,20.502737,105.53714,2022-10-11 01:02:54.767012864,418.1201,0.0
2022-10-11,20.519102,105.53086,2022-10-11 01:02:54.794009088,417.23312,0.0
2022-10-11,20.535398,105.524475,2022-10-11 01:02:54.821005824,417.06152,0.0
2022-10-11,20.551628,105.51794,2022-10-11 01:02:54.848002304,418.74954,0.0
2022-10-11,20.567633,105.510826,2022-10-11 01:02:54.874998528,417.5428,0.0
2022-10-11,20.502018,105.55655,2022-10-11 01:02:55.073026304,416.9891,0.0
2022-10-11,20.518658,105.55113,2022-10-11 01:02:55.100022528,418.48218,0.0
2022-10-11,20.534899,105.5445,2022-10-11 01:02:55.127019008,416.73175,0.0
2022-10-11,20.551243,105.538216,2022-10-11 01:02:55.154015488,417.23264,0.0
2022-10-11,20.567339,105.53125,2022-10-11 01:02:55.181011968,418.38144,0.0
2022-10-11,20.583475,105.52446,2022-10-11 01:02:55.208008192,418.24237,0.0
2022-10-11,20.53472,105.56435,2022-10-11 01:02:55.432992000,417.35068,0.0
2022-10-11,20.56761,105.552284,2022-10-11 01:02:55.487024896,418.5864,0.0
2022-10-11,20.583977,105.546104,2022-10-11 01:02:55.514021376,418.66028,0.0
2022-10-11,20.534512,105.58511,2022-10-11 01:02:55.740011008,419.13312,0.0
2022-10-11,20.550947,105.579124,2022-10-11 01:02:55.767007232,418.20026,0.0
2022-10-11,20.567312,105.572945,2022-10-11 01:02:55.794003968,418.38916,0.0
2022-10-11,20.583712,105.56685,2022-10-11 01:02:55.821000448,417.31918,0.0
2022-10-11,20.599936,105.56026,2022-10-11 01:02:55.847996672,417.97382,0.0
2022-10-11,20.61628,105.55402,2022-10-11 01:02:55.874993408,416.4971,0.0
2022-10-11,20.632553,105.54761,2022-10-11 01:02:55.901989632,418.5756,0.0
2022-10-11,20.648815,105.541176,2022-10-11 01:02:55.929026304,419.7525,0.0
2022-10-11,20.550594,105.59937,2022-10-11 01:02:56.073020672,418.2022,0.0
2022-10-11,20.567015,105.59318,2022-10-11 01:02:56.100017152,417.3782,0.0
2022-10-11,20.599884,105.58095,2022-10-11 01:02:56.154010112,417.9386,0.0
2022-10-11,20.616213,105.57454,2022-10-11 01:02:56.181006336,417.10532,0.0
2022-10-11,20.632513,105.568085,2022-10-11 01:02:56.208002816,417.14276,0.0
2022-10-11,20.648806,105.56162,2022-10-11 01:02:56.234999296,417.10153,0.0
2022-10-11,20.665075,105.555115,2022-10-11 01:02:56.261995776,418.2059,0.0
2022-10-11,20.566912,105.61355,2022-10-11 01:02:56.405990144,418.3916,0.0
2022-10-11,20.583387,105.60753,2022-10-11 01:02:56.432986624,419.93155,0.0
2022-10-11,20.599758,105.60122,2022-10-11 01:02:56.460023040,418.62146,0.0
2022-10-11,20.616045,105.594666,2022-10-11 01:02:56.487019520,416.51346,0.0
2022-10-11,20.632366,105.588234,2022-10-11 01:02:56.514016256,417.85345,0.0
2022-10-11,20.648464,105.581215,2022-10-11 01:02:56.541012480,417.68835,0.0
2022-10-11,20.664883,105.575096,2022-10-11 01:02:56.568008960,416.90616,0.0
2022-10-11,20.681147,105.56859,2022-10-11 01:02:56.595005440,418.03958,0.0
2022-10-11,20.583183,105.62757,2022-10-11 01:02:56.740005376,417.92426,0.0
2022-10-11,20.599442,105.620995,2022-10-11 01:02:56.767002112,417.49927,0.0
2022-10-11,20.61542,105.613625,2022-10-11 01:02:56.793998592,416.2455,0.0
2022-10-11,20.631948,105.607956,2022-10-11 01:02:56.820994816,417.12366,0.0
2022-10-11,20.664755,105.595795,2022-10-11 01:02:56.874987776,416.75543,0.0
2022-10-11,20.680996,105.58913,2022-10-11 01:02:56.902024448,416.66333,0.0
2022-10-11,20.69725,105.58253,2022-10-11 01:02:56.929020928,417.6974,0.0
2022-10-11,20.599413,105.64101,2022-10-11 01:02:57.073015296,417.94333,0.0
2022-10-11,20.615686,105.63458,2022-10-11 01:02:57.100011776,419.23386,0.0
2022-10-11,20.632019,105.628365,2022-10-11 01:02:57.127008256,419.62177,0.0
2022-10-11,20.648329,105.62211,2022-10-11 01:02:57.154004480,418.87866,0.0
2022-10-11,20.664654,105.61592,2022-10-11 01:02:57.181000960,418.74063,0.0
2022-10-11,20.680508,105.60847,2022-10-11 01:02:57.207997440,418.6903,0.0
2022-10-11,20.61531,105.655556,2022-10-11 01:02:57.406024960,417.069,0.0
2022-10-11,20.631777,105.649445,2022-10-11 01:02:57.433021184,417.44833,0.0
2022-10-11,20.648186,105.64319,2022-10-11 01:02:57.460017664,417.00095,0.0
2022-10-11,20.664469,105.63662,2022-10-11 01:02:57.487014400,416.914,0.0
2022-10-11,20.68071,105.629974,2022-10-11 01:02:57.514010624,417.83582,0.0
2022-10-11,20.6971,105.62377,2022-10-11 01:02:57.541007104,417.26788,0.0
2022-10-11,20.713438,105.61744,2022-10-11 01:02:57.568003584,417.76758,0.0
2022-10-11,20.729626,105.61072,2022-10-11 01:02:57.595000064,416.92038,0.0
2022-10-11,20.63164,105.66962,2022-10-11 01:02:57.740000256,417.5036,0.0
2022-10-11,20.648035,105.663445,2022-10-11 01:02:57.766996736,417.0615,0.0
2022-10-11,20.664383,105.65715,2022-10-11 01:02:57.793992960,417.2502,0.0
2022-10-11,20.680674,105.65075,2022-10-11 01:02:57.820989696,417.49283,0.0
2022-10-11,20.696976,105.64441,2022-10-11 01:02:57.848026368,418.54138,0.0
2022-10-11,20.713259,105.63802,2022-10-11 01:02:57.875022592,417.3836,0.0
2022-10-11,20.729454,105.63138,2022-10-11 01:02:57.902019072,417.54688,0.0
2022-10-11,20.745728,105.62496,2022-10-11 01:02:57.929015296,418.3836,0.0
2022-10-11,20.647684,105.68371,2022-10-11 01:02:58.073009920,416.46805,0.0
2022-10-11,20.664068,105.6774,2022-10-11 01:02:58.100006400,417.13614,0.0
2022-10-11,20.680445,105.67111,2022-10-11 01:02:58.127002624,417.51437,0.0
2022-10-11,20.696802,105.66479,2022-10-11 01:02:58.153999104,417.89334,0.0
2022-10-11,20.72935,105.65173,2022-10-11 01:02:58.207992064,417.0473,0.0
2022-10-11,20.745571,105.6451,2022-10-11 01:02:58.234988544,416.96713,0.0
2022-10-11,20.761969,105.63897,2022-10-11 01:02:58.262025216,417.1847,0.0
2022-10-11,20.663792,105.69772,2022-10-11 01:02:58.406019328,418.77036,0.0
2022-10-11,20.680159,105.69148,2022-10-11 01:02:58.433015808,417.8404,0.0
2022-10-11,20.696432,105.685,2022-10-11 01:02:58.460012544,417.74472,0.0
2022-10-11,20.712826,105.67879,2022-10-11 01:02:58.487008768,418.1244,0.0
2022-10-11,20.729124,105.67231,2022-10-11 01:02:58.514005248,416.9872,0.0
2022-10-11,20.77789,105.65267,2022-10-11 01:02:58.594994432,419.09628,0.0
2022-10-11,20.71289,105.699,2022-10-11 01:02:58.793987840,417.0373,0.0
2022-10-11,20.745564,105.6863,2022-10-11 01:02:58.848020736,418.2822,0.0
2022-10-11,20.761866,105.67992,2022-10-11 01:02:58.875017216,418.00928,0.0
2022-10-11,20.778124,105.673454,2022-10-11 01:02:58.902013440,417.59848,0.0
2022-10-11,20.794373,105.666985,2022-10-11 01:02:58.929009920,417.7314,0.0
2022-10-11,20.696196,105.72558,2022-10-11 01:02:59.073004544,416.59955,0.0
2022-10-11,20.712582,105.71931,2022-10-11 01:02:59.100000768,418.13556,0.0
2022-10-11,20.728952,105.71302,2022-10-11 01:02:59.126997248,418.1589,0.0
2022-10-11,20.7453,105.70669,2022-10-11 01:02:59.153993728,418.2858,0.0
2022-10-11,20.761621,105.700294,2022-10-11 01:02:59.180990208,418.339,0.0
2022-10-11,20.777927,105.69389,2022-10-11 01:02:59.208026880,418.5392,0.0
2022-10-11,20.794212,105.68745,2022-10-11 01:02:59.235023360,417.95856,0.0
2022-10-11,20.810478,105.68097,2022-10-11 01:02:59.262019584,418.73087,0.0
2022-10-11,20.712345,105.73949,2022-10-11 01:02:59.406013952,418.04242,0.0
2022-10-11,20.728718,105.73326,2022-10-11 01:02:59.433010688,417.76816,0.0
2022-10-11,20.745062,105.72698,2022-10-11 01:02:59.460006912,417.7983,0.0
2022-10-11,20.761368,105.720695,2022-10-11 01:02:59.487003392,417.53653,0.0
2022-10-11,20.777643,105.71435,2022-10-11 01:02:59.513999872,417.71997,0.0
2022-10-11,20.793907,105.70799,2022-10-11 01:02:59.540996352,418.05133,0.0
2022-10-11,20.810143,105.70158,2022-10-11 01:02:59.567992576,418.02133,0.0
2022-10-11,20.826355,105.695114,2022-10-11 01:02:59.594989056,418.5777,0.0
2022-10-11,20.728237,105.75361,2022-10-11 01:02:59.739989248,418.47687,0.0
2022-10-11,20.74466,105.747375,2022-10-11 01:02:59.766985984,417.46646,0.0
2022-10-11,20.761042,105.74104,2022-10-11 01:02:59.794022656,417.56262,0.0
2022-10-11,20.777391,105.73471,2022-10-11 01:02:59.821018880,417.9532,0.0
2022-10-11,20.793716,105.72835,2022-10-11 01:02:59.848015360,417.00516,0.0
2022-10-11,20.810003,105.72192,2022-10-11 01:02:59.875011584,417.02805,0.0
2022-10-11,20.826283,105.71552,2022-10-11 01:02:59.902008064,418.24478,0.0
2022-10-11,20.842522,105.70904,2022-10-11 01:02:59.929004544,418.33127,0.0
2022-10-11,20.744368,105.76762,2022-10-11 01:03:00.072998912,417.78708,0.0
2022-10-11,20.760773,105.76135,2022-10-11 01:03:00.099995392,417.6781,0.0
2022-10-11,20.777153,105.75504,2022-10-11 01:03:00.126991872,418.7721,0.0
2022-10-11,20.793516,105.74871,2022-10-11 01:03:00.153988352,417.5896,0.0
2022-10-11,20.809849,105.74232,2022-10-11 01:03:00.181025024,417.89285,0.0
2022-10-11,20.82617,105.73594,2022-10-11 01:03:00.208021504,418.31134,0.0
2022-10-11,20.842438,105.72948,2022-10-11 01:03:00.235017728,419.51248,0.0
2022-10-11,20.858696,105.72301,2022-10-11 01:03:00.262014464,418.441,0.0
2022-10-11,20.760426,105.781654,2022-10-11 01:03:00.406008832,418.2196,0.0
2022-10-11,20.793156,105.769135,2022-10-11 01:03:00.460001536,418.49295,0.0
2022-10-11,20.825827,105.75641,2022-10-11 01:03:00.513994496,418.77792,0.0
2022-10-11,20.842142,105.75001,2022-10-11 01:03:00.540990720,419.01495,0.0
2022-10-11,20.858437,105.743576,2022-10-11 01:03:00.567987200,418.6199,0.0
2022-10-11,20.874716,105.73713,2022-10-11 01:03:00.595023872,418.44376,0.0
2022-10-11,20.776524,105.79566,2022-10-11 01:03:00.740024064,419.35983,0.0
2022-10-11,20.792889,105.7894,2022-10-11 01:03:00.767020800,418.60532,0.0
2022-10-11,20.809244,105.78314,2022-10-11 01:03:00.794017024,419.16708,0.0
2022-10-11,20.82557,105.776825,2022-10-11 01:03:00.821013504,418.59958,0.0
2022-10-11,20.85818,105.76408,2022-10-11 01:03:00.875006208,419.20493,0.0
2022-10-11,20.87448,105.757614,2022-10-11 01:03:00.902002688,418.941,0.0
2022-10-11,20.890762,105.75113,2022-10-11 01:03:00.928999168,418.61157,0.0
2022-10-11,20.792768,105.809586,2022-10-11 01:03:01.072993536,416.83548,0.0
2022-10-11,20.82554,105.797035,2022-10-11 01:03:01.127026432,417.3971,0.0
2022-10-11,20.841908,105.79074,2022-10-11 01:03:01.154023168,418.18246,0.0
2022-10-11,20.858242,105.78438,2022-10-11 01:03:01.181019648,417.72308,0.0
2022-10-11,20.874552,105.777985,2022-10-11 01:03:01.208015872,417.90945,0.0
2022-10-11,20.890814,105.77154,2022-10-11 01:03:01.235012608,418.44534,0.0
2022-10-11,20.90707,105.7651,2022-10-11 01:03:01.262008832,419.00476,0.0
2022-10-11,20.80889,105.82364,2022-10-11 01:03:01.406003200,419.27286,0.0
2022-10-11,20.82528,105.8174,2022-10-11 01:03:01.432999680,419.1479,0.0
2022-10-11,20.841646,105.81112,2022-10-11 01:03:01.459996160,419.09753,0.0
2022-10-11,20.874311,105.798416,2022-10-11 01:03:01.513988864,418.1497,0.0
2022-10-11,20.890612,105.792015,2022-10-11 01:03:01.541025536,418.56973,0.0
2022-10-11,20.9069,105.78558,2022-10-11 01:03:01.568022016,418.53775,0.0
2022-10-11,20.923159,105.7791,2022-10-11 01:03:01.595018496,418.47565,0.0
2022-10-11,20.824972,105.83761,2022-10-11 01:03:01.740018944,417.47125,0.0
2022-10-11,20.841372,105.8314,2022-10-11 01:03:01.767015168,417.93643,0.0
2022-10-11,20.857738,105.8251,2022-10-11 01:03:01.794011648,418.20645,0.0
2022-10-11,20.874073,105.81882,2022-10-11 01:03:01.821007872,418.4668,0.0
2022-10-11,20.890383,105.812485,2022-10-11 01:03:01.848004352,418.09943,0.0
2022-10-11,20.906662,105.806076,2022-10-11 01:03:01.875000832,417.62494,0.0
2022-10-11,20.922937,105.799644,2022-10-11 01:03:01.901997312,417.76813,0.0
2022-10-11,20.939186,105.79316,2022-10-11 01:03:01.928993792,417.48874,0.0
2022-10-11,20.840979,105.85159,2022-10-11 01:03:02.072988160,419.23532,0.0
2022-10-11,20.857359,105.84533,2022-10-11 01:03:02.100024576,418.58704,0.0
2022-10-11,20.873724,105.83904,2022-10-11 01:03:02.127021312,418.9197,0.0
2022-10-11,20.89008,105.832756,2022-10-11 01:03:02.154017792,417.8942,0.0
2022-10-11,20.906404,105.82641,2022-10-11 01:03:02.181014016,417.01514,0.0
2022-10-11,20.922724,105.82006,2022-10-11 01:03:02.208010752,418.57166,0.0
2022-10-11,20.939007,105.81364,2022-10-11 01:03:02.235006976,417.9341,0.0
2022-10-11,20.857006,105.86572,2022-10-11 01:03:02.405997824,417.5706,0.0
2022-10-11,20.873377,105.85946,2022-10-11 01:03:02.432994304,418.21042,0.0
2022-10-11,20.906096,105.84686,2022-10-11 01:03:02.486987008,417.68134,0.0
2022-10-11,20.922443,105.84051,2022-10-11 01:03:02.514023680,417.0824,0.0
2022-10-11,20.938765,105.8341,2022-10-11 01:03:02.541020160,417.89368,0.0
2022-10-11,20.95506,105.82764,2022-10-11 01:03:02.568016640,418.51828,0.0
2022-10-11,20.971342,105.82116,2022-10-11 01:03:02.595013120,416.75003,0.0
2022-10-11,20.873165,105.87963,2022-10-11 01:03:02.740013312,417.44916,0.0
2022-10-11,20.889559,105.87341,2022-10-11 01:03:02.767009792,417.9571,0.0
2022-10-11,20.922262,105.86081,2022-10-11 01:03:02.821002496,418.77005,0.0
2022-10-11,20.938595,105.854485,2022-10-11 01:03:02.847998976,418.26987,0.0
2022-10-11,20.954893,105.848076,2022-10-11 01:03:02.874995456,418.0857,0.0
2022-10-11,20.971186,105.84165,2022-10-11 01:03:02.901991936,417.45444,0.0
2022-10-11,20.987457,105.83519,2022-10-11 01:03:02.928988416,418.08032,0.0
2022-10-11,20.889294,105.89365,2022-10-11 01:03:03.073022720,417.5039,0.0
2022-10-11,20.905682,105.8874,2022-10-11 01:03:03.100019456,417.37546,0.0
2022-10-11,20.97104,105.8621,2022-10-11 01:03:03.208005120,417.47958,0.0
2022-10-11,20.987309,105.85562,2022-10-11 01:03:03.235001600,416.9303,0.0
2022-10-11,21.003574,105.84916,2022-10-11 01:03:03.261997824,417.79666,0.0
2022-10-11,20.954515,105.88883,2022-10-11 01:03:03.487021824,416.51163,0.0
2022-10-11,20.987177,105.87607,2022-10-11 01:03:03.541014784,418.70264,0.0
2022-10-11,21.003477,105.86962,2022-10-11 01:03:03.568011264,417.8008,0.0
2022-10-11,20.937939,105.91538,2022-10-11 01:03:03.767004160,418.01984,0.0
2022-10-11,21.00328,105.8901,2022-10-11 01:03:03.874990080,418.04706,0.0
2022-10-11,20.953966,105.92943,2022-10-11 01:03:04.100014080,417.9659,0.0
2022-10-11,21.019367,105.90409,2022-10-11 01:03:04.207999744,417.87564,0.0
2022-10-11,21.035666,105.89766,2022-10-11 01:03:04.234995968,417.65826,0.0
2022-10-11,21.051945,105.8912,2022-10-11 01:03:04.261992448,418.1997,0.0
2022-10-11,20.970097,105.943405,2022-10-11 01:03:04.433023744,418.3862,0.0
2022-10-11,20.986464,105.93711,2022-10-11 01:03:04.460019968,417.928,0.0
2022-10-11,21.002829,105.93081,2022-10-11 01:03:04.487016448,417.55017,0.0
2022-10-11,21.019169,105.924446,2022-10-11 01:03:04.514012928,418.59918,0.0
2022-10-11,21.051798,105.91165,2022-10-11 01:03:04.568005888,417.51837,0.0
2022-10-11,21.068083,105.9052,2022-10-11 01:03:04.595002112,417.47247,0.0
2022-10-11,20.986158,105.95748,2022-10-11 01:03:04.766998784,418.52,0.0
2022-10-11,21.002512,105.95122,2022-10-11 01:03:04.793995264,417.90262,0.0
2022-10-11,21.018847,105.94491,2022-10-11 01:03:04.820991744,418.0468,0.0
2022-10-11,21.051464,105.93217,2022-10-11 01:03:04.875024896,417.72372,0.0
2022-10-11,21.067762,105.92577,2022-10-11 01:03:04.902021376,418.5323,0.0
2022-10-11,21.08403,105.91931,2022-10-11 01:03:04.929017856,418.0841,0.0
2022-10-11,20.985786,105.977806,2022-10-11 01:03:05.073012224,418.581,0.0
2022-10-11,21.002186,105.97157,2022-10-11 01:03:05.100008448,417.65067,0.0
2022-10-11,21.018564,105.9653,2022-10-11 01:03:05.127005184,418.6154,0.0
2022-10-11,21.051258,105.95265,2022-10-11 01:03:05.180997888,419.7912,0.0
2022-10-11,21.06757,105.94627,2022-10-11 01:03:05.207994112,419.03082,0.0
2022-10-11,21.083855,105.939865,2022-10-11 01:03:05.234990592,418.00406,0.0
2022-10-11,21.10012,105.93342,2022-10-11 01:03:05.261987328,417.9847,0.0
2022-10-11,21.001825,105.99191,2022-10-11 01:03:05.406021888,418.13782,0.0
2022-10-11,21.018219,105.985664,2022-10-11 01:03:05.433018112,418.1093,0.0
2022-10-11,21.034595,105.97939,2022-10-11 01:03:05.460014592,418.45258,0.0
2022-10-11,21.050972,105.973076,2022-10-11 01:03:05.487011072,418.79074,0.0
2022-10-11,21.067337,105.96673,2022-10-11 01:03:05.514007552,418.03928,0.0
2022-10-11,21.083677,105.96033,2022-10-11 01:03:05.541004032,417.86807,0.0
2022-10-11,21.099989,105.95388,2022-10-11 01:03:05.568000256,418.10422,0.0
2022-10-11,21.11629,105.94741,2022-10-11 01:03:05.594996992,418.0493,0.0
2022-10-11,21.018042,106.00588,2022-10-11 01:03:05.739996928,417.92322,0.0
2022-10-11,21.05078,105.99345,2022-10-11 01:03:05.793989888,419.0686,0.0
2022-10-11,21.067102,105.98713,2022-10-11 01:03:05.821026560,419.48553,0.0
2022-10-11,21.099716,105.97444,2022-10-11 01:03:05.875019520,417.87912,0.0
2022-10-11,21.116013,105.968025,2022-10-11 01:03:05.902016000,417.81424,0.0
2022-10-11,21.132288,105.96157,2022-10-11 01:03:05.929012224,418.56607,0.0
2022-10-11,21.034035,106.020004,2022-10-11 01:03:06.073006592,418.86603,0.0
2022-10-11,21.050434,106.01378,2022-10-11 01:03:06.100003328,418.7289,0.0
2022-10-11,21.06681,106.007515,2022-10-11 01:03:06.126999552,419.3602,0.0
2022-10-11,21.083166,106.00121,2022-10-11 01:03:06.153996032,417.5586,0.0
2022-10-11,21.0995,105.99488,2022-10-11 01:03:06.180992256,417.87082,0.0
2022-10-11,21.132126,105.982086,2022-10-11 01:03:06.235025408,418.4474,0.0
2022-10-11,21.148413,105.97564,2022-10-11 01:03:06.262022144,418.369,0.0
2022-10-11,21.050217,106.034004,2022-10-11 01:03:06.406016256,418.65274,0.0
2022-10-11,21.066628,106.027794,2022-10-11 01:03:06.433012736,417.1377,0.0
2022-10-11,21.083,106.02149,2022-10-11 01:03:06.460009216,418.4108,0.0
2022-10-11,21.099352,106.0152,2022-10-11 01:03:06.487005696,418.86905,0.0
2022-10-11,21.115654,106.0088,2022-10-11 01:03:06.514002176,417.83478,0.0
2022-10-11,21.148283,105.99612,2022-10-11 01:03:06.567995136,419.02353,0.0
2022-10-11,21.164553,105.98968,2022-10-11 01:03:06.594991360,418.09488,0.0
2022-10-11,21.082695,106.041855,2022-10-11 01:03:06.766988032,419.31537,0.0
2022-10-11,21.099081,106.03557,2022-10-11 01:03:06.794024704,417.87134,0.0
2022-10-11,21.115427,106.0292,2022-10-11 01:03:06.821021184,418.45166,0.0
2022-10-11,21.13179,106.022896,2022-10-11 01:03:06.848017664,418.10162,0.0
2022-10-11,21.14811,106.01652,2022-10-11 01:03:06.875014144,418.87857,0.0
2022-10-11,21.180676,106.00369,2022-10-11 01:03:06.929006848,418.07086,0.0
2022-10-11,21.082386,106.06225,2022-10-11 01:03:07.073001472,417.13446,0.0
2022-10-11,21.098768,106.05596,2022-10-11 01:03:07.099997696,418.90308,0.0
2022-10-11,21.115145,106.04969,2022-10-11 01:03:07.126994176,418.5854,0.0
2022-10-11,21.1315,106.04338,2022-10-11 01:03:07.153990400,418.66406,0.0
2022-10-11,21.147837,106.03704,2022-10-11 01:03:07.181027072,419.12027,0.0
2022-10-11,21.164154,106.030655,2022-10-11 01:03:07.208023552,417.62375,0.0
2022-10-11,21.180462,106.02424,2022-10-11 01:03:07.235020288,418.5619,0.0
2022-10-11,21.196747,106.01777,2022-10-11 01:03:07.262016512,418.2339,0.0
2022-10-11,21.098597,106.0761,2022-10-11 01:03:07.406010880,417.74493,0.0
2022-10-11,21.115002,106.06987,2022-10-11 01:03:07.433007360,418.08234,0.0
2022-10-11,21.131386,106.06361,2022-10-11 01:03:07.460003840,418.19553,0.0
2022-10-11,21.147707,106.057335,2022-10-11 01:03:07.487000320,418.29462,0.0
2022-10-11,21.163994,106.05102,2022-10-11 01:03:07.513996544,417.57574,0.0
2022-10-11,21.180273,106.04469,2022-10-11 01:03:07.540993280,417.5519,0.0
2022-10-11,21.196527,106.038315,2022-10-11 01:03:07.567989504,418.16403,0.0
2022-10-11,21.21276,106.031906,2022-10-11 01:03:07.595026176,417.68683,0.0
2022-10-11,21.114454,106.09038,2022-10-11 01:03:07.740026368,417.9484,0.0
2022-10-11,21.130882,106.084145,2022-10-11 01:03:07.767022848,417.1499,0.0
2022-10-11,21.147276,106.077835,2022-10-11 01:03:07.794019328,418.08536,0.0
2022-10-11,21.163658,106.071526,2022-10-11 01:03:07.821015808,417.47333,0.0
2022-10-11,21.180021,106.06517,2022-10-11 01:03:07.848012288,417.41147,0.0
2022-10-11,21.196344,106.0588,2022-10-11 01:03:07.875008512,418.93744,0.0
2022-10-11,21.130472,106.10443,2022-10-11 01:03:08.072995840,417.88834,0.0
2022-10-11,21.146778,106.097916,2022-10-11 01:03:08.099992320,417.85556,0.0
2022-10-11,21.163258,106.09198,2022-10-11 01:03:08.126988544,417.95242,0.0
2022-10-11,21.179619,106.0857,2022-10-11 01:03:08.154025216,418.01007,0.0
2022-10-11,21.24484,106.06015,2022-10-11 01:03:08.262011136,418.8052,0.0
2022-10-11,21.146545,106.11846,2022-10-11 01:03:08.406005504,418.10907,0.0
2022-10-11,21.162958,106.11224,2022-10-11 01:03:08.433001984,418.26373,0.0
2022-10-11,21.179352,106.105995,2022-10-11 01:03:08.459998464,418.80823,0.0
2022-10-11,21.228315,106.08689,2022-10-11 01:03:08.540987648,418.22446,0.0
2022-10-11,21.244644,106.08058,2022-10-11 01:03:08.568024320,417.6124,0.0
2022-10-11,21.260906,106.07411,2022-10-11 01:03:08.595020800,417.6754,0.0
2022-10-11,21.162664,106.13254,2022-10-11 01:03:08.740020992,417.87833,0.0
2022-10-11,21.179081,106.126305,2022-10-11 01:03:08.767017472,418.3814,0.0
2022-10-11,21.228186,106.1074,2022-10-11 01:03:08.848006656,418.15637,0.0
2022-10-11,21.244497,106.101006,2022-10-11 01:03:08.875003136,417.8718,0.0
2022-10-11,21.260786,106.0946,2022-10-11 01:03:08.901999360,418.32718,0.0
2022-10-11,21.27706,106.08816,2022-10-11 01:03:08.928996096,417.97696,0.0
2022-10-11,21.178707,106.14658,2022-10-11 01:03:09.072990464,417.8823,0.0
2022-10-11,21.195122,106.14035,2022-10-11 01:03:09.100027136,418.84232,0.0
2022-10-11,21.260567,106.115036,2022-10-11 01:03:09.208012800,417.7579,0.0
2022-10-11,21.276876,106.10862,2022-10-11 01:03:09.235009280,417.0584,0.0
2022-10-11,21.293179,106.102196,2022-10-11 01:03:09.262005760,417.46338,0.0
2022-10-11,21.211298,106.15438,2022-10-11 01:03:09.432996608,417.94943,0.0
2022-10-11,21.227594,106.14784,2022-10-11 01:03:09.459992832,419.5403,0.0
2022-10-11,21.260359,106.13553,2022-10-11 01:03:09.514026240,417.52826,0.0
2022-10-11,21.309196,106.116325,2022-10-11 01:03:09.595015168,418.4657,0.0
2022-10-11,21.227224,106.1685,2022-10-11 01:03:09.767012096,419.1591,0.0
2022-10-11,21.243637,106.1623,2022-10-11 01:03:09.794008576,418.1937,0.0
2022-10-11,21.260004,106.15599,2022-10-11 01:03:09.821004800,417.6643,0.0
2022-10-11,21.276363,106.14967,2022-10-11 01:03:09.848001280,417.60687,0.0
2022-10-11,21.292667,106.14328,2022-10-11 01:03:09.874997504,418.2049,0.0
2022-10-11,21.308937,106.1369,2022-10-11 01:03:09.901994240,418.45572,0.0
2022-10-11,21.325188,106.130486,2022-10-11 01:03:09.928990720,418.58118,0.0
2022-10-11,20.367819,105.20927,2022-10-11 01:03:13.180994816,418.45404,0.0
2022-10-11,20.331203,105.26239,2022-10-11 01:03:13.406018816,417.0043,0.0
2022-10-11,20.344364,105.25272,2022-10-11 01:03:13.433015040,417.39276,0.0
2022-10-11,20.357676,105.24282,2022-10-11 01:03:13.460011520,417.15137,0.0
2022-10-11,20.370731,105.23314,2022-10-11 01:03:13.487007744,417.73404,0.0
2022-10-11,20.38395,105.2232,2022-10-11 01:03:13.514004224,418.2931,0.0
2022-10-11,20.347054,105.27663,2022-10-11 01:03:13.739993856,417.24863,0.0
2022-10-11,20.360216,105.26694,2022-10-11 01:03:13.766990080,416.71133,0.0
2022-10-11,20.373669,105.256836,2022-10-11 01:03:13.793986816,418.4043,0.0
2022-10-11,20.379581,105.30392,2022-10-11 01:03:14.406013184,418.29837,0.0
2022-10-11,20.42205,105.29811,2022-10-11 01:03:14.794021632,417.0386,0.0
2022-10-11,20.488304,105.24799,2022-10-11 01:03:14.929003776,418.7085,0.0
2022-10-11,20.465092,105.29192,2022-10-11 01:03:15.181024000,417.64856,0.0
2022-10-11,20.478146,105.28213,2022-10-11 01:03:15.208020480,417.54446,0.0
2022-10-11,20.428251,105.34542,2022-10-11 01:03:15.406007808,418.26923,0.0
2022-10-11,20.441479,105.335625,2022-10-11 01:03:15.433004032,418.44916,0.0
2022-10-11,20.454885,105.32556,2022-10-11 01:03:15.460000512,417.5474,0.0
2022-10-11,20.506659,105.28689,2022-10-11 01:03:15.568026624,418.2955,0.0
2022-10-11,20.51967,105.276985,2022-10-11 01:03:15.595023104,417.8611,0.0
2022-10-11,20.4444,105.35917,2022-10-11 01:03:15.740023040,418.55167,0.0
2022-10-11,20.483467,105.33047,2022-10-11 01:03:15.821012480,417.35547,0.0
2022-10-11,20.496614,105.320656,2022-10-11 01:03:15.848009216,417.24878,0.0
2022-10-11,20.50973,105.31082,2022-10-11 01:03:15.875005440,417.16574,0.0
2022-10-11,20.522837,105.30093,2022-10-11 01:03:15.902001920,416.52945,0.0
2022-10-11,20.535805,105.291145,2022-10-11 01:03:15.928998144,416.4649,0.0
2022-10-11,20.459793,105.374214,2022-10-11 01:03:16.072992768,418.26913,0.0
2022-10-11,20.47308,105.36439,2022-10-11 01:03:16.099989248,417.74326,0.0
2022-10-11,20.486326,105.354546,2022-10-11 01:03:16.127025920,417.16754,0.0
2022-10-11,20.499554,105.344666,2022-10-11 01:03:16.154022144,417.4692,0.0
2022-10-11,20.512802,105.3347,2022-10-11 01:03:16.181018624,418.48407,0.0
2022-10-11,20.525742,105.32504,2022-10-11 01:03:16.208014848,417.62918,0.0
2022-10-11,20.53882,105.31516,2022-10-11 01:03:16.235011584,417.29276,0.0
2022-10-11,20.551846,105.30528,2022-10-11 01:03:16.262008064,417.43225,0.0
2022-10-11,20.475916,105.38814,2022-10-11 01:03:16.406002176,417.34814,0.0
2022-10-11,20.48922,105.37826,2022-10-11 01:03:16.432998656,417.58636,0.0
2022-10-11,20.502424,105.36842,2022-10-11 01:03:16.459995392,416.45563,0.0
2022-10-11,20.515636,105.358536,2022-10-11 01:03:16.486991616,417.60596,0.0
2022-10-11,20.528801,105.34864,2022-10-11 01:03:16.513988096,417.40585,0.0
2022-10-11,20.54194,105.33871,2022-10-11 01:03:16.541024768,417.15955,0.0
2022-10-11,20.55504,105.328766,2022-10-11 01:03:16.568021248,416.87305,0.0
2022-10-11,20.568108,105.318794,2022-10-11 01:03:16.595017728,416.3802,0.0
2022-10-11,20.492111,105.401764,2022-10-11 01:03:16.740017920,417.76794,0.0
2022-10-11,20.505424,105.39191,2022-10-11 01:03:16.767014144,416.9827,0.0
2022-10-11,20.518744,105.38199,2022-10-11 01:03:16.794010624,417.08917,0.0
2022-10-11,20.531906,105.3722,2022-10-11 01:03:16.821007360,416.56537,0.0
2022-10-11,20.545088,105.362335,2022-10-11 01:03:16.848003584,416.32074,0.0
2022-10-11,20.571321,105.34257,2022-10-11 01:03:16.901996288,416.49786,0.0
2022-10-11,20.50822,105.41589,2022-10-11 01:03:17.072987392,416.8502,0.0
2022-10-11,20.548117,105.38624,2022-10-11 01:03:17.154016768,418.49683,0.0
2022-10-11,20.574406,105.366516,2022-10-11 01:03:17.208009728,416.94608,0.0
2022-10-11,20.587555,105.35655,2022-10-11 01:03:17.235006208,416.9662,0.0
2022-10-11,20.600836,105.34635,2022-10-11 01:03:17.262002432,417.1168,0.0
2022-10-11,20.524374,105.42993,2022-10-11 01:03:17.405996800,416.91034,0.0
2022-10-11,20.537872,105.419846,2022-10-11 01:03:17.432993536,418.09296,0.0
2022-10-11,20.603954,105.37007,2022-10-11 01:03:17.568015872,416.25803,0.0
2022-10-11,20.617075,105.36003,2022-10-11 01:03:17.595012096,417.23138,0.0
2022-10-11,20.540668,105.44348,2022-10-11 01:03:17.740012288,417.04092,0.0
2022-10-11,20.554068,105.43353,2022-10-11 01:03:17.767008768,416.99408,0.0
2022-10-11,20.567617,105.42335,2022-10-11 01:03:17.794005504,416.71588,0.0
2022-10-11,20.581078,105.4132,2022-10-11 01:03:17.821001728,417.83936,0.0
2022-10-11,20.594435,105.40311,2022-10-11 01:03:17.847998208,417.79776,0.0
2022-10-11,20.633133,105.37411,2022-10-11 01:03:17.929027584,416.30746,0.0
2022-10-11,20.556885,105.457466,2022-10-11 01:03:18.073022208,417.41483,0.0
2022-10-11,20.570137,105.44772,2022-10-11 01:03:18.100018432,415.96793,0.0
2022-10-11,20.583565,105.43771,2022-10-11 01:03:18.127014912,416.04016,0.0
2022-10-11,20.610594,105.4173,2022-10-11 01:03:18.181007872,417.70972,0.0
2022-10-11,20.636675,105.39771,2022-10-11 01:03:18.235000576,416.27945,0.0
2022-10-11,20.613771,105.44081,2022-10-11 01:03:18.487021056,417.40024,0.0
2022-10-11,20.639471,105.421745,2022-10-11 01:03:18.541014016,416.77182,0.0
2022-10-11,20.652859,105.411476,2022-10-11 01:03:18.568010240,417.2457,0.0
2022-10-11,20.665678,105.40183,2022-10-11 01:03:18.595006720,417.81485,0.0
2022-10-11,20.682356,105.41495,2022-10-11 01:03:18.929022208,417.2793,0.0
2022-10-11,20.606298,105.498085,2022-10-11 01:03:19.073016576,418.11996,0.0
2022-10-11,20.61928,105.48866,2022-10-11 01:03:19.100013056,418.01492,0.0
2022-10-11,20.658224,105.460045,2022-10-11 01:03:19.181002496,417.23273,0.0
2022-10-11,20.671448,105.45009,2022-10-11 01:03:19.207998720,417.754,0.0
2022-10-11,20.648268,105.4933,2022-10-11 01:03:19.460019200,417.47394,0.0
2022-10-11,20.661165,105.48381,2022-10-11 01:03:19.487015680,417.38562,0.0
2022-10-11,20.674269,105.474014,2022-10-11 01:03:19.514012160,417.54214,0.0
2022-10-11,20.650711,105.51745,2022-10-11 01:03:19.766998016,417.06955,0.0
2022-10-11,20.664104,105.50744,2022-10-11 01:03:19.793994496,418.46677,0.0
2022-10-11,20.690329,105.48791,2022-10-11 01:03:19.847987200,416.8143,0.0
2022-10-11,20.703499,105.47799,2022-10-11 01:03:19.875023872,416.6392,0.0
2022-10-11,20.716541,105.46816,2022-10-11 01:03:19.902020352,416.25272,0.0
2022-10-11,20.729584,105.45828,2022-10-11 01:03:19.929016832,417.23862,0.0
2022-10-11,20.653563,105.54132,2022-10-11 01:03:20.073011200,417.8932,0.0
2022-10-11,20.666874,105.53151,2022-10-11 01:03:20.100007424,418.01273,0.0
2022-10-11,20.680073,105.52177,2022-10-11 01:03:20.127004160,416.4048,0.0
2022-10-11,20.693256,105.511986,2022-10-11 01:03:20.154000640,417.99146,0.0
2022-10-11,20.706413,105.502174,2022-10-11 01:03:20.180996864,417.17267,0.0
2022-10-11,20.719584,105.49227,2022-10-11 01:03:20.207993600,416.28156,0.0
2022-10-11,20.732674,105.48238,2022-10-11 01:03:20.234989824,416.71484,0.0
2022-10-11,20.74565,105.47257,2022-10-11 01:03:20.261986304,418.6132,0.0
2022-10-11,20.669556,105.55553,2022-10-11 01:03:20.406020864,416.98727,0.0
2022-10-11,20.683052,105.54547,2022-10-11 01:03:20.433017344,417.342,0.0
2022-10-11,20.709318,105.526024,2022-10-11 01:03:20.487010304,417.3361,0.0
2022-10-11,20.748709,105.4964,2022-10-11 01:03:20.567999488,416.88962,0.0
2022-10-11,20.76175,105.48651,2022-10-11 01:03:20.594995968,417.1501,0.0
2022-10-11,20.686014,105.5689,2022-10-11 01:03:20.739996160,418.04544,0.0
2022-10-11,20.699305,105.55906,2022-10-11 01:03:20.766992640,418.81207,0.0
2022-10-11,20.712786,105.54894,2022-10-11 01:03:20.793988864,418.53937,0.0
2022-10-11,20.765043,105.50991,2022-10-11 01:03:20.902014976,416.2752,0.0
2022-10-11,20.715353,105.573204,2022-10-11 01:03:21.100002304,417.39987,0.0
2022-10-11,20.728632,105.56336,2022-10-11 01:03:21.126998784,418.5498,0.0
2022-10-11,20.75494,105.543785,2022-10-11 01:03:21.180991744,417.76907,0.0
2022-10-11,20.78119,105.524025,2022-10-11 01:03:21.235024640,418.447,0.0
2022-10-11,20.718208,105.59712,2022-10-11 01:03:21.406015488,418.6276,0.0
2022-10-11,20.73163,105.58716,2022-10-11 01:03:21.433011968,416.65372,0.0
2022-10-11,20.74503,105.57716,2022-10-11 01:03:21.460008448,417.56906,0.0
2022-10-11,20.757942,105.56768,2022-10-11 01:03:21.487004672,416.92252,0.0
2022-10-11,20.784452,105.547714,2022-10-11 01:03:21.540997632,417.97537,0.0
2022-10-11,20.797525,105.537865,2022-10-11 01:03:21.567994112,417.02127,0.0
2022-10-11,20.810303,105.528305,2022-10-11 01:03:21.594990592,417.93942,0.0
2022-10-11,20.734188,105.6112,2022-10-11 01:03:21.739990784,416.67645,0.0
2022-10-11,20.747454,105.60141,2022-10-11 01:03:21.766987008,417.52045,0.0
2022-10-11,20.760763,105.5915,2022-10-11 01:03:21.794023680,417.27258,0.0
2022-10-11,20.77409,105.581505,2022-10-11 01:03:21.821020160,416.50916,0.0
2022-10-11,20.78718,105.57173,2022-10-11 01:03:21.848016640,418.17496,0.0
2022-10-11,20.750204,105.62513,2022-10-11 01:03:22.073000448,418.14453,0.0
2022-10-11,20.763634,105.615166,2022-10-11 01:03:22.099996928,417.04575,0.0
2022-10-11,20.776817,105.60542,2022-10-11 01:03:22.126993152,417.59393,0.0
2022-10-11,20.790182,105.59541,2022-10-11 01:03:22.153989888,417.4903,0.0
2022-10-11,20.803446,105.58546,2022-10-11 01:03:22.181026560,417.9275,0.0
2022-10-11,20.829567,105.56587,2022-10-11 01:03:22.235019264,418.19183,0.0
2022-10-11,20.842308,105.5564,2022-10-11 01:03:22.262015488,417.5234,0.0
2022-10-11,20.766232,105.63946,2022-10-11 01:03:22.406010112,418.0752,0.0
2022-10-11,20.779469,105.629715,2022-10-11 01:03:22.433006592,417.19623,0.0
2022-10-11,20.792757,105.61985,2022-10-11 01:03:22.460002816,417.74332,0.0
2022-10-11,20.80609,105.60988,2022-10-11 01:03:22.486999296,417.78143,0.0
2022-10-11,20.8192,105.60011,2022-10-11 01:03:22.513995520,418.24463,0.0
2022-10-11,20.832323,105.59027,2022-10-11 01:03:22.540992256,418.64685,0.0
2022-10-11,20.845352,105.580475,2022-10-11 01:03:22.567988736,417.7307,0.0
2022-10-11,20.85838,105.570625,2022-10-11 01:03:22.595025408,417.6346,0.0
2022-10-11,20.782415,105.653305,2022-10-11 01:03:22.740025600,418.28076,0.0
2022-10-11,20.795649,105.64355,2022-10-11 01:03:22.767021824,417.48404,0.0
2022-10-11,20.808908,105.63369,2022-10-11 01:03:22.794018304,416.7159,0.0
2022-10-11,20.822115,105.62383,2022-10-11 01:03:22.821014784,417.89023,0.0
2022-10-11,20.8353,105.613945,2022-10-11 01:03:22.848011264,417.45462,0.0
2022-10-11,20.84839,105.60411,2022-10-11 01:03:22.875007744,417.31387,0.0
2022-10-11,20.861492,105.594215,2022-10-11 01:03:22.902004224,418.02393,0.0
2022-10-11,20.874516,105.58434,2022-10-11 01:03:22.929000704,417.89594,0.0
2022-10-11,20.79849,105.66716,2022-10-11 01:03:23.072995072,418.009,0.0
2022-10-11,20.811789,105.65734,2022-10-11 01:03:23.099991296,417.89413,0.0
2022-10-11,20.838253,105.63767,2022-10-11 01:03:23.154024704,417.51617,0.0
2022-10-11,20.851421,105.62782,2022-10-11 01:03:23.181020928,418.127,0.0
2022-10-11,20.86454,105.61798,2022-10-11 01:03:23.208017408,417.9001,0.0
2022-10-11,20.877607,105.60816,2022-10-11 01:03:23.235013632,418.3028,0.0
2022-10-11,20.890635,105.59833,2022-10-11 01:03:23.262010112,417.68918,0.0
2022-10-11,20.814465,105.68147,2022-10-11 01:03:23.406004736,417.34082,0.0
2022-10-11,20.827763,105.67167,2022-10-11 01:03:23.433000960,418.2788,0.0
2022-10-11,20.841015,105.66185,2022-10-11 01:03:23.459997440,418.6147,0.0
2022-10-11,20.854239,105.652016,2022-10-11 01:03:23.486993664,417.99118,0.0
2022-10-11,20.867418,105.642166,2022-10-11 01:03:23.513990400,417.8851,0.0
2022-10-11,20.880554,105.63232,2022-10-11 01:03:23.541027072,417.99332,0.0
2022-10-11,20.893648,105.62245,2022-10-11 01:03:23.568023552,418.32117,0.0
2022-10-11,20.906702,105.61257,2022-10-11 01:03:23.595019776,417.24268,0.0
2022-10-11,20.830666,105.69544,2022-10-11 01:03:23.740019968,417.59024,0.0
2022-10-11,20.843971,105.68564,2022-10-11 01:03:23.767016448,418.4885,0.0
2022-10-11,20.857233,105.67583,2022-10-11 01:03:23.794012928,417.80997,0.0
2022-10-11,20.870462,105.66596,2022-10-11 01:03:23.821009408,418.06204,0.0
2022-10-11,20.883652,105.656075,2022-10-11 01:03:23.848005888,419.09042,0.0
2022-10-11,20.896797,105.64618,2022-10-11 01:03:23.875002368,417.69818,0.0
2022-10-11,20.909899,105.63627,2022-10-11 01:03:23.901998848,418.20804,0.0
2022-10-11,20.92296,105.626335,2022-10-11 01:03:23.928995072,418.20114,0.0
2022-10-11,20.846931,105.70908,2022-10-11 01:03:24.072989440,417.88458,0.0
2022-10-11,20.860224,105.69927,2022-10-11 01:03:24.100026112,418.1305,0.0
2022-10-11,20.873472,105.68946,2022-10-11 01:03:24.127022848,417.87927,0.0
2022-10-11,20.886677,105.67963,2022-10-11 01:03:24.154019072,418.39963,0.0
2022-10-11,20.899837,105.66979,2022-10-11 01:03:24.181015552,418.2076,0.0
2022-10-11,20.912952,105.65995,2022-10-11 01:03:24.208011776,417.91068,0.0
2022-10-11,20.926022,105.650116,2022-10-11 01:03:24.235008256,419.15872,0.0
2022-10-11,20.939043,105.64028,2022-10-11 01:03:24.262004736,417.37927,0.0
2022-10-11,20.862894,105.72334,2022-10-11 01:03:24.405999104,417.5497,0.0
2022-10-11,20.876184,105.71357,2022-10-11 01:03:24.432995584,418.17117,0.0
2022-10-11,20.889431,105.70378,2022-10-11 01:03:24.459991808,419.78165,0.0
2022-10-11,20.902632,105.693985,2022-10-11 01:03:24.486988544,419.40756,0.0
2022-10-11,20.91579,105.684166,2022-10-11 01:03:24.514025216,418.49875,0.0
2022-10-11,20.928905,105.67435,2022-10-11 01:03:24.541021696,418.0487,0.0
2022-10-11,20.941978,105.66451,2022-10-11 01:03:24.568017920,418.2896,0.0
2022-10-11,20.878908,105.73755,2022-10-11 01:03:24.740014592,418.41754,0.0
2022-10-11,20.892221,105.72774,2022-10-11 01:03:24.767011072,417.9576,0.0
2022-10-11,20.905493,105.71791,2022-10-11 01:03:24.794007552,419.49783,0.0
2022-10-11,20.931925,105.69814,2022-10-11 01:03:24.848000512,418.142,0.0
2022-10-11,20.945078,105.68824,2022-10-11 01:03:24.874996992,417.85648,0.0
2022-10-11,20.958187,105.67832,2022-10-11 01:03:24.901993216,419.2092,0.0
2022-10-11,20.971268,105.66837,2022-10-11 01:03:24.928989696,418.66153,0.0
2022-10-11,20.89523,105.7511,2022-10-11 01:03:25.073024256,419.25613,0.0
2022-10-11,20.90852,105.7413,2022-10-11 01:03:25.100020992,418.3753,0.0
2022-10-11,20.92176,105.7315,2022-10-11 01:03:25.127017216,417.8537,0.0
2022-10-11,20.934963,105.72168,2022-10-11 01:03:25.154013696,418.14844,0.0
2022-10-11,20.948124,105.71185,2022-10-11 01:03:25.181009920,417.66962,0.0
2022-10-11,20.961239,105.70201,2022-10-11 01:03:25.208006400,418.05502,0.0
2022-10-11,20.974312,105.69216,2022-10-11 01:03:25.235002880,417.56952,0.0
2022-10-11,20.987347,105.682304,2022-10-11 01:03:25.261999360,418.5206,0.0
2022-10-11,20.911255,105.76517,2022-10-11 01:03:25.405993728,418.7707,0.0
2022-10-11,20.924553,105.7554,2022-10-11 01:03:25.432989952,418.0597,0.0
2022-10-11,20.937803,105.74563,2022-10-11 01:03:25.459986688,417.79596,0.0
2022-10-11,20.951006,105.735855,2022-10-11 01:03:25.487023360,417.94653,0.0
2022-10-11,20.964163,105.726074,2022-10-11 01:03:25.514019840,417.6369,0.0
2022-10-11,20.97728,105.716286,2022-10-11 01:03:25.541016064,418.89758,0.0
2022-10-11,20.990355,105.70648,2022-10-11 01:03:25.568012800,417.50778,0.0
2022-10-11,21.00339,105.69667,2022-10-11 01:03:25.595009024,417.966,0.0
2022-10-11,20.927246,105.779564,2022-10-11 01:03:25.740009216,418.36057,0.0
2022-10-11,20.940556,105.769745,2022-10-11 01:03:25.767005696,418.65552,0.0
2022-10-11,20.953814,105.759926,2022-10-11 01:03:25.794002176,418.49878,0.0
2022-10-11,20.967037,105.75007,2022-10-11 01:03:25.820998656,417.65494,0.0
2022-10-11,20.980217,105.740204,2022-10-11 01:03:25.847995136,417.8419,0.0
2022-10-11,21.006468,105.720436,2022-10-11 01:03:25.901987840,417.00793,0.0
2022-10-11,21.01953,105.71055,2022-10-11 01:03:25.929024512,418.60553,0.0
2022-10-11,20.943493,105.79328,2022-10-11 01:03:26.073019136,418.6799,0.0
2022-10-11,20.956802,105.783455,2022-10-11 01:03:26.100015360,417.06116,0.0
2022-10-11,20.970062,105.77362,2022-10-11 01:03:26.127011840,417.4243,0.0
2022-10-11,20.98328,105.76377,2022-10-11 01:03:26.154008064,417.44092,0.0
2022-10-11,20.996454,105.75392,2022-10-11 01:03:26.181004544,417.10043,0.0
2022-10-11,21.009583,105.74406,2022-10-11 01:03:26.208001024,417.6817,0.0
2022-10-11,21.022663,105.73421,2022-10-11 01:03:26.234997504,417.7043,0.0
2022-10-11,21.035704,105.72435,2022-10-11 01:03:26.261993984,417.70007,0.0
2022-10-11,20.959597,105.80723,2022-10-11 01:03:26.405988096,417.51205,0.0
2022-10-11,20.972895,105.79747,2022-10-11 01:03:26.433024768,417.68527,0.0
2022-10-11,20.986149,105.787704,2022-10-11 01:03:26.460021504,417.9902,0.0
2022-10-11,20.999348,105.77793,2022-10-11 01:03:26.487017984,416.59558,0.0
2022-10-11,21.012503,105.76816,2022-10-11 01:03:26.514014208,416.9815,0.0
2022-10-11,21.038685,105.74857,2022-10-11 01:03:26.568007168,417.86856,0.0
2022-10-11,21.051714,105.73876,2022-10-11 01:03:26.595003648,417.92242,0.0
2022-10-11,20.975552,105.821655,2022-10-11 01:03:26.740003840,418.0823,0.0
2022-10-11,20.988863,105.811844,2022-10-11 01:03:26.767000320,417.60596,0.0
2022-10-11,21.002127,105.802025,2022-10-11 01:03:26.793996800,417.63376,0.0
2022-10-11,21.01535,105.79219,2022-10-11 01:03:26.820993280,417.1204,0.0
2022-10-11,21.02853,105.78235,2022-10-11 01:03:26.847989504,417.05847,0.0
2022-10-11,21.041664,105.7725,2022-10-11 01:03:26.875026176,417.7712,0.0
2022-10-11,21.054749,105.76265,2022-10-11 01:03:26.902022656,417.35306,0.0
2022-10-11,21.067795,105.75279,2022-10-11 01:03:26.929018880,417.08932,0.0
2022-10-11,20.991646,105.83558,2022-10-11 01:03:27.073013504,417.84592,0.0
2022-10-11,21.004978,105.82571,2022-10-11 01:03:27.100009984,417.0168,0.0
2022-10-11,21.018246,105.81585,2022-10-11 01:03:27.127006208,417.66873,0.0
2022-10-11,21.031488,105.80596,2022-10-11 01:03:27.154002688,417.37802,0.0
2022-10-11,21.04467,105.79608,2022-10-11 01:03:27.180999168,417.02145,0.0
2022-10-11,21.05781,105.7862,2022-10-11 01:03:27.207995648,417.366,0.0
2022-10-11,21.070898,105.776344,2022-10-11 01:03:27.234992128,418.26764,0.0
2022-10-11,21.021109,105.8396,2022-10-11 01:03:27.433019648,417.8449,0.0
2022-10-11,21.060738,105.810196,2022-10-11 01:03:27.514009088,416.12683,0.0
2022-10-11,21.073856,105.80038,2022-10-11 01:03:27.541005312,417.75076,0.0
2022-10-11,21.037083,105.85392,2022-10-11 01:03:27.766994944,417.12646,0.0
2022-10-11,21.116056,105.79492,2022-10-11 01:03:27.929013760,418.176,0.0
2022-10-11,21.11914,105.81849,2022-10-11 01:03:28.235026944,418.33215,0.0
2022-10-11,21.132183,105.808624,2022-10-11 01:03:28.262023424,417.59265,0.0
2022-10-11,21.056046,105.89152,2022-10-11 01:03:28.406017792,417.987,0.0
2022-10-11,21.069368,105.881714,2022-10-11 01:03:28.433014272,417.9448,0.0
2022-10-11,21.082647,105.871895,2022-10-11 01:03:28.460010496,418.12125,0.0
2022-10-11,21.095871,105.86207,2022-10-11 01:03:28.487007232,417.4848,0.0
2022-10-11,21.109049,105.852234,2022-10-11 01:03:28.514003456,417.38733,0.0
2022-10-11,21.122185,105.84239,2022-10-11 01:03:28.540999936,417.8328,0.0
2022-10-11,21.135279,105.832535,2022-10-11 01:03:28.567996160,418.05896,0.0
2022-10-11,21.14833,105.82266,2022-10-11 01:03:28.594992640,417.90457,0.0
2022-10-11,21.085339,105.89606,2022-10-11 01:03:28.766989568,418.19604,0.0
2022-10-11,21.098593,105.88629,2022-10-11 01:03:28.794026240,417.06546,0.0
2022-10-11,21.111816,105.87648,2022-10-11 01:03:28.821022464,417.60092,0.0
2022-10-11,21.125006,105.86664,2022-10-11 01:03:28.848018944,417.82965,0.0
2022-10-11,21.138145,105.85679,2022-10-11 01:03:28.875015168,417.7281,0.0
2022-10-11,21.15124,105.84694,2022-10-11 01:03:28.902011904,418.09146,0.0
2022-10-11,21.164288,105.83708,2022-10-11 01:03:28.929008128,417.1556,0.0
2022-10-11,21.088081,105.91993,2022-10-11 01:03:29.073002496,417.6059,0.0
2022-10-11,21.1014,105.910095,2022-10-11 01:03:29.099998976,418.2883,0.0
2022-10-11,21.114674,105.90026,2022-10-11 01:03:29.126995456,417.6197,0.0
2022-10-11,21.127903,105.89041,2022-10-11 01:03:29.153991936,416.90845,0.0
2022-10-11,21.141088,105.88055,2022-10-11 01:03:29.180988416,418.6475,0.0
2022-10-11,21.154232,105.87068,2022-10-11 01:03:29.208025088,417.6597,0.0
2022-10-11,21.167334,105.860794,2022-10-11 01:03:29.235021568,417.98322,0.0
2022-10-11,21.180391,105.85091,2022-10-11 01:03:29.262018048,417.45193,0.0
2022-10-11,21.104206,105.9337,2022-10-11 01:03:29.406012416,417.7592,0.0
2022-10-11,21.11752,105.923904,2022-10-11 01:03:29.433008640,418.5144,0.0
2022-10-11,21.130789,105.9141,2022-10-11 01:03:29.460005376,417.59216,0.0
2022-10-11,21.14402,105.904274,2022-10-11 01:03:29.487001600,418.01688,0.0
2022-10-11,21.15721,105.89444,2022-10-11 01:03:29.513998080,417.81244,0.0
2022-10-11,21.170357,105.88459,2022-10-11 01:03:29.540994304,417.38657,0.0
2022-10-11,21.18346,105.87474,2022-10-11 01:03:29.567990784,418.02484,0.0
2022-10-11,21.196524,105.86487,2022-10-11 01:03:29.594987520,418.0709,0.0
2022-10-11,21.120222,105.94804,2022-10-11 01:03:29.739987712,417.54898,0.0
2022-10-11,21.13352,105.93829,2022-10-11 01:03:29.767024384,418.3718,0.0
2022-10-11,21.146776,105.92853,2022-10-11 01:03:29.794020608,418.018,0.0
2022-10-11,21.160002,105.918724,2022-10-11 01:03:29.821017088,418.02496,0.0
2022-10-11,21.173185,105.9089,2022-10-11 01:03:29.848013312,418.04965,0.0
2022-10-11,21.186329,105.899055,2022-10-11 01:03:29.875010048,417.8738,0.0
2022-10-11,21.199434,105.8892,2022-10-11 01:03:29.902006272,418.54553,0.0
2022-10-11,21.212498,105.879326,2022-10-11 01:03:29.929002752,418.11957,0.0
2022-10-11,21.13628,105.96222,2022-10-11 01:03:30.072997120,418.13358,0.0
2022-10-11,21.149609,105.95241,2022-10-11 01:03:30.099993600,417.55167,0.0
2022-10-11,21.162891,105.9426,2022-10-11 01:03:30.126990080,417.19827,0.0
2022-10-11,21.176134,105.93276,2022-10-11 01:03:30.153986560,417.89984,0.0
2022-10-11,21.189333,105.92293,2022-10-11 01:03:30.181023232,418.03452,0.0
2022-10-11,21.202486,105.91307,2022-10-11 01:03:30.208019712,418.14978,0.0
2022-10-11,21.21562,105.90315,2022-10-11 01:03:30.235016192,416.7702,0.0
2022-10-11,21.228704,105.89323,2022-10-11 01:03:30.262012416,417.30225,0.0
2022-10-11,21.152567,105.97585,2022-10-11 01:03:30.406006784,417.96497,0.0
2022-10-11,21.16589,105.96605,2022-10-11 01:03:30.433003520,418.0732,0.0
2022-10-11,21.179165,105.95624,2022-10-11 01:03:30.459999744,417.91458,0.0
2022-10-11,21.192408,105.9464,2022-10-11 01:03:30.486996224,417.4062,0.0
2022-10-11,21.205599,105.93657,2022-10-11 01:03:30.513992448,418.15814,0.0
2022-10-11,21.218748,105.92672,2022-10-11 01:03:30.540988928,418.02637,0.0
2022-10-11,21.231853,105.91687,2022-10-11 01:03:30.568025600,418.149,0.0
2022-10-11,21.244919,105.907,2022-10-11 01:03:30.595022080,417.84387,0.0
2022-10-11,21.168673,105.99001,2022-10-11 01:03:30.740022528,417.58124,0.0
2022-10-11,21.18199,105.98024,2022-10-11 01:03:30.767018752,417.43124,0.0
2022-10-11,21.195267,105.97044,2022-10-11 01:03:30.794015232,417.14984,0.0
2022-10-11,21.208508,105.96063,2022-10-11 01:03:30.821011456,417.90482,0.0
2022-10-11,21.221695,105.95082,2022-10-11 01:03:30.848008192,417.73206,0.0
2022-10-11,21.234837,105.941,2022-10-11 01:03:30.875004416,417.58057,0.0
2022-10-11,21.26096,105.92136,2022-10-11 01:03:30.928997632,418.35043,0.0
2022-10-11,21.19794,105.994576,2022-10-11 01:03:31.099988224,417.9651,0.0
2022-10-11,21.211218,105.984764,2022-10-11 01:03:31.127024896,418.34097,0.0
2022-10-11,21.224447,105.97495,2022-10-11 01:03:31.154021376,417.31067,0.0
2022-10-11,21.250795,105.95525,2022-10-11 01:03:31.208014336,418.06253,0.0
2022-10-11,21.263908,105.94536,2022-10-11 01:03:31.235010560,416.00842,0.0
2022-10-11,21.200802,106.01807,2022-10-11 01:03:31.406001664,418.32758,0.0
2022-10-11,21.214113,106.00827,2022-10-11 01:03:31.432997888,418.38336,0.0
2022-10-11,21.240623,105.98863,2022-10-11 01:03:31.486990592,418.48688,0.0
2022-10-11,21.253809,105.9788,2022-10-11 01:03:31.513987072,417.2509,0.0
2022-10-11,21.266953,105.968956,2022-10-11 01:03:31.541023744,417.4936,0.0
2022-10-11,21.280058,105.9591,2022-10-11 01:03:31.568020224,418.18396,0.0
2022-10-11,21.293125,105.94923,2022-10-11 01:03:31.595016704,417.1429,0.0
2022-10-11,21.230165,106.02236,2022-10-11 01:03:31.767013376,417.3222,0.0
2022-10-11,21.243444,106.01256,2022-10-11 01:03:31.794009600,417.32996,0.0
2022-10-11,21.269838,105.993004,2022-10-11 01:03:31.848002560,417.53946,0.0
2022-10-11,21.282974,105.98321,2022-10-11 01:03:31.874999040,417.8553,0.0
2022-10-11,21.296055,105.97341,2022-10-11 01:03:31.901995776,417.59454,0.0
2022-10-11,21.309093,105.96361,2022-10-11 01:03:31.928992000,417.12933,0.0
2022-10-11,21.27257,106.01726,2022-10-11 01:03:32.154016000,417.68118,0.0
2022-10-11,21.285778,106.007416,2022-10-11 01:03:32.181012480,418.2009,0.0
2022-10-11,21.298937,105.997574,2022-10-11 01:03:32.208008704,417.10254,0.0
2022-10-11,21.31206,105.98769,2022-10-11 01:03:32.235005184,417.55875,0.0
2022-10-11,21.32515,105.9778,2022-10-11 01:03:32.262001408,417.73898,0.0
2022-10-11,21.24893,106.060555,2022-10-11 01:03:32.405996032,419.7025,0.0
2022-10-11,21.275572,106.04088,2022-10-11 01:03:32.459988736,417.64844,0.0
2022-10-11,21.288815,106.03103,2022-10-11 01:03:32.487025408,417.27206,0.0
2022-10-11,21.302013,106.02117,2022-10-11 01:03:32.514021888,417.13,0.0
2022-10-11,21.315174,106.01131,2022-10-11 01:03:32.541018368,418.11755,0.0
2022-10-11,21.328283,106.00143,2022-10-11 01:03:32.568014848,417.70346,0.0
2022-10-11,21.341362,105.99153,2022-10-11 01:03:32.595011328,417.77853,0.0
2022-10-11,21.265114,106.07439,2022-10-11 01:03:32.740011520,417.86685,0.0
2022-10-11,21.278435,106.06459,2022-10-11 01:03:32.767007744,417.43253,0.0
2022-10-11,21.291729,106.05476,2022-10-11 01:03:32.794004480,417.69055,0.0
2022-10-11,21.304974,106.04497,2022-10-11 01:03:32.821000704,417.9452,0.0
2022-10-11,21.318172,106.035164,2022-10-11 01:03:32.847997184,417.42154,0.0
2022-10-11,21.33131,106.02537,2022-10-11 01:03:32.874993920,416.84433,0.0
2022-10-11,21.344387,106.01558,2022-10-11 01:03:32.901990144,417.2239,0.0
2022-10-11,21.357431,106.00577,2022-10-11 01:03:32.929026816,417.05493,0.0
2022-10-11,21.281008,106.088875,2022-10-11 01:03:33.073021184,417.5339,0.0
2022-10-11,21.29433,106.07909,2022-10-11 01:03:33.100017664,416.6245,0.0
2022-10-11,21.307625,106.069275,2022-10-11 01:03:33.127014144,417.00305,0.0
2022-10-11,21.320864,106.05946,2022-10-11 01:03:33.154010624,416.15234,0.0
2022-10-11,21.334074,106.04962,2022-10-11 01:03:33.181006848,417.12753,0.0
2022-10-11,21.347227,106.03979,2022-10-11 01:03:33.208003328,417.6198,0.0
2022-10-11,21.360348,106.02993,2022-10-11 01:03:33.234999552,417.01712,0.0
2022-10-11,21.37342,106.02007,2022-10-11 01:03:33.261996288,417.55,0.0
2022-10-11,21.297083,106.10296,2022-10-11 01:03:33.405990656,416.44528,0.0
2022-10-11,20.155727,104.86908,2022-10-11 01:03:39.486987520,416.36853,0.0
2022-10-11,20.183752,104.91386,2022-10-11 01:03:40.127016192,416.10577,0.0
2022-10-11,20.187826,104.896484,2022-10-11 01:03:40.154012672,418.75537,0.0
2022-10-11,20.191603,104.87896,2022-10-11 01:03:40.181009408,417.47797,0.0
2022-10-11,20.196571,104.86196,2022-10-11 01:03:40.208005632,416.78168,0.0
2022-10-11,20.201366,104.8449,2022-10-11 01:03:40.235002112,418.04144,0.0
2022-10-11,20.205933,104.82772,2022-10-11 01:03:40.261998336,416.89496,0.0
2022-10-11,20.191072,104.96236,2022-10-11 01:03:40.405992960,417.91797,0.0
2022-10-11,20.19473,104.94484,2022-10-11 01:03:40.432989440,417.24435,0.0
2022-10-11,20.199808,104.9279,2022-10-11 01:03:40.460026112,417.92838,0.0
2022-10-11,20.20383,104.9105,2022-10-11 01:03:40.487022336,418.18198,0.0
2022-10-11,20.2237,104.84247,2022-10-11 01:03:40.595008256,418.9227,0.0
2022-10-11,20.210316,104.95844,2022-10-11 01:03:40.767004672,416.45685,0.0
2022-10-11,20.214819,104.941246,2022-10-11 01:03:40.794001152,418.3997,0.0
2022-10-11,20.228617,104.88963,2022-10-11 01:03:40.874990336,416.06793,0.0
2022-10-11,20.233536,104.87257,2022-10-11 01:03:40.902027008,416.53387,0.0
2022-10-11,20.230858,104.95486,2022-10-11 01:03:41.127010816,416.60245,0.0
2022-10-11,20.254648,104.86931,2022-10-11 01:03:41.261992960,416.5729,0.0
2022-10-11,20.265373,104.90014,2022-10-11 01:03:41.568006400,416.0844,0.0
2022-10-11,20.270153,104.88302,2022-10-11 01:03:41.595002624,417.17673,0.0
2022-10-11,20.25988,105.00046,2022-10-11 01:03:41.766999296,416.76318,0.0
2022-10-11,20.26393,104.98308,2022-10-11 01:03:41.793995776,417.71707,0.0
2022-10-11,20.268549,104.96591,2022-10-11 01:03:41.820992256,416.96164,0.0
2022-10-11,20.275122,105.01384,2022-10-11 01:03:42.100008960,417.5958,0.0
2022-10-11,20.280281,104.99692,2022-10-11 01:03:42.127005696,416.611,0.0
2022-10-11,20.286068,105.044556,2022-10-11 01:03:42.406022400,417.6502,0.0
2022-10-11,20.291485,105.027756,2022-10-11 01:03:42.433018624,418.17395,0.0
2022-10-11,20.294907,105.01011,2022-10-11 01:03:42.460015104,417.75967,0.0
2022-10-11,20.311352,104.95977,2022-10-11 01:03:42.541004544,417.57794,0.0
2022-10-11,20.302338,105.05864,2022-10-11 01:03:42.739997440,416.5813,0.0
2022-10-11,20.306292,105.04123,2022-10-11 01:03:42.766993920,418.24023,0.0
2022-10-11,20.311241,105.02422,2022-10-11 01:03:42.793990400,418.21442,0.0
2022-10-11,20.317251,105.00766,2022-10-11 01:03:42.820986624,418.5609,0.0
2022-10-11,20.320852,104.99004,2022-10-11 01:03:42.848023296,418.5931,0.0
2022-10-11,20.33323,105.021454,2022-10-11 01:03:43.153996544,418.8341,0.0
2022-10-11,20.34692,104.9698,2022-10-11 01:03:43.235025920,417.65192,0.0
2022-10-11,20.351358,104.95251,2022-10-11 01:03:43.262022400,419.05075,0.0
2022-10-11,20.33389,105.086006,2022-10-11 01:03:43.406016768,416.9402,0.0
2022-10-11,20.346735,105.0532,2022-10-11 01:03:43.460009472,418.61813,0.0
2022-10-11,20.357975,105.00054,2022-10-11 01:03:43.540998912,416.80374,0.0
2022-10-11,20.362623,104.98336,2022-10-11 01:03:43.567995648,416.82095,0.0
2022-10-11,20.368113,104.96657,2022-10-11 01:03:43.594991872,419.07565,0.0
2022-10-11,20.373339,105.01424,2022-10-11 01:03:43.875014656,418.40564,0.0
2022-10-11,20.378107,104.997086,2022-10-11 01:03:43.902010880,419.48535,0.0
2022-10-11,20.382946,104.97997,2022-10-11 01:03:43.929007360,417.78378,0.0
2022-10-11,20.378044,105.08073,2022-10-11 01:03:44.126994688,416.4763,0.0
2022-10-11,20.406763,105.04231,2022-10-11 01:03:44.540993792,416.89206,0.0
2022-10-11,20.408411,105.107506,2022-10-11 01:03:44.794019584,419.151,0.0
2022-10-11,20.422052,105.055916,2022-10-11 01:03:44.875009024,418.69394,0.0
2022-10-11,20.428,105.03935,2022-10-11 01:03:44.902005504,418.06464,0.0
2022-10-11,20.438204,105.06996,2022-10-11 01:03:45.208018688,417.71918,0.0
2022-10-11,20.44253,105.0526,2022-10-11 01:03:45.235015168,417.97913,0.0
2022-10-11,20.447739,105.035645,2022-10-11 01:03:45.262011648,417.9313,0.0
2022-10-11,20.430794,105.1696,2022-10-11 01:03:45.406005760,415.9462,0.0
2022-10-11,20.446703,105.18323,2022-10-11 01:03:45.740021504,417.17554,0.0
2022-10-11,20.451712,105.166214,2022-10-11 01:03:45.767017728,416.7788,0.0
2022-10-11,20.457277,105.14944,2022-10-11 01:03:45.794014464,415.85428,0.0
2022-10-11,20.462858,105.19726,2022-10-11 01:03:46.072990976,416.53607,0.0
2022-10-11,20.467745,105.1802,2022-10-11 01:03:46.099987200,416.5129,0.0
2022-10-11,20.479132,105.14678,2022-10-11 01:03:46.154020352,417.38855,0.0
2022-10-11,20.483597,105.12953,2022-10-11 01:03:46.181016832,417.00894,0.0
2022-10-11,20.489305,105.11284,2022-10-11 01:03:46.208013312,417.1923,0.0
2022-10-11,20.49404,105.16004,2022-10-11 01:03:46.486990080,416.94775,0.0
2022-10-11,20.510029,105.10932,2022-10-11 01:03:46.568019456,417.43463,0.0
2022-10-11,20.504284,105.20963,2022-10-11 01:03:46.767012608,417.486,0.0
2022-10-11,20.508934,105.192505,2022-10-11 01:03:46.794009088,416.21957,0.0
2022-10-11,20.52475,105.12257,2022-10-11 01:03:46.901994752,416.58704,0.0
2022-10-11,20.530508,105.10588,2022-10-11 01:03:46.928990976,417.78564,0.0
2022-10-11,20.514688,105.24031,2022-10-11 01:03:47.073025792,417.30157,0.0
2022-10-11,20.519857,105.22342,2022-10-11 01:03:47.100022016,417.31863,0.0
2022-10-11,20.525257,105.20663,2022-10-11 01:03:47.127018496,418.42517,0.0
2022-10-11,20.539959,105.155594,2022-10-11 01:03:47.208007936,417.81763,0.0
2022-10-11,20.545536,105.20322,2022-10-11 01:03:47.487024896,417.4016,0.0
2022-10-11,20.550217,105.18606,2022-10-11 01:03:47.514021120,417.48077,0.0
2022-10-11,20.554981,105.16894,2022-10-11 01:03:47.541017600,417.7297,0.0
2022-10-11,20.559687,105.15177,2022-10-11 01:03:47.568013824,417.76202,0.0
2022-10-11,20.54366,105.26683,2022-10-11 01:03:47.740010752,417.36432,0.0
2022-10-11,20.548302,105.24964,2022-10-11 01:03:47.767007232,415.33792,0.0
2022-10-11,20.56552,105.1995,2022-10-11 01:03:47.847996160,416.87698,0.0
2022-10-11,20.580969,105.14864,2022-10-11 01:03:47.929025792,417.76175,0.0
2022-10-11,20.564735,105.26374,2022-10-11 01:03:48.100016640,417.12103,0.0
2022-10-11,20.56946,105.2466,2022-10-11 01:03:48.127013120,417.62466,0.0
2022-10-11,20.574139,105.22943,2022-10-11 01:03:48.154009600,416.6854,0.0
2022-10-11,20.575836,105.29479,2022-10-11 01:03:48.405989632,417.55948,0.0
2022-10-11,20.580519,105.277596,2022-10-11 01:03:48.432986368,416.4106,0.0
2022-10-11,20.58555,105.26054,2022-10-11 01:03:48.460023040,417.25375,0.0
2022-10-11,20.590302,105.243355,2022-10-11 01:03:48.487019264,416.30197,0.0
2022-10-11,20.594875,105.22609,2022-10-11 01:03:48.514015744,417.2245,0.0
2022-10-11,20.599754,105.208954,2022-10-11 01:03:48.541011968,416.74466,0.0
2022-10-11,20.592129,105.30861,2022-10-11 01:03:48.740005376,417.02713,0.0
2022-10-11,20.596882,105.29147,2022-10-11 01:03:48.767001600,416.91364,0.0
2022-10-11,20.601574,105.27431,2022-10-11 01:03:48.793998080,417.45102,0.0
2022-10-11,20.606625,105.25731,2022-10-11 01:03:48.820994304,417.01892,0.0
2022-10-11,20.611305,105.24015,2022-10-11 01:03:48.847991040,416.29425,0.0
2022-10-11,20.61582,105.2229,2022-10-11 01:03:48.874987264,417.09348,0.0
2022-10-11,20.621027,105.20596,2022-10-11 01:03:48.902023936,417.4494,0.0
2022-10-11,20.625433,105.18864,2022-10-11 01:03:48.929020416,417.61053,0.0
2022-10-11,20.60965,105.32333,2022-10-11 01:03:49.073014784,416.10355,0.0
2022-10-11,20.617725,105.28846,2022-10-11 01:03:49.127007744,417.59366,0.0
2022-10-11,20.622515,105.27132,2022-10-11 01:03:49.154004224,417.0633,0.0
2022-10-11,20.627172,105.25411,2022-10-11 01:03:49.181000704,416.97562,0.0
2022-10-11,20.632015,105.23698,2022-10-11 01:03:49.207997184,416.65222,0.0
2022-10-11,20.636541,105.21967,2022-10-11 01:03:49.234993408,417.81052,0.0
2022-10-11,20.641354,105.2025,2022-10-11 01:03:49.261989888,416.58542,0.0
2022-10-11,20.625673,105.337105,2022-10-11 01:03:49.406024448,417.88464,0.0
2022-10-11,20.63013,105.31984,2022-10-11 01:03:49.433021184,416.6613,0.0
2022-10-11,20.63921,105.28533,2022-10-11 01:03:49.487013888,416.9394,0.0
2022-10-11,20.644049,105.26819,2022-10-11 01:03:49.514010112,417.9768,0.0
2022-10-11,20.64835,105.2508,2022-10-11 01:03:49.541006592,418.02054,0.0
2022-10-11,20.652662,105.2334,2022-10-11 01:03:49.568003072,417.10635,0.0
2022-10-11,20.657524,105.21624,2022-10-11 01:03:49.594999552,417.08636,0.0
2022-10-11,20.641144,105.35069,2022-10-11 01:03:49.739999744,417.8703,0.0
2022-10-11,20.645945,105.33358,2022-10-11 01:03:49.766996224,417.85678,0.0
2022-10-11,20.650553,105.316376,2022-10-11 01:03:49.793992448,416.67276,0.0
2022-10-11,20.655848,105.299484,2022-10-11 01:03:49.820989184,416.35123,0.0
2022-10-11,20.661062,105.28257,2022-10-11 01:03:49.848025856,418.15643,0.0
2022-10-11,20.666302,105.26566,2022-10-11 01:03:49.875022080,417.13306,0.0
2022-10-11,20.673456,105.23026,2022-10-11 01:03:49.929015040,418.4733,0.0
2022-10-11,20.658033,105.365204,2022-10-11 01:03:50.073009408,417.23465,0.0
2022-10-11,20.662233,105.34784,2022-10-11 01:03:50.100005888,417.80258,0.0
2022-10-11,20.666525,105.3305,2022-10-11 01:03:50.127002112,417.31058,0.0
2022-10-11,20.671194,105.3133,2022-10-11 01:03:50.153998848,417.24408,0.0
2022-10-11,20.676443,105.29636,2022-10-11 01:03:50.180995328,418.3317,0.0
2022-10-11,20.682169,105.279625,2022-10-11 01:03:50.207991552,417.69824,0.0
2022-10-11,20.686132,105.26206,2022-10-11 01:03:50.234988032,417.4071,0.0
2022-10-11,20.678312,105.36154,2022-10-11 01:03:50.433015552,416.387,0.0
2022-10-11,20.682827,105.344284,2022-10-11 01:03:50.460012032,417.5142,0.0
2022-10-11,20.68753,105.3271,2022-10-11 01:03:50.487008256,417.5653,0.0
2022-10-11,20.692112,105.30986,2022-10-11 01:03:50.514004736,417.61472,0.0
2022-10-11,20.69717,105.29282,2022-10-11 01:03:50.541001216,418.06915,0.0
2022-10-11,20.702831,105.27607,2022-10-11 01:03:50.567997696,417.72693,0.0
2022-10-11,20.705832,105.25805,2022-10-11 01:03:50.594994176,417.96054,0.0
2022-10-11,20.699017,105.35848,2022-10-11 01:03:50.793987328,416.96582,0.0
2022-10-11,20.703594,105.341255,2022-10-11 01:03:50.821024000,417.68738,0.0
2022-10-11,20.708302,105.324066,2022-10-11 01:03:50.848020224,417.44034,0.0
2022-10-11,20.712887,105.306816,2022-10-11 01:03:50.875016704,417.57632,0.0
2022-10-11,20.717491,105.28956,2022-10-11 01:03:50.902013184,417.96097,0.0
2022-10-11,20.722458,105.27247,2022-10-11 01:03:50.929009664,417.3959,0.0
2022-10-11,20.715425,105.37255,2022-10-11 01:03:51.126996992,418.24905,0.0
2022-10-11,20.720003,105.3553,2022-10-11 01:03:51.153993472,417.58575,0.0
2022-10-11,20.724585,105.33804,2022-10-11 01:03:51.180989696,417.36606,0.0
2022-10-11,20.728989,105.320694,2022-10-11 01:03:51.208026368,418.28876,0.0
2022-10-11,20.733822,105.303535,2022-10-11 01:03:51.235022848,418.24255,0.0
2022-10-11,20.739128,105.28659,2022-10-11 01:03:51.262019072,417.93762,0.0
2022-10-11,20.726933,105.40356,2022-10-11 01:03:51.433010176,415.92316,0.0
2022-10-11,20.731337,105.386246,2022-10-11 01:03:51.460006400,415.39877,0.0
2022-10-11,20.735817,105.368965,2022-10-11 01:03:51.487002880,416.49545,0.0
2022-10-11,20.740759,105.35188,2022-10-11 01:03:51.513999360,417.60074,0.0
2022-10-11,20.745424,105.33466,2022-10-11 01:03:51.540995840,416.73083,0.0
2022-10-11,20.749958,105.317375,2022-10-11 01:03:51.567992320,417.18896,0.0
2022-10-11,20.754936,105.300285,2022-10-11 01:03:51.594988800,416.37814,0.0
2022-10-11,20.73701,105.43429,2022-10-11 01:03:51.739988736,417.1174,0.0
2022-10-11,20.742939,105.417656,2022-10-11 01:03:51.766985472,417.40927,0.0
2022-10-11,20.747993,105.40065,2022-10-11 01:03:51.794022144,417.90332,0.0
2022-10-11,20.753109,105.38367,2022-10-11 01:03:51.821018368,417.5251,0.0
2022-10-11,20.757238,105.36623,2022-10-11 01:03:51.848014848,416.2261,0.0
2022-10-11,20.760653,105.34843,2022-10-11 01:03:51.875011328,416.24896,0.0
2022-10-11,20.76551,105.33128,2022-10-11 01:03:51.902007808,416.51587,0.0
2022-10-11,20.770483,105.314186,2022-10-11 01:03:51.929004288,415.77258,0.0
2022-10-11,20.753143,105.4483,2022-10-11 01:03:52.072998400,417.90518,0.0
2022-10-11,20.758554,105.43139,2022-10-11 01:03:52.099995136,417.06927,0.0
2022-10-11,20.763912,105.41445,2022-10-11 01:03:52.126991616,417.0662,0.0
2022-10-11,20.768824,105.39733,2022-10-11 01:03:52.153987840,417.6417,0.0
2022-10-11,20.773788,105.38022,2022-10-11 01:03:52.181024512,417.1773,0.0
2022-10-11,20.777246,105.36241,2022-10-11 01:03:52.208020992,417.392,0.0
2022-10-11,20.781132,105.3448,2022-10-11 01:03:52.235017216,416.62387,0.0
2022-10-11,20.786346,105.327805,2022-10-11 01:03:52.262013952,419.3252,0.0
2022-10-11,20.76941,105.46223,2022-10-11 01:03:52.406008320,416.78442,0.0
2022-10-11,20.774057,105.44505,2022-10-11 01:03:52.433004544,417.6535,0.0
2022-10-11,20.77929,105.42813,2022-10-11 01:03:52.460001024,416.8797,0.0
2022-10-11,20.783941,105.410934,2022-10-11 01:03:52.486997504,417.07144,0.0
2022-10-11,20.78932,105.39405,2022-10-11 01:03:52.513993984,417.16098,0.0
2022-10-11,20.793968,105.37684,2022-10-11 01:03:52.540990464,416.2219,0.0
2022-10-11,20.797266,105.358986,2022-10-11 01:03:52.568027136,416.88007,0.0
2022-10-11,20.785677,105.47645,2022-10-11 01:03:52.740023552,417.65958,0.0
2022-10-11,20.790154,105.459175,2022-10-11 01:03:52.767020288,416.22586,0.0
2022-10-11,20.795082,105.442085,2022-10-11 01:03:52.794016512,417.31018,0.0
2022-10-11,20.80081,105.42533,2022-10-11 01:03:52.821012992,417.40756,0.0
2022-10-11,20.804688,105.40775,2022-10-11 01:03:52.848009472,418.05984,0.0
2022-10-11,20.814322,105.37339,2022-10-11 01:03:52.902002432,416.8116,0.0
2022-10-11,20.802086,105.49043,2022-10-11 01:03:53.072993280,416.55786,0.0
2022-10-11,20.806639,105.473175,2022-10-11 01:03:53.099989760,417.60696,0.0
2022-10-11,20.811855,105.45619,2022-10-11 01:03:53.126985984,417.5131,0.0
2022-10-11,20.81663,105.43901,2022-10-11 01:03:53.154022656,417.14142,0.0
2022-10-11,20.821424,105.42184,2022-10-11 01:03:53.181019136,417.67786,0.0
2022-10-11,20.825954,105.40453,2022-10-11 01:03:53.208015360,417.50848,0.0
2022-10-11,20.83042,105.3872,2022-10-11 01:03:53.235012096,416.8089,0.0
2022-10-11,20.817356,105.50397,2022-10-11 01:03:53.406002688,417.37775,0.0
2022-10-11,20.822746,105.48708,2022-10-11 01:03:53.432999168,416.75763,0.0
2022-10-11,20.827038,105.46973,2022-10-11 01:03:53.459995648,417.59,0.0
2022-10-11,20.832037,105.45268,2022-10-11 01:03:53.486992128,416.9235,0.0
2022-10-11,20.837317,105.43576,2022-10-11 01:03:53.513988608,417.83786,0.0
2022-10-11,20.84262,105.418846,2022-10-11 01:03:53.541025280,417.61368,0.0
2022-10-11,20.846907,105.40146,2022-10-11 01:03:53.568021760,416.26273,0.0
2022-10-11,20.833435,105.51815,2022-10-11 01:03:53.740018432,417.86243,0.0
2022-10-11,20.838072,105.50093,2022-10-11 01:03:53.767014656,417.7664,0.0
2022-10-11,20.842854,105.483765,2022-10-11 01:03:53.794011136,416.41852,0.0
2022-10-11,20.847923,105.46672,2022-10-11 01:03:53.821007616,417.47223,0.0
2022-10-11,20.852757,105.44956,2022-10-11 01:03:53.848004096,417.7972,0.0
2022-10-11,20.857372,105.432304,2022-10-11 01:03:53.875000576,417.65576,0.0
2022-10-11,20.862785,105.41541,2022-10-11 01:03:53.901996800,416.1781,0.0
2022-10-11,20.86708,105.39799,2022-10-11 01:03:53.928993280,416.62357,0.0
2022-10-11,20.849258,105.532036,2022-10-11 01:03:54.073028096,417.1452,0.0
2022-10-11,20.854422,105.515,2022-10-11 01:03:54.100024576,417.52612,0.0
2022-10-11,20.859026,105.49772,2022-10-11 01:03:54.127020800,417.08136,0.0
2022-10-11,20.864183,105.48067,2022-10-11 01:03:54.154017280,417.5964,0.0
2022-10-11,20.86906,105.46349,2022-10-11 01:03:54.181013504,417.367,0.0
2022-10-11,20.873959,105.44633,2022-10-11 01:03:54.208010240,417.5745,0.0
2022-10-11,20.878124,105.42883,2022-10-11 01:03:54.235006464,417.0969,0.0
2022-10-11,20.883076,105.4117,2022-10-11 01:03:54.262002944,417.70636,0.0
2022-10-11,20.865347,105.54584,2022-10-11 01:03:54.405997312,417.09702,0.0
2022-10-11,20.870216,105.52872,2022-10-11 01:03:54.432993792,417.56982,0.0
2022-10-11,20.875927,105.51196,2022-10-11 01:03:54.459990272,417.76266,0.0
2022-10-11,20.879927,105.49445,2022-10-11 01:03:54.486986752,418.593,0.0
2022-10-11,20.885101,105.477455,2022-10-11 01:03:54.514023424,418.2272,0.0
2022-10-11,20.889996,105.46033,2022-10-11 01:03:54.541019904,416.80353,0.0
2022-10-11,20.894365,105.44295,2022-10-11 01:03:54.568016384,417.42706,0.0
2022-10-11,20.899342,105.42584,2022-10-11 01:03:54.595012608,416.87408,0.0
2022-10-11,20.881403,105.55999,2022-10-11 01:03:54.740012800,416.49493,0.0
2022-10-11,20.886335,105.54291,2022-10-11 01:03:54.767009280,417.88086,0.0
2022-10-11,20.891294,105.525826,2022-10-11 01:03:54.794005760,418.33267,0.0
2022-10-11,20.89643,105.508804,2022-10-11 01:03:54.821002240,417.92157,0.0
2022-10-11,20.900848,105.491455,2022-10-11 01:03:54.847998720,417.19928,0.0
2022-10-11,20.905502,105.4742,2022-10-11 01:03:54.874994944,418.19952,0.0
2022-10-11,20.910698,105.457184,2022-10-11 01:03:54.901991424,417.66632,0.0
2022-10-11,20.915041,105.43975,2022-10-11 01:03:54.928987904,417.44318,0.0
2022-10-11,20.897614,105.57398,2022-10-11 01:03:55.073022720,417.27194,0.0
2022-10-11,20.902493,105.55683,2022-10-11 01:03:55.100018944,417.31674,0.0
2022-10-11,20.907486,105.53972,2022-10-11 01:03:55.127015424,418.26816,0.0
2022-10-11,20.913816,105.52319,2022-10-11 01:03:55.154011648,418.10962,0.0
2022-10-11,20.9179,105.50567,2022-10-11 01:03:55.181008384,417.42374,0.0
2022-10-11,20.92249,105.48837,2022-10-11 01:03:55.208004608,417.3443,0.0
2022-10-11,20.927229,105.47115,2022-10-11 01:03:55.235001088,416.69427,0.0
2022-10-11,20.913721,105.58787,2022-10-11 01:03:55.405991936,417.3198,0.0
2022-10-11,20.918627,105.57075,2022-10-11 01:03:55.432988416,417.13483,0.0
2022-10-11,20.923517,105.55361,2022-10-11 01:03:55.460025088,416.99615,0.0
2022-10-11,20.929401,105.53691,2022-10-11 01:03:55.487021568,417.61005,0.0
2022-10-11,20.933355,105.51935,2022-10-11 01:03:55.514018048,416.92404,0.0
2022-10-11,20.938408,105.502266,2022-10-11 01:03:55.541014528,417.23157,0.0
2022-10-11,20.929785,105.602,2022-10-11 01:03:55.740007424,418.5276,0.0
2022-10-11,20.934612,105.58487,2022-10-11 01:03:55.767003904,418.35754,0.0
2022-10-11,20.939438,105.56774,2022-10-11 01:03:55.794000384,417.17673,0.0
2022-10-11,20.944311,105.5506,2022-10-11 01:03:55.820996864,417.26715,0.0
2022-10-11,20.948994,105.53336,2022-10-11 01:03:55.847993088,417.0898,0.0
2022-10-11,20.953823,105.51618,2022-10-11 01:03:55.874989568,417.62024,0.0
2022-10-11,20.958467,105.49889,2022-10-11 01:03:55.902026240,417.02844,0.0
2022-10-11,20.963316,105.481705,2022-10-11 01:03:55.929022720,417.6988,0.0
2022-10-11,20.945837,105.61601,2022-10-11 01:03:56.073017088,417.46152,0.0
2022-10-11,20.955553,105.58169,2022-10-11 01:03:56.127009792,416.68588,0.0
2022-10-11,20.960379,105.5645,2022-10-11 01:03:56.154006528,416.8415,0.0
2022-10-11,20.965057,105.54724,2022-10-11 01:03:56.181002752,418.0306,0.0
2022-10-11,20.969791,105.52999,2022-10-11 01:03:56.207999232,416.9781,0.0
2022-10-11,20.974697,105.51282,2022-10-11 01:03:56.234995968,417.22668,0.0
2022-10-11,20.979225,105.49545,2022-10-11 01:03:56.261992192,417.77066,0.0
2022-10-11,20.961987,105.6299,2022-10-11 01:03:56.405986560,420.2194,0.0
2022-10-11,20.971691,105.595604,2022-10-11 01:03:56.460019712,418.27652,0.0
2022-10-11,20.97647,105.5784,2022-10-11 01:03:56.487016192,417.4869,0.0
2022-10-11,20.981205,105.56117,2022-10-11 01:03:56.514012672,417.60464,0.0
2022-10-11,20.985891,105.543915,2022-10-11 01:03:56.541008896,417.50647,0.0
2022-10-11,20.990578,105.52665,2022-10-11 01:03:56.568005376,417.956,0.0
2022-10-11,20.995277,105.50938,2022-10-11 01:03:56.595001600,417.652,0.0
2022-10-11,20.978065,105.64402,2022-10-11 01:03:56.740002048,418.9631,0.0
2022-10-11,20.98294,105.6269,2022-10-11 01:03:56.766998528,417.97394,0.0
2022-10-11,20.98777,105.60976,2022-10-11 01:03:56.793995008,418.6935,0.0
2022-10-11,20.992544,105.59255,2022-10-11 01:03:56.820991232,418.06717,0.0
2022-10-11,20.997301,105.57533,2022-10-11 01:03:56.847987712,416.9589,0.0
2022-10-11,20.994104,105.658104,2022-10-11 01:03:57.073011712,418.23254,0.0
2022-10-11,20.998976,105.64096,2022-10-11 01:03:57.100007936,418.60507,0.0
2022-10-11,21.0038,105.62379,2022-10-11 01:03:57.127004672,417.99783,0.0
2022-10-11,21.00858,105.60659,2022-10-11 01:03:57.154000896,417.9445,0.0
2022-10-11,21.013311,105.589355,2022-10-11 01:03:57.180997376,418.53387,0.0
2022-10-11,21.018002,105.57209,2022-10-11 01:03:57.207994112,417.9079,0.0
2022-10-11,21.022665,105.55479,2022-10-11 01:03:57.234990336,418.61456,0.0
2022-10-11,21.027298,105.53745,2022-10-11 01:03:57.262027008,417.1244,0.0
2022-10-11,21.010279,105.67195,2022-10-11 01:03:57.406021376,418.59058,0.0
2022-10-11,21.01515,105.6548,2022-10-11 01:03:57.433017856,417.59418,0.0
2022-10-11,21.01999,105.637634,2022-10-11 01:03:57.460014336,418.60324,0.0
2022-10-11,21.029501,105.603195,2022-10-11 01:03:57.514007040,418.31906,0.0
2022-10-11,21.034185,105.58593,2022-10-11 01:03:57.541003520,417.96347,0.0
2022-10-11,21.038824,105.568634,2022-10-11 01:03:57.567999744,417.98822,0.0
2022-10-11,21.043432,105.551315,2022-10-11 01:03:57.594996480,418.2749,0.0
2022-10-11,21.026285,105.68595,2022-10-11 01:03:57.739996672,417.5648,0.0
2022-10-11,21.031157,105.6688,2022-10-11 01:03:57.766993152,418.6284,0.0
2022-10-11,21.035982,105.65163,2022-10-11 01:03:57.793989376,418.51526,0.0
2022-10-11,21.040758,105.634445,2022-10-11 01:03:57.821026048,417.31998,0.0
2022-10-11,21.045485,105.61723,2022-10-11 01:03:57.848022528,417.02475,0.0
2022-10-11,21.05017,105.6,2022-10-11 01:03:57.875019008,418.27643,0.0
2022-10-11,21.054815,105.58273,2022-10-11 01:03:57.902015488,417.20233,0.0
2022-10-11,21.059414,105.56543,2022-10-11 01:03:57.929011712,417.38226,0.0
2022-10-11,21.042297,105.700134,2022-10-11 01:03:58.073006080,417.51248,0.0
2022-10-11,21.04718,105.682976,2022-10-11 01:03:58.100002816,417.8624,0.0
2022-10-11,21.056824,105.64858,2022-10-11 01:03:58.153995520,417.99017,0.0
2022-10-11,21.061554,105.63133,2022-10-11 01:03:58.180992000,417.30377,0.0
2022-10-11,21.066256,105.61406,2022-10-11 01:03:58.207988480,417.6934,0.0
2022-10-11,21.07091,105.596756,2022-10-11 01:03:58.235025152,417.74228,0.0
2022-10-11,21.075518,105.579414,2022-10-11 01:03:58.262021632,417.51028,0.0
2022-10-11,21.058432,105.71406,2022-10-11 01:03:58.406016000,417.12738,0.0
2022-10-11,21.06331,105.69694,2022-10-11 01:03:58.433012480,417.28638,0.0
2022-10-11,21.068144,105.67979,2022-10-11 01:03:58.460008960,417.28622,0.0
2022-10-11,21.072948,105.66262,2022-10-11 01:03:58.487005184,416.77878,0.0
2022-10-11,21.077663,105.64539,2022-10-11 01:03:58.514001664,417.32553,0.0
2022-10-11,21.082333,105.62814,2022-10-11 01:03:58.540997888,416.7382,0.0
2022-10-11,21.086971,105.61086,2022-10-11 01:03:58.567994624,417.25113,0.0
2022-10-11,21.091564,105.59356,2022-10-11 01:03:58.594990848,417.5103,0.0
2022-10-11,21.074417,105.728264,2022-10-11 01:03:58.739991296,417.67627,0.0
2022-10-11,21.079304,105.71112,2022-10-11 01:03:58.766987520,415.87976,0.0
2022-10-11,21.084146,105.693954,2022-10-11 01:03:58.794024192,417.58093,0.0
2022-10-11,21.088957,105.676765,2022-10-11 01:03:58.821020672,417.89258,0.0
2022-10-11,21.093706,105.65954,2022-10-11 01:03:58.848017152,416.67743,0.0
2022-10-11,21.098392,105.642265,2022-10-11 01:03:58.875013632,417.59036,0.0
2022-10-11,21.10309,105.62499,2022-10-11 01:03:58.902009856,418.0954,0.0
2022-10-11,21.107655,105.607635,2022-10-11 01:03:58.929006592,417.23605,0.0
2022-10-11,21.095407,105.725075,2022-10-11 01:03:59.099997184,417.45584,0.0
2022-10-11,21.10025,105.70787,2022-10-11 01:03:59.126993664,417.2066,0.0
2022-10-11,21.105047,105.690636,2022-10-11 01:03:59.153990144,417.3799,0.0
2022-10-11,21.109814,105.67338,2022-10-11 01:03:59.181026816,416.72464,0.0
2022-10-11,21.114502,105.65609,2022-10-11 01:03:59.208023296,417.60632,0.0
2022-10-11,21.119184,105.6388,2022-10-11 01:03:59.235019776,417.8402,0.0
2022-10-11,21.123806,105.621475,2022-10-11 01:03:59.262016000,417.68668,0.0
2022-10-11,21.121246,105.70469,2022-10-11 01:03:59.486999808,416.56314,0.0
2022-10-11,21.139915,105.63561,2022-10-11 01:03:59.595025664,417.0798,0.0
2022-10-11,21.122688,105.77042,2022-10-11 01:03:59.740026112,418.36108,0.0
2022-10-11,21.12755,105.75327,2022-10-11 01:03:59.767022336,417.22342,0.0
2022-10-11,21.138762,105.78431,2022-10-11 01:04:00.072995328,417.8814,0.0
2022-10-11,21.143661,105.76715,2022-10-11 01:04:00.099991808,417.3703,0.0
2022-10-11,21.148537,105.74998,2022-10-11 01:04:00.126988288,417.669,0.0
2022-10-11,21.15335,105.732765,2022-10-11 01:04:00.154024960,417.1058,0.0
2022-10-11,21.15812,105.71553,2022-10-11 01:04:00.181021440,417.85443,0.0
2022-10-11,21.16284,105.698265,2022-10-11 01:04:00.208017920,417.15915,0.0
2022-10-11,21.16751,105.680984,2022-10-11 01:04:00.235014144,417.4056,0.0
2022-10-11,21.172112,105.663666,2022-10-11 01:04:00.262010624,417.5371,0.0
2022-10-11,21.154833,105.79852,2022-10-11 01:04:00.406005248,416.67764,0.0
2022-10-11,21.159767,105.78138,2022-10-11 01:04:00.433001472,417.00137,0.0
2022-10-11,21.16461,105.7642,2022-10-11 01:04:00.459997952,417.23822,0.0
2022-10-11,21.169416,105.74699,2022-10-11 01:04:00.486994176,417.27106,0.0
2022-10-11,21.174166,105.72974,2022-10-11 01:04:00.513990912,417.2272,0.0
2022-10-11,21.178854,105.71245,2022-10-11 01:04:00.540987136,416.6041,0.0
2022-10-11,21.183542,105.69515,2022-10-11 01:04:00.568023808,416.4199,0.0
2022-10-11,21.188177,105.677826,2022-10-11 01:04:00.595020288,416.18173,0.0
2022-10-11,21.171005,105.81261,2022-10-11 01:04:00.740020480,418.03574,0.0
2022-10-11,21.175896,105.79545,2022-10-11 01:04:00.767016960,417.2698,0.0
2022-10-11,21.180742,105.77827,2022-10-11 01:04:00.794013440,417.04474,0.0
2022-10-11,21.185532,105.761024,2022-10-11 01:04:00.821009920,417.5146,0.0
2022-10-11,21.190308,105.74377,2022-10-11 01:04:00.848006144,417.00708,0.0
2022-10-11,21.19502,105.72647,2022-10-11 01:04:00.875002880,417.80396,0.0
2022-10-11,21.199675,105.70913,2022-10-11 01:04:00.901999360,416.80682,0.0
2022-10-11,21.20429,105.691765,2022-10-11 01:04:00.928995584,416.57098,0.0
2022-10-11,21.187038,105.82646,2022-10-11 01:04:01.072989952,417.60464,0.0
2022-10-11,21.191965,105.80932,2022-10-11 01:04:01.100026624,417.61227,0.0
2022-10-11,21.19683,105.79214,2022-10-11 01:04:01.127023104,417.21933,0.0
2022-10-11,21.201603,105.77491,2022-10-11 01:04:01.154019584,417.1062,0.0
2022-10-11,21.211105,105.7404,2022-10-11 01:04:01.208012288,416.7847,0.0
2022-10-11,21.215754,105.72311,2022-10-11 01:04:01.235008768,416.46,0.0
2022-10-11,21.220366,105.70577,2022-10-11 01:04:01.262005248,416.92902,0.0
2022-10-11,21.203138,105.84063,2022-10-11 01:04:01.405999616,417.6625,0.0
2022-10-11,21.217688,105.7891,2022-10-11 01:04:01.486989056,416.88547,0.0
2022-10-11,21.222446,105.771866,2022-10-11 01:04:01.514025728,417.1016,0.0
2022-10-11,21.22716,105.75461,2022-10-11 01:04:01.541021952,416.77945,0.0
2022-10-11,21.231777,105.73729,2022-10-11 01:04:01.568018432,417.60565,0.0
2022-10-11,21.219189,105.85473,2022-10-11 01:04:01.740015104,416.48523,0.0
2022-10-11,21.224075,105.83755,2022-10-11 01:04:01.767011584,418.19553,0.0
2022-10-11,21.228916,105.82034,2022-10-11 01:04:01.794008064,416.74686,0.0
2022-10-11,21.233711,105.80311,2022-10-11 01:04:01.821004288,416.7829,0.0
2022-10-11,21.23846,105.78584,2022-10-11 01:04:01.848001024,416.30893,0.0
2022-10-11,21.243155,105.76854,2022-10-11 01:04:01.874997504,417.11624,0.0
2022-10-11,21.247818,105.75121,2022-10-11 01:04:01.901993728,415.6959,0.0
2022-10-11,21.252459,105.733864,2022-10-11 01:04:01.928990208,416.07544,0.0
2022-10-11,21.235178,105.868706,2022-10-11 01:04:02.073024768,418.8854,0.0
2022-10-11,21.240082,105.85156,2022-10-11 01:04:02.100021248,417.52066,0.0
2022-10-11,21.244938,105.8344,2022-10-11 01:04:02.127017728,417.7555,0.0
2022-10-11,21.254515,105.799965,2022-10-11 01:04:02.181010432,417.59683,0.0
2022-10-11,21.259237,105.7827,2022-10-11 01:04:02.208006912,417.13647,0.0
2022-10-11,21.263905,105.76538,2022-10-11 01:04:02.235003392,416.79453,0.0
2022-10-11,21.268547,105.74804,2022-10-11 01:04:02.261999872,417.3026,0.0
2022-10-11,21.251263,105.8829,2022-10-11 01:04:02.405994240,417.8001,0.0
2022-10-11,21.256231,105.86576,2022-10-11 01:04:02.432990464,417.048,0.0
2022-10-11,21.261078,105.84857,2022-10-11 01:04:02.459987200,418.50464,0.0
2022-10-11,21.275373,105.7968,2022-10-11 01:04:02.541016576,417.22446,0.0
2022-10-11,21.280088,105.7795,2022-10-11 01:04:02.568013312,416.09525,0.0
2022-10-11,21.284695,105.76214,2022-10-11 01:04:02.595009536,415.99878,0.0
2022-10-11,21.26738,105.89685,2022-10-11 01:04:02.740009728,417.91617,0.0
2022-10-11,21.272291,105.87967,2022-10-11 01:04:02.767006208,418.32474,0.0
2022-10-11,21.2772,105.86248,2022-10-11 01:04:02.794002432,417.61737,0.0
2022-10-11,21.291546,105.81076,2022-10-11 01:04:02.874991872,417.53384,0.0
2022-10-11,21.296917,105.79377,2022-10-11 01:04:02.901988352,416.98273,0.0
2022-10-11,21.301008,105.77616,2022-10-11 01:04:02.929025024,417.73477,0.0
2022-10-11,21.28346,105.91089,2022-10-11 01:04:03.073019392,418.65045,0.0
2022-10-11,21.288376,105.893745,2022-10-11 01:04:03.100015872,417.27982,0.0
2022-10-11,21.293228,105.87657,2022-10-11 01:04:03.127012352,416.89713,0.0
2022-10-11,21.298065,105.85938,2022-10-11 01:04:03.154008576,418.18765,0.0
2022-10-11,21.302828,105.84215,2022-10-11 01:04:03.181005056,418.38983,0.0
2022-10-11,21.307636,105.82492,2022-10-11 01:04:03.208001536,418.55078,0.0
2022-10-11,21.312479,105.80771,2022-10-11 01:04:03.234998016,418.31653,0.0
2022-10-11,21.299541,105.92517,2022-10-11 01:04:03.405988608,416.98898,0.0
2022-10-11,21.304459,105.908,2022-10-11 01:04:03.433025280,417.4507,0.0
2022-10-11,21.309332,105.8908,2022-10-11 01:04:03.460022016,417.70413,0.0
2022-10-11,21.314175,105.87359,2022-10-11 01:04:03.487018240,417.59305,0.0
2022-10-11,21.31894,105.85634,2022-10-11 01:04:03.514014720,418.3972,0.0
2022-10-11,21.32366,105.83905,2022-10-11 01:04:03.541011456,418.02283,0.0
2022-10-11,21.328348,105.82174,2022-10-11 01:04:03.568007680,417.28674,0.0
2022-10-11,21.333405,105.8046,2022-10-11 01:04:03.595004160,419.53348,0.0
2022-10-11,21.315668,105.93916,2022-10-11 01:04:03.740004352,417.30072,0.0
2022-10-11,21.320587,105.921974,2022-10-11 01:04:03.767000576,417.77478,0.0
2022-10-11,21.344465,105.835686,2022-10-11 01:04:03.902023168,417.30032,0.0
2022-10-11,21.349083,105.81834,2022-10-11 01:04:03.929019392,418.57944,0.0
2022-10-11,21.331709,105.95324,2022-10-11 01:04:04.073014016,417.01797,0.0
2022-10-11,21.336615,105.93606,2022-10-11 01:04:04.100010496,417.72437,0.0
2022-10-11,21.341444,105.91884,2022-10-11 01:04:04.127006720,417.8831,0.0
2022-10-11,21.346273,105.90161,2022-10-11 01:04:04.154003200,417.8522,0.0
2022-10-11,21.351025,105.884346,2022-10-11 01:04:04.180999680,418.1863,0.0
2022-10-11,21.365076,105.83244,2022-10-11 01:04:04.261989120,417.64264,0.0
2022-10-11,21.347708,105.967476,2022-10-11 01:04:04.406023424,417.29926,0.0
2022-10-11,21.352625,105.9503,2022-10-11 01:04:04.433020160,417.264,0.0
2022-10-11,21.357496,105.9331,2022-10-11 01:04:04.460016384,418.28693,0.0
2022-10-11,21.362335,105.91588,2022-10-11 01:04:04.487012864,417.7869,0.0
2022-10-11,21.367052,105.89859,2022-10-11 01:04:04.514009600,417.59564,0.0
2022-10-11,21.371832,105.881325,2022-10-11 01:04:04.541005824,417.17233,0.0
2022-10-11,21.376518,105.864006,2022-10-11 01:04:04.568002304,417.35876,0.0
2022-10-11,21.381126,105.846634,2022-10-11 01:04:04.594998528,417.55673,0.0
2022-10-11,21.363937,105.9815,2022-10-11 01:04:04.739998720,416.9433,0.0
2022-10-11,21.368816,105.96428,2022-10-11 01:04:04.766995456,417.7907,0.0
2022-10-11,21.37365,105.94704,2022-10-11 01:04:04.793991680,417.1346,0.0
2022-10-11,21.378448,105.92981,2022-10-11 01:04:04.820988160,416.94217,0.0
2022-10-11,21.383215,105.912575,2022-10-11 01:04:04.848024832,417.3892,0.0
2022-10-11,21.387934,105.8953,2022-10-11 01:04:04.875021312,417.61313,0.0
2022-10-11,21.392595,105.878006,2022-10-11 01:04:04.902017536,417.92682,0.0
2022-10-11,21.39723,105.86068,2022-10-11 01:04:04.929014272,417.58282,0.0
2022-10-11,21.379833,105.99572,2022-10-11 01:04:05.073008640,418.1309,0.0
2022-10-11,21.384815,105.97857,2022-10-11 01:04:05.100004864,417.8383,0.0
2022-10-11,21.389673,105.96136,2022-10-11 01:04:05.127001344,417.458,0.0
2022-10-11,21.39444,105.9441,2022-10-11 01:04:05.153997824,418.2229,0.0
2022-10-11,21.399252,105.92686,2022-10-11 01:04:05.180994304,417.19373,0.0
2022-10-11,21.403957,105.909546,2022-10-11 01:04:05.207990528,417.3213,0.0
2022-10-11,21.408678,105.892235,2022-10-11 01:04:05.234987264,417.98724,0.0
2022-10-11,21.413343,105.87489,2022-10-11 01:04:05.262023936,417.43167,0.0
2022-10-11,21.395878,106.00984,2022-10-11 01:04:05.406018304,418.14944,0.0
2022-10-11,21.400793,105.992645,2022-10-11 01:04:05.433014528,417.9546,0.0
2022-10-11,21.40566,105.97542,2022-10-11 01:04:05.460011008,417.49252,0.0
2022-10-11,21.4105,105.95815,2022-10-11 01:04:05.487007744,416.62314,0.0
2022-10-11,21.415295,105.940865,2022-10-11 01:04:05.514003968,417.5016,0.0
2022-10-11,21.42006,105.92355,2022-10-11 01:04:05.541000448,416.82016,0.0
2022-10-11,21.424746,105.90619,2022-10-11 01:04:05.567996672,417.49097,0.0
2022-10-11,21.429424,105.88882,2022-10-11 01:04:05.594993152,416.855,0.0
2022-10-11,21.41201,106.02375,2022-10-11 01:04:05.739993600,417.122,0.0
2022-10-11,21.41692,106.00657,2022-10-11 01:04:05.766989824,417.98373,0.0
2022-10-11,21.421783,105.989365,2022-10-11 01:04:05.794026496,417.4735,0.0
2022-10-11,21.62917,105.764145,2022-10-11 01:04:07.406007296,418.1301,0.0
2022-10-11,21.633717,105.74656,2022-10-11 01:04:07.433003776,417.9868,0.0
2022-10-11,21.638247,105.72894,2022-10-11 01:04:07.460000256,417.30066,0.0
2022-10-11,21.643248,105.711624,2022-10-11 01:04:07.486996736,417.89548,0.0
2022-10-11,21.647352,105.693695,2022-10-11 01:04:07.513992960,417.88556,0.0
2022-10-11,21.656626,105.65851,2022-10-11 01:04:07.568026112,417.4181,0.0
2022-10-11,21.660685,105.64049,2022-10-11 01:04:07.595022592,416.89465,0.0
2022-10-11,21.645159,105.778114,2022-10-11 01:04:07.740022784,417.54306,0.0
2022-10-11,21.649763,105.76058,2022-10-11 01:04:07.767019264,417.47577,0.0
2022-10-11,21.654348,105.74302,2022-10-11 01:04:07.794015744,417.8121,0.0
2022-10-11,21.658901,105.725395,2022-10-11 01:04:07.821011968,417.59064,0.0
2022-10-11,21.663399,105.70772,2022-10-11 01:04:07.848008704,417.3626,0.0
2022-10-11,21.66778,105.68993,2022-10-11 01:04:07.875004928,418.15536,0.0
2022-10-11,21.672644,105.67246,2022-10-11 01:04:07.902001408,417.53384,0.0
2022-10-11,21.676695,105.65441,2022-10-11 01:04:07.928997888,417.35168,0.0
2022-10-11,20.640842,105.19765,2022-10-11 01:04:09.072986880,417.1096,0.0
2022-10-11,20.639833,105.175316,2022-10-11 01:04:09.100023552,416.75732,0.0
2022-10-11,20.64041,105.13216,2022-10-11 01:04:09.154016512,417.72284,0.0
2022-10-11,20.638893,105.1094,2022-10-11 01:04:09.181012992,416.37903,0.0
2022-10-11,20.627287,105.03613,2022-10-11 01:04:09.262001920,418.62158,0.0
2022-10-11,20.657219,105.21206,2022-10-11 01:04:09.405996544,416.20328,0.0
2022-10-11,20.655315,105.189186,2022-10-11 01:04:09.432993024,416.89835,0.0
2022-10-11,20.654417,105.16688,2022-10-11 01:04:09.459989248,416.411,0.0
2022-10-11,20.654985,105.123634,2022-10-11 01:04:09.514022400,417.92566,0.0
2022-10-11,20.673157,105.225784,2022-10-11 01:04:09.740012032,417.73752,0.0
2022-10-11,20.6719,105.20323,2022-10-11 01:04:09.767008256,417.62912,0.0
2022-10-11,20.669909,105.18017,2022-10-11 01:04:09.794004992,417.18677,0.0
2022-10-11,20.668982,105.157776,2022-10-11 01:04:09.821001216,416.68253,0.0
2022-10-11,20.659376,105.06395,2022-10-11 01:04:09.928987136,417.26093,0.0
2022-10-11,20.689383,105.23978,2022-10-11 01:04:10.073021696,418.8306,0.0
2022-10-11,20.688004,105.21717,2022-10-11 01:04:10.100017920,418.4466,0.0
2022-10-11,20.686783,105.19461,2022-10-11 01:04:10.127014656,418.90457,0.0
2022-10-11,20.684612,105.1714,2022-10-11 01:04:10.154011136,417.8867,0.0
2022-10-11,20.68305,105.14852,2022-10-11 01:04:10.181007360,418.04715,0.0
2022-10-11,20.70487,105.25343,2022-10-11 01:04:10.405991168,417.9959,0.0
2022-10-11,20.703068,105.23059,2022-10-11 01:04:10.432987392,417.29147,0.0
2022-10-11,20.701508,105.20785,2022-10-11 01:04:10.460024064,416.8439,0.0
2022-10-11,20.6983,105.162155,2022-10-11 01:04:10.514017024,415.61438,0.0
2022-10-11,20.721764,105.26775,2022-10-11 01:04:10.740006400,416.602,0.0
2022-10-11,20.71915,105.24434,2022-10-11 01:04:10.767003136,417.36227,0.0
2022-10-11,20.71764,105.22154,2022-10-11 01:04:10.793999360,417.21964,0.0
2022-10-11,20.714064,105.15361,2022-10-11 01:04:10.874988800,417.2941,0.0
2022-10-11,20.711739,105.13014,2022-10-11 01:04:10.902025472,417.60495,0.0
2022-10-11,20.739079,105.28234,2022-10-11 01:04:11.073016064,418.7845,0.0
2022-10-11,20.73557,105.258446,2022-10-11 01:04:11.100012800,418.10895,0.0
2022-10-11,20.735626,105.236694,2022-10-11 01:04:11.127009280,418.82892,0.0
2022-10-11,20.726997,105.143654,2022-10-11 01:04:11.234994944,414.72018,0.0
2022-10-11,20.754639,105.29616,2022-10-11 01:04:11.406025984,416.25363,0.0
2022-10-11,20.752108,105.272835,2022-10-11 01:04:11.433022208,416.6244,0.0
2022-10-11,20.750013,105.24972,2022-10-11 01:04:11.460018688,418.12384,0.0
2022-10-11,20.749384,105.227486,2022-10-11 01:04:11.487015168,417.38345,0.0
2022-10-11,20.769518,105.309364,2022-10-11 01:04:11.740001280,416.95905,0.0
2022-10-11,20.767344,105.264465,2022-10-11 01:04:11.793993984,419.17755,0.0
2022-10-11,20.765099,105.24121,2022-10-11 01:04:11.820990464,418.73364,0.0
2022-10-11,20.78618,105.32367,2022-10-11 01:04:12.073010944,418.8724,0.0
2022-10-11,20.792824,105.200386,2022-10-11 01:04:12.567999232,419.72263,0.0
2022-10-11,20.790958,105.17714,2022-10-11 01:04:12.594995456,418.54816,0.0
2022-10-11,20.815035,105.32774,2022-10-11 01:04:12.766992128,416.92157,0.0
2022-10-11,20.808668,105.23613,2022-10-11 01:04:12.875018240,416.47015,0.0
2022-10-11,20.80804,105.21373,2022-10-11 01:04:12.902014464,417.40048,0.0
2022-10-11,20.807508,105.19135,2022-10-11 01:04:12.929010944,418.24744,0.0
2022-10-11,20.831339,105.34179,2022-10-11 01:04:13.100001792,418.19058,0.0
2022-10-11,20.850504,105.37947,2022-10-11 01:04:13.406014976,418.20377,0.0
2022-10-11,20.84455,105.3103,2022-10-11 01:04:13.487004160,416.76166,0.0
2022-10-11,20.866312,105.39336,2022-10-11 01:04:13.739990272,417.75568,0.0
2022-10-11,20.864498,105.370445,2022-10-11 01:04:13.767026944,418.2319,0.0
2022-10-11,20.861626,105.346825,2022-10-11 01:04:13.794023424,418.40857,0.0
2022-10-11,20.859945,105.30196,2022-10-11 01:04:13.848016384,417.01617,0.0
2022-10-11,20.882227,105.40725,2022-10-11 01:04:14.072999936,417.82254,0.0
2022-10-11,20.881018,105.38473,2022-10-11 01:04:14.099996416,417.08096,0.0
2022-10-11,20.87489,105.315254,2022-10-11 01:04:14.181026048,417.9146,0.0
2022-10-11,20.87259,105.26982,2022-10-11 01:04:14.235018752,417.7386,0.0
2022-10-11,20.870747,105.246574,2022-10-11 01:04:14.262015232,418.29092,0.0
2022-10-11,20.89841,105.42131,2022-10-11 01:04:14.406009600,416.82898,0.0
2022-10-11,20.896303,105.39821,2022-10-11 01:04:14.433006080,416.94818,0.0
2022-10-11,20.893736,105.374756,2022-10-11 01:04:14.460002304,417.78992,0.0
2022-10-11,20.891405,105.329475,2022-10-11 01:04:14.513995520,417.60904,0.0
2022-10-11,20.885874,105.25986,2022-10-11 01:04:14.595024896,417.01712,0.0
2022-10-11,20.91378,105.43487,2022-10-11 01:04:14.740025088,418.4923,0.0
2022-10-11,20.912094,105.412025,2022-10-11 01:04:14.767021568,417.66956,0.0
2022-10-11,20.910067,105.388916,2022-10-11 01:04:14.794018048,419.35645,0.0
2022-10-11,20.90216,105.27396,2022-10-11 01:04:14.929000192,417.0839,0.0
2022-10-11,20.926325,105.40301,2022-10-11 01:04:15.126987520,417.88306,0.0
2022-10-11,20.92504,105.3803,2022-10-11 01:04:15.154024192,417.83884,0.0
2022-10-11,20.924091,105.357765,2022-10-11 01:04:15.181020416,416.7842,0.0
2022-10-11,20.92064,105.33356,2022-10-11 01:04:15.208016896,416.6563,0.0
2022-10-11,20.917173,105.287186,2022-10-11 01:04:15.262009856,417.48212,0.0
2022-10-11,20.9396,105.37128,2022-10-11 01:04:15.513989888,417.24985,0.0
2022-10-11,20.933943,105.301476,2022-10-11 01:04:15.595019264,416.98306,0.0
2022-10-11,20.962772,105.47716,2022-10-11 01:04:15.740019712,416.07333,0.0
2022-10-11,20.955223,105.38497,2022-10-11 01:04:15.848005376,418.3171,0.0
2022-10-11,20.949348,105.31505,2022-10-11 01:04:15.928994560,418.28827,0.0
2022-10-11,20.978657,105.49107,2022-10-11 01:04:16.072988928,418.5332,0.0
2022-10-11,20.97646,105.467896,2022-10-11 01:04:16.100025600,417.5023,0.0
2022-10-11,20.971611,105.39912,2022-10-11 01:04:16.181015040,416.98895,0.0
2022-10-11,20.992565,105.48189,2022-10-11 01:04:16.432995328,417.46683,0.0
2022-10-11,20.990837,105.45895,2022-10-11 01:04:16.459991808,417.25357,0.0
2022-10-11,20.989244,105.436035,2022-10-11 01:04:16.486988032,417.28226,0.0
2022-10-11,20.986546,105.39039,2022-10-11 01:04:16.541021184,417.90717,0.0
2022-10-11,20.983265,105.36622,2022-10-11 01:04:16.568017408,417.27396,0.0
2022-10-11,20.980803,105.342514,2022-10-11 01:04:16.595014144,417.98007,0.0
2022-10-11,21.009897,105.518555,2022-10-11 01:04:16.740014336,417.09872,0.0
2022-10-11,21.008352,105.49577,2022-10-11 01:04:16.767010816,417.76495,0.0
2022-10-11,21.006708,105.47288,2022-10-11 01:04:16.794007040,417.07907,0.0
2022-10-11,21.004969,105.44986,2022-10-11 01:04:16.821003520,416.90952,0.0
2022-10-11,21.003174,105.42676,2022-10-11 01:04:16.848000000,417.18423,0.0
2022-10-11,21.001652,105.40378,2022-10-11 01:04:16.874996480,418.6688,0.0
2022-10-11,20.999596,105.3804,2022-10-11 01:04:16.901992704,417.76358,0.0
2022-10-11,20.997065,105.35665,2022-10-11 01:04:16.928989440,417.28003,0.0
2022-10-11,21.025974,105.53262,2022-10-11 01:04:17.073023744,417.73547,0.0
2022-10-11,21.024385,105.5098,2022-10-11 01:04:17.100020480,418.46747,0.0
2022-10-11,21.02276,105.48691,2022-10-11 01:04:17.127016704,417.74304,0.0
2022-10-11,21.020966,105.46385,2022-10-11 01:04:17.154013184,417.5985,0.0
2022-10-11,21.0177,105.41778,2022-10-11 01:04:17.208006144,417.9768,0.0
2022-10-11,21.041925,105.54653,2022-10-11 01:04:17.405993472,418.54504,0.0
2022-10-11,21.040348,105.52371,2022-10-11 01:04:17.432989952,418.16565,0.0
2022-10-11,21.038712,105.50081,2022-10-11 01:04:17.459986176,417.74765,0.0
2022-10-11,21.031633,105.4083,2022-10-11 01:04:17.568012288,419.39667,0.0
2022-10-11,21.058023,105.56056,2022-10-11 01:04:17.740008704,417.87506,0.0
2022-10-11,21.056393,105.53772,2022-10-11 01:04:17.767005184,418.80273,0.0
2022-10-11,21.054773,105.514824,2022-10-11 01:04:17.794001664,417.52536,0.0
2022-10-11,21.049366,105.44547,2022-10-11 01:04:17.874990848,416.8933,0.0
2022-10-11,21.047556,105.422226,2022-10-11 01:04:17.901987584,417.91785,0.0
2022-10-11,21.074062,105.57455,2022-10-11 01:04:18.073018624,417.71066,0.0
2022-10-11,21.072466,105.55172,2022-10-11 01:04:18.100014848,417.12704,0.0
2022-10-11,21.070782,105.52878,2022-10-11 01:04:18.127011328,417.30197,0.0
2022-10-11,21.06338,105.43605,2022-10-11 01:04:18.234996992,417.2496,0.0
2022-10-11,21.061396,105.412636,2022-10-11 01:04:18.261993472,416.83762,0.0
2022-10-11,21.090181,105.58863,2022-10-11 01:04:18.405988096,417.64725,0.0
2022-10-11,21.088585,105.565796,2022-10-11 01:04:18.433024768,418.0008,0.0
2022-10-11,21.086903,105.542854,2022-10-11 01:04:18.460020992,418.30594,0.0
2022-10-11,21.085142,105.519806,2022-10-11 01:04:18.487017472,418.01697,0.0
2022-10-11,21.083302,105.49666,2022-10-11 01:04:18.514013696,417.71722,0.0
2022-10-11,21.079464,105.45008,2022-10-11 01:04:18.568006656,417.6336,0.0
2022-10-11,21.077496,105.426674,2022-10-11 01:04:18.595003136,417.9191,0.0
2022-10-11,21.106295,105.6027,2022-10-11 01:04:18.740003328,418.0369,0.0
2022-10-11,21.104698,105.57986,2022-10-11 01:04:18.766999808,418.17685,0.0
2022-10-11,21.103018,105.55691,2022-10-11 01:04:18.793996288,418.04727,0.0
2022-10-11,21.101261,105.53385,2022-10-11 01:04:18.820992768,417.9904,0.0
2022-10-11,21.09942,105.51069,2022-10-11 01:04:18.847988992,418.63684,0.0
2022-10-11,21.097494,105.48742,2022-10-11 01:04:18.875025664,418.65024,0.0
2022-10-11,21.095577,105.46409,2022-10-11 01:04:18.902022400,418.51685,0.0
2022-10-11,21.093493,105.4406,2022-10-11 01:04:18.929018624,417.95862,0.0
2022-10-11,21.12235,105.61669,2022-10-11 01:04:19.073012992,418.70972,0.0
2022-10-11,21.120758,105.59385,2022-10-11 01:04:19.100009472,417.2422,0.0
2022-10-11,21.119078,105.57089,2022-10-11 01:04:19.127005952,417.3703,0.0
2022-10-11,21.117323,105.54784,2022-10-11 01:04:19.154002432,417.82553,0.0
2022-10-11,21.115482,105.52467,2022-10-11 01:04:19.180998912,417.923,0.0
2022-10-11,21.113588,105.50141,2022-10-11 01:04:19.207995136,417.6898,0.0
2022-10-11,21.11161,105.47804,2022-10-11 01:04:19.234991616,417.5101,0.0
2022-10-11,21.10956,105.45457,2022-10-11 01:04:19.261988096,418.28473,0.0
2022-10-11,21.13691,105.607925,2022-10-11 01:04:19.433019136,418.6404,0.0
2022-10-11,21.13524,105.58498,2022-10-11 01:04:19.460015616,417.5711,0.0
2022-10-11,21.133478,105.56191,2022-10-11 01:04:19.487011840,418.13312,0.0
2022-10-11,21.13163,105.53873,2022-10-11 01:04:19.514008576,418.4852,0.0
2022-10-11,21.129698,105.51544,2022-10-11 01:04:19.541004800,417.45825,0.0
2022-10-11,21.127708,105.49206,2022-10-11 01:04:19.568001280,417.4462,0.0
2022-10-11,21.125706,105.468605,2022-10-11 01:04:19.594997760,418.96933,0.0
2022-10-11,21.15294,105.6219,2022-10-11 01:04:19.766994432,417.9828,0.0
2022-10-11,21.14166,105.48252,2022-10-11 01:04:19.929013248,417.85126,0.0
2022-10-11,21.170591,105.65878,2022-10-11 01:04:20.073007616,417.88818,0.0
2022-10-11,21.168974,105.63592,2022-10-11 01:04:20.100004096,418.08368,0.0
2022-10-11,21.16555,105.5899,2022-10-11 01:04:20.153997056,417.32556,0.0
2022-10-11,21.16376,105.56676,2022-10-11 01:04:20.180993280,418.84412,0.0
2022-10-11,21.186655,105.67284,2022-10-11 01:04:20.406017280,417.69177,0.0
2022-10-11,21.181726,105.604,2022-10-11 01:04:20.487006720,419.28384,0.0
2022-10-11,21.179842,105.580795,2022-10-11 01:04:20.514002944,417.80698,0.0
2022-10-11,21.177946,105.557526,2022-10-11 01:04:20.540999424,417.64362,0.0
2022-10-11,21.175922,105.53411,2022-10-11 01:04:20.567995904,418.06982,0.0
2022-10-11,21.173841,105.510605,2022-10-11 01:04:20.594992384,418.44977,0.0
2022-10-11,21.202734,105.68694,2022-10-11 01:04:20.739992576,417.67007,0.0
2022-10-11,21.20115,105.664085,2022-10-11 01:04:20.766989056,417.53363,0.0
2022-10-11,21.19948,105.64112,2022-10-11 01:04:20.794025728,418.4711,0.0
2022-10-11,21.197733,105.61806,2022-10-11 01:04:20.821021952,418.22726,0.0
2022-10-11,21.195902,105.59489,2022-10-11 01:04:20.848018688,418.76477,0.0
2022-10-11,21.193989,105.571594,2022-10-11 01:04:20.875014912,417.272,0.0
2022-10-11,21.191992,105.548195,2022-10-11 01:04:20.902011392,418.26703,0.0
2022-10-11,21.218786,105.701,2022-10-11 01:04:21.073002240,416.8104,0.0
2022-10-11,21.217205,105.67813,2022-10-11 01:04:21.099998720,417.69696,0.0
2022-10-11,21.215536,105.65515,2022-10-11 01:04:21.126995200,417.25098,0.0
2022-10-11,21.21379,105.63208,2022-10-11 01:04:21.153991424,417.765,0.0
2022-10-11,21.211964,105.608894,2022-10-11 01:04:21.180987904,418.04114,0.0
2022-10-11,21.210052,105.585594,2022-10-11 01:04:21.208024576,417.93903,0.0
2022-10-11,21.20806,105.56219,2022-10-11 01:04:21.235021056,417.40686,0.0
2022-10-11,21.234861,105.71502,2022-10-11 01:04:21.406011904,417.3818,0.0
2022-10-11,21.233286,105.69216,2022-10-11 01:04:21.433008128,417.8094,0.0
2022-10-11,21.231627,105.66919,2022-10-11 01:04:21.460004864,417.8615,0.0
2022-10-11,21.229881,105.64612,2022-10-11 01:04:21.487001088,417.8252,0.0
2022-10-11,21.228052,105.62294,2022-10-11 01:04:21.513997568,417.95157,0.0
2022-10-11,21.22614,105.59965,2022-10-11 01:04:21.540994048,417.12793,0.0
2022-10-11,21.224144,105.57624,2022-10-11 01:04:21.567990528,417.79172,0.0
2022-10-11,21.222061,105.55272,2022-10-11 01:04:21.594987008,418.1886,0.0
2022-10-11,21.250906,105.7291,2022-10-11 01:04:21.739987200,417.09143,0.0
2022-10-11,21.249311,105.70622,2022-10-11 01:04:21.767023872,417.78607,0.0
2022-10-11,21.247646,105.683235,2022-10-11 01:04:21.794020096,417.50027,0.0
2022-10-11,21.245903,105.66016,2022-10-11 01:04:21.821016832,417.0434,0.0
2022-10-11,21.240183,105.59025,2022-10-11 01:04:21.902006016,417.28622,0.0
2022-10-11,21.23811,105.56672,2022-10-11 01:04:21.929002240,416.2301,0.0
2022-10-11,21.266949,105.74312,2022-10-11 01:04:22.072996864,416.9858,0.0
2022-10-11,21.265364,105.72025,2022-10-11 01:04:22.099993344,417.55774,0.0
2022-10-11,21.26372,105.69729,2022-10-11 01:04:22.126989568,417.28592,0.0
2022-10-11,21.260168,105.65103,2022-10-11 01:04:22.181022720,416.6694,0.0
2022-10-11,21.25421,105.58081,2022-10-11 01:04:22.262011904,417.75,0.0
2022-10-11,21.283035,105.75725,2022-10-11 01:04:22.406006272,417.4718,0.0
2022-10-11,21.28152,105.73442,2022-10-11 01:04:22.433003008,417.24768,0.0
2022-10-11,21.279804,105.7114,2022-10-11 01:04:22.459999232,416.4672,0.0
2022-10-11,21.278042,105.6883,2022-10-11 01:04:22.486995712,416.01245,0.0
2022-10-11,21.276255,105.66512,2022-10-11 01:04:22.513992192,416.89572,0.0
2022-10-11,21.272371,105.6184,2022-10-11 01:04:22.568025344,415.41876,0.0
2022-10-11,21.270304,105.59487,2022-10-11 01:04:22.595021824,417.0679,0.0
2022-10-11,21.29933,105.77146,2022-10-11 01:04:22.740022016,418.79,0.0
2022-10-11,21.297518,105.74844,2022-10-11 01:04:22.767018240,417.38235,0.0
2022-10-11,21.296158,105.725655,2022-10-11 01:04:22.794014976,417.59265,0.0
2022-10-11,21.294113,105.70238,2022-10-11 01:04:22.821011200,417.65674,0.0
2022-10-11,21.29229,105.679184,2022-10-11 01:04:22.848007680,416.71335,0.0
2022-10-11,21.290413,105.65589,2022-10-11 01:04:22.875004160,417.5566,0.0
2022-10-11,21.28633,105.60892,2022-10-11 01:04:22.928997120,419.54202,0.0
2022-10-11,21.314676,105.76321,2022-10-11 01:04:23.099987712,418.48285,0.0
2022-10-11,21.308338,105.693214,2022-10-11 01:04:23.181017344,417.48135,0.0
2022-10-11,21.30644,105.6699,2022-10-11 01:04:23.208013824,416.9844,0.0
2022-10-11,21.304474,105.64648,2022-10-11 01:04:23.235010048,416.67432,0.0
2022-10-11,21.332714,105.80039,2022-10-11 01:04:23.406001152,417.41162,0.0
2022-10-11,21.330168,105.77691,2022-10-11 01:04:23.432997376,418.61026,0.0
2022-10-11,21.328833,105.75413,2022-10-11 01:04:23.459993856,416.99908,0.0
2022-10-11,21.322523,105.68398,2022-10-11 01:04:23.541023488,417.18994,0.0
2022-10-11,21.320524,105.66055,2022-10-11 01:04:23.568019968,418.38403,0.0
2022-10-11,21.318708,105.63718,2022-10-11 01:04:23.595016192,417.5511,0.0
2022-10-11,21.347242,105.79167,2022-10-11 01:04:23.767013120,417.67273,0.0
2022-10-11,21.344543,105.76803,2022-10-11 01:04:23.794009344,418.36725,0.0
2022-10-11,21.342772,105.74491,2022-10-11 01:04:23.821005824,417.93384,0.0
2022-10-11,21.340609,105.72149,2022-10-11 01:04:23.848002304,417.35928,0.0
2022-10-11,21.338615,105.698105,2022-10-11 01:04:23.874998528,417.23322,0.0
2022-10-11,21.336641,105.67468,2022-10-11 01:04:23.901995264,417.62668,0.0
2022-10-11,21.334497,105.65108,2022-10-11 01:04:23.928991488,416.42676,0.0
2022-10-11,21.363272,105.827644,2022-10-11 01:04:24.073026304,418.00247,0.0
2022-10-11,21.36177,105.804794,2022-10-11 01:04:24.100022528,417.92526,0.0
2022-10-11,21.360842,105.78225,2022-10-11 01:04:24.127019008,418.13443,0.0
2022-10-11,21.357634,105.73615,2022-10-11 01:04:24.181011968,417.197,0.0
2022-10-11,21.355003,105.71236,2022-10-11 01:04:24.208008192,416.9705,0.0
2022-10-11,21.350779,105.66524,2022-10-11 01:04:24.262001152,417.29388,0.0
2022-10-11,21.379358,105.841675,2022-10-11 01:04:24.405995520,418.3572,0.0
2022-10-11,21.377832,105.8188,2022-10-11 01:04:24.432992000,417.40906,0.0
2022-10-11,21.376253,105.795845,2022-10-11 01:04:24.459988480,417.47247,0.0
2022-10-11,21.374733,105.77287,2022-10-11 01:04:24.487025152,417.9001,0.0
2022-10-11,21.374937,105.75097,2022-10-11 01:04:24.514021632,418.40372,0.0
2022-10-11,21.371292,105.72651,2022-10-11 01:04:24.541018112,416.4535,0.0
2022-10-11,21.369453,105.70317,2022-10-11 01:04:24.568014336,416.51135,0.0
2022-10-11,21.36709,105.67942,2022-10-11 01:04:24.595010816,417.6926,0.0
2022-10-11,21.39542,105.85576,2022-10-11 01:04:24.740011264,417.8115,0.0
2022-10-11,21.393944,105.83292,2022-10-11 01:04:24.767007488,416.99677,0.0
2022-10-11,21.392286,105.80991,2022-10-11 01:04:24.794003968,416.92093,0.0
2022-10-11,21.390606,105.786835,2022-10-11 01:04:24.821000448,416.978,0.0
2022-10-11,21.390139,105.76449,2022-10-11 01:04:24.847996672,417.31473,0.0
2022-10-11,21.387169,105.74046,2022-10-11 01:04:24.874993408,417.7854,0.0
2022-10-11,21.385864,105.71747,2022-10-11 01:04:24.901989632,418.87134,0.0
2022-10-11,21.383558,105.69375,2022-10-11 01:04:24.929026304,415.99872,0.0
2022-10-11,21.411558,105.869896,2022-10-11 01:04:25.073020672,417.86322,0.0
2022-10-11,21.409996,105.847,2022-10-11 01:04:25.100017152,418.2819,0.0
2022-10-11,21.40834,105.82399,2022-10-11 01:04:25.127013632,416.92194,0.0
2022-10-11,21.40663,105.80089,2022-10-11 01:04:25.154010112,417.17322,0.0
2022-10-11,21.404879,105.7777,2022-10-11 01:04:25.181006336,417.73737,0.0
2022-10-11,21.403498,105.7547,2022-10-11 01:04:25.208003072,418.11594,0.0
2022-10-11,21.403362,105.73248,2022-10-11 01:04:25.234999296,418.58905,0.0
2022-10-11,21.400852,105.70863,2022-10-11 01:04:25.261995776,416.67645,0.0
2022-10-11,21.427605,105.88394,2022-10-11 01:04:25.405990144,417.89334,0.0
2022-10-11,21.42606,105.86104,2022-10-11 01:04:25.433026816,417.64737,0.0
2022-10-11,21.424421,105.83803,2022-10-11 01:04:25.460023296,417.8067,0.0
2022-10-11,21.422827,105.815,2022-10-11 01:04:25.487019776,416.91553,0.0
2022-10-11,21.420967,105.791756,2022-10-11 01:04:25.514016256,417.79926,0.0
2022-10-11,21.41912,105.76846,2022-10-11 01:04:25.541012480,418.50876,0.0
2022-10-11,21.418169,105.7457,2022-10-11 01:04:25.568008960,418.43243,0.0
2022-10-11,21.41811,105.723495,2022-10-11 01:04:25.595005440,418.0922,0.0
2022-10-11,21.442106,105.87519,2022-10-11 01:04:25.767002112,418.1686,0.0
2022-10-11,21.440384,105.85212,2022-10-11 01:04:25.793998592,417.91965,0.0
2022-10-11,21.438692,105.82902,2022-10-11 01:04:25.820994816,418.04843,0.0
2022-10-11,21.436975,105.80585,2022-10-11 01:04:25.847991552,416.97687,0.0
2022-10-11,21.435095,105.78252,2022-10-11 01:04:25.874987776,417.55774,0.0
2022-10-11,21.433619,105.7594,2022-10-11 01:04:25.902024448,418.0884,0.0
2022-10-11,21.459772,105.91229,2022-10-11 01:04:26.073015296,417.5493,0.0
2022-10-11,21.456528,105.86633,2022-10-11 01:04:26.127008256,418.10538,0.0
2022-10-11,21.45481,105.843216,2022-10-11 01:04:26.154004480,417.54092,0.0
2022-10-11,21.452982,105.81997,2022-10-11 01:04:26.181001216,418.07104,0.0
2022-10-11,21.451141,105.79666,2022-10-11 01:04:26.207997440,417.12836,0.0
2022-10-11,21.449274,105.77327,2022-10-11 01:04:26.234993920,417.37543,0.0
2022-10-11,21.447308,105.749756,2022-10-11 01:04:26.261990400,418.5032,0.0
2022-10-11,21.475714,105.926346,2022-10-11 01:04:26.406024960,417.7054,0.0
2022-10-11,21.47423,105.90349,2022-10-11 01:04:26.433021440,418.20255,0.0
2022-10-11,21.470879,105.85735,2022-10-11 01:04:26.487014400,417.9171,0.0
2022-10-11,21.469074,105.83412,2022-10-11 01:04:26.514010624,418.4474,0.0
2022-10-11,21.46725,105.810814,2022-10-11 01:04:26.541007104,418.83875,0.0
2022-10-11,21.465317,105.78738,2022-10-11 01:04:26.568003584,417.79184,0.0
2022-10-11,21.463247,105.763794,2022-10-11 01:04:26.595000064,417.60458,0.0
2022-10-11,21.491716,105.940475,2022-10-11 01:04:26.740000256,417.72,0.0
2022-10-11,21.490173,105.91758,2022-10-11 01:04:26.766996736,417.85785,0.0
2022-10-11,21.488632,105.89464,2022-10-11 01:04:26.793992960,418.05145,0.0
2022-10-11,21.486841,105.87148,2022-10-11 01:04:26.820989696,418.1296,0.0
2022-10-11,21.485107,105.848305,2022-10-11 01:04:26.848026368,418.45886,0.0
2022-10-11,21.483168,105.82492,2022-10-11 01:04:26.875022592,418.2085,0.0
2022-10-11,21.481281,105.801506,2022-10-11 01:04:26.902019072,418.4465,0.0
2022-10-11,21.480167,105.77855,2022-10-11 01:04:26.929015552,418.4795,0.0
2022-10-11,21.507898,105.95468,2022-10-11 01:04:27.073009920,417.89355,0.0
2022-10-11,21.506273,105.931725,2022-10-11 01:04:27.100006400,417.8165,0.0
2022-10-11,21.504639,105.90871,2022-10-11 01:04:27.127002624,417.5614,0.0
2022-10-11,21.502937,105.88559,2022-10-11 01:04:27.153999360,417.83768,0.0
2022-10-11,21.501251,105.86243,2022-10-11 01:04:27.180995584,418.36362,0.0
2022-10-11,21.69301,105.79913,2022-10-11 01:04:28.406014208,418.60242,0.0
2022-10-11,21.691257,105.77543,2022-10-11 01:04:28.433010688,418.65213,0.0
2022-10-11,21.689495,105.75165,2022-10-11 01:04:28.460006912,419.39432,0.0
2022-10-11,21.687551,105.72769,2022-10-11 01:04:28.487003392,417.20676,0.0
2022-10-11,21.685604,105.703674,2022-10-11 01:04:28.513999872,419.41434,0.0
2022-10-11,21.684399,105.68015,2022-10-11 01:04:28.540996352,418.15543,0.0
2022-10-11,21.68186,105.655556,2022-10-11 01:04:28.567992576,418.743,0.0
2022-10-11,21.679674,105.631165,2022-10-11 01:04:28.594989312,417.50735,0.0
2022-10-11,21.70997,105.81203,2022-10-11 01:04:28.739989248,418.6625,0.0
2022-10-11,21.708256,105.78851,2022-10-11 01:04:28.767025920,418.20358,0.0
2022-10-11,21.706581,105.76498,2022-10-11 01:04:28.794022656,418.09647,0.0
2022-10-11,20.718475,105.04593,2022-10-11 01:04:30.486992640,416.17184,0.0
2022-10-11,20.734459,105.06013,2022-10-11 01:04:30.821008128,416.67438,0.0
2022-10-11,20.723763,105.02889,2022-10-11 01:04:30.848004608,416.70215,0.0
2022-10-11,20.728464,105.01123,2022-10-11 01:04:31.208010752,416.76105,0.0
2022-10-11,20.801462,105.183395,2022-10-11 01:04:31.405997824,418.11783,0.0
2022-10-11,20.75322,105.0548,2022-10-11 01:04:31.514023680,416.76553,0.0
2022-10-11,20.733252,104.99289,2022-10-11 01:04:31.568016640,417.64142,0.0
2022-10-11,20.748695,105.00603,2022-10-11 01:04:31.901991936,417.44388,0.0
2022-10-16,21.601656,105.06964,2022-10-16 08:27:29.247997952,413.90118,0.0
2022-10-16,21.59878,105.09361,2022-10-16 08:27:29.274994432,415.13144,0.0
2022-10-16,21.59136,105.03622,2022-10-16 08:27:29.527014656,412.6353,0.0
2022-10-16,21.58275,105.10779,2022-10-16 08:27:29.608004096,413.83783,0.0
2022-10-16,21.558918,105.06508,2022-10-16 08:27:30.193999872,414.4468,0.0
2022-10-16,21.540497,105.1028,2022-10-16 08:27:30.554005760,413.97003,0.0
2022-10-16,21.527313,105.09288,2022-10-16 08:27:30.860018944,413.30362,0.0
2022-10-16,21.495586,105.121544,2022-10-16 08:27:31.527003904,413.8235,0.0
2022-10-16,21.489706,105.16924,2022-10-16 08:27:31.580996864,413.68246,0.0
2022-10-16,21.476294,105.15944,2022-10-16 08:27:31.887010048,414.78525,0.0
2022-10-16,21.470762,105.20708,2022-10-16 08:27:31.941002752,413.93555,0.0
2022-10-16,21.457798,105.197296,2022-10-16 08:27:32.248022016,414.68216,0.0
2022-10-16,21.454762,105.221306,2022-10-16 08:27:32.275018496,413.9984,0.0
2022-10-16,21.446255,105.29347,2022-10-16 08:27:32.356007680,415.3827,0.0
2022-10-16,21.443476,105.317665,2022-10-16 08:27:32.383004160,414.09793,0.0
2022-10-16,21.447422,105.16385,2022-10-16 08:27:32.526998528,413.17914,0.0
2022-10-16,21.441555,105.21154,2022-10-16 08:27:32.580991232,414.44913,0.0
2022-10-16,21.433136,105.28347,2022-10-16 08:27:32.662020864,413.89178,0.0
2022-10-16,21.431534,105.17816,2022-10-16 08:27:32.860008192,415.2966,0.0
2022-10-16,21.42856,105.20197,2022-10-16 08:27:32.887004672,414.3173,0.0
2022-10-16,21.41989,105.273766,2022-10-16 08:27:32.967993856,414.6966,0.0
2022-10-16,21.417242,105.29773,2022-10-16 08:27:32.994990336,414.47314,0.0
2022-10-16,21.414324,105.321915,2022-10-16 08:27:33.021986816,415.14822,0.0
2022-10-16,21.412582,105.216034,2022-10-16 08:27:33.221020160,414.4171,0.0
2022-10-16,21.409554,105.23993,2022-10-16 08:27:33.248016640,415.9421,0.0
2022-10-16,21.406704,105.263824,2022-10-16 08:27:33.275012864,414.957,0.0
2022-10-16,21.395508,105.36015,2022-10-16 08:27:33.382998784,415.64682,0.0
2022-10-16,21.39957,105.20637,2022-10-16 08:27:33.526993152,414.8077,0.0
2022-10-16,21.396431,105.23024,2022-10-16 08:27:33.553989376,415.6864,0.0
2022-10-16,21.390654,105.27798,2022-10-16 08:27:33.608022784,415.9054,0.0
2022-10-16,21.38508,105.32593,2022-10-16 08:27:33.662015488,415.1702,0.0
2022-10-16,21.379438,105.374275,2022-10-16 08:27:33.716008448,415.8598,0.0
2022-10-16,21.3835,105.22055,2022-10-16 08:27:33.860002816,414.56927,0.0
2022-10-16,21.377659,105.26818,2022-10-16 08:27:33.913995776,415.2059,0.0
2022-10-16,21.374697,105.29214,2022-10-16 08:27:33.940992000,415.4781,0.0
2022-10-16,21.37196,105.316055,2022-10-16 08:27:33.967988480,414.03683,0.0
2022-10-16,21.369041,105.34015,2022-10-16 08:27:33.995025152,415.63495,0.0
2022-10-16,21.366226,105.36427,2022-10-16 08:27:34.022021632,414.60245,0.0
2022-10-16,21.367321,105.23461,2022-10-16 08:27:34.194018304,416.00366,0.0
2022-10-16,21.364305,105.25838,2022-10-16 08:27:34.221014784,415.72272,0.0
2022-10-16,21.361395,105.28217,2022-10-16 08:27:34.248011008,415.4543,0.0
2022-10-16,21.358515,105.30605,2022-10-16 08:27:34.275007488,414.92978,0.0
2022-10-16,21.355762,105.32999,2022-10-16 08:27:34.302003968,414.33115,0.0
2022-10-16,21.35283,105.354095,2022-10-16 08:27:34.329000448,415.61127,0.0
2022-10-16,21.35003,105.37822,2022-10-16 08:27:34.355996928,415.96234,0.0
2022-10-16,21.351364,105.248764,2022-10-16 08:27:34.526987520,414.99484,0.0
2022-10-16,21.345453,105.29643,2022-10-16 08:27:34.581020928,415.53305,0.0
2022-10-16,21.336916,105.36836,2022-10-16 08:27:34.662010112,415.8285,0.0
2022-10-16,21.334093,105.39245,2022-10-16 08:27:34.689006592,416.1502,0.0
2022-10-16,21.32643,105.33432,2022-10-16 08:27:34.941026816,415.52124,0.0
2022-10-16,21.323547,105.3583,2022-10-16 08:27:34.968023296,414.45535,0.0
2022-10-16,21.320843,105.38226,2022-10-16 08:27:34.995019776,416.50275,0.0
2022-10-16,21.317917,105.406425,2022-10-16 08:27:35.022016000,415.34653,0.0
2022-10-16,21.315182,105.430565,2022-10-16 08:27:35.049012736,415.34467,0.0
2022-10-16,21.316301,105.30086,2022-10-16 08:27:35.221009152,415.05652,0.0
2022-10-16,21.313332,105.324745,2022-10-16 08:27:35.248005632,415.901,0.0
2022-10-16,21.310434,105.34867,2022-10-16 08:27:35.275002112,416.0188,0.0
2022-10-16,21.302074,105.42071,2022-10-16 08:27:35.355991296,416.45972,0.0
2022-10-16,21.299307,105.44487,2022-10-16 08:27:35.382988032,415.4941,0.0
2022-10-16,21.300404,105.31502,2022-10-16 08:27:35.554019072,416.5538,0.0
2022-10-16,21.287313,105.30533,2022-10-16 08:27:35.859992064,415.00238,0.0
2022-10-16,21.284273,105.32912,2022-10-16 08:27:35.886988288,415.5653,0.0
2022-10-16,21.267267,105.472916,2022-10-16 08:27:36.049007104,415.90793,0.0
2022-10-16,21.271345,105.31948,2022-10-16 08:27:36.194007296,414.73935,0.0
2022-10-16,21.265398,105.367165,2022-10-16 08:27:36.248000256,415.73523,0.0
2022-10-16,21.251211,105.48717,2022-10-16 08:27:36.383022848,415.73398,0.0
2022-10-16,21.249382,105.38115,2022-10-16 08:27:36.581009920,415.6092,0.0
2022-10-16,21.246433,105.40507,2022-10-16 08:27:36.608006400,415.07437,0.0
2022-10-16,21.237965,105.477104,2022-10-16 08:27:36.688995584,417.30423,0.0
2022-10-16,21.233347,105.395294,2022-10-16 08:27:36.914019584,414.83664,0.0
2022-10-16,21.230434,105.41922,2022-10-16 08:27:36.941016064,416.27432,0.0
2022-10-16,21.22196,105.49135,2022-10-16 08:27:37.022005248,415.96387,0.0
2022-10-16,21.219254,105.515495,2022-10-16 08:27:37.049001728,414.99078,0.0
2022-10-16,21.22028,105.38553,2022-10-16 08:27:37.220998400,415.01215,0.0
2022-10-16,21.21732,105.40931,2022-10-16 08:27:37.247994880,415.52057,0.0
2022-10-16,21.205898,105.50521,2022-10-16 08:27:37.356020992,415.73535,0.0
2022-10-16,21.204247,105.3996,2022-10-16 08:27:37.554008064,415.49487,0.0
2022-10-16,21.201284,105.42341,2022-10-16 08:27:37.581004544,415.8021,0.0
2022-10-16,21.191397,105.39004,2022-10-16 08:27:37.860021248,414.3314,0.0
2022-10-16,21.185368,105.437645,2022-10-16 08:27:37.914014208,415.48553,0.0
2022-10-16,21.17671,105.50945,2022-10-16 08:27:37.995003392,414.8671,0.0
2022-10-16,21.173912,105.53351,2022-10-16 08:27:38.021999872,416.31128,0.0
2022-10-16,21.172276,105.42783,2022-10-16 08:27:38.220993024,414.9474,0.0
2022-10-16,21.16923,105.451675,2022-10-16 08:27:38.247989504,414.56735,0.0
2022-10-16,21.160658,105.52343,2022-10-16 08:27:38.329019136,414.50693,0.0
2022-10-16,21.159353,105.41823,2022-10-16 08:27:38.527006208,414.52438,0.0
2022-10-16,21.15334,105.465935,2022-10-16 08:27:38.580999168,416.99368,0.0
2022-10-16,21.143208,105.432274,2022-10-16 08:27:38.860015872,415.21362,0.0
2022-10-16,21.140343,105.45596,2022-10-16 08:27:38.887012352,414.16718,0.0
2022-10-16,21.134325,105.50374,2022-10-16 08:27:38.941005312,414.69592,0.0
2022-10-16,21.131432,105.52769,2022-10-16 08:27:38.968001536,415.55463,0.0
2022-10-16,21.1286,105.55168,2022-10-16 08:27:38.994998016,415.3908,0.0
2022-10-16,21.125809,105.575745,2022-10-16 08:27:39.021994496,415.71027,0.0
2022-10-16,21.123062,105.59986,2022-10-16 08:27:39.048990976,416.46652,0.0
2022-10-16,21.124424,105.47022,2022-10-16 08:27:39.220987648,414.42233,0.0
2022-10-16,21.121426,105.49406,2022-10-16 08:27:39.248024320,415.2894,0.0
2022-10-16,21.11841,105.51799,2022-10-16 08:27:39.275020544,415.20993,0.0
2022-10-16,21.11553,105.541954,2022-10-16 08:27:39.302017280,415.75476,0.0
2022-10-16,21.112692,105.56596,2022-10-16 08:27:39.329013504,415.88968,0.0
2022-10-16,21.109898,105.59004,2022-10-16 08:27:39.356009984,415.82684,0.0
2022-10-16,21.107147,105.61418,2022-10-16 08:27:39.383006208,415.3195,0.0
2022-10-16,21.111156,105.46089,2022-10-16 08:27:39.527000832,415.76648,0.0
2022-10-16,21.104824,105.50854,2022-10-16 08:27:39.580993536,415.85965,0.0
2022-10-16,21.093353,105.60421,2022-10-16 08:27:39.689019648,416.26935,0.0
2022-10-16,21.090612,105.62829,2022-10-16 08:27:39.716016128,416.9395,0.0
2022-10-16,21.086168,105.54609,2022-10-16 08:27:39.940999680,416.37332,0.0
2022-10-16,21.083315,105.57,2022-10-16 08:27:39.967996160,415.44183,0.0
2022-10-16,21.080507,105.59397,2022-10-16 08:27:39.994992640,416.58316,0.0
2022-10-16,21.074947,105.64212,2022-10-16 08:27:40.049025792,416.15744,0.0
2022-10-16,21.073275,105.53631,2022-10-16 08:27:40.248018688,415.0609,0.0
2022-10-16,21.07033,105.560165,2022-10-16 08:27:40.275015424,415.82816,0.0
2022-10-16,21.06452,105.60803,2022-10-16 08:27:40.329008128,415.02643,0.0
2022-10-16,21.06168,105.63206,2022-10-16 08:27:40.356004352,415.95892,0.0
2022-10-16,21.051277,105.59814,2022-10-16 08:27:40.635021312,415.76767,0.0
2022-10-16,21.048431,105.62213,2022-10-16 08:27:40.662017792,415.717,0.0
2022-10-16,21.045616,105.64616,2022-10-16 08:27:40.689014272,415.766,0.0
2022-10-16,21.042845,105.67024,2022-10-16 08:27:40.716010496,415.98572,0.0
2022-10-16,21.041086,105.5644,2022-10-16 08:27:40.913997824,415.3954,0.0
2022-10-16,21.035225,105.612175,2022-10-16 08:27:40.967990784,415.1767,0.0
2022-10-16,21.032358,105.636154,2022-10-16 08:27:40.994987264,416.50705,0.0
2022-10-16,21.029537,105.66019,2022-10-16 08:27:41.022023936,415.17154,0.0
2022-10-16,21.019218,105.62624,2022-10-16 08:27:41.302006272,415.73413,0.0
2022-10-16,21.015125,105.54505,2022-10-16 08:27:41.526989824,414.68018,0.0
2022-10-16,21.000298,105.66434,2022-10-16 08:27:41.662012416,416.1515,0.0
2022-10-16,20.989923,105.63022,2022-10-16 08:27:41.940988928,415.6999,0.0
2022-10-16,20.987032,105.65412,2022-10-16 08:27:41.968025600,415.89398,0.0
2022-10-16,20.984186,105.67809,2022-10-16 08:27:41.995022080,416.02277,0.0
2022-10-16,20.98299,105.57305,2022-10-16 08:27:42.194014976,415.13586,0.0
2022-10-16,20.976946,105.62062,2022-10-16 08:27:42.248007936,415.20407,0.0
2022-10-16,20.973988,105.64447,2022-10-16 08:27:42.275004416,415.95453,0.0
2022-10-16,20.971205,105.66828,2022-10-16 08:27:42.302000640,414.82782,0.0
2022-10-16,20.9682,105.69228,2022-10-16 08:27:42.328997120,416.02454,0.0
2022-10-16,20.965374,105.71628,2022-10-16 08:27:42.355993856,416.3,0.0
2022-10-16,20.96259,105.74033,2022-10-16 08:27:42.382990080,415.57043,0.0
2022-10-16,20.966944,105.587074,2022-10-16 08:27:42.527024640,415.56912,0.0
2022-10-16,20.94784,105.624794,2022-10-16 08:27:42.886990592,414.95547,0.0
2022-10-16,20.939163,105.696236,2022-10-16 08:27:42.968020224,417.41025,0.0
2022-10-16,20.933304,105.7443,2022-10-16 08:27:43.022012928,416.23468,0.0
2022-10-16,20.931917,105.638885,2022-10-16 08:27:43.221006080,414.77505,0.0
2022-10-16,20.928934,105.66265,2022-10-16 08:27:43.248002560,416.02606,0.0
2022-10-16,20.925972,105.686485,2022-10-16 08:27:43.274998784,414.86395,0.0
2022-10-16,20.917295,105.75836,2022-10-16 08:27:43.355988224,417.11642,0.0
2022-10-16,20.914482,105.78245,2022-10-16 08:27:43.383024896,415.6912,0.0
2022-10-16,20.91286,105.67669,2022-10-16 08:27:43.581012224,417.30194,0.0
2022-10-16,20.909904,105.70051,2022-10-16 08:27:43.608008704,417.12253,0.0
2022-10-16,20.90699,105.72439,2022-10-16 08:27:43.635004928,416.4743,0.0
2022-10-16,20.901243,105.77238,2022-10-16 08:27:43.688997888,416.09723,0.0
2022-10-16,20.893808,105.714584,2022-10-16 08:27:43.941018368,415.70758,0.0
2022-10-16,20.88509,105.786316,2022-10-16 08:27:44.022007552,415.26797,0.0
2022-10-16,20.882227,105.81037,2022-10-16 08:27:44.049004032,415.76874,0.0
2022-10-16,20.874735,105.75236,2022-10-16 08:27:44.301990144,415.17566,0.0
2022-10-16,20.85564,105.790306,2022-10-16 08:27:44.661996032,415.47336,0.0
2022-10-16,20.854616,105.68519,2022-10-16 08:27:44.860023552,415.60953,0.0
2022-10-16,20.851547,105.70889,2022-10-16 08:27:44.887020032,415.38257,0.0
2022-10-16,20.832588,105.746895,2022-10-16 08:27:45.247991552,415.2205,0.0
2022-10-16,20.822678,105.71346,2022-10-16 08:27:45.527008512,417.02692,0.0
2022-10-16,20.819613,105.73717,2022-10-16 08:27:45.554004992,415.53143,0.0
2022-10-16,20.803457,105.751175,2022-10-16 08:27:45.887014656,415.51987,0.0
2022-10-16,20.800425,105.774956,2022-10-16 08:27:45.914010880,415.95505,0.0
2022-10-16,20.769947,105.908615,2022-10-16 08:27:46.383008768,415.89844,0.0
2022-10-16,20.756672,105.89865,2022-10-16 08:27:46.689021952,416.61734,0.0
2022-10-16,20.746283,105.864655,2022-10-16 08:27:46.967998464,417.47818,0.0
2022-10-16,20.74056,105.91249,2022-10-16 08:27:47.021991168,417.47937,0.0
2022-10-16,20.724558,105.92657,2022-10-16 08:27:47.356006912,415.5605,0.0
2022-10-16,20.721739,105.95061,2022-10-16 08:27:47.383003136,416.47116,0.0
2022-10-16,20.711548,105.916885,2022-10-16 08:27:47.662020096,416.26993,0.0
2022-10-16,20.705849,105.964806,2022-10-16 08:27:47.716013056,416.20828,0.0
2022-10-16,20.698193,105.90674,2022-10-16 08:27:47.967993088,417.0912,0.0
2022-10-16,20.695305,105.93065,2022-10-16 08:27:47.994989312,416.47217,0.0
2022-10-16,20.69249,105.954605,2022-10-16 08:27:48.022025984,416.29977,0.0
2022-10-16,20.679161,105.94432,2022-10-16 08:27:48.329005056,415.94046,0.0
2022-10-16,20.676296,105.96828,2022-10-16 08:27:48.356001280,417.03802,0.0
2022-10-16,20.673445,105.99231,2022-10-16 08:27:48.382997760,415.45663,0.0
2022-10-16,20.665884,105.934364,2022-10-16 08:27:48.635017984,416.7031,0.0
2022-10-16,20.660135,105.98222,2022-10-16 08:27:48.689011200,415.467,0.0
2022-10-16,20.657322,106.00627,2022-10-16 08:27:48.716007424,416.39557,0.0
2022-10-16,20.641123,106.02006,2022-10-16 08:27:49.049017088,416.11566,0.0
2022-10-16,20.645947,105.8674,2022-10-16 08:27:49.194017536,416.66235,0.0
2022-10-16,20.64288,105.89113,2022-10-16 08:27:49.221013760,416.4249,0.0
2022-10-16,20.639902,105.914894,2022-10-16 08:27:49.248010240,417.09952,0.0
2022-10-16,20.636892,105.9387,2022-10-16 08:27:49.275006720,416.14008,0.0
2022-10-16,20.629797,105.88126,2022-10-16 08:27:49.527027200,417.03827,0.0
2022-10-16,21.549816,105.295845,2022-10-16 08:27:53.275025152,415.66235,0.0
2022-10-16,21.559847,105.35207,2022-10-16 08:27:53.356014592,413.43378,0.0
2022-10-16,21.54768,105.38491,2022-10-16 08:27:53.716020480,412.3799,0.0
2022-10-16,21.52432,105.36161,2022-10-16 08:27:53.994996992,413.86423,0.0
2022-10-16,21.505075,105.35705,2022-10-16 08:27:54.302016256,416.01932,0.0
2022-10-16,21.453638,105.3809,2022-10-16 08:27:55.275014400,414.7841,0.0
2022-10-16,21.447912,105.45098,2022-10-16 08:27:55.689013248,415.87402,0.0
2022-10-16,21.451164,105.46975,2022-10-16 08:27:55.716009728,415.52576,0.0
2022-10-16,21.431639,105.46524,2022-10-16 08:27:56.022022912,415.45605,0.0
2022-10-16,21.399086,105.38598,2022-10-16 08:27:56.221015808,415.89896,0.0
2022-10-16,21.405584,105.423454,2022-10-16 08:27:56.275009024,416.24426,0.0
2022-10-16,21.408947,105.442116,2022-10-16 08:27:56.302005248,415.95953,0.0
2022-10-16,21.412222,105.46081,2022-10-16 08:27:56.329001984,415.3953,0.0
2022-10-16,21.415613,105.47947,2022-10-16 08:27:56.355998208,415.75256,0.0
2022-10-16,21.38954,105.4375,2022-10-16 08:27:56.608018688,415.79547,0.0
2022-10-16,21.403126,105.51224,2022-10-16 08:27:56.716004352,414.31754,0.0
2022-10-16,21.373465,105.45148,2022-10-16 08:27:56.941028096,414.78168,0.0
2022-10-16,21.3767,105.470215,2022-10-16 08:27:56.968024832,415.64038,0.0
2022-10-16,21.380035,105.488914,2022-10-16 08:27:56.995021056,414.58658,0.0
2022-10-16,21.38344,105.5076,2022-10-16 08:27:57.022017536,415.46704,0.0
2022-10-16,21.350918,105.428055,2022-10-16 08:27:57.221010688,416.32254,0.0
2022-10-16,21.35418,105.44674,2022-10-16 08:27:57.248007168,414.48663,0.0
2022-10-16,21.357391,105.46547,2022-10-16 08:27:57.275003392,415.58273,0.0
2022-10-16,21.360676,105.48421,2022-10-16 08:27:57.302000128,416.38885,0.0
2022-10-16,21.36742,105.52164,2022-10-16 08:27:57.355992832,415.5636,0.0
2022-10-16,21.338148,105.461006,2022-10-16 08:27:57.581016832,416.49817,0.0
2022-10-16,21.3414,105.47971,2022-10-16 08:27:57.608013056,416.1034,0.0
2022-10-16,21.348047,105.51709,2022-10-16 08:27:57.662006016,415.46344,0.0
2022-10-16,21.351383,105.53579,2022-10-16 08:27:57.689002496,415.22803,0.0
2022-10-16,21.354773,105.554474,2022-10-16 08:27:57.715998976,415.2024,0.0
2022-10-16,21.322094,105.475075,2022-10-16 08:27:57.914026240,416.148,0.0
2022-10-16,21.325342,105.493805,2022-10-16 08:27:57.941022976,415.72977,0.0
2022-10-16,21.328629,105.512535,2022-10-16 08:27:57.968019200,415.46527,0.0
2022-10-16,21.335318,105.549965,2022-10-16 08:27:58.022012160,416.17023,0.0
2022-10-16,21.338734,105.568665,2022-10-16 08:27:58.049008640,415.89023,0.0
2022-10-16,21.299658,105.45182,2022-10-16 08:27:58.194008832,415.13678,0.0
2022-10-16,21.302889,105.47052,2022-10-16 08:27:58.221005312,417.42902,0.0
2022-10-16,21.30611,105.48923,2022-10-16 08:27:58.248001536,416.7568,0.0
2022-10-16,21.309362,105.50792,2022-10-16 08:27:58.274998272,415.61194,0.0
2022-10-16,21.31264,105.52661,2022-10-16 08:27:58.301994496,416.05786,0.0
2022-10-16,21.315954,105.545296,2022-10-16 08:27:58.328990976,415.64194,0.0
2022-10-16,21.319323,105.563965,2022-10-16 08:27:58.355987200,415.81653,0.0
2022-10-16,21.322699,105.58264,2022-10-16 08:27:58.383023872,415.62155,0.0
2022-10-16,21.28363,105.465805,2022-10-16 08:27:58.527018496,416.2841,0.0
2022-10-16,21.286808,105.48454,2022-10-16 08:27:58.554014976,416.1311,0.0
2022-10-16,21.293276,105.52199,2022-10-16 08:27:58.608007680,416.356,0.0
2022-10-16,21.296564,105.5407,2022-10-16 08:27:58.635004160,416.3212,0.0
2022-10-16,21.30324,105.5781,2022-10-16 08:27:58.688997120,417.57416,0.0
2022-10-16,21.306656,105.59679,2022-10-16 08:27:58.715993344,415.60934,0.0
2022-10-16,21.267624,105.48001,2022-10-16 08:27:58.859987712,416.87845,0.0
2022-10-16,21.274008,105.51744,2022-10-16 08:27:58.914021120,415.82956,0.0
2022-10-16,21.277254,105.53614,2022-10-16 08:27:58.941017344,416.3646,0.0
2022-10-16,21.280539,105.55483,2022-10-16 08:27:58.968013824,415.68155,0.0
2022-10-16,21.28383,105.573524,2022-10-16 08:27:58.995010304,416.0663,0.0
2022-10-16,21.251574,105.4941,2022-10-16 08:27:59.194003456,415.52902,0.0
2022-10-16,21.25474,105.512825,2022-10-16 08:27:59.220999680,416.08105,0.0
2022-10-16,21.257942,105.53155,2022-10-16 08:27:59.247996416,416.60263,0.0
2022-10-16,21.261189,105.55026,2022-10-16 08:27:59.274992640,416.61963,0.0
2022-10-16,21.264482,105.56896,2022-10-16 08:27:59.301989120,416.63852,0.0
2022-10-16,21.274546,105.62505,2022-10-16 08:27:59.383018496,414.31427,0.0
2022-10-16,21.238764,105.52694,2022-10-16 08:27:59.554009344,416.46255,0.0
2022-10-16,21.241964,105.54564,2022-10-16 08:27:59.581005824,416.57162,0.0
2022-10-16,21.245201,105.56433,2022-10-16 08:27:59.608002304,415.65442,0.0
2022-10-16,21.248478,105.583015,2022-10-16 08:27:59.634998784,417.09003,0.0
2022-10-16,21.21953,105.5223,2022-10-16 08:27:59.860022528,414.79987,0.0
2022-10-16,21.2227,105.54102,2022-10-16 08:27:59.887019264,417.27533,0.0
2022-10-16,21.22591,105.55973,2022-10-16 08:27:59.914015488,417.10663,0.0
2022-10-16,21.229141,105.57844,2022-10-16 08:27:59.941011968,416.0627,0.0
2022-10-16,21.203506,105.536354,2022-10-16 08:28:00.193997824,415.67056,0.0
2022-10-16,21.206665,105.55506,2022-10-16 08:28:00.220994560,416.32645,0.0
2022-10-16,21.20986,105.57375,2022-10-16 08:28:00.247990784,415.73447,0.0
2022-10-16,21.21307,105.59247,2022-10-16 08:28:00.274987264,416.42886,0.0
2022-10-16,21.22643,105.667274,2022-10-16 08:28:00.383013376,416.8059,0.0
2022-10-16,21.187513,105.55051,2022-10-16 08:28:00.527007488,415.8188,0.0
2022-10-16,21.19067,105.56921,2022-10-16 08:28:00.554003968,416.51263,0.0
2022-10-16,21.197098,105.606575,2022-10-16 08:28:00.607996928,416.08624,0.0
2022-10-16,21.203674,105.64392,2022-10-16 08:28:00.661989632,416.37006,0.0
2022-10-16,21.206978,105.662605,2022-10-16 08:28:00.689026304,416.95193,0.0
2022-10-16,21.210367,105.681274,2022-10-16 08:28:00.716023040,416.4952,0.0
2022-10-16,21.18757,105.65797,2022-10-16 08:28:00.994999296,416.96252,0.0
2022-10-16,21.190863,105.67666,2022-10-16 08:28:01.021995776,416.7688,0.0
2022-10-16,21.16823,105.65342,2022-10-16 08:28:01.302018304,416.43982,0.0
2022-10-16,21.174833,105.69074,2022-10-16 08:28:01.356011264,416.56335,0.0
2022-10-16,21.178207,105.70939,2022-10-16 08:28:01.383007744,416.92828,0.0
2022-10-16,21.15873,105.704735,2022-10-16 08:28:01.689021184,416.4223,0.0
2022-10-16,21.162077,105.72339,2022-10-16 08:28:01.716017408,416.0125,0.0
2022-10-16,21.129515,105.643936,2022-10-16 08:28:01.914004736,415.86478,0.0
2022-10-16,21.146059,105.7374,2022-10-16 08:28:02.049027072,415.8187,0.0
2022-10-16,21.107138,105.62064,2022-10-16 08:28:02.193987072,415.30594,0.0
2022-10-16,21.110289,105.63934,2022-10-16 08:28:02.221023744,415.864,0.0
2022-10-16,21.126638,105.73284,2022-10-16 08:28:02.356005888,417.026,0.0
2022-10-16,21.130049,105.75152,2022-10-16 08:28:02.383002368,416.94458,0.0
2022-10-16,21.094301,105.65352,2022-10-16 08:28:02.553993216,416.05707,0.0
2022-10-16,21.103888,105.70954,2022-10-16 08:28:02.635022592,416.2856,0.0
2022-10-16,21.110542,105.74689,2022-10-16 08:28:02.689015552,417.5012,0.0
2022-10-16,21.075163,105.64905,2022-10-16 08:28:02.860006400,415.72,0.0
2022-10-16,21.084661,105.70507,2022-10-16 08:28:02.940995584,418.26086,0.0
2022-10-16,21.08793,105.72371,2022-10-16 08:28:02.967992064,416.10147,0.0
2022-10-16,21.059107,105.662994,2022-10-16 08:28:03.194021888,415.9178,0.0
2022-10-16,21.068659,105.719124,2022-10-16 08:28:03.275011072,416.09552,0.0
2022-10-16,21.071888,105.7378,2022-10-16 08:28:03.302007552,417.36047,0.0
2022-10-16,21.052599,105.733185,2022-10-16 08:28:03.608020736,416.70303,0.0
2022-10-16,21.065863,105.80782,2022-10-16 08:28:03.716006400,416.22162,0.0
2022-10-16,21.010874,105.70511,2022-10-16 08:28:04.194016512,415.9597,0.0
2022-10-16,21.01716,105.742455,2022-10-16 08:28:04.248009216,415.40286,0.0
2022-10-16,21.026966,105.798485,2022-10-16 08:28:04.328998656,416.1502,0.0
2022-10-16,21.03032,105.817154,2022-10-16 08:28:04.355995136,416.39252,0.0
2022-10-16,21.004328,105.775116,2022-10-16 08:28:04.608015616,416.47406,0.0
2022-10-16,21.00756,105.79376,2022-10-16 08:28:04.635011840,416.2259,0.0
2022-10-16,21.010855,105.812386,2022-10-16 08:28:04.662008320,415.93274,0.0
2022-10-16,20.9883,105.789215,2022-10-16 08:28:04.941025024,417.17084,0.0
2022-10-16,20.99154,105.80787,2022-10-16 08:28:04.968021504,416.35052,0.0
2022-10-16,21.001472,105.8638,2022-10-16 08:28:05.049010688,416.04654,0.0
2022-10-16,20.96275,105.74732,2022-10-16 08:28:05.194010880,415.90213,0.0
2022-10-16,20.969122,105.78475,2022-10-16 08:28:05.248003840,416.8914,0.0
2022-10-16,20.972294,105.80345,2022-10-16 08:28:05.275000320,416.4365,0.0
2022-10-16,20.94975,105.77997,2022-10-16 08:28:05.554017024,417.1092,0.0
2022-10-16,20.91456,105.78942,2022-10-16 08:28:06.194005504,415.7511,0.0
2022-10-16,20.898422,105.80332,2022-10-16 08:28:06.527015168,415.79324,0.0
2022-10-16,20.921074,105.93386,2022-10-16 08:28:06.715990272,415.36435,0.0
2022-10-16,20.901613,105.92914,2022-10-16 08:28:07.022003712,415.75018,0.0
2022-10-16,20.904945,105.947754,2022-10-16 08:28:07.048999936,415.617,0.0
2022-10-16,20.875751,105.88735,2022-10-16 08:28:07.274989568,416.47385,0.0
2022-10-16,20.885527,105.943245,2022-10-16 08:28:07.356018944,416.69003,0.0
2022-10-16,20.888865,105.96186,2022-10-16 08:28:07.383015424,414.98993,0.0
2022-10-16,20.856403,105.8826,2022-10-16 08:28:07.581002752,415.97433,0.0
2022-10-16,20.85961,105.90127,2022-10-16 08:28:07.607998976,416.9218,0.0
2022-10-16,20.872803,105.97588,2022-10-16 08:28:07.716025088,415.91733,0.0
2022-10-16,20.83721,105.878006,2022-10-16 08:28:07.887015936,415.832,0.0
2022-10-16,20.821161,105.89203,2022-10-16 08:28:08.220991232,415.93927,0.0
2022-10-16,20.830772,105.948044,2022-10-16 08:28:08.302020864,414.9261,0.0
2022-10-16,20.837364,105.98535,2022-10-16 08:28:08.356013568,416.18634,0.0
2022-10-16,20.840715,106.004,2022-10-16 08:28:08.383009792,415.95517,0.0
2022-10-16,20.802008,105.88745,2022-10-16 08:28:08.527004416,415.5833,0.0
2022-10-16,20.824648,106.017975,2022-10-16 08:28:08.716019712,415.63794,0.0
2022-10-16,20.786085,105.90163,2022-10-16 08:28:08.860014080,415.61386,0.0
2022-10-16,20.805264,106.01336,2022-10-16 08:28:09.021992704,415.24048,0.0
2022-10-16,20.76993,105.91556,2022-10-16 08:28:09.193989376,416.22812,0.0
2022-10-16,20.763292,105.9855,2022-10-16 08:28:09.607988480,416.0051,0.0
2022-10-16,20.773108,106.04144,2022-10-16 08:28:09.689017856,416.07593,0.0
2022-10-16,20.737719,105.94351,2022-10-16 08:28:09.860008704,415.9903,0.0
2022-10-16,20.757069,106.05553,2022-10-16 08:28:10.021987072,415.5369,0.0
2022-10-16,20.737555,106.05068,2022-10-16 08:28:10.329006080,416.06982,0.0
2022-10-16,20.740854,106.06931,2022-10-16 08:28:10.356002816,414.23465,0.0
2022-10-16,20.711794,106.008736,2022-10-16 08:28:10.581026560,415.51657,0.0
2022-10-16,21.537102,105.48275,2022-10-16 08:28:16.635027200,415.25732,0.0
2022-10-16,21.513718,105.48176,2022-10-16 08:28:16.941000192,414.1036,0.0
2022-10-16,21.427828,105.49302,2022-10-16 08:28:18.194020864,414.18564,0.0
2022-10-16,21.464092,105.568436,2022-10-16 08:28:18.329003008,415.225,0.0
2022-10-16,21.418945,105.52229,2022-10-16 08:28:18.554027008,414.79004,0.0
2022-10-16,21.37959,105.53521,2022-10-16 08:28:19.194015488,415.20148,0.0
2022-10-16,21.386812,105.55038,2022-10-16 08:28:19.221012224,414.29453,0.0
2022-10-16,21.408562,105.595634,2022-10-16 08:28:19.302001152,416.09555,0.0
2022-10-16,21.385235,105.594696,2022-10-16 08:28:19.608014592,415.42734,0.0
2022-10-16,21.347502,105.56325,2022-10-16 08:28:19.859994624,416.09384,0.0
2022-10-16,21.369154,105.608604,2022-10-16 08:28:19.941024256,416.0733,0.0
2022-10-16,21.345926,105.607765,2022-10-16 08:28:20.248003072,415.90292,0.0
2022-10-16,21.353102,105.622826,2022-10-16 08:28:20.274999296,416.4039,0.0
2022-10-16,21.375135,105.667885,2022-10-16 08:28:20.355988736,417.68256,0.0
2022-10-16,21.382261,105.682785,2022-10-16 08:28:20.383025408,417.7709,0.0
2022-10-16,21.322634,105.60668,2022-10-16 08:28:20.554016000,415.302,0.0
2022-10-16,21.35162,105.666954,2022-10-16 08:28:20.662002176,416.1879,0.0
2022-10-16,21.366304,105.696915,2022-10-16 08:28:20.715994880,416.84442,0.0
2022-10-16,21.306559,105.62087,2022-10-16 08:28:20.887025920,415.93127,0.0
2022-10-16,21.313808,105.636,2022-10-16 08:28:20.914022400,416.10135,0.0
2022-10-16,21.32822,105.666115,2022-10-16 08:28:20.968015104,415.6071,0.0
2022-10-16,21.342777,105.696106,2022-10-16 08:28:21.022008064,416.1556,0.0
2022-10-16,21.297716,105.65009,2022-10-16 08:28:21.247997440,415.93292,0.0
2022-10-16,21.304934,105.66515,2022-10-16 08:28:21.274993920,416.22464,0.0
2022-10-16,21.31217,105.680176,2022-10-16 08:28:21.301990400,416.36667,0.0
2022-10-16,21.334017,105.72505,2022-10-16 08:28:21.383020032,417.49658,0.0
2022-10-16,21.274412,105.64897,2022-10-16 08:28:21.554010880,415.74072,0.0
2022-10-16,21.28885,105.67917,2022-10-16 08:28:21.608003584,415.4038,0.0
2022-10-16,21.296097,105.694214,2022-10-16 08:28:21.635000320,415.40216,0.0
2022-10-16,21.265503,105.67809,2022-10-16 08:28:21.914017024,415.97733,0.0
2022-10-16,21.272726,105.69321,2022-10-16 08:28:21.941013248,416.757,0.0
2022-10-16,21.279982,105.70828,2022-10-16 08:28:21.968009728,416.17645,0.0
2022-10-16,21.294529,105.738335,2022-10-16 08:28:22.022002688,416.47318,0.0
2022-10-16,21.30185,105.7533,2022-10-16 08:28:22.048999168,415.29025,0.0
2022-10-16,21.249449,105.69223,2022-10-16 08:28:22.247992064,416.70346,0.0
2022-10-16,21.256668,105.70729,2022-10-16 08:28:22.274988544,416.01263,0.0
2022-10-16,21.263908,105.72233,2022-10-16 08:28:22.302025216,416.5352,0.0
2022-10-16,21.278446,105.75231,2022-10-16 08:28:22.356018176,415.9734,0.0
2022-10-16,21.28576,105.76726,2022-10-16 08:28:22.383014656,416.55444,0.0
2022-10-16,21.226206,105.69119,2022-10-16 08:28:22.554005504,415.69208,0.0
2022-10-16,21.240625,105.72136,2022-10-16 08:28:22.607998464,416.6684,0.0
2022-10-16,21.255125,105.7514,2022-10-16 08:28:22.661991168,415.42853,0.0
2022-10-16,21.269693,105.781334,2022-10-16 08:28:22.716024064,416.4444,0.0
2022-10-16,21.210209,105.70533,2022-10-16 08:28:22.887015168,416.29846,0.0
2022-10-16,21.217379,105.72042,2022-10-16 08:28:22.914011392,416.27603,0.0
2022-10-16,21.231798,105.7505,2022-10-16 08:28:22.968004352,415.62683,0.0
2022-10-16,21.239035,105.765495,2022-10-16 08:28:22.995000832,416.05096,0.0
2022-10-16,21.25356,105.79534,2022-10-16 08:28:23.048993536,417.4371,0.0
2022-10-16,21.194021,105.71928,2022-10-16 08:28:23.220990208,415.98148,0.0
2022-10-16,21.20122,105.7344,2022-10-16 08:28:23.247986688,416.54926,0.0
2022-10-16,21.208439,105.74948,2022-10-16 08:28:23.275023360,415.89035,0.0
2022-10-16,21.185173,105.7485,2022-10-16 08:28:23.580996608,417.2358,0.0
2022-10-16,21.199602,105.7786,2022-10-16 08:28:23.634989312,416.54803,0.0
2022-10-16,21.214117,105.808556,2022-10-16 08:28:23.689022208,416.40616,0.0
2022-10-16,21.221407,105.82349,2022-10-16 08:28:23.716018688,415.88107,0.0
2022-10-16,21.17634,105.77754,2022-10-16 08:28:23.941002496,415.62,0.0
2022-10-16,21.190832,105.80757,2022-10-16 08:28:23.994995456,415.671,0.0
2022-10-16,21.198118,105.82255,2022-10-16 08:28:24.021991680,415.35208,0.0
2022-10-16,21.205399,105.837494,2022-10-16 08:28:24.048988416,416.00937,0.0
2022-10-16,21.160202,105.79157,2022-10-16 08:28:24.275017984,416.33218,0.0
2022-10-16,21.189266,105.85157,2022-10-16 08:28:24.383003648,416.43808,0.0
2022-10-16,21.151407,105.82069,2022-10-16 08:28:24.635024128,416.2552,0.0
2022-10-16,21.149801,105.86473,2022-10-16 08:28:25.021986560,416.0576,0.0
2022-10-16,21.133728,105.87874,2022-10-16 08:28:25.356001792,415.93018,0.0
2022-10-16,21.101532,105.906845,2022-10-16 08:28:26.022021376,415.12012,0.0
2022-10-16,21.108805,105.92177,2022-10-16 08:28:26.049017600,416.0769,0.0
2022-10-16,21.085459,105.92076,2022-10-16 08:28:26.355996416,416.31818,0.0
2022-10-16,21.09274,105.93573,2022-10-16 08:28:26.382992640,416.1862,0.0
2022-10-16,21.047634,105.88988,2022-10-16 08:28:26.608016640,416.1587,0.0
2022-10-16,21.069323,105.93481,2022-10-16 08:28:26.689006080,416.78412,0.0
2022-10-16,21.031528,105.90385,2022-10-16 08:28:26.941026560,416.13055,0.0
2022-10-16,21.060503,105.96375,2022-10-16 08:28:27.049012224,416.41196,0.0
2022-10-16,21.015476,105.91803,2022-10-16 08:28:27.275001856,416.33148,0.0
2022-10-16,21.044392,105.97784,2022-10-16 08:28:27.382987520,417.18555,0.0
2022-10-16,20.999332,105.931854,2022-10-16 08:28:27.608011264,417.15225,0.0
2022-10-16,21.013792,105.96189,2022-10-16 08:28:27.662004224,416.24936,0.0
2022-10-16,21.02105,105.97687,2022-10-16 08:28:27.689000704,415.3364,0.0
2022-10-16,20.961752,105.90074,2022-10-16 08:28:27.859991552,416.66458,0.0
2022-10-16,20.983315,105.946045,2022-10-16 08:28:27.941020928,417.17365,0.0
2022-10-16,20.99776,105.976074,2022-10-16 08:28:27.995013888,417.6551,0.0
2022-10-16,20.967136,105.959885,2022-10-16 08:28:28.274996224,416.26086,0.0
2022-10-16,20.97436,105.97492,2022-10-16 08:28:28.301992704,416.93573,0.0
2022-10-16,20.98159,105.98992,2022-10-16 08:28:28.328988928,415.43805,0.0
2022-10-16,20.98883,106.00488,2022-10-16 08:28:28.356025600,415.91882,0.0
2022-10-16,20.936691,105.94383,2022-10-16 08:28:28.554012928,415.31638,0.0
2022-10-16,20.958239,105.988945,2022-10-16 08:28:28.635002368,417.144,0.0
2022-10-16,20.965445,106.00391,2022-10-16 08:28:28.661998848,416.56827,0.0
2022-10-16,20.972692,106.01886,2022-10-16 08:28:28.688995328,416.436,0.0
2022-10-16,20.979961,106.033775,2022-10-16 08:28:28.715991808,416.12103,0.0
2022-10-16,20.934895,105.9878,2022-10-16 08:28:28.941015808,416.0582,0.0
2022-10-16,20.942122,106.002815,2022-10-16 08:28:28.968012032,416.4518,0.0
2022-10-16,20.949354,106.0178,2022-10-16 08:28:28.995008512,415.92426,0.0
2022-10-16,20.956594,106.03276,2022-10-16 08:28:29.022004736,417.33426,0.0
2022-10-16,20.918886,106.001976,2022-10-16 08:28:29.274990848,417.18613,0.0
2022-10-16,20.933325,106.03199,2022-10-16 08:28:29.329023744,416.32523,0.0
2022-10-16,20.940567,106.04695,2022-10-16 08:28:29.356020480,416.4115,0.0
2022-10-16,20.947826,106.061874,2022-10-16 08:28:29.383016704,417.244,0.0
2022-10-16,20.888443,105.98586,2022-10-16 08:28:29.554007552,415.34717,0.0
2022-10-16,20.89561,106.00095,2022-10-16 08:28:29.581004032,416.4188,0.0
2022-10-16,20.924484,106.06094,2022-10-16 08:28:29.688989952,415.18146,0.0
2022-10-16,22.436144,104.92439,2022-10-16 08:28:38.048992512,414.06168,0.0
2022-10-16,22.071262,105.166794,2022-10-16 08:28:44.274990080,415.7333,0.0
2022-10-16,22.007034,105.223564,2022-10-16 08:28:45.607994112,412.8518,0.0
2022-10-16,21.927444,105.27395,2022-10-16 08:28:46.914001920,413.75516,0.0
2022-10-16,21.957859,105.28785,2022-10-16 08:28:46.967994880,415.6184,0.0
2022-10-16,21.988218,105.30191,2022-10-16 08:28:47.021987584,412.61316,0.0
2022-10-16,21.971975,105.3161,2022-10-16 08:28:47.356003328,415.03522,0.0
2022-10-16,21.954681,105.352066,2022-10-16 08:28:48.049018880,414.3292,0.0
2022-10-16,21.83262,105.316956,2022-10-16 08:28:48.194019328,414.64215,0.0
2022-10-16,21.893183,105.34504,2022-10-16 08:28:48.302004736,413.6419,0.0
2022-10-16,21.847067,105.34461,2022-10-16 08:28:48.581021696,414.14908,0.0
2022-10-16,21.87703,105.35911,2022-10-16 08:28:48.635014656,414.994,0.0
2022-10-16,21.8919,105.36653,2022-10-16 08:28:48.662011136,415.67667,0.0
2022-10-16,21.906382,105.37447,2022-10-16 08:28:48.689007616,413.06482,0.0
2022-10-16,21.845776,105.366234,2022-10-16 08:28:48.941027840,413.6375,0.0
2022-10-16,21.875477,105.401405,2022-10-16 08:28:49.355992320,414.71964,0.0
2022-10-16,21.82755,105.44349,2022-10-16 08:28:50.355986944,413.6946,0.0
2022-10-16,21.705019,105.42888,2022-10-16 08:28:50.860027904,414.19498,0.0
2022-10-16,21.670149,105.500496,2022-10-16 08:28:52.247990272,415.25644,0.0
2022-10-16,21.685526,105.50719,2022-10-16 08:28:52.275026944,413.26517,0.0
2022-10-16,21.700712,105.514175,2022-10-16 08:28:52.302023424,413.87378,0.0
2022-10-16,21.669495,105.5213,2022-10-16 08:28:52.607996416,413.56116,0.0
2022-10-16,21.684685,105.52834,2022-10-16 08:28:52.634992896,414.25784,0.0
2022-10-16,21.699865,105.53542,2022-10-16 08:28:52.661989120,414.56125,0.0
2022-10-16,21.71492,105.54265,2022-10-16 08:28:52.689025792,414.83304,0.0
2022-10-16,21.683825,105.549614,2022-10-16 08:28:52.994999040,414.10605,0.0
2022-10-16,21.69903,105.556625,2022-10-16 08:28:53.021995520,414.34265,0.0
2022-10-16,21.714142,105.56378,2022-10-16 08:28:53.048992000,414.0988,0.0
2022-10-16,21.621817,105.543076,2022-10-16 08:28:53.248025088,417.16315,0.0
2022-10-16,21.63736,105.5495,2022-10-16 08:28:53.275021568,415.12222,0.0
2022-10-16,21.65243,105.55664,2022-10-16 08:28:53.302018048,414.59125,0.0
2022-10-16,21.66758,105.56368,2022-10-16 08:28:53.329014528,414.50134,0.0
2022-10-16,21.682856,105.57058,2022-10-16 08:28:53.356011008,413.2907,0.0
2022-10-16,21.62115,105.563705,2022-10-16 08:28:53.607991040,414.46487,0.0
2022-10-16,21.636326,105.5707,2022-10-16 08:28:53.634987264,415.40427,0.0
2022-10-16,21.651522,105.57768,2022-10-16 08:28:53.662023936,414.46225,0.0
2022-10-16,21.666784,105.58462,2022-10-16 08:28:53.689020672,414.24573,0.0
2022-10-16,21.682007,105.59163,2022-10-16 08:28:53.716016896,414.15158,0.0
2022-10-16,21.635538,105.59189,2022-10-16 08:28:53.994993664,415.58356,0.0
2022-10-16,21.650745,105.59886,2022-10-16 08:28:54.021990144,414.45047,0.0
2022-10-16,21.66601,105.60577,2022-10-16 08:28:54.049026816,413.9974,0.0
2022-10-16,21.604076,105.59901,2022-10-16 08:28:54.302012672,414.51587,0.0
2022-10-16,21.649792,105.61989,2022-10-16 08:28:54.383001856,413.8827,0.0
2022-10-16,21.61865,105.62702,2022-10-16 08:28:54.689015040,414.01605,0.0
2022-10-16,21.633879,105.63402,2022-10-16 08:28:54.716011520,414.93423,0.0
2022-10-16,21.5873,105.63394,2022-10-16 08:28:54.994988288,414.23602,0.0
2022-10-16,21.556168,105.641014,2022-10-16 08:28:55.302007296,414.90314,0.0
2022-10-16,21.571354,105.64809,2022-10-16 08:28:55.329003520,414.6895,0.0
2022-10-16,21.524805,105.64845,2022-10-16 08:28:55.608020224,416.2574,0.0
2022-10-16,21.555197,105.662346,2022-10-16 08:28:55.662013184,417.24008,0.0
2022-10-16,21.570137,105.66967,2022-10-16 08:28:55.689009664,414.7438,0.0
2022-10-16,21.508615,105.66248,2022-10-16 08:28:55.940989952,415.37244,0.0
2022-10-16,21.47762,105.66934,2022-10-16 08:28:56.248008960,416.36237,0.0
2022-10-16,21.50789,105.68345,2022-10-16 08:28:56.302001664,413.70923,0.0
2022-10-16,21.52141,105.71235,2022-10-16 08:28:56.689004544,414.53976,0.0
2022-10-16,21.475542,105.71145,2022-10-16 08:28:56.968021248,415.20822,0.0
2022-10-16,21.490564,105.71867,2022-10-16 08:28:56.995017472,415.70905,0.0
2022-10-16,21.521109,105.7326,2022-10-16 08:28:57.049010176,414.0328,0.0
2022-10-16,21.399279,105.69715,2022-10-16 08:28:57.194010624,417.75235,0.0
2022-10-16,21.414291,105.70434,2022-10-16 08:28:57.221007104,415.81427,0.0
2022-10-16,21.4747,105.73274,2022-10-16 08:28:57.328992768,414.64868,0.0
2022-10-16,21.489805,105.73988,2022-10-16 08:28:57.355989248,414.81808,0.0
2022-10-16,21.50513,105.74676,2022-10-16 08:28:57.383025920,415.49823,0.0
2022-10-16,21.443136,105.740135,2022-10-16 08:28:57.635005952,414.19992,0.0
2022-10-16,21.458618,105.74671,2022-10-16 08:28:57.662002688,414.2628,0.0
2022-10-16,21.38226,105.732086,2022-10-16 08:28:57.887026432,415.0997,0.0
2022-10-16,21.442518,105.760704,2022-10-16 08:28:57.995012096,414.68552,0.0
2022-10-16,21.457718,105.76774,2022-10-16 08:28:58.022008320,414.962,0.0
2022-10-16,21.441755,105.78184,2022-10-16 08:28:58.356024064,415.73495,0.0
2022-10-16,21.456985,105.788864,2022-10-16 08:28:58.383020288,414.16824,0.0
2022-10-16,21.350132,105.76039,2022-10-16 08:28:58.554011392,416.11935,0.0
2022-10-16,21.380325,105.77455,2022-10-16 08:28:58.608004096,415.04187,0.0
2022-10-16,21.395357,105.78173,2022-10-16 08:28:58.635000832,414.66733,0.0
2022-10-16,21.410492,105.78879,2022-10-16 08:28:58.661997056,414.03677,0.0
2022-10-16,21.440819,105.802895,2022-10-16 08:28:58.715989760,413.82684,0.0
2022-10-16,21.31857,105.76768,2022-10-16 08:28:58.860024576,415.6803,0.0
2022-10-16,21.333708,105.77465,2022-10-16 08:28:58.887021056,415.40198,0.0
2022-10-16,21.364038,105.7886,2022-10-16 08:28:58.941013760,414.4294,0.0
2022-10-16,21.379175,105.79565,2022-10-16 08:28:58.968010240,414.41452,0.0
2022-10-16,21.394278,105.80276,2022-10-16 08:28:58.995006464,414.73886,0.0
2022-10-16,21.409449,105.809814,2022-10-16 08:28:59.022003200,415.5187,0.0
2022-10-16,21.363123,105.80969,2022-10-16 08:28:59.301985536,415.101,0.0
2022-10-16,21.378262,105.81681,2022-10-16 08:28:59.329022208,414.6189,0.0
2022-10-16,21.316868,105.80958,2022-10-16 08:28:59.581002240,415.62125,0.0
2022-10-16,21.362171,105.83088,2022-10-16 08:28:59.661991680,415.7237,0.0
2022-10-16,21.285559,105.81651,2022-10-16 08:28:59.887015680,417.43082,0.0
2022-10-16,21.36111,105.85193,2022-10-16 08:29:00.021997568,415.00183,0.0
2022-10-16,21.284592,105.83764,2022-10-16 08:29:00.247987200,415.3746,0.0
2022-10-16,21.29969,105.84474,2022-10-16 08:29:00.275023872,415.4483,0.0
2022-10-16,21.314766,105.851875,2022-10-16 08:29:00.302020352,415.86075,0.0
2022-10-16,21.329882,105.85898,2022-10-16 08:29:00.329016576,415.60245,0.0
2022-10-16,21.34507,105.866,2022-10-16 08:29:00.356013312,416.08902,0.0
2022-10-16,21.360235,105.87307,2022-10-16 08:29:00.383009792,415.94193,0.0
2022-10-16,21.253563,105.84429,2022-10-16 08:29:00.554000384,415.52188,0.0
2022-10-16,21.268555,105.851524,2022-10-16 08:29:00.580996864,415.56198,0.0
2022-10-16,21.313799,105.87303,2022-10-16 08:29:00.662026496,414.4586,0.0
2022-10-16,21.32899,105.880104,2022-10-16 08:29:00.689022720,415.9197,0.0
2022-10-16,21.344213,105.88715,2022-10-16 08:29:00.716019200,414.82275,0.0
2022-10-16,21.222624,105.85122,2022-10-16 08:29:00.860013824,415.56342,0.0
2022-10-16,21.237583,105.85848,2022-10-16 08:29:00.887010048,415.7345,0.0
2022-10-16,21.252592,105.8657,2022-10-16 08:29:00.914006528,415.2658,0.0
2022-10-16,21.267618,105.8729,2022-10-16 08:29:00.941002752,416.04553,0.0
2022-10-16,21.297836,105.88713,2022-10-16 08:29:00.994995712,416.04584,0.0
2022-10-16,21.20652,105.865295,2022-10-16 08:29:01.193988864,415.667,0.0
2022-10-16,21.221476,105.87256,2022-10-16 08:29:01.221025536,416.3117,0.0
2022-10-16,21.236465,105.87978,2022-10-16 08:29:01.248022016,415.61383,0.0
2022-10-16,21.251526,105.88694,2022-10-16 08:29:01.275018496,414.83667,0.0
2022-10-16,21.281704,105.901215,2022-10-16 08:29:01.329011456,415.01785,0.0
2022-10-16,21.312027,105.91537,2022-10-16 08:29:01.383004160,414.2647,0.0
2022-10-16,21.22023,105.89366,2022-10-16 08:29:01.580991488,415.43826,0.0
2022-10-16,21.235247,105.90083,2022-10-16 08:29:01.607987968,415.17795,0.0
2022-10-16,21.280567,105.922165,2022-10-16 08:29:01.689017344,415.30762,0.0
2022-10-16,21.219124,105.91484,2022-10-16 08:29:01.940997632,414.379,0.0
2022-10-16,21.264458,105.93624,2022-10-16 08:29:02.022027008,416.21564,0.0
2022-10-16,21.279678,105.9433,2022-10-16 08:29:02.049023744,415.41705,0.0
2022-10-16,21.188082,105.9218,2022-10-16 08:29:02.248016640,415.84705,0.0
2022-10-16,21.20311,105.92899,2022-10-16 08:29:02.275012864,415.52374,0.0
2022-10-16,21.23329,105.943245,2022-10-16 08:29:02.329006080,415.41025,0.0
2022-10-16,21.248428,105.95034,2022-10-16 08:29:02.356002304,416.0247,0.0
2022-10-16,21.142017,105.92127,2022-10-16 08:29:02.526993152,415.38022,0.0
2022-10-16,21.156963,105.92854,2022-10-16 08:29:02.553989632,415.64148,0.0
2022-10-16,21.171978,105.93574,2022-10-16 08:29:02.581026304,415.32574,0.0
2022-10-16,21.187004,105.942924,2022-10-16 08:29:02.608022784,415.99063,0.0
2022-10-16,21.202059,105.950066,2022-10-16 08:29:02.635019008,415.68576,0.0
2022-10-16,21.247452,105.971275,2022-10-16 08:29:02.716008448,414.98267,0.0
2022-10-16,21.155737,105.94967,2022-10-16 08:29:02.913995776,415.98553,0.0
2022-10-16,21.200954,105.971176,2022-10-16 08:29:02.995025152,413.5429,0.0
2022-10-16,21.216106,105.97827,2022-10-16 08:29:03.022021888,415.65634,0.0
2022-10-16,21.2313,105.98534,2022-10-16 08:29:03.049018112,415.00516,0.0
2022-10-16,21.139639,105.96375,2022-10-16 08:29:03.248011008,416.75192,0.0
2022-10-16,21.154667,105.97095,2022-10-16 08:29:03.275007744,415.53964,0.0
2022-10-16,21.199991,105.9923,2022-10-16 08:29:03.355996928,415.13028,0.0
2022-10-16,21.093605,105.96328,2022-10-16 08:29:03.526987776,415.3622,0.0
2022-10-16,21.108568,105.97054,2022-10-16 08:29:03.554024448,415.47708,0.0
2022-10-16,21.123587,105.97774,2022-10-16 08:29:03.581020928,415.63782,0.0
2022-10-16,21.138624,105.984924,2022-10-16 08:29:03.608017152,415.24677,0.0
2022-10-16,21.1537,105.99208,2022-10-16 08:29:03.635013632,415.64328,0.0
2022-10-16,21.18397,106.006294,2022-10-16 08:29:03.689006592,415.0287,0.0
2022-10-16,21.199165,106.01336,2022-10-16 08:29:03.716002816,415.66418,0.0
2022-10-16,21.09254,105.984566,2022-10-16 08:29:03.886993920,415.89365,0.0
2022-10-16,21.10753,105.9918,2022-10-16 08:29:03.913990144,416.1172,0.0
2022-10-16,21.122547,105.999016,2022-10-16 08:29:03.941026816,415.16547,0.0
2022-10-16,21.13761,106.00619,2022-10-16 08:29:03.968023296,415.14212,0.0
2022-10-16,21.152729,106.01329,2022-10-16 08:29:03.995020032,415.57,0.0
2022-10-16,21.167875,106.020386,2022-10-16 08:29:04.022016256,415.7575,0.0
2022-10-16,21.183064,106.02745,2022-10-16 08:29:04.049012736,416.28644,0.0
2022-10-16,21.061459,105.991325,2022-10-16 08:29:04.194012928,415.45554,0.0
2022-10-16,21.076431,105.99855,2022-10-16 08:29:04.221009152,415.53583,0.0
2022-10-16,21.091423,106.005775,2022-10-16 08:29:04.248005888,416.183,0.0
2022-10-16,21.121517,106.02013,2022-10-16 08:29:04.301998592,416.09464,0.0
2022-10-16,21.15176,106.03436,2022-10-16 08:29:04.355991296,416.45575,0.0
2022-10-16,21.045282,106.00525,2022-10-16 08:29:04.527022592,416.62802,0.0
2022-10-16,21.044043,106.02651,2022-10-16 08:29:04.886988288,415.23367,0.0
2022-10-16,21.074038,106.04095,2022-10-16 08:29:04.941021440,415.9551,0.0
2022-10-16,21.089117,106.04808,2022-10-16 08:29:04.968018176,416.39087,0.0
2022-10-16,21.103321,106.076416,2022-10-16 08:29:05.356026112,415.96362,0.0
2022-10-24,21.608618,105.09617,2022-10-24 05:16:10.033013760,419.8713,0.0
2022-10-24,21.539013,105.20239,2022-10-24 05:16:11.420011008,418.77676,0.0
2022-10-24,20.691624,105.871414,2022-10-24 05:16:29.312007936,423.27048,0.0
2022-10-24,20.640568,105.93792,2022-10-24 05:16:30.338999040,420.70407,0.0
2022-10-24,21.471092,105.45185,2022-10-24 05:16:36.446992384,420.2378,0.0
2022-10-24,21.410084,105.41469,2022-10-24 05:16:37.339001088,420.46667,0.0
2022-10-24,21.38771,105.503105,2022-10-24 05:16:38.087015680,421.05338,0.0
2022-10-24,21.353178,105.3972,2022-10-24 05:16:38.258006528,420.59387,0.0
2022-10-24,21.276627,105.48837,2022-10-24 05:16:39.952022784,419.0682,0.0
2022-10-24,21.257082,105.59682,2022-10-24 05:16:40.726027776,420.25366,0.0
2022-10-24,21.234938,105.571045,2022-10-24 05:16:41.006010112,420.18826,0.0
2022-10-24,21.072138,105.806725,2022-10-24 05:16:44.779998976,420.92313,0.0
2022-10-24,21.021666,105.71528,2022-10-24 05:16:45.285005312,421.5248,0.0
2022-10-24,21.033897,105.795204,2022-10-24 05:16:45.392990976,419.375,0.0
2022-10-24,21.037056,105.81512,2022-10-24 05:16:45.419987456,420.0936,0.0
2022-10-24,21.001984,105.82349,2022-10-24 05:16:46.060016128,420.35767,0.0
2022-10-24,21.005123,105.84341,2022-10-24 05:16:46.087012608,420.79633,0.0
2022-10-24,20.989162,105.85754,2022-10-24 05:16:46.420022272,421.3381,0.0
2022-10-24,20.99229,105.87743,2022-10-24 05:16:46.447018496,418.9942,0.0
2022-10-24,20.960884,105.79188,2022-10-24 05:16:46.645005824,420.89438,0.0
2022-10-24,20.973154,105.87167,2022-10-24 05:16:46.752991744,421.12225,0.0
2022-10-24,20.91907,105.87421,2022-10-24 05:16:47.698993408,420.14438,0.0
2022-10-24,20.925228,105.91405,2022-10-24 05:16:47.752986112,418.65274,0.0
2022-10-24,20.906208,105.90826,2022-10-24 05:16:48.060005120,420.9045,0.0
2022-10-24,20.89332,105.94228,2022-10-24 05:16:48.420011520,420.34042,0.0
2022-10-24,20.84615,105.87076,2022-10-24 05:16:48.952014080,421.02576,0.0
2022-10-24,20.811274,105.87896,2022-10-24 05:16:49.590996736,421.83673,0.0
2022-10-24,20.816591,106.03268,2022-10-24 05:16:50.113987328,420.04434,0.0
2022-10-24,20.80061,106.04677,2022-10-24 05:16:50.446996992,421.86032,0.0
2022-10-24,21.686607,105.396225,2022-10-24 05:16:55.087003904,419.93167,0.0
2022-10-24,21.693165,105.41344,2022-10-24 05:16:55.114000384,418.56415,0.0
2022-10-24,21.49487,105.451225,2022-10-24 05:16:58.285015040,419.56644,0.0
2022-10-24,21.507677,105.48621,2022-10-24 05:16:58.339008000,418.55557,0.0
2022-10-24,21.478888,105.46542,2022-10-24 05:16:58.618024704,418.5188,0.0
2022-10-24,21.485304,105.482956,2022-10-24 05:16:58.645021440,418.3993,0.0
2022-10-24,21.491707,105.50041,2022-10-24 05:16:58.672017920,419.3272,0.0
2022-10-24,21.498308,105.51793,2022-10-24 05:16:58.699014144,420.61392,0.0
2022-10-24,21.37727,105.648994,2022-10-24 05:17:01.393025024,417.9588,0.0
2022-10-24,21.390429,105.68367,2022-10-24 05:17:01.447017728,419.9462,0.0
2022-10-24,21.348246,105.6283,2022-10-24 05:17:01.672001280,420.2358,0.0
2022-10-24,21.354734,105.64575,2022-10-24 05:17:01.698998016,418.29648,0.0
2022-10-24,21.338785,105.65994,2022-10-24 05:17:02.033013248,419.20175,0.0
2022-10-24,21.345297,105.67734,2022-10-24 05:17:02.060009984,419.79803,0.0
2022-10-24,21.351835,105.69469,2022-10-24 05:17:02.087006208,420.00546,0.0
2022-10-24,21.358353,105.71197,2022-10-24 05:17:02.114002688,421.1658,0.0
2022-10-24,21.322794,105.67411,2022-10-24 05:17:02.366023168,419.06097,0.0
2022-10-24,21.329323,105.69151,2022-10-24 05:17:02.393019392,419.1048,0.0
2022-10-24,21.335867,105.70887,2022-10-24 05:17:02.420015872,419.01752,0.0
2022-10-24,21.34252,105.72621,2022-10-24 05:17:02.447012352,419.7601,0.0
2022-10-24,21.293892,105.65336,2022-10-24 05:17:02.644999424,418.98154,0.0
2022-10-24,21.306849,105.68829,2022-10-24 05:17:02.698992384,418.7728,0.0
2022-10-24,21.326447,105.74033,2022-10-24 05:17:02.780022272,420.3446,0.0
2022-10-24,21.297548,105.71995,2022-10-24 05:17:03.060004352,421.333,0.0
2022-10-24,21.30391,105.7372,2022-10-24 05:17:03.087000832,420.0792,0.0
2022-10-24,21.274931,105.71665,2022-10-24 05:17:03.366017536,421.37695,0.0
2022-10-24,21.28148,105.73407,2022-10-24 05:17:03.393014016,419.4113,0.0
2022-10-24,21.236568,105.72758,2022-10-24 05:17:04.006006272,420.84473,0.0
2022-10-24,21.243027,105.745,2022-10-24 05:17:04.033002496,420.53793,0.0
2022-10-24,21.249527,105.76239,2022-10-24 05:17:04.059998976,418.18,0.0
2022-10-24,21.230602,105.82531,2022-10-24 05:17:04.780011264,420.68988,0.0
2022-10-24,21.208124,105.8222,2022-10-24 05:17:05.086989824,422.1806,0.0
2022-10-24,21.214632,105.83947,2022-10-24 05:17:05.114026496,420.73312,0.0
2022-10-24,21.131247,105.844086,2022-10-24 05:17:06.366001408,419.2621,0.0
2022-10-24,21.137764,105.86148,2022-10-24 05:17:06.392997632,420.50055,0.0
2022-10-24,21.144207,105.87878,2022-10-24 05:17:06.419994368,419.7237,0.0
2022-10-24,21.150713,105.89604,2022-10-24 05:17:06.446990848,420.11514,0.0
2022-10-24,21.12179,105.875626,2022-10-24 05:17:06.726007552,420.04074,0.0
2022-10-24,21.134727,105.91018,2022-10-24 05:17:06.780000256,420.57605,0.0
2022-10-24,21.07355,105.80233,2022-10-24 05:17:06.925000704,421.7876,0.0
2022-10-24,21.105772,105.88974,2022-10-24 05:17:07.060022784,420.25275,0.0
2022-10-24,21.112255,105.90705,2022-10-24 05:17:07.087019520,419.82144,0.0
2022-10-24,21.118748,105.92432,2022-10-24 05:17:07.114015744,419.5377,0.0
2022-10-24,21.076868,105.86908,2022-10-24 05:17:07.338999552,420.3153,0.0
2022-10-24,21.089808,105.90388,2022-10-24 05:17:07.392992512,419.80048,0.0
2022-10-24,21.096289,105.921196,2022-10-24 05:17:07.419988992,420.31146,0.0
2022-10-24,21.102768,105.938446,2022-10-24 05:17:07.447025664,420.86823,0.0
2022-10-24,21.060911,105.883224,2022-10-24 05:17:07.672009216,420.45383,0.0
2022-10-24,21.067362,105.90064,2022-10-24 05:17:07.699005696,420.44608,0.0
2022-10-24,21.073843,105.918015,2022-10-24 05:17:07.726001920,420.15845,0.0
2022-10-24,21.051369,105.914764,2022-10-24 05:17:08.033020928,419.91708,0.0
2022-10-24,21.057835,105.93213,2022-10-24 05:17:08.060017664,419.1215,0.0
2022-10-24,21.022514,105.894,2022-10-24 05:17:08.311997696,420.9868,0.0
2022-10-24,21.028944,105.91147,2022-10-24 05:17:08.338993920,420.8239,0.0
2022-10-24,21.035389,105.92889,2022-10-24 05:17:08.365990656,420.5044,0.0
2022-10-24,21.048328,105.96356,2022-10-24 05:17:08.420023552,418.90515,0.0
2022-10-24,21.054817,105.98082,2022-10-24 05:17:08.447020032,419.72568,0.0
2022-10-24,21.006523,105.90811,2022-10-24 05:17:08.645007360,419.1328,0.0
2022-10-24,21.012945,105.92558,2022-10-24 05:17:08.672003840,420.09726,0.0
2022-10-24,21.019413,105.943016,2022-10-24 05:17:08.699000064,419.99808,0.0
2022-10-24,21.02587,105.96037,2022-10-24 05:17:08.725996544,419.87012,0.0
2022-10-24,21.003424,105.95713,2022-10-24 05:17:09.033015808,420.5098,0.0
2022-10-24,21.009884,105.974495,2022-10-24 05:17:09.060012032,419.0751,0.0
2022-10-24,21.016357,105.9918,2022-10-24 05:17:09.087008512,419.64267,0.0
2022-10-24,21.02284,106.009056,2022-10-24 05:17:09.114004992,419.8042,0.0
2022-10-24,20.968142,105.91882,2022-10-24 05:17:09.284995840,420.4293,0.0
2022-10-24,20.974543,105.93634,2022-10-24 05:17:09.311992064,420.944,0.0
2022-10-24,20.987438,105.971245,2022-10-24 05:17:09.366025472,419.56815,0.0
2022-10-24,20.993898,105.9886,2022-10-24 05:17:09.393021696,419.72873,0.0
2022-10-24,21.000368,106.00591,2022-10-24 05:17:09.420018176,419.7887,0.0
2022-10-24,21.006851,106.02316,2022-10-24 05:17:09.447014656,419.57568,0.0
2022-10-24,20.945738,105.915344,2022-10-24 05:17:09.591009024,420.22922,0.0
2022-10-24,20.95214,105.93293,2022-10-24 05:17:09.618005504,419.73224,0.0
2022-10-24,20.958578,105.95047,2022-10-24 05:17:09.645001984,420.529,0.0
2022-10-24,20.964996,105.96793,2022-10-24 05:17:09.671998208,419.4293,0.0
2022-10-24,20.971453,105.98535,2022-10-24 05:17:09.698994688,419.55862,0.0
2022-10-24,20.984379,106.02002,2022-10-24 05:17:09.752987648,419.1705,0.0
2022-10-24,20.99086,106.03727,2022-10-24 05:17:09.780024320,419.68924,0.0
2022-10-24,20.936152,105.94704,2022-10-24 05:17:09.952020992,420.76663,0.0
2022-10-24,20.942575,105.96456,2022-10-24 05:17:09.979017216,419.7068,0.0
2022-10-24,20.949009,105.98204,2022-10-24 05:17:10.006013952,419.50946,0.0
2022-10-24,20.96192,106.01682,2022-10-24 05:17:10.060006656,419.60294,0.0
2022-10-24,20.968388,106.03413,2022-10-24 05:17:10.087003136,419.9406,0.0
2022-10-24,20.974867,106.05138,2022-10-24 05:17:10.113999616,419.45157,0.0
2022-10-24,20.926588,105.97867,2022-10-24 05:17:10.312026880,419.788,0.0
2022-10-24,20.933022,105.99615,2022-10-24 05:17:10.339023616,420.14523,0.0
2022-10-24,20.9106,105.992775,2022-10-24 05:17:10.644996352,420.16873,0.0
2022-10-24,20.923483,106.027664,2022-10-24 05:17:10.698989312,420.0337,0.0
2022-10-24,20.929935,106.04502,2022-10-24 05:17:10.726025984,418.46048,0.0
2022-10-24,20.9364,106.062325,2022-10-24 05:17:10.753022464,418.99237,0.0
2022-10-24,20.942875,106.079575,2022-10-24 05:17:10.780018688,420.71045,0.0
2022-10-24,20.881784,105.97176,2022-10-24 05:17:10.925019136,419.9071,0.0
2022-10-24,20.888193,105.98935,2022-10-24 05:17:10.952015360,420.078,0.0
2022-10-24,20.894611,106.006874,2022-10-24 05:17:10.979012096,420.748,0.0
2022-10-24,20.87219,106.00343,2022-10-24 05:17:11.285025024,420.2673,0.0
2022-10-24,20.878618,106.02097,2022-10-24 05:17:11.312021760,420.9453,0.0
2022-10-24,20.910877,106.10776,2022-10-24 05:17:11.447003904,419.7536,0.0
2022-10-24,20.862627,106.035065,2022-10-24 05:17:11.644990976,420.76813,0.0
2022-10-24,20.869041,106.05252,2022-10-24 05:17:11.671987456,419.8715,0.0
2022-10-24,20.881926,106.08729,2022-10-24 05:17:11.726020608,419.83374,0.0
2022-10-24,20.888395,106.10459,2022-10-24 05:17:11.753016832,419.83057,0.0
2022-10-24,20.84662,106.04914,2022-10-24 05:17:11.979006464,419.652,0.0
2022-10-24,20.85948,106.08402,2022-10-24 05:17:12.032999424,420.10287,0.0
2022-10-24,20.865936,106.10138,2022-10-24 05:17:12.059995904,419.87692,0.0
2022-10-24,20.872395,106.118675,2022-10-24 05:17:12.086992384,420.77112,0.0
2022-10-24,20.87885,106.13592,2022-10-24 05:17:12.113988608,420.47943,0.0
2022-10-24,20.817814,106.02813,2022-10-24 05:17:12.258023168,420.68262,0.0
2022-10-24,20.824215,106.04571,2022-10-24 05:17:12.285019904,421.7109,0.0
2022-10-24,20.830637,106.06324,2022-10-24 05:17:12.312016128,420.016,0.0
2022-10-24,20.837048,106.080696,2022-10-24 05:17:12.339012608,420.96722,0.0
2022-10-24,20.801832,106.04221,2022-10-24 05:17:12.590992640,421.30627,0.0
2022-10-24,20.821083,106.094795,2022-10-24 05:17:12.672022272,420.52536,0.0
2022-10-24,21.87467,105.43833,2022-10-24 05:17:21.114020352,420.10397,0.0
2022-10-24,21.788475,105.40969,2022-10-24 05:17:21.312007680,418.9451,0.0
2022-10-24,21.83064,105.43549,2022-10-24 05:17:21.392996864,419.66373,0.0
2022-10-24,21.844694,105.44397,2022-10-24 05:17:21.419993344,419.82123,0.0
2022-10-24,21.858732,105.45255,2022-10-24 05:17:21.446989824,420.46667,0.0
2022-10-24,21.78667,105.432434,2022-10-24 05:17:21.672013824,419.24765,0.0
2022-10-24,21.800705,105.441086,2022-10-24 05:17:21.699010048,417.76715,0.0
2022-10-24,21.814732,105.449715,2022-10-24 05:17:21.726006528,419.29614,0.0
2022-10-24,21.842764,105.46697,2022-10-24 05:17:21.779999488,419.56393,0.0
2022-10-24,21.728539,105.4204,2022-10-24 05:17:21.924999680,420.50076,0.0
2022-10-24,21.798763,105.46424,2022-10-24 05:17:22.060022016,421.2445,0.0
2022-10-24,21.712648,105.43548,2022-10-24 05:17:22.258009344,419.39606,0.0
2022-10-24,21.696657,105.44913,2022-10-24 05:17:22.591019008,420.59305,0.0
2022-10-24,21.710672,105.45847,2022-10-24 05:17:22.618015232,419.96216,0.0
2022-10-24,21.738792,105.47539,2022-10-24 05:17:22.672008192,418.3178,0.0
2022-10-24,21.7949,105.50996,2022-10-24 05:17:22.779994112,419.90543,0.0
2022-10-24,21.708923,105.480965,2022-10-24 05:17:22.978987264,418.61868,0.0
2022-10-24,21.722973,105.48973,2022-10-24 05:17:23.006023936,420.12613,0.0
2022-10-24,21.736988,105.49864,2022-10-24 05:17:23.033020160,419.67755,0.0
2022-10-24,21.677023,105.509315,2022-10-24 05:17:23.645006336,418.07956,0.0
2022-10-24,21.675018,105.532166,2022-10-24 05:17:24.006018304,418.78076,0.0
2022-10-24,21.731112,105.56682,2022-10-24 05:17:24.114004224,419.11783,0.0
2022-10-24,21.671328,105.57775,2022-10-24 05:17:24.725990400,418.11072,0.0
2022-10-24,21.669403,105.60052,2022-10-24 05:17:25.087002368,419.90402,0.0
2022-10-24,21.683434,105.60901,2022-10-24 05:17:25.113998592,418.06445,0.0
2022-10-24,21.667334,105.623314,2022-10-24 05:17:25.447008256,419.90598,0.0
2022-10-24,21.593447,105.62601,2022-10-24 05:17:26.033003776,414.86633,0.0
2022-10-24,21.621471,105.64312,2022-10-24 05:17:26.086996736,419.07758,0.0
2022-10-24,21.563341,105.63157,2022-10-24 05:17:26.339017216,420.10257,0.0
2022-10-24,21.57736,105.64037,2022-10-24 05:17:26.366013440,421.4201,0.0
2022-10-24,21.591408,105.64877,2022-10-24 05:17:26.393010176,420.45438,0.0
2022-10-24,21.547401,105.645805,2022-10-24 05:17:26.672026880,420.50687,0.0
2022-10-24,21.56145,105.65438,2022-10-24 05:17:26.699023360,419.99927,0.0
2022-10-24,21.575489,105.66294,2022-10-24 05:17:26.726019584,421.2306,0.0
2022-10-24,21.517452,105.65214,2022-10-24 05:17:26.979005696,415.2862,0.0
2022-10-24,21.531548,105.66001,2022-10-24 05:17:27.006001920,419.19177,0.0
2022-10-24,21.529608,105.682915,2022-10-24 05:17:27.366008320,420.771,0.0
2022-10-24,21.543642,105.69143,2022-10-24 05:17:27.393004544,421.6215,0.0
2022-10-24,21.513578,105.69705,2022-10-24 05:17:27.699017728,419.3544,0.0
2022-10-24,21.52754,105.70615,2022-10-24 05:17:27.726014208,421.71997,0.0
2022-10-24,21.48351,105.70267,2022-10-24 05:17:28.005996800,420.25516,0.0
2022-10-24,21.49754,105.71127,2022-10-24 05:17:28.032993024,419.33463,0.0
2022-10-24,21.449747,105.75394,2022-10-24 05:17:29.033027840,420.72137,0.0
2022-10-24,21.433672,105.76799,2022-10-24 05:17:29.365997312,418.965,0.0
2022-10-24,21.447691,105.776436,2022-10-24 05:17:29.392993792,418.50912,0.0
2022-10-24,21.46171,105.784966,2022-10-24 05:17:29.419990016,420.5065,0.0
2022-10-24,21.475704,105.793686,2022-10-24 05:17:29.447026688,419.98196,0.0
2022-10-24,21.403664,105.773315,2022-10-24 05:17:29.672010496,419.292,0.0
2022-10-24,21.41769,105.78197,2022-10-24 05:17:29.699006976,419.1821,0.0
2022-10-24,21.431713,105.790565,2022-10-24 05:17:29.726003456,419.5458,0.0
2022-10-24,21.445732,105.799126,2022-10-24 05:17:29.752999680,419.8955,0.0
2022-10-24,21.459743,105.8077,2022-10-24 05:17:29.779996416,419.95392,0.0
2022-10-24,21.373663,105.77874,2022-10-24 05:17:29.978989312,419.1171,0.0
2022-10-24,21.387693,105.787445,2022-10-24 05:17:30.006025984,419.2986,0.0
2022-10-24,21.40174,105.79607,2022-10-24 05:17:30.033022464,419.08704,0.0
2022-10-24,21.415775,105.80473,2022-10-24 05:17:30.060018944,419.91037,0.0
2022-10-24,21.429808,105.81332,2022-10-24 05:17:30.087015424,419.46832,0.0
2022-10-24,21.44385,105.82178,2022-10-24 05:17:30.114011648,420.3579,0.0
2022-10-24,21.357813,105.79297,2022-10-24 05:17:30.311998976,420.17273,0.0
2022-10-24,21.371845,105.801605,2022-10-24 05:17:30.338995456,419.65137,0.0
2022-10-24,21.38587,105.81024,2022-10-24 05:17:30.365991936,419.55325,0.0
2022-10-24,21.399893,105.81884,2022-10-24 05:17:30.392988160,419.3798,0.0
2022-10-24,21.413908,105.82742,2022-10-24 05:17:30.420024832,418.43747,0.0
2022-10-24,21.427927,105.83592,2022-10-24 05:17:30.447021568,419.93622,0.0
2022-10-24,21.341833,105.80713,2022-10-24 05:17:30.645008640,419.74033,0.0
2022-10-24,21.355864,105.815765,2022-10-24 05:17:30.672005120,419.78033,0.0
2022-10-24,21.36989,105.82439,2022-10-24 05:17:30.699001600,419.43118,0.0
2022-10-24,21.38391,105.833,2022-10-24 05:17:30.725997824,418.56403,0.0
2022-10-24,21.397926,105.84157,2022-10-24 05:17:30.752994560,419.35797,0.0
2022-10-24,21.41194,105.850105,2022-10-24 05:17:30.779990784,419.1882,0.0
2022-10-24,21.309736,105.83543,2022-10-24 05:17:31.311993600,418.7644,0.0
2022-10-24,21.351805,105.86134,2022-10-24 05:17:31.393022976,418.6944,0.0
2022-10-24,21.36582,105.86991,2022-10-24 05:17:31.420019712,419.84344,0.0
2022-10-24,21.379835,105.87843,2022-10-24 05:17:31.447015936,419.63116,0.0
2022-10-24,21.279728,105.84075,2022-10-24 05:17:31.618006784,420.86465,0.0
2022-10-24,21.293756,105.8495,2022-10-24 05:17:31.645003264,420.49332,0.0
2022-10-24,21.307781,105.858215,2022-10-24 05:17:31.671999744,419.93127,0.0
2022-10-24,21.321802,105.86687,2022-10-24 05:17:31.698995968,420.4111,0.0
2022-10-24,21.335817,105.8755,2022-10-24 05:17:31.725992704,419.50006,0.0
2022-10-24,21.349833,105.88407,2022-10-24 05:17:31.752988928,420.0298,0.0
2022-10-24,21.363846,105.892586,2022-10-24 05:17:31.780025600,419.28937,0.0
2022-10-24,21.249754,105.846054,2022-10-24 05:17:31.925026048,421.70074,0.0
2022-10-24,21.263794,105.85489,2022-10-24 05:17:31.952022272,419.99292,0.0
2022-10-24,21.277832,105.86364,2022-10-24 05:17:31.979018752,419.99954,0.0
2022-10-24,21.305891,105.88102,2022-10-24 05:17:32.033011712,419.74524,0.0
2022-10-24,21.319916,105.88964,2022-10-24 05:17:32.060007936,420.73483,0.0
2022-10-24,21.333939,105.89821,2022-10-24 05:17:32.087004416,419.36737,0.0
2022-10-24,21.347963,105.90669,2022-10-24 05:17:32.114000896,419.5703,0.0
2022-10-24,21.23386,105.86018,2022-10-24 05:17:32.257995264,420.29315,0.0
2022-10-24,21.247892,105.869,2022-10-24 05:17:32.284991744,419.44833,0.0
2022-10-24,21.261919,105.87778,2022-10-24 05:17:32.311988224,419.50516,0.0
2022-10-24,21.27594,105.8865,2022-10-24 05:17:32.339024896,419.3423,0.0
2022-10-24,21.289959,105.895164,2022-10-24 05:17:32.366021120,420.6759,0.0
2022-10-24,21.303974,105.90376,2022-10-24 05:17:32.393017856,419.637,0.0
2022-10-24,21.317987,105.912346,2022-10-24 05:17:32.420014080,419.68182,0.0
2022-10-24,21.331997,105.920876,2022-10-24 05:17:32.447010560,419.8562,0.0
2022-10-24,21.217873,105.87433,2022-10-24 05:17:32.591004928,420.67514,0.0
2022-10-24,21.231903,105.88315,2022-10-24 05:17:32.618001408,420.85477,0.0
2022-10-24,21.24593,105.89192,2022-10-24 05:17:32.644997888,420.1017,0.0
2022-10-24,21.259954,105.90059,2022-10-24 05:17:32.671994112,420.0446,0.0
2022-10-24,21.27397,105.909294,2022-10-24 05:17:32.698990848,420.07864,0.0
2022-10-24,21.301996,105.926476,2022-10-24 05:17:32.753023744,419.52386,0.0
2022-10-24,21.316004,105.93502,2022-10-24 05:17:32.780020224,419.0952,0.0
2022-10-24,21.201801,105.88848,2022-10-24 05:17:32.925020416,420.1699,0.0
2022-10-24,21.215813,105.8973,2022-10-24 05:17:32.952016896,420.41333,0.0
2022-10-24,21.22982,105.90606,2022-10-24 05:17:32.979013376,420.3204,0.0
2022-10-24,21.299875,105.94918,2022-10-24 05:17:33.113995520,419.84836,0.0
2022-10-24,21.18576,105.90261,2022-10-24 05:17:33.257989888,420.81348,0.0
2022-10-24,21.19979,105.91142,2022-10-24 05:17:33.285026560,420.32767,0.0
2022-10-24,21.213812,105.92021,2022-10-24 05:17:33.312023040,420.86044,0.0
2022-10-24,21.227833,105.928925,2022-10-24 05:17:33.339019264,420.39957,0.0
2022-10-24,21.269869,105.954796,2022-10-24 05:17:33.420008704,420.32516,0.0
2022-10-24,21.283878,105.96331,2022-10-24 05:17:33.447005184,420.0306,0.0
2022-10-24,21.169767,105.91675,2022-10-24 05:17:33.590999552,420.92923,0.0
2022-10-24,21.183796,105.925575,2022-10-24 05:17:33.617996032,420.5002,0.0
2022-10-24,21.19782,105.93432,2022-10-24 05:17:33.644992256,420.544,0.0
2022-10-24,21.211838,105.94306,2022-10-24 05:17:33.671988992,419.13147,0.0
2022-10-24,21.253874,105.96892,2022-10-24 05:17:33.753018368,419.463,0.0
2022-10-24,21.267881,105.97743,2022-10-24 05:17:33.780014848,419.66443,0.0
2022-10-24,21.153856,105.93087,2022-10-24 05:17:33.925015040,420.53098,0.0
2022-10-24,21.167902,105.93968,2022-10-24 05:17:33.952011520,419.63953,0.0
2022-10-24,21.181944,105.94844,2022-10-24 05:17:33.979008000,420.50958,0.0
2022-10-24,21.195974,105.95718,2022-10-24 05:17:34.006004224,419.10916,0.0
2022-10-24,21.20999,105.965836,2022-10-24 05:17:34.033000704,419.60443,0.0
2022-10-24,21.223999,105.97446,2022-10-24 05:17:34.059997184,418.92352,0.0
2022-10-24,21.15194,105.95379,2022-10-24 05:17:34.285021184,420.01648,0.0
2022-10-24,21.165962,105.96254,2022-10-24 05:17:34.312017408,420.14575,0.0
2022-10-24,21.193989,105.97997,2022-10-24 05:17:34.366010368,419.96088,0.0
2022-10-24,21.207998,105.9886,2022-10-24 05:17:34.393006848,418.7783,0.0
2022-10-24,21.121914,105.95913,2022-10-24 05:17:34.590994176,418.69678,0.0
2022-10-24,21.135937,105.96791,2022-10-24 05:17:34.617990400,420.43515,0.0
2022-10-24,21.149946,105.9767,2022-10-24 05:17:34.645027072,419.69208,0.0
2022-10-24,21.163956,105.98538,2022-10-24 05:17:34.672023808,420.70224,0.0
2022-10-24,21.177958,105.994064,2022-10-24 05:17:34.699020032,420.87167,0.0
2022-10-24,21.191956,106.00273,2022-10-24 05:17:34.726016512,418.81598,0.0
2022-10-24,21.205954,106.01129,2022-10-24 05:17:34.753012992,418.7068,0.0
2022-10-24,21.105808,105.973236,2022-10-24 05:17:34.925009664,419.73532,0.0
2022-10-24,21.119825,105.982056,2022-10-24 05:17:34.952006144,419.40677,0.0
2022-10-24,21.133835,105.99084,2022-10-24 05:17:34.979002368,419.2558,0.0
2022-10-24,21.161856,106.0082,2022-10-24 05:17:35.032995328,419.93115,0.0
2022-10-24,21.101849,106.01911,2022-10-24 05:17:35.645021952,419.98346,0.0
2022-10-24,21.115877,106.02786,2022-10-24 05:17:35.672018176,419.5415,0.0
2022-10-24,21.129911,106.03645,2022-10-24 05:17:35.699014656,419.86426,0.0
2022-10-24,21.143936,106.045074,2022-10-24 05:17:35.726011136,419.5011,0.0
2022-10-24,21.157959,106.05365,2022-10-24 05:17:35.753007360,419.5951,0.0
2022-10-24,21.17198,106.06217,2022-10-24 05:17:35.780004096,418.88785,0.0
2022-10-24,21.08595,106.03315,2022-10-24 05:17:35.978996992,418.8278,0.0
2022-10-24,21.099964,106.04188,2022-10-24 05:17:36.005993472,418.93332,0.0
2022-10-24,21.113972,106.05057,2022-10-24 05:17:36.032989952,419.24432,0.0
2022-10-24,21.127977,106.05918,2022-10-24 05:17:36.060026624,419.821,0.0
2022-10-24,21.141981,106.06776,2022-10-24 05:17:36.087023104,418.82803,0.0
2022-10-24,21.155985,106.07628,2022-10-24 05:17:36.114019328,419.92017,0.0
2022-10-24,21.041908,106.029655,2022-10-24 05:17:36.258013696,419.5652,0.0
2022-10-24,21.083958,106.055984,2022-10-24 05:17:36.339003136,419.54922,0.0
2022-10-24,21.097965,106.06466,2022-10-24 05:17:36.365999616,419.46463,0.0
2022-10-24,21.111969,106.07329,2022-10-24 05:17:36.392996096,419.79382,0.0
2022-10-24,21.125965,106.08186,2022-10-24 05:17:36.419992320,419.40283,0.0
2022-10-24,21.139957,106.090385,2022-10-24 05:17:36.446988800,419.268,0.0
2022-10-24,21.025839,106.04376,2022-10-24 05:17:36.591023360,419.04996,0.0
2022-10-24,21.039848,106.05259,2022-10-24 05:17:36.618020096,419.75186,0.0
2022-10-24,21.053854,106.06137,2022-10-24 05:17:36.645016320,419.8347,0.0
2022-10-24,21.09585,106.087395,2022-10-24 05:17:36.726005504,418.7904,0.0
2022-10-24,21.109844,106.09596,2022-10-24 05:17:36.753002240,419.02347,0.0
2022-10-24,21.123835,106.10449,2022-10-24 05:17:36.779998464,418.86365,0.0
2022-10-24,21.00976,106.05787,2022-10-24 05:17:36.924998656,418.524,0.0
2022-10-24,21.023779,106.066696,2022-10-24 05:17:36.951995136,419.17133,0.0
2022-10-24,21.037794,106.07547,2022-10-24 05:17:36.978991616,419.00308,0.0
2022-10-24,21.051802,106.084206,2022-10-24 05:17:37.005988096,418.9308,0.0
2022-10-24,21.079811,106.10151,2022-10-24 05:17:37.060021248,419.32907,0.0
2022-10-24,21.107813,106.11861,2022-10-24 05:17:37.114014208,418.83823,0.0
2022-10-24,20.99375,106.07197,2022-10-24 05:17:37.258008576,419.58795,0.0
2022-10-24,21.007769,106.08079,2022-10-24 05:17:37.285004800,419.15555,0.0
2022-10-24,21.021782,106.08956,2022-10-24 05:17:37.312001280,419.5903,0.0
2022-10-24,21.035793,106.098274,2022-10-24 05:17:37.338997760,419.37524,0.0
2022-10-24,21.049795,106.10698,2022-10-24 05:17:37.365994240,418.5635,0.0
2022-10-24,21.0638,106.11558,2022-10-24 05:17:37.392990464,418.97095,0.0
2022-10-24,20.977804,106.08603,2022-10-24 05:17:37.591018240,419.5219,0.0
2022-10-24,20.99183,106.094864,2022-10-24 05:17:37.618014464,419.3829,0.0
2022-10-24,21.005852,106.10364,2022-10-24 05:17:37.645010944,419.75342,0.0
2022-10-24,21.01987,106.11235,2022-10-24 05:17:37.672007424,418.8359,0.0
2022-10-24,21.033884,106.12103,2022-10-24 05:17:37.699003648,418.79428,0.0
2022-10-24,21.047892,106.129684,2022-10-24 05:17:37.726000384,419.07758,0.0
2022-10-24,20.961864,106.10008,2022-10-24 05:17:37.924993280,419.5105,0.0
2022-10-24,20.975878,106.10895,2022-10-24 05:17:37.951989760,418.60446,0.0
2022-10-24,20.989891,106.117714,2022-10-24 05:17:37.979026432,418.97342,0.0
2022-10-24,21.003899,106.126434,2022-10-24 05:17:38.006022912,418.91772,0.0
2022-10-24,21.0179,106.135124,2022-10-24 05:17:38.033019392,419.14008,0.0
2022-10-24,21.031904,106.14373,2022-10-24 05:17:38.060015616,418.47263,0.0
2022-10-24,21.045902,106.15231,2022-10-24 05:17:38.087012352,419.33954,0.0
2022-10-24,21.059896,106.16087,2022-10-24 05:17:38.114008576,419.29166,0.0
2022-10-24,20.94581,106.11416,2022-10-24 05:17:38.258002944,419.3569,0.0
2022-10-24,21.001774,106.149216,2022-10-24 05:17:38.365988608,419.2866,0.0
2022-10-24,21.029749,106.16641,2022-10-24 05:17:38.420021760,419.85052,0.0
2022-10-24,21.043747,106.17495,2022-10-24 05:17:38.447018240,419.88336,0.0
2022-10-24,20.9297,106.12826,2022-10-24 05:17:38.591012608,419.86136,0.0
2022-10-24,20.943716,106.13709,2022-10-24 05:17:38.618009088,419.19485,0.0
2022-10-24,20.957724,106.14589,2022-10-24 05:17:38.645005568,418.97815,0.0
2022-10-24,20.97173,106.15463,2022-10-24 05:17:38.672001792,419.0528,0.0
2022-10-24,20.985731,106.1633,2022-10-24 05:17:38.698998528,418.56656,0.0
2022-10-24,20.99973,106.17194,2022-10-24 05:17:38.725994752,418.2069,0.0
2022-10-24,20.913683,106.14235,2022-10-24 05:17:38.924987904,418.7644,0.0
2022-10-24,20.927696,106.15119,2022-10-24 05:17:38.952024576,419.95532,0.0
2022-10-24,20.941706,106.15998,2022-10-24 05:17:38.979021056,419.16544,0.0
2022-10-24,20.969734,106.177376,2022-10-24 05:17:39.033013760,419.54562,0.0
2022-10-24,20.997766,106.194565,2022-10-24 05:17:39.087006720,420.2614,0.0
2022-10-24,21.011778,106.2031,2022-10-24 05:17:39.114003200,420.0928,0.0
2022-10-24,20.911812,106.16524,2022-10-24 05:17:39.284994048,420.54236,0.0
2022-10-24,20.895792,106.179306,2022-10-24 05:17:39.618003712,420.35184,0.0
2022-10-24,20.9238,106.196846,2022-10-24 05:17:39.671996672,420.37778,0.0
2022-10-24,20.9378,106.20552,2022-10-24 05:17:39.698992896,420.30267,0.0
2022-10-24,21.835175,105.565735,2022-10-24 05:17:44.699006208,419.76672,0.0
2022-10-24,21.853119,105.56993,2022-10-24 05:17:44.726002432,418.75748,0.0
2022-10-24,21.836987,105.58398,2022-10-24 05:17:45.060018176,419.19238,0.0
2022-10-24,21.733631,105.595505,2022-10-24 05:17:45.618011392,419.0278,0.0
2022-10-24,21.769318,105.60417,2022-10-24 05:17:45.672004096,419.321,0.0
2022-10-24,21.771378,105.62255,2022-10-24 05:17:46.033016320,418.9372,0.0
2022-10-24,21.789127,105.627144,2022-10-24 05:17:46.060012544,418.95087,0.0
2022-10-24,21.685741,105.6381,2022-10-24 05:17:46.618006016,418.0332,0.0
2022-10-24,21.739273,105.651054,2022-10-24 05:17:46.698995200,421.31802,0.0
2022-10-24,21.705242,105.661354,2022-10-24 05:17:47.006014464,420.97256,0.0
2022-10-24,21.653831,105.66644,2022-10-24 05:17:47.284990720,419.16553,0.0
2022-10-24,21.639757,105.69905,2022-10-24 05:17:47.979012608,418.8146,0.0
2022-10-24,21.693478,105.71178,2022-10-24 05:17:48.060001792,419.87793,0.0
2022-10-24,21.6455,105.75445,2022-10-24 05:17:49.059996416,419.97916,0.0
2022-10-24,21.663563,105.75847,2022-10-24 05:17:49.086992640,419.33588,0.0
2022-10-24,21.492413,105.78935,2022-10-24 05:17:50.258018560,418.05457,0.0
2022-10-24,21.510202,105.79372,2022-10-24 05:17:50.285014784,419.17645,0.0
2022-10-24,21.528002,105.7981,2022-10-24 05:17:50.312011264,420.37723,0.0
2022-10-24,21.581633,105.81103,2022-10-24 05:17:50.393000704,418.6,0.0
2022-10-24,21.478258,105.82198,2022-10-24 05:17:50.951999744,418.39227,0.0
2022-10-24,21.496033,105.826416,2022-10-24 05:17:50.978996224,419.6737,0.0
2022-10-24,21.513824,105.83086,2022-10-24 05:17:51.005992704,419.08795,0.0
2022-10-24,21.531715,105.835144,2022-10-24 05:17:51.032988928,419.20807,0.0
2022-10-24,21.549618,105.83945,2022-10-24 05:17:51.060025600,418.41214,0.0
2022-10-24,21.58567,105.8477,2022-10-24 05:17:51.114018560,413.2536,0.0
2022-10-24,21.444525,105.83167,2022-10-24 05:17:51.258012928,419.73077,0.0
2022-10-24,21.462257,105.83617,2022-10-24 05:17:51.285009408,419.16724,0.0
2022-10-24,21.480024,105.840614,2022-10-24 05:17:51.312005632,419.33688,0.0
2022-10-24,21.497816,105.84506,2022-10-24 05:17:51.339002112,419.66754,0.0
2022-10-24,21.515715,105.84933,2022-10-24 05:17:51.365998848,419.48636,0.0
2022-10-24,21.53366,105.853546,2022-10-24 05:17:51.392995072,419.41357,0.0
2022-10-24,21.551634,105.85775,2022-10-24 05:17:51.419991552,417.94052,0.0
2022-10-24,21.56969,105.86185,2022-10-24 05:17:51.446988032,417.83755,0.0
2022-10-24,21.428516,105.84587,2022-10-24 05:17:51.591022592,419.03876,0.0
2022-10-24,21.464045,105.85475,2022-10-24 05:17:51.645015552,418.37006,0.0
2022-10-24,21.499733,105.863464,2022-10-24 05:17:51.699008512,418.98337,0.0
2022-10-24,21.517666,105.867714,2022-10-24 05:17:51.726004736,419.5207,0.0
2022-10-24,21.535654,105.871895,2022-10-24 05:17:51.753001216,418.3824,0.0
2022-10-24,21.55367,105.87606,2022-10-24 05:17:51.779997696,416.83847,0.0
2022-10-24,21.430273,105.86447,2022-10-24 05:17:51.951994368,419.22937,0.0
2022-10-24,21.448055,105.8689,2022-10-24 05:17:51.978990848,418.74533,0.0
2022-10-24,21.465885,105.87327,2022-10-24 05:17:52.006027520,418.98352,0.0
2022-10-24,21.483759,105.87759,2022-10-24 05:17:52.033023744,419.10568,0.0
2022-10-24,21.51964,105.88609,2022-10-24 05:17:52.087016704,418.86954,0.0
2022-10-24,21.537703,105.890175,2022-10-24 05:17:52.114013184,418.98178,0.0
2022-10-24,21.396532,105.87417,2022-10-24 05:17:52.258007552,419.44284,0.0
2022-10-24,21.414276,105.87863,2022-10-24 05:17:52.285003776,418.78357,0.0
2022-10-24,21.432066,105.88304,2022-10-24 05:17:52.312000256,417.92725,0.0
2022-10-24,21.44984,105.88752,2022-10-24 05:17:52.338996992,419.3345,0.0
2022-10-24,21.467745,105.89178,2022-10-24 05:17:52.365993216,418.6247,0.0
2022-10-24,21.380547,105.88829,2022-10-24 05:17:52.591017216,418.83093,0.0
2022-10-24,21.398277,105.892784,2022-10-24 05:17:52.618013696,419.09927,0.0
2022-10-24,21.416065,105.897194,2022-10-24 05:17:52.645009920,418.4762,0.0
2022-10-24,21.451752,105.90592,2022-10-24 05:17:52.699002880,418.6124,0.0
2022-10-24,21.505724,105.91845,2022-10-24 05:17:52.779992064,417.82587,0.0
2022-10-24,21.364561,105.902405,2022-10-24 05:17:52.924992512,419.70206,0.0
2022-10-24,21.43578,105.92001,2022-10-24 05:17:53.033018368,418.3733,0.0
2022-10-24,21.471691,105.92847,2022-10-24 05:17:53.087011328,417.57425,0.0
2022-10-24,21.489721,105.93261,2022-10-24 05:17:53.114007808,418.2674,0.0
2022-10-24,21.348566,105.916534,2022-10-24 05:17:53.258001920,419.43756,0.0
2022-10-24,21.366287,105.92104,2022-10-24 05:17:53.284998400,419.57007,0.0
2022-10-24,21.384062,105.92549,2022-10-24 05:17:53.311995136,418.72687,0.0
2022-10-24,21.419777,105.93416,2022-10-24 05:17:53.366028032,418.95764,0.0
2022-10-24,21.35027,105.93522,2022-10-24 05:17:53.618008064,419.50726,0.0
2022-10-24,21.403786,105.94828,2022-10-24 05:17:53.698997504,419.0101,0.0
2022-10-24,21.4217,105.95257,2022-10-24 05:17:53.725993984,418.49744,0.0
2022-10-24,21.43968,105.956764,2022-10-24 05:17:53.752990208,418.35907,0.0
2022-10-24,21.457708,105.960915,2022-10-24 05:17:53.779986944,418.5665,0.0
2022-10-24,21.334263,105.949356,2022-10-24 05:17:53.952023808,419.5315,0.0
2022-10-24,21.387749,105.96249,2022-10-24 05:17:54.033012992,418.3449,0.0
2022-10-24,21.423664,105.97093,2022-10-24 05:17:54.087005952,419.17108,0.0
2022-10-24,21.30055,105.95895,2022-10-24 05:17:54.257996544,419.49835,0.0
2022-10-24,21.336042,105.96791,2022-10-24 05:17:54.311989504,419.27234,0.0
2022-10-24,21.371733,105.97664,2022-10-24 05:17:54.366022656,419.47913,0.0
2022-10-24,21.302261,105.97759,2022-10-24 05:17:54.618002944,419.42282,0.0
2022-10-24,21.320034,105.98205,2022-10-24 05:17:54.644999168,419.43628,0.0
2022-10-24,21.355753,105.990715,2022-10-24 05:17:54.698992128,419.08682,0.0
2022-10-24,21.40968,106.00335,2022-10-24 05:17:54.780021760,418.26953,0.0
2022-10-24,21.286251,105.99172,2022-10-24 05:17:54.952018176,419.8266,0.0
2022-10-24,21.339725,106.004875,2022-10-24 05:17:55.033007616,418.9609,0.0
2022-10-24,21.28804,106.01024,2022-10-24 05:17:55.312024320,418.95178,0.0
2022-10-24,21.305887,106.01458,2022-10-24 05:17:55.339020800,419.3513,0.0
2022-10-24,21.323751,106.01893,2022-10-24 05:17:55.366017280,419.1853,0.0
2022-10-24,21.377668,106.03159,2022-10-24 05:17:55.447006464,419.4545,0.0
2022-10-24,21.291737,106.04715,2022-10-24 05:17:56.033002240,419.15326,0.0
2022-10-24,21.309664,106.051414,2022-10-24 05:17:56.059998464,419.34482,0.0
2022-10-24,21.327625,106.05566,2022-10-24 05:17:56.086995200,419.0336,0.0
2022-10-24,21.204472,106.04369,2022-10-24 05:17:56.258026240,419.6722,0.0
2022-10-24,21.239893,106.05281,2022-10-24 05:17:56.312018944,419.21478,0.0
2022-10-24,21.257841,106.056946,2022-10-24 05:17:56.339015424,418.6195,0.0
2022-10-24,21.275688,106.061325,2022-10-24 05:17:56.366011904,418.8723,0.0
2022-10-24,21.329649,106.07391,2022-10-24 05:17:56.447001088,419.30878,0.0
2022-10-24,21.206207,106.062256,2022-10-24 05:17:56.617991936,419.57703,0.0
2022-10-24,21.259663,106.075455,2022-10-24 05:17:56.699021312,419.07864,0.0
2022-10-24,21.277626,106.07965,2022-10-24 05:17:56.726018048,419.48953,0.0
2022-10-24,21.295603,106.08387,2022-10-24 05:17:56.753014272,419.65253,0.0
2022-10-24,21.31363,106.08803,2022-10-24 05:17:56.780010752,417.98703,0.0
2022-10-24,21.297598,106.102165,2022-10-24 05:17:57.113986048,418.5436,0.0
2022-10-24,21.156416,106.086006,2022-10-24 05:17:57.258020608,419.02325,0.0
2022-10-24,21.174154,106.09049,2022-10-24 05:17:57.285017088,419.79248,0.0
2022-10-24,21.191938,106.094925,2022-10-24 05:17:57.312013568,417.88565,0.0
2022-10-24,21.24557,106.1079,2022-10-24 05:17:57.393002752,418.4362,0.0
2022-10-24,21.175915,106.109024,2022-10-24 05:17:57.645023232,419.2759,0.0
2022-10-24,21.12437,106.114204,2022-10-24 05:17:57.925005312,419.80423,0.0
2022-10-24,21.142063,106.11878,2022-10-24 05:17:57.952002048,418.12955,0.0
2022-10-24,21.159891,106.12312,2022-10-24 05:17:57.978998528,418.73322,0.0
2022-10-24,21.17772,106.1275,2022-10-24 05:17:58.005994752,419.58865,0.0
2022-10-24,21.126083,106.13278,2022-10-24 05:17:58.285011712,418.2618,0.0
2022-10-24,21.161692,106.1416,2022-10-24 05:17:58.339004416,418.64874,0.0
2022-10-24,21.127836,106.15131,2022-10-24 05:17:58.645017600,418.2869,0.0
2022-10-24,21.145664,106.1557,2022-10-24 05:17:58.672014336,418.69675,0.0
2022-10-24,21.16354,106.16003,2022-10-24 05:17:58.699010560,418.64157,0.0
2022-10-24,21.147509,106.17412,2022-10-24 05:17:59.033026304,418.44467,0.0
2022-10-24,21.165432,106.1784,2022-10-24 05:17:59.060022528,419.04733,0.0
2022-10-24,21.201418,106.18682,2022-10-24 05:17:59.114015232,419.99588,0.0
2022-10-24,21.06026,106.170555,2022-10-24 05:17:59.258009856,418.948,0.0
2022-10-24,21.077995,106.17505,2022-10-24 05:17:59.285006336,419.37747,0.0
2022-10-24,21.113604,106.183876,2022-10-24 05:17:59.338999040,418.63934,0.0
2022-10-24,21.131477,106.18821,2022-10-24 05:17:59.365995520,418.93716,0.0
2022-10-24,21.185402,106.20088,2022-10-24 05:17:59.447025152,418.92645,0.0
2022-10-24,21.115444,106.20229,2022-10-24 05:17:59.699005184,418.7564,0.0
2022-10-24,21.11733,106.22066,2022-10-24 05:18:00.060017152,418.53818,0.0
2022-10-24,21.135294,106.22491,2022-10-24 05:18:00.087013376,419.69617,0.0
2022-10-24,21.012161,106.212776,2022-10-24 05:18:00.258004480,420.06104,0.0
2022-10-24,21.051313,106.25856,2022-10-24 05:18:01.033015296,420.68326,0.0
2022-10-24,21.053177,106.276955,2022-10-24 05:18:01.393021440,419.56943,0.0
2022-10-24,20.97295,106.347244,2022-10-24 05:18:03.060001024,419.22528,0.0
2022-10-24,21.30042,106.68926,2022-10-24 05:18:05.446992384,413.89694,0.0
2022-10-24,21.655027,105.90229,2022-10-24 05:18:11.726017024,417.68887,0.0
2022-10-24,21.589247,105.92227,2022-10-24 05:18:12.005999360,418.61118,0.0
2022-10-24,21.614174,105.91924,2022-10-24 05:18:12.032995584,417.78168,0.0
2022-10-24,21.648396,105.927185,2022-10-24 05:18:12.419998464,418.3887,0.0
2022-10-24,21.673616,105.92411,2022-10-24 05:18:12.446994688,418.29504,0.0
2022-10-24,21.483473,105.95883,2022-10-24 05:18:12.590989056,418.79056,0.0
2022-11-04,21.269402,102.84158,2022-11-04 01:19:19.875006976,417.39127,0.0
2022-11-04,21.163649,102.91206,2022-11-04 01:19:21.847999488,417.39255,0.0
2022-11-04,21.140026,102.95306,2022-11-04 01:19:22.541015296,417.50235,0.0
2022-11-04,21.098972,102.96785,2022-11-04 01:19:23.181004032,415.92593,0.0
2022-11-04,21.074076,102.96857,2022-11-04 01:19:23.487017216,417.50555,0.0
2022-11-04,21.082825,102.98173,2022-11-04 01:19:23.514013440,416.9188,0.0
2022-11-04,21.091583,102.994835,2022-11-04 01:19:23.541009920,414.3252,0.0
2022-11-04,21.066612,102.99559,2022-11-04 01:19:23.847988736,417.037,0.0
2022-11-04,21.075394,103.008736,2022-11-04 01:19:23.875025408,417.08633,0.0
2022-11-04,21.026863,103.05051,2022-11-04 01:19:24.875020032,417.9294,0.0
2022-11-04,20.994534,103.07836,2022-11-04 01:19:25.540999168,417.07715,0.0
2022-11-04,20.978392,103.09233,2022-11-04 01:19:25.875014656,417.08627,0.0
2022-11-04,20.953363,103.092995,2022-11-04 01:19:26.180987648,418.0911,0.0
2022-11-04,20.962164,103.10616,2022-11-04 01:19:26.208024320,417.6382,0.0
2022-11-04,20.937199,103.106895,2022-11-04 01:19:26.513997312,414.8938,0.0
2022-11-04,20.945988,103.120056,2022-11-04 01:19:26.540993792,416.94162,0.0
2022-11-04,20.920927,103.120636,2022-11-04 01:19:26.848012800,417.01797,0.0
2022-11-04,20.929724,103.13381,2022-11-04 01:19:26.875009280,417.19107,0.0
2022-11-04,20.913616,103.14788,2022-11-04 01:19:27.208018688,417.60022,0.0
2022-11-04,19.619043,104.10174,2022-11-04 01:19:52.351998208,419.0454,0.0
2022-11-04,19.654325,104.19435,2022-11-04 01:19:52.847992320,417.36682,0.0
2022-11-04,19.663008,104.20744,2022-11-04 01:19:52.874989056,418.088,0.0
2022-11-04,19.586512,104.12905,2022-11-04 01:19:53.019023360,418.1347,0.0
2022-11-04,19.595055,104.142296,2022-11-04 01:19:53.046020096,418.3571,0.0
2022-11-04,19.570177,104.14266,2022-11-04 01:19:53.351993088,419.05582,0.0
2022-11-04,19.5787,104.155876,2022-11-04 01:19:53.378989568,417.9673,0.0
2022-11-04,19.621778,104.221725,2022-11-04 01:19:53.514011904,419.39545,0.0
2022-11-04,19.553848,104.15625,2022-11-04 01:19:53.686008576,419.27542,0.0
2022-11-04,19.596802,104.22221,2022-11-04 01:19:53.820990464,418.46603,0.0
2022-11-04,19.605473,104.23535,2022-11-04 01:19:53.847987200,417.3857,0.0
2022-11-04,19.614174,104.24847,2022-11-04 01:19:53.875023872,417.90634,0.0
2022-11-04,19.537527,104.16985,2022-11-04 01:19:54.019018240,418.26697,0.0
2022-11-04,19.54608,104.1831,2022-11-04 01:19:54.046014464,417.6365,0.0
2022-11-04,19.554644,104.196304,2022-11-04 01:19:54.073010944,418.7882,0.0
2022-11-04,19.589172,104.24897,2022-11-04 01:19:54.180996608,418.9746,0.0
2022-11-04,19.521244,104.18348,2022-11-04 01:19:54.352027904,415.5703,0.0
2022-11-04,19.581572,104.27572,2022-11-04 01:19:54.541002752,417.10016,0.0
2022-11-04,19.522089,104.22357,2022-11-04 01:19:54.739995904,417.2712,0.0
2022-11-04,19.53068,104.23677,2022-11-04 01:19:54.766992384,417.97113,0.0
2022-11-04,19.539303,104.24992,2022-11-04 01:19:54.793988608,417.75165,0.0
2022-11-04,19.523022,104.26365,2022-11-04 01:19:55.126998528,416.5974,0.0
2022-11-04,19.489515,104.25087,2022-11-04 01:19:55.406015232,417.67688,0.0
2022-11-04,19.498081,104.264046,2022-11-04 01:19:55.433011456,416.03674,0.0
2022-11-04,19.481823,104.27769,2022-11-04 01:19:55.766986752,417.9232,0.0
2022-11-04,19.507729,104.3171,2022-11-04 01:19:55.848016384,416.59702,0.0
2022-11-04,19.465532,104.29134,2022-11-04 01:19:56.099996672,416.39505,0.0
2022-11-04,19.474142,104.3045,2022-11-04 01:19:56.126992896,415.81702,0.0
2022-11-04,19.48276,104.31761,2022-11-04 01:19:56.153989376,416.5791,0.0
2022-11-04,19.491404,104.33071,2022-11-04 01:19:56.181026048,416.77902,0.0
2022-11-04,19.457893,104.31821,2022-11-04 01:19:56.460002560,417.81635,0.0
2022-11-04,19.407192,104.27887,2022-11-04 01:19:56.685992192,418.88144,0.0
2022-11-04,19.45013,104.34485,2022-11-04 01:19:56.821014528,417.71246,0.0
2022-11-04,19.458786,104.35797,2022-11-04 01:19:56.848011008,417.57376,0.0
2022-11-04,19.39087,104.29246,2022-11-04 01:19:57.019001856,418.0863,0.0
2022-11-04,19.40799,104.31893,2022-11-04 01:19:57.072994816,416.9645,0.0
2022-11-04,19.442503,104.371605,2022-11-04 01:19:57.181020672,417.1248,0.0
2022-11-04,19.374586,104.30609,2022-11-04 01:19:57.352011520,419.04123,0.0
2022-11-04,19.366835,104.3329,2022-11-04 01:19:57.713023488,417.7591,0.0
2022-11-04,19.375399,104.34611,2022-11-04 01:19:57.740019712,418.5144,0.0
2022-11-04,19.383982,104.3593,2022-11-04 01:19:57.767016448,417.31097,0.0
2022-11-04,19.342077,104.33332,2022-11-04 01:19:58.018996480,418.4573,0.0
2022-11-04,19.367767,104.37299,2022-11-04 01:19:58.099985664,418.86493,0.0
2022-11-04,19.34282,104.37332,2022-11-04 01:19:58.405998848,418.1313,0.0
2022-11-04,19.3514,104.38652,2022-11-04 01:19:58.432995328,419.85306,0.0
2022-11-04,19.360018,104.3997,2022-11-04 01:19:58.459991808,418.3691,0.0
2022-11-04,19.36865,104.412865,2022-11-04 01:19:58.486988288,417.46313,0.0
2022-11-04,19.309408,104.360565,2022-11-04 01:19:58.686021632,414.7541,0.0
2022-11-04,19.31795,104.3738,2022-11-04 01:19:58.713017856,418.71396,0.0
2022-11-04,19.326511,104.38702,2022-11-04 01:19:58.740014592,419.4996,0.0
2022-11-04,19.335098,104.40021,2022-11-04 01:19:58.767010816,418.403,0.0
2022-11-04,19.343718,104.41338,2022-11-04 01:19:58.794007296,418.74173,0.0
2022-11-04,19.301605,104.387276,2022-11-04 01:19:59.046027776,418.52353,0.0
2022-11-04,19.310162,104.40049,2022-11-04 01:19:59.073024000,418.78726,0.0
2022-11-04,19.318752,104.413704,2022-11-04 01:19:59.100020480,418.4381,0.0
2022-11-04,19.327372,104.426895,2022-11-04 01:19:59.127016960,418.61414,0.0
2022-11-04,19.33602,104.44007,2022-11-04 01:19:59.154013440,417.1425,0.0
2022-11-04,19.276773,104.387695,2022-11-04 01:19:59.352000768,418.96683,0.0
2022-11-04,19.285292,104.400925,2022-11-04 01:19:59.378996992,420.26523,0.0
2022-11-04,19.293846,104.41414,2022-11-04 01:19:59.405993472,419.50095,0.0
2022-11-04,19.311035,104.440506,2022-11-04 01:19:59.459986432,417.85654,0.0
2022-11-04,19.319672,104.45367,2022-11-04 01:19:59.487023104,418.529,0.0
2022-11-04,19.328344,104.46682,2022-11-04 01:19:59.514019584,417.75986,0.0
2022-11-04,19.337048,104.479965,2022-11-04 01:19:59.541015808,418.0848,0.0
2022-11-04,19.260445,104.40131,2022-11-04 01:19:59.686016000,418.96194,0.0
2022-11-04,19.26898,104.41456,2022-11-04 01:19:59.713012736,418.57144,0.0
2022-11-04,19.277533,104.42777,2022-11-04 01:19:59.740008960,418.6236,0.0
2022-11-04,19.286114,104.44097,2022-11-04 01:19:59.767005440,418.75137,0.0
2022-11-04,19.294718,104.45414,2022-11-04 01:19:59.794001920,419.32175,0.0
2022-11-04,19.303343,104.46729,2022-11-04 01:19:59.820998144,418.2313,0.0
2022-11-04,19.31198,104.4804,2022-11-04 01:19:59.847994880,418.05463,0.0
2022-11-04,19.269766,104.45438,2022-11-04 01:20:00.100015104,419.2507,0.0
2022-11-04,19.278376,104.46756,2022-11-04 01:20:00.127011584,419.74826,0.0
2022-11-04,19.287,104.4807,2022-11-04 01:20:00.154007808,418.46887,0.0
2022-11-04,19.253445,104.46794,2022-11-04 01:20:00.433024768,419.69073,0.0
2022-11-04,19.262058,104.48112,2022-11-04 01:20:00.460021248,419.62796,0.0
2022-11-04,19.270697,104.494286,2022-11-04 01:20:00.487017728,419.44513,0.0
2022-11-04,19.27935,104.507416,2022-11-04 01:20:00.514013952,417.8471,0.0
2022-11-04,19.288023,104.52052,2022-11-04 01:20:00.541010432,419.01547,0.0
2022-11-04,19.228582,104.46844,2022-11-04 01:20:00.740003584,418.93668,0.0
2022-11-04,19.237165,104.48164,2022-11-04 01:20:00.767000064,418.9299,0.0
2022-11-04,19.27172,104.53418,2022-11-04 01:20:00.875025920,417.50302,0.0
2022-11-04,19.220875,104.49519,2022-11-04 01:20:01.100009728,419.15692,0.0
2022-11-04,19.229483,104.50837,2022-11-04 01:20:01.127005952,419.16986,0.0
2022-11-04,19.238121,104.52154,2022-11-04 01:20:01.154002688,418.66568,0.0
2022-11-04,19.246773,104.53466,2022-11-04 01:20:01.180999168,418.83594,0.0
2022-11-04,19.204515,104.508644,2022-11-04 01:20:01.433019392,419.48022,0.0
2022-11-04,19.21312,104.521805,2022-11-04 01:20:01.460015872,420.16428,0.0
2022-11-04,19.230415,104.5481,2022-11-04 01:20:01.514008576,418.74826,0.0
2022-11-04,19.196808,104.53537,2022-11-04 01:20:01.793991168,420.02557,0.0
2022-11-04,19.205437,104.548515,2022-11-04 01:20:01.820987392,420.86597,0.0
2022-11-04,19.064697,104.564156,2022-11-04 01:20:03.685994496,419.929,0.0
2022-11-04,19.073227,104.57739,2022-11-04 01:20:03.712990720,416.17694,0.0
2022-11-04,19.082619,104.63049,2022-11-04 01:20:04.126989824,419.60284,0.0
2022-11-04,17.740103,105.77076,2022-11-04 01:20:31.848022528,415.81302,0.0
2022-11-04,17.698692,105.78425,2022-11-04 01:20:32.487004928,418.48413,0.0
2022-11-04,17.715815,105.81036,2022-11-04 01:20:32.540997888,416.27332,0.0
2022-11-04,17.67376,105.78452,2022-11-04 01:20:32.794023936,417.13824,0.0
2022-11-04,17.699387,105.8237,2022-11-04 01:20:32.875013376,415.46597,0.0
2022-11-04,17.66581,105.81083,2022-11-04 01:20:33.153989888,418.02792,0.0
2022-11-04,17.657877,105.83715,2022-11-04 01:20:33.513996032,416.3803,0.0
2022-11-04,17.666435,105.85019,2022-11-04 01:20:33.540992512,417.41144,0.0
2022-11-04,17.641424,105.85046,2022-11-04 01:20:33.848011520,415.492,0.0
2022-11-04,17.649992,105.8635,2022-11-04 01:20:33.875007744,415.7008,0.0
2022-11-04,17.625032,105.86384,2022-11-04 01:20:34.181021184,417.49585,0.0
2022-11-04,17.633615,105.87691,2022-11-04 01:20:34.208017664,417.08975,0.0
2022-11-04,17.617176,105.89017,2022-11-04 01:20:34.541027328,415.71487,0.0
2022-11-04,17.584217,105.91659,2022-11-04 01:20:35.208012032,417.6072,0.0
2022-11-04,17.55131,105.94317,2022-11-04 01:20:35.874997248,417.5388,0.0
2022-11-04,17.534931,105.956474,2022-11-04 01:20:36.208006912,417.07425,0.0
2022-11-04,17.518507,105.96974,2022-11-04 01:20:36.541016320,418.4656,0.0
2022-11-04,16.752337,106.564606,2022-11-04 01:20:51.847994368,416.88803,0.0
2022-11-04,16.760853,106.57762,2022-11-04 01:20:51.874990592,417.12973,0.0
2022-11-04,16.727285,106.564606,2022-11-04 01:20:52.154007552,416.77814,0.0
2022-11-04,16.735785,106.577644,2022-11-04 01:20:52.181004032,417.61328,0.0
2022-11-04,16.744305,106.59065,2022-11-04 01:20:52.208000512,417.30038,0.0
2022-11-04,16.702312,106.564674,2022-11-04 01:20:52.460020736,419.3358,0.0
2022-11-04,16.710775,106.57772,2022-11-04 01:20:52.487017216,417.16135,0.0
2022-11-04,16.71927,106.59077,2022-11-04 01:20:52.514013696,417.56384,0.0
2022-11-04,16.727797,106.603806,2022-11-04 01:20:52.541010176,418.06113,0.0
2022-11-04,16.677382,106.56478,2022-11-04 01:20:52.766999808,417.8202,0.0
2022-11-04,16.702818,106.60397,2022-11-04 01:20:52.847988736,417.36096,0.0
2022-11-04,16.711342,106.617,2022-11-04 01:20:52.875025408,417.16995,0.0
2022-11-04,16.660913,106.577995,2022-11-04 01:20:53.100009216,419.64764,0.0
2022-11-04,16.669361,106.591064,2022-11-04 01:20:53.127005696,417.3786,0.0
2022-11-04,16.6778,106.60405,2022-11-04 01:20:53.154002176,418.22247,0.0
2022-11-04,16.68629,106.61707,2022-11-04 01:20:53.180998656,416.1315,0.0
2022-11-04,16.694788,106.63005,2022-11-04 01:20:53.207994880,416.2176,0.0
2022-11-04,16.635948,106.57793,2022-11-04 01:20:53.406022656,419.3942,0.0
2022-11-04,16.652845,106.6042,2022-11-04 01:20:53.460015360,417.79987,0.0
2022-11-04,16.661297,106.61722,2022-11-04 01:20:53.487011840,418.55502,0.0
2022-11-04,16.678286,106.64323,2022-11-04 01:20:53.541004544,416.8572,0.0
2022-11-04,16.61943,106.59103,2022-11-04 01:20:53.739997952,418.5612,0.0
2022-11-04,16.63634,106.6173,2022-11-04 01:20:53.793990656,418.76636,0.0
2022-11-04,16.64482,106.63038,2022-11-04 01:20:53.820986880,418.11002,0.0
2022-11-04,16.653322,106.64344,2022-11-04 01:20:53.848023552,416.0062,0.0
2022-11-04,16.611374,106.61734,2022-11-04 01:20:54.100003840,418.45184,0.0
2022-11-04,16.619833,106.63044,2022-11-04 01:20:54.127000320,418.33563,0.0
2022-11-04,16.645319,106.669556,2022-11-04 01:20:54.207989760,416.41864,0.0
2022-11-04,16.594913,106.63049,2022-11-04 01:20:54.433013504,417.85184,0.0
2022-11-04,16.603374,106.6436,2022-11-04 01:20:54.460009984,418.2683,0.0
2022-11-04,16.611845,106.65666,2022-11-04 01:20:54.487006464,417.0412,0.0
2022-11-04,16.62034,106.66971,2022-11-04 01:20:54.514002688,417.81622,0.0
2022-11-04,16.628866,106.68274,2022-11-04 01:20:54.540999168,419.13138,0.0
2022-11-04,16.586863,106.65673,2022-11-04 01:20:54.794025472,417.6971,0.0
2022-11-04,16.59533,106.66979,2022-11-04 01:20:54.821021696,417.10327,0.0
2022-11-04,16.612343,106.695854,2022-11-04 01:20:54.875014656,416.85913,0.0
2022-11-04,16.570345,106.66983,2022-11-04 01:20:55.126994944,417.24756,0.0
2022-11-04,16.59582,106.708954,2022-11-04 01:20:55.208024576,416.64368,0.0
2022-11-04,16.512049,106.65671,2022-11-04 01:20:55.712990464,417.29547,0.0
2022-11-04,16.52045,106.669846,2022-11-04 01:20:55.740027136,417.5921,0.0
2022-11-04,16.52887,106.68296,2022-11-04 01:20:55.767023616,416.25125,0.0
2022-11-04,16.49562,106.66999,2022-11-04 01:20:56.046000128,416.3871,0.0
2022-11-04,16.479061,106.68303,2022-11-04 01:20:56.379009792,416.73376,0.0
2022-11-04,16.487446,106.69615,2022-11-04 01:20:56.406006272,415.76666,0.0
2022-11-04,15.834809,107.23213,2022-11-04 01:21:09.766987776,419.14996,0.0
2022-11-04,15.809893,107.232025,2022-11-04 01:21:10.073001216,418.87762,0.0
2022-11-04,15.81825,107.24514,2022-11-04 01:21:10.099997440,417.70663,0.0
2022-11-04,15.835072,107.27125,2022-11-04 01:21:10.153990144,418.51028,0.0
2022-11-04,15.84351,107.28427,2022-11-04 01:21:10.180986880,418.56662,0.0
2022-11-04,15.851986,107.29729,2022-11-04 01:21:10.208023552,419.33047,0.0
2022-11-04,15.760247,107.232,2022-11-04 01:21:10.685993216,418.27817,0.0
2022-11-04,15.768541,107.24509,2022-11-04 01:21:10.712989696,418.5466,0.0
2022-11-04,15.776872,107.258156,2022-11-04 01:21:10.740026112,416.4195,0.0
2022-11-04,15.785219,107.27122,2022-11-04 01:21:10.767022592,418.47778,0.0
2022-11-04,15.802013,107.297226,2022-11-04 01:21:10.821015552,418.2496,0.0
2022-11-04,15.818889,107.323166,2022-11-04 01:21:10.875008256,415.72598,0.0
2022-11-04,15.7519455,107.2581,2022-11-04 01:21:11.045999360,417.6369,0.0
2022-11-04,15.760298,107.27121,2022-11-04 01:21:11.072995584,418.37408,0.0
2022-11-04,15.785488,107.31037,2022-11-04 01:21:11.154024960,418.4174,0.0
2022-11-04,15.752128,107.29734,2022-11-04 01:21:11.433001728,417.7455,0.0
2022-11-04,15.768949,107.323425,2022-11-04 01:21:11.486994688,418.56937,0.0
2022-11-04,15.777378,107.3364,2022-11-04 01:21:11.513991168,417.65573,0.0
2022-11-04,15.710649,107.27114,2022-11-04 01:21:11.685987584,418.1201,0.0
2022-11-04,15.727294,107.29734,2022-11-04 01:21:11.740020736,417.70847,0.0
2022-11-04,15.744059,107.32348,2022-11-04 01:21:11.794013696,417.32825,0.0
2022-11-04,15.694016,107.28401,2022-11-04 01:21:12.018997504,418.95667,0.0
2022-11-04,15.702295,107.29708,2022-11-04 01:21:12.045993728,417.61432,0.0
2022-11-04,15.71062,107.31015,2022-11-04 01:21:12.072990208,417.59668,0.0
2022-11-04,15.718972,107.32324,2022-11-04 01:21:12.100026880,418.24203,0.0
2022-11-04,15.727373,107.336296,2022-11-04 01:21:12.127023104,418.06882,0.0
2022-11-04,15.735799,107.34935,2022-11-04 01:21:12.154019840,417.55832,0.0
2022-11-04,15.7442465,107.36237,2022-11-04 01:21:12.181016320,417.95502,0.0
2022-11-04,15.752719,107.37538,2022-11-04 01:21:12.208012544,415.92407,0.0
2022-11-04,15.677453,107.29708,2022-11-04 01:21:12.352006912,417.8616,0.0
2022-11-04,15.685769,107.310196,2022-11-04 01:21:12.379003648,418.2144,0.0
2022-11-04,15.702442,107.33635,2022-11-04 01:21:12.432996352,417.51938,0.0
2022-11-04,15.710842,107.3494,2022-11-04 01:21:12.459992832,419.30536,0.0
2022-11-04,15.727719,107.37545,2022-11-04 01:21:12.514025984,417.87552,0.0
2022-11-04,15.6609335,107.31007,2022-11-04 01:21:12.686022400,418.21164,0.0
2022-11-04,15.669227,107.32316,2022-11-04 01:21:12.713018880,419.67706,0.0
2022-11-04,15.677554,107.33625,2022-11-04 01:21:12.740015616,417.7675,0.0
2022-11-04,15.6859,107.34932,2022-11-04 01:21:12.767011840,417.5978,0.0
2022-11-04,15.694289,107.362366,2022-11-04 01:21:12.794008320,418.3087,0.0
2022-11-04,15.702686,107.375374,2022-11-04 01:21:12.821004544,418.32452,0.0
2022-11-04,15.6945915,107.40144,2022-11-04 01:21:13.181010688,419.2571,0.0
2022-11-04,15.6443815,107.36216,2022-11-04 01:21:13.405994496,417.71863,0.0
2022-11-04,15.652741,107.37523,2022-11-04 01:21:13.432990976,418.1868,0.0
2022-11-04,15.661136,107.38826,2022-11-04 01:21:13.459987456,418.62466,0.0
2022-11-04,15.677985,107.4143,2022-11-04 01:21:13.514020352,416.63715,0.0
2022-11-04,15.686458,107.4273,2022-11-04 01:21:13.541016832,417.99442,0.0
2022-11-04,15.627845,107.3752,2022-11-04 01:21:13.740009984,418.479,0.0
2022-11-04,15.6446085,107.40134,2022-11-04 01:21:13.794002688,418.7937,0.0
2022-11-04,15.653016,107.41436,2022-11-04 01:21:13.820999168,419.47772,0.0
2022-11-04,15.669926,107.44037,2022-11-04 01:21:13.874992128,419.19678,0.0
2022-11-04,15.6196165,107.401215,2022-11-04 01:21:14.100016128,419.0239,0.0
2022-11-04,15.62802,107.414276,2022-11-04 01:21:14.127012608,418.28592,0.0
2022-11-04,15.636448,107.42732,2022-11-04 01:21:14.154008832,419.6527,0.0
2022-11-04,15.644901,107.440346,2022-11-04 01:21:14.181005568,418.7105,0.0
2022-11-04,15.653383,107.453354,2022-11-04 01:21:14.208001792,418.6527,0.0
2022-11-04,15.586373,107.38806,2022-11-04 01:21:14.378992640,418.77393,0.0
2022-11-04,15.594699,107.40115,2022-11-04 01:21:14.405989120,417.56238,0.0
2022-11-04,15.603056,107.414246,2022-11-04 01:21:14.433025792,418.84805,0.0
2022-11-04,15.6283245,107.45338,2022-11-04 01:21:14.514014976,418.57227,0.0
2022-11-04,15.569814,107.40107,2022-11-04 01:21:14.713008128,416.47806,0.0
2022-11-04,15.594872,107.44026,2022-11-04 01:21:14.793997312,419.31754,0.0
2022-11-04,15.60328,107.45329,2022-11-04 01:21:14.820993792,418.75528,0.0
2022-11-04,15.611714,107.46629,2022-11-04 01:21:14.847990272,418.43463,0.0
2022-11-04,15.553258,107.41405,2022-11-04 01:21:15.046017536,420.21494,0.0
2022-11-04,15.578354,107.453285,2022-11-04 01:21:15.127006976,418.43597,0.0
2022-11-04,15.586764,107.46632,2022-11-04 01:21:15.154003712,417.48538,0.0
2022-11-04,15.595206,107.47933,2022-11-04 01:21:15.180999936,418.2098,0.0
2022-11-04,15.603678,107.49233,2022-11-04 01:21:15.207996416,418.03888,0.0
2022-11-04,15.536694,107.42705,2022-11-04 01:21:15.378987264,417.9642,0.0
2022-11-04,15.578629,107.49231,2022-11-04 01:21:15.514009600,416.23822,0.0
2022-11-04,15.587103,107.50531,2022-11-04 01:21:15.541006080,416.51276,0.0
2022-11-04,15.511836,107.42691,2022-11-04 01:21:15.686006272,417.31418,0.0
2022-11-04,15.520147,107.44003,2022-11-04 01:21:15.713002752,418.07425,0.0
2022-11-04,15.528485,107.45313,2022-11-04 01:21:15.739998976,418.61057,0.0
2022-11-04,15.536824,107.46621,2022-11-04 01:21:15.766995456,418.42374,0.0
2022-11-04,15.545213,107.479256,2022-11-04 01:21:15.793991936,418.5906,0.0
2022-11-04,15.553611,107.49227,2022-11-04 01:21:15.820988416,418.62256,0.0
2022-11-04,15.562044,107.505295,2022-11-04 01:21:15.848025088,418.58307,0.0
2022-11-04,15.570533,107.518326,2022-11-04 01:21:15.875021568,419.00616,0.0
2022-11-04,15.503625,107.453064,2022-11-04 01:21:16.046012416,418.0214,0.0
2022-11-04,15.511953,107.46615,2022-11-04 01:21:16.073008896,418.4179,0.0
2022-11-04,15.520287,107.47922,2022-11-04 01:21:16.100005120,416.78586,0.0
2022-11-04,15.52867,107.49226,2022-11-04 01:21:16.127001856,418.99347,0.0
2022-11-04,15.5370655,107.50528,2022-11-04 01:21:16.153998080,417.9917,0.0
2022-11-04,15.54549,107.51828,2022-11-04 01:21:16.180994560,416.5846,0.0
2022-11-04,15.553933,107.53125,2022-11-04 01:21:16.207990784,415.37225,0.0
2022-11-04,15.495363,107.47911,2022-11-04 01:21:16.406018560,417.679,0.0
2022-11-04,15.503705,107.49219,2022-11-04 01:21:16.433014784,418.62393,0.0
2022-11-04,15.512097,107.50522,2022-11-04 01:21:16.460011264,417.32098,0.0
2022-11-04,15.5205,107.51824,2022-11-04 01:21:16.487007744,419.58212,0.0
2022-11-04,15.5289345,107.53125,2022-11-04 01:21:16.514004224,418.51166,0.0
2022-11-04,15.487174,107.50521,2022-11-04 01:21:16.766990080,418.14737,0.0
2022-11-04,15.495557,107.51824,2022-11-04 01:21:16.794026752,417.7374,0.0
2022-11-04,15.503954,107.53125,2022-11-04 01:21:16.821023232,418.0661,0.0
2022-11-04,15.470596,107.51821,2022-11-04 01:21:17.100000000,418.93988,0.0
2022-11-04,15.478986,107.531235,2022-11-04 01:21:17.126996224,418.5966,0.0
2022-11-04,15.45403,107.53121,2022-11-04 01:21:17.433009408,419.67776,0.0
2022-11-04,15.462412,107.54426,2022-11-04 01:21:17.460005888,418.36182,0.0
2022-11-04,15.47083,107.557304,2022-11-04 01:21:17.487002368,418.3269,0.0
2022-11-04,15.479265,107.570305,2022-11-04 01:21:17.513998848,417.26776,0.0
2022-11-04,15.487725,107.58328,2022-11-04 01:21:17.540995072,415.8098,0.0
2022-11-04,15.429131,107.53112,2022-11-04 01:21:17.739988224,418.34784,0.0
2022-11-04,15.437451,107.544174,2022-11-04 01:21:17.767024896,417.74777,0.0
2022-11-04,15.445822,107.557205,2022-11-04 01:21:17.794021376,418.4373,0.0
2022-11-04,15.45421,107.57022,2022-11-04 01:21:17.821017856,419.6595,0.0
2022-11-04,15.471035,107.59613,2022-11-04 01:21:17.875010816,416.08298,0.0
2022-11-04,15.412563,107.54397,2022-11-04 01:21:18.072998144,417.69644,0.0
2022-11-04,15.420884,107.55703,2022-11-04 01:21:18.099994368,417.72098,0.0
2022-11-04,15.429253,107.57006,2022-11-04 01:21:18.126990848,418.01007,0.0
2022-11-04,15.43764,107.58308,2022-11-04 01:21:18.153987072,418.4515,0.0
2022-11-04,15.454446,107.60898,2022-11-04 01:21:18.208020224,418.33585,0.0
2022-11-04,15.40437,107.57013,2022-11-04 01:21:18.433003776,417.7496,0.0
2022-11-04,15.412777,107.58319,2022-11-04 01:21:18.460000512,416.09583,0.0
2022-11-04,15.437974,107.62209,2022-11-04 01:21:18.540989952,416.1281,0.0
2022-11-04,15.421344,107.63488,2022-11-04 01:21:18.875005184,417.3011,0.0
2022-11-04,15.379501,107.60887,2022-11-04 01:21:19.127025664,418.63202,0.0
2022-11-04,15.387902,107.6219,2022-11-04 01:21:19.154021888,417.71198,0.0
2022-11-04,15.396335,107.634926,2022-11-04 01:21:19.181018368,418.2114,0.0
2022-11-04,15.354536,107.60883,2022-11-04 01:21:19.432998656,418.43015,0.0
2022-11-04,15.362901,107.62185,2022-11-04 01:21:19.459995136,417.7482,0.0
2022-11-04,15.371305,107.63487,2022-11-04 01:21:19.486991360,420.01083,0.0
2022-11-04,15.388213,107.660866,2022-11-04 01:21:19.541024768,416.37546,0.0
2022-11-04,15.3380165,107.62181,2022-11-04 01:21:19.767014144,418.058,0.0
2022-11-04,15.346388,107.634834,2022-11-04 01:21:19.794010624,415.9697,0.0
2022-11-04,15.321402,107.634705,2022-11-04 01:21:20.100023808,417.79358,0.0
2022-11-04,15.329775,107.647736,2022-11-04 01:21:20.127020032,418.55765,0.0
2022-11-04,15.346554,107.67371,2022-11-04 01:21:20.181012992,416.82776,0.0
2022-11-04,15.355004,107.686714,2022-11-04 01:21:20.208009472,413.3683,0.0
2022-11-04,15.288183,107.621506,2022-11-04 01:21:20.379000064,416.66208,0.0
2022-11-04,15.29649,107.63456,2022-11-04 01:21:20.405996800,415.61508,0.0
2022-11-04,15.2467375,107.63435,2022-11-04 01:21:21.018988800,418.2611,0.0
2022-11-04,15.263322,107.6605,2022-11-04 01:21:21.073021952,414.9717,0.0
2022-11-04,15.230249,107.64748,2022-11-04 01:21:21.351998208,418.7175,0.0
2022-11-04,15.213622,107.660286,2022-11-04 01:21:21.686013952,418.12845,0.0
2022-11-04,15.221917,107.67339,2022-11-04 01:21:21.713010432,415.90237,0.0
2022-11-04,15.230215,107.686455,2022-11-04 01:21:21.740006912,417.59973,0.0
2022-11-04,15.197093,107.673416,2022-11-04 01:21:22.019023616,418.3314,0.0
2022-11-04,15.205373,107.686516,2022-11-04 01:21:22.046020096,419.1642,0.0
2022-11-04,15.180512,107.68625,2022-11-04 01:21:22.351993088,418.6748,0.0
2022-11-04,15.188772,107.699326,2022-11-04 01:21:22.378989568,418.2592,0.0
2022-11-04,15.21377,107.738495,2022-11-04 01:21:22.460019200,417.251,0.0
2022-11-04,15.197201,107.75148,2022-11-04 01:21:22.793994240,418.36444,0.0
2022-11-04,15.147294,107.712105,2022-11-04 01:21:23.019018240,418.65662,0.0
2022-11-04,15.155564,107.725174,2022-11-04 01:21:23.046014464,417.5584,0.0
2022-11-04,15.16387,107.73824,2022-11-04 01:21:23.073010944,417.64035,0.0
2022-11-04,15.18057,107.764305,2022-11-04 01:21:23.127003904,419.42532,0.0
2022-11-04,15.188952,107.7773,2022-11-04 01:21:23.154000384,419.74277,0.0
2022-11-04,15.139,107.738045,2022-11-04 01:21:23.379024384,420.37787,0.0
2022-11-04,15.147318,107.75113,2022-11-04 01:21:23.406020608,418.07086,0.0
2022-11-04,15.155645,107.7642,2022-11-04 01:21:23.433017344,419.045,0.0
2022-11-04,15.164015,107.77722,2022-11-04 01:21:23.460013568,418.4529,0.0
2022-11-04,15.172403,107.790245,2022-11-04 01:21:23.487010048,418.14755,0.0
2022-11-04,15.18082,107.80325,2022-11-04 01:21:23.514006272,416.36093,0.0
2022-11-04,15.189249,107.81622,2022-11-04 01:21:23.541002752,418.12994,0.0
2022-11-04,15.114141,107.73795,2022-11-04 01:21:23.686003200,419.26483,0.0
2022-11-04,15.122419,107.751045,2022-11-04 01:21:23.712999680,417.76337,0.0
2022-11-04,15.147432,107.79021,2022-11-04 01:21:23.793988608,419.22354,0.0
2022-11-04,15.097494,107.75081,2022-11-04 01:21:24.019012608,417.1921,0.0
2022-11-04,15.105791,107.76392,2022-11-04 01:21:24.046009088,417.44363,0.0
2022-11-04,15.130799,107.8031,2022-11-04 01:21:24.126998528,419.90115,0.0
2022-11-04,15.156004,107.84203,2022-11-04 01:21:24.207987712,417.42386,0.0
2022-11-04,15.080947,107.76377,2022-11-04 01:21:24.352022528,417.25983,0.0
2022-11-04,15.08924,107.77686,2022-11-04 01:21:24.379018752,417.90567,0.0
2022-11-04,15.10586,107.80296,2022-11-04 01:21:24.433011712,419.3886,0.0
2022-11-04,15.139418,107.85488,2022-11-04 01:21:24.540997632,416.77002,0.0
2022-11-04,15.064369,107.77661,2022-11-04 01:21:24.685997824,416.15326,0.0
2022-11-04,15.072652,107.78971,2022-11-04 01:21:24.712994048,417.90842,0.0
2022-11-04,15.105971,107.841805,2022-11-04 01:21:24.821020160,419.52158,0.0
2022-11-04,15.05603,107.80257,2022-11-04 01:21:25.046003712,416.99463,0.0
2022-11-04,15.064333,107.81563,2022-11-04 01:21:25.073000192,419.44006,0.0
2022-11-04,15.014661,107.81549,2022-11-04 01:21:25.685992192,419.26196,0.0
2022-11-04,15.039525,107.85468,2022-11-04 01:21:25.767021568,418.7584,0.0
2022-11-04,15.05644,107.919464,2022-11-04 01:21:26.208017152,419.0422,0.0
2022-11-04,14.981396,107.84121,2022-11-04 01:21:26.352011776,418.67383,0.0
2022-11-04,14.989679,107.85431,2022-11-04 01:21:26.379008000,418.1374,0.0
2022-11-04,15.0062895,107.88043,2022-11-04 01:21:26.433000704,416.41196,0.0
2022-11-04,14.948241,107.86709,2022-11-04 01:21:27.018996480,418.19147,0.0
2022-11-04,14.964848,107.93219,2022-11-04 01:21:27.459991808,417.15,0.0
2022-11-04,14.98156,107.9581,2022-11-04 01:21:27.514024960,416.76044,0.0
2022-11-04,14.931581,107.91904,2022-11-04 01:21:27.740014592,415.2194,0.0
2022-11-04,14.973415,107.98399,2022-11-04 01:21:27.874996736,419.38107,0.0
2022-11-04,14.906772,107.91894,2022-11-04 01:21:28.045987584,419.64362,0.0
2022-11-04,14.915059,107.93199,2022-11-04 01:21:28.073024256,417.69885,0.0
2022-11-04,14.923343,107.94503,2022-11-04 01:21:28.100020736,419.10855,0.0
2022-11-04,14.931687,107.95803,2022-11-04 01:21:28.127016960,417.89502,0.0
2022-11-04,14.95682,107.99691,2022-11-04 01:21:28.208006400,417.02588,0.0
2022-11-04,14.890168,107.931854,2022-11-04 01:21:28.378996992,416.47104,0.0
2022-11-04,14.8984585,107.944916,2022-11-04 01:21:28.405993472,419.0518,0.0
2022-11-04,14.906772,107.957985,2022-11-04 01:21:28.432989952,418.42282,0.0
2022-11-04,14.915139,107.97101,2022-11-04 01:21:28.459986432,418.50897,0.0
2022-11-04,14.923496,107.983986,2022-11-04 01:21:28.487023104,418.9668,0.0
2022-11-04,14.931875,107.99694,2022-11-04 01:21:28.514019584,418.1257,0.0
2022-11-04,14.940285,108.00988,2022-11-04 01:21:28.541016064,417.94592,0.0
2022-11-04,14.873523,107.94464,2022-11-04 01:21:28.713012736,419.16672,0.0
2022-11-04,14.898491,107.9838,2022-11-04 01:21:28.794002176,418.21103,0.0
2022-11-04,14.906869,107.99681,2022-11-04 01:21:28.820998400,418.02747,0.0
2022-11-04,14.915258,108.00978,2022-11-04 01:21:28.847994880,416.54816,0.0
2022-11-04,14.92366,108.02271,2022-11-04 01:21:28.874991104,417.15082,0.0
2022-11-04,14.856935,107.957596,2022-11-04 01:21:29.046022400,418.44705,0.0
2022-11-04,14.865221,107.97065,2022-11-04 01:21:29.073018880,417.96317,0.0
2022-11-04,14.873534,107.98372,2022-11-04 01:21:29.100015104,418.25125,0.0
2022-11-04,14.881899,107.996735,2022-11-04 01:21:29.127011584,417.05096,0.0
2022-11-04,14.890271,108.009735,2022-11-04 01:21:29.154007808,418.3659,0.0
2022-11-04,14.898662,108.022705,2022-11-04 01:21:29.181004544,420.8446,0.0
2022-11-04,14.832133,107.95749,2022-11-04 01:21:29.351995136,417.59372,0.0
2022-11-04,14.840399,107.97057,2022-11-04 01:21:29.378991616,419.0827,0.0
2022-11-04,14.848674,107.98362,2022-11-04 01:21:29.405988096,418.36166,0.0
2022-11-04,14.856972,107.996666,2022-11-04 01:21:29.433024768,418.0776,0.0
2022-11-04,14.865317,108.00967,2022-11-04 01:21:29.460021248,418.1088,0.0
2022-11-04,14.873684,108.02266,2022-11-04 01:21:29.487017728,419.6729,0.0
2022-11-04,14.882064,108.0356,2022-11-04 01:21:29.514014208,418.14682,0.0
2022-11-04,14.890459,108.04851,2022-11-04 01:21:29.541010688,417.58902,0.0
2022-11-04,14.815504,107.970245,2022-11-04 01:21:29.686010880,420.80594,0.0
2022-11-04,14.832052,107.99639,2022-11-04 01:21:29.740003584,417.27063,0.0
2022-11-04,14.840354,108.00945,2022-11-04 01:21:29.767000320,419.09348,0.0
2022-11-04,14.84871,108.02248,2022-11-04 01:21:29.793996544,419.09525,0.0
2022-11-04,14.857077,108.03547,2022-11-04 01:21:29.820993024,417.9643,0.0
2022-11-04,14.865466,108.048454,2022-11-04 01:21:29.847989248,419.06387,0.0
2022-11-04,14.873871,108.06139,2022-11-04 01:21:29.875025920,417.03748,0.0
2022-11-04,14.798866,107.98314,2022-11-04 01:21:30.019020544,419.27063,0.0
2022-11-04,14.82373,108.02234,2022-11-04 01:21:30.100009728,418.5831,0.0
2022-11-04,14.832081,108.03534,2022-11-04 01:21:30.127005952,417.678,0.0
2022-11-04,14.840446,108.04833,2022-11-04 01:21:30.154002688,417.82166,0.0
2022-11-04,14.848836,108.0613,2022-11-04 01:21:30.180999168,417.92285,0.0
2022-11-04,14.8572445,108.07425,2022-11-04 01:21:30.207995392,418.14575,0.0
2022-11-04,14.782262,107.99602,2022-11-04 01:21:30.351989760,418.46832,0.0
2022-11-04,14.790543,108.009125,2022-11-04 01:21:30.379026432,416.28128,0.0
2022-11-04,14.815496,108.04827,2022-11-04 01:21:30.460015872,418.02298,0.0
2022-11-04,14.823856,108.061264,2022-11-04 01:21:30.487012352,417.91248,0.0
2022-11-04,14.840631,108.08714,2022-11-04 01:21:30.541005056,417.13867,0.0
2022-11-04,14.782245,108.035065,2022-11-04 01:21:30.739998464,418.8461,0.0
2022-11-04,14.790541,108.0481,2022-11-04 01:21:30.766994688,418.60886,0.0
2022-11-04,14.798884,108.0611,2022-11-04 01:21:30.793991168,419.20444,0.0
2022-11-04,14.807238,108.07407,2022-11-04 01:21:30.820987392,419.99054,0.0
2022-11-04,14.823999,108.09994,2022-11-04 01:21:30.875020544,418.0356,0.0
2022-11-04,14.782258,108.07394,2022-11-04 01:21:31.127000832,418.17853,0.0
2022-11-04,14.790599,108.086914,2022-11-04 01:21:31.153997056,418.81747,0.0
2022-11-04,14.798961,108.09985,2022-11-04 01:21:31.180993536,419.00885,0.0
2022-11-04,14.807353,108.11279,2022-11-04 01:21:31.207990272,417.94348,0.0
2022-11-04,14.790825,108.12576,2022-11-04 01:21:31.540999680,416.26065,0.0
2022-11-04,14.757523,108.15144,2022-11-04 01:21:32.208025088,416.46185,0.0
2022-11-07,9.910687,106.30768,2022-11-07 00:34:29.069002752,419.37952,0.0
2022-11-07,9.927117,106.33345,2022-11-07 00:34:29.122995456,419.57504,0.0
2022-11-27,10.508333,106.69278,2022-11-27 05:45:50.264999424,418.95697,0.0
2022-11-27,10.533214,106.69425,2022-11-27 05:45:50.291995648,418.0721,0.0
2022-11-27,10.377114,106.69505,2022-11-27 05:45:50.435990016,416.06805,0.0
2022-11-27,10.401652,106.69688,2022-11-27 05:45:50.463026688,417.34256,0.0
2022-11-27,10.500369,106.70357,2022-11-27 05:45:50.571012608,418.3868,0.0
2022-11-27,10.393907,106.707466,2022-11-27 05:45:50.768999936,414.82962,0.0
2022-11-27,10.435164,106.72179,2022-11-27 05:45:51.130011648,417.67804,0.0
2022-11-27,10.446067,106.53357,2022-11-27 05:46:10.211018496,416.78528,0.0
2022-11-27,10.4938545,106.588326,2022-11-27 05:46:11.517026304,418.59274,0.0
2022-11-27,10.520106,106.66487,2022-11-27 05:46:13.103016704,415.8713,0.0
2022-11-27,10.536824,106.67738,2022-11-27 05:46:13.436026368,418.68832,0.0
2022-11-27,11.038152,106.92019,2022-11-27 05:46:20.958013184,417.7189,0.0
2022-11-27,10.217023,106.17866,2022-11-27 05:46:25.265010688,419.17245,0.0
2022-11-27,10.169175,106.22445,2022-11-27 05:46:25.489994240,418.28754,0.0
2022-11-27,10.185378,106.21609,2022-11-27 05:46:25.516990720,418.72964,0.0
2022-11-27,10.217619,106.19933,2022-11-27 05:46:25.571023872,417.71957,0.0
2022-11-27,10.2679405,106.236725,2022-11-27 05:46:26.571018496,418.46576,0.0
2022-11-27,10.3501425,106.25748,2022-11-27 05:46:27.625005824,419.13513,0.0
2022-11-27,10.367034,106.26967,2022-11-27 05:46:27.958015488,420.01892,0.0
2022-11-27,10.36898,106.332306,2022-11-27 05:46:28.877020928,421.6409,0.0
2022-11-27,10.369496,106.35319,2022-11-27 05:46:29.183999488,419.98196,0.0
2022-11-27,11.303808,106.99346,2022-11-27 05:46:46.930996480,418.23358,0.0
2022-11-27,11.319798,106.98524,2022-11-27 05:46:46.957992960,418.37177,0.0
2022-11-27,11.272127,107.03102,2022-11-27 05:46:47.184022784,417.7408,0.0
2022-11-27,11.288322,107.02272,2022-11-27 05:46:47.211019008,417.4483,0.0
2022-11-27,11.320561,107.006004,2022-11-27 05:46:47.265011968,420.31946,0.0
2022-11-27,11.336579,106.997635,2022-11-27 05:46:47.292008448,417.8288,0.0
2022-11-27,11.256303,107.059975,2022-11-27 05:46:47.462999296,419.0134,0.0
2022-11-27,11.28884,107.043236,2022-11-27 05:46:47.516992000,419.5138,0.0
2022-11-27,11.321126,107.02658,2022-11-27 05:46:47.571025152,418.3031,0.0
2022-11-27,11.337168,107.01834,2022-11-27 05:46:47.598021632,418.76367,0.0
2022-11-27,11.272923,107.07237,2022-11-27 05:46:47.796008704,419.4106,0.0
2022-11-27,11.321636,107.04756,2022-11-27 05:46:47.876998144,417.3712,0.0
2022-11-27,11.337789,107.039246,2022-11-27 05:46:47.903994624,418.89883,0.0
2022-11-27,11.289725,107.08524,2022-11-27 05:46:48.130024448,418.28156,0.0
2022-11-27,11.338384,107.06053,2022-11-27 05:46:48.211013888,418.85107,0.0
2022-11-27,11.290164,107.10614,2022-11-27 05:46:48.435997440,419.61432,0.0
2022-11-27,11.306528,107.09793,2022-11-27 05:46:48.462993920,418.5664,0.0
2022-11-27,11.520271,107.135574,2022-11-27 05:46:50.958011392,417.61404,0.0
2022-11-27,11.587095,107.18556,2022-11-27 05:46:52.292021504,417.23877,0.0
2022-11-27,11.572281,107.23634,2022-11-27 05:46:52.877011200,417.48492,0.0
2022-11-27,11.588414,107.22789,2022-11-27 05:46:52.904007680,417.48615,0.0
2022-11-27,11.6044,107.21992,2022-11-27 05:46:52.931004160,415.1606,0.0
2022-11-27,11.572697,107.25699,2022-11-27 05:46:53.183990016,418.39743,0.0
2022-11-27,11.588925,107.248535,2022-11-27 05:46:53.210986496,417.3441,0.0
2022-11-27,11.572953,107.278046,2022-11-27 05:46:53.490003456,416.39764,0.0
2022-11-27,11.58919,107.26988,2022-11-27 05:46:53.516999680,417.755,0.0
2022-11-27,11.605484,107.26114,2022-11-27 05:46:53.543996416,417.73416,0.0
2022-11-27,11.637701,107.24464,2022-11-27 05:46:53.597989120,418.54184,0.0
2022-11-27,11.653754,107.236244,2022-11-27 05:46:53.625025792,417.9972,0.0
2022-11-27,11.556916,107.30776,2022-11-27 05:46:53.769020160,418.04745,0.0
2022-11-27,10.3534565,106.205315,2022-11-27 05:47:04.795997184,419.7646,0.0
2022-11-27,10.357868,106.1887,2022-11-27 05:47:04.822993408,418.58008,0.0
2022-11-27,10.374561,106.201126,2022-11-27 05:47:05.157009152,416.85223,0.0
2022-11-27,10.346833,105.94354,2022-11-27 05:47:24.625018624,415.3679,0.0
2022-11-27,14.813061,107.68767,2022-11-27 05:47:49.958013184,417.75418,0.0
2022-11-27,15.560726,108.269844,2022-11-27 05:48:04.958012416,418.71158,0.0
2022-11-29,22.040373,102.50838,2022-11-29 05:47:51.093995776,417.33408,0.0
2022-11-29,22.087006,102.466415,2022-11-29 05:47:51.202021888,418.1298,0.0
2022-11-29,22.091442,102.49112,2022-11-29 05:47:51.507994880,418.5764,0.0
2022-11-29,22.103111,102.48056,2022-11-29 05:47:51.534991360,418.82657,0.0
2022-11-29,22.072548,102.53679,2022-11-29 05:47:51.761021184,418.36172,0.0
2022-11-29,22.084251,102.526306,2022-11-29 05:47:51.788017408,418.94547,0.0
2022-11-29,22.130798,102.4841,2022-11-29 05:47:51.896003328,417.4721,0.0
2022-11-29,22.158497,102.4876,2022-11-29 05:47:52.256009216,418.23846,0.0
2022-11-29,22.17005,102.47696,2022-11-29 05:47:52.283005696,418.33435,0.0
2022-11-29,22.151407,102.52302,2022-11-29 05:47:52.535026176,419.24854,0.0
2022-11-29,22.163006,102.512405,2022-11-29 05:47:52.562022400,418.4133,0.0
2022-11-29,22.174606,102.50178,2022-11-29 05:47:52.589018880,418.66074,0.0
2022-11-29,22.186163,102.49113,2022-11-29 05:47:52.616015360,417.57443,0.0
2022-11-29,22.144222,102.558266,2022-11-29 05:47:52.815008512,420.18924,0.0
2022-11-29,22.155888,102.54773,2022-11-29 05:47:52.842004736,420.01538,0.0
2022-11-29,22.167536,102.537155,2022-11-29 05:47:52.869001472,418.78174,0.0
2022-11-29,22.17913,102.52654,2022-11-29 05:47:52.895997696,418.93213,0.0
2022-11-29,22.190725,102.515915,2022-11-29 05:47:52.922994176,418.97342,0.0
2022-11-29,22.136948,102.59343,2022-11-29 05:47:53.094025216,419.3254,0.0
2022-11-29,22.14865,102.58295,2022-11-29 05:47:53.121021696,420.22784,0.0
2022-11-29,22.16033,102.57243,2022-11-29 05:47:53.148018176,419.01428,0.0
2022-11-29,22.17199,102.56189,2022-11-29 05:47:53.175014400,418.8628,0.0
2022-11-29,22.183632,102.55132,2022-11-29 05:47:53.202011136,418.64526,0.0
2022-11-29,22.195211,102.540726,2022-11-29 05:47:53.229007360,418.56772,0.0
2022-11-29,22.206787,102.53011,2022-11-29 05:47:53.256003840,419.02667,0.0
2022-11-29,22.218363,102.519455,2022-11-29 05:47:53.283000320,417.28226,0.0
2022-11-29,22.164751,102.5971,2022-11-29 05:47:53.453991168,418.80295,0.0
2022-11-29,22.17644,102.586586,2022-11-29 05:47:53.480987648,418.31064,0.0
2022-11-29,22.1881,102.57604,2022-11-29 05:47:53.508024320,419.78503,0.0
2022-11-29,22.19975,102.565475,2022-11-29 05:47:53.535020544,420.0009,0.0
2022-11-29,22.211325,102.55488,2022-11-29 05:47:53.562017024,418.63,0.0
2022-11-29,22.22291,102.54426,2022-11-29 05:47:53.589013504,418.18863,0.0
2022-11-29,22.234457,102.53362,2022-11-29 05:47:53.616009984,419.26236,0.0
2022-11-29,22.169096,102.62177,2022-11-29 05:47:53.761010176,418.13748,0.0
2022-11-29,22.185225,102.63588,2022-11-29 05:47:54.094019840,417.78058,0.0
2022-11-29,22.266596,102.562004,2022-11-29 05:47:54.282994688,417.4953,0.0
2022-11-29,22.271126,102.58683,2022-11-29 05:47:54.589008128,417.77795,0.0
2022-11-29,22.28268,102.576195,2022-11-29 05:47:54.616004352,418.01764,0.0
2022-11-29,22.25245,102.63277,2022-11-29 05:47:54.841993984,418.67664,0.0
2022-11-29,22.275673,102.61161,2022-11-29 05:47:54.895986944,418.14413,0.0
2022-11-29,22.245195,102.667984,2022-11-29 05:47:55.121010688,417.93985,0.0
2022-11-29,22.256866,102.65748,2022-11-29 05:47:55.148007424,418.49472,0.0
2022-11-29,22.268524,102.646965,2022-11-29 05:47:55.175003648,418.22482,0.0
2022-11-29,22.249535,102.6927,2022-11-29 05:47:55.427024128,418.17508,0.0
2022-11-29,22.261265,102.6822,2022-11-29 05:47:55.454020608,419.07205,0.0
2022-11-29,22.307814,102.64,2022-11-29 05:47:55.562006272,417.1832,0.0
2022-11-29,22.351616,102.65777,2022-11-29 05:47:56.255987712,417.65787,0.0
2022-11-29,22.39982,102.70038,2022-11-29 05:47:57.256022528,419.19632,0.0
2022-11-29,22.392706,102.73584,2022-11-29 05:47:57.534998784,418.638,0.0
2022-11-29,22.404345,102.72523,2022-11-29 05:47:57.561995520,418.06995,0.0
2022-11-29,22.415945,102.71459,2022-11-29 05:47:57.588992000,419.32486,0.0
2022-11-29,22.427504,102.70394,2022-11-29 05:47:57.615988224,417.10324,0.0
2022-11-29,22.373741,102.78166,2022-11-29 05:47:57.788025088,418.5188,0.0
2022-11-29,22.385439,102.77113,2022-11-29 05:47:57.815021568,419.68628,0.0
2022-11-29,22.420393,102.73942,2022-11-29 05:47:57.896010752,418.90356,0.0
2022-11-29,22.394146,102.82058,2022-11-29 05:47:58.427007744,418.87253,0.0
2022-11-29,22.426289,102.849045,2022-11-29 05:47:59.093992704,418.5049,0.0
2022-11-30,18.36504,105.43971,2022-11-30 04:58:53.959011840,418.83475,0.0
2022-11-30,18.598038,105.710785,2022-11-30 04:58:59.518023936,417.8136,0.0
2022-11-30,18.632418,105.678894,2022-11-30 04:58:59.599013376,418.04138,0.0
2022-11-30,18.671549,105.67102,2022-11-30 04:58:59.986015744,415.60693,0.0
2022-11-30,18.607792,105.758835,2022-11-30 04:59:00.131015936,419.07755,0.0
2022-11-30,18.630798,105.73774,2022-11-30 04:59:00.185008896,419.29483,0.0
2022-11-30,18.665121,105.70591,2022-11-30 04:59:00.265998336,416.7586,0.0
2022-11-30,18.676525,105.69523,2022-11-30 04:59:00.292994816,417.1114,0.0
2022-11-30,18.687906,105.68452,2022-11-30 04:59:00.319991040,417.1872,0.0
2022-11-30,18.704248,105.698,2022-11-30 04:59:00.653000704,417.4662,0.0
2022-11-30,18.640553,105.78576,2022-11-30 04:59:00.796995072,418.2395,0.0
2022-11-30,18.720688,105.71143,2022-11-30 04:59:00.986010624,417.13937,0.0
2022-11-30,18.725758,105.73558,2022-11-30 04:59:01.292989184,418.53827,0.0
2022-12-03,22.351912,103.48756,2022-12-03 04:11:42.459986432,412.55786,0.0
2022-12-03,22.375286,103.466385,2022-12-03 04:11:42.514019584,417.69986,0.0
2022-12-03,22.410154,103.43445,2022-12-03 04:11:42.595008768,419.19302,0.0
2022-12-03,22.37969,103.4912,2022-12-03 04:11:42.820998400,418.5038,0.0
2022-12-03,22.391376,103.480606,2022-12-03 04:11:42.847994880,418.98502,0.0
2022-12-03,22.403032,103.46997,2022-12-03 04:11:42.874991360,418.7505,0.0
2022-12-03,22.414654,103.45932,2022-12-03 04:11:42.901987840,419.036,0.0
2022-12-03,22.384066,103.51592,2022-12-03 04:11:43.127011840,418.83493,0.0
2022-12-03,22.407446,103.494774,2022-12-03 04:11:43.181004544,419.2469,0.0
2022-12-03,22.4191,103.48415,2022-12-03 04:11:43.208001024,418.95203,0.0
2022-12-03,22.43073,103.47351,2022-12-03 04:11:43.234997248,416.7835,0.0
2022-12-03,22.442347,103.46284,2022-12-03 04:11:43.261993984,418.8509,0.0
2022-12-03,22.45394,103.45212,2022-12-03 04:11:43.288990208,419.24228,0.0
2022-12-03,22.4001,103.530136,2022-12-03 04:11:43.460021248,418.55136,0.0
2022-12-03,22.623255,103.64446,2022-12-03 04:11:47.235015936,420.60474,0.0
2022-12-20,21.660704,105.00362,2022-12-20 06:47:28.188011520,420.24097,0.0
2022-12-20,21.65736,105.02766,2022-12-20 06:47:28.215007744,420.28964,0.0
2022-12-20,21.6539,105.0519,2022-12-20 06:47:28.242004224,420.68747,0.0
2022-12-20,21.65039,105.07628,2022-12-20 06:47:28.269000448,420.0449,0.0
2022-12-20,21.646692,105.10089,2022-12-20 06:47:28.295997184,419.65552,0.0
2022-12-20,21.643326,105.125374,2022-12-20 06:47:28.322993408,420.12363,0.0
2022-12-20,21.639967,105.149956,2022-12-20 06:47:28.349989888,420.69025,0.0
2022-12-20,21.644308,105.018135,2022-12-20 06:47:28.521020928,420.2632,0.0
2022-12-20,21.640982,105.0422,2022-12-20 06:47:28.548017408,421.15146,0.0
2022-12-20,21.637579,105.066414,2022-12-20 06:47:28.575013888,419.85672,0.0
2022-12-20,21.634184,105.09073,2022-12-20 06:47:28.602010368,420.43552,0.0
2022-12-20,21.630768,105.115135,2022-12-20 06:47:28.629006848,420.39603,0.0
2022-12-20,21.627478,105.139565,2022-12-20 06:47:28.656003328,420.3685,0.0
2022-12-20,21.624113,105.16409,2022-12-20 06:47:28.682999552,420.6128,0.0
2022-12-20,21.63218,105.00775,2022-12-20 06:47:28.827999744,419.16992,0.0
2022-12-20,21.62495,105.056046,2022-12-20 06:47:28.881992704,419.63782,0.0
2022-12-20,21.618044,105.10461,2022-12-20 06:47:28.936025856,420.15796,0.0
2022-12-20,21.607857,105.17812,2022-12-20 06:47:29.017015040,420.75778,0.0
2022-12-20,21.616108,105.021935,2022-12-20 06:47:29.161009664,418.808,0.0
2022-12-20,21.612394,105.04608,2022-12-20 06:47:29.188005888,420.07635,0.0
2022-12-20,21.605425,105.09441,2022-12-20 06:47:29.241998592,419.7092,0.0
2022-12-20,21.602009,105.118706,2022-12-20 06:47:29.268995328,420.33475,0.0
2022-12-20,21.59947,105.1425,2022-12-20 06:47:29.295991552,420.0455,0.0
2022-12-20,21.59528,105.16757,2022-12-20 06:47:29.322988032,420.4848,0.0
2022-12-20,21.599897,105.03638,2022-12-20 06:47:29.494019072,420.23273,0.0
2022-12-20,21.59296,105.08451,2022-12-20 06:47:29.548012032,420.3319,0.0
2022-12-20,21.589676,105.10861,2022-12-20 06:47:29.575008512,421.08624,0.0
2022-12-20,21.582651,105.157364,2022-12-20 06:47:29.629001472,420.15814,0.0
2022-12-20,21.579216,105.181816,2022-12-20 06:47:29.655997696,420.75458,0.0
2022-12-20,21.575865,105.206345,2022-12-20 06:47:29.682994176,420.18436,0.0
2022-12-20,21.583784,105.050476,2022-12-20 06:47:29.827994368,419.69058,0.0
2022-12-20,21.580278,105.07455,2022-12-20 06:47:29.854990848,419.9188,0.0
2022-12-20,21.576782,105.098694,2022-12-20 06:47:29.881987328,421.32748,0.0
2022-12-20,21.573503,105.122795,2022-12-20 06:47:29.909024000,421.115,0.0
2022-12-20,21.566565,105.17158,2022-12-20 06:47:29.963016704,420.8969,0.0
2022-12-20,21.563152,105.19608,2022-12-20 06:47:29.990013184,419.9699,0.0
2022-12-20,21.559908,105.22054,2022-12-20 06:47:30.017009664,420.33124,0.0
2022-12-20,21.567724,105.06459,2022-12-20 06:47:30.161004032,419.70807,0.0
2022-12-20,21.564074,105.08867,2022-12-20 06:47:30.188000512,420.60632,0.0
2022-12-20,21.560703,105.11266,2022-12-20 06:47:30.214996736,421.20615,0.0
2022-12-20,21.557442,105.13668,2022-12-20 06:47:30.241993472,421.01077,0.0
2022-12-20,21.553917,105.16099,2022-12-20 06:47:30.268989696,421.27884,0.0
2022-12-20,21.550838,105.18511,2022-12-20 06:47:30.296026368,420.63965,0.0
2022-12-20,21.54709,105.20981,2022-12-20 06:47:30.323022848,420.86002,0.0
2022-12-20,21.543709,105.23436,2022-12-20 06:47:30.350019328,422.1381,0.0
2022-12-20,21.551693,105.07868,2022-12-20 06:47:30.494013696,420.24884,0.0
2022-12-20,21.548218,105.10274,2022-12-20 06:47:30.521010176,421.0437,0.0
2022-12-20,21.544907,105.126785,2022-12-20 06:47:30.548006656,421.39502,0.0
2022-12-20,21.538177,105.175255,2022-12-20 06:47:30.601999616,420.99713,0.0
2022-12-20,21.534618,105.19978,2022-12-20 06:47:30.628995840,419.3476,0.0
2022-12-20,21.531168,105.22434,2022-12-20 06:47:30.655992320,420.02423,0.0
2022-12-20,21.527706,105.24897,2022-12-20 06:47:30.682988544,421.07364,0.0
2022-12-20,21.535404,105.09321,2022-12-20 06:47:30.827988992,421.07706,0.0
2022-12-20,21.531883,105.11716,2022-12-20 06:47:30.855025664,420.40228,0.0
2022-12-20,21.528555,105.14113,2022-12-20 06:47:30.882022144,420.4641,0.0
2022-12-20,21.518375,105.21388,2022-12-20 06:47:30.963011328,420.8616,0.0
2022-12-20,21.515009,105.23833,2022-12-20 06:47:30.990007808,420.053,0.0
2022-12-20,21.511618,105.26289,2022-12-20 06:47:31.017004288,420.12433,0.0
2022-12-20,21.519426,105.10709,2022-12-20 06:47:31.160998656,420.63052,0.0
2022-12-20,21.51603,105.13099,2022-12-20 06:47:31.187994880,421.74973,0.0
2022-12-20,21.512459,105.155136,2022-12-20 06:47:31.214991616,420.9573,0.0
2022-12-20,21.509155,105.17922,2022-12-20 06:47:31.241987840,421.56708,0.0
2022-12-20,21.502285,105.22793,2022-12-20 06:47:31.296020992,420.68695,0.0
2022-12-20,21.498821,105.25247,2022-12-20 06:47:31.323017472,419.528,0.0
2022-12-20,21.495558,105.27698,2022-12-20 06:47:31.350013952,420.8808,0.0
2022-12-20,21.503609,105.12139,2022-12-20 06:47:31.494008320,420.44772,0.0
2022-12-20,21.500025,105.14546,2022-12-20 06:47:31.521004800,420.59875,0.0
2022-12-20,21.496675,105.16948,2022-12-20 06:47:31.548001280,420.7495,0.0
2022-12-20,21.493622,105.1934,2022-12-20 06:47:31.574997760,422.07135,0.0
2022-12-20,21.486383,105.242256,2022-12-20 06:47:31.628990464,420.8284,0.0
2022-12-20,21.482866,105.26675,2022-12-20 06:47:31.656027136,420.54736,0.0
2022-12-20,21.479532,105.29123,2022-12-20 06:47:31.683023360,420.73438,0.0
2022-12-20,21.483973,105.159454,2022-12-20 06:47:31.855020288,420.96878,0.0
2022-12-20,21.48043,105.18357,2022-12-20 06:47:31.882016768,421.17365,0.0
2022-12-20,21.47014,105.256294,2022-12-20 06:47:31.963005952,420.33337,0.0
2022-12-20,21.466667,105.28078,2022-12-20 06:47:31.990002432,420.1111,0.0
2022-12-20,21.463375,105.30526,2022-12-20 06:47:32.016998656,420.86282,0.0
2022-12-20,21.471355,105.149734,2022-12-20 06:47:32.160993024,421.03116,0.0
2022-12-20,21.468,105.17367,2022-12-20 06:47:32.187989760,420.86142,0.0
2022-12-20,21.464542,105.19775,2022-12-20 06:47:32.215026432,421.7253,0.0
2022-12-20,21.460922,105.222,2022-12-20 06:47:32.242022656,421.50415,0.0
2022-12-20,21.457468,105.246254,2022-12-20 06:47:32.269019136,421.3593,0.0
2022-12-20,21.454039,105.27056,2022-12-20 06:47:32.296015616,420.52664,0.0
2022-12-20,21.450672,105.29494,2022-12-20 06:47:32.323012096,420.61176,0.0
2022-12-20,21.447287,105.319435,2022-12-20 06:47:32.350008576,421.0117,0.0
2022-12-20,21.455214,105.16367,2022-12-20 06:47:32.494002944,420.67392,0.0
2022-12-20,21.448112,105.21179,2022-12-20 06:47:32.547995904,421.27527,0.0
2022-12-20,21.441364,105.26008,2022-12-20 06:47:32.601988608,421.01694,0.0
2022-12-20,21.43799,105.28438,2022-12-20 06:47:32.629025280,420.89618,0.0
2022-12-20,21.434502,105.30887,2022-12-20 06:47:32.656021504,420.0755,0.0
2022-12-20,21.431181,105.33338,2022-12-20 06:47:32.683018240,421.34354,0.0
2022-12-20,21.43951,105.177765,2022-12-20 06:47:32.828018432,420.89926,0.0
2022-12-20,21.432476,105.22593,2022-12-20 06:47:32.882011136,421.64417,0.0
2022-12-20,21.425585,105.27427,2022-12-20 06:47:32.936004096,421.8832,0.0
2022-12-20,21.422268,105.29851,2022-12-20 06:47:32.963000576,420.8817,0.0
2022-12-20,21.41875,105.32299,2022-12-20 06:47:32.989996800,420.29556,0.0
2022-12-20,21.422943,105.191925,2022-12-20 06:47:33.160987904,420.14822,0.0
2022-12-20,21.419247,105.21603,2022-12-20 06:47:33.188024576,420.4659,0.0
2022-12-20,21.415764,105.2401,2022-12-20 06:47:33.215020800,421.97452,0.0
2022-12-20,21.409092,105.28837,2022-12-20 06:47:33.269013760,421.53726,0.0
2022-12-20,21.405712,105.312675,2022-12-20 06:47:33.296010240,420.40228,0.0
2022-12-20,21.40238,105.33706,2022-12-20 06:47:33.323006720,420.73337,0.0
2022-12-20,21.399126,105.36149,2022-12-20 06:47:33.350002944,422.30417,0.0
2022-12-20,21.406908,105.20593,2022-12-20 06:47:33.493997568,420.62662,0.0
2022-12-20,21.403217,105.22999,2022-12-20 06:47:33.520994048,421.37042,0.0
2022-12-20,21.399633,105.254074,2022-12-20 06:47:33.547990272,422.12302,0.0
2022-12-20,21.392689,105.3024,2022-12-20 06:47:33.602023424,422.13165,0.0
2022-12-20,21.389307,105.32671,2022-12-20 06:47:33.629019648,420.88318,0.0
2022-12-20,21.386055,105.351036,2022-12-20 06:47:33.656016384,421.6671,0.0
2022-12-20,21.383816,105.268105,2022-12-20 06:47:33.882005760,421.79715,0.0
2022-12-20,21.380306,105.292274,2022-12-20 06:47:33.909002240,421.75903,0.0
2022-12-20,21.376917,105.31646,2022-12-20 06:47:33.935998720,423.49228,0.0
2022-12-20,21.366451,105.38987,2022-12-20 06:47:34.016988160,421.80664,0.0
2022-12-20,21.375011,105.23398,2022-12-20 06:47:34.161022720,420.48376,0.0
2022-12-20,21.367962,105.28207,2022-12-20 06:47:34.215015424,422.45,0.0
2022-12-20,21.36455,105.30619,2022-12-20 06:47:34.242011904,422.1791,0.0
2022-12-20,21.357716,105.35475,2022-12-20 06:47:34.296004864,421.31924,0.0
2022-12-20,21.354172,105.37928,2022-12-20 06:47:34.323001088,421.42242,0.0
2022-12-20,21.351479,105.29664,2022-12-20 06:47:34.548025088,421.6064,0.0
2022-12-20,21.348001,105.32078,2022-12-20 06:47:34.575021568,422.5222,0.0
2022-12-20,21.341135,105.369255,2022-12-20 06:47:34.629014528,421.9312,0.0
2022-12-20,21.337795,105.393555,2022-12-20 06:47:34.656010752,421.8841,0.0
2022-12-20,21.328438,105.35875,2022-12-20 06:47:34.935993088,421.7264,0.0
2022-12-20,21.321568,105.40742,2022-12-20 06:47:34.990026496,423.61755,0.0
2022-12-20,21.319668,105.3244,2022-12-20 06:47:35.215010048,422.484,0.0
2022-12-20,21.316128,105.34863,2022-12-20 06:47:35.242006528,421.83475,0.0
2022-12-20,21.31265,105.37292,2022-12-20 06:47:35.269003008,423.4358,0.0
2022-12-20,21.290646,105.328865,2022-12-20 06:47:35.854998528,423.66702,0.0
2022-12-20,21.580145,105.34176,2022-12-20 06:47:50.990020096,420.34634,0.0
2022-12-20,21.549065,105.241554,2022-12-20 06:47:51.161010688,420.59842,0.0
2022-12-20,21.55138,105.260345,2022-12-20 06:47:51.188007424,420.60278,0.0
2022-12-20,21.55349,105.27931,2022-12-20 06:47:51.215003648,419.86758,0.0
2022-12-20,21.55581,105.298195,2022-12-20 06:47:51.242000128,419.71893,0.0
2022-12-20,21.558044,105.31716,2022-12-20 06:47:51.268996608,419.99948,0.0
2022-12-20,21.560394,105.336075,2022-12-20 06:47:51.295993088,419.9331,0.0
2022-12-20,21.562897,105.35491,2022-12-20 06:47:51.322989568,420.0224,0.0
2022-12-20,21.56551,105.37372,2022-12-20 06:47:51.349985792,420.5121,0.0
2022-12-20,21.53218,105.25457,2022-12-20 06:47:51.494020352,419.61203,0.0
2022-12-20,21.534452,105.27353,2022-12-20 06:47:51.521017088,419.59726,0.0
2022-12-20,21.539152,105.31144,2022-12-20 06:47:51.575009792,419.84076,0.0
2022-12-20,21.541506,105.33045,2022-12-20 06:47:51.602006272,419.7232,0.0
2022-12-20,21.543987,105.34946,2022-12-20 06:47:51.629002496,419.2316,0.0
2022-12-20,21.546507,105.36848,2022-12-20 06:47:51.655999232,420.29666,0.0
2022-12-20,21.549074,105.3875,2022-12-20 06:47:51.682995456,420.1266,0.0
2022-12-20,21.516087,105.26863,2022-12-20 06:47:51.827995904,419.7284,0.0
2022-12-20,21.518309,105.28759,2022-12-20 06:47:51.854992128,419.31085,0.0
2022-12-20,21.523115,105.32536,2022-12-20 06:47:51.909025280,420.69205,0.0
2022-12-20,21.52542,105.344376,2022-12-20 06:47:51.936021760,419.72668,0.0
2022-12-20,21.527721,105.36343,2022-12-20 06:47:51.963018240,419.39066,0.0
2022-12-20,21.530203,105.3824,2022-12-20 06:47:51.990014464,419.88135,0.0
2022-12-20,21.532934,105.40127,2022-12-20 06:47:52.017011200,419.24167,0.0
2022-12-20,21.49983,105.28242,2022-12-20 06:47:52.161005568,420.65723,0.0
2022-12-20,21.502012,105.301414,2022-12-20 06:47:52.188001792,420.0347,0.0
2022-12-20,21.506842,105.339226,2022-12-20 06:47:52.241994752,421.09613,0.0
2022-12-20,21.509102,105.3583,2022-12-20 06:47:52.268991232,419.31143,0.0
2022-12-20,21.511768,105.37717,2022-12-20 06:47:52.296027904,420.38168,0.0
2022-12-20,21.514528,105.39601,2022-12-20 06:47:52.323024384,420.63513,0.0
2022-12-20,21.483795,105.29664,2022-12-20 06:47:52.494015232,419.64932,0.0
2022-12-20,21.486029,105.315674,2022-12-20 06:47:52.521011712,420.40555,0.0
2022-12-20,21.491663,105.35308,2022-12-20 06:47:52.575004416,422.03195,0.0
2022-12-20,21.49319,105.37269,2022-12-20 06:47:52.602000640,419.82758,0.0
2022-12-20,21.495928,105.391495,2022-12-20 06:47:52.628997376,421.29465,0.0
2022-12-20,21.46783,105.31089,2022-12-20 06:47:52.827990272,420.57135,0.0
2022-12-20,21.472435,105.348816,2022-12-20 06:47:52.882023424,420.90482,0.0
2022-12-20,21.474722,105.36782,2022-12-20 06:47:52.909019904,420.34207,0.0
2022-12-20,21.484568,105.443756,2022-12-20 06:47:53.017005568,422.30127,0.0
2022-12-20,21.451582,105.32479,2022-12-20 06:47:53.160999936,420.18497,0.0
2022-12-20,21.456116,105.36273,2022-12-20 06:47:53.214992896,420.93103,0.0
2022-12-20,21.458435,105.381744,2022-12-20 06:47:53.241989376,419.88922,0.0
2022-12-20,21.460861,105.40073,2022-12-20 06:47:53.269026048,421.60358,0.0
2022-12-20,21.463585,105.41953,2022-12-20 06:47:53.296022528,421.00186,0.0
2022-12-20,21.466719,105.43809,2022-12-20 06:47:53.323018752,421.30493,0.0
2022-12-20,21.46832,105.45775,2022-12-20 06:47:53.350015232,420.21683,0.0
2022-12-20,21.440037,105.37693,2022-12-20 06:47:53.548002560,420.35825,0.0
2022-12-20,21.44238,105.39594,2022-12-20 06:47:53.574998784,420.1045,0.0
2022-12-20,21.444822,105.41493,2022-12-20 06:47:53.601995520,420.76685,0.0
2022-12-20,21.447412,105.43386,2022-12-20 06:47:53.628991744,420.67273,0.0
2022-12-20,21.4524,105.47195,2022-12-20 06:47:53.683024896,422.03665,0.0
2022-12-20,21.421753,105.372086,2022-12-20 06:47:53.855021568,419.6022,0.0
2022-12-20,21.426334,105.41006,2022-12-20 06:47:53.909014528,420.3136,0.0
2022-12-20,21.428793,105.428986,2022-12-20 06:47:53.936010752,420.7835,0.0
2022-12-20,21.436165,105.486015,2022-12-20 06:47:54.017000192,420.56058,0.0
2022-12-20,21.403322,105.36703,2022-12-20 06:47:54.160994560,421.8289,0.0
2022-12-20,21.410086,105.423935,2022-12-20 06:47:54.242024192,420.9058,0.0
2022-12-20,21.412472,105.442894,2022-12-20 06:47:54.269020672,421.18643,0.0
2022-12-20,21.414883,105.46187,2022-12-20 06:47:54.296016896,420.50946,0.0
2022-12-20,21.41736,105.48084,2022-12-20 06:47:54.323013376,420.20978,0.0
2022-12-20,21.419796,105.499886,2022-12-20 06:47:54.350009856,421.3619,0.0
2022-12-20,21.387058,105.38092,2022-12-20 06:47:54.494004224,419.28152,0.0
2022-12-20,21.391584,105.418915,2022-12-20 06:47:54.547996928,421.259,0.0
2022-12-20,21.393944,105.437904,2022-12-20 06:47:54.574993664,421.59177,0.0
2022-12-20,21.396414,105.45686,2022-12-20 06:47:54.601989888,421.52716,0.0
2022-12-20,21.398752,105.47597,2022-12-20 06:47:54.629026560,420.5699,0.0
2022-12-20,21.40127,105.494995,2022-12-20 06:47:54.656023040,421.5102,0.0
2022-12-20,21.4038,105.51403,2022-12-20 06:47:54.683019520,422.44168,0.0
2022-12-20,21.373306,105.4142,2022-12-20 06:47:54.855016192,421.67862,0.0
2022-12-20,21.37562,105.43315,2022-12-20 06:47:54.882012672,420.7183,0.0
2022-12-20,21.377958,105.45212,2022-12-20 06:47:54.909008896,422.37784,0.0
2022-12-20,21.380283,105.47113,2022-12-20 06:47:54.936005632,420.88925,0.0
2022-12-20,21.382689,105.49013,2022-12-20 06:47:54.963001856,421.38135,0.0
2022-12-20,21.385149,105.50913,2022-12-20 06:47:54.989998336,421.33133,0.0
2022-12-20,21.387617,105.52816,2022-12-20 06:47:55.016994816,422.72354,0.0
2022-12-20,21.357222,105.42822,2022-12-20 06:47:55.188025856,421.31302,0.0
2022-12-20,21.361794,105.46618,2022-12-20 06:47:55.242018816,421.15063,0.0
2022-12-20,21.343296,105.461075,2022-12-20 06:47:55.547991808,421.60303,0.0
2022-12-20,21.697762,105.28796,2022-12-20 06:48:10.855009792,419.7638,0.0
2022-12-20,21.711641,105.31754,2022-12-20 06:48:10.909002752,419.0665,0.0
2022-12-20,21.718483,105.33237,2022-12-20 06:48:10.935999232,418.58835,0.0
2022-12-20,21.725464,105.347115,2022-12-20 06:48:10.962995456,419.9204,0.0
2022-12-20,21.732452,105.361855,2022-12-20 06:48:10.989992192,418.0132,0.0
2022-12-20,21.739525,105.376526,2022-12-20 06:48:11.016988416,419.13766,0.0
2022-12-20,21.681793,105.30207,2022-12-20 06:48:11.188019456,418.7212,0.0
2022-12-20,21.688658,105.316895,2022-12-20 06:48:11.215015936,419.52887,0.0
2022-12-20,21.69553,105.3317,2022-12-20 06:48:11.242012416,418.866,0.0
2022-12-20,21.702385,105.34652,2022-12-20 06:48:11.269008896,418.8614,0.0
2022-12-20,21.70935,105.36129,2022-12-20 06:48:11.296005376,418.96954,0.0
2022-12-20,21.716331,105.37604,2022-12-20 06:48:11.323001600,419.4565,0.0
2022-12-20,21.723358,105.390755,2022-12-20 06:48:11.349998080,418.156,0.0
2022-12-20,21.642767,105.31553,2022-12-20 06:48:11.828007936,418.14456,0.0
2022-12-20,21.656425,105.34521,2022-12-20 06:48:11.882000896,420.01645,0.0
2022-12-20,21.691246,105.41893,2022-12-20 06:48:12.017023232,418.58197,0.0
2022-12-20,21.633638,105.344536,2022-12-20 06:48:12.188014080,420.90823,0.0
2022-12-20,21.654243,105.388985,2022-12-20 06:48:12.269003264,418.4746,0.0
2022-12-20,21.661171,105.40374,2022-12-20 06:48:12.295999744,420.13562,0.0
2022-12-20,21.668102,105.4185,2022-12-20 06:48:12.322996224,419.36075,0.0
2022-12-20,21.675087,105.43322,2022-12-20 06:48:12.349992704,419.83875,0.0
2022-12-20,21.624416,105.373505,2022-12-20 06:48:12.548020224,418.8234,0.0
2022-12-20,21.645033,105.41788,2022-12-20 06:48:12.629009408,418.77554,0.0
2022-12-20,21.652079,105.432556,2022-12-20 06:48:12.656005888,419.4882,0.0
2022-12-20,21.659029,105.44726,2022-12-20 06:48:12.683002368,416.83096,0.0
2022-12-20,21.59484,105.357666,2022-12-20 06:48:12.828002560,419.84686,0.0
2022-12-20,21.608109,105.38747,2022-12-20 06:48:12.881995520,420.18118,0.0
2022-12-20,21.615034,105.40227,2022-12-20 06:48:12.908991744,418.39404,0.0
2022-12-20,21.621878,105.4171,2022-12-20 06:48:12.935988480,418.60797,0.0
2022-12-20,21.62884,105.43186,2022-12-20 06:48:12.963025152,420.32724,0.0
2022-12-20,21.636194,105.44638,2022-12-20 06:48:12.990021376,419.44272,0.0
2022-12-20,21.643564,105.46085,2022-12-20 06:48:13.017017856,418.99542,0.0
2022-12-20,21.57867,105.37194,2022-12-20 06:48:13.161012224,418.90356,0.0
2022-12-20,21.598911,105.41651,2022-12-20 06:48:13.242001408,418.4426,0.0
2022-12-20,21.605822,105.43129,2022-12-20 06:48:13.268997888,419.39508,0.0
2022-12-20,21.612774,105.44605,2022-12-20 06:48:13.295994368,421.25378,0.0
2022-12-20,21.569368,105.40091,2022-12-20 06:48:13.521018368,419.68347,0.0
2022-12-20,21.576578,105.41552,2022-12-20 06:48:13.548014592,420.75665,0.0
2022-12-20,21.58286,105.43055,2022-12-20 06:48:13.575011328,420.9975,0.0
2022-12-20,21.589642,105.44535,2022-12-20 06:48:13.602007552,419.75818,0.0
2022-12-20,21.596596,105.460075,2022-12-20 06:48:13.629004032,419.90918,0.0
2022-12-20,21.546146,105.40023,2022-12-20 06:48:13.827997184,419.01968,0.0
2022-12-20,21.552994,105.41508,2022-12-20 06:48:13.854993664,418.67987,0.0
2022-12-20,21.560055,105.42981,2022-12-20 06:48:13.881989888,419.03934,0.0
2022-12-20,21.566936,105.44459,2022-12-20 06:48:13.909026560,421.12573,0.0
2022-12-20,21.580532,105.47423,2022-12-20 06:48:13.963019520,420.28305,0.0
2022-12-20,21.530066,105.41435,2022-12-20 06:48:14.161006848,419.83627,0.0
2022-12-20,21.536865,105.42921,2022-12-20 06:48:14.188003328,418.34894,0.0
2022-12-20,21.543713,105.44404,2022-12-20 06:48:14.214999552,420.39386,0.0
2022-12-20,21.550575,105.458855,2022-12-20 06:48:14.241996032,420.37778,0.0
2022-12-20,21.557468,105.47364,2022-12-20 06:48:14.268992512,419.04004,0.0
2022-12-20,21.564415,105.48836,2022-12-20 06:48:14.295988992,419.92667,0.0
2022-12-20,21.513891,105.42834,2022-12-20 06:48:14.494016512,419.65887,0.0
2022-12-20,21.520746,105.44316,2022-12-20 06:48:14.521012736,419.07724,0.0
2022-12-20,21.527548,105.45801,2022-12-20 06:48:14.548009472,419.2804,0.0
2022-12-20,21.534393,105.47282,2022-12-20 06:48:14.575005696,420.2568,0.0
2022-12-20,21.541298,105.487595,2022-12-20 06:48:14.602002176,419.67545,0.0
2022-12-20,21.548254,105.502335,2022-12-20 06:48:14.628998656,420.82217,0.0
2022-12-20,21.497705,105.44238,2022-12-20 06:48:14.827991808,419.7013,0.0
2022-12-20,21.504498,105.457214,2022-12-20 06:48:14.854988032,420.5679,0.0
2022-12-20,21.511395,105.47201,2022-12-20 06:48:14.882024704,420.39462,0.0
2022-12-20,21.518227,105.48683,2022-12-20 06:48:14.909021440,418.93262,0.0
2022-12-20,21.525112,105.501625,2022-12-20 06:48:14.936017664,420.1012,0.0
2022-12-20,21.532139,105.51633,2022-12-20 06:48:14.963014144,420.26703,0.0
2022-12-20,21.539093,105.53107,2022-12-20 06:48:14.990010624,420.72348,0.0
2022-12-20,21.481646,105.45646,2022-12-20 06:48:15.161001472,418.9452,0.0
2022-12-20,21.4884,105.471306,2022-12-20 06:48:15.187997696,418.8328,0.0
2022-12-20,21.495226,105.486115,2022-12-20 06:48:15.214994176,419.80807,0.0
2022-12-20,21.502089,105.5009,2022-12-20 06:48:15.241990656,420.33768,0.0
2022-12-20,21.516008,105.53038,2022-12-20 06:48:15.296023808,421.2093,0.0
2022-12-20,21.465534,105.47061,2022-12-20 06:48:15.494010880,420.7706,0.0
2022-12-20,21.47232,105.48544,2022-12-20 06:48:15.521007616,420.54395,0.0
2022-12-20,21.47921,105.50022,2022-12-20 06:48:15.548003840,420.246,0.0
2022-12-20,21.485994,105.51504,2022-12-20 06:48:15.575000320,420.26508,0.0
2022-12-20,21.492895,105.52979,2022-12-20 06:48:15.601996800,421.14117,0.0
2022-12-20,21.49982,105.54452,2022-12-20 06:48:15.628993280,420.44437,0.0
2022-12-20,21.449425,105.48461,2022-12-20 06:48:15.828026624,421.49457,0.0
2022-12-20,21.456171,105.499466,2022-12-20 06:48:15.855022848,419.36447,0.0
2022-12-20,21.463001,105.51426,2022-12-20 06:48:15.882019584,420.30304,0.0
2022-12-20,21.433147,105.49855,2022-12-20 06:48:16.160995840,420.2411,0.0
2022-12-20,21.446796,105.528206,2022-12-20 06:48:16.214988800,419.9798,0.0
2022-12-20,21.453663,105.54301,2022-12-20 06:48:16.242025472,421.25482,0.0
2022-12-20,21.46068,105.55772,2022-12-20 06:48:16.269021952,421.28293,0.0
2022-12-20,21.417038,105.51273,2022-12-20 06:48:16.494005760,420.39337,0.0
2022-12-20,21.423843,105.52754,2022-12-20 06:48:16.521001984,420.53485,0.0
2022-12-20,21.430687,105.54233,2022-12-20 06:48:16.547998464,420.9523,0.0
2022-12-20,21.437551,105.5571,2022-12-20 06:48:16.574994944,420.8729,0.0
2022-12-20,21.444431,105.571846,2022-12-20 06:48:16.601991424,421.24728,0.0
2022-12-20,21.451368,105.58656,2022-12-20 06:48:16.628987904,421.41803,0.0
2022-12-20,21.400894,105.52673,2022-12-20 06:48:16.828020992,421.67807,0.0
2022-12-20,21.407728,105.54155,2022-12-20 06:48:16.855017728,420.50897,0.0
2022-12-20,21.421425,105.57113,2022-12-20 06:48:16.909010432,420.106,0.0
2022-12-20,21.428305,105.58589,2022-12-20 06:48:16.936006912,420.79977,0.0
2022-12-20,21.435232,105.600624,2022-12-20 06:48:16.963003136,422.63904,0.0
2022-12-20,21.384714,105.54073,2022-12-20 06:48:17.160990464,421.06473,0.0
2022-12-20,22.76422,104.490524,2022-12-20 06:48:38.494007040,417.7006,0.0
2022-12-20,22.749,104.50407,2022-12-20 06:48:38.828022528,416.41412,0.0
2022-12-20,22.76583,104.50986,2022-12-20 06:48:38.855018752,416.79718,0.0
2022-12-20,22.749786,104.52413,2022-12-20 06:48:39.187988224,420.2061,0.0
2022-12-20,22.816542,104.59006,2022-12-20 06:48:40.350001920,417.5473,0.0
2022-12-20,22.685886,104.685295,2022-12-20 06:48:42.656004096,415.94754,0.0
2022-12-20,22.704506,104.68975,2022-12-20 06:48:42.683000576,417.73993,0.0
2022-12-20,22.55979,104.67226,2022-12-20 06:48:42.828000768,416.93466,0.0
2022-12-20,22.61401,104.686455,2022-12-20 06:48:42.908990208,418.9691,0.0
2022-12-20,22.633364,104.69012,2022-12-20 06:48:42.936026880,419.14417,0.0
2022-12-20,22.650597,104.69571,2022-12-20 06:48:42.963023104,416.298,0.0
2022-12-20,22.670252,104.69922,2022-12-20 06:48:42.990019584,417.4281,0.0
2022-12-20,22.687698,104.70468,2022-12-20 06:48:43.017015808,417.12054,0.0
2022-12-20,22.544733,104.685555,2022-12-20 06:48:43.161010432,417.8455,0.0
2022-12-20,22.562836,104.69022,2022-12-20 06:48:43.188006912,418.7205,0.0
2022-12-20,22.635458,104.70912,2022-12-20 06:48:43.295992576,418.71207,0.0
2022-12-20,22.653261,104.71425,2022-12-20 06:48:43.322989056,418.10916,0.0
2022-12-20,22.67134,104.71916,2022-12-20 06:48:43.349985536,418.32526,0.0
2022-12-20,22.54607,104.70513,2022-12-20 06:48:43.521016576,418.5174,0.0
2022-12-20,22.581205,104.715546,2022-12-20 06:48:43.575009280,417.9738,0.0
2022-12-20,22.599562,104.72009,2022-12-20 06:48:43.602006016,416.5679,0.0
2022-12-20,22.636667,104.72896,2022-12-20 06:48:43.655998720,417.53497,0.0
2022-12-20,22.585045,104.732956,2022-12-20 06:48:43.936021248,416.7541,0.0
2022-12-20,22.621687,104.742256,2022-12-20 06:48:43.990013952,417.76166,0.0
2022-12-20,22.569735,104.746475,2022-12-20 06:48:44.268990720,418.5809,0.0
2022-12-20,22.587528,104.75159,2022-12-20 06:48:44.296027392,419.34613,0.0
2022-12-20,22.48086,104.74212,2022-12-20 06:48:44.494014720,419.00546,0.0
2022-12-20,22.535051,104.75644,2022-12-20 06:48:44.575004160,417.68997,0.0
2022-12-20,22.552643,104.761696,2022-12-20 06:48:44.602000384,419.48224,0.0
2022-12-20,22.50458,104.80437,2022-12-20 06:48:45.601995008,418.07843,0.0
2022-12-20,22.450256,104.81086,2022-12-20 06:48:45.882017536,419.77017,0.0
2022-12-20,22.508493,104.82175,2022-12-20 06:48:45.963006976,417.71066,0.0
2022-12-20,22.526552,104.82667,2022-12-20 06:48:45.990003456,415.99615,0.0
2022-12-20,22.402302,104.81166,2022-12-20 06:48:46.160994048,418.848,0.0
2022-12-20,22.420315,104.81645,2022-12-20 06:48:46.187990784,417.9053,0.0
2022-12-20,22.529144,104.8453,2022-12-20 06:48:46.350009344,417.79324,0.0
2022-12-20,22.404316,104.830605,2022-12-20 06:48:46.521000448,417.99783,0.0
2022-12-20,22.495308,104.854324,2022-12-20 06:48:46.656022528,419.0915,0.0
2022-12-20,22.512974,104.859634,2022-12-20 06:48:46.683019264,417.99866,0.0
2022-12-20,22.37028,104.84002,2022-12-20 06:48:46.828019456,417.85208,0.0
2022-12-20,22.442858,104.85895,2022-12-20 06:48:46.936005120,418.66406,0.0
2022-12-20,22.461128,104.86366,2022-12-20 06:48:46.963001600,418.07034,0.0
2022-12-20,22.479734,104.86812,2022-12-20 06:48:46.989997824,418.53528,0.0
2022-12-20,22.49827,104.87268,2022-12-20 06:48:47.016994560,418.61362,0.0
2022-12-20,22.408226,104.86874,2022-12-20 06:48:47.242018304,418.43948,0.0
2022-12-20,22.444954,104.87798,2022-12-20 06:48:47.296011264,419.0824,0.0
2022-12-20,22.463657,104.88237,2022-12-20 06:48:47.323007488,418.67572,0.0
2022-12-20,22.482107,104.88702,2022-12-20 06:48:47.350003968,417.88626,0.0
2022-12-20,22.355675,104.87371,2022-12-20 06:48:47.520994816,418.37457,0.0
2022-12-20,22.374313,104.87798,2022-12-20 06:48:47.547991296,418.27988,0.0
2022-12-20,22.392527,104.88268,2022-12-20 06:48:47.574987776,418.6693,0.0
2022-12-20,22.449839,104.915565,2022-12-20 06:48:48.016988928,417.3597,0.0
2022-12-20,22.30579,104.89701,2022-12-20 06:48:48.161023744,418.20578,0.0
2022-12-20,22.323956,104.901665,2022-12-20 06:48:48.188019968,417.64926,0.0
2022-12-20,22.360138,104.91124,2022-12-20 06:48:48.242012928,418.9654,0.0
2022-12-20,22.378422,104.91592,2022-12-20 06:48:48.269009408,418.3134,0.0
2022-12-20,22.396812,104.92053,2022-12-20 06:48:48.296005632,418.32596,0.0
2022-12-20,22.36251,104.92997,2022-12-20 06:48:48.602018816,419.80984,0.0
2022-12-20,22.273365,104.92559,2022-12-20 06:48:48.828008448,417.71765,0.0
2022-12-20,22.327116,104.940346,2022-12-20 06:48:48.908997888,418.64453,0.0
2022-12-20,22.346403,104.98588,2022-12-20 06:48:49.656006400,417.8117,0.0
2022-12-20,22.364882,104.99045,2022-12-20 06:48:49.683002880,417.97748,0.0
2022-12-20,22.257896,104.98074,2022-12-20 06:48:49.881996032,419.11624,0.0
2022-12-20,22.295044,104.98947,2022-12-20 06:48:49.935988992,420.0515,0.0
2022-12-20,22.3116,104.99567,2022-12-20 06:48:49.963025664,418.90485,0.0
2022-12-20,22.33156,104.998924,2022-12-20 06:48:49.990021888,417.7561,0.0
2022-12-20,22.34898,105.00442,2022-12-20 06:48:50.017018368,418.47238,0.0
2022-12-20,22.259245,105.000336,2022-12-20 06:48:50.242001920,419.60376,0.0
2022-12-20,22.29652,105.00903,2022-12-20 06:48:50.295994880,416.759,0.0
2022-12-20,22.316265,105.01249,2022-12-20 06:48:50.322991360,418.03928,0.0
2022-12-20,22.24331,105.014366,2022-12-20 06:48:50.575011840,416.94174,0.0
2022-12-20,22.261246,105.0193,2022-12-20 06:48:50.602008064,418.0841,0.0
2022-12-20,22.280497,105.02312,2022-12-20 06:48:50.629004544,418.77554,0.0
2022-12-20,22.300116,105.02668,2022-12-20 06:48:50.656001024,417.83328,0.0
2022-12-20,22.318817,105.03109,2022-12-20 06:48:50.682997504,418.27164,0.0
2022-12-20,22.192705,105.01747,2022-12-20 06:48:50.854994176,417.49673,0.0
2022-12-20,22.246212,105.03252,2022-12-20 06:48:50.936023808,417.8473,0.0
2022-12-20,22.264723,105.03701,2022-12-20 06:48:50.963020032,416.83725,0.0
2022-12-20,22.284035,105.04085,2022-12-20 06:48:50.990016512,418.77798,0.0
2022-12-20,22.302792,105.04522,2022-12-20 06:48:51.017012736,418.16327,0.0
2022-12-20,22.215025,105.03916,2022-12-20 06:48:51.241996544,419.37088,0.0
2022-12-20,22.251083,105.048996,2022-12-20 06:48:51.295989504,418.086,0.0
2022-12-20,22.268879,105.05417,2022-12-20 06:48:51.323026176,417.61087,0.0
2022-12-20,22.288116,105.05814,2022-12-20 06:48:51.350022656,416.54373,0.0
2022-12-20,22.180372,105.048965,2022-12-20 06:48:51.548009984,418.45453,0.0
2022-12-20,22.272322,105.0721,2022-12-20 06:48:51.682991872,418.05716,0.0
2022-12-20,22.144947,105.05955,2022-12-20 06:48:51.854988544,419.70905,0.0
2022-12-20,22.112175,105.06767,2022-12-20 06:48:52.161001984,417.9729,0.0
2022-12-20,22.12989,105.072754,2022-12-20 06:48:52.187998208,418.19116,0.0
2022-12-20,22.095829,105.08211,2022-12-20 06:48:52.494011392,418.31018,0.0
2022-12-20,22.114088,105.086685,2022-12-20 06:48:52.521008128,418.7254,0.0
2022-12-20,22.13256,105.09112,2022-12-20 06:48:52.548004352,418.25134,0.0
2022-12-20,22.150476,105.09609,2022-12-20 06:48:52.575000832,418.39188,0.0
2022-12-20,22.098248,105.10059,2022-12-20 06:48:52.855023360,418.67236,0.0
2022-12-20,22.081615,105.115204,2022-12-20 06:48:53.187992832,418.80087,0.0
2022-12-20,22.15304,105.13534,2022-12-20 06:48:53.296018944,418.57703,0.0
2022-12-20,22.11943,105.1441,2022-12-20 06:48:53.601991936,417.86386,0.0
2022-12-20,22.049181,105.14363,2022-12-20 06:48:53.855018240,419.3551,0.0
2022-12-20,22.085041,105.1535,2022-12-20 06:48:53.909010944,419.30237,0.0
2022-12-20,22.103193,105.158295,2022-12-20 06:48:53.936007168,418.65967,0.0
2022-12-20,22.015865,105.1522,2022-12-20 06:48:54.160990976,419.27393,0.0
2022-12-20,22.034195,105.15672,2022-12-20 06:48:54.187987200,419.0492,0.0
2022-12-20,22.088467,105.17119,2022-12-20 06:48:54.269017088,418.88098,0.0
2022-12-20,22.124783,105.180916,2022-12-20 06:48:54.323010048,419.05713,0.0
2022-12-20,21.999205,105.166885,2022-12-20 06:48:54.494000640,419.2706,0.0
2022-12-20,22.034512,105.177185,2022-12-20 06:48:54.547993600,421.49985,0.0
2022-12-20,22.072376,105.18535,2022-12-20 06:48:54.602026752,420.02094,0.0
2022-12-20,22.090755,105.18999,2022-12-20 06:48:54.629022976,418.97565,0.0
2022-12-20,22.10912,105.19469,2022-12-20 06:48:54.656019456,419.5871,0.0
2022-12-20,22.126844,105.19997,2022-12-20 06:48:54.683015936,417.80652,0.0
2022-12-20,21.98359,105.180565,2022-12-20 06:48:54.828016384,418.9484,0.0
2022-12-20,22.00088,105.18604,2022-12-20 06:48:54.855012608,419.55756,0.0
2022-12-20,22.019464,105.19038,2022-12-20 06:48:54.882009088,418.64374,0.0
2022-12-20,22.038004,105.19479,2022-12-20 06:48:54.909005312,418.11798,0.0
2022-12-20,22.110909,105.21397,2022-12-20 06:48:55.016991232,418.36246,0.0
2022-12-20,21.96711,105.19501,2022-12-20 06:48:55.161025792,420.06467,0.0
2022-12-20,21.985226,105.19974,2022-12-20 06:48:55.188022016,419.40005,0.0
2022-12-20,22.003548,105.20431,2022-12-20 06:48:55.215018752,419.01846,0.0
2022-12-20,22.021866,105.20893,2022-12-20 06:48:55.242015232,419.4238,0.0
2022-12-20,22.03943,105.214264,2022-12-20 06:48:55.269011456,419.38025,0.0
2022-12-20,22.07647,105.223335,2022-12-20 06:48:55.323004416,418.1953,0.0
2022-12-20,22.094791,105.2281,2022-12-20 06:48:55.350000896,418.70428,0.0
2022-12-20,21.95153,105.20864,2022-12-20 06:48:55.493995264,419.59433,0.0
2022-12-20,22.00594,105.2229,2022-12-20 06:48:55.575024896,418.4167,0.0
2022-12-20,22.024038,105.22776,2022-12-20 06:48:55.602021120,419.81967,0.0
2022-12-20,22.041718,105.233025,2022-12-20 06:48:55.629017600,420.13788,0.0
2022-12-20,22.060041,105.23776,2022-12-20 06:48:55.656014080,418.00348,0.0
2022-12-20,22.079054,105.24194,2022-12-20 06:48:55.683010560,418.11652,0.0
2022-12-20,21.93538,105.22279,2022-12-20 06:48:55.828010752,419.8065,0.0
2022-12-20,21.953547,105.22748,2022-12-20 06:48:55.855007232,419.52463,0.0
2022-12-20,21.989454,105.23735,2022-12-20 06:48:55.908999936,420.274,0.0
2022-12-20,22.062017,105.25686,2022-12-20 06:48:56.016985856,418.80627,0.0
2022-12-20,21.918802,105.23735,2022-12-20 06:48:56.161020160,420.13632,0.0
2022-12-20,21.937202,105.24181,2022-12-20 06:48:56.188016896,419.658,0.0
2022-12-20,21.971828,105.2528,2022-12-20 06:48:56.242009600,420.0085,0.0
2022-12-20,21.991259,105.25647,2022-12-20 06:48:56.269006336,419.08102,0.0
2022-12-20,22.01006,105.26076,2022-12-20 06:48:56.296002560,418.52905,0.0
2022-12-20,22.028576,105.265335,2022-12-20 06:48:56.322999040,418.5475,0.0
2022-12-20,22.047283,105.26979,2022-12-20 06:48:56.349995264,418.97763,0.0
2022-12-20,21.920124,105.25682,2022-12-20 06:48:56.521026560,421.2652,0.0
2022-12-20,21.939009,105.260895,2022-12-20 06:48:56.548023040,419.71887,0.0
2022-12-20,21.956636,105.26613,2022-12-20 06:48:56.575019264,419.483,0.0
2022-12-20,21.9749,105.270836,2022-12-20 06:48:56.602015744,419.60913,0.0
2022-12-20,22.030752,105.284294,2022-12-20 06:48:56.683005184,419.8384,0.0
2022-12-20,21.903585,105.27135,2022-12-20 06:48:56.855001600,419.21304,0.0
2022-12-20,21.92228,105.27558,2022-12-20 06:48:56.881998080,419.38565,0.0
2022-12-20,21.940594,105.2802,2022-12-20 06:48:56.908994560,419.03024,0.0
2022-12-20,21.959509,105.28433,2022-12-20 06:48:56.935991040,418.65506,0.0
2022-12-20,21.976795,105.28993,2022-12-20 06:48:56.963027712,419.8913,0.0
2022-12-20,22.013763,105.29914,2022-12-20 06:48:57.017020672,418.959,0.0
2022-12-20,21.888145,105.28481,2022-12-20 06:48:57.188011520,420.30173,0.0
2022-12-20,21.906767,105.28912,2022-12-20 06:48:57.215007744,418.4522,0.0
2022-12-20,21.92407,105.294655,2022-12-20 06:48:57.242004480,419.86804,0.0
2022-12-20,21.961214,105.30358,2022-12-20 06:48:57.295997184,418.5101,0.0
2022-12-20,21.979256,105.308556,2022-12-20 06:48:57.322993408,418.64072,0.0
2022-12-20,21.998175,105.31283,2022-12-20 06:48:57.349989888,418.96204,0.0
2022-12-20,21.871838,105.299095,2022-12-20 06:48:57.521021184,420.4561,0.0
2022-12-20,21.889524,105.304245,2022-12-20 06:48:57.548017408,419.86298,0.0
2022-12-20,21.9261,105.313576,2022-12-20 06:48:57.602010368,418.36688,0.0
2022-12-20,21.944317,105.31836,2022-12-20 06:48:57.629006848,418.52692,0.0
2022-12-20,21.963121,105.32268,2022-12-20 06:48:57.656003328,420.20456,0.0
2022-12-20,21.981373,105.3275,2022-12-20 06:48:57.682999552,417.34735,0.0
2022-12-20,21.838135,105.30793,2022-12-20 06:48:57.827999744,419.5357,0.0
2022-12-20,21.873474,105.31822,2022-12-20 06:48:57.881992704,418.38086,0.0
2022-12-20,21.89111,105.32344,2022-12-20 06:48:57.908989184,420.043,0.0
2022-12-20,21.909494,105.32803,2022-12-20 06:48:57.936025856,419.86652,0.0
2022-12-20,21.964867,105.341866,2022-12-20 06:48:58.017015296,416.84985,0.0
2022-12-20,21.820704,105.323166,2022-12-20 06:48:58.161009664,420.16846,0.0
2022-12-20,21.839432,105.327324,2022-12-20 06:48:58.188005888,419.17258,0.0
2022-12-20,21.857418,105.3322,2022-12-20 06:48:58.215002624,418.34094,0.0
2022-12-20,21.875679,105.33686,2022-12-20 06:48:58.241998848,420.17883,0.0
2022-12-20,21.894104,105.34142,2022-12-20 06:48:58.268995328,418.65768,0.0
2022-12-20,21.911991,105.346504,2022-12-20 06:48:58.295991552,418.73398,0.0
2022-12-20,21.929504,105.35193,2022-12-20 06:48:58.323028224,417.87268,0.0
2022-12-20,21.948435,105.35618,2022-12-20 06:48:58.350024704,419.0988,0.0
2022-12-20,21.823322,105.34139,2022-12-20 06:48:58.521015552,419.84283,0.0
2022-12-20,21.841263,105.34631,2022-12-20 06:48:58.548012032,418.72192,0.0
2022-12-20,21.878101,105.355415,2022-12-20 06:48:58.602004992,419.2877,0.0
2022-12-20,21.913157,105.36621,2022-12-20 06:48:58.655997696,419.7958,0.0
2022-12-20,21.788933,105.35087,2022-12-20 06:48:58.827994368,419.00308,0.0
2022-12-20,21.807585,105.35511,2022-12-20 06:48:58.854990848,418.3413,0.0
2022-12-20,21.843666,105.36484,2022-12-20 06:48:58.909024000,418.55493,0.0
2022-12-20,21.861784,105.3697,2022-12-20 06:48:58.936020480,419.83585,0.0
2022-12-20,21.880157,105.37436,2022-12-20 06:48:58.963016960,418.19995,0.0
2022-12-20,21.897774,105.379715,2022-12-20 06:48:58.990013440,419.87747,0.0
2022-12-20,21.790743,105.3699,2022-12-20 06:48:59.188000768,419.7729,0.0
2022-12-20,21.827785,105.378746,2022-12-20 06:48:59.241993472,419.456,0.0
2022-12-20,21.845665,105.38379,2022-12-20 06:48:59.268989696,420.39984,0.0
2022-12-20,21.86327,105.38912,2022-12-20 06:48:59.296026368,418.13882,0.0
2022-12-20,21.88273,105.39288,2022-12-20 06:48:59.323022848,418.9676,0.0
2022-12-20,21.757349,105.3785,2022-12-20 06:48:59.494013696,418.24994,0.0
2022-12-20,21.811377,105.3931,2022-12-20 06:48:59.575003136,419.76556,0.0
2022-12-20,21.829725,105.39773,2022-12-20 06:48:59.601999616,418.72998,0.0
2022-12-20,21.84808,105.402405,2022-12-20 06:48:59.628995840,418.95486,0.0
2022-12-20,21.866507,105.40705,2022-12-20 06:48:59.655992576,418.39566,0.0
2022-12-20,21.88514,105.41157,2022-12-20 06:48:59.682988800,419.43427,0.0
2022-12-20,21.74144,105.392334,2022-12-20 06:48:59.827988992,418.27493,0.0
2022-12-20,21.759556,105.39707,2022-12-20 06:48:59.855025664,418.83426,0.0
2022-12-20,21.77772,105.40181,2022-12-20 06:48:59.882022144,418.314,0.0
2022-12-20,21.79539,105.40703,2022-12-20 06:48:59.909018624,418.36768,0.0
2022-12-20,21.812836,105.41247,2022-12-20 06:48:59.936015104,419.19333,0.0
2022-12-20,21.83192,105.41651,2022-12-20 06:48:59.963011584,418.20145,0.0
2022-12-20,21.8506,105.42095,2022-12-20 06:48:59.990007808,419.01266,0.0
2022-12-20,21.869122,105.425575,2022-12-20 06:49:00.017004288,418.1546,0.0
2022-12-20,21.72539,105.40637,2022-12-20 06:49:00.160998912,419.37988,0.0
2022-12-20,21.743565,105.41106,2022-12-20 06:49:00.187995136,418.4414,0.0
2022-12-20,21.76152,105.415985,2022-12-20 06:49:00.214991616,418.35385,0.0
2022-12-20,21.77975,105.4207,2022-12-20 06:49:00.241987840,418.99612,0.0
2022-12-20,21.797972,105.42546,2022-12-20 06:49:00.269024512,419.9443,0.0
2022-12-20,21.816204,105.43026,2022-12-20 06:49:00.296020992,419.06842,0.0
2022-12-20,21.834793,105.434784,2022-12-20 06:49:00.323017472,418.88974,0.0
2022-12-20,21.85329,105.43943,2022-12-20 06:49:00.350013952,419.4134,0.0
2022-12-20,21.709383,105.42036,2022-12-20 06:49:00.494008320,418.76913,0.0
2022-12-20,21.727148,105.42542,2022-12-20 06:49:00.521004800,420.06253,0.0
2022-12-20,21.745285,105.43018,2022-12-20 06:49:00.548001280,419.54706,0.0
2022-12-20,21.763145,105.435234,2022-12-20 06:49:00.574997760,418.63556,0.0
2022-12-20,21.800205,105.44427,2022-12-20 06:49:00.628990720,419.37228,0.0
2022-12-20,21.818596,105.44896,2022-12-20 06:49:00.655986944,418.30573,0.0
2022-12-20,21.83698,105.453705,2022-12-20 06:49:00.683023616,418.801,0.0
2022-12-20,21.692854,105.43482,2022-12-20 06:49:00.828023808,419.4993,0.0
2022-12-20,21.710546,105.43994,2022-12-20 06:49:00.855020288,418.14233,0.0
2022-12-20,21.729109,105.44431,2022-12-20 06:49:00.882016768,418.43503,0.0
2022-12-20,21.747448,105.44894,2022-12-20 06:49:00.909013248,419.29425,0.0
2022-12-20,21.7654,105.45393,2022-12-20 06:49:00.936009728,419.1657,0.0
2022-12-20,21.802273,105.463196,2022-12-20 06:49:00.990002432,418.9128,0.0
2022-12-20,21.820763,105.467834,2022-12-20 06:49:01.016998656,418.84802,0.0
2022-12-20,21.676687,105.44892,2022-12-20 06:49:01.160993280,419.53888,0.0
2022-12-20,21.694725,105.453735,2022-12-20 06:49:01.187989760,420.09506,0.0
2022-12-20,21.730871,105.463425,2022-12-20 06:49:01.242022656,419.0827,0.0
2022-12-20,21.749563,105.46778,2022-12-20 06:49:01.269019136,419.61713,0.0
2022-12-20,21.76785,105.47253,2022-12-20 06:49:01.296015616,419.3174,0.0
2022-12-20,21.786005,105.47742,2022-12-20 06:49:01.323012096,419.7648,0.0
2022-12-20,21.803093,105.483246,2022-12-20 06:49:01.350008576,418.12802,0.0
2022-12-20,21.678595,105.467804,2022-12-20 06:49:01.520999424,418.53207,0.0
2022-12-20,21.696526,105.472755,2022-12-20 06:49:01.547995904,419.9058,0.0
2022-12-20,21.714924,105.47732,2022-12-20 06:49:01.574992128,419.45248,0.0
2022-12-20,21.750826,105.48736,2022-12-20 06:49:01.629025536,419.7309,0.0
2022-12-20,21.76914,105.49211,2022-12-20 06:49:01.656021760,420.08203,0.0
2022-12-20,21.680311,105.48687,2022-12-20 06:49:01.882011392,420.56647,0.0
2022-12-20,21.698792,105.491356,2022-12-20 06:49:01.909007872,419.6163,0.0
2022-12-20,21.71671,105.49638,2022-12-20 06:49:01.936004096,419.7165,0.0
2022-12-20,21.751453,105.507454,2022-12-20 06:49:01.989996800,420.08163,0.0
2022-12-20,21.682447,105.505516,2022-12-20 06:49:02.242017280,419.01407,0.0
2022-12-20,21.666513,105.51934,2022-12-20 06:49:02.575026944,419.9832,0.0
2022-12-20,21.68493,105.52393,2022-12-20 06:49:02.602023680,420.4187,0.0
2022-12-20,21.74016,105.537964,2022-12-20 06:49:02.683012608,418.7121,0.0
2022-12-20,21.687128,105.54266,2022-12-20 06:49:02.962994944,419.44934,0.0
2022-12-20,21.705486,105.5474,2022-12-20 06:49:02.989991680,419.29092,0.0
2022-12-20,21.723942,105.552086,2022-12-20 06:49:03.016988160,419.0418,0.0
2022-12-20,21.614374,105.5441,2022-12-20 06:49:03.215015424,421.029,0.0
2022-12-20,21.634106,105.54746,2022-12-20 06:49:03.242011904,419.55505,0.0
2022-12-20,21.652393,105.55217,2022-12-20 06:49:03.269008384,419.84305,0.0
2022-12-20,21.67079,105.55682,2022-12-20 06:49:03.296004864,419.3822,0.0
2022-12-20,21.689354,105.561386,2022-12-20 06:49:03.323001344,418.21805,0.0
2022-12-20,21.617743,105.56172,2022-12-20 06:49:03.575021824,418.98074,0.0
2022-12-20,21.636269,105.56622,2022-12-20 06:49:03.602018048,419.8276,0.0
2022-12-20,21.654736,105.570816,2022-12-20 06:49:03.629014528,419.3575,0.0
2022-12-20,21.673254,105.57541,2022-12-20 06:49:03.656010752,419.7098,0.0
2022-12-20,21.691578,105.5802,2022-12-20 06:49:03.683007232,419.0147,0.0
2022-12-20,21.619745,105.580605,2022-12-20 06:49:03.935993088,419.74747,0.0
2022-12-20,21.638483,105.58498,2022-12-20 06:49:03.962989824,418.67062,0.0
2022-12-20,21.657036,105.58955,2022-12-20 06:49:03.990026496,419.15424,0.0
2022-12-20,21.675694,105.59408,2022-12-20 06:49:04.017022976,419.37726,0.0
2022-12-20,21.585726,105.58963,2022-12-20 06:49:04.242006528,419.50586,0.0
2022-12-20,21.603992,105.59437,2022-12-20 06:49:04.269003008,418.81793,0.0
2022-12-20,21.622444,105.598976,2022-12-20 06:49:04.295999488,419.06897,0.0
2022-12-20,21.640886,105.603645,2022-12-20 06:49:04.322995968,419.06375,0.0
2022-12-20,21.65951,105.60819,2022-12-20 06:49:04.349992192,419.2893,0.0
2022-12-20,21.587841,105.60845,2022-12-20 06:49:04.602012672,419.84082,0.0
2022-12-20,21.606276,105.61308,2022-12-20 06:49:04.629008896,419.3985,0.0
2022-12-20,21.624866,105.61762,2022-12-20 06:49:04.656005376,419.54315,0.0
2022-12-20,21.643438,105.622215,2022-12-20 06:49:04.683002112,418.74527,0.0
2022-12-20,21.553364,105.61781,2022-12-20 06:49:04.908991232,420.4361,0.0
2022-12-20,21.571814,105.62238,2022-12-20 06:49:04.935987968,419.98154,0.0
2022-12-20,21.59029,105.626976,2022-12-20 06:49:04.963024640,419.39032,0.0
2022-12-20,21.574121,105.64103,2022-12-20 06:49:05.295994112,420.6793,0.0
2022-12-20,21.592573,105.64568,2022-12-20 06:49:05.322990336,419.57855,0.0
2022-12-20,21.611092,105.65032,2022-12-20 06:49:05.349986816,419.06424,0.0
2022-12-20,21.539467,105.650444,2022-12-20 06:49:05.602007040,421.68738,0.0
2022-12-20,21.557901,105.655075,2022-12-20 06:49:05.629003520,421.15146,0.0
2022-12-20,21.5764,105.65969,2022-12-20 06:49:05.656000256,420.78296,0.0
2022-12-20,21.559587,105.67427,2022-12-20 06:49:05.990015488,421.35892,0.0
2022-12-20,21.922552,105.5147,2022-12-20 06:49:21.655993600,418.097,0.0
2022-12-20,21.950624,105.51182,2022-12-20 06:49:21.682990080,418.51907,0.0
2022-12-20,21.745798,105.541435,2022-12-20 06:49:21.827990528,419.1883,0.0
2022-12-20,21.771597,105.53993,2022-12-20 06:49:21.854987008,420.22406,0.0
2022-12-20,21.79896,105.5372,2022-12-20 06:49:21.882023680,418.5501,0.0
2022-12-20,21.851053,105.53417,2022-12-20 06:49:21.936016384,416.36252,0.0
2022-12-20,21.879105,105.53113,2022-12-20 06:49:21.963012608,416.56778,0.0
2022-12-20,21.932444,105.527504,2022-12-20 06:49:22.017005568,419.72885,0.0
2022-12-20,21.729641,105.55512,2022-12-20 06:49:22.160999936,419.6504,0.0
2022-12-20,21.75587,105.55319,2022-12-20 06:49:22.187996416,418.96884,0.0
2022-12-20,21.782602,105.55096,2022-12-20 06:49:22.214992896,419.6795,0.0
2022-12-20,21.809723,105.548515,2022-12-20 06:49:22.241989376,419.7437,0.0
2022-12-20,21.836552,105.546394,2022-12-20 06:49:22.269026048,419.606,0.0
2022-12-20,21.863586,105.5442,2022-12-20 06:49:22.296022528,419.07565,0.0
2022-12-20,21.713589,105.56933,2022-12-20 06:49:22.494009856,420.0216,0.0
2022-12-20,21.740145,105.56727,2022-12-20 06:49:22.521006080,419.81183,0.0
2022-12-20,21.766808,105.5652,2022-12-20 06:49:22.548002816,419.37827,0.0
2022-12-20,21.793802,105.56294,2022-12-20 06:49:22.574999040,420.59003,0.0
2022-12-20,21.820831,105.56073,2022-12-20 06:49:22.601995520,421.2448,0.0
2022-12-20,21.84814,105.55823,2022-12-20 06:49:22.628991744,419.1959,0.0
2022-12-20,21.87569,105.55562,2022-12-20 06:49:22.655988224,419.33267,0.0
2022-12-20,21.697247,105.58335,2022-12-20 06:49:22.828025344,419.6309,0.0
2022-12-20,21.723612,105.58137,2022-12-20 06:49:22.855021824,420.1246,0.0
2022-12-20,21.750408,105.57909,2022-12-20 06:49:22.882018048,420.32083,0.0
2022-12-20,21.777393,105.57673,2022-12-20 06:49:22.909014528,419.48605,0.0
2022-12-20,21.804497,105.574356,2022-12-20 06:49:22.936010752,420.0336,0.0
2022-12-20,21.831879,105.57184,2022-12-20 06:49:22.963007488,420.3021,0.0
2022-12-20,21.859516,105.5692,2022-12-20 06:49:22.990003712,419.26358,0.0
2022-12-20,21.886818,105.56697,2022-12-20 06:49:23.017000192,418.8947,0.0
2022-12-20,21.681316,105.597336,2022-12-20 06:49:23.160994560,419.22192,0.0
2022-12-20,21.707699,105.59543,2022-12-20 06:49:23.187991040,419.2741,0.0
2022-12-20,21.734222,105.59344,2022-12-20 06:49:23.214987520,419.78976,0.0
2022-12-20,21.761375,105.59099,2022-12-20 06:49:23.242024192,420.49973,0.0
2022-12-20,21.788462,105.58867,2022-12-20 06:49:23.269020672,420.25827,0.0
2022-12-20,21.816008,105.58605,2022-12-20 06:49:23.296017152,419.4151,0.0
2022-12-20,21.84344,105.58361,2022-12-20 06:49:23.323013632,419.0574,0.0
2022-12-20,21.871452,105.58079,2022-12-20 06:49:23.350009856,419.9004,0.0
2022-12-20,21.665272,105.61131,2022-12-20 06:49:23.494004224,419.83853,0.0
2022-12-20,21.691734,105.609276,2022-12-20 06:49:23.521000960,420.29337,0.0
2022-12-20,21.718302,105.60724,2022-12-20 06:49:23.547997184,420.8599,0.0
2022-12-20,21.744951,105.60522,2022-12-20 06:49:23.574993664,420.16388,0.0
2022-12-20,21.772268,105.602715,2022-12-20 06:49:23.601989888,420.00772,0.0
2022-12-20,21.799603,105.600235,2022-12-20 06:49:23.629026560,419.76923,0.0
2022-12-20,21.82719,105.597626,2022-12-20 06:49:23.656023040,420.14624,0.0
2022-12-20,21.85507,105.594864,2022-12-20 06:49:23.683019520,419.12427,0.0
2022-12-20,21.648926,105.625084,2022-12-20 06:49:23.828019968,420.5829,0.0
2022-12-20,21.67538,105.62305,2022-12-20 06:49:23.855016192,420.3998,0.0
2022-12-20,21.70151,105.62137,2022-12-20 06:49:23.882012672,419.8013,0.0
2022-12-20,21.728836,105.61879,2022-12-20 06:49:23.909008896,420.0955,0.0
2022-12-20,21.756027,105.6164,2022-12-20 06:49:23.936005632,419.6095,0.0
2022-12-20,21.783413,105.613945,2022-12-20 06:49:23.963001856,419.4757,0.0
2022-12-20,21.810732,105.611626,2022-12-20 06:49:23.989998336,419.2242,0.0
2022-12-20,21.838593,105.60897,2022-12-20 06:49:24.016995072,418.29608,0.0
2022-12-20,21.659182,105.637375,2022-12-20 06:49:24.188025856,420.2329,0.0
2022-12-20,21.685814,105.63531,2022-12-20 06:49:24.215022336,418.57318,0.0
2022-12-20,21.711863,105.63379,2022-12-20 06:49:24.242018816,420.90668,0.0
2022-12-20,21.739986,105.63065,2022-12-20 06:49:24.269015296,421.1209,0.0
2022-12-20,21.76763,105.62801,2022-12-20 06:49:24.296011776,420.87265,0.0
2022-12-20,21.79515,105.62556,2022-12-20 06:49:24.323008000,419.74057,0.0
2022-12-20,21.823078,105.62286,2022-12-20 06:49:24.350004480,419.1664,0.0
2022-12-20,21.616867,105.65343,2022-12-20 06:49:24.493999104,420.42215,0.0
2022-12-20,21.64296,105.6517,2022-12-20 06:49:24.520995328,419.4425,0.0
2022-12-20,21.669735,105.64949,2022-12-20 06:49:24.547991808,419.2027,0.0
2022-12-20,21.721895,105.64645,2022-12-20 06:49:24.602024704,420.06772,0.0
2022-12-20,21.751505,105.64216,2022-12-20 06:49:24.629021184,420.42987,0.0
2022-12-20,21.778997,105.639694,2022-12-20 06:49:24.656017664,419.78348,0.0
2022-12-20,21.806196,105.63754,2022-12-20 06:49:24.683014144,419.35043,0.0
2022-12-20,21.625948,105.6663,2022-12-20 06:49:24.855010816,420.7606,0.0
2022-12-20,21.653625,105.66326,2022-12-20 06:49:24.882007040,419.9638,0.0
2022-12-20,21.6805,105.66098,2022-12-20 06:49:24.909003776,420.2787,0.0
2022-12-20,21.70674,105.659294,2022-12-20 06:49:24.936000000,420.60046,0.0
2022-12-20,21.762787,105.65327,2022-12-20 06:49:24.989993216,420.12134,0.0
2022-12-20,21.790543,105.65064,2022-12-20 06:49:25.016989440,420.12704,0.0
2022-12-20,21.663954,105.67515,2022-12-20 06:49:25.242013440,420.12692,0.0
2022-12-20,21.774633,105.66467,2022-12-20 06:49:25.349998848,419.99463,0.0
2022-12-20,21.619608,105.69277,2022-12-20 06:49:25.548026624,420.39435,0.0
2022-12-20,21.648478,105.68894,2022-12-20 06:49:25.575022848,421.31116,0.0
2022-12-20,21.675444,105.68678,2022-12-20 06:49:25.602019328,419.34744,0.0
2022-12-20,21.701399,105.68543,2022-12-20 06:49:25.629015808,420.3856,0.0
2022-12-20,21.730553,105.68157,2022-12-20 06:49:25.656012288,419.6953,0.0
2022-12-20,21.758465,105.67882,2022-12-20 06:49:25.683008768,421.06003,0.0
2022-12-20,21.632061,105.70296,2022-12-20 06:49:25.908998144,421.75644,0.0
2022-12-20,21.659473,105.70042,2022-12-20 06:49:25.935994624,421.0383,0.0
2022-12-20,21.686798,105.698044,2022-12-20 06:49:25.962991360,420.3043,0.0
2022-12-20,21.714458,105.69548,2022-12-20 06:49:25.989987584,420.98386,0.0
2022-12-20,21.742235,105.69289,2022-12-20 06:49:26.017024256,419.69522,0.0
2022-12-20,21.588799,105.71948,2022-12-20 06:49:26.215011584,420.54724,0.0
2022-12-20,21.61449,105.71831,2022-12-20 06:49:26.242008064,422.17072,0.0
2022-12-20,21.642654,105.71517,2022-12-20 06:49:26.269004288,421.11942,0.0
2022-12-20,21.67081,105.71212,2022-12-20 06:49:26.296000768,421.58655,0.0
2022-12-20,21.698475,105.70957,2022-12-20 06:49:26.322996992,420.3812,0.0
2022-12-20,21.726265,105.707,2022-12-20 06:49:26.349993728,419.44748,0.0
2022-12-20,21.654707,105.72615,2022-12-20 06:49:26.629010432,421.86343,0.0
2022-12-20,21.682333,105.72354,2022-12-20 06:49:26.656006912,420.43246,0.0
2022-12-20,21.709965,105.721,2022-12-20 06:49:26.683003392,420.22546,0.0
2022-12-20,21.556704,105.74696,2022-12-20 06:49:26.881996288,422.0723,0.0
2022-12-20,21.583652,105.74471,2022-12-20 06:49:26.908992768,422.4493,0.0
2022-12-20,21.610563,105.742584,2022-12-20 06:49:26.935989504,421.68436,0.0
2022-12-20,21.638092,105.740036,2022-12-20 06:49:26.963025920,421.5571,0.0
2022-12-20,21.665745,105.73747,2022-12-20 06:49:26.990022400,420.0146,0.0
2022-12-20,21.693695,105.73478,2022-12-20 06:49:27.017018880,419.4872,0.0
2022-12-20,21.567669,105.75887,2022-12-20 06:49:27.242002432,421.31738,0.0
2022-12-20,21.594381,105.756935,2022-12-20 06:49:27.268998912,421.9677,0.0
2022-12-20,21.622347,105.75406,2022-12-20 06:49:27.295995136,420.9029,0.0
2022-12-20,21.649876,105.75162,2022-12-20 06:49:27.322991872,419.83685,0.0
2022-12-20,21.60613,105.76818,2022-12-20 06:49:27.629005056,420.98322,0.0
2022-12-20,21.633547,105.7658,2022-12-20 06:49:27.656001536,418.23193,0.0
2022-12-20,15.055648,107.68824,2022-12-20 06:49:55.683006976,417.04352,0.0
2022-12-20,15.005501,107.72711,2022-12-20 06:49:56.683001600,419.6208,0.0
2022-12-20,14.945726,107.72208,2022-12-20 06:49:57.629003264,418.81143,0.0
2022-12-20,14.898198,107.68214,2022-12-20 06:49:58.214998784,418.49066,0.0
2022-12-20,14.881388,107.69493,2022-12-20 06:49:58.548008448,417.88113,0.0
2022-12-24,21.288086,105.451126,2022-12-24 05:11:46.770993664,421.88266,0.0
2022-12-24,21.26684,105.42797,2022-12-24 05:11:47.383020288,424.24768,0.0
2022-12-24,21.240206,105.49375,2022-12-24 05:11:47.770988544,421.14163,0.0
2022-12-24,21.229275,105.48166,2022-12-24 05:11:48.077001472,422.14856,0.0
2022-12-24,21.234694,105.39329,2022-12-24 05:11:48.301985280,422.9837,0.0
2022-12-24,21.213251,105.49605,2022-12-24 05:11:48.410011392,421.01352,0.0
2022-12-24,21.197283,105.510216,2022-12-24 05:11:48.743986688,421.74072,0.0
2022-12-24,21.192055,105.53614,2022-12-24 05:11:48.771023360,421.03543,0.0
2022-12-24,21.181152,105.52405,2022-12-24 05:11:49.076996096,420.99002,0.0
2022-12-24,21.17587,105.54992,2022-12-24 05:11:49.103992576,420.94977,0.0
2022-12-24,21.191755,105.40978,2022-12-24 05:11:49.275023616,421.5463,0.0
2022-12-24,21.170301,105.512215,2022-12-24 05:11:49.383009536,421.94107,0.0
2022-12-24,21.165033,105.53806,2022-12-24 05:11:49.410005760,422.4982,0.0
2022-12-24,21.159817,105.56403,2022-12-24 05:11:49.437002240,420.29782,0.0
2022-12-24,21.159653,105.50087,2022-12-24 05:11:49.689988096,420.8435,0.0
2022-12-24,21.154375,105.52662,2022-12-24 05:11:49.717024768,421.38483,0.0
2022-12-24,21.149101,105.552475,2022-12-24 05:11:49.744021504,419.6667,0.0
2022-12-24,21.154379,105.46358,2022-12-24 05:11:49.969005056,420.79904,0.0
2022-12-24,21.138187,105.54027,2022-12-24 05:11:50.049994240,421.5295,0.0
2022-12-24,21.132877,105.56605,2022-12-24 05:11:50.076990720,421.41162,0.0
2022-12-24,21.132792,105.503044,2022-12-24 05:11:50.329010944,421.28854,0.0
2022-12-24,21.127413,105.52865,2022-12-24 05:11:50.356007680,421.63547,0.0
2022-12-24,21.122068,105.55435,2022-12-24 05:11:50.383003904,421.36896,0.0
2022-12-24,21.116768,105.58016,2022-12-24 05:11:50.410000384,419.6986,0.0
2022-12-24,21.122503,105.49213,2022-12-24 05:11:50.635990016,421.35312,0.0
2022-12-24,21.111696,105.5433,2022-12-24 05:11:50.690022912,421.3079,0.0
2022-12-24,21.10633,105.56897,2022-12-24 05:11:50.717019648,420.8009,0.0
2022-12-24,21.100998,105.594734,2022-12-24 05:11:50.744015872,421.3587,0.0
2022-12-24,21.095701,105.62059,2022-12-24 05:11:50.771012352,420.84827,0.0
2022-12-24,21.111664,105.480446,2022-12-24 05:11:50.942003200,420.19217,0.0
2022-12-24,21.106216,105.50586,2022-12-24 05:11:50.968999680,421.21805,0.0
2022-12-24,21.100805,105.53136,2022-12-24 05:11:50.995995904,421.6006,0.0
2022-12-24,21.095427,105.55694,2022-12-24 05:11:51.022992384,420.83972,0.0
2022-12-24,21.090084,105.58262,2022-12-24 05:11:51.049988864,421.3697,0.0
2022-12-24,21.084772,105.60839,2022-12-24 05:11:51.077025536,420.5896,0.0
2022-12-24,21.079494,105.63426,2022-12-24 05:11:51.104022016,420.6524,0.0
2022-12-24,21.101124,105.46901,2022-12-24 05:11:51.248016384,420.3339,0.0
2022-12-24,21.095564,105.49442,2022-12-24 05:11:51.275012608,421.29996,0.0
2022-12-24,21.090162,105.51986,2022-12-24 05:11:51.302009088,421.47443,0.0
2022-12-24,21.084763,105.5454,2022-12-24 05:11:51.329005824,421.18964,0.0
2022-12-24,21.0794,105.57104,2022-12-24 05:11:51.356002048,421.25034,0.0
2022-12-24,21.074072,105.596756,2022-12-24 05:11:51.382998528,421.54608,0.0
2022-12-24,21.068787,105.62259,2022-12-24 05:11:51.409995008,421.32825,0.0
2022-12-24,21.063538,105.648544,2022-12-24 05:11:51.436991488,420.73468,0.0
2022-12-24,21.074234,105.534164,2022-12-24 05:11:51.636024832,421.83075,0.0
2022-12-24,21.068794,105.55964,2022-12-24 05:11:51.663021056,420.18503,0.0
2022-12-24,21.063433,105.58529,2022-12-24 05:11:51.690017792,421.3012,0.0
2022-12-24,21.058092,105.611046,2022-12-24 05:11:51.717014016,421.08997,0.0
2022-12-24,21.052814,105.63687,2022-12-24 05:11:51.744010496,421.08862,0.0
2022-12-24,21.04756,105.6628,2022-12-24 05:11:51.771006720,422.29855,0.0
2022-12-24,21.058256,105.54849,2022-12-24 05:11:51.968994048,421.6866,0.0
2022-12-24,21.052826,105.57399,2022-12-24 05:11:51.995990528,420.9219,0.0
2022-12-24,21.047318,105.59959,2022-12-24 05:11:52.022987008,421.66965,0.0
2022-12-24,21.041988,105.62518,2022-12-24 05:11:52.050023680,421.2036,0.0
2022-12-24,21.036674,105.65089,2022-12-24 05:11:52.077020160,421.3293,0.0
2022-12-24,21.031355,105.67672,2022-12-24 05:11:52.104016640,421.5264,0.0
2022-12-24,21.047445,105.53671,2022-12-24 05:11:52.275007232,420.25537,0.0
2022-12-24,21.042017,105.56219,2022-12-24 05:11:52.302003968,421.87283,0.0
2022-12-24,21.036623,105.58775,2022-12-24 05:11:52.329000192,421.694,0.0
2022-12-24,21.031263,105.6134,2022-12-24 05:11:52.355996672,421.40634,0.0
2022-12-24,21.025938,105.639145,2022-12-24 05:11:52.382993152,421.11295,0.0
2022-12-24,21.020653,105.664986,2022-12-24 05:11:52.409989632,421.49088,0.0
2022-12-24,21.015411,105.69093,2022-12-24 05:11:52.437026304,421.95496,0.0
2022-12-24,21.031565,105.55111,2022-12-24 05:11:52.609022976,420.4485,0.0
2022-12-24,21.026154,105.576485,2022-12-24 05:11:52.636019200,420.63977,0.0
2022-12-24,21.020632,105.60202,2022-12-24 05:11:52.663015936,421.79584,0.0
2022-12-24,21.015257,105.62765,2022-12-24 05:11:52.690012160,420.37222,0.0
2022-12-24,21.004614,105.679184,2022-12-24 05:11:52.744004864,421.79572,0.0
2022-12-24,20.999344,105.705086,2022-12-24 05:11:52.771001344,422.17346,0.0
2022-12-24,21.015545,105.56534,2022-12-24 05:11:52.941992192,421.40454,0.0
2022-12-24,21.004662,105.61625,2022-12-24 05:11:52.996025344,421.4247,0.0
2022-12-24,20.999252,105.6418,2022-12-24 05:11:53.023021824,420.92508,0.0
2022-12-24,20.993872,105.66743,2022-12-24 05:11:53.050018304,422.06085,0.0
2022-12-24,20.98852,105.693146,2022-12-24 05:11:53.077014784,421.63925,0.0
2022-12-24,21.004736,105.55359,2022-12-24 05:11:53.248005376,421.07858,0.0
2022-12-24,20.993776,105.60439,2022-12-24 05:11:53.301998336,421.937,0.0
2022-12-24,20.988375,105.62994,2022-12-24 05:11:53.328994816,421.51938,0.0
2022-12-24,20.983007,105.65556,2022-12-24 05:11:53.355991296,421.58905,0.0
2022-12-24,20.977674,105.68128,2022-12-24 05:11:53.382987776,421.84897,0.0
2022-12-24,20.967113,105.732994,2022-12-24 05:11:53.437020672,421.16803,0.0
2022-12-24,20.988787,105.56792,2022-12-24 05:11:53.582021120,421.05566,0.0
2022-12-24,20.983288,105.59325,2022-12-24 05:11:53.609017344,421.49957,0.0
2022-12-24,20.97784,105.61869,2022-12-24 05:11:53.636014080,421.28357,0.0
2022-12-24,20.972425,105.644226,2022-12-24 05:11:53.663010304,422.4822,0.0
2022-12-24,20.961658,105.695496,2022-12-24 05:11:53.717003008,421.72974,0.0
2022-12-24,20.95631,105.721275,2022-12-24 05:11:53.743999488,422.81372,0.0
2022-12-24,20.951025,105.74713,2022-12-24 05:11:53.770995968,421.95883,0.0
2022-12-24,20.972729,105.58204,2022-12-24 05:11:53.914990336,421.32693,0.0
2022-12-24,20.967264,105.60739,2022-12-24 05:11:53.942027008,421.15372,0.0
2022-12-24,20.961834,105.63283,2022-12-24 05:11:53.969023488,422.21472,0.0
2022-12-24,20.945724,105.709625,2022-12-24 05:11:54.050012928,421.52573,0.0
2022-12-24,20.9404,105.73538,2022-12-24 05:11:54.077009152,422.28906,0.0
2022-12-24,20.956676,105.59603,2022-12-24 05:11:54.248000256,422.19342,0.0
2022-12-24,20.95117,105.62131,2022-12-24 05:11:54.274996480,420.79294,0.0
2022-12-24,20.94024,105.67214,2022-12-24 05:11:54.328989440,422.12396,0.0
2022-12-24,20.934828,105.69769,2022-12-24 05:11:54.356026112,422.11948,0.0
2022-12-24,20.92945,105.723335,2022-12-24 05:11:54.383022592,421.59683,0.0
2022-12-24,20.92411,105.74907,2022-12-24 05:11:54.410018816,422.44003,0.0
2022-12-24,20.935133,105.63529,2022-12-24 05:11:54.609012224,422.175,0.0
2022-12-24,20.924303,105.68629,2022-12-24 05:11:54.663004928,421.5618,0.0
2022-12-24,20.913542,105.73758,2022-12-24 05:11:54.716997632,422.37213,0.0
2022-12-24,20.90821,105.76336,2022-12-24 05:11:54.743994112,422.59958,0.0
2022-12-24,20.902885,105.789246,2022-12-24 05:11:54.770990592,422.9819,0.0
2022-12-24,20.919155,105.64961,2022-12-24 05:11:54.942021632,422.49713,0.0
2022-12-24,20.908264,105.70057,2022-12-24 05:11:54.996014592,422.4877,0.0
2022-12-24,20.90287,105.72617,2022-12-24 05:11:55.023011072,421.54932,0.0
2022-12-24,20.897512,105.75188,2022-12-24 05:11:55.050007296,422.10486,0.0
2022-12-24,20.892181,105.77763,2022-12-24 05:11:55.077004032,422.48087,0.0
2022-12-24,20.886864,105.80347,2022-12-24 05:11:55.104000256,422.41928,0.0
2022-12-24,20.897612,105.68896,2022-12-24 05:11:55.301987584,421.95273,0.0
2022-12-24,20.886724,105.73995,2022-12-24 05:11:55.356020736,422.69666,0.0
2022-12-24,20.881332,105.76559,2022-12-24 05:11:55.383016960,422.43787,0.0
2022-12-24,20.87598,105.79132,2022-12-24 05:11:55.410013440,422.689,0.0
2022-12-24,20.87067,105.817154,2022-12-24 05:11:55.437009920,422.8619,0.0
2022-12-24,20.881413,105.702835,2022-12-24 05:11:55.636003072,423.025,0.0
2022-12-24,20.87593,105.72832,2022-12-24 05:11:55.662999296,422.7215,0.0
2022-12-24,20.870552,105.753876,2022-12-24 05:11:55.689995776,422.0506,0.0
2022-12-24,20.865149,105.779564,2022-12-24 05:11:55.716992256,423.1682,0.0
2022-12-24,20.85984,105.805305,2022-12-24 05:11:55.743988736,422.80963,0.0
2022-12-24,20.85452,105.83116,2022-12-24 05:11:55.771025408,422.9843,0.0
2022-12-24,20.854748,105.705536,2022-12-24 05:11:56.275025920,422.9457,0.0
2022-12-24,20.838425,105.78194,2022-12-24 05:11:56.356015104,422.95828,0.0
2022-12-24,20.833038,105.80759,2022-12-24 05:11:56.383011584,422.56424,0.0
2022-12-24,20.822397,105.85915,2022-12-24 05:11:56.437004544,423.01596,0.0
2022-12-24,20.833363,105.745285,2022-12-24 05:11:56.635997440,421.98868,0.0
2022-12-24,20.81706,105.82193,2022-12-24 05:11:56.716986880,423.20822,0.0
2022-12-24,20.811691,105.84762,2022-12-24 05:11:56.744023552,421.45825,0.0
2022-12-24,20.828188,105.708405,2022-12-24 05:11:56.915014144,422.5975,0.0
2022-12-24,20.817198,105.75913,2022-12-24 05:11:56.969007360,421.6626,0.0
2022-12-24,20.811754,105.78462,2022-12-24 05:11:56.996003584,422.32797,0.0
2022-12-24,20.800941,105.8359,2022-12-24 05:11:57.049996544,422.22842,0.0
2022-12-24,20.795576,105.86165,2022-12-24 05:11:57.076993024,422.5107,0.0
2022-12-24,20.790247,105.88745,2022-12-24 05:11:57.103989248,421.86798,0.0
2022-12-24,20.795967,105.736404,2022-12-24 05:11:57.581999360,421.3771,0.0
2022-12-24,20.784912,105.787025,2022-12-24 05:11:57.635992064,422.59232,0.0
2022-12-24,20.779434,105.81248,2022-12-24 05:11:57.662988544,421.6749,0.0
2022-12-24,20.77402,105.83804,2022-12-24 05:11:57.690025216,422.81216,0.0
2022-12-24,20.779951,105.750565,2022-12-24 05:11:57.915009024,421.00238,0.0
2022-12-24,20.774416,105.775826,2022-12-24 05:11:57.942005504,421.90826,0.0
2022-12-24,20.757929,105.85219,2022-12-24 05:11:58.022994688,422.2748,0.0
2022-12-24,20.741945,105.9293,2022-12-24 05:11:58.104024064,420.9921,0.0
2022-12-24,20.763906,105.76457,2022-12-24 05:11:58.248018688,420.86032,0.0
2022-12-24,20.747303,105.84062,2022-12-24 05:11:58.329007872,422.67188,0.0
2022-12-24,20.74186,105.86613,2022-12-24 05:11:58.356004352,422.08002,0.0
2022-12-24,20.725689,105.94321,2022-12-24 05:11:58.436993536,421.15,0.0
2022-12-24,20.747717,105.778564,2022-12-24 05:11:58.581993728,421.14124,0.0
2022-12-24,20.736742,105.829254,2022-12-24 05:11:58.636026880,423.03122,0.0
2022-12-24,20.715097,105.931564,2022-12-24 05:11:58.744012800,421.12262,0.0
2022-12-24,20.709787,105.95734,2022-12-24 05:11:58.771009280,421.54108,0.0
2022-12-24,20.726091,105.81785,2022-12-24 05:11:58.941999872,422.6481,0.0
2022-12-24,20.715113,105.86865,2022-12-24 05:11:58.995992832,421.9644,0.0
2022-12-24,20.693651,105.97132,2022-12-24 05:11:59.104018688,420.5257,0.0
2022-12-24,20.704605,105.85735,2022-12-24 05:11:59.302006016,422.41327,0.0
2022-12-24,20.688295,105.93392,2022-12-24 05:11:59.382995456,420.0303,0.0
2022-12-24,20.677626,105.985405,2022-12-24 05:11:59.436988416,420.48755,0.0
2022-12-24,20.677612,105.922195,2022-12-24 05:11:59.690014464,419.79248,0.0
2022-12-24,20.672232,105.94782,2022-12-24 05:11:59.717010944,421.00775,0.0
2022-12-24,20.666872,105.97356,2022-12-24 05:11:59.744007424,420.5454,0.0
2022-12-24,20.661547,105.99938,2022-12-24 05:11:59.771003648,419.5558,0.0
2022-12-24,20.66145,105.93611,2022-12-24 05:12:00.023024128,419.8912,0.0
2022-12-24,20.656033,105.96168,2022-12-24 05:12:00.050020352,421.03992,0.0
2022-12-24,20.650646,105.987366,2022-12-24 05:12:00.077016832,420.4043,0.0
2022-12-24,20.64531,106.013176,2022-12-24 05:12:00.104013568,420.4852,0.0
2022-12-24,21.364511,105.54488,2022-12-24 05:12:08.770995200,419.73547,0.0
2022-12-24,21.346748,105.539246,2022-12-24 05:12:09.077008128,423.1331,0.0
2022-12-24,21.348545,105.55905,2022-12-24 05:12:09.104004864,421.06967,0.0
2022-12-24,21.323893,105.47412,2022-12-24 05:12:09.301991936,422.8436,0.0
2022-12-24,21.33062,105.5533,2022-12-24 05:12:09.410018048,422.1198,0.0
2022-12-24,21.332449,105.5731,2022-12-24 05:12:09.437014528,421.95264,0.0
2022-12-24,21.307812,105.48821,2022-12-24 05:12:09.636007424,422.8602,0.0
2022-12-24,21.309423,105.507996,2022-12-24 05:12:09.663003904,421.7505,0.0
2022-12-24,21.311079,105.52779,2022-12-24 05:12:09.690000640,421.79022,0.0
2022-12-24,21.312777,105.547585,2022-12-24 05:12:09.716996864,422.2248,0.0
2022-12-24,21.314575,105.56737,2022-12-24 05:12:09.743993344,422.52988,0.0
2022-12-24,21.316298,105.58721,2022-12-24 05:12:09.770989568,421.98035,0.0
2022-12-24,21.291729,105.502304,2022-12-24 05:12:09.969017344,422.83795,0.0
2022-12-24,21.294992,105.54187,2022-12-24 05:12:10.023010048,422.122,0.0
2022-12-24,21.296688,105.56167,2022-12-24 05:12:10.050006272,420.90277,0.0
2022-12-24,21.272552,105.47686,2022-12-24 05:12:10.247993600,421.47302,0.0
2022-12-24,21.274078,105.49662,2022-12-24 05:12:10.274990080,421.26212,0.0
2022-12-24,21.275644,105.51639,2022-12-24 05:12:10.302026752,421.91074,0.0
2022-12-24,21.277254,105.53616,2022-12-24 05:12:10.329023488,421.3471,0.0
2022-12-24,21.280598,105.575745,2022-12-24 05:12:10.383016192,422.87933,0.0
2022-12-24,21.258026,105.51073,2022-12-24 05:12:10.609005568,421.9691,0.0
2022-12-24,21.259596,105.530495,2022-12-24 05:12:10.636002048,420.78986,0.0
2022-12-24,21.26121,105.55028,2022-12-24 05:12:10.662998784,421.15726,0.0
2022-12-24,21.262854,105.570045,2022-12-24 05:12:10.689995008,421.3168,0.0
2022-12-24,21.264542,105.58982,2022-12-24 05:12:10.716991488,420.50287,0.0
2022-12-24,21.26627,105.60961,2022-12-24 05:12:10.743987712,420.88345,0.0
2022-12-24,21.268042,105.6294,2022-12-24 05:12:10.771024384,420.71082,0.0
2022-12-24,21.241978,105.52479,2022-12-24 05:12:10.942015488,420.21698,0.0
2022-12-24,21.24356,105.54458,2022-12-24 05:12:10.969011712,420.83127,0.0
2022-12-24,21.245186,105.564384,2022-12-24 05:12:10.996008192,420.69275,0.0
2022-12-24,21.246853,105.5842,2022-12-24 05:12:11.023004416,420.881,0.0
2022-12-24,21.248562,105.60402,2022-12-24 05:12:11.050001152,421.02835,0.0
2022-12-24,21.250305,105.62383,2022-12-24 05:12:11.076997632,421.43948,0.0
2022-12-24,21.252077,105.64364,2022-12-24 05:12:11.103993856,421.73102,0.0
2022-12-24,21.225975,105.53897,2022-12-24 05:12:11.275024896,420.32855,0.0
2022-12-24,21.22754,105.55874,2022-12-24 05:12:11.302021376,421.16254,0.0
2022-12-24,21.229143,105.578514,2022-12-24 05:12:11.329017856,420.75192,0.0
2022-12-24,21.23079,105.5983,2022-12-24 05:12:11.356014336,421.6743,0.0
2022-12-24,21.23248,105.618095,2022-12-24 05:12:11.383010816,420.71634,0.0
2022-12-24,21.23421,105.63789,2022-12-24 05:12:11.410007296,421.0939,0.0
2022-12-24,21.235983,105.65771,2022-12-24 05:12:11.437003520,420.99286,0.0
2022-12-24,21.209843,105.55311,2022-12-24 05:12:11.609000192,421.54712,0.0
2022-12-24,21.211391,105.572876,2022-12-24 05:12:11.635996928,420.68344,0.0
2022-12-24,21.212982,105.59265,2022-12-24 05:12:11.662993152,421.33072,0.0
2022-12-24,21.214659,105.61246,2022-12-24 05:12:11.689989632,421.3201,0.0
2022-12-24,21.216381,105.63227,2022-12-24 05:12:11.717026304,421.36392,0.0
2022-12-24,21.19242,105.54755,2022-12-24 05:12:11.915013632,420.53848,0.0
2022-12-24,21.193903,105.567245,2022-12-24 05:12:11.942009856,420.73544,0.0
2022-12-24,21.195429,105.586945,2022-12-24 05:12:11.969006336,420.52573,0.0
2022-12-24,21.196997,105.60665,2022-12-24 05:12:11.996002560,420.06296,0.0
2022-12-24,21.198606,105.62637,2022-12-24 05:12:12.022999296,421.1089,0.0
2022-12-24,21.200256,105.6461,2022-12-24 05:12:12.049995776,421.35635,0.0
2022-12-24,21.20197,105.66588,2022-12-24 05:12:12.076992000,420.58694,0.0
2022-12-24,21.203745,105.685715,2022-12-24 05:12:12.103988736,421.75153,0.0
2022-12-24,21.17625,105.561485,2022-12-24 05:12:12.248023040,420.51724,0.0
2022-12-24,21.177748,105.581245,2022-12-24 05:12:12.275019520,420.96393,0.0
2022-12-24,21.179277,105.600975,2022-12-24 05:12:12.302016000,420.28534,0.0
2022-12-24,21.180895,105.62069,2022-12-24 05:12:12.329012480,421.38904,0.0
2022-12-24,21.182476,105.64045,2022-12-24 05:12:12.356008960,420.81958,0.0
2022-12-24,21.184147,105.6602,2022-12-24 05:12:12.383005440,420.67496,0.0
2022-12-24,21.185858,105.679955,2022-12-24 05:12:12.410001664,420.6117,0.0
2022-12-24,21.160217,105.57564,2022-12-24 05:12:12.581998336,420.0205,0.0
2022-12-24,21.163364,105.61529,2022-12-24 05:12:12.635991296,418.96384,0.0
2022-12-24,21.168247,105.67456,2022-12-24 05:12:12.717020672,420.85504,0.0
2022-12-24,21.169931,105.69429,2022-12-24 05:12:12.744017152,421.17032,0.0
2022-12-24,21.171656,105.714035,2022-12-24 05:12:12.771013632,421.03458,0.0
2022-12-24,21.145592,105.60929,2022-12-24 05:12:12.942004480,420.15747,0.0
2022-12-24,21.150402,105.66868,2022-12-24 05:12:13.022993920,421.0475,0.0
2022-12-24,21.152103,105.688484,2022-12-24 05:12:13.049990144,421.46057,0.0
2022-12-24,21.15383,105.708275,2022-12-24 05:12:13.076986880,421.63367,0.0
2022-12-24,21.15558,105.72805,2022-12-24 05:12:13.104023552,420.6904,0.0
2022-12-24,21.127968,105.60361,2022-12-24 05:12:13.248017664,420.13297,0.0
2022-12-24,21.12948,105.62336,2022-12-24 05:12:13.275014144,420.01312,0.0
2022-12-24,21.139593,105.7423,2022-12-24 05:12:13.436992768,420.9831,0.0
2022-12-24,21.112001,105.61785,2022-12-24 05:12:13.581993216,420.02267,0.0
2022-12-24,21.113468,105.63756,2022-12-24 05:12:13.608989440,419.74524,0.0
2022-12-24,21.114992,105.657265,2022-12-24 05:12:13.636026112,420.29413,0.0
2022-12-24,21.116573,105.67697,2022-12-24 05:12:13.663022592,421.33212,0.0
2022-12-24,21.121584,105.73633,2022-12-24 05:12:13.744011776,422.51263,0.0
2022-12-24,21.123365,105.75612,2022-12-24 05:12:13.771008256,420.96603,0.0
2022-12-24,21.09586,105.63184,2022-12-24 05:12:13.915002624,420.03754,0.0
2022-12-24,21.098896,105.67135,2022-12-24 05:12:13.968995584,421.0635,0.0
2022-12-24,21.100477,105.69111,2022-12-24 05:12:13.995992064,421.55878,0.0
2022-12-24,21.1021,105.710884,2022-12-24 05:12:14.022988288,421.2983,0.0
2022-12-24,21.107264,105.77026,2022-12-24 05:12:14.104017920,420.50186,0.0
2022-12-24,21.07987,105.64603,2022-12-24 05:12:14.248012288,419.22595,0.0
2022-12-24,21.081364,105.66577,2022-12-24 05:12:14.275008768,421.0542,0.0
2022-12-24,21.082895,105.6855,2022-12-24 05:12:14.302005248,420.65106,0.0
2022-12-24,21.084469,105.70524,2022-12-24 05:12:14.329001728,421.55585,0.0
2022-12-24,21.086082,105.724976,2022-12-24 05:12:14.355997952,420.30414,0.0
2022-12-24,21.08774,105.74473,2022-12-24 05:12:14.382994432,421.3372,0.0
2022-12-24,21.06375,105.660065,2022-12-24 05:12:14.581987584,420.09317,0.0
2022-12-24,21.06522,105.67985,2022-12-24 05:12:14.609024256,421.25473,0.0
2022-12-24,21.066805,105.69961,2022-12-24 05:12:14.636020736,421.2472,0.0
2022-12-24,21.068401,105.71938,2022-12-24 05:12:14.663016960,420.70547,0.0
2022-12-24,21.069983,105.73911,2022-12-24 05:12:14.690013440,422.22028,0.0
2022-12-24,21.071634,105.758835,2022-12-24 05:12:14.717009920,421.06647,0.0
2022-12-24,21.073357,105.77855,2022-12-24 05:12:14.744006400,421.58823,0.0
2022-12-24,21.075106,105.79828,2022-12-24 05:12:14.771002880,421.24188,0.0
2022-12-24,21.047585,105.67388,2022-12-24 05:12:14.914996992,420.33893,0.0
2022-12-24,21.04905,105.69365,2022-12-24 05:12:14.941993728,420.0366,0.0
2022-12-24,21.050615,105.7134,2022-12-24 05:12:14.968990208,421.3872,0.0
2022-12-24,21.053843,105.752945,2022-12-24 05:12:15.023023104,421.14905,0.0
2022-12-24,21.055521,105.77273,2022-12-24 05:12:15.050019840,421.7642,0.0
2022-12-24,21.057219,105.79253,2022-12-24 05:12:15.077016064,420.66168,0.0
2022-12-24,21.031502,105.68809,2022-12-24 05:12:15.248006912,421.0842,0.0
2022-12-24,21.032986,105.70784,2022-12-24 05:12:15.275003392,420.6748,0.0
2022-12-24,21.034567,105.72758,2022-12-24 05:12:15.301999872,420.6694,0.0
2022-12-24,21.03613,105.74735,2022-12-24 05:12:15.328996096,421.4357,0.0
2022-12-24,21.037796,105.76711,2022-12-24 05:12:15.355992576,420.0262,0.0
2022-12-24,21.04121,105.80667,2022-12-24 05:12:15.410025472,420.93756,0.0
2022-12-24,21.01546,105.702194,2022-12-24 05:12:15.582022400,421.38315,0.0
2022-12-24,21.016932,105.721924,2022-12-24 05:12:15.609018880,420.21326,0.0
2022-12-24,21.01846,105.741646,2022-12-24 05:12:15.636015104,420.84366,0.0
2022-12-24,21.020044,105.761375,2022-12-24 05:12:15.663011584,421.2561,0.0
2022-12-24,21.021692,105.78115,2022-12-24 05:12:15.690008064,420.67117,0.0
2022-12-24,21.0234,105.80093,2022-12-24 05:12:15.717004544,420.7129,0.0
2022-12-24,21.025105,105.82073,2022-12-24 05:12:15.744001024,420.58145,0.0
2022-12-24,21.026882,105.84053,2022-12-24 05:12:15.770997504,419.38126,0.0
2022-12-24,20.999416,105.71636,2022-12-24 05:12:15.914991872,421.0499,0.0
2022-12-24,21.00092,105.73606,2022-12-24 05:12:15.941988352,420.5031,0.0
2022-12-24,21.002436,105.755775,2022-12-24 05:12:15.969025024,421.22424,0.0
2022-12-24,21.004051,105.77547,2022-12-24 05:12:15.996021248,421.49316,0.0
2022-12-24,21.005623,105.79521,2022-12-24 05:12:16.023017984,420.5736,0.0
2022-12-24,21.007322,105.814926,2022-12-24 05:12:16.050014208,420.54132,0.0
2022-12-24,21.009016,105.83467,2022-12-24 05:12:16.077010688,420.63687,0.0
2022-12-24,21.01075,105.85444,2022-12-24 05:12:16.104006912,419.9415,0.0
2022-12-24,20.983215,105.730156,2022-12-24 05:12:16.248001536,420.9722,0.0
2022-12-24,20.984703,105.749886,2022-12-24 05:12:16.274998016,421.8504,0.0
2022-12-24,20.986244,105.769646,2022-12-24 05:12:16.301994240,421.49808,0.0
2022-12-24,20.98784,105.789406,2022-12-24 05:12:16.328990720,421.06735,0.0
2022-12-24,20.989481,105.80917,2022-12-24 05:12:16.356027392,421.30457,0.0
2022-12-24,20.99112,105.82897,2022-12-24 05:12:16.383023616,421.03412,0.0
2022-12-24,20.992857,105.848755,2022-12-24 05:12:16.410020352,421.24072,0.0
2022-12-24,20.994566,105.868576,2022-12-24 05:12:16.437016832,419.1287,0.0
2022-12-24,20.96719,105.744354,2022-12-24 05:12:16.582017024,421.1738,0.0
2022-12-24,20.968714,105.76406,2022-12-24 05:12:16.609013248,420.58838,0.0
2022-12-24,20.97022,105.7838,2022-12-24 05:12:16.636009728,421.17627,0.0
2022-12-24,20.971785,105.80354,2022-12-24 05:12:16.663006208,421.69815,0.0
2022-12-24,20.973436,105.82328,2022-12-24 05:12:16.690002688,420.41446,0.0
2022-12-24,20.975069,105.84306,2022-12-24 05:12:16.716999168,421.0653,0.0
2022-12-24,20.976776,105.86283,2022-12-24 05:12:16.743995648,421.03348,0.0
2022-12-24,20.978567,105.88259,2022-12-24 05:12:16.770992128,421.55396,0.0
2022-12-24,20.951145,105.75846,2022-12-24 05:12:16.915026688,421.53714,0.0
2022-12-24,20.952639,105.7782,2022-12-24 05:12:16.942022912,421.70898,0.0
2022-12-24,20.954172,105.79794,2022-12-24 05:12:16.969019392,421.73145,0.0
2022-12-24,20.95575,105.817696,2022-12-24 05:12:16.996016128,422.07733,0.0
2022-12-24,20.957369,105.837456,2022-12-24 05:12:17.023012352,421.3254,0.0
2022-12-24,20.960741,105.876976,2022-12-24 05:12:17.077005056,421.5344,0.0
2022-12-24,20.962471,105.89672,2022-12-24 05:12:17.104001536,420.83002,0.0
2022-12-24,20.935007,105.772385,2022-12-24 05:12:17.247996160,420.63318,0.0
2022-12-24,20.936485,105.79208,2022-12-24 05:12:17.274992384,422.136,0.0
2022-12-24,20.938011,105.81181,2022-12-24 05:12:17.301988864,421.86163,0.0
2022-12-24,20.939579,105.83155,2022-12-24 05:12:17.329025536,422.25873,0.0
2022-12-24,20.941204,105.851295,2022-12-24 05:12:17.356021760,421.58875,0.0
2022-12-24,20.946318,105.91057,2022-12-24 05:12:17.437011200,421.03656,0.0
2022-12-24,20.91894,105.78647,2022-12-24 05:12:17.582011392,421.1664,0.0
2022-12-24,20.920435,105.8062,2022-12-24 05:12:17.609007872,422.2326,0.0
2022-12-24,20.921972,105.82594,2022-12-24 05:12:17.636004352,422.1162,0.0
2022-12-24,20.925158,105.86542,2022-12-24 05:12:17.689997312,421.22507,0.0
2022-12-24,20.928495,105.90491,2022-12-24 05:12:17.743990272,421.56326,0.0
2022-12-24,20.930227,105.92467,2022-12-24 05:12:17.771026944,420.63928,0.0
2022-12-24,20.90286,105.80049,2022-12-24 05:12:17.915021056,422.24164,0.0
2022-12-24,20.904354,105.82023,2022-12-24 05:12:17.942017536,421.33264,0.0
2022-12-24,20.90589,105.83997,2022-12-24 05:12:17.969014272,421.00076,0.0
2022-12-24,20.909084,105.87948,2022-12-24 05:12:18.023006976,420.72882,0.0
2022-12-24,20.910776,105.89923,2022-12-24 05:12:18.050003200,421.23672,0.0
2022-12-24,20.9142,105.938805,2022-12-24 05:12:18.103996160,420.89117,0.0
2022-12-24,20.886904,105.81472,2022-12-24 05:12:18.247990528,421.90067,0.0
2022-12-24,20.88839,105.834435,2022-12-24 05:12:18.274987008,422.19022,0.0
2022-12-24,20.889906,105.85414,2022-12-24 05:12:18.302023680,421.4758,0.0
2022-12-24,20.891464,105.873856,2022-12-24 05:12:18.329019904,422.255,0.0
2022-12-24,20.89308,105.89356,2022-12-24 05:12:18.356016640,420.2407,0.0
2022-12-24,20.89639,105.93304,2022-12-24 05:12:18.410009344,421.58734,0.0
2022-12-24,20.898134,105.95278,2022-12-24 05:12:18.437006080,420.9349,0.0
2022-12-24,20.870686,105.82857,2022-12-24 05:12:18.582006016,421.4745,0.0
2022-12-24,20.872145,105.84826,2022-12-24 05:12:18.609002496,422.0602,0.0
2022-12-24,20.873648,105.867966,2022-12-24 05:12:18.635998976,421.16388,0.0
2022-12-24,20.875206,105.88768,2022-12-24 05:12:18.662995456,421.54205,0.0
2022-12-24,20.87681,105.90743,2022-12-24 05:12:18.689991936,421.42462,0.0
2022-12-24,20.880177,105.94697,2022-12-24 05:12:18.744025088,421.4471,0.0
2022-12-24,20.88191,105.96676,2022-12-24 05:12:18.771021312,420.88162,0.0
2022-12-24,20.854643,105.842674,2022-12-24 05:12:18.915015680,420.94763,0.0
2022-12-24,20.85612,105.8624,2022-12-24 05:12:18.942012416,422.19556,0.0
2022-12-24,20.857637,105.88212,2022-12-24 05:12:18.969008640,421.5671,0.0
2022-12-24,20.859198,105.90185,2022-12-24 05:12:18.996005120,421.0782,0.0
2022-12-24,20.860846,105.92157,2022-12-24 05:12:19.023001344,421.00012,0.0
2022-12-24,20.862446,105.94134,2022-12-24 05:12:19.049997824,421.9957,0.0
2022-12-24,20.864138,105.96109,2022-12-24 05:12:19.076994304,420.47052,0.0
2022-12-24,20.865873,105.98086,2022-12-24 05:12:19.103990784,420.49008,0.0
2022-12-24,20.838581,105.85676,2022-12-24 05:12:19.248025344,421.4557,0.0
2022-12-24,20.840075,105.87646,2022-12-24 05:12:19.275021824,420.9248,0.0
2022-12-24,20.841576,105.89617,2022-12-24 05:12:19.302018048,421.2412,0.0
2022-12-24,20.843119,105.91589,2022-12-24 05:12:19.329014784,421.23288,0.0
2022-12-24,20.846376,105.955345,2022-12-24 05:12:19.383007488,420.73105,0.0
2022-12-24,20.84806,105.97509,2022-12-24 05:12:19.410004224,421.16464,0.0
2022-12-24,20.849789,105.99484,2022-12-24 05:12:19.437000448,420.70682,0.0
2022-12-24,20.82245,105.87068,2022-12-24 05:12:19.582000640,421.22272,0.0
2022-12-24,20.82392,105.89037,2022-12-24 05:12:19.608997120,420.96954,0.0
2022-12-24,20.8254,105.91009,2022-12-24 05:12:19.635993600,420.29254,0.0
2022-12-24,20.827011,105.92978,2022-12-24 05:12:19.662990080,421.45038,0.0
2022-12-24,20.828579,105.949524,2022-12-24 05:12:19.690026752,420.47092,0.0
2022-12-24,20.830217,105.96927,2022-12-24 05:12:19.717023232,421.5532,0.0
2022-12-24,20.831898,105.98902,2022-12-24 05:12:19.744019456,421.83057,0.0
2022-12-24,20.833622,106.00879,2022-12-24 05:12:19.771015936,420.79254,0.0
2022-12-24,20.806334,105.884705,2022-12-24 05:12:19.915010560,421.5931,0.0
2022-12-24,20.807817,105.90441,2022-12-24 05:12:19.942006784,420.74545,0.0
2022-12-24,20.809343,105.924126,2022-12-24 05:12:19.969003264,421.0986,0.0
2022-12-24,20.810911,105.94385,2022-12-24 05:12:19.995999488,421.5035,0.0
2022-12-24,20.812521,105.96358,2022-12-24 05:12:20.022995968,421.8113,0.0
2022-12-24,20.815853,106.00306,2022-12-24 05:12:20.076988928,421.72827,0.0
2022-12-24,20.81756,106.0228,2022-12-24 05:12:20.104025600,421.7148,0.0
2022-12-24,20.79018,105.89863,2022-12-24 05:12:20.248019968,421.16647,0.0
2022-12-24,20.793152,105.938034,2022-12-24 05:12:20.302012928,420.55472,0.0
2022-12-24,20.794704,105.95775,2022-12-24 05:12:20.329009408,420.79495,0.0
2022-12-24,20.801342,106.036705,2022-12-24 05:12:20.436995072,420.97385,0.0
2022-12-24,20.774082,105.91261,2022-12-24 05:12:20.581995264,420.96442,0.0
2022-12-24,20.78019,105.99146,2022-12-24 05:12:20.690021376,421.39594,0.0
2022-12-24,20.781826,106.01119,2022-12-24 05:12:20.717017600,421.18054,0.0
2022-12-24,20.783504,106.03093,2022-12-24 05:12:20.744014080,421.1744,0.0
2022-12-24,20.785225,106.05068,2022-12-24 05:12:20.771010304,422.15884,0.0
2022-12-24,20.759428,105.946304,2022-12-24 05:12:20.942001408,422.10242,0.0
2022-12-24,20.760906,105.96602,2022-12-24 05:12:20.968997632,420.84113,0.0
2022-12-24,20.762486,105.98572,2022-12-24 05:12:20.995994112,421.2393,0.0
2022-12-24,20.764078,106.00544,2022-12-24 05:12:21.022990592,421.3432,0.0
2022-12-24,20.76571,106.02517,2022-12-24 05:12:21.049987072,420.51556,0.0
2022-12-24,20.767387,106.044914,2022-12-24 05:12:21.077023744,421.03018,0.0
2022-12-24,20.769106,106.06466,2022-12-24 05:12:21.104020224,421.6995,0.0
2022-12-24,20.743341,105.96028,2022-12-24 05:12:21.275011072,420.18576,0.0
2022-12-24,20.744822,105.979996,2022-12-24 05:12:21.302007552,420.84958,0.0
2022-12-24,20.746368,105.9997,2022-12-24 05:12:21.329003776,421.15747,0.0
2022-12-24,20.74796,106.019424,2022-12-24 05:12:21.356000512,420.91263,0.0
2022-12-24,20.74959,106.039154,2022-12-24 05:12:21.382996736,419.60776,0.0
2022-12-24,20.751265,106.05889,2022-12-24 05:12:21.409993216,420.67227,0.0
2022-12-24,20.752983,106.078636,2022-12-24 05:12:21.436989440,420.7594,0.0
2022-12-24,20.70962,105.96853,2022-12-24 05:12:21.914999552,420.41437,0.0
2022-12-24,20.712599,106.007904,2022-12-24 05:12:21.968992256,420.79007,0.0
2022-12-24,20.71411,106.02762,2022-12-24 05:12:21.995988736,421.2083,0.0
2022-12-24,20.715677,106.04734,2022-12-24 05:12:22.023025408,420.42252,0.0
2022-12-24,20.7173,106.06706,2022-12-24 05:12:22.050021888,420.97916,0.0
2022-12-24,20.718964,106.0868,2022-12-24 05:12:22.077018368,420.89014,0.0
2022-12-24,20.720667,106.10654,2022-12-24 05:12:22.104014848,420.83862,0.0
2022-12-24,20.693405,105.982475,2022-12-24 05:12:22.248009216,420.28424,0.0
2022-12-24,20.697975,106.04157,2022-12-24 05:12:22.328998656,419.90002,0.0
2022-12-24,20.699533,106.06132,2022-12-24 05:12:22.355994880,419.76865,0.0
2022-12-24,20.701176,106.081055,2022-12-24 05:12:22.382991360,418.60883,0.0
2022-12-24,20.70286,106.1008,2022-12-24 05:12:22.409987584,417.90628,0.0
2022-12-24,21.418583,105.56873,2022-12-24 05:12:30.328995328,421.3766,0.0
2022-12-24,21.424856,105.58447,2022-12-24 05:12:30.355991808,422.25668,0.0
2022-12-24,21.396343,105.56706,2022-12-24 05:12:30.636014336,420.85693,0.0
2022-12-24,21.408777,105.598526,2022-12-24 05:12:30.690007296,423.34943,0.0
2022-12-24,21.36786,105.54952,2022-12-24 05:12:30.914990848,420.99744,0.0
2022-12-24,21.374006,105.56533,2022-12-24 05:12:30.941987328,421.89932,0.0
2022-12-24,21.380203,105.58111,2022-12-24 05:12:30.969024000,421.55057,0.0
2022-12-24,21.386429,105.59685,2022-12-24 05:12:30.996020224,420.65305,0.0
2022-12-24,21.39264,105.61257,2022-12-24 05:12:31.023016960,421.60944,0.0
2022-12-24,21.41212,105.65946,2022-12-24 05:12:31.104006400,420.9404,0.0
2022-12-24,21.341867,105.59349,2022-12-24 05:12:31.609012480,421.17645,0.0
2022-12-24,21.348076,105.60927,2022-12-24 05:12:31.636008960,419.89203,0.0
2022-12-24,21.354218,105.62503,2022-12-24 05:12:31.663005440,420.947,0.0
2022-12-24,21.360422,105.64075,2022-12-24 05:12:31.690001664,421.107,0.0
2022-12-24,21.36667,105.656425,2022-12-24 05:12:31.716998144,421.16617,0.0
2022-12-24,21.37327,105.672035,2022-12-24 05:12:31.743994624,422.51987,0.0
2022-12-24,21.3196,105.59169,2022-12-24 05:12:31.915025664,421.05176,0.0
2022-12-24,21.325802,105.60751,2022-12-24 05:12:31.942022144,420.3772,0.0
2022-12-24,21.331928,105.623314,2022-12-24 05:12:31.969018368,422.22452,0.0
2022-12-24,21.34431,105.654816,2022-12-24 05:12:32.023011328,419.25705,0.0
2022-12-24,21.350586,105.670525,2022-12-24 05:12:32.050007808,421.31418,0.0
2022-12-24,21.35683,105.6862,2022-12-24 05:12:32.077004544,421.4784,0.0
2022-12-24,21.363178,105.701836,2022-12-24 05:12:32.104000768,422.3694,0.0
2022-12-24,21.303497,105.60586,2022-12-24 05:12:32.247995136,420.56442,0.0
2022-12-24,21.309666,105.62167,2022-12-24 05:12:32.274991616,420.27414,0.0
2022-12-24,21.31585,105.63748,2022-12-24 05:12:32.301988096,420.9811,0.0
2022-12-24,21.328257,105.669014,2022-12-24 05:12:32.356021248,418.64468,0.0
2022-12-24,21.334501,105.68473,2022-12-24 05:12:32.383017472,418.74088,0.0
2022-12-24,21.340782,105.700424,2022-12-24 05:12:32.410013952,421.66653,0.0
2022-12-24,21.34708,105.71609,2022-12-24 05:12:32.437010176,420.36835,0.0
2022-12-24,21.287418,105.61998,2022-12-24 05:12:32.582010624,420.80823,0.0
2022-12-24,21.29356,105.63576,2022-12-24 05:12:32.609007104,420.70798,0.0
2022-12-24,21.2997,105.651505,2022-12-24 05:12:32.636003584,420.77505,0.0
2022-12-24,21.305841,105.66723,2022-12-24 05:12:32.662999808,419.8557,0.0
2022-12-24,21.31205,105.68295,2022-12-24 05:12:32.689996288,420.9708,0.0
2022-12-24,21.27133,105.63405,2022-12-24 05:12:32.915020288,419.86502,0.0
2022-12-24,21.277496,105.649864,2022-12-24 05:12:32.942016512,420.95184,0.0
2022-12-24,21.283638,105.66566,2022-12-24 05:12:32.969013248,420.65637,0.0
2022-12-24,21.289825,105.68142,2022-12-24 05:12:32.996009472,420.54565,0.0
2022-12-24,21.296034,105.69715,2022-12-24 05:12:33.023005952,420.8752,0.0
2022-12-24,21.314821,105.74417,2022-12-24 05:12:33.103995392,419.0109,0.0
2022-12-24,21.267548,105.67978,2022-12-24 05:12:33.302022912,419.93378,0.0
2022-12-24,21.273712,105.69551,2022-12-24 05:12:33.329019392,421.19107,0.0
2022-12-24,21.27992,105.71121,2022-12-24 05:12:33.356015616,421.00388,0.0
2022-12-24,21.286255,105.726875,2022-12-24 05:12:33.383012096,421.25314,0.0
2022-12-24,21.292406,105.74254,2022-12-24 05:12:33.410008320,421.56726,0.0
2022-12-24,21.239153,105.66218,2022-12-24 05:12:33.582005248,420.84186,0.0
2022-12-24,21.245289,105.67799,2022-12-24 05:12:33.609001728,420.51532,0.0
2022-12-24,21.251455,105.69378,2022-12-24 05:12:33.635997952,420.96875,0.0
2022-12-24,21.257627,105.70953,2022-12-24 05:12:33.662994432,421.64178,0.0
2022-12-24,21.263824,105.72526,2022-12-24 05:12:33.689990912,422.15866,0.0
2022-12-24,21.27006,105.74096,2022-12-24 05:12:33.716987392,420.79663,0.0
2022-12-24,21.276308,105.75663,2022-12-24 05:12:33.744024064,421.10223,0.0
2022-12-24,21.28258,105.77228,2022-12-24 05:12:33.771020288,421.55243,0.0
2022-12-24,21.223064,105.676315,2022-12-24 05:12:33.915014656,421.06927,0.0
2022-12-24,21.229204,105.692116,2022-12-24 05:12:33.942011392,420.55438,0.0
2022-12-24,21.235367,105.707886,2022-12-24 05:12:33.969007616,421.2856,0.0
2022-12-24,21.241535,105.723625,2022-12-24 05:12:33.996004096,421.25064,0.0
2022-12-24,21.247742,105.739334,2022-12-24 05:12:34.023000832,420.80096,0.0
2022-12-24,21.253994,105.75502,2022-12-24 05:12:34.049997056,421.07108,0.0
2022-12-24,21.260218,105.77068,2022-12-24 05:12:34.076993536,421.5724,0.0
2022-12-24,21.266497,105.78632,2022-12-24 05:12:34.103989760,420.95547,0.0
2022-12-24,21.20697,105.69039,2022-12-24 05:12:34.248024576,421.35416,0.0
2022-12-24,21.21311,105.70621,2022-12-24 05:12:34.275021056,420.5267,0.0
2022-12-24,21.219284,105.722,2022-12-24 05:12:34.302017536,420.6155,0.0
2022-12-24,21.225443,105.73777,2022-12-24 05:12:34.329013760,421.9589,0.0
2022-12-24,21.231655,105.7535,2022-12-24 05:12:34.356010240,421.61163,0.0
2022-12-24,21.237875,105.76921,2022-12-24 05:12:34.383006464,421.9052,0.0
2022-12-24,21.244125,105.7849,2022-12-24 05:12:34.410003200,421.35147,0.0
2022-12-24,21.250414,105.800545,2022-12-24 05:12:34.436999680,421.36905,0.0
2022-12-24,21.19089,105.70448,2022-12-24 05:12:34.581999872,420.9875,0.0
2022-12-24,21.197012,105.72026,2022-12-24 05:12:34.608996096,421.49506,0.0
2022-12-24,21.20318,105.73601,2022-12-24 05:12:34.635992576,420.7788,0.0
2022-12-24,21.209324,105.75173,2022-12-24 05:12:34.662989056,420.96185,0.0
2022-12-24,21.215523,105.76747,2022-12-24 05:12:34.689985536,421.2462,0.0
2022-12-24,21.221758,105.78318,2022-12-24 05:12:34.717022208,420.963,0.0
2022-12-24,21.227997,105.79887,2022-12-24 05:12:34.744018432,420.66815,0.0
2022-12-24,21.234278,105.81452,2022-12-24 05:12:34.771015168,420.7891,0.0
2022-12-24,21.174788,105.71861,2022-12-24 05:12:34.915009536,420.82278,0.0
2022-12-24,21.180914,105.7344,2022-12-24 05:12:34.942005760,420.91183,0.0
2022-12-24,21.187061,105.75016,2022-12-24 05:12:34.969002240,421.3066,0.0
2022-12-24,21.199425,105.781586,2022-12-24 05:12:35.022995200,420.98837,0.0
2022-12-24,21.205662,105.79725,2022-12-24 05:12:35.049991680,421.11066,0.0
2022-12-24,21.211903,105.812904,2022-12-24 05:12:35.076987904,421.6041,0.0
2022-12-24,21.218153,105.82854,2022-12-24 05:12:35.104024576,421.57724,0.0
2022-12-24,21.164822,105.74837,2022-12-24 05:12:35.275015680,420.35248,0.0
2022-12-24,21.170965,105.76414,2022-12-24 05:12:35.302011904,421.02335,0.0
2022-12-24,21.177147,105.77988,2022-12-24 05:12:35.329008384,421.1249,0.0
2022-12-24,21.183336,105.79559,2022-12-24 05:12:35.356004608,421.35052,0.0
2022-12-24,21.189533,105.81128,2022-12-24 05:12:35.383001344,421.31638,0.0
2022-12-24,21.195776,105.826935,2022-12-24 05:12:35.409997824,420.4241,0.0
2022-12-24,21.202047,105.84256,2022-12-24 05:12:35.436994048,421.3529,0.0
2022-12-24,21.142563,105.74662,2022-12-24 05:12:35.581994240,420.717,0.0
2022-12-24,21.148676,105.76242,2022-12-24 05:12:35.608990720,420.36646,0.0
2022-12-24,21.154829,105.7782,2022-12-24 05:12:35.636027392,421.03302,0.0
2022-12-24,21.161009,105.79394,2022-12-24 05:12:35.663023872,419.45557,0.0
2022-12-24,21.1672,105.80965,2022-12-24 05:12:35.690020352,421.4584,0.0
2022-12-24,21.1734,105.82533,2022-12-24 05:12:35.717016576,420.36633,0.0
2022-12-24,21.179653,105.84098,2022-12-24 05:12:35.744013312,420.8867,0.0
2022-12-24,21.185892,105.85661,2022-12-24 05:12:35.771009792,421.24942,0.0
2022-12-24,21.126461,105.760666,2022-12-24 05:12:35.915003904,420.4516,0.0
2022-12-24,21.13258,105.776474,2022-12-24 05:12:35.942000384,420.99777,0.0
2022-12-24,21.138727,105.79226,2022-12-24 05:12:35.968997120,420.82755,0.0
2022-12-24,21.151096,105.82374,2022-12-24 05:12:36.022989824,421.66434,0.0
2022-12-24,21.157328,105.83943,2022-12-24 05:12:36.049986048,420.47736,0.0
2022-12-24,21.163559,105.85508,2022-12-24 05:12:36.077022720,421.32144,0.0
2022-12-24,21.169785,105.87069,2022-12-24 05:12:36.104019200,421.80075,0.0
2022-12-24,21.116423,105.79039,2022-12-24 05:12:36.275010048,420.8689,0.0
2022-12-24,21.128763,105.821976,2022-12-24 05:12:36.329002752,421.82492,0.0
2022-12-24,21.134972,105.83772,2022-12-24 05:12:36.355999488,420.396,0.0
2022-12-24,21.141218,105.85345,2022-12-24 05:12:36.382995968,420.5471,0.0
2022-12-24,21.147457,105.86914,2022-12-24 05:12:36.409992192,421.56573,0.0
2022-12-24,21.153734,105.8848,2022-12-24 05:12:36.436988928,421.2702,0.0
2022-12-24,21.106558,105.82039,2022-12-24 05:12:36.636022016,420.89972,0.0
2022-12-24,21.112724,105.83612,2022-12-24 05:12:36.663018496,421.13834,0.0
2022-12-24,21.1189,105.85183,2022-12-24 05:12:36.690014720,420.75668,0.0
2022-12-24,21.125128,105.86751,2022-12-24 05:12:36.717011456,420.4916,0.0
2022-12-24,21.131332,105.88316,2022-12-24 05:12:36.744007936,421.44897,0.0
2022-12-24,21.137585,105.898796,2022-12-24 05:12:36.771004160,420.8823,0.0
2022-12-24,21.07817,105.802864,2022-12-24 05:12:36.914998528,421.1704,0.0
2022-12-24,21.096628,105.85018,2022-12-24 05:12:36.995987968,421.758,0.0
2022-12-24,21.102823,105.8659,2022-12-24 05:12:37.023024640,421.07953,0.0
2022-12-24,21.109034,105.881584,2022-12-24 05:12:37.050020864,420.85287,0.0
2022-12-24,21.115267,105.89725,2022-12-24 05:12:37.077017344,421.82297,0.0
2022-12-24,21.121515,105.91288,2022-12-24 05:12:37.104013824,421.49265,0.0
2022-12-24,21.080492,105.86428,2022-12-24 05:12:37.328997632,421.77823,0.0
2022-12-24,21.086676,105.87999,2022-12-24 05:12:37.355994112,422.38605,0.0
2022-12-24,21.07679,105.90972,2022-12-24 05:12:37.717006080,422.15967,0.0
2022-12-24,21.083012,105.92538,2022-12-24 05:12:37.744002304,422.34317,0.0
2022-12-24,21.089266,105.941,2022-12-24 05:12:37.770998784,421.79852,0.0
2022-12-24,21.048292,105.89239,2022-12-24 05:12:37.996022784,420.9263,0.0
2022-12-24,21.054483,105.90809,2022-12-24 05:12:38.023019008,422.23953,0.0
2022-12-24,21.06068,105.923775,2022-12-24 05:12:38.050015488,422.4253,0.0
2022-12-24,21.050802,105.95347,2022-12-24 05:12:38.410021888,422.1239,0.0
2022-12-24,21.057053,105.96909,2022-12-24 05:12:38.437018112,420.40118,0.0
2022-12-24,21.009886,105.90464,2022-12-24 05:12:38.636011008,419.55582,0.0
2022-12-24,21.034622,105.9674,2022-12-24 05:12:38.743996928,420.8775,0.0
2022-12-24,21.04087,105.983025,2022-12-24 05:12:38.770993152,420.65677,0.0
2022-12-24,20.99373,105.91864,2022-12-24 05:12:38.969020928,420.63086,0.0
2022-12-24,20.999878,105.934364,2022-12-24 05:12:38.996017152,420.59918,0.0
2022-12-24,21.012241,105.96572,2022-12-24 05:12:39.050010112,417.9866,0.0
2022-12-24,21.018461,105.98137,2022-12-24 05:12:39.077006592,421.2477,0.0
2022-12-24,20.977623,105.93269,2022-12-24 05:12:39.301990144,421.0921,0.0
2022-12-24,20.98379,105.94844,2022-12-24 05:12:39.328986624,419.69186,0.0
2022-12-24,20.989977,105.964165,2022-12-24 05:12:39.356023296,420.89197,0.0
2022-12-24,20.996195,105.97985,2022-12-24 05:12:39.383020032,421.38992,0.0
2022-12-24,21.00242,105.995514,2022-12-24 05:12:39.410016256,420.6681,0.0
2022-12-24,21.008678,106.01115,2022-12-24 05:12:39.437012736,420.62112,0.0
2022-12-24,20.955397,105.931015,2022-12-24 05:12:39.609009152,420.1421,0.0
2022-12-24,20.961515,105.94676,2022-12-24 05:12:39.636005888,420.55576,0.0
2022-12-24,20.967657,105.96249,2022-12-24 05:12:39.663002368,420.89218,0.0
2022-12-24,20.973825,105.978165,2022-12-24 05:12:39.689998592,420.63327,0.0
2022-12-24,20.980019,105.99381,2022-12-24 05:12:39.716995072,420.3585,0.0
2022-12-24,20.986235,106.00944,2022-12-24 05:12:39.743991296,420.44138,0.0
2022-12-24,20.992472,106.02503,2022-12-24 05:12:39.770988032,420.4758,0.0
2022-12-24,20.933142,105.9291,2022-12-24 05:12:39.915022592,421.16318,0.0
2022-12-24,20.939255,105.94491,2022-12-24 05:12:39.942019072,420.02463,0.0
2022-12-24,20.945393,105.96068,2022-12-24 05:12:39.969015296,421.42798,0.0
2022-12-24,20.951551,105.97643,2022-12-24 05:12:39.996011776,420.5326,0.0
2022-12-24,20.957733,105.99215,2022-12-24 05:12:40.023008256,420.64096,0.0
2022-12-24,20.963938,106.007835,2022-12-24 05:12:40.050004736,420.5625,0.0
2022-12-24,20.970154,106.02348,2022-12-24 05:12:40.077001216,420.50085,0.0
2022-12-24,20.97638,106.03907,2022-12-24 05:12:40.103997696,420.66177,0.0
2022-12-24,20.916977,105.94303,2022-12-24 05:12:40.247992064,420.63513,0.0
2022-12-24,20.923077,105.95881,2022-12-24 05:12:40.274988288,420.2509,0.0
2022-12-24,20.92921,105.97458,2022-12-24 05:12:40.302024960,420.5029,0.0
2022-12-24,20.941547,106.00604,2022-12-24 05:12:40.356018176,420.63956,0.0
2022-12-24,20.947748,106.02173,2022-12-24 05:12:40.383014400,420.76312,0.0
2022-12-24,20.953974,106.03739,2022-12-24 05:12:40.410010880,419.7575,0.0
2022-12-24,20.900917,105.957146,2022-12-24 05:12:40.582007296,420.7972,0.0
2022-12-24,20.907019,105.97293,2022-12-24 05:12:40.609004032,420.16083,0.0
2022-12-24,20.919289,106.00441,2022-12-24 05:12:40.662996736,420.57874,0.0
2022-12-24,20.925455,106.02012,2022-12-24 05:12:40.689993216,420.57114,0.0
2022-12-24,20.931644,106.035805,2022-12-24 05:12:40.716989440,420.2693,0.0
2022-12-24,20.937857,106.05146,2022-12-24 05:12:40.744026112,420.06345,0.0
2022-12-24,20.944092,106.06709,2022-12-24 05:12:40.771022848,420.28015,0.0
2022-12-24,20.88479,105.97124,2022-12-24 05:12:40.915017216,420.1161,0.0
2022-12-24,20.909359,106.03414,2022-12-24 05:12:41.023002880,420.35962,0.0
2022-12-24,20.915558,106.0498,2022-12-24 05:12:41.049999360,420.69855,0.0
2022-12-24,20.921766,106.06543,2022-12-24 05:12:41.076995840,420.4401,0.0
2022-12-24,20.927988,106.08104,2022-12-24 05:12:41.103992320,420.3483,0.0
2022-12-24,20.8686,105.98514,2022-12-24 05:12:41.248026880,419.81952,0.0
2022-12-24,20.87469,106.00091,2022-12-24 05:12:41.275023104,420.94315,0.0
2022-12-24,20.880812,106.01665,2022-12-24 05:12:41.302019584,420.75122,0.0
2022-12-24,20.886955,106.032364,2022-12-24 05:12:41.329016320,420.74084,0.0
2022-12-24,20.893122,106.04805,2022-12-24 05:12:41.356012544,420.21,0.0
2022-12-24,20.899311,106.063705,2022-12-24 05:12:41.383009024,420.44,0.0
2022-12-24,20.905521,106.07934,2022-12-24 05:12:41.410005248,420.3576,0.0
2022-12-24,20.911757,106.09494,2022-12-24 05:12:41.437001728,420.52234,0.0
2022-12-24,20.820215,106.02707,2022-12-24 05:12:42.248021248,421.1905,0.0
2022-12-24,20.826307,106.04284,2022-12-24 05:12:42.275017728,421.56528,0.0
2022-12-24,20.832422,106.05859,2022-12-24 05:12:42.302014464,420.5755,0.0
2022-12-24,20.838558,106.074326,2022-12-24 05:12:42.329010688,420.6973,0.0
2022-12-24,20.844719,106.09002,2022-12-24 05:12:42.356007168,421.2852,0.0
2022-12-24,20.8509,106.10569,2022-12-24 05:12:42.383003392,421.18008,0.0
2022-12-24,20.857105,106.12133,2022-12-24 05:12:42.409999872,421.00412,0.0
2022-12-24,20.863335,106.13694,2022-12-24 05:12:42.436996352,420.45157,0.0
2022-12-24,20.804087,106.04108,2022-12-24 05:12:42.581996800,421.40622,0.0
2022-12-24,20.810183,106.056854,2022-12-24 05:12:42.608993024,421.14944,0.0
2022-12-24,20.8163,106.0726,2022-12-24 05:12:42.635989504,421.35364,0.0
2022-12-24,20.82244,106.08832,2022-12-24 05:12:42.662985728,421.4228,0.0
2022-12-24,20.828604,106.10401,2022-12-24 05:12:42.690022400,421.07626,0.0
2022-12-24,20.834791,106.11969,2022-12-24 05:12:42.717019136,421.2435,0.0
2022-12-24,20.787994,106.05511,2022-12-24 05:12:42.915006208,420.54202,0.0
2022-12-24,20.794085,106.07088,2022-12-24 05:12:42.942002688,421.10617,0.0
2022-12-24,20.800198,106.08662,2022-12-24 05:12:42.968999168,421.00357,0.0
2022-12-24,20.806332,106.102325,2022-12-24 05:12:42.995995648,421.81958,0.0
2022-12-24,20.81249,106.11801,2022-12-24 05:12:43.022992128,420.98853,0.0
2022-12-24,20.81867,106.13367,2022-12-24 05:12:43.049988608,420.53494,0.0
2022-12-24,20.824879,106.14931,2022-12-24 05:12:43.077025280,421.51266,0.0
2022-12-24,20.831114,106.16494,2022-12-24 05:12:43.104021504,420.89032,0.0
2022-12-24,20.771915,106.06922,2022-12-24 05:12:43.248015872,421.82297,0.0
2022-12-24,20.77801,106.08501,2022-12-24 05:12:43.275012608,421.09833,0.0
2022-12-24,20.78412,106.100746,2022-12-24 05:12:43.302008832,420.95956,0.0
2022-12-24,20.790253,106.11646,2022-12-24 05:12:43.329005312,421.00827,0.0
2022-12-24,20.79641,106.13214,2022-12-24 05:12:43.356001536,421.2116,0.0
2022-12-24,20.802588,106.1478,2022-12-24 05:12:43.382998016,421.28195,0.0
2022-12-24,20.808788,106.16342,2022-12-24 05:12:43.409994496,421.25668,0.0
2022-12-24,20.815012,106.17902,2022-12-24 05:12:43.436990976,421.4172,0.0
2022-12-24,20.755775,106.08322,2022-12-24 05:12:43.581991168,420.92792,0.0
2022-12-24,20.761866,106.09901,2022-12-24 05:12:43.609027840,420.75708,0.0
2022-12-24,20.767977,106.11476,2022-12-24 05:12:43.636024320,421.52307,0.0
2022-12-24,20.77411,106.130486,2022-12-24 05:12:43.663020544,420.89056,0.0
2022-12-24,20.780268,106.146164,2022-12-24 05:12:43.690017280,420.51022,0.0
2022-12-24,20.786446,106.16182,2022-12-24 05:12:43.717013504,420.8858,0.0
2022-12-24,20.792646,106.177444,2022-12-24 05:12:43.744009984,421.04077,0.0
2022-12-24,20.798872,106.19304,2022-12-24 05:12:43.771006464,420.13263,0.0
2022-12-24,21.665644,105.58659,2022-12-24 05:13:02.077002496,421.04617,0.0
2022-12-24,21.62038,105.60579,2022-12-24 05:13:02.716990976,419.6685,0.0
2022-12-24,21.55911,105.63903,2022-12-24 05:13:03.689989120,423.48877,0.0
2022-12-24,21.572144,105.64808,2022-12-24 05:13:03.717025792,422.64905,0.0
2022-12-24,21.556011,105.66225,2022-12-24 05:13:04.049995264,423.85876,0.0
2022-12-24,21.510735,105.68139,2022-12-24 05:13:04.690023936,422.10077,0.0
2022-12-24,21.523727,105.6905,2022-12-24 05:13:04.717020416,422.93298,0.0
2022-12-24,21.507652,105.70452,2022-12-24 05:13:05.049989632,423.0548,0.0
2022-12-24,21.5046,105.72762,2022-12-24 05:13:05.409996032,425.34857,0.0
2022-12-24,21.378363,105.71517,2022-12-24 05:13:06.248011776,420.36542,0.0
2022-12-24,21.391281,105.72437,2022-12-24 05:13:06.275008256,420.53445,0.0
2022-12-24,21.403666,105.73446,2022-12-24 05:13:06.302004736,422.5426,0.0
2022-12-24,21.401014,105.756874,2022-12-24 05:13:06.663016704,424.49332,0.0
2022-12-24,21.336662,105.812874,2022-12-24 05:13:07.996020736,419.45508,0.0
2022-12-24,21.307568,105.817764,2022-12-24 05:13:08.301993728,422.7734,0.0
2022-12-24,21.320513,105.82693,2022-12-24 05:13:08.328990464,421.8631,0.0
2022-12-24,21.346506,105.84511,2022-12-24 05:13:08.383023616,418.24326,0.0
2022-12-24,21.278503,105.82273,2022-12-24 05:13:08.609012992,421.17828,0.0
2022-12-24,21.291403,105.83197,2022-12-24 05:13:08.636009472,422.70355,0.0
2022-12-24,21.317434,105.85009,2022-12-24 05:13:08.690002176,422.42044,0.0
2022-12-24,21.262417,105.83676,2022-12-24 05:13:08.942022656,421.89908,0.0
2022-12-24,21.288313,105.855064,2022-12-24 05:13:08.996015616,421.36908,0.0
2022-12-24,21.256039,105.88317,2022-12-24 05:13:09.663000320,418.10706,0.0
2022-12-24,21.28201,105.901375,2022-12-24 05:13:09.716993280,419.3171,0.0
2022-12-24,21.295033,105.91042,2022-12-24 05:13:09.743989760,422.08398,0.0
2022-12-24,21.308079,105.91944,2022-12-24 05:13:09.771026432,418.91992,0.0
2022-12-24,21.185024,105.88362,2022-12-24 05:13:10.247990016,421.19025,0.0
2022-12-24,21.197926,105.89285,2022-12-24 05:13:10.274986752,420.11502,0.0
2022-12-24,21.210844,105.90207,2022-12-24 05:13:10.302023424,421.511,0.0
2022-12-24,21.223787,105.91124,2022-12-24 05:13:10.329019904,420.99783,0.0
2022-12-24,21.236753,105.92039,2022-12-24 05:13:10.356016128,420.87427,0.0
2022-12-24,21.275799,105.94761,2022-12-24 05:13:10.437005568,421.7808,0.0
2022-12-24,21.168869,105.89777,2022-12-24 05:13:10.582005760,420.634,0.0
2022-12-24,21.18177,105.90699,2022-12-24 05:13:10.609002240,421.45682,0.0
2022-12-24,21.19469,105.916176,2022-12-24 05:13:10.635998464,421.19824,0.0
2022-12-24,21.207636,105.92533,2022-12-24 05:13:10.662994944,421.1742,0.0
2022-12-24,21.220604,105.934456,2022-12-24 05:13:10.689991424,420.8974,0.0
2022-12-24,21.233595,105.94355,2022-12-24 05:13:10.716987904,420.20306,0.0
2022-12-24,21.24351,105.975624,2022-12-24 05:13:11.103990272,420.8478,0.0
2022-12-24,21.136599,105.925835,2022-12-24 05:13:11.248024832,420.7739,0.0
2022-12-24,21.162422,105.944244,2022-12-24 05:13:11.302018048,420.32895,0.0
2022-12-24,21.133366,105.949036,2022-12-24 05:13:11.608996608,420.8034,0.0
2022-12-24,21.14628,105.95823,2022-12-24 05:13:11.635993088,421.38675,0.0
2022-12-24,21.17218,105.97651,2022-12-24 05:13:11.690026240,421.549,0.0
2022-12-24,21.185165,105.985596,2022-12-24 05:13:11.717022720,421.50543,0.0
2022-12-24,21.198177,105.994644,2022-12-24 05:13:11.744018944,420.46222,0.0
2022-12-24,21.1043,105.953804,2022-12-24 05:13:11.915010048,421.0984,0.0
2022-12-24,21.130114,105.97225,2022-12-24 05:13:11.969002752,421.22565,0.0
2022-12-24,21.143055,105.98142,2022-12-24 05:13:11.995999232,420.4091,0.0
2022-12-24,21.152851,106.01366,2022-12-24 05:13:12.383001856,421.06146,0.0
2022-12-24,21.120514,106.041725,2022-12-24 05:13:13.050027008,420.58713,0.0
2022-12-24,21.104412,106.05569,2022-12-24 05:13:13.382996224,420.57355,0.0
2022-12-24,21.11742,106.06474,2022-12-24 05:13:13.409992704,421.00922,0.0
2022-12-24,21.130444,106.07378,2022-12-24 05:13:13.436989184,419.99756,0.0
2022-12-24,21.036451,106.033104,2022-12-24 05:13:13.609026048,420.0583,0.0
2022-12-24,21.088242,106.06969,2022-12-24 05:13:13.717011968,419.71494,0.0
2022-12-24,21.10125,106.07875,2022-12-24 05:13:13.744008192,420.46365,0.0
2022-12-24,21.114285,106.087776,2022-12-24 05:13:13.771004672,420.2582,0.0
2022-12-24,21.03,106.079475,2022-12-24 05:13:14.328998144,419.71536,0.0
2022-12-24,21.03979,106.11166,2022-12-24 05:13:14.717006336,420.44193,0.0
2022-12-24,21.052792,106.12072,2022-12-24 05:13:14.744002816,420.3439,0.0
2022-12-24,20.861963,106.16384,2022-12-24 05:13:16.915023104,421.07944,0.0
2022-12-24,21.299381,105.93791,2022-12-24 05:13:30.248002560,422.04858,0.0
2022-12-24,21.317797,105.94202,2022-12-24 05:13:30.274998784,418.0753,0.0
2022-12-24,21.39231,105.95797,2022-12-24 05:13:30.383024640,420.1382,0.0
2022-12-24,21.283247,105.95191,2022-12-24 05:13:30.582017792,421.1967,0.0
2022-12-24,21.301683,105.95598,2022-12-24 05:13:30.609014272,421.07587,0.0
2022-12-24,21.320145,105.96007,2022-12-24 05:13:30.636010752,418.35278,0.0
2022-12-24,21.35736,105.96807,2022-12-24 05:13:30.690003712,423.00696,0.0
2022-12-24,21.376074,105.97204,2022-12-24 05:13:30.716999936,422.72015,0.0
2022-12-24,21.413902,105.97969,2022-12-24 05:13:30.770992896,422.1343,0.0
2022-12-24,21.267113,105.96593,2022-12-24 05:13:30.915027712,420.63663,0.0
2022-12-24,21.303999,105.9741,2022-12-24 05:13:30.969020416,421.31262,0.0
2022-12-24,21.322546,105.978134,2022-12-24 05:13:30.996016896,421.424,0.0
2022-12-24,21.341232,105.98206,2022-12-24 05:13:31.023013376,421.70743,0.0
2022-12-24,21.35996,105.986,2022-12-24 05:13:31.050009600,420.989,0.0
2022-12-24,21.378794,105.98987,2022-12-24 05:13:31.077006080,421.71063,0.0
2022-12-24,21.397715,105.9937,2022-12-24 05:13:31.104002560,421.16193,0.0
2022-12-24,21.32508,105.996086,2022-12-24 05:13:31.356022784,421.55182,0.0
2022-12-24,21.381584,106.007774,2022-12-24 05:13:31.437012224,421.6439,0.0
2022-12-24,21.2717,106.00217,2022-12-24 05:13:31.636005376,421.32358,0.0
2022-12-24,21.308926,106.01017,2022-12-24 05:13:31.689998080,421.12985,0.0
2022-12-24,21.32769,106.01408,2022-12-24 05:13:31.716994816,420.85754,0.0
2022-12-24,21.346483,106.018,2022-12-24 05:13:31.743991040,421.02725,0.0
2022-12-24,21.23703,106.01211,2022-12-24 05:13:31.942018560,422.52377,0.0
2022-12-24,21.255533,106.01616,2022-12-24 05:13:31.969015040,420.90442,0.0
2022-12-24,21.292774,106.02415,2022-12-24 05:13:32.023007744,420.86206,0.0
2022-12-24,21.31153,106.02807,2022-12-24 05:13:32.050004224,420.7999,0.0
2022-12-24,21.330307,106.03201,2022-12-24 05:13:32.077000704,421.0552,0.0
2022-12-24,21.295311,106.04213,2022-12-24 05:13:32.383013888,420.13327,0.0
2022-12-24,21.314146,106.046,2022-12-24 05:13:32.410010368,421.02676,0.0
2022-12-24,21.241613,106.04841,2022-12-24 05:13:32.662996224,421.29703,0.0
2022-12-24,21.260418,106.052216,2022-12-24 05:13:32.689992960,420.4929,0.0
2022-12-24,21.279192,106.05611,2022-12-24 05:13:32.716989184,421.0104,0.0
2022-12-24,21.18849,106.054184,2022-12-24 05:13:32.942013184,420.99753,0.0
2022-12-24,21.207016,106.058235,2022-12-24 05:13:32.969009664,420.42987,0.0
2022-12-24,21.225615,106.062256,2022-12-24 05:13:32.996005888,420.58444,0.0
2022-12-24,21.244295,106.06623,2022-12-24 05:13:33.023002368,420.8617,0.0
2022-12-24,21.300817,106.077896,2022-12-24 05:13:33.103991808,420.94122,0.0
2022-12-24,21.172382,106.06818,2022-12-24 05:13:33.275022848,420.43085,0.0
2022-12-24,21.190884,106.07224,2022-12-24 05:13:33.302019072,421.4791,0.0
2022-12-24,21.209469,106.07627,2022-12-24 05:13:33.329015808,420.34222,0.0
2022-12-24,21.246891,106.08419,2022-12-24 05:13:33.383008512,420.78787,0.0
2022-12-24,21.137789,106.07813,2022-12-24 05:13:33.582001664,421.01102,0.0
2022-12-24,21.193188,106.09042,2022-12-24 05:13:33.662991104,420.9821,0.0
2022-12-24,21.249578,106.10211,2022-12-24 05:13:33.744020480,420.42267,0.0
2022-12-24,21.268524,106.10595,2022-12-24 05:13:33.771016960,420.8972,0.0
2022-12-24,21.177168,106.10437,2022-12-24 05:13:33.996000512,421.1919,0.0
2022-12-24,21.195826,106.10835,2022-12-24 05:13:34.022996992,421.05942,0.0
2022-12-24,21.233406,106.11617,2022-12-24 05:13:34.076989952,420.3486,0.0
2022-12-24,21.252321,106.12002,2022-12-24 05:13:34.104026624,421.19275,0.0
2022-12-24,21.105492,106.10613,2022-12-24 05:13:34.248020992,420.29965,0.0
2022-12-24,21.152534,106.18616,2022-12-24 05:13:35.744009472,420.08136,0.0
2022-12-24,21.155205,106.20408,2022-12-24 05:13:36.104015872,420.41382,0.0
2022-12-24,21.066416,106.22027,2022-12-24 05:13:36.690011136,421.3843,0.0
2022-12-24,21.090542,106.25992,2022-12-24 05:13:37.437019904,420.74084,0.0
2022-12-24,21.039217,106.284065,2022-12-24 05:13:38.077008384,421.04938,0.0
2022-12-24,20.929722,106.27807,2022-12-24 05:13:38.274995712,420.23227,0.0
2022-12-24,21.006868,106.31197,2022-12-24 05:13:38.743993344,421.5046,0.0
2022-12-24,20.87893,106.3018,2022-12-24 05:13:38.915024384,421.12177,0.0
2022-12-24,20.88113,106.31999,2022-12-24 05:13:39.274990336,420.81552,0.0
2022-12-24,20.8466,106.32971,2022-12-24 05:13:39.582009344,421.33704,0.0
2022-12-24,20.814089,106.35766,2022-12-24 05:13:40.247988480,420.78003,0.0
2022-12-24,20.82104,106.41169,2022-12-24 05:13:41.329012480,420.54523,0.0
2022-12-30,10.427956,103.99945,2022-12-30 03:39:56.486015488,421.46277,0.0
2022-12-30,10.38006,103.95974,2022-12-30 03:39:56.710999296,422.51285,0.0
2022-12-30,10.387774,103.9728,2022-12-30 03:39:56.737995520,421.98383,0.0
2022-12-30,10.395528,103.98584,2022-12-30 03:39:56.764992256,421.5547,0.0
2022-12-30,10.403308,103.998856,2022-12-30 03:39:56.791988736,421.13754,0.0
2022-12-30,10.411114,104.01186,2022-12-30 03:39:56.819025152,420.44592,0.0
2022-12-30,10.347849,103.94599,2022-12-30 03:39:56.990016000,420.8455,0.0
2022-12-30,10.355539,103.95909,2022-12-30 03:39:57.017012480,421.67938,0.0
2022-12-30,10.363228,103.972176,2022-12-30 03:39:57.044008960,421.45328,0.0
2022-12-30,10.370955,103.98524,2022-12-30 03:39:57.071005440,421.5133,0.0
2022-12-30,10.378712,103.99828,2022-12-30 03:39:57.098001920,421.45218,0.0
2022-12-30,10.386494,104.0113,2022-12-30 03:39:57.124998400,421.08722,0.0
2022-12-30,10.394301,104.02431,2022-12-30 03:39:57.151994624,419.813,0.0
2022-12-30,10.338716,103.97154,2022-12-30 03:39:57.351027968,422.19318,0.0
2022-12-30,10.346424,103.98462,2022-12-30 03:39:57.378024704,420.99127,0.0
2022-12-30,10.354141,103.99768,2022-12-30 03:39:57.405020928,420.60477,0.0
2022-12-30,10.361894,104.01072,2022-12-30 03:39:57.432017408,421.84912,0.0
2022-12-30,10.369676,104.0237,2022-12-30 03:39:57.459013632,421.29593,0.0
2022-12-30,10.377469,104.03668,2022-12-30 03:39:57.486010112,421.64862,0.0
2022-12-30,10.385302,104.0497,2022-12-30 03:39:57.513006592,420.96512,0.0
2022-12-30,10.314203,103.97086,2022-12-30 03:39:57.657000960,421.01428,0.0
2022-12-30,10.321877,103.983955,2022-12-30 03:39:57.683997440,421.76028,0.0
2022-12-30,10.329574,103.99703,2022-12-30 03:39:57.710993664,420.2597,0.0
2022-12-30,10.337294,104.010086,2022-12-30 03:39:57.737990400,420.69934,0.0
2022-12-30,10.345041,104.023125,2022-12-30 03:39:57.764986880,420.22412,0.0
2022-12-30,10.360617,104.04912,2022-12-30 03:39:57.819019776,421.9825,0.0
2022-12-30,10.368447,104.06211,2022-12-30 03:39:57.846016512,422.2817,0.0
2022-12-30,10.305035,103.99637,2022-12-30 03:39:58.017007104,421.31555,0.0
2022-12-30,10.312736,104.009445,2022-12-30 03:39:58.044003584,420.32117,0.0
2022-12-30,10.320458,104.02251,2022-12-30 03:39:58.071000064,421.88675,0.0
2022-12-30,10.328212,104.035545,2022-12-30 03:39:58.097996544,420.9907,0.0
2022-12-30,10.335991,104.04856,2022-12-30 03:39:58.124992768,421.46695,0.0
2022-12-30,10.343792,104.06155,2022-12-30 03:39:58.151989248,421.97473,0.0
2022-12-30,10.280556,103.99572,2022-12-30 03:39:58.324026112,420.7503,0.0
2022-12-30,10.2882395,104.00882,2022-12-30 03:39:58.351022848,420.65295,0.0
2022-12-30,10.295937,104.0219,2022-12-30 03:39:58.378019072,420.83386,0.0
2022-12-30,10.303647,104.03495,2022-12-30 03:39:58.405015552,422.19733,0.0
2022-12-30,10.311398,104.04799,2022-12-30 03:39:58.432011776,422.2974,0.0
2022-12-30,10.319177,104.06099,2022-12-30 03:39:58.459008256,422.8523,0.0
2022-12-30,10.2713995,104.02123,2022-12-30 03:39:58.683991808,421.364,0.0
2022-12-30,10.279101,104.03431,2022-12-30 03:39:58.710988544,421.67108,0.0
2022-12-30,10.286807,104.04736,2022-12-30 03:39:58.738025216,421.12506,0.0
2022-12-30,10.262251,104.04671,2022-12-30 03:39:59.043998208,421.16568,0.0
2022-12-30,10.269959,104.05976,2022-12-30 03:39:59.070994688,421.95517,0.0
2022-12-30,10.230055,104.03296,2022-12-30 03:39:59.324020736,420.96387,0.0
2022-12-30,10.237736,104.04606,2022-12-30 03:39:59.351017216,422.0965,0.0
2022-12-30,10.2454405,104.059135,2022-12-30 03:39:59.378013696,420.6204,0.0
2022-12-30,10.213233,104.045395,2022-12-30 03:39:59.656989952,421.34076,0.0
2022-12-30,10.220924,104.058495,2022-12-30 03:39:59.683986688,422.05325,0.0
